$MeshFormat
2.2 0 8
$EndMeshFormat
$PhysicalNames
9
1 3 "Specimen_Top_Edge"
1 4 "Specimen_Left_Edge"
1 5 "Specimen_Bottom_Edge"
1 6 "Indenter_Top_Edge"
1 7 "Indenter_Left_Edge"
1 8 "Indenter_Bottom_Edge"
1 9 "Indenter_Right_Edge"
2 1 "Specimen_Body"
2 2 "Indenter_Body"
$EndPhysicalNames
$Nodes
4698
1 0.2 0.8 0
2 0.5 0 0
3 0 0 0
4 0 0.8 0
5 0.250439662878749 0.9681322095959701 0
6 0 1 0
7 1 0 0
8 0 1 0
9 1.5 1 0
10 1.5 1.5 0
11 0 1.5 0
12 0.008333333333333347 0.8 0
13 0.01666666666666669 0.8 0
14 0.02500000000000005 0.8 0
15 0.0333333333333334 0.8 0
16 0.04166666666666675 0.8 0
17 0.0500000000000001 0.8 0
18 0.05833333333333345 0.8 0
19 0.06666666666666679 0.8 0
20 0.07500000000000011 0.8 0
21 0.08333333333333344 0.8 0
22 0.09166666666666676 0.8 0
23 0.1000000000000001 0.8 0
24 0.1083333333333334 0.8 0
25 0.1166666666666668 0.8 0
26 0.1250000000000001 0.8 0
27 0.1333333333333334 0.8 0
28 0.1416666666666668 0.8 0
29 0.1500000000000001 0.8 0
30 0.1583333333333334 0.8 0
31 0.1666666666666667 0.8 0
32 0.1750000000000001 0.8 0
33 0.1833333333333334 0.8 0
34 0.1916666666666667 0.8 0
35 0.20375 0.79 0
36 0.2075 0.78 0
37 0.21125 0.77 0
38 0.215 0.76 0
39 0.21875 0.75 0
40 0.2225 0.74 0
41 0.2262500000000001 0.73 0
42 0.23 0.72 0
43 0.2337500000000001 0.71 0
44 0.2375 0.7 0
45 0.2412500000000001 0.6899999999999999 0
46 0.2450000000000001 0.6799999999999999 0
47 0.2487500000000001 0.6699999999999999 0
48 0.2525000000000001 0.6599999999999998 0
49 0.2562500000000001 0.6499999999999998 0
50 0.2600000000000001 0.6399999999999998 0
51 0.2637500000000001 0.6299999999999998 0
52 0.2675000000000001 0.6199999999999998 0
53 0.2712500000000001 0.6099999999999998 0
54 0.2750000000000001 0.5999999999999998 0
55 0.2787500000000001 0.5899999999999997 0
56 0.2825000000000001 0.5799999999999997 0
57 0.2862500000000001 0.5699999999999997 0
58 0.2900000000000001 0.5599999999999997 0
59 0.2937500000000001 0.5499999999999997 0
60 0.2975000000000001 0.5399999999999997 0
61 0.3012500000000001 0.5299999999999997 0
62 0.3050000000000002 0.5199999999999996 0
63 0.3087500000000002 0.5099999999999996 0
64 0.3125000000000002 0.4999999999999996 0
65 0.3162500000000001 0.4899999999999996 0
66 0.3200000000000002 0.4799999999999996 0
67 0.3237500000000002 0.4699999999999996 0
68 0.3275000000000001 0.4599999999999996 0
69 0.3312500000000002 0.4499999999999996 0
70 0.3350000000000002 0.4399999999999996 0
71 0.3387500000000002 0.4299999999999996 0
72 0.3425000000000002 0.4199999999999995 0
73 0.3462500000000002 0.4099999999999995 0
74 0.3500000000000002 0.3999999999999995 0
75 0.3537500000000002 0.3899999999999996 0
76 0.3575000000000003 0.3799999999999994 0
77 0.3612500000000002 0.3699999999999994 0
78 0.3650000000000002 0.3599999999999995 0
79 0.3687500000000002 0.3499999999999994 0
80 0.3725000000000002 0.3399999999999995 0
81 0.3762500000000003 0.3299999999999994 0
82 0.3800000000000002 0.3199999999999995 0
83 0.3837500000000003 0.3099999999999994 0
84 0.3875000000000002 0.2999999999999995 0
85 0.3912500000000002 0.2899999999999995 0
86 0.3950000000000002 0.2799999999999996 0
87 0.3987500000000002 0.2699999999999996 0
88 0.4025000000000002 0.2599999999999995 0
89 0.4062500000000002 0.2499999999999996 0
90 0.4100000000000002 0.2399999999999995 0
91 0.4137500000000002 0.2299999999999995 0
92 0.4175000000000001 0.2199999999999996 0
93 0.4212500000000001 0.2099999999999996 0
94 0.4250000000000002 0.1999999999999997 0
95 0.4287500000000001 0.1899999999999997 0
96 0.4325000000000001 0.1799999999999997 0
97 0.4362500000000001 0.1699999999999998 0
98 0.4400000000000001 0.1599999999999998 0
99 0.4437500000000001 0.1499999999999997 0
100 0.4475000000000001 0.1399999999999999 0
101 0.4512500000000001 0.1299999999999998 0
102 0.4550000000000001 0.1199999999999999 0
103 0.45875 0.1099999999999999 0
104 0.4625 0.09999999999999987 0
105 0.4662500000000001 0.08999999999999997 0
106 0.47 0.07999999999999996 0
107 0.4737500000000001 0.06999999999999995 0
108 0.4775 0.06000000000000005 0
109 0.48125 0.05000000000000004 0
110 0.485 0.03999999999999992 0
111 0.48875 0.03000000000000014 0
112 0.4925 0.02000000000000002 0
113 0.49625 0.01000000000000012 0
114 0.4791666666666666 0 0
115 0.4583333333333334 0 0
116 0.4375 0 0
117 0.4166666666666666 0 0
118 0.3958333333333334 0 0
119 0.375 0 0
120 0.3541666666666667 0 0
121 0.3333333333333334 0 0
122 0.3125 0 0
123 0.2916666666666667 0 0
124 0.2708333333333334 0 0
125 0.25 0 0
126 0.2291666666666667 0 0
127 0.2083333333333334 0 0
128 0.1875 0 0
129 0.1666666666666667 0 0
130 0.1458333333333334 0 0
131 0.125 0 0
132 0.1041666666666667 0 0
133 0.08333333333333337 0 0
134 0.0625 0 0
135 0.04166666666666674 0 0
136 0.02083333333333337 0 0
137 0 0.01000000000000002 0
138 0 0.02000000000000003 0
139 0 0.03000000000000005 0
140 0 0.04000000000000006 0
141 0 0.05000000000000008 0
142 0 0.06000000000000009 0
143 0 0.07000000000000012 0
144 0 0.08000000000000014 0
145 0 0.09000000000000016 0
146 0 0.1000000000000002 0
147 0 0.1100000000000002 0
148 0 0.1200000000000002 0
149 0 0.1300000000000002 0
150 0 0.1400000000000002 0
151 0 0.1500000000000003 0
152 0 0.1600000000000003 0
153 0 0.1700000000000003 0
154 0 0.1800000000000004 0
155 0 0.1900000000000004 0
156 0 0.2000000000000004 0
157 0 0.2100000000000004 0
158 0 0.2200000000000004 0
159 0 0.2300000000000005 0
160 0 0.2400000000000005 0
161 0 0.2500000000000005 0
162 0 0.2600000000000005 0
163 0 0.2700000000000005 0
164 0 0.2800000000000004 0
165 0 0.2900000000000005 0
166 0 0.3000000000000004 0
167 0 0.3100000000000004 0
168 0 0.3200000000000004 0
169 0 0.3300000000000004 0
170 0 0.3400000000000004 0
171 0 0.3500000000000004 0
172 0 0.3600000000000004 0
173 0 0.3700000000000003 0
174 0 0.3800000000000003 0
175 0 0.3900000000000003 0
176 0 0.4000000000000003 0
177 0 0.4100000000000004 0
178 0 0.4200000000000004 0
179 0 0.4300000000000004 0
180 0 0.4400000000000003 0
181 0 0.4500000000000003 0
182 0 0.4600000000000005 0
183 0 0.4700000000000004 0
184 0 0.4800000000000004 0
185 0 0.4900000000000004 0
186 0 0.5000000000000004 0
187 0 0.5100000000000003 0
188 0 0.5200000000000005 0
189 0 0.5300000000000005 0
190 0 0.5400000000000004 0
191 0 0.5500000000000004 0
192 0 0.5600000000000003 0
193 0 0.5700000000000004 0
194 0 0.5800000000000004 0
195 0 0.5900000000000003 0
196 0 0.6000000000000003 0
197 0 0.6100000000000003 0
198 0 0.6200000000000003 0
199 0 0.6300000000000002 0
200 0 0.6400000000000003 0
201 0 0.6500000000000004 0
202 0 0.6600000000000003 0
203 0 0.6700000000000003 0
204 0 0.6800000000000002 0
205 0 0.6900000000000002 0
206 0 0.7000000000000002 0
207 0 0.7100000000000002 0
208 0 0.7200000000000002 0
209 0 0.7300000000000001 0
210 0 0.7400000000000002 0
211 0 0.7500000000000001 0
212 0 0.7600000000000001 0
213 0 0.7700000000000001 0
214 0 0.78 0
215 0 0.7900000000000001 0
216 0.2021016526199495 0.807005508733165 0
217 0.204203305239899 0.81401101746633 0
218 0.2063049578598485 0.8210165261994948 0
219 0.2084066104797979 0.8280220349326598 0
220 0.2105082630997474 0.8350275436658248 0
221 0.2126099157196969 0.8420330523989897 0
222 0.2147115683396464 0.8490385611321547 0
223 0.2168132209595959 0.8560440698653196 0
224 0.2189148735795454 0.8630495785984845 0
225 0.2210165261994949 0.8700550873316495 0
226 0.2231181788194443 0.8770605960648145 0
227 0.2252198314393938 0.8840661047979794 0
228 0.2273214840593433 0.8910716135311444 0
229 0.2294231366792928 0.8980771222643094 0
230 0.2315247892992423 0.9050826309974742 0
231 0.2336264419191918 0.9120881397306392 0
232 0.2357280945391412 0.9190936484638041 0
233 0.2378297471590907 0.926099157196969 0
234 0.2399313997790402 0.933104665930134 0
235 0.2420330523989897 0.9401101746632989 0
236 0.2441347050189391 0.9471156833964638 0
237 0.2462363576388886 0.9541211921296288 0
238 0.2483380102588381 0.9611267008627937 0
239 0.01054706959837016 0.9999443781145465 0
240 0.02109296590094726 0.9997775186457742 0
241 0.03163651574245702 0.9994994401557598 0
242 0.04217654621865725 0.999110173579003 0
243 0.05271188481681316 0.9986097622189857 0
244 0.06324135954612954 0.9979982617433545 0
245 0.07376379906813273 0.9972757401777285 0
246 0.08427803282697204 0.9964422778981309 0
247 0.09478289117963416 0.9954979676220488 0
248 0.105277205526064 0.9944429143981182 0
249 0.1157598084391614 0.9932772355944379 0
250 0.1262295337946477 0.9920010608855143 0
251 0.1366852169007949 0.990614532237834 0
252 0.1471256946279877 0.9891178038940721 0
253 0.1575498055381118 0.9875110423559339 0
254 0.1679563900137622 0.9857944263656317 0
255 0.1783442903872405 0.9839681468860014 0
256 0.1887123510693354 0.9820324070792592 0
257 0.1990594186778807 0.9799874222844006 0
258 0.2093843421660585 0.9778334199932456 0
259 0.2196859729504441 0.9755706398251317 0
260 0.2299631650387833 0.9731993335002574 0
261 0.2402147751574746 0.9707197648116803 0
262 0 0.8083333333333333 0
263 0 0.8166666666666667 0
264 0 0.8250000000000001 0
265 0 0.8333333333333334 0
266 0 0.8416666666666667 0
267 0 0.8500000000000001 0
268 0 0.8583333333333334 0
269 0 0.8666666666666667 0
270 0 0.875 0
271 0 0.8833333333333333 0
272 0 0.8916666666666667 0
273 0 0.9 0
274 0 0.9083333333333333 0
275 0 0.9166666666666666 0
276 0 0.925 0
277 0 0.9333333333333333 0
278 0 0.9416666666666667 0
279 0 0.9500000000000001 0
280 0 0.9583333333333334 0
281 0 0.9666666666666667 0
282 0 0.975 0
283 0 0.9833333333333334 0
284 0 0.9916666666666667 0
285 0.9791666666666666 0 0
286 0.9583333333333334 0 0
287 0.9375 0 0
288 0.9166666666666666 0 0
289 0.8958333333333334 0 0
290 0.875 0 0
291 0.8541666666666667 0 0
292 0.8333333333333334 0 0
293 0.8125 0 0
294 0.7916666666666667 0 0
295 0.7708333333333334 0 0
296 0.75 0 0
297 0.7291666666666667 0 0
298 0.7083333333333334 0 0
299 0.6875 0 0
300 0.6666666666666667 0 0
301 0.6458333333333334 0 0
302 0.625 0 0
303 0.6041666666666667 0 0
304 0.5833333333333334 0 0
305 0.5625 0 0
306 0.5416666666666667 0 0
307 0.5208333333333334 0 0
308 0.2663508595822278 0.9638761432880307 0
309 0.2821898005496858 0.9593585963891336 0
310 0.2979521889887691 0.9545807944206718 0
311 0.3136337488743117 0.9495440335061062 0
312 0.3292302261083437 0.9442496800193521 0
313 0.3447373896741376 0.9386991702141116 0
314 0.360151032784006 0.9328940098342436 0
315 0.375466974020514 0.9268357737052874 0
316 0.3906810584708214 0.9205261053072415 0
317 0.4057891588538232 0.9139667163287221 0
318 0.4207871766398021 0.9071593862026143 0
319 0.4356710431622811 0.9001059616233468 0
320 0.4504367207217664 0.8928083560459218 0
321 0.465080203681103 0.8852685491668297 0
322 0.4795975195521179 0.8774885863870002 0
323 0.4939847300732845 0.8694705782569209 0
324 0.5082379322780896 0.8612166999040903 0
325 0.5223532595538338 0.8527291904429478 0
326 0.5363268826905697 0.8440103523674434 0
327 0.5501550109198851 0.8350625509264208 0
328 0.5638338929432704 0.8258882134819679 0
329 0.5773598179497658 0.8164898288509254 0
330 0.5907291166226366 0.8068699466297151 0
331 0.6039381621347822 0.7970311765026896 0
332 0.6169833711326241 0.7869761875341735 0
333 0.6298612047082016 0.7767077074443982 0
334 0.642568169359203 0.7662285218695285 0
335 0.655100817936689 0.7555414736059703 0
336 0.667455750580231 0.7446494618391801 0
337 0.6796296156402315 0.7335554413571691 0
338 0.6916191105871564 0.7222624217489311 0
339 0.703420982907447 0.7107734665879989 0
340 0.715032030985866 0.6990916926013551 0
341 0.7264491049740271 0.6872202688239302 0
342 0.7376691076448925 0.6751624157389006 0
343 0.7486889952329846 0.6629214044040395 0
344 0.7595057782601018 0.6505005555643416 0
345 0.7701165223463068 0.6379032387511686 0
346 0.7805183490059614 0.6251328713681662 0
347 0.7907084364286082 0.6121929177641845 0
348 0.8006840202444677 0.5990868882934735 0
349 0.810442394274359 0.5858183383633908 0
350 0.8199809112638349 0.572390867469888 0
351 0.8292969836013253 0.5588081182210429 0
352 0.8383880840201102 0.5450737753488866 0
353 0.847251746283913 0.5311915647098135 0
354 0.8558855658559451 0.5171652522738246 0
355 0.8642872005512071 0.5029986431028989 0
356 0.8724543711718779 0.4886955803187534 0
357 0.8803848621256176 0.4742599440602772 0
358 0.8880765220266116 0.4596956504309316 0
359 0.8955272642792016 0.4450066504363828 0
360 0.9027350676439353 0.4301969289126779 0
361 0.9096979767858915 0.415270503445231 0
362 0.9164141028051213 0.4002314232789382 0
363 0.9228816237490719 0.3850837682196908 0
364 0.9290987851068442 0.3698316475276098 0
365 0.935063900285158 0.3544791988022825 0
366 0.9407753510658925 0.3390305868603107 0
367 0.9462315880450746 0.3234900026054843 0
368 0.9514311310532042 0.3078616618918642 0
369 0.956372569556793 0.2921498043801111 0
370 0.9610545630410151 0.2763586923873457 0
371 0.9654758413733632 0.2604926097308645 0
372 0.9696352051482086 0.2445558605660299 0
373 0.9735315260121784 0.228552768218631 0
374 0.9771637469702537 0.2124876740120568 0
375 0.9805308826725122 0.1963649360895782 0
376 0.9836320196814351 0.1801889282320667 0
377 0.986466316719703 0.1639640386714805 0
378 0.9890330048984192 0.1476946689004161 0
379 0.9913313879256933 0.1313852324780779 0
380 0.9933608422955322 0.1150401538329588 0
381 0.995120817456984 0.09866386706258699 0
382 0.9966108359634925 0.08226081473063923 0
383 0.9978304936024188 0.06583544666175892 0
384 0.9987794595046956 0.04939221873441234 0
385 0.9994574762345867 0.03293559167208964 0
386 0.9998643598595228 0.01647002983320563 0
387 0.09375 1 0
388 0.1875 1 0
389 0.28125 1 0
390 0.375 1 0
391 0.46875 1 0
392 0.5625 1 0
393 0.65625 1 0
394 0.75 1 0
395 0.84375 1 0
396 0.9375 1 0
397 1.03125 1 0
398 1.125 1 0
399 1.21875 1 0
400 1.3125 1 0
401 1.40625 1 0
402 1.5 1.0625 0
403 1.5 1.125 0
404 1.5 1.1875 0
405 1.5 1.25 0
406 1.5 1.3125 0
407 1.5 1.375 0
408 1.5 1.4375 0
409 1.40625 1.5 0
410 1.3125 1.5 0
411 1.21875 1.5 0
412 1.125 1.5 0
413 1.03125 1.5 0
414 0.9375 1.5 0
415 0.84375 1.5 0
416 0.75 1.5 0
417 0.65625 1.5 0
418 0.5625 1.5 0
419 0.46875 1.5 0
420 0.375 1.5 0
421 0.28125 1.5 0
422 0.1875 1.5 0
423 0.09375 1.5 0
424 0 1.4375 0
425 0 1.375 0
426 0 1.3125 0
427 0 1.25 0
428 0 1.1875 0
429 0 1.125 0
430 0 1.0625 0
431 0.4755729166666667 0.01000000000000001 0
432 0.4719791666666667 0.02000000000000007 0
433 0.4683854166666667 0.03000000000000014 0
434 0.4647916666666667 0.03999999999999987 0
435 0.4611979166666667 0.04999999999999999 0
436 0.4576041666666667 0.06000000000000005 0
437 0.4540104166666667 0.07000000000000001 0
438 0.4504166666666667 0.08000000000000007 0
439 0.4468229166666667 0.08999999999999991 0
440 0.4432291666666667 0.09999999999999992 0
441 0.4396354166666667 0.1099999999999998 0
442 0.4360416666666668 0.1199999999999999 0
443 0.4324479166666668 0.1299999999999999 0
444 0.4288541666666668 0.1399999999999998 0
445 0.4252604166666668 0.1499999999999999 0
446 0.4216666666666668 0.1599999999999999 0
447 0.4180729166666667 0.1699999999999999 0
448 0.4144791666666668 0.1799999999999997 0
449 0.4108854166666668 0.1899999999999998 0
450 0.4072916666666668 0.1999999999999998 0
451 0.4036979166666668 0.2099999999999998 0
452 0.4001041666666668 0.2199999999999996 0
453 0.3965104166666669 0.2299999999999996 0
454 0.3929166666666669 0.2399999999999995 0
455 0.3893229166666669 0.2499999999999997 0
456 0.3857291666666669 0.2599999999999996 0
457 0.3821354166666668 0.2699999999999995 0
458 0.3785416666666669 0.2799999999999997 0
459 0.3749479166666669 0.2899999999999994 0
460 0.3713541666666669 0.2999999999999996 0
461 0.3677604166666669 0.3099999999999995 0
462 0.3641666666666669 0.3199999999999996 0
463 0.3605729166666669 0.3299999999999994 0
464 0.3569791666666669 0.3399999999999995 0
465 0.3533854166666669 0.3499999999999995 0
466 0.3497916666666668 0.3599999999999995 0
467 0.3461979166666669 0.3699999999999995 0
468 0.3426041666666669 0.3799999999999994 0
469 0.3390104166666669 0.3899999999999996 0
470 0.3354166666666669 0.3999999999999996 0
471 0.3318229166666669 0.4099999999999995 0
472 0.3282291666666669 0.4199999999999995 0
473 0.3246354166666668 0.4299999999999996 0
474 0.3210416666666669 0.4399999999999996 0
475 0.3174479166666669 0.4499999999999996 0
476 0.3138541666666669 0.4599999999999996 0
477 0.3102604166666668 0.4699999999999996 0
478 0.3066666666666669 0.4799999999999996 0
479 0.3030729166666669 0.4899999999999995 0
480 0.2994791666666669 0.4999999999999997 0
481 0.2958854166666669 0.5099999999999997 0
482 0.2922916666666668 0.5199999999999997 0
483 0.2886979166666668 0.5299999999999998 0
484 0.2851041666666668 0.5399999999999998 0
485 0.2815104166666668 0.5499999999999997 0
486 0.2779166666666668 0.5599999999999997 0
487 0.2743229166666669 0.5699999999999998 0
488 0.2707291666666668 0.5799999999999998 0
489 0.2671354166666667 0.5899999999999997 0
490 0.2635416666666668 0.5999999999999999 0
491 0.2599479166666668 0.6099999999999999 0
492 0.2563541666666669 0.6199999999999998 0
493 0.2527604166666668 0.6299999999999998 0
494 0.2491666666666668 0.6399999999999999 0
495 0.2455729166666668 0.6499999999999998 0
496 0.2419791666666668 0.6599999999999999 0
497 0.2383854166666668 0.6699999999999999 0
498 0.2347916666666668 0.6799999999999999 0
499 0.2311979166666668 0.6899999999999998 0
500 0.2276041666666668 0.6999999999999998 0
501 0.2240104166666667 0.71 0
502 0.2204166666666667 0.72 0
503 0.2168229166666667 0.73 0
504 0.2132291666666667 0.74 0
505 0.2096354166666667 0.75 0
506 0.2060416666666668 0.76 0
507 0.2024479166666668 0.7700000000000001 0
508 0.1988541666666667 0.7800000000000001 0
509 0.1952604166666667 0.79 0
510 0.4548958333333334 0.01000000000000012 0
511 0.4514583333333334 0.01999999999999991 0
512 0.4480208333333334 0.03000000000000019 0
513 0.4445833333333334 0.03999999999999987 0
514 0.4411458333333335 0.05000000000000004 0
515 0.4377083333333334 0.06000000000000005 0
516 0.4342708333333334 0.0699999999999999 0
517 0.4308333333333335 0.08000000000000002 0
518 0.4273958333333334 0.09000000000000002 0
519 0.4239583333333334 0.09999999999999992 0
520 0.4205208333333335 0.11 0
521 0.4170833333333335 0.1199999999999999 0
522 0.4136458333333335 0.1299999999999998 0
523 0.4102083333333335 0.1399999999999998 0
524 0.4067708333333335 0.1499999999999999 0
525 0.4033333333333335 0.1599999999999999 0
526 0.3998958333333335 0.1699999999999998 0
527 0.3964583333333335 0.1799999999999998 0
528 0.3930208333333335 0.1899999999999998 0
529 0.3895833333333335 0.1999999999999999 0
530 0.3861458333333335 0.2099999999999998 0
531 0.3827083333333335 0.2199999999999997 0
532 0.3792708333333336 0.2299999999999996 0
533 0.3758333333333336 0.2399999999999995 0
534 0.3723958333333335 0.2499999999999996 0
535 0.3689583333333336 0.2599999999999997 0
536 0.3655208333333336 0.2699999999999997 0
537 0.3620833333333336 0.2799999999999997 0
538 0.3586458333333336 0.2899999999999995 0
539 0.3552083333333336 0.2999999999999996 0
540 0.3517708333333336 0.3099999999999995 0
541 0.3483333333333336 0.3199999999999995 0
542 0.3448958333333336 0.3299999999999995 0
543 0.3414583333333336 0.3399999999999995 0
544 0.3380208333333336 0.3499999999999995 0
545 0.3345833333333336 0.3599999999999996 0
546 0.3311458333333336 0.3699999999999994 0
547 0.3277083333333336 0.3799999999999995 0
548 0.3242708333333336 0.3899999999999996 0
549 0.3208333333333336 0.3999999999999996 0
550 0.3173958333333335 0.4099999999999996 0
551 0.3139583333333336 0.4199999999999995 0
552 0.3105208333333335 0.4299999999999997 0
553 0.3070833333333336 0.4399999999999996 0
554 0.3036458333333336 0.4499999999999996 0
555 0.3002083333333335 0.4599999999999997 0
556 0.2967708333333335 0.4699999999999996 0
557 0.2933333333333336 0.4799999999999996 0
558 0.2898958333333335 0.4899999999999997 0
559 0.2864583333333336 0.4999999999999997 0
560 0.2830208333333335 0.5099999999999998 0
561 0.2795833333333336 0.5199999999999998 0
562 0.2761458333333335 0.5299999999999998 0
563 0.2727083333333335 0.5399999999999998 0
564 0.2692708333333335 0.5499999999999998 0
565 0.2658333333333336 0.5599999999999998 0
566 0.2623958333333334 0.5699999999999998 0
567 0.2589583333333335 0.5799999999999998 0
568 0.2555208333333334 0.5899999999999999 0
569 0.2520833333333335 0.5999999999999999 0
570 0.2486458333333335 0.6099999999999999 0
571 0.2452083333333335 0.6199999999999999 0
572 0.2417708333333335 0.6299999999999999 0
573 0.2383333333333335 0.6399999999999999 0
574 0.2348958333333335 0.6499999999999999 0
575 0.2314583333333335 0.6599999999999999 0
576 0.2280208333333335 0.67 0
577 0.2245833333333335 0.6799999999999999 0
578 0.2211458333333335 0.6899999999999998 0
579 0.2177083333333334 0.6999999999999998 0
580 0.2142708333333335 0.71 0
581 0.2108333333333335 0.72 0
582 0.2073958333333334 0.73 0
583 0.2039583333333334 0.74 0
584 0.2005208333333334 0.75 0
585 0.1970833333333334 0.76 0
586 0.1936458333333334 0.77 0
587 0.1902083333333334 0.7800000000000001 0
588 0.1867708333333334 0.7900000000000001 0
589 0.43421875 0.01000000000000001 0
590 0.4309375 0.01999999999999985 0
591 0.42765625 0.03000000000000014 0
592 0.4243750000000001 0.03999999999999987 0
593 0.42109375 0.05000000000000004 0
594 0.4178125 0.06000000000000005 0
595 0.4145312500000001 0.07000000000000001 0
596 0.4112500000000001 0.08000000000000007 0
597 0.40796875 0.08999999999999997 0
598 0.4046875000000001 0.09999999999999998 0
599 0.4014062500000001 0.1099999999999999 0
600 0.3981250000000001 0.1199999999999999 0
601 0.3948437500000002 0.1299999999999998 0
602 0.3915625000000001 0.1399999999999998 0
603 0.3882812500000001 0.1499999999999999 0
604 0.3850000000000001 0.1599999999999998 0
605 0.3817187500000001 0.1699999999999998 0
606 0.3784375000000001 0.1799999999999997 0
607 0.3751562500000001 0.1899999999999998 0
608 0.3718750000000002 0.1999999999999998 0
609 0.3685937500000002 0.21 0
610 0.3653125000000002 0.2199999999999998 0
611 0.3620312500000002 0.2299999999999998 0
612 0.3587500000000002 0.2399999999999996 0
613 0.3554687500000002 0.2499999999999998 0
614 0.3521875000000002 0.2599999999999997 0
615 0.3489062500000002 0.2699999999999997 0
616 0.3456250000000002 0.2799999999999997 0
617 0.3423437500000003 0.2899999999999995 0
618 0.3390625000000002 0.2999999999999997 0
619 0.3357812500000003 0.3099999999999996 0
620 0.3325000000000002 0.3199999999999995 0
621 0.3292187500000003 0.3299999999999995 0
622 0.3259375000000003 0.3399999999999995 0
623 0.3226562500000003 0.3499999999999995 0
624 0.3193750000000002 0.3599999999999996 0
625 0.3160937500000003 0.3699999999999996 0
626 0.3128125000000003 0.3799999999999996 0
627 0.3095312500000002 0.3899999999999997 0
628 0.3062500000000002 0.3999999999999996 0
629 0.3029687500000002 0.4099999999999996 0
630 0.2996875000000002 0.4199999999999996 0
631 0.2964062500000002 0.4299999999999997 0
632 0.2931250000000002 0.4399999999999997 0
633 0.2898437500000002 0.4499999999999997 0
634 0.2865625000000002 0.4599999999999997 0
635 0.2832812500000002 0.4699999999999997 0
636 0.2800000000000002 0.4799999999999998 0
637 0.2767187500000002 0.4899999999999997 0
638 0.2734375000000001 0.4999999999999997 0
639 0.2701562500000002 0.5099999999999997 0
640 0.2668750000000002 0.5199999999999998 0
641 0.2635937500000002 0.5299999999999998 0
642 0.2603125000000002 0.5399999999999998 0
643 0.2570312500000001 0.5499999999999998 0
644 0.2537500000000002 0.5599999999999998 0
645 0.2504687500000001 0.5699999999999998 0
646 0.2471875000000002 0.5799999999999998 0
647 0.2439062500000002 0.5899999999999999 0
648 0.2406250000000001 0.5999999999999999 0
649 0.2373437500000001 0.6099999999999999 0
650 0.2340625000000002 0.6199999999999999 0
651 0.2307812500000002 0.6299999999999999 0
652 0.2275000000000001 0.6399999999999999 0
653 0.2242187500000001 0.6499999999999999 0
654 0.2209375000000001 0.6599999999999999 0
655 0.2176562500000001 0.6700000000000002 0
656 0.2143750000000001 0.6799999999999999 0
657 0.2110937500000001 0.6899999999999999 0
658 0.2078125000000001 0.7 0
659 0.2045312500000001 0.71 0
660 0.2012500000000001 0.72 0
661 0.1979687500000001 0.73 0
662 0.1946875000000001 0.74 0
663 0.1914062500000001 0.75 0
664 0.188125 0.76 0
665 0.18484375 0.7700000000000001 0
666 0.1815625000000001 0.7800000000000001 0
667 0.1782812500000001 0.79 0
668 0.4135416666666666 0.01000000000000001 0
669 0.4104166666666667 0.02000000000000002 0
670 0.4072916666666667 0.03000000000000019 0
671 0.4041666666666667 0.03999999999999987 0
672 0.4010416666666667 0.04999999999999999 0
673 0.3979166666666666 0.06 0
674 0.3947916666666667 0.06999999999999995 0
675 0.3916666666666667 0.08000000000000002 0
676 0.3885416666666667 0.09000000000000008 0
677 0.3854166666666667 0.09999999999999998 0
678 0.3822916666666667 0.1099999999999999 0
679 0.3791666666666668 0.12 0
680 0.3760416666666668 0.1299999999999999 0
681 0.3729166666666667 0.1399999999999999 0
682 0.3697916666666668 0.1499999999999999 0
683 0.3666666666666668 0.1599999999999999 0
684 0.3635416666666668 0.1699999999999999 0
685 0.3604166666666668 0.1799999999999997 0
686 0.3572916666666668 0.1899999999999998 0
687 0.3541666666666667 0.1999999999999999 0
688 0.3510416666666668 0.2099999999999999 0
689 0.3479166666666668 0.2199999999999998 0
690 0.3447916666666668 0.2299999999999998 0
691 0.3416666666666668 0.2399999999999997 0
692 0.3385416666666668 0.2499999999999997 0
693 0.3354166666666669 0.2599999999999997 0
694 0.3322916666666668 0.2699999999999997 0
695 0.3291666666666668 0.2799999999999998 0
696 0.3260416666666669 0.2899999999999996 0
697 0.3229166666666669 0.2999999999999997 0
698 0.3197916666666669 0.3099999999999996 0
699 0.3166666666666669 0.3199999999999996 0
700 0.3135416666666669 0.3299999999999995 0
701 0.3104166666666669 0.3399999999999996 0
702 0.3072916666666669 0.3499999999999996 0
703 0.3041666666666669 0.3599999999999997 0
704 0.3010416666666669 0.3699999999999997 0
705 0.2979166666666669 0.3799999999999996 0
706 0.2947916666666669 0.3899999999999997 0
707 0.2916666666666669 0.3999999999999997 0
708 0.2885416666666669 0.4099999999999996 0
709 0.2854166666666669 0.4199999999999996 0
710 0.2822916666666668 0.4299999999999997 0
711 0.2791666666666668 0.4399999999999997 0
712 0.2760416666666669 0.4499999999999996 0
713 0.2729166666666668 0.4599999999999997 0
714 0.2697916666666669 0.4699999999999998 0
715 0.2666666666666668 0.4799999999999998 0
716 0.2635416666666668 0.4899999999999997 0
717 0.2604166666666669 0.4999999999999998 0
718 0.2572916666666669 0.5099999999999998 0
719 0.2541666666666668 0.5199999999999998 0
720 0.2510416666666668 0.5299999999999998 0
721 0.2479166666666668 0.5399999999999998 0
722 0.2447916666666668 0.5499999999999998 0
723 0.2416666666666668 0.5599999999999998 0
724 0.2385416666666668 0.5699999999999998 0
725 0.2354166666666668 0.5799999999999998 0
726 0.2322916666666668 0.5899999999999999 0
727 0.2291666666666668 0.5999999999999999 0
728 0.2260416666666668 0.6099999999999999 0
729 0.2229166666666668 0.6199999999999999 0
730 0.2197916666666668 0.6299999999999999 0
731 0.2166666666666668 0.6399999999999999 0
732 0.2135416666666668 0.6499999999999999 0
733 0.2104166666666668 0.6599999999999999 0
734 0.2072916666666667 0.67 0
735 0.2041666666666667 0.6799999999999999 0
736 0.2010416666666668 0.6899999999999999 0
737 0.1979166666666668 0.7 0
738 0.1947916666666668 0.71 0
739 0.1916666666666667 0.72 0
740 0.1885416666666668 0.73 0
741 0.1854166666666667 0.7400000000000002 0
742 0.1822916666666667 0.75 0
743 0.1791666666666668 0.76 0
744 0.1760416666666668 0.7700000000000001 0
745 0.1729166666666667 0.7800000000000002 0
746 0.1697916666666667 0.79 0
747 0.3928645833333334 0.01000000000000001 0
748 0.3898958333333334 0.01999999999999985 0
749 0.3869270833333334 0.03000000000000014 0
750 0.3839583333333335 0.03999999999999987 0
751 0.3809895833333334 0.0500000000000001 0
752 0.3780208333333334 0.06000000000000005 0
753 0.3750520833333334 0.06999999999999995 0
754 0.3720833333333334 0.08000000000000007 0
755 0.3691145833333334 0.08999999999999997 0
756 0.3661458333333334 0.1 0
757 0.3631770833333334 0.11 0
758 0.3602083333333335 0.12 0
759 0.3572395833333335 0.1299999999999999 0
760 0.3542708333333335 0.14 0
761 0.3513020833333335 0.1499999999999999 0
762 0.3483333333333335 0.1599999999999998 0
763 0.3453645833333335 0.17 0
764 0.3423958333333335 0.1799999999999998 0
765 0.3394270833333335 0.1899999999999999 0
766 0.3364583333333335 0.1999999999999998 0
767 0.3334895833333335 0.2099999999999999 0
768 0.3305208333333336 0.2199999999999998 0
769 0.3275520833333335 0.2299999999999998 0
770 0.3245833333333335 0.2399999999999997 0
771 0.3216145833333335 0.2499999999999998 0
772 0.3186458333333336 0.2599999999999997 0
773 0.3156770833333336 0.2699999999999998 0
774 0.3127083333333335 0.2799999999999998 0
775 0.3097395833333336 0.2899999999999996 0
776 0.3067708333333335 0.2999999999999998 0
777 0.3038020833333336 0.3099999999999997 0
778 0.3008333333333336 0.3199999999999997 0
779 0.2978645833333335 0.3299999999999996 0
780 0.2948958333333336 0.3399999999999996 0
781 0.2919270833333336 0.3499999999999996 0
782 0.2889583333333336 0.3599999999999997 0
783 0.2859895833333336 0.3699999999999996 0
784 0.2830208333333335 0.3799999999999997 0
785 0.2800520833333335 0.3899999999999997 0
786 0.2770833333333336 0.3999999999999997 0
787 0.2741145833333335 0.4099999999999997 0
788 0.2711458333333335 0.4199999999999997 0
789 0.2681770833333335 0.4299999999999997 0
790 0.2652083333333335 0.4399999999999997 0
791 0.2622395833333336 0.4499999999999997 0
792 0.2592708333333335 0.4599999999999999 0
793 0.2563020833333335 0.4699999999999998 0
794 0.2533333333333335 0.4799999999999998 0
795 0.2503645833333334 0.4899999999999998 0
796 0.2473958333333336 0.4999999999999998 0
797 0.2444270833333335 0.5099999999999998 0
798 0.2414583333333335 0.5199999999999999 0
799 0.2384895833333335 0.5299999999999998 0
800 0.2355208333333335 0.5399999999999998 0
801 0.2325520833333335 0.5499999999999998 0
802 0.2295833333333335 0.5599999999999998 0
803 0.2266145833333335 0.5699999999999998 0
804 0.2236458333333335 0.58 0
805 0.2206770833333334 0.5899999999999999 0
806 0.2177083333333335 0.5999999999999999 0
807 0.2147395833333335 0.6099999999999999 0
808 0.2117708333333335 0.6199999999999999 0
809 0.2088020833333335 0.6299999999999999 0
810 0.2058333333333335 0.6399999999999999 0
811 0.2028645833333334 0.6499999999999999 0
812 0.1998958333333335 0.6599999999999999 0
813 0.1969270833333335 0.67 0
814 0.1939583333333335 0.6799999999999999 0
815 0.1909895833333334 0.6899999999999999 0
816 0.1880208333333334 0.7 0
817 0.1850520833333334 0.71 0
818 0.1820833333333335 0.72 0
819 0.1791145833333334 0.73 0
820 0.1761458333333334 0.7400000000000002 0
821 0.1731770833333334 0.7499999999999999 0
822 0.1702083333333333 0.76 0
823 0.1672395833333334 0.7700000000000001 0
824 0.1642708333333334 0.7800000000000001 0
825 0.1613020833333333 0.79 0
826 0.3721875 0.01000000000000006 0
827 0.3693750000000001 0.01999999999999985 0
828 0.3665625 0.03000000000000019 0
829 0.3637500000000001 0.03999999999999981 0
830 0.3609375000000001 0.0500000000000001 0
831 0.358125 0.06 0
832 0.3553125 0.07000000000000006 0
833 0.3525000000000001 0.08000000000000002 0
834 0.3496875 0.09000000000000002 0
835 0.346875 0.1 0
836 0.3440625 0.1100000000000001 0
837 0.3412500000000001 0.12 0
838 0.3384375000000001 0.1299999999999999 0
839 0.3356250000000001 0.14 0
840 0.3328125000000001 0.1499999999999999 0
841 0.3300000000000001 0.1599999999999999 0
842 0.3271875000000001 0.1699999999999999 0
843 0.3243750000000001 0.1799999999999999 0
844 0.3215625000000001 0.1899999999999999 0
845 0.3187500000000001 0.2 0
846 0.3159375000000001 0.21 0
847 0.3131250000000002 0.2199999999999998 0
848 0.3103125000000002 0.2299999999999998 0
849 0.3075000000000002 0.2399999999999997 0
850 0.3046875000000002 0.2499999999999998 0
851 0.3018750000000002 0.2599999999999997 0
852 0.2990625000000002 0.2699999999999997 0
853 0.2962500000000002 0.2799999999999999 0
854 0.2934375000000002 0.2899999999999996 0
855 0.2906250000000002 0.2999999999999997 0
856 0.2878125000000002 0.3099999999999997 0
857 0.2850000000000002 0.3199999999999997 0
858 0.2821875000000002 0.3299999999999996 0
859 0.2793750000000002 0.3399999999999996 0
860 0.2765625000000002 0.3499999999999996 0
861 0.2737500000000003 0.3599999999999997 0
862 0.2709375000000003 0.3699999999999997 0
863 0.2681250000000002 0.3799999999999997 0
864 0.2653125000000001 0.3899999999999997 0
865 0.2625000000000003 0.3999999999999997 0
866 0.2596875000000002 0.4099999999999998 0
867 0.2568750000000002 0.4199999999999997 0
868 0.2540625000000002 0.4299999999999998 0
869 0.2512500000000002 0.4399999999999997 0
870 0.2484375000000002 0.4499999999999997 0
871 0.2456250000000002 0.4599999999999999 0
872 0.2428125000000002 0.4699999999999998 0
873 0.2400000000000002 0.4799999999999999 0
874 0.2371875000000002 0.4899999999999997 0
875 0.2343750000000002 0.4999999999999998 0
876 0.2315625000000002 0.5099999999999998 0
877 0.2287500000000002 0.5199999999999999 0
878 0.2259375000000002 0.5299999999999999 0
879 0.2231250000000002 0.5399999999999999 0
880 0.2203125000000001 0.5499999999999999 0
881 0.2175000000000001 0.5599999999999998 0
882 0.2146875000000001 0.57 0
883 0.2118750000000001 0.58 0
884 0.2090625000000002 0.5899999999999999 0
885 0.2062500000000002 0.5999999999999999 0
886 0.2034375000000001 0.6099999999999999 0
887 0.2006250000000002 0.6199999999999999 0
888 0.1978125000000001 0.6299999999999999 0
889 0.1950000000000001 0.6399999999999999 0
890 0.1921875000000001 0.6499999999999999 0
891 0.1893750000000001 0.6599999999999999 0
892 0.1865625000000002 0.67 0
893 0.1837500000000001 0.6799999999999999 0
894 0.1809375000000002 0.6899999999999999 0
895 0.178125 0.7 0
896 0.1753125 0.71 0
897 0.1725000000000001 0.72 0
898 0.1696875000000001 0.73 0
899 0.1668750000000001 0.7400000000000001 0
900 0.1640625 0.7500000000000001 0
901 0.1612500000000001 0.76 0
902 0.1584375000000001 0.77 0
903 0.1556250000000001 0.78 0
904 0.1528125000000002 0.79 0
905 0.3515104166666668 0.01000000000000012 0
906 0.3488541666666668 0.01999999999999985 0
907 0.3461979166666667 0.03000000000000014 0
908 0.3435416666666669 0.03999999999999998 0
909 0.3408854166666668 0.05000000000000004 0
910 0.3382291666666667 0.05999999999999994 0
911 0.3355729166666668 0.07000000000000006 0
912 0.3329166666666668 0.08000000000000007 0
913 0.3302604166666668 0.09000000000000002 0
914 0.3276041666666668 0.1 0
915 0.3249479166666668 0.11 0
916 0.3222916666666668 0.12 0
917 0.3196354166666668 0.1299999999999999 0
918 0.3169791666666668 0.14 0
919 0.3143229166666669 0.15 0
920 0.3116666666666669 0.1599999999999999 0
921 0.3090104166666668 0.17 0
922 0.3063541666666669 0.1799999999999999 0
923 0.3036979166666669 0.19 0
924 0.3010416666666669 0.2 0
925 0.2983854166666668 0.2099999999999999 0
926 0.2957291666666669 0.2199999999999998 0
927 0.2930729166666669 0.2299999999999999 0
928 0.2904166666666669 0.2399999999999997 0
929 0.2877604166666669 0.2499999999999998 0
930 0.2851041666666669 0.2599999999999998 0
931 0.2824479166666669 0.2699999999999998 0
932 0.2797916666666669 0.2799999999999999 0
933 0.2771354166666669 0.2899999999999997 0
934 0.2744791666666669 0.2999999999999998 0
935 0.271822916666667 0.3099999999999997 0
936 0.2691666666666669 0.3199999999999997 0
937 0.266510416666667 0.3299999999999997 0
938 0.2638541666666669 0.3399999999999997 0
939 0.261197916666667 0.3499999999999996 0
940 0.2585416666666669 0.3599999999999997 0
941 0.2558854166666669 0.3699999999999998 0
942 0.2532291666666669 0.3799999999999997 0
943 0.2505729166666669 0.3899999999999998 0
944 0.247916666666667 0.3999999999999998 0
945 0.2452604166666669 0.4099999999999998 0
946 0.242604166666667 0.4199999999999997 0
947 0.2399479166666669 0.4299999999999998 0
948 0.2372916666666669 0.4399999999999998 0
949 0.234635416666667 0.4499999999999998 0
950 0.2319791666666669 0.4599999999999999 0
951 0.229322916666667 0.4699999999999998 0
952 0.2266666666666669 0.4799999999999999 0
953 0.2240104166666669 0.4899999999999998 0
954 0.2213541666666669 0.4999999999999998 0
955 0.2186979166666669 0.5099999999999998 0
956 0.2160416666666669 0.5199999999999999 0
957 0.2133854166666669 0.5299999999999999 0
958 0.2107291666666669 0.5399999999999999 0
959 0.2080729166666668 0.5499999999999999 0
960 0.2054166666666669 0.5599999999999998 0
961 0.2027604166666668 0.5700000000000001 0
962 0.2001041666666669 0.58 0
963 0.1974479166666668 0.59 0
964 0.1947916666666669 0.6 0
965 0.1921354166666668 0.6099999999999999 0
966 0.1894791666666669 0.6199999999999999 0
967 0.1868229166666668 0.6299999999999999 0
968 0.1841666666666668 0.6399999999999999 0
969 0.1815104166666668 0.65 0
970 0.1788541666666668 0.6599999999999999 0
971 0.1761979166666668 0.67 0
972 0.1735416666666668 0.6800000000000002 0
973 0.1708854166666668 0.6899999999999999 0
974 0.1682291666666668 0.7 0
975 0.1655729166666668 0.71 0
976 0.1629166666666668 0.72 0
977 0.1602604166666668 0.7300000000000001 0
978 0.1576041666666667 0.7400000000000002 0
979 0.1549479166666668 0.75 0
980 0.1522916666666668 0.76 0
981 0.1496354166666667 0.77 0
982 0.1469791666666668 0.78 0
983 0.1443229166666667 0.7899999999999999 0
984 0.3308333333333334 0.01000000000000006 0
985 0.3283333333333334 0.0199999999999998 0
986 0.3258333333333334 0.03000000000000019 0
987 0.3233333333333334 0.03999999999999992 0
988 0.3208333333333334 0.05000000000000004 0
989 0.3183333333333334 0.06000000000000005 0
990 0.3158333333333334 0.07000000000000006 0
991 0.3133333333333334 0.08000000000000007 0
992 0.3108333333333334 0.09000000000000002 0
993 0.3083333333333335 0.1 0
994 0.3058333333333335 0.11 0
995 0.3033333333333335 0.1200000000000001 0
996 0.3008333333333335 0.13 0
997 0.2983333333333335 0.1399999999999999 0
998 0.2958333333333335 0.15 0
999 0.2933333333333335 0.1599999999999999 0
1000 0.2908333333333335 0.1699999999999999 0
1001 0.2883333333333335 0.18 0
1002 0.2858333333333335 0.19 0
1003 0.2833333333333334 0.2 0
1004 0.2808333333333336 0.21 0
1005 0.2783333333333335 0.2199999999999999 0
1006 0.2758333333333335 0.2299999999999999 0
1007 0.2733333333333335 0.2399999999999998 0
1008 0.2708333333333335 0.25 0
1009 0.2683333333333336 0.2599999999999999 0
1010 0.2658333333333335 0.2699999999999999 0
1011 0.2633333333333335 0.2799999999999999 0
1012 0.2608333333333336 0.2899999999999998 0
1013 0.2583333333333336 0.2999999999999999 0
1014 0.2558333333333336 0.3099999999999998 0
1015 0.2533333333333336 0.3199999999999998 0
1016 0.2508333333333336 0.3299999999999997 0
1017 0.2483333333333335 0.3399999999999997 0
1018 0.2458333333333336 0.3499999999999997 0
1019 0.2433333333333336 0.3599999999999998 0
1020 0.2408333333333336 0.3699999999999998 0
1021 0.2383333333333336 0.3799999999999997 0
1022 0.2358333333333336 0.3899999999999998 0
1023 0.2333333333333336 0.3999999999999998 0
1024 0.2308333333333336 0.4099999999999999 0
1025 0.2283333333333336 0.4199999999999998 0
1026 0.2258333333333336 0.4299999999999999 0
1027 0.2233333333333336 0.4399999999999998 0
1028 0.2208333333333335 0.4499999999999998 0
1029 0.2183333333333336 0.4599999999999999 0
1030 0.2158333333333335 0.4699999999999999 0
1031 0.2133333333333335 0.4799999999999999 0
1032 0.2108333333333336 0.4899999999999999 0
1033 0.2083333333333335 0.4999999999999999 0
1034 0.2058333333333335 0.5099999999999999 0
1035 0.2033333333333335 0.5199999999999999 0
1036 0.2008333333333336 0.5299999999999999 0
1037 0.1983333333333336 0.5399999999999999 0
1038 0.1958333333333335 0.5499999999999999 0
1039 0.1933333333333335 0.5599999999999998 0
1040 0.1908333333333335 0.57 0
1041 0.1883333333333335 0.58 0
1042 0.1858333333333335 0.59 0
1043 0.1833333333333335 0.6 0
1044 0.1808333333333336 0.6099999999999999 0
1045 0.1783333333333335 0.6199999999999999 0
1046 0.1758333333333335 0.6299999999999999 0
1047 0.1733333333333335 0.6399999999999999 0
1048 0.1708333333333335 0.65 0
1049 0.1683333333333335 0.6599999999999999 0
1050 0.1658333333333335 0.6699999999999999 0
1051 0.1633333333333335 0.6799999999999999 0
1052 0.1608333333333335 0.6900000000000001 0
1053 0.1583333333333334 0.7 0
1054 0.1558333333333335 0.71 0
1055 0.1533333333333335 0.72 0
1056 0.1508333333333334 0.7300000000000001 0
1057 0.1483333333333334 0.7400000000000001 0
1058 0.1458333333333335 0.75 0
1059 0.1433333333333335 0.76 0
1060 0.1408333333333335 0.77 0
1061 0.1383333333333335 0.7800000000000001 0
1062 0.1358333333333335 0.79 0
1063 0.31015625 0.01000000000000006 0
1064 0.3078125 0.02000000000000002 0
1065 0.30546875 0.03000000000000019 0
1066 0.3031250000000001 0.03999999999999992 0
1067 0.30078125 0.04999999999999999 0
1068 0.2984375 0.06000000000000005 0
1069 0.29609375 0.07000000000000006 0
1070 0.2937500000000001 0.08000000000000002 0
1071 0.29140625 0.09000000000000002 0
1072 0.2890625 0.1 0
1073 0.28671875 0.11 0
1074 0.2843750000000001 0.1200000000000001 0
1075 0.2820312500000001 0.1299999999999999 0
1076 0.2796875000000001 0.14 0
1077 0.2773437500000001 0.15 0
1078 0.2750000000000001 0.1599999999999999 0
1079 0.2726562500000001 0.1700000000000001 0
1080 0.2703125000000001 0.18 0
1081 0.2679687500000001 0.19 0
1082 0.2656250000000001 0.2000000000000001 0
1083 0.2632812500000001 0.21 0
1084 0.2609375000000002 0.2199999999999999 0
1085 0.2585937500000001 0.2299999999999999 0
1086 0.2562500000000002 0.2399999999999999 0
1087 0.2539062500000002 0.2499999999999999 0
1088 0.2515625000000002 0.2599999999999999 0
1089 0.2492187500000001 0.2699999999999999 0
1090 0.2468750000000002 0.2799999999999999 0
1091 0.2445312500000003 0.2899999999999998 0
1092 0.2421875000000002 0.2999999999999998 0
1093 0.2398437500000002 0.3099999999999998 0
1094 0.2375000000000002 0.3199999999999998 0
1095 0.2351562500000002 0.3299999999999997 0
1096 0.2328125000000002 0.3399999999999998 0
1097 0.2304687500000003 0.3499999999999998 0
1098 0.2281250000000002 0.3599999999999998 0
1099 0.2257812500000002 0.3699999999999998 0
1100 0.2234375000000002 0.3799999999999998 0
1101 0.2210937500000001 0.3899999999999998 0
1102 0.2187500000000002 0.3999999999999998 0
1103 0.2164062500000002 0.4099999999999998 0
1104 0.2140625000000003 0.4199999999999998 0
1105 0.2117187500000002 0.4299999999999999 0
1106 0.2093750000000002 0.4399999999999998 0
1107 0.2070312500000002 0.4499999999999998 0
1108 0.2046875000000002 0.4599999999999999 0
1109 0.2023437500000002 0.4699999999999999 0
1110 0.2000000000000002 0.4799999999999999 0
1111 0.1976562500000001 0.4899999999999999 0
1112 0.1953125000000002 0.4999999999999999 0
1113 0.1929687500000002 0.5099999999999999 0
1114 0.1906250000000001 0.52 0
1115 0.1882812500000002 0.53 0
1116 0.1859375000000001 0.5399999999999999 0
1117 0.1835937500000002 0.5499999999999999 0
1118 0.1812500000000001 0.5599999999999999 0
1119 0.1789062500000002 0.57 0
1120 0.1765625000000001 0.5800000000000001 0
1121 0.1742187500000001 0.59 0
1122 0.1718750000000002 0.6000000000000001 0
1123 0.1695312500000001 0.61 0
1124 0.1671875000000002 0.62 0
1125 0.1648437500000001 0.6299999999999999 0
1126 0.1625000000000001 0.64 0
1127 0.1601562500000001 0.65 0
1128 0.1578125000000001 0.66 0
1129 0.1554687500000002 0.67 0
1130 0.1531250000000001 0.6800000000000002 0
1131 0.15078125 0.6900000000000001 0
1132 0.1484375000000001 0.7 0
1133 0.1460937500000001 0.71 0
1134 0.1437500000000002 0.72 0
1135 0.1414062500000001 0.73 0
1136 0.1390625 0.7400000000000002 0
1137 0.1367187500000001 0.75 0
1138 0.1343750000000001 0.76 0
1139 0.1320312500000001 0.77 0
1140 0.1296875000000002 0.7800000000000001 0
1141 0.1273437500000002 0.79 0
1142 0.2894791666666667 0.01000000000000001 0
1143 0.2872916666666668 0.01999999999999996 0
1144 0.2851041666666667 0.03000000000000014 0
1145 0.2829166666666668 0.03999999999999992 0
1146 0.2807291666666668 0.04999999999999999 0
1147 0.2785416666666667 0.06000000000000011 0
1148 0.2763541666666668 0.07000000000000006 0
1149 0.2741666666666668 0.08000000000000007 0
1150 0.2719791666666668 0.09000000000000002 0
1151 0.2697916666666668 0.1 0
1152 0.2676041666666669 0.11 0
1153 0.2654166666666669 0.1200000000000001 0
1154 0.2632291666666668 0.1299999999999999 0
1155 0.2610416666666668 0.14 0
1156 0.2588541666666668 0.1500000000000002 0
1157 0.2566666666666668 0.16 0
1158 0.2544791666666669 0.1700000000000001 0
1159 0.2522916666666669 0.1799999999999999 0
1160 0.2501041666666668 0.19 0
1161 0.2479166666666669 0.2000000000000001 0
1162 0.2457291666666668 0.2100000000000001 0
1163 0.2435416666666669 0.22 0
1164 0.2413541666666668 0.23 0
1165 0.2391666666666669 0.2399999999999999 0
1166 0.2369791666666669 0.2499999999999999 0
1167 0.2347916666666669 0.26 0
1168 0.2326041666666669 0.27 0
1169 0.2304166666666668 0.28 0
1170 0.2282291666666669 0.2899999999999998 0
1171 0.2260416666666669 0.2999999999999999 0
1172 0.2238541666666669 0.3099999999999999 0
1173 0.2216666666666669 0.3199999999999998 0
1174 0.2194791666666669 0.3299999999999998 0
1175 0.2172916666666669 0.3399999999999999 0
1176 0.2151041666666669 0.3499999999999998 0
1177 0.2129166666666669 0.3599999999999999 0
1178 0.2107291666666669 0.3699999999999998 0
1179 0.2085416666666669 0.3799999999999998 0
1180 0.2063541666666669 0.3899999999999998 0
1181 0.2041666666666669 0.3999999999999999 0
1182 0.2019791666666669 0.4099999999999999 0
1183 0.1997916666666669 0.4199999999999998 0
1184 0.1976041666666669 0.4299999999999999 0
1185 0.1954166666666668 0.4399999999999998 0
1186 0.1932291666666669 0.4499999999999998 0
1187 0.1910416666666668 0.46 0
1188 0.1888541666666669 0.4699999999999999 0
1189 0.1866666666666669 0.48 0
1190 0.1844791666666669 0.4899999999999999 0
1191 0.1822916666666669 0.5 0
1192 0.1801041666666668 0.51 0
1193 0.1779166666666668 0.52 0
1194 0.1757291666666668 0.53 0
1195 0.1735416666666668 0.54 0
1196 0.1713541666666668 0.55 0
1197 0.1691666666666667 0.5599999999999999 0
1198 0.1669791666666668 0.5700000000000001 0
1199 0.1647916666666669 0.5800000000000001 0
1200 0.1626041666666668 0.59 0
1201 0.1604166666666668 0.6000000000000001 0
1202 0.1582291666666668 0.61 0
1203 0.1560416666666668 0.62 0
1204 0.1538541666666668 0.6299999999999999 0
1205 0.1516666666666669 0.64 0
1206 0.1494791666666669 0.65 0
1207 0.1472916666666668 0.6600000000000001 0
1208 0.1451041666666669 0.67 0
1209 0.1429166666666667 0.6800000000000002 0
1210 0.1407291666666668 0.6900000000000001 0
1211 0.1385416666666668 0.7 0
1212 0.1363541666666667 0.71 0
1213 0.1341666666666667 0.7200000000000001 0
1214 0.1319791666666667 0.73 0
1215 0.1297916666666667 0.7400000000000002 0
1216 0.1276041666666667 0.7500000000000001 0
1217 0.1254166666666668 0.76 0
1218 0.1232291666666666 0.7700000000000001 0
1219 0.1210416666666667 0.7800000000000001 0
1220 0.1188541666666666 0.79 0
1221 0.2688020833333334 0.01000000000000001 0
1222 0.2667708333333334 0.01999999999999996 0
1223 0.2647395833333334 0.03000000000000019 0
1224 0.2627083333333334 0.03999999999999992 0
1225 0.2606770833333334 0.05000000000000016 0
1226 0.2586458333333334 0.06 0
1227 0.2566145833333334 0.07000000000000006 0
1228 0.2545833333333334 0.08000000000000002 0
1229 0.2525520833333335 0.09000000000000002 0
1230 0.2505208333333335 0.1000000000000001 0
1231 0.2484895833333335 0.11 0
1232 0.2464583333333334 0.12 0
1233 0.2444270833333335 0.1300000000000001 0
1234 0.2423958333333334 0.14 0
1235 0.2403645833333335 0.1500000000000001 0
1236 0.2383333333333334 0.1600000000000001 0
1237 0.2363020833333334 0.17 0
1238 0.2342708333333335 0.18 0
1239 0.2322395833333334 0.1899999999999999 0
1240 0.2302083333333335 0.2000000000000001 0
1241 0.2281770833333335 0.2100000000000001 0
1242 0.2261458333333335 0.22 0
1243 0.2241145833333336 0.23 0
1244 0.2220833333333335 0.2399999999999999 0
1245 0.2200520833333335 0.2500000000000001 0
1246 0.2180208333333335 0.26 0
1247 0.2159895833333335 0.27 0
1248 0.2139583333333336 0.28 0
1249 0.2119270833333335 0.2899999999999999 0
1250 0.2098958333333336 0.3 0
1251 0.2078645833333335 0.3099999999999999 0
1252 0.2058333333333336 0.3199999999999999 0
1253 0.2038020833333336 0.3299999999999999 0
1254 0.2017708333333335 0.3399999999999999 0
1255 0.1997395833333336 0.3499999999999999 0
1256 0.1977083333333335 0.3599999999999999 0
1257 0.1956770833333335 0.3699999999999998 0
1258 0.1936458333333335 0.3799999999999998 0
1259 0.1916145833333334 0.3899999999999999 0
1260 0.1895833333333336 0.3999999999999999 0
1261 0.1875520833333335 0.4099999999999999 0
1262 0.1855208333333336 0.4199999999999999 0
1263 0.1834895833333335 0.43 0
1264 0.1814583333333335 0.4399999999999999 0
1265 0.1794270833333335 0.4499999999999999 0
1266 0.1773958333333335 0.46 0
1267 0.1753645833333335 0.47 0
1268 0.1733333333333335 0.48 0
1269 0.1713020833333335 0.49 0
1270 0.1692708333333335 0.5 0
1271 0.1672395833333335 0.51 0
1272 0.1652083333333335 0.52 0
1273 0.1631770833333335 0.53 0
1274 0.1611458333333335 0.54 0
1275 0.1591145833333336 0.55 0
1276 0.1570833333333335 0.5600000000000001 0
1277 0.1550520833333334 0.5700000000000001 0
1278 0.1530208333333336 0.5800000000000001 0
1279 0.1509895833333335 0.5900000000000001 0
1280 0.1489583333333335 0.6000000000000001 0
1281 0.1469270833333335 0.6100000000000001 0
1282 0.1448958333333334 0.6200000000000001 0
1283 0.1428645833333335 0.63 0
1284 0.1408333333333335 0.6400000000000001 0
1285 0.1388020833333334 0.6500000000000001 0
1286 0.1367708333333335 0.6600000000000001 0
1287 0.1347395833333335 0.67 0
1288 0.1327083333333334 0.68 0
1289 0.1306770833333334 0.6900000000000001 0
1290 0.1286458333333335 0.7 0
1291 0.1266145833333334 0.7100000000000002 0
1292 0.1245833333333334 0.7200000000000001 0
1293 0.1225520833333335 0.73 0
1294 0.1205208333333335 0.7400000000000001 0
1295 0.1184895833333335 0.75 0
1296 0.1164583333333334 0.76 0
1297 0.1144270833333336 0.77 0
1298 0.1123958333333335 0.7800000000000001 0
1299 0.1103645833333334 0.79 0
1300 0.248125 0.01000000000000006 0
1301 0.24625 0.02000000000000002 0
1302 0.244375 0.03000000000000014 0
1303 0.2425 0.03999999999999992 0
1304 0.240625 0.0500000000000001 0
1305 0.23875 0.06000000000000011 0
1306 0.236875 0.07000000000000006 0
1307 0.235 0.08000000000000007 0
1308 0.2331250000000001 0.09000000000000002 0
1309 0.23125 0.1000000000000001 0
1310 0.229375 0.11 0
1311 0.2275000000000001 0.12 0
1312 0.225625 0.13 0
1313 0.2237500000000001 0.14 0
1314 0.2218750000000001 0.1500000000000001 0
1315 0.2200000000000001 0.16 0
1316 0.218125 0.17 0
1317 0.2162500000000001 0.1799999999999999 0
1318 0.2143750000000001 0.19 0
1319 0.2125000000000001 0.2 0
1320 0.2106250000000001 0.2100000000000001 0
1321 0.2087500000000001 0.22 0
1322 0.2068750000000001 0.2300000000000001 0
1323 0.2050000000000001 0.24 0
1324 0.2031250000000001 0.25 0
1325 0.2012500000000001 0.26 0
1326 0.1993750000000002 0.27 0
1327 0.1975000000000001 0.28 0
1328 0.1956250000000001 0.2899999999999999 0
1329 0.1937500000000001 0.3 0
1330 0.1918750000000001 0.3099999999999999 0
1331 0.1900000000000001 0.32 0
1332 0.1881250000000002 0.3299999999999998 0
1333 0.1862500000000002 0.3399999999999999 0
1334 0.1843750000000002 0.3499999999999999 0
1335 0.1825000000000002 0.3599999999999999 0
1336 0.1806250000000002 0.3699999999999999 0
1337 0.1787500000000001 0.3799999999999999 0
1338 0.1768750000000001 0.3899999999999999 0
1339 0.1750000000000002 0.3999999999999999 0
1340 0.1731250000000001 0.41 0
1341 0.1712500000000001 0.4199999999999999 0
1342 0.1693750000000001 0.43 0
1343 0.1675000000000002 0.4399999999999999 0
1344 0.1656250000000001 0.45 0
1345 0.1637500000000001 0.46 0
1346 0.161875 0.47 0
1347 0.1600000000000002 0.48 0
1348 0.1581250000000001 0.49 0
1349 0.1562500000000001 0.5 0
1350 0.1543750000000002 0.51 0
1351 0.1525000000000001 0.52 0
1352 0.1506250000000001 0.53 0
1353 0.1487500000000002 0.54 0
1354 0.146875 0.55 0
1355 0.1450000000000001 0.5600000000000001 0
1356 0.1431250000000001 0.5700000000000001 0
1357 0.1412500000000001 0.5800000000000001 0
1358 0.1393750000000001 0.5900000000000001 0
1359 0.1375000000000001 0.6000000000000001 0
1360 0.1356250000000001 0.6100000000000001 0
1361 0.1337500000000001 0.6200000000000001 0
1362 0.1318750000000001 0.63 0
1363 0.1300000000000001 0.64 0
1364 0.1281250000000001 0.6500000000000001 0
1365 0.12625 0.6600000000000001 0
1366 0.1243750000000002 0.67 0
1367 0.1225000000000001 0.6800000000000002 0
1368 0.1206250000000001 0.6900000000000001 0
1369 0.1187500000000001 0.7000000000000001 0
1370 0.1168750000000001 0.7100000000000002 0
1371 0.115 0.7200000000000001 0
1372 0.1131250000000001 0.73 0
1373 0.1112500000000001 0.7400000000000001 0
1374 0.1093750000000002 0.7500000000000001 0
1375 0.1075000000000001 0.76 0
1376 0.105625 0.77 0
1377 0.1037500000000001 0.7800000000000001 0
1378 0.1018750000000001 0.79 0
1379 0.2274479166666668 0.009999999999999953 0
1380 0.2257291666666668 0.01999999999999996 0
1381 0.2240104166666667 0.03000000000000019 0
1382 0.2222916666666667 0.03999999999999987 0
1383 0.2205729166666668 0.05000000000000016 0
1384 0.2188541666666667 0.06000000000000005 0
1385 0.2171354166666668 0.07000000000000006 0
1386 0.2154166666666668 0.08000000000000002 0
1387 0.2136979166666668 0.09000000000000002 0
1388 0.2119791666666667 0.1000000000000001 0
1389 0.2102604166666668 0.11 0
1390 0.2085416666666668 0.12 0
1391 0.2068229166666668 0.1300000000000001 0
1392 0.2051041666666668 0.14 0
1393 0.2033854166666668 0.1500000000000001 0
1394 0.2016666666666668 0.1600000000000001 0
1395 0.1999479166666668 0.1700000000000001 0
1396 0.1982291666666668 0.1799999999999999 0
1397 0.1965104166666668 0.1900000000000001 0
1398 0.1947916666666668 0.2000000000000001 0
1399 0.1930729166666668 0.2100000000000001 0
1400 0.1913541666666668 0.22 0
1401 0.1896354166666668 0.2300000000000001 0
1402 0.1879166666666669 0.24 0
1403 0.1861979166666668 0.2500000000000001 0
1404 0.1844791666666669 0.26 0
1405 0.1827604166666668 0.2700000000000001 0
1406 0.1810416666666669 0.28 0
1407 0.1793229166666668 0.29 0
1408 0.1776041666666668 0.3 0
1409 0.1758854166666668 0.31 0
1410 0.1741666666666668 0.32 0
1411 0.1724479166666669 0.33 0
1412 0.1707291666666668 0.3399999999999999 0
1413 0.1690104166666668 0.3499999999999999 0
1414 0.1672916666666668 0.36 0
1415 0.1655729166666669 0.3699999999999999 0
1416 0.1638541666666669 0.3799999999999999 0
1417 0.1621354166666669 0.39 0
1418 0.1604166666666668 0.3999999999999999 0
1419 0.1586979166666668 0.41 0
1420 0.1569791666666667 0.4199999999999999 0
1421 0.1552604166666668 0.43 0
1422 0.1535416666666668 0.4399999999999999 0
1423 0.1518229166666669 0.45 0
1424 0.1501041666666667 0.4600000000000001 0
1425 0.1483854166666667 0.47 0
1426 0.1466666666666668 0.48 0
1427 0.1449479166666668 0.49 0
1428 0.1432291666666669 0.5 0
1429 0.1415104166666668 0.51 0
1430 0.1397916666666667 0.5200000000000001 0
1431 0.1380729166666668 0.5300000000000001 0
1432 0.1363541666666668 0.54 0
1433 0.1346354166666668 0.55 0
1434 0.1329166666666668 0.5600000000000001 0
1435 0.1311979166666667 0.5700000000000001 0
1436 0.1294791666666669 0.5800000000000002 0
1437 0.1277604166666668 0.5900000000000001 0
1438 0.1260416666666669 0.6000000000000001 0
1439 0.1243229166666667 0.6100000000000001 0
1440 0.1226041666666668 0.6200000000000001 0
1441 0.1208854166666667 0.63 0
1442 0.1191666666666667 0.64 0
1443 0.1174479166666668 0.6500000000000001 0
1444 0.1157291666666668 0.66 0
1445 0.1140104166666668 0.6700000000000002 0
1446 0.1122916666666668 0.6800000000000002 0
1447 0.1105729166666669 0.6900000000000001 0
1448 0.1088541666666669 0.7000000000000001 0
1449 0.1071354166666666 0.7100000000000002 0
1450 0.1054166666666668 0.7200000000000001 0
1451 0.1036979166666667 0.73 0
1452 0.1019791666666667 0.7400000000000002 0
1453 0.1002604166666667 0.75 0
1454 0.09854166666666669 0.76 0
1455 0.0968229166666667 0.7700000000000002 0
1456 0.09510416666666671 0.7800000000000001 0
1457 0.09338541666666683 0.79 0
1458 0.2067708333333334 0.01000000000000001 0
1459 0.2052083333333334 0.01999999999999991 0
1460 0.2036458333333334 0.03000000000000008 0
1461 0.2020833333333334 0.03999999999999987 0
1462 0.2005208333333334 0.05000000000000004 0
1463 0.1989583333333334 0.06000000000000005 0
1464 0.1973958333333335 0.07000000000000006 0
1465 0.1958333333333335 0.08000000000000007 0
1466 0.1942708333333334 0.09000000000000002 0
1467 0.1927083333333335 0.1000000000000001 0
1468 0.1911458333333334 0.11 0
1469 0.1895833333333334 0.1200000000000001 0
1470 0.1880208333333335 0.1300000000000001 0
1471 0.1864583333333334 0.14 0
1472 0.1848958333333334 0.1500000000000001 0
1473 0.1833333333333334 0.16 0
1474 0.1817708333333334 0.1700000000000001 0
1475 0.1802083333333335 0.18 0
1476 0.1786458333333335 0.1900000000000001 0
1477 0.1770833333333334 0.2000000000000001 0
1478 0.1755208333333334 0.2100000000000001 0
1479 0.1739583333333335 0.2200000000000001 0
1480 0.1723958333333335 0.2300000000000001 0
1481 0.1708333333333335 0.24 0
1482 0.1692708333333335 0.2500000000000002 0
1483 0.1677083333333334 0.2600000000000001 0
1484 0.1661458333333335 0.2700000000000001 0
1485 0.1645833333333334 0.2800000000000001 0
1486 0.1630208333333335 0.29 0
1487 0.1614583333333335 0.3000000000000001 0
1488 0.1598958333333334 0.3100000000000001 0
1489 0.1583333333333335 0.3200000000000001 0
1490 0.1567708333333335 0.33 0
1491 0.1552083333333336 0.34 0
1492 0.1536458333333335 0.35 0
1493 0.1520833333333335 0.36 0
1494 0.1505208333333335 0.37 0
1495 0.1489583333333335 0.38 0
1496 0.1473958333333335 0.39 0
1497 0.1458333333333334 0.4 0
1498 0.1442708333333335 0.41 0
1499 0.1427083333333335 0.42 0
1500 0.1411458333333335 0.43 0
1501 0.1395833333333336 0.4399999999999999 0
1502 0.1380208333333334 0.45 0
1503 0.1364583333333335 0.4600000000000001 0
1504 0.1348958333333334 0.47 0
1505 0.1333333333333335 0.4800000000000001 0
1506 0.1317708333333336 0.49 0
1507 0.1302083333333335 0.5000000000000001 0
1508 0.1286458333333336 0.51 0
1509 0.1270833333333335 0.5200000000000001 0
1510 0.1255208333333334 0.5300000000000001 0
1511 0.1239583333333334 0.54 0
1512 0.1223958333333335 0.55 0
1513 0.1208333333333335 0.5600000000000001 0
1514 0.1192708333333334 0.5700000000000001 0
1515 0.1177083333333335 0.5800000000000001 0
1516 0.1161458333333334 0.5900000000000001 0
1517 0.1145833333333335 0.6000000000000001 0
1518 0.1130208333333335 0.6100000000000001 0
1519 0.1114583333333334 0.6200000000000001 0
1520 0.1098958333333335 0.63 0
1521 0.1083333333333334 0.6400000000000001 0
1522 0.1067708333333335 0.6500000000000001 0
1523 0.1052083333333335 0.6600000000000001 0
1524 0.1036458333333334 0.6700000000000002 0
1525 0.1020833333333334 0.6800000000000002 0
1526 0.1005208333333334 0.6900000000000001 0
1527 0.09895833333333354 0.7000000000000001 0
1528 0.09739583333333346 0.7100000000000002 0
1529 0.09583333333333344 0.7200000000000001 0
1530 0.09427083333333336 0.73 0
1531 0.09270833333333345 0.7400000000000001 0
1532 0.09114583333333343 0.7500000000000001 0
1533 0.08958333333333346 0.76 0
1534 0.08802083333333338 0.7700000000000002 0
1535 0.08645833333333347 0.7800000000000001 0
1536 0.08489583333333328 0.7900000000000003 0
1537 0.18609375 0.01000000000000001 0
1538 0.1846875 0.02000000000000013 0
1539 0.18328125 0.03000000000000008 0
1540 0.181875 0.03999999999999987 0
1541 0.18046875 0.0500000000000001 0
1542 0.1790625000000001 0.06000000000000011 0
1543 0.17765625 0.07000000000000006 0
1544 0.17625 0.07999999999999996 0
1545 0.1748437500000001 0.09000000000000008 0
1546 0.1734375 0.1 0
1547 0.1720312500000001 0.1100000000000001 0
1548 0.1706250000000001 0.1200000000000002 0
1549 0.1692187500000001 0.13 0
1550 0.1678125000000001 0.1400000000000001 0
1551 0.16640625 0.1500000000000001 0
1552 0.1650000000000001 0.16 0
1553 0.16359375 0.1700000000000002 0
1554 0.1621875 0.1800000000000001 0
1555 0.1607812500000001 0.1900000000000002 0
1556 0.1593750000000001 0.2000000000000003 0
1557 0.1579687500000001 0.2100000000000002 0
1558 0.1565625000000001 0.2200000000000001 0
1559 0.1551562500000001 0.2300000000000002 0
1560 0.1537500000000001 0.24 0
1561 0.1523437500000001 0.2500000000000001 0
1562 0.1509375000000001 0.2600000000000001 0
1563 0.1495312500000001 0.2700000000000001 0
1564 0.1481250000000001 0.2800000000000001 0
1565 0.1467187500000001 0.29 0
1566 0.1453125000000001 0.3000000000000002 0
1567 0.1439062500000001 0.3100000000000001 0
1568 0.1425000000000001 0.32 0
1569 0.1410937500000001 0.33 0
1570 0.1396875000000003 0.34 0
1571 0.1382812500000001 0.35 0
1572 0.1368750000000002 0.36 0
1573 0.1354687500000002 0.3700000000000001 0
1574 0.1340625 0.38 0
1575 0.1326562500000001 0.39 0
1576 0.1312500000000001 0.4 0
1577 0.1298437500000001 0.41 0
1578 0.1284375000000001 0.42 0
1579 0.1270312500000002 0.43 0
1580 0.1256250000000002 0.4400000000000001 0
1581 0.1242187500000002 0.45 0
1582 0.1228125000000001 0.4600000000000001 0
1583 0.1214062500000002 0.4700000000000001 0
1584 0.1200000000000002 0.4800000000000001 0
1585 0.1185937500000002 0.4900000000000001 0
1586 0.1171875000000001 0.5000000000000001 0
1587 0.1157812500000001 0.5100000000000001 0
1588 0.1143750000000001 0.5200000000000002 0
1589 0.1129687500000001 0.5300000000000001 0
1590 0.1115625000000001 0.5400000000000001 0
1591 0.1101562500000001 0.5500000000000002 0
1592 0.1087500000000001 0.5600000000000001 0
1593 0.1073437500000002 0.5700000000000002 0
1594 0.1059375000000001 0.5800000000000002 0
1595 0.1045312500000001 0.5900000000000001 0
1596 0.1031250000000002 0.6000000000000001 0
1597 0.1017187500000002 0.6100000000000001 0
1598 0.1003125000000002 0.6200000000000001 0
1599 0.09890625000000014 0.63 0
1600 0.09750000000000003 0.6400000000000001 0
1601 0.09609375000000014 0.6500000000000001 0
1602 0.0946875000000002 0.66 0
1603 0.09328125000000015 0.6700000000000002 0
1604 0.0918750000000001 0.68 0
1605 0.09046875000000015 0.6900000000000001 0
1606 0.0890625000000001 0.7000000000000001 0
1607 0.0876562500000001 0.7100000000000002 0
1608 0.0862500000000001 0.7200000000000001 0
1609 0.08484375000000011 0.73 0
1610 0.08343750000000011 0.7400000000000001 0
1611 0.08203125000000011 0.7500000000000001 0
1612 0.08062500000000017 0.76 0
1613 0.07921875000000012 0.7700000000000001 0
1614 0.07781250000000012 0.7800000000000001 0
1615 0.07640625000000012 0.7900000000000003 0
1616 0.1654166666666667 0.009999999999999953 0
1617 0.1641666666666667 0.01999999999999985 0
1618 0.1629166666666668 0.03000000000000014 0
1619 0.1616666666666668 0.03999999999999987 0
1620 0.1604166666666668 0.05000000000000021 0
1621 0.1591666666666667 0.06000000000000011 0
1622 0.1579166666666668 0.07000000000000006 0
1623 0.1566666666666667 0.07999999999999996 0
1624 0.1554166666666668 0.09000000000000002 0
1625 0.1541666666666667 0.1000000000000001 0
1626 0.1529166666666668 0.1100000000000001 0
1627 0.1516666666666668 0.1200000000000003 0
1628 0.1504166666666668 0.1300000000000001 0
1629 0.1491666666666668 0.14 0
1630 0.1479166666666669 0.1500000000000001 0
1631 0.1466666666666668 0.1600000000000001 0
1632 0.1454166666666667 0.1700000000000001 0
1633 0.1441666666666668 0.1800000000000002 0
1634 0.1429166666666669 0.1900000000000002 0
1635 0.1416666666666668 0.2000000000000003 0
1636 0.1404166666666669 0.2100000000000002 0
1637 0.1391666666666667 0.2200000000000001 0
1638 0.1379166666666669 0.2300000000000002 0
1639 0.1366666666666668 0.2400000000000002 0
1640 0.1354166666666669 0.2500000000000001 0
1641 0.1341666666666668 0.2600000000000001 0
1642 0.1329166666666668 0.2700000000000001 0
1643 0.1316666666666668 0.2800000000000001 0
1644 0.1304166666666668 0.2900000000000001 0
1645 0.1291666666666669 0.3000000000000002 0
1646 0.1279166666666667 0.3100000000000002 0
1647 0.1266666666666668 0.3200000000000001 0
1648 0.1254166666666668 0.3300000000000001 0
1649 0.1241666666666669 0.34 0
1650 0.1229166666666668 0.35 0
1651 0.1216666666666669 0.3600000000000001 0
1652 0.1204166666666668 0.37 0
1653 0.1191666666666668 0.38 0
1654 0.1179166666666668 0.39 0
1655 0.1166666666666669 0.4 0
1656 0.1154166666666668 0.4100000000000001 0
1657 0.1141666666666669 0.42 0
1658 0.1129166666666668 0.43 0
1659 0.1116666666666669 0.4400000000000001 0
1660 0.1104166666666668 0.4500000000000001 0
1661 0.1091666666666669 0.4600000000000001 0
1662 0.1079166666666668 0.4700000000000001 0
1663 0.1066666666666667 0.4800000000000001 0
1664 0.1054166666666668 0.4900000000000001 0
1665 0.1041666666666669 0.5000000000000002 0
1666 0.1029166666666668 0.5100000000000001 0
1667 0.1016666666666668 0.5200000000000002 0
1668 0.1004166666666668 0.5300000000000002 0
1669 0.0991666666666669 0.54 0
1670 0.09791666666666682 0.5500000000000002 0
1671 0.09666666666666685 0.5600000000000001 0
1672 0.09541666666666687 0.5700000000000002 0
1673 0.0941666666666669 0.5800000000000002 0
1674 0.09291666666666681 0.5900000000000002 0
1675 0.09166666666666684 0.6000000000000001 0
1676 0.09041666666666681 0.6100000000000001 0
1677 0.08916666666666689 0.6200000000000001 0
1678 0.08791666666666698 0.63 0
1679 0.08666666666666673 0.6400000000000001 0
1680 0.08541666666666681 0.6500000000000001 0
1681 0.08416666666666683 0.6600000000000001 0
1682 0.08291666666666681 0.6700000000000003 0
1683 0.08166666666666683 0.68 0
1684 0.0804166666666668 0.6900000000000001 0
1685 0.07916666666666683 0.7000000000000002 0
1686 0.0779166666666668 0.7100000000000002 0
1687 0.07666666666666672 0.7200000000000001 0
1688 0.07541666666666674 0.73 0
1689 0.07416666666666688 0.7400000000000001 0
1690 0.0729166666666668 0.7500000000000002 0
1691 0.07166666666666677 0.7600000000000001 0
1692 0.07041666666666679 0.77 0
1693 0.06916666666666688 0.78 0
1694 0.0679166666666669 0.7900000000000003 0
1695 0.1447395833333334 0.01000000000000001 0
1696 0.1436458333333333 0.01999999999999996 0
1697 0.1425520833333333 0.03000000000000008 0
1698 0.1414583333333333 0.03999999999999987 0
1699 0.1403645833333333 0.0500000000000001 0
1700 0.1392708333333335 0.06000000000000005 0
1701 0.1381770833333333 0.07000000000000001 0
1702 0.1370833333333334 0.08000000000000002 0
1703 0.1359895833333334 0.09000000000000002 0
1704 0.1348958333333334 0.1000000000000001 0
1705 0.1338020833333334 0.1100000000000002 0
1706 0.1327083333333334 0.1200000000000002 0
1707 0.1316145833333335 0.1300000000000001 0
1708 0.1305208333333335 0.1400000000000001 0
1709 0.1294270833333335 0.1500000000000002 0
1710 0.1283333333333334 0.1600000000000001 0
1711 0.1272395833333334 0.1700000000000002 0
1712 0.1261458333333335 0.1800000000000002 0
1713 0.1250520833333336 0.1900000000000002 0
1714 0.1239583333333334 0.2000000000000002 0
1715 0.1228645833333335 0.2100000000000003 0
1716 0.1217708333333336 0.2200000000000003 0
1717 0.1206770833333335 0.2300000000000002 0
1718 0.1195833333333335 0.2400000000000002 0
1719 0.1184895833333335 0.2500000000000002 0
1720 0.1173958333333335 0.2600000000000002 0
1721 0.1163020833333335 0.2700000000000002 0
1722 0.1152083333333335 0.2800000000000002 0
1723 0.1141145833333335 0.2900000000000001 0
1724 0.1130208333333335 0.3000000000000002 0
1725 0.1119270833333335 0.3100000000000002 0
1726 0.1108333333333335 0.3200000000000001 0
1727 0.1097395833333334 0.3300000000000001 0
1728 0.1086458333333334 0.3400000000000001 0
1729 0.1075520833333335 0.3500000000000001 0
1730 0.1064583333333335 0.3600000000000002 0
1731 0.1053645833333337 0.3700000000000001 0
1732 0.1042708333333335 0.3800000000000001 0
1733 0.1031770833333335 0.3900000000000001 0
1734 0.1020833333333335 0.4000000000000001 0
1735 0.1009895833333335 0.4100000000000001 0
1736 0.09989583333333346 0.42 0
1737 0.0988020833333334 0.4300000000000001 0
1738 0.09770833333333356 0.4400000000000001 0
1739 0.0966145833333335 0.4500000000000001 0
1740 0.0955208333333335 0.4600000000000002 0
1741 0.09442708333333355 0.4700000000000001 0
1742 0.09333333333333349 0.4800000000000001 0
1743 0.09223958333333349 0.4900000000000001 0
1744 0.09114583333333348 0.5000000000000002 0
1745 0.09005208333333348 0.5100000000000001 0
1746 0.08895833333333342 0.5200000000000002 0
1747 0.08786458333333347 0.5300000000000002 0
1748 0.08677083333333352 0.5400000000000001 0
1749 0.08567708333333346 0.5500000000000002 0
1750 0.08458333333333345 0.5600000000000001 0
1751 0.08348958333333351 0.5700000000000002 0
1752 0.08239583333333345 0.5800000000000003 0
1753 0.08130208333333344 0.5900000000000002 0
1754 0.08020833333333344 0.6000000000000002 0
1755 0.07911458333333343 0.6100000000000001 0
1756 0.07802083333333337 0.6200000000000001 0
1757 0.07692708333333348 0.6300000000000001 0
1758 0.07583333333333353 0.6400000000000001 0
1759 0.07473958333333347 0.6500000000000002 0
1760 0.07364583333333347 0.6600000000000001 0
1761 0.07255208333333335 0.6700000000000003 0
1762 0.07145833333333346 0.6800000000000002 0
1763 0.07036458333333345 0.6900000000000001 0
1764 0.06927083333333345 0.7000000000000001 0
1765 0.06817708333333355 0.7100000000000002 0
1766 0.06708333333333338 0.7200000000000001 0
1767 0.06598958333333349 0.7300000000000001 0
1768 0.06489583333333343 0.7400000000000002 0
1769 0.06380208333333348 0.7500000000000001 0
1770 0.06270833333333353 0.76 0
1771 0.06161458333333347 0.77 0
1772 0.06052083333333347 0.78 0
1773 0.05942708333333352 0.7900000000000001 0
1774 0.1240625 0.009999999999999953 0
1775 0.1231250000000001 0.02000000000000002 0
1776 0.1221875 0.03000000000000014 0
1777 0.12125 0.03999999999999992 0
1778 0.1203125000000002 0.05000000000000027 0
1779 0.1193750000000001 0.06000000000000022 0
1780 0.1184375 0.07000000000000001 0
1781 0.1175000000000001 0.07999999999999996 0
1782 0.1165625 0.09000000000000014 0
1783 0.115625 0.1000000000000001 0
1784 0.1146875 0.1100000000000003 0
1785 0.1137500000000001 0.1200000000000002 0
1786 0.1128125000000001 0.1300000000000002 0
1787 0.111875 0.1400000000000001 0
1788 0.1109375 0.1500000000000002 0
1789 0.1100000000000001 0.1600000000000001 0
1790 0.1090625 0.1700000000000003 0
1791 0.108125 0.1800000000000002 0
1792 0.1071875 0.1900000000000002 0
1793 0.1062500000000001 0.2000000000000003 0
1794 0.1053124999999999 0.2100000000000004 0
1795 0.1043750000000001 0.2200000000000003 0
1796 0.1034375 0.2300000000000003 0
1797 0.1025 0.2400000000000002 0
1798 0.1015625000000001 0.2500000000000003 0
1799 0.1006250000000002 0.2600000000000003 0
1800 0.0996875000000001 0.2700000000000002 0
1801 0.09875000000000012 0.2800000000000002 0
1802 0.09781250000000002 0.2900000000000002 0
1803 0.0968750000000001 0.3000000000000002 0
1804 0.09593750000000018 0.3100000000000002 0
1805 0.09500000000000003 0.3200000000000002 0
1806 0.0940625000000001 0.3300000000000002 0
1807 0.09312500000000018 0.3400000000000001 0
1808 0.09218750000000003 0.3500000000000001 0
1809 0.09125000000000005 0.3600000000000002 0
1810 0.09031250000000018 0.3700000000000001 0
1811 0.08937500000000004 0.3800000000000001 0
1812 0.08843750000000011 0.3900000000000001 0
1813 0.08750000000000008 0.4000000000000001 0
1814 0.08656250000000004 0.4100000000000001 0
1815 0.08562500000000012 0.4200000000000001 0
1816 0.08468750000000003 0.4300000000000002 0
1817 0.0837500000000001 0.4400000000000001 0
1818 0.08281250000000001 0.4500000000000001 0
1819 0.08187500000000009 0.4600000000000003 0
1820 0.08093750000000011 0.4700000000000002 0
1821 0.08000000000000007 0.4800000000000002 0
1822 0.07906250000000009 0.4900000000000002 0
1823 0.07812500000000011 0.5000000000000002 0
1824 0.07718750000000002 0.5100000000000002 0
1825 0.07625000000000004 0.5200000000000002 0
1826 0.07531250000000012 0.5300000000000002 0
1827 0.07437500000000002 0.5400000000000003 0
1828 0.0734375000000001 0.5500000000000002 0
1829 0.07250000000000001 0.5600000000000001 0
1830 0.07156250000000003 0.5700000000000003 0
1831 0.0706250000000001 0.5800000000000003 0
1832 0.06968750000000012 0.5900000000000002 0
1833 0.06875000000000009 0.6000000000000002 0
1834 0.06781250000000011 0.6100000000000002 0
1835 0.06687500000000007 0.6200000000000001 0
1836 0.06593750000000004 0.6300000000000001 0
1837 0.065 0.6400000000000001 0
1838 0.06406250000000013 0.6500000000000002 0
1839 0.06312500000000015 0.6600000000000001 0
1840 0.06218750000000001 0.6700000000000003 0
1841 0.06125000000000008 0.68 0
1842 0.0603125000000001 0.6900000000000001 0
1843 0.05937500000000007 0.7000000000000002 0
1844 0.05843750000000009 0.7100000000000002 0
1845 0.05750000000000011 0.7200000000000002 0
1846 0.05656250000000002 0.73 0
1847 0.05562500000000009 0.7400000000000001 0
1848 0.0546875 0.7500000000000002 0
1849 0.05375000000000002 0.7600000000000002 0
1850 0.0528125000000001 0.7700000000000002 0
1851 0.051875 0.7800000000000001 0
1852 0.05093750000000008 0.7900000000000003 0
1853 0.1033854166666668 0.009999999999999953 0
1854 0.1026041666666668 0.02000000000000002 0
1855 0.1018229166666668 0.03000000000000003 0
1856 0.1010416666666667 0.03999999999999992 0
1857 0.1002604166666667 0.05000000000000016 0
1858 0.09947916666666684 0.06000000000000005 0
1859 0.09869791666666672 0.07000000000000001 0
1860 0.09791666666666676 0.08000000000000018 0
1861 0.09713541666666664 0.09000000000000002 0
1862 0.0963541666666668 0.1 0
1863 0.09557291666666673 0.1100000000000002 0
1864 0.09479166666666683 0.1200000000000002 0
1865 0.09401041666666682 0.1300000000000002 0
1866 0.09322916666666675 0.1400000000000001 0
1867 0.09244791666666696 0.1500000000000003 0
1868 0.09166666666666679 0.1600000000000003 0
1869 0.09088541666666677 0.1700000000000002 0
1870 0.09010416666666676 0.1800000000000002 0
1871 0.0893229166666667 0.1900000000000002 0
1872 0.0885416666666668 0.2000000000000002 0
1873 0.08776041666666679 0.2100000000000003 0
1874 0.08697916666666672 0.2200000000000003 0
1875 0.08619791666666682 0.2300000000000003 0
1876 0.08541666666666686 0.2400000000000003 0
1877 0.08463541666666669 0.2500000000000002 0
1878 0.08385416666666679 0.2600000000000002 0
1879 0.08307291666666689 0.2700000000000003 0
1880 0.08229166666666676 0.2800000000000002 0
1881 0.08151041666666681 0.2900000000000003 0
1882 0.08072916666666685 0.3000000000000003 0
1883 0.07994791666666684 0.3100000000000002 0
1884 0.07916666666666689 0.3200000000000002 0
1885 0.07838541666666682 0.3300000000000002 0
1886 0.07760416666666686 0.3400000000000002 0
1887 0.0768229166666668 0.3500000000000002 0
1888 0.07604166666666679 0.3600000000000002 0
1889 0.07526041666666677 0.3700000000000002 0
1890 0.07447916666666682 0.3800000000000002 0
1891 0.07369791666666681 0.3900000000000001 0
1892 0.0729166666666668 0.4000000000000001 0
1893 0.07213541666666679 0.4100000000000002 0
1894 0.07135416666666683 0.4200000000000002 0
1895 0.07057291666666682 0.4300000000000002 0
1896 0.06979166666666681 0.4400000000000001 0
1897 0.0690104166666668 0.4500000000000002 0
1898 0.06822916666666673 0.4600000000000003 0
1899 0.06744791666666683 0.4700000000000003 0
1900 0.06666666666666687 0.4800000000000002 0
1901 0.06588541666666681 0.4900000000000002 0
1902 0.0651041666666668 0.5000000000000002 0
1903 0.06432291666666679 0.5100000000000002 0
1904 0.06354166666666677 0.5200000000000002 0
1905 0.06276041666666676 0.5300000000000002 0
1906 0.06197916666666686 0.5400000000000003 0
1907 0.06119791666666674 0.5500000000000003 0
1908 0.06041666666666679 0.5600000000000002 0
1909 0.05963541666666677 0.5700000000000003 0
1910 0.05885416666666676 0.5800000000000003 0
1911 0.05807291666666686 0.5900000000000002 0
1912 0.0572916666666668 0.6000000000000002 0
1913 0.05651041666666679 0.6100000000000002 0
1914 0.05572916666666677 0.6200000000000002 0
1915 0.05494791666666676 0.6300000000000001 0
1916 0.05416666666666681 0.6400000000000002 0
1917 0.05338541666666669 0.6500000000000002 0
1918 0.05260416666666679 0.6600000000000001 0
1919 0.05182291666666677 0.6700000000000003 0
1920 0.05104166666666676 0.6800000000000002 0
1921 0.05026041666666681 0.6900000000000001 0
1922 0.04947916666666669 0.7000000000000002 0
1923 0.04869791666666679 0.7100000000000002 0
1924 0.04791666666666677 0.7200000000000002 0
1925 0.04713541666666671 0.73 0
1926 0.04635416666666675 0.7400000000000001 0
1927 0.04557291666666674 0.7500000000000001 0
1928 0.04479166666666673 0.76 0
1929 0.04401041666666677 0.77 0
1930 0.04322916666666676 0.78 0
1931 0.04244791666666675 0.7900000000000003 0
1932 0.08270833333333338 0.009999999999999953 0
1933 0.08208333333333334 0.02000000000000002 0
1934 0.08145833333333341 0.03000000000000014 0
1935 0.08083333333333348 0.03999999999999987 0
1936 0.08020833333333338 0.05000000000000016 0
1937 0.07958333333333339 0.06000000000000005 0
1938 0.0789583333333333 0.06999999999999995 0
1939 0.07833333333333337 0.08000000000000007 0
1940 0.07770833333333338 0.09000000000000019 0
1941 0.07708333333333339 0.1000000000000001 0
1942 0.07645833333333335 0.1100000000000002 0
1943 0.07583333333333336 0.1200000000000002 0
1944 0.07520833333333327 0.1300000000000002 0
1945 0.07458333333333345 0.1400000000000002 0
1946 0.0739583333333334 0.1500000000000003 0
1947 0.07333333333333336 0.1600000000000003 0
1948 0.07270833333333337 0.1700000000000003 0
1949 0.07208333333333333 0.1800000000000003 0
1950 0.0714583333333334 0.1900000000000002 0
1951 0.07083333333333336 0.2000000000000004 0
1952 0.07020833333333337 0.2100000000000003 0
1953 0.06958333333333344 0.2200000000000003 0
1954 0.06895833333333345 0.2300000000000003 0
1955 0.06833333333333341 0.2400000000000002 0
1956 0.06770833333333343 0.2500000000000003 0
1957 0.06708333333333338 0.2600000000000003 0
1958 0.0664583333333334 0.2700000000000004 0
1959 0.06583333333333335 0.2800000000000004 0
1960 0.06520833333333342 0.2900000000000003 0
1961 0.06458333333333344 0.3000000000000003 0
1962 0.06395833333333345 0.3100000000000003 0
1963 0.0633333333333333 0.3200000000000003 0
1964 0.06270833333333331 0.3300000000000002 0
1965 0.06208333333333332 0.3400000000000002 0
1966 0.06145833333333345 0.3500000000000002 0
1967 0.06083333333333329 0.3600000000000003 0
1968 0.06020833333333342 0.3700000000000002 0
1969 0.05958333333333343 0.3800000000000002 0
1970 0.05895833333333345 0.3900000000000001 0
1971 0.0583333333333334 0.4000000000000001 0
1972 0.05770833333333347 0.4100000000000002 0
1973 0.05708333333333354 0.4200000000000002 0
1974 0.05645833333333344 0.4300000000000002 0
1975 0.05583333333333346 0.4400000000000002 0
1976 0.05520833333333336 0.4500000000000002 0
1977 0.05458333333333343 0.4600000000000004 0
1978 0.05395833333333344 0.4700000000000002 0
1979 0.05333333333333345 0.4800000000000003 0
1980 0.05270833333333347 0.4900000000000002 0
1981 0.05208333333333337 0.5000000000000002 0
1982 0.05145833333333344 0.5100000000000002 0
1983 0.05083333333333345 0.5200000000000004 0
1984 0.05020833333333335 0.5300000000000004 0
1985 0.04958333333333342 0.5400000000000003 0
1986 0.04895833333333344 0.5500000000000003 0
1987 0.04833333333333345 0.5600000000000003 0
1988 0.04770833333333346 0.5700000000000003 0
1989 0.04708333333333337 0.5800000000000003 0
1990 0.04645833333333343 0.5900000000000003 0
1991 0.04583333333333328 0.6000000000000002 0
1992 0.04520833333333335 0.6100000000000002 0
1993 0.04458333333333336 0.6200000000000003 0
1994 0.04395833333333338 0.6300000000000001 0
1995 0.04333333333333345 0.6400000000000002 0
1996 0.04270833333333346 0.6500000000000004 0
1997 0.04208333333333325 0.6600000000000001 0
1998 0.04145833333333326 0.6700000000000002 0
1999 0.04083333333333333 0.68 0
2000 0.0402083333333334 0.6899999999999999 0
2001 0.03958333333333341 0.7000000000000001 0
2002 0.03895833333333343 0.7100000000000002 0
2003 0.03833333333333344 0.7200000000000002 0
2004 0.03770833333333345 0.73 0
2005 0.0370833333333333 0.7400000000000002 0
2006 0.03645833333333337 0.7500000000000002 0
2007 0.03583333333333327 0.76 0
2008 0.03520833333333334 0.7700000000000001 0
2009 0.03458333333333341 0.7800000000000001 0
2010 0.03395833333333337 0.7900000000000003 0
2011 0.06203124999999998 0.009999999999999953 0
2012 0.06156249999999991 0.02000000000000002 0
2013 0.06109375000000006 0.03000000000000003 0
2014 0.06062500000000004 0.03999999999999998 0
2015 0.06015625000000008 0.05000000000000004 0
2016 0.05968749999999989 0.06000000000000016 0
2017 0.05921875000000004 0.07000000000000006 0
2018 0.05875000000000002 0.08000000000000013 0
2019 0.05828124999999995 0.09000000000000014 0
2020 0.05781250000000004 0.1000000000000001 0
2021 0.05734375000000008 0.1100000000000003 0
2022 0.05687500000000001 0.1200000000000002 0
2023 0.0564062500000001 0.1300000000000003 0
2024 0.05593750000000003 0.1400000000000002 0
2025 0.05546874999999996 0.1500000000000003 0
2026 0.05499999999999994 0.1600000000000003 0
2027 0.05453125000000003 0.1700000000000003 0
2028 0.0540624999999999 0.1800000000000003 0
2029 0.05359375000000011 0.1900000000000003 0
2030 0.05312500000000003 0.2000000000000004 0
2031 0.05265625000000002 0.2100000000000003 0
2032 0.0521875 0.2200000000000003 0
2033 0.05171875000000004 0.2300000000000004 0
2034 0.05125000000000007 0.2400000000000004 0
2035 0.05078125000000006 0.2500000000000003 0
2036 0.05031250000000004 0.2600000000000003 0
2037 0.04984375000000002 0.2700000000000004 0
2038 0.049375 0.2800000000000004 0
2039 0.04890625000000004 0.2900000000000004 0
2040 0.04843749999999997 0.3000000000000003 0
2041 0.04796875 0.3100000000000003 0
2042 0.0475000000000001 0.3200000000000003 0
2043 0.04703125000000019 0.3300000000000003 0
2044 0.04656250000000001 0.3400000000000002 0
2045 0.04609375000000004 0.3500000000000003 0
2046 0.04562500000000003 0.3600000000000003 0
2047 0.04515625000000012 0.3700000000000002 0
2048 0.0446875000000001 0.3800000000000002 0
2049 0.04421874999999992 0.3900000000000002 0
2050 0.04375000000000007 0.4000000000000002 0
2051 0.0432812500000001 0.4100000000000003 0
2052 0.04281249999999998 0.4200000000000003 0
2053 0.04234375000000001 0.4300000000000003 0
2054 0.041875 0.4400000000000002 0
2055 0.04140625000000009 0.4500000000000002 0
2056 0.04093750000000002 0.4600000000000004 0
2057 0.04046875 0.4700000000000003 0
2058 0.03999999999999992 0.4800000000000003 0
2059 0.03953125000000013 0.4900000000000003 0
2060 0.03906250000000017 0.5000000000000003 0
2061 0.03859375000000004 0.5100000000000002 0
2062 0.03812500000000008 0.5200000000000005 0
2063 0.03765624999999995 0.5300000000000004 0
2064 0.03718749999999998 0.5400000000000003 0
2065 0.03671875000000013 0.5500000000000003 0
2066 0.03625000000000012 0.5600000000000003 0
2067 0.0357812500000001 0.5700000000000003 0
2068 0.03531250000000002 0.5800000000000004 0
2069 0.03484375000000001 0.5900000000000003 0
2070 0.03437499999999999 0.6000000000000003 0
2071 0.03390625000000008 0.6100000000000002 0
2072 0.03343750000000001 0.6200000000000002 0
2073 0.03296875000000016 0.6300000000000001 0
2074 0.03249999999999992 0.6400000000000002 0
2075 0.03203125000000007 0.6500000000000004 0
2076 0.03156249999999999 0.6600000000000001 0
2077 0.03109374999999998 0.6700000000000003 0
2078 0.03062500000000001 0.6800000000000002 0
2079 0.03015625000000016 0.6900000000000002 0
2080 0.02968750000000009 0.7000000000000001 0
2081 0.02921875000000002 0.7100000000000002 0
2082 0.02875 0.7200000000000002 0
2083 0.02828124999999998 0.73 0
2084 0.02781249999999996 0.7400000000000001 0
2085 0.02734375 0.7500000000000002 0
2086 0.02687500000000004 0.7600000000000001 0
2087 0.02640625000000002 0.7700000000000002 0
2088 0.0259375 0.78 0
2089 0.02546874999999998 0.7900000000000001 0
2090 0.0413541666666668 0.01000000000000006 0
2091 0.04104166666666675 0.02000000000000002 0
2092 0.04072916666666676 0.03000000000000014 0
2093 0.04041666666666682 0.03999999999999987 0
2094 0.04010416666666672 0.05000000000000021 0
2095 0.03979166666666656 0.06000000000000016 0
2096 0.03947916666666684 0.07000000000000001 0
2097 0.03916666666666668 0.08000000000000013 0
2098 0.0388541666666668 0.09000000000000025 0
2099 0.03854166666666664 0.1 0
2100 0.03822916666666687 0.1100000000000002 0
2101 0.03791666666666671 0.1200000000000002 0
2102 0.03760416666666677 0.1300000000000003 0
2103 0.03729166666666672 0.1400000000000002 0
2104 0.03697916666666673 0.1500000000000003 0
2105 0.03666666666666674 0.1600000000000002 0
2106 0.0363541666666668 0.1700000000000003 0
2107 0.03604166666666681 0.1800000000000003 0
2108 0.03572916666666676 0.1900000000000003 0
2109 0.03541666666666682 0.2000000000000005 0
2110 0.03510416666666683 0.2100000000000003 0
2111 0.03479166666666678 0.2200000000000004 0
2112 0.03447916666666667 0.2300000000000003 0
2113 0.0341666666666669 0.2400000000000004 0
2114 0.03385416666666657 0.2500000000000003 0
2115 0.0335416666666668 0.2600000000000003 0
2116 0.0332291666666667 0.2700000000000004 0
2117 0.03291666666666682 0.2800000000000004 0
2118 0.03260416666666677 0.2900000000000004 0
2119 0.03229166666666677 0.3000000000000004 0
2120 0.03197916666666673 0.3100000000000003 0
2121 0.03166666666666662 0.3200000000000003 0
2122 0.03135416666666679 0.3300000000000003 0
2123 0.03104166666666669 0.3400000000000003 0
2124 0.03072916666666681 0.3500000000000003 0
2125 0.0304166666666667 0.3600000000000003 0
2126 0.03010416666666677 0.3700000000000003 0
2127 0.02979166666666677 0.3800000000000002 0
2128 0.02947916666666667 0.3900000000000002 0
2129 0.02916666666666667 0.4000000000000002 0
2130 0.02885416666666663 0.4100000000000003 0
2131 0.0285416666666668 0.4200000000000003 0
2132 0.02822916666666664 0.4300000000000003 0
2133 0.02791666666666681 0.4400000000000002 0
2134 0.02760416666666687 0.4500000000000003 0
2135 0.02729166666666671 0.4600000000000004 0
2136 0.02697916666666678 0.4700000000000003 0
2137 0.02666666666666673 0.4800000000000003 0
2138 0.02635416666666673 0.4900000000000003 0
2139 0.0260416666666668 0.5000000000000004 0
2140 0.02572916666666675 0.5100000000000002 0
2141 0.0254166666666667 0.5200000000000005 0
2142 0.02510416666666687 0.5300000000000004 0
2143 0.02479166666666677 0.5400000000000003 0
2144 0.02447916666666666 0.5500000000000003 0
2145 0.02416666666666678 0.5600000000000002 0
2146 0.02385416666666662 0.5700000000000004 0
2147 0.02354166666666674 0.5800000000000003 0
2148 0.02322916666666669 0.5900000000000003 0
2149 0.02291666666666681 0.6000000000000003 0
2150 0.02260416666666665 0.6100000000000003 0
2151 0.02229166666666677 0.6200000000000003 0
2152 0.02197916666666672 0.6300000000000001 0
2153 0.02166666666666683 0.6400000000000003 0
2154 0.02135416666666679 0.6500000000000004 0
2155 0.02104166666666668 0.6600000000000001 0
2156 0.0207291666666668 0.6700000000000002 0
2157 0.02041666666666664 0.6800000000000002 0
2158 0.0201041666666667 0.6899999999999999 0
2159 0.01979166666666671 0.7000000000000002 0
2160 0.01947916666666671 0.7100000000000001 0
2161 0.01916666666666678 0.7200000000000002 0
2162 0.01885416666666667 0.73 0
2163 0.01854166666666685 0.7400000000000002 0
2164 0.01822916666666669 0.75 0
2165 0.01791666666666675 0.7600000000000002 0
2166 0.01760416666666675 0.7700000000000001 0
2167 0.01729166666666659 0.7800000000000001 0
2168 0.01697916666666677 0.7900000000000003 0
2169 0.02067708333333335 0.009999999999999953 0
2170 0.02052083333333338 0.02000000000000007 0
2171 0.02036458333333324 0.03000000000000008 0
2172 0.02020833333333322 0.03999999999999998 0
2173 0.0200520833333333 0.05000000000000016 0
2174 0.01989583333333339 0.06000000000000022 0
2175 0.01973958333333348 0.07000000000000001 0
2176 0.01958333333333323 0.08000000000000007 0
2177 0.01942708333333332 0.09000000000000025 0
2178 0.0192708333333334 0.1000000000000002 0
2179 0.01911458333333332 0.1100000000000002 0
2180 0.01895833333333335 0.1200000000000002 0
2181 0.01880208333333327 0.1300000000000003 0
2182 0.01864583333333331 0.1400000000000001 0
2183 0.01848958333333323 0.1500000000000003 0
2184 0.01833333333333337 0.1600000000000002 0
2185 0.01817708333333345 0.1700000000000003 0
2186 0.01802083333333337 0.1800000000000004 0
2187 0.01786458333333324 0.1900000000000004 0
2188 0.01770833333333338 0.2000000000000005 0
2189 0.0175520833333333 0.2100000000000004 0
2190 0.01739583333333333 0.2200000000000004 0
2191 0.01723958333333336 0.2300000000000005 0
2192 0.01708333333333339 0.2400000000000004 0
2193 0.01692708333333331 0.2500000000000004 0
2194 0.01677083333333329 0.2600000000000005 0
2195 0.01661458333333327 0.2700000000000005 0
2196 0.01645833333333341 0.2800000000000004 0
2197 0.01630208333333327 0.2900000000000004 0
2198 0.0161458333333333 0.3000000000000004 0
2199 0.01598958333333322 0.3100000000000004 0
2200 0.01583333333333331 0.3200000000000004 0
2201 0.01567708333333329 0.3300000000000003 0
2202 0.01552083333333332 0.3400000000000003 0
2203 0.0153645833333334 0.3500000000000004 0
2204 0.01520833333333332 0.3600000000000004 0
2205 0.01505208333333347 0.3700000000000003 0
2206 0.01489583333333339 0.3800000000000002 0
2207 0.01473958333333347 0.3900000000000002 0
2208 0.01458333333333334 0.4000000000000003 0
2209 0.01442708333333337 0.4100000000000003 0
2210 0.01427083333333345 0.4200000000000003 0
2211 0.01411458333333337 0.4300000000000004 0
2212 0.01395833333333335 0.4400000000000002 0
2213 0.01380208333333327 0.4500000000000003 0
2214 0.01364583333333336 0.4600000000000005 0
2215 0.01348958333333322 0.4700000000000004 0
2216 0.01333333333333331 0.4800000000000003 0
2217 0.01317708333333334 0.4900000000000003 0
2218 0.01302083333333326 0.5000000000000004 0
2219 0.01286458333333329 0.5100000000000003 0
2220 0.01270833333333338 0.5200000000000005 0
2221 0.01255208333333335 0.5300000000000005 0
2222 0.01239583333333327 0.5400000000000004 0
2223 0.01223958333333336 0.5500000000000004 0
2224 0.01208333333333345 0.5600000000000002 0
2225 0.01192708333333325 0.5700000000000004 0
2226 0.01177083333333329 0.5800000000000004 0
2227 0.01161458333333337 0.5900000000000003 0
2228 0.01145833333333346 0.6000000000000003 0
2229 0.01130208333333332 0.6100000000000003 0
2230 0.01114583333333341 0.6200000000000002 0
2231 0.01098958333333333 0.6300000000000002 0
2232 0.01083333333333319 0.6400000000000003 0
2233 0.01067708333333328 0.6500000000000004 0
2234 0.01052083333333337 0.6600000000000003 0
2235 0.01036458333333334 0.6700000000000002 0
2236 0.01020833333333321 0.6800000000000002 0
2237 0.01005208333333335 0.6899999999999999 0
2238 0.009895833333333326 0.7000000000000001 0
2239 0.009739583333333357 0.7100000000000002 0
2240 0.009583333333333277 0.7200000000000002 0
2241 0.009427083333333364 0.73 0
2242 0.00927083333333345 0.7400000000000002 0
2243 0.009114583333333259 0.7500000000000002 0
2244 0.008958333333333346 0.7600000000000002 0
2245 0.008802083333333377 0.7700000000000002 0
2246 0.008645833333333519 0.7800000000000001 0
2247 0.008489583333333328 0.7900000000000003 0
2248 0.008425572344376631 0.8083310157547727 0
2249 0.008517811355419791 0.8166620315095456 0
2250 0.008610050366463007 0.8249930472643183 0
2251 0.008702289377506223 0.8333240630190911 0
2252 0.008794528388549494 0.8416550787738639 0
2253 0.008886767399592488 0.8499860945286366 0
2254 0.008979006410635815 0.8583171102834094 0
2255 0.00907124542167892 0.8666481260381822 0
2256 0.009163484432722135 0.874979141792955 0
2257 0.009255723443765462 0.8833101575477276 0
2258 0.009347962454808567 0.8916411733025004 0
2259 0.009440201465851727 0.8999721890572732 0
2260 0.009532440476894999 0.9083032048120461 0
2261 0.00962467948793827 0.9166342205668186 0
2262 0.009716918498981375 0.9249652363215916 0
2263 0.009809157510024591 0.9332962520763642 0
2264 0.009901396521067862 0.941627267831137 0
2265 0.009993635532111023 0.9499582835859101 0
2266 0.01008587454315435 0.9582892993406825 0
2267 0.01017811355419757 0.9666203150954554 0
2268 0.01027035256524078 0.9749513308502281 0
2269 0.01036259157628378 0.983282346605001 0
2270 0.01045483058732716 0.9916133623597737 0
2271 0.01685109580142846 0.8083240632769073 0
2272 0.01703552493619004 0.8166481265538146 0
2273 0.01721995407095184 0.8249721898307218 0
2274 0.01740438320571353 0.833296253107629 0
2275 0.01758881234047521 0.8416203163845364 0
2276 0.0177732414752369 0.8499443796614435 0
2277 0.01795767060999859 0.8582684429383509 0
2278 0.01814209974476022 0.8665925062152582 0
2279 0.01832652887952219 0.8749165694921653 0
2280 0.01851095801428376 0.8832406327690726 0
2281 0.01869538714904545 0.8915646960459798 0
2282 0.01887981628380714 0.899888759322887 0
2283 0.01906424541856883 0.9082128225997943 0
2284 0.01924867455333051 0.9165368858767015 0
2285 0.0194331036880922 0.9248609491536089 0
2286 0.019617532822854 0.9331850124305162 0
2287 0.01980196195761558 0.9415090757074235 0
2288 0.01998639109237726 0.949833138984331 0
2289 0.02017082022713901 0.9581572022612381 0
2290 0.0203552493619007 0.9664812655381453 0
2291 0.02053967849666249 0.9748053288150524 0
2292 0.02072410763142402 0.9831293920919598 0
2293 0.02090853676618581 0.991453455368867 0
2294 0.02527652148926912 0.8083124766731566 0
2295 0.02555304297853811 0.8166249533463132 0
2296 0.02582956446780721 0.82493743001947 0
2297 0.02610608595707614 0.8332499066926267 0
2298 0.02638260744634524 0.8415623833657833 0
2299 0.02665912893561417 0.8498748600389401 0
2300 0.02693565042488333 0.8581873367120966 0
2301 0.02721217191415237 0.8664998133852533 0
2302 0.02748869340342147 0.8748122900584099 0
2303 0.02776521489269046 0.8831247667315666 0
2304 0.02804173638195956 0.8914372434047233 0
2305 0.0283182578712286 0.8997497200778798 0
2306 0.02859477936049765 0.9080621967510365 0
2307 0.02887130084976675 0.9163746734241932 0
2308 0.02914782233903573 0.9246871500973499 0
2309 0.02942434382830478 0.9329996267705065 0
2310 0.02970086531757371 0.9413121034436632 0
2311 0.02997738680684292 0.9496245801168198 0
2312 0.03025390829611191 0.9579370567899766 0
2313 0.03053042978538095 0.9662495334631332 0
2314 0.03080695127465011 0.9745620101362895 0
2315 0.03108347276391904 0.9828744868094464 0
2316 0.03135999425318803 0.9911869634826033 0
2317 0.0337018005368887 0.8082962572324583 0
2318 0.0340702677404438 0.8165925144649169 0
2319 0.03443873494399891 0.8248887716973754 0
2320 0.03480720214755401 0.833185028929834 0
2321 0.03517566935110922 0.8414812861622922 0
2322 0.03554413655466432 0.8497775433947509 0
2323 0.03591260375821964 0.8580738006272092 0
2324 0.03628107096177474 0.8663700578596676 0
2325 0.03664953816532984 0.8746663150921262 0
2326 0.037018005368885 0.8829625723245845 0
2327 0.03738647257244021 0.8912588295570432 0
2328 0.03775493977599537 0.8995550867895015 0
2329 0.03812340697955058 0.90785134402196 0
2330 0.03849187418310568 0.9161476012544184 0
2331 0.03886034138666089 0.9244438584868768 0
2332 0.03922880859021599 0.9327401157193355 0
2333 0.03959727579377109 0.9410363729517939 0
2334 0.03996574299732641 0.9493326301842523 0
2335 0.04033421020088152 0.9576288874167108 0
2336 0.04070267740443673 0.965925144649169 0
2337 0.04107114460799194 0.9742214018816276 0
2338 0.04143961181154698 0.9825176591140861 0
2339 0.04180807901510231 0.9908139163465445 0
2340 0.04212688408958948 0.8082754067591245 0
2341 0.04258710151251227 0.8165508135182489 0
2342 0.04304731893543506 0.8248262202773733 0
2343 0.04350753635835797 0.8331016270364977 0
2344 0.04396775378128059 0.8413770337956219 0
2345 0.04442797120420339 0.8496524405547464 0
2346 0.04488818862712601 0.8579278473138708 0
2347 0.04534840605004892 0.8662032540729953 0
2348 0.04580862347297171 0.8744786608321198 0
2349 0.0462688408958945 0.882754067591244 0
2350 0.04672905831881735 0.8910294743503685 0
2351 0.04718927574174003 0.8993048811094928 0
2352 0.04764949316466272 0.9075802878686172 0
2353 0.04810971058758556 0.9158556946277415 0
2354 0.04856992801050836 0.9241311013868659 0
2355 0.04903014543343104 0.9324065081459906 0
2356 0.04949036285635378 0.940681914905115 0
2357 0.04995058027927674 0.9489573216642392 0
2358 0.05041079770219942 0.9572327284233637 0
2359 0.05087101512512215 0.9655081351824882 0
2360 0.05133123254804506 0.9737835419416125 0
2361 0.05179144997096774 0.982058948700737 0
2362 0.05225166739389048 0.9903343554598615 0
2363 0.05055172331442209 0.8082499275726398 0
2364 0.05110344662884425 0.8164998551452796 0
2365 0.05165516994326635 0.8247497827179193 0
2366 0.05220689325768835 0.8329997102905591 0
2367 0.05275861657211045 0.8412496378631988 0
2368 0.0533103398865325 0.8494995654358386 0
2369 0.05386206320095455 0.8577494930084785 0
2370 0.05441378651537671 0.8659994205811181 0
2371 0.05496550982979881 0.874249348153758 0
2372 0.05551723314422069 0.8824992757263976 0
2373 0.05606895645864279 0.8907492032990375 0
2374 0.0566206797730649 0.8989991308716773 0
2375 0.05717240308748694 0.907249058444317 0
2376 0.05772412640190899 0.9154989860169567 0
2377 0.0582758497163311 0.9237489135895967 0
2378 0.05882757303075314 0.9319988411622363 0
2379 0.05937929634517519 0.9402487687348761 0
2380 0.0599310196595973 0.948498696307516 0
2381 0.06048274297401923 0.9567486238801558 0
2382 0.06103446628844139 0.9649985514527954 0
2383 0.06158618960286338 0.9732484790254349 0
2384 0.0621379129172856 0.9814984065980751 0
2385 0.06268963623170759 0.9897483341707148 0
2386 0.05897626940561673 0.8082198225074053 0
2387 0.05961920547790006 0.8164396450148106 0
2388 0.06026214155018333 0.8246594675222161 0
2389 0.06090507762246666 0.8328792900296215 0
2390 0.06154801369474999 0.8410991125370268 0
2391 0.06219094976703332 0.8493189350444322 0
2392 0.06283388583931665 0.8575387575518376 0
2393 0.06347682191159987 0.8657585800592429 0
2394 0.0641197579838832 0.8739784025666483 0
2395 0.06476269405616647 0.8821982250740534 0
2396 0.06540563012844974 0.8904180475814589 0
2397 0.06604856620073313 0.8986378700888644 0
2398 0.06669150227301651 0.9068576925962696 0
2399 0.0673344383452999 0.915077515103675 0
2400 0.06797737441758317 0.9232973376110802 0
2401 0.06862031048986633 0.9315171601184856 0
2402 0.06926324656214972 0.9397369826258911 0
2403 0.06990618263443299 0.9479568051332964 0
2404 0.07054911870671632 0.9561766276407019 0
2405 0.07119205477899959 0.9643964501481072 0
2406 0.07183499085128292 0.9726162726555122 0
2407 0.0724779269235663 0.9808360951629176 0
2408 0.07312086299584963 0.9890559176703232 0
2409 0.06740047359001289 0.8081850949124221 0
2410 0.06813428051335896 0.8163701898248442 0
2411 0.06886808743670508 0.8245552847372664 0
2412 0.06960189436005099 0.8327403796496884 0
2413 0.07033570128339706 0.8409254745621105 0
2414 0.07106950820674318 0.8491105694745328 0
2415 0.07180331513008925 0.8572956643869548 0
2416 0.07253712205343527 0.8654807592993772 0
2417 0.07327092897678128 0.8736658542117992 0
2418 0.07400473590012746 0.8818509491242212 0
2419 0.07473854282347342 0.8900360440366434 0
2420 0.07547234974681954 0.8982211389490655 0
2421 0.07620615667016556 0.9064062338614876 0
2422 0.07693996359351163 0.9145913287739097 0
2423 0.0776737705168577 0.9227764236863317 0
2424 0.07840757744020371 0.930961518598754 0
2425 0.07914138436354984 0.9391466135111762 0
2426 0.07987519128689585 0.9473317084235982 0
2427 0.08060899821024192 0.9555168033360203 0
2428 0.08134280513358799 0.9637018982484425 0
2429 0.08207661205693401 0.9718869931608646 0
2430 0.08281041898028002 0.9800720880732865 0
2431 0.08354422590362609 0.9882571829857087 0
2432 0.0758242871324849 0.8081457486509187 0
2433 0.07664857426496957 0.8162914973018375 0
2434 0.07747286139745452 0.824437245952756 0
2435 0.07829714852993919 0.8325829946036749 0
2436 0.07912143566242402 0.8407287432545936 0
2437 0.07994572279490869 0.8488744919055123 0
2438 0.08077000992739342 0.8570202405564309 0
2439 0.08159429705987814 0.8651659892073498 0
2440 0.08241858419236286 0.8733117378582683 0
2441 0.0832428713248477 0.8814574865091871 0
2442 0.08406715845733242 0.8896032351601058 0
2443 0.08489144558981726 0.8977489838110244 0
2444 0.0857157327223021 0.9058947324619431 0
2445 0.08654001985478682 0.9140404811128618 0
2446 0.0873643069872716 0.9221862297637805 0
2447 0.08818859411975627 0.9303319784146993 0
2448 0.08901288125224099 0.9384777270656181 0
2449 0.08983716838472583 0.9466234757165367 0
2450 0.09066145551721055 0.9547692243674555 0
2451 0.09148574264969528 0.9629149730183739 0
2452 0.09231002978218006 0.9710607216692925 0
2453 0.09313431691466473 0.9792064703202117 0
2454 0.09395860404714956 0.9873522189711299 0
2455 0.08424766134136397 0.8081017880999217 0
2456 0.08516198934939434 0.8162035761998432 0
2457 0.08607631735742477 0.8243053642997649 0
2458 0.08699064536545509 0.8324071523996865 0
2459 0.08790497337348552 0.8405089404996079 0
2460 0.08881930138151606 0.8486107285995296 0
2461 0.08973362938954649 0.8567125166994511 0
2462 0.09064795739757697 0.8648143047993729 0
2463 0.09156228540560746 0.8729160928992944 0
2464 0.09247661341363772 0.881017880999216 0
2465 0.09339094142166832 0.8891196690991376 0
2466 0.0943052694296988 0.8972214571990591 0
2467 0.09521959743772929 0.9053232452989808 0
2468 0.09613392544575966 0.9134250333989024 0
2469 0.09704825345379009 0.921526821498824 0
2470 0.09796258146182052 0.9296286095987454 0
2471 0.09887690946985095 0.937730397698667 0
2472 0.09979123747788149 0.9458321857985886 0
2473 0.1007055654859119 0.9539339738985105 0
2474 0.1016198934939423 0.9620357619984319 0
2475 0.1025342215019728 0.9701375500983533 0
2476 0.1034485495100032 0.9782393381982751 0
2477 0.1043628775180337 0.9863411262981966 0
2478 0.09267054757385407 0.8080532181497682 0
2479 0.09367442848104129 0.8161064362995365 0
2480 0.09467830938822863 0.8241596544493048 0
2481 0.09568219029541591 0.8322128725990732 0
2482 0.09668607120260325 0.8402660907488413 0
2483 0.09768995210979053 0.8483193088986095 0
2484 0.09869383301697771 0.8563725270483777 0
2485 0.09969771392416499 0.8644257451981461 0
2486 0.1007015948313524 0.8724789633479143 0
2487 0.1017054757385396 0.8805321814976825 0
2488 0.1027093566457269 0.8885853996474509 0
2489 0.1037132375529142 0.896638617797219 0
2490 0.1047171184601015 0.9046918359469873 0
2491 0.1057209993672887 0.9127450540967555 0
2492 0.106724880274476 0.9207982722465237 0
2493 0.1077287611816632 0.9288514903962919 0
2494 0.1087326420888506 0.9369047085460602 0
2495 0.1097365229960379 0.9449579266958285 0
2496 0.1107404039032252 0.9530111448455968 0
2497 0.1117442848104124 0.961064362995365 0
2498 0.1127481657175997 0.969117581145133 0
2499 0.1137520466247869 0.9771707992949016 0
2500 0.1147559275319742 0.9852240174446697 0
2501 0.1010928972414437 0.8080000442035631 0
2502 0.1021857944828873 0.8160000884071261 0
2503 0.103278691724331 0.8240001326106894 0
2504 0.1043715889657748 0.8320001768142524 0
2505 0.1054644862072184 0.8400002210178155 0
2506 0.106557383448662 0.8480002652213786 0
2507 0.1076502806901057 0.8560003094249417 0
2508 0.1087431779315493 0.8640003536285048 0
2509 0.1098360751729929 0.872000397832068 0
2510 0.1109289724144366 0.8800004420356311 0
2511 0.1120218696558803 0.8880004862391941 0
2512 0.113114766897324 0.8960005304427572 0
2513 0.1142076641387677 0.9040005746463203 0
2514 0.1153005613802113 0.9120006188498833 0
2515 0.116393458621655 0.9200006630534466 0
2516 0.1174863558630986 0.9280007072570096 0
2517 0.1185792531045424 0.9360007514605727 0
2518 0.1196721503459859 0.9440007956641358 0
2519 0.1207650475874295 0.952000839867699 0
2520 0.1218579448288732 0.9600008840712618 0
2521 0.1229508420703169 0.9680009282748249 0
2522 0.1240437393117605 0.976000972478388 0
2523 0.1251366365532041 0.9840010166819511 0
2524 0.1095146618153111 0.8079422721765763 0
2525 0.1106959902972886 0.8158845443531528 0
2526 0.1118773187792662 0.8238268165297292 0
2527 0.1130586472612436 0.8317690887063057 0
2528 0.1142399757432214 0.839711360882882 0
2529 0.1154213042251988 0.8476536330594586 0
2530 0.1166026327071764 0.8555959052360349 0
2531 0.117783961189154 0.8635381774126114 0
2532 0.1189652896711315 0.8714804495891878 0
2533 0.120146618153109 0.8794227217657643 0
2534 0.1213279466350867 0.8873649939423406 0
2535 0.1225092751170642 0.8953072661189172 0
2536 0.1236906035990418 0.9032495382954935 0
2537 0.1248719320810194 0.9111918104720699 0
2538 0.1260532605629969 0.9191340826486464 0
2539 0.1272345890449744 0.9270763548252227 0
2540 0.1284159175269521 0.9350186270017993 0
2541 0.1295972460089296 0.9429608991783756 0
2542 0.1307785744909072 0.9509031713549521 0
2543 0.1319599029728847 0.9588454435315285 0
2544 0.1331412314548623 0.9667877157081048 0
2545 0.1343225599368399 0.9747299878846812 0
2546 0.1355038884188174 0.9826722600612575 0
2547 0.1179357928317217 0.8078799084955864 0
2548 0.1192049189967768 0.8157598169911727 0
2549 0.1204740451618319 0.823639725486759 0
2550 0.1217431713268869 0.8315196339823454 0
2551 0.123012297491942 0.8393995424779318 0
2552 0.124281423656997 0.847279450973518 0
2553 0.125550549822052 0.8551593594691045 0
2554 0.1268196759871071 0.8630392679646908 0
2555 0.1280888021521621 0.8709191764602773 0
2556 0.1293579283172171 0.8787990849558633 0
2557 0.1306270544822723 0.8866789934514498 0
2558 0.1318961806473273 0.8945589019470361 0
2559 0.1331653068123823 0.9024388104426224 0
2560 0.1344344329774373 0.9103187189382087 0
2561 0.1357035591424924 0.9181986274337951 0
2562 0.1369726853075475 0.9260785359293814 0
2563 0.1382418114726026 0.9339584444249678 0
2564 0.1395109376376576 0.9418383529205541 0
2565 0.1407800638027126 0.9497182614161405 0
2566 0.1420491899677677 0.9575981699117267 0
2567 0.1433183161328226 0.965478078407313 0
2568 0.1445874422978777 0.9733579869028995 0
2569 0.1458565684629328 0.9812378953984858 0
2570 0.1263562418974215 0.8078129600981639 0
2571 0.1277124837948427 0.8156259201963278 0
2572 0.1290687256922641 0.8234388802944919 0
2573 0.1304249675896855 0.8312518403926556 0
2574 0.1317812094871067 0.8390648004908197 0
2575 0.1331374513845281 0.8468777605889835 0
2576 0.1344936932819494 0.8546907206871472 0
2577 0.1358499351793707 0.8625036807853114 0
2578 0.137206177076792 0.8703166408834753 0
2579 0.1385624189742134 0.8781296009816391 0
2580 0.1399186608716347 0.8859425610798031 0
2581 0.141274902769056 0.893755521177967 0
2582 0.1426311446664773 0.9015684812761309 0
2583 0.1439873865638987 0.9093814413742948 0
2584 0.14534362846132 0.9171944014724587 0
2585 0.1466998703587413 0.9250073615706228 0
2586 0.1480561122561626 0.9328203216687866 0
2587 0.1494123541535839 0.9406332817669506 0
2588 0.1507685960510053 0.9484462418651144 0
2589 0.1521248379484266 0.9562592019632783 0
2590 0.1534810798458479 0.964072162061442 0
2591 0.1548373217432692 0.9718851221596062 0
2592 0.1561935636406906 0.97969808225777 0
2593 0.1347759606950181 0.8077414344319014 0
2594 0.1362185880567026 0.8154828688638027 0
2595 0.1376612154183871 0.823224303295704 0
2596 0.1391038427800716 0.8309657377276054 0
2597 0.1405464701417561 0.8387071721595066 0
2598 0.1419890975034407 0.8464486065914079 0
2599 0.1434317248651252 0.8541900410233094 0
2600 0.1448743522268097 0.8619314754552105 0
2601 0.1463169795884943 0.869672909887112 0
2602 0.1477596069501788 0.8774143443190132 0
2603 0.1492022343118633 0.8851557787509147 0
2604 0.1506448616735478 0.8928972131828159 0
2605 0.1520874890352324 0.9006386476147172 0
2606 0.1535301163969169 0.9083800820466186 0
2607 0.1549727437586015 0.91612151647852 0
2608 0.156415371120286 0.9238629509104213 0
2609 0.1578579984819706 0.9316043853423225 0
2610 0.1593006258436552 0.9393458197742238 0
2611 0.1607432532053396 0.9470872542061253 0
2612 0.1621858805670242 0.9548286886380266 0
2613 0.1636285079287087 0.9625701230699278 0
2614 0.1650711352903933 0.9703115575018291 0
2615 0.1665137626520777 0.9780529919337303 0
2616 0.1431949009883574 0.8076653394535834 0
2617 0.1447231353100479 0.8153306789071668 0
2618 0.1462513696317385 0.8229960183607501 0
2619 0.147779603953429 0.8306613578143336 0
2620 0.1493078382751197 0.8383266972679169 0
2621 0.1508360725968102 0.8459920367215004 0
2622 0.1523643069185008 0.8536573761750836 0
2623 0.1538925412401914 0.8613227156286671 0
2624 0.1554207755618819 0.8689880550822506 0
2625 0.1569490098835725 0.8766533945358339 0
2626 0.1584772442052631 0.8843187339894174 0
2627 0.1600054785269537 0.8919840734430008 0
2628 0.1615337128486442 0.8996494128965843 0
2629 0.1630619471703349 0.9073147523501677 0
2630 0.1645901814920254 0.9149800918037508 0
2631 0.166118415813716 0.9226454312573343 0
2632 0.1676466501354065 0.9303107707109178 0
2633 0.169174884457097 0.9379761101645011 0
2634 0.1707031187787877 0.9456414496180846 0
2635 0.1722313531004783 0.9533067890716679 0
2636 0.1737595874221688 0.9609721285252512 0
2637 0.1752878217438594 0.9686374679788348 0
2638 0.17681605606555 0.9763028074324182 0
2639 0.151613014627889 0.8075846836283025 0
2640 0.1532260292557779 0.8151693672566049 0
2641 0.154839043883667 0.8227540508849074 0
2642 0.156452058511556 0.8303387345132098 0
2643 0.158065073139445 0.8379234181415123 0
2644 0.1596780877673339 0.8455081017698147 0
2645 0.1612911023952229 0.8530927853981173 0
2646 0.1629041170231118 0.8606774690264198 0
2647 0.1645171316510009 0.8682621526547223 0
2648 0.1661301462788899 0.8758468362830247 0
2649 0.1677431609067788 0.8834315199113272 0
2650 0.1693561755346678 0.8910162035396296 0
2651 0.1709691901625568 0.8986008871679322 0
2652 0.1725822047904458 0.9061855707962345 0
2653 0.1741952194183347 0.913770254424537 0
2654 0.1758082340462236 0.9213549380528395 0
2655 0.1774212486741126 0.928939621681142 0
2656 0.1790342633020016 0.9365243053094445 0
2657 0.1806472779298907 0.944108988937747 0
2658 0.1822602925577796 0.9516936725660493 0
2659 0.1838733071856686 0.9592783561943516 0
2660 0.1854863218135575 0.9668630398226544 0
2661 0.1870993364414465 0.9744477234509569 0
2662 0.1600302535560228 0.8074994759285168 0
2663 0.1617271737787123 0.8149989518570333 0
2664 0.1634240940014018 0.82249842778555 0
2665 0.1651210142240913 0.8299979037140667 0
2666 0.1668179344467807 0.8374973796425835 0
2667 0.1685148546694702 0.8449968555711002 0
2668 0.1702117748921598 0.8524963314996168 0
2669 0.1719086951148492 0.8599958074281338 0
2670 0.1736056153375386 0.8674952833566503 0
2671 0.1753025355602281 0.874994759285167 0
2672 0.1769994557829176 0.8824942352136838 0
2673 0.1786963760056071 0.8899937111422005 0
2674 0.1803932962282965 0.8974931870707171 0
2675 0.182090216450986 0.9049926629992338 0
2676 0.1837871366736755 0.9124921389277505 0
2677 0.185484056896365 0.9199916148562671 0
2678 0.1871809771190544 0.9274910907847839 0
2679 0.1888778973417439 0.9349905667133004 0
2680 0.1905748175644333 0.9424900426418173 0
2681 0.1922717377871229 0.9499895185703341 0
2682 0.1939686580098123 0.9574889944988504 0
2683 0.1956655782325018 0.9649884704273674 0
2684 0.1973624984551913 0.9724879463558839 0
2685 0.1684465698124747 0.8074097258330519 0
2686 0.1702264729582827 0.8148194516661038 0
2687 0.1720063761040906 0.8222291774991557 0
2688 0.1737862792498987 0.8296389033322076 0
2689 0.1755661823957067 0.8370486291652596 0
2690 0.1773460855415147 0.8444583549983113 0
2691 0.1791259886873227 0.8518680808313633 0
2692 0.1809058918331307 0.8592778066644153 0
2693 0.1826857949789386 0.8666875324974672 0
2694 0.1844656981247466 0.8740972583305191 0
2695 0.1862456012705547 0.881506984163571 0
2696 0.1880255044163627 0.8889167099966229 0
2697 0.1898054075621707 0.8963264358296749 0
2698 0.1915853107079787 0.9037361616627266 0
2699 0.1933652138537866 0.9111458874957786 0
2700 0.1951451169995946 0.9185556133288305 0
2701 0.1969250201454026 0.9259653391618825 0
2702 0.1987049232912106 0.9333750649949343 0
2703 0.2004848264370185 0.9407847908279862 0
2704 0.2022647295828267 0.9481945166610382 0
2705 0.2040446327286346 0.9556042424940898 0
2706 0.2058245358744425 0.9630139683271418 0
2707 0.2076044390202506 0.9704236941601936 0
2708 0.1768619155396019 0.8073154433260472 0
2709 0.1787238310792038 0.8146308866520944 0
2710 0.1805857466188056 0.8219463299781415 0
2711 0.1824476621584074 0.8292617733041887 0
2712 0.1843095776980093 0.8365772166302359 0
2713 0.1861714932376111 0.8438926599562829 0
2714 0.1880334087772129 0.8512081032823302 0
2715 0.1898953243168147 0.8585235466083774 0
2716 0.1917572398564166 0.8658389899344243 0
2717 0.1936191553960184 0.8731544332604715 0
2718 0.1954810709356203 0.8804698765865188 0
2719 0.1973429864752221 0.887785319912566 0
2720 0.199204902014824 0.8951007632386132 0
2721 0.2010668175544258 0.9024162065646604 0
2722 0.2029287330940276 0.9097316498907073 0
2723 0.2047906486336294 0.9170470932167545 0
2724 0.2066525641732313 0.9243625365428018 0
2725 0.2085144797128331 0.9316779798688489 0
2726 0.2103763952524349 0.9389934231948961 0
2727 0.2122383107920368 0.9463088665209434 0
2728 0.2141002263316386 0.9536243098469903 0
2729 0.2159621418712404 0.9609397531730375 0
2730 0.2178240574108423 0.9682551964990848 0
2731 0.1852762429877272 0.8072166388958442 0
2732 0.1872191526421209 0.8144332777916883 0
2733 0.1891620622965146 0.8216499166875322 0
2734 0.1911049719509084 0.8288665555833763 0
2735 0.1930478816053022 0.8360831944792202 0
2736 0.1949907912596958 0.8432998333750643 0
2737 0.1969337009140896 0.8505164722709084 0
2738 0.1988766105684834 0.8577331111667525 0
2739 0.2008195202228771 0.8649497500625966 0
2740 0.2027624298772709 0.8721663889584407 0
2741 0.2047053395316646 0.8793830278542849 0
2742 0.2066482491860584 0.8865996667501288 0
2743 0.2085911588404521 0.8938163056459729 0
2744 0.2105340684948458 0.9010329445418169 0
2745 0.2124769781492396 0.9082495834376609 0
2746 0.2144198878036334 0.9154662223335051 0
2747 0.2163627974580271 0.9226828612293493 0
2748 0.2183057071124208 0.9298995001251932 0
2749 0.2202486167668146 0.9371161390210372 0
2750 0.2221915264212083 0.9443327779168812 0
2751 0.224134436075602 0.9515494168127253 0
2752 0.2260773457299958 0.9587660557085694 0
2753 0.2280202553843896 0.9659826946044133 0
2754 0.1936895045204504 0.80711332353382 0
2755 0.1957123423742341 0.81422664706764 0
2756 0.1977351802280178 0.8213399706014601 0
2757 0.1997580180818014 0.82845329413528 0
2758 0.201780855935585 0.8355666176691001 0
2759 0.2038036937893687 0.8426799412029202 0
2760 0.2058265316431524 0.8497932647367402 0
2761 0.207849369496936 0.8569065882705603 0
2762 0.2098722073507197 0.8640199118043802 0
2763 0.2118950452045033 0.8711332353382002 0
2764 0.2139178830582871 0.8782465588720201 0
2765 0.2159407209120707 0.8853598824058402 0
2766 0.2179635587658544 0.8924732059396604 0
2767 0.219986396619638 0.8995865294734804 0
2768 0.2220092344734217 0.9066998530073003 0
2769 0.2240320723272053 0.9138131765411204 0
2770 0.226054910180989 0.9209265000749405 0
2771 0.2280777480347727 0.9280398236087605 0
2772 0.2301005858885564 0.9351531471425805 0
2773 0.23212342374234 0.9422664706764002 0
2774 0.2341462615961237 0.9493797942102203 0
2775 0.2361690994499073 0.9564931177440402 0
2776 0.238191937303691 0.9636064412778604 0
2777 0.9788804281987091 0.01620044525682213 0
2778 0.9783342480581456 0.03239660868575267 0
2779 0.9775282320253331 0.04858420962047838 0
2780 0.9764625563689846 0.06475896971751893 0
2781 0.9751374677983469 0.08091661411686263 0
2782 0.9735532833962763 0.09705287260164586 0
2783 0.9717103905332183 0.1131634807565856 0
2784 0.9696092467621229 0.1292441811248246 0
2785 0.9672503796943184 0.1452907243628987 0
2786 0.964634386856382 0.1612988703935021 0
2787 0.9617619355280418 0.1772643895557305 0
2788 0.9586337625611574 0.1931830637525124 0
2789 0.9552506741798266 0.2090506875948879 0
2790 0.9516135457616712 0.2248630695428547 0
2791 0.9477233216003664 0.2406160330424452 0
2792 0.943581014649473 0.2563054176587451 0
2793 0.9391877062476393 0.2719270802045396 0
2794 0.9345445458252599 0.2874768958642732 0
2795 0.929652750592654 0.3029507593130366 0
2796 0.924513605209863 0.3183445858302558 0
2797 0.919128461438147 0.3336543124077978 0
2798 0.9134987377732764 0.3488758988521874 0
2799 0.9076259190607256 0.364005328880626 0
2800 0.9015115560928606 0.379038611210537 0
2801 0.895157265188241 0.3939717806423158 0
2802 0.888564727753146 0.408800899135013 0
2803 0.881735689825438 0.4235220568746496 0
2804 0.8746719616009015 0.4381313733348667 0
2805 0.8673754169421695 0.4526249983296428 0
2806 0.8598479928703835 0.4669991130577656 0
2807 0.8520916890397162 0.4812499311388054 0
2808 0.8441085671949067 0.4953736996402781 0
2809 0.8359007506119474 0.5093667000957485 0
2810 0.8274704235220833 0.5232252495135714 0
2811 0.8188198305192723 0.5369457013760164 0
2812 0.8099512759512701 0.5505244466284994 0
2813 0.8008671232945084 0.5639579146586426 0
2814 0.7915697945129275 0.5772425742649162 0
2815 0.7820617694009482 0.5903749346145788 0
2816 0.7723455849107494 0.6033515461906768 0
2817 0.7624238344640464 0.6161690017278258 0
2818 0.752299167248544 0.6288239371365366 0
2819 0.7419742874992643 0.6413130324158274 0
2820 0.7314519537649435 0.6536330125538712 0
2821 0.7207349781596887 0.6657806484164464 0
2822 0.7098262256001094 0.6777527576229332 0
2823 0.6987286130281216 0.689546205409632 0
2824 0.6874451086196367 0.7011579054801655 0
2825 0.6759787309793583 0.7125848208427256 0
2826 0.6643325483218885 0.7238239646339537 0
2827 0.6525096776393881 0.7348724009292142 0
2828 0.6405132838559936 0.7457272455390549 0
2829 0.6283465789692362 0.7563856667916314 0
2830 0.6160128211786933 0.7668448863008815 0
2831 0.6035153140020981 0.7771021797202496 0
2832 0.5908574053791663 0.7871548774817442 0
2833 0.5780424867633601 0.7970003655201436 0
2834 0.5650739922018589 0.8066360859821368 0
2835 0.5519553974039675 0.8160595379202192 0
2836 0.5386902187982232 0.8252682779711531 0
2837 0.5252820125784627 0.8342599210187999 0
2838 0.5117343737390908 0.8430321408411583 0
2839 0.4980509350998359 0.8515826707414198 0
2840 0.484235366320231 0.8599093041628825 0
2841 0.470291372904113 0.8680098952875418 0
2842 0.4562226951943905 0.8758823596182118 0
2843 0.4420331073583595 0.8835246745440082 0
2844 0.4277264163638527 0.8909348798890406 0
2845 0.4133064609464771 0.8981110784441719 0
2846 0.3987771105682473 0.9050514364816918 0
2847 0.3841422643678705 0.9117541842527732 0
2848 0.3694058501029927 0.9182176164675671 0
2849 0.3545718230846724 0.9244400927578168 0
2850 0.3396441651043819 0.9304200381218569 0
2851 0.3246268833538294 0.936155943351879 0
2852 0.3095240093378822 0.9416463654433517 0
2853 0.2943395977809038 0.9468899279864771 0
2854 0.2790777255267823 0.9518853215395864 0
2855 0.2637424904329683 0.9566313039843629 0
2856 0.9578964965378958 0.01593086068043847 0
2857 0.9572110198817043 0.03185762569941541 0
2858 0.956277004545971 0.04777620050654474 0
2859 0.9550946191355507 0.06368249277327892 0
2860 0.9536640996332015 0.07957241350308603 0
2861 0.9519857493355686 0.09544187814070471 0
2862 0.9500599387709046 0.1112868076802123 0
2863 0.9478871055985523 0.1271031297715713 0
2864 0.9454677544902175 0.1428867798253814 0
2865 0.9428024569930613 0.1586337021155237 0
2866 0.9398918513746488 0.1743398508793944 0
2867 0.9367366424498029 0.1900011914154466 0
2868 0.9333376013893993 0.2056137011777188 0
2869 0.9296955655111636 0.2211733708670783 0
2870 0.9258114380525244 0.2366762055188607 0
2871 0.9216861879255831 0.2521182255866258 0
2872 0.917320849454264 0.2674954680217336 0
2873 0.9127165220937268 0.2828039873484352 0
2874 0.907874370132104 0.2980398567342089 0
2875 0.9027956223746518 0.3131991690550273 0
2876 0.8974815718104014 0.328278037955285 0
2877 0.8919335752613951 0.3432725989020923 0
2878 0.8861530530146071 0.3581790102336423 0
2879 0.8801414884366493 0.3729934542013833 0
2880 0.8739004275713612 0.3877121380056934 0
2881 0.8674314787204007 0.4023312948247951 0
2882 0.8607363120069407 0.4168471848366214 0
2883 0.8538166589226015 0.4312560962333509 0
2884 0.8466743118577273 0.4455543462283539 0
2885 0.8393111236151494 0.4597382820552541 0
2886 0.8317290069075547 0.4738042819588573 0
2887 0.8239299338386066 0.4877487561776572 0
2888 0.8159159353679497 0.5015681479176726 0
2889 0.8076891007602536 0.5152589343173291 0
2890 0.7992515770184343 0.5288176274031461 0
2891 0.790605568301215 0.542240775035956 0
2892 0.7817533353251822 0.5555249618473973 0
2893 0.7726971947514958 0.5686668101664416 0
2894 0.763439518557429 0.581662980935684 0
2895 0.753982733392891 0.5945101746171692 0
2896 0.7443293199221315 0.6072051320874856 0
2897 0.7344818121507813 0.6197446355219046 0
2898 0.7244427967384266 0.6321255092673131 0
2899 0.7142149122969026 0.6443446207037029 0
2900 0.7038008486744849 0.6563988810939922 0
2901 0.6932033462261915 0.668285246421936 0
2902 0.6824251950703772 0.6800007182179089 0
2903 0.6714692343318265 0.6915423443723324 0
2904 0.6603383513715602 0.7029072199365202 0
2905 0.6490354810035457 0.7140924879107384 0
2906 0.6375636046985451 0.7250953400192486 0
2907 0.6259257497752982 0.7359130174721396 0
2908 0.6141249885792694 0.7465428117137346 0
2909 0.6021644376491849 0.756982065157365 0
2910 0.5900472568715722 0.7672281719063258 0
2911 0.5777766486235505 0.777278578460799 0
2912 0.5653558569040835 0.7871307844105722 0
2913 0.552788166453952 0.7967823431133483 0
2914 0.5400769018646645 0.8062308623584706 0
2915 0.5272254266765614 0.8154740050158857 0
2916 0.5142371424663555 0.8245094896701565 0
2917 0.5011154879243478 0.8333350912393689 0
2918 0.4878639379215821 0.8419486415787494 0
2919 0.4744860025671774 0.8503480300688442 0
2920 0.4609852262561082 0.8585312041880835 0
2921 0.4473651867076778 0.866496170069594 0
2922 0.4336294939949527 0.874240993042095 0
2923 0.4197817895654243 0.8817637981547346 0
2924 0.405825745253152 0.8890627706857299 0
2925 0.3917650622826713 0.896136156634662 0
2926 0.3776034702649196 0.9029822631983049 0
2927 0.3633447261854712 0.9095994592298468 0
2928 0.3489926133853389 0.9159861756813901 0
2929 0.3345509405346261 0.9221409060296025 0
2930 0.3200235405993151 0.9280622066844061 0
2931 0.3054142698014524 0.9337486973805972 0
2932 0.2907270065730384 0.9391990615522824 0
2933 0.2759656505038787 0.944412046690039 0
2934 0.2611341212837088 0.9493864646806949 0
2935 0.9369125648770824 0.01566127610405504 0
2936 0.9360877917052635 0.03131864271307844 0
2937 0.9350257770666086 0.04696819139261083 0
2938 0.9337266819021164 0.06260601582903902 0
2939 0.932190731468056 0.0782282128893092 0
2940 0.9304182152748608 0.09383088367976367 0
2941 0.9284094870085908 0.1094101346038389 0
2942 0.9261649644349816 0.1249620784183182 0
2943 0.9236851292861168 0.1404828352878642 0
2944 0.9209705271297401 0.1559685338375454 0
2945 0.9180217672212558 0.1714153122030582 0
2946 0.9148395223384482 0.1868193190783809 0
2947 0.9114245285989722 0.2021767147605497 0
2948 0.9077775852606561 0.2174836721913021 0
2949 0.9038995545046824 0.2327363779952762 0
2950 0.8997913612016928 0.2479310335145064 0
2951 0.8954539926608882 0.2630638558389276 0
2952 0.8908884983621936 0.2781310788325971 0
2953 0.8860959896715539 0.2931289541553811 0
2954 0.8810776395394402 0.3080537522797987 0
2955 0.8758346821826559 0.3229017635027719 0
2956 0.8703684127495135 0.3376692989519971 0
2957 0.8646801869684888 0.3523526915866585 0
2958 0.858771420780438 0.3669482971922294 0
2959 0.8526435899544811 0.381452495369071 0
2960 0.8462982296876551 0.3958616905145771 0
2961 0.8397369341884433 0.4101723127985931 0
2962 0.8329613562443015 0.4243808191318349 0
2963 0.8259732067732852 0.4384836941270651 0
2964 0.8187742543599155 0.4524774510527425 0
2965 0.8113663247753933 0.4663586327789092 0
2966 0.8037513004823063 0.4801238127150365 0
2967 0.7959311201239518 0.4937695957395964 0
2968 0.7879077779984238 0.5072926191210868 0
2969 0.7796833235175966 0.5206895534302758 0
2970 0.7712598606511596 0.5339571034434125 0
2971 0.7626395473558554 0.547092009036152 0
2972 0.7538245949900642 0.5600910460679669 0
2973 0.7448172677139092 0.5729510272567893 0
2974 0.7356198818750324 0.5856688030436614 0
2975 0.7262348053802163 0.5982412624471454 0
2976 0.7166644570530185 0.6106653339072725 0
2977 0.7069113059775891 0.6229379861187989 0
2978 0.6969778708288616 0.6350562288535344 0
2979 0.686866719189281 0.6470171137715379 0
2980 0.6765804668522737 0.6588177352209389 0
2981 0.6661217771126328 0.6704552310261856 0
2982 0.6554933600440163 0.6819267832644991 0
2983 0.6446979717637619 0.6932296190303147 0
2984 0.6337384136852026 0.7043610111875229 0
2985 0.6226175317577023 0.7153182791092825 0
2986 0.6113382156946028 0.726098789405224 0
2987 0.5999033981893026 0.7366999566358374 0
2988 0.5883160541196765 0.7471192440138483 0
2989 0.5765791997410461 0.7573541640924019 0
2990 0.5646958918679346 0.7674022794398534 0
2991 0.552669227044807 0.7772612033010007 0
2992 0.5405023407060451 0.7869286002445597 0
2993 0.5281984063253615 0.7964021867967219 0
2994 0.5157606345548995 0.8056797320606182 0
2995 0.5031922723542486 0.814759058321513 0
2996 0.4904966021096046 0.8236380416375794 0
2997 0.4776769407433284 0.832314612416079 0
2998 0.464736638814124 0.8407867559748057 0
2999 0.4516790796081032 0.8490525130886252 0
3000 0.4385076782209651 0.8571099805209761 0
3001 0.4252258806315456 0.8649573115401814 0
3002 0.4118371627669959 0.8725927164204283 0
3003 0.3983450295598269 0.8800144629272875 0
3004 0.3847530139970953 0.8872208767876318 0
3005 0.3710646761619687 0.8942103421438363 0
3006 0.3572836022679498 0.9009813019921264 0
3007 0.3434134036860053 0.9075322586049631 0
3008 0.3294577159648704 0.9138617739373477 0
3009 0.3154201978448008 0.919968470016933 0
3010 0.3013045302650228 0.9258510293178429 0
3011 0.287114415365173 0.9315081951180878 0
3012 0.2728535754809751 0.936938771840492 0
3013 0.2585257521344493 0.9421416253770268 0
3014 0.9159286332162691 0.01539169152767139 0
3015 0.9149645635288222 0.03077965972674146 0
3016 0.9137745495872462 0.04616018227867702 0
3017 0.9123587446686823 0.06152953888479912 0
3018 0.9107173633029104 0.07688401227553265 0
3019 0.9088506812141532 0.09221988921882263 0
3020 0.9067590352462769 0.1075334615274657 0
3021 0.9044428232714112 0.1228210270650649 0
3022 0.9019025040820161 0.1380788907503467 0
3023 0.8991385972664191 0.153303365559567 0
3024 0.8961516830678624 0.1684907735267221 0
3025 0.8929424022270935 0.1836374467413152 0
3026 0.8895114558085447 0.1987397283433807 0
3027 0.8858596050101488 0.2137939735155257 0
3028 0.8819876709568404 0.2287965504716916 0
3029 0.8778965344778027 0.2437438414423871 0
3030 0.8735871358675125 0.2586322436561214 0
3031 0.8690604746306607 0.2734581703167592 0
3032 0.8643176092110035 0.2882180515765535 0
3033 0.8593596567042288 0.3029083355045702 0
3034 0.8541877925549106 0.317525489050259 0
3035 0.8488032502376317 0.3320659990019021 0
3036 0.8432073209223703 0.3465263729396747 0
3037 0.8374013531242267 0.3609031401830757 0
3038 0.8313867523376008 0.3751928527324485 0
3039 0.8251649806549097 0.3893920862043592 0
3040 0.8187375563699462 0.4034974407605648 0
3041 0.8121060535660014 0.417505542030319 0
3042 0.8052721016888431 0.4314130420257762 0
3043 0.7982373851046813 0.445216620050231 0
3044 0.7910036426432316 0.4589129835989612 0
3045 0.7835726671260058 0.4724988692524157 0
3046 0.7759463048799543 0.4859710435615205 0
3047 0.7681264552365943 0.4993263039248447 0
3048 0.7601150700167585 0.5125614794574055 0
3049 0.7519141530011044 0.5256734318508691 0
3050 0.7435257593865291 0.5386590562249066 0
3051 0.7349519952286327 0.5515152819694923 0
3052 0.7261950168703899 0.5642390735778946 0
3053 0.7172570303571736 0.5768274314701538 0
3054 0.7081402908383012 0.5892773928068051 0
3055 0.6988471019552558 0.6015860322926405 0
3056 0.6893798152167515 0.6137504629702847 0
3057 0.6797408293608206 0.6257678370033664 0
3058 0.6699325897040771 0.6376353464490838 0
3059 0.659957587478356 0.6493502240199419 0
3060 0.6498183591548884 0.6609097438344625 0
3061 0.6395174857562059 0.6723112221566658 0
3062 0.6290575921559638 0.6835520181241093 0
3063 0.6184413463668597 0.6946295344643076 0
3064 0.6076714588168592 0.7055412181993168 0
3065 0.5967506816139075 0.7162845613383088 0
3066 0.5856818077993359 0.7268571015579405 0
3067 0.5744676705901681 0.7372564228703319 0
3068 0.5631111426105202 0.747480156278478 0
3069 0.5516151351123185 0.7575259804189081 0
3070 0.5399825971855305 0.7673916221914293 0
3071 0.5282165149581383 0.7770748573757713 0
3072 0.5163199107860587 0.7865735112349734 0
3073 0.5042958424332377 0.7958854591053507 0
3074 0.4921474022421415 0.8050086269728696 0
3075 0.4798777162948615 0.8139409920357901 0
3076 0.4674899435650747 0.8226805832534086 0
3077 0.4549872750610705 0.8312254818807676 0
3078 0.4423729329600983 0.8395738219891671 0
3079 0.4296501697342526 0.8477237909723583 0
3080 0.4168222672681388 0.8556736300382682 0
3081 0.4038925359685676 0.8634216346861224 0
3082 0.3908643138665018 0.8709661551688452 0
3083 0.3777409657115194 0.8783055969406017 0
3084 0.3645258820590178 0.8854384210893682 0
3085 0.3512224783504284 0.8923631447544063 0
3086 0.3378341939866717 0.8990783415285365 0
3087 0.3243644913951147 0.9055826418450932 0
3088 0.3108168550902864 0.9118747333494603 0
3089 0.2971947907285931 0.9179533612550886 0
3090 0.2835018241573076 0.9238173286838934 0
3091 0.2697415004580715 0.9294654969909447 0
3092 0.2559173829851899 0.934896786073359 0
3093 0.8949447015554557 0.01512210695128785 0
3094 0.8938413353523811 0.03024067674040426 0
3095 0.8925233221078841 0.0453521731647431 0
3096 0.8909908074352482 0.06045306194055922 0
3097 0.889243995137765 0.07553981166175611 0
3098 0.8872831471534457 0.09060889475788125 0
3099 0.8851085834839633 0.1056567884510924 0
3100 0.8827206821078408 0.1206799757118117 0
3101 0.8801198788779153 0.1356749462128295 0
3102 0.8773066674030985 0.1506381972815886 0
3103 0.8742815989144697 0.1655662348503861 0
3104 0.8710452821157388 0.1804555744042494 0
3105 0.8675983830181176 0.1953027419262116 0
3106 0.8639416247596414 0.2101042748397495 0
3107 0.8600757874089984 0.224856722948107 0
3108 0.8560017077539124 0.2395566493702677 0
3109 0.8517202790741371 0.2542006314733153 0
3110 0.8472324508991276 0.2687852618009213 0
3111 0.8425392287504535 0.2833071489977258 0
3112 0.8376416738690176 0.2977629187293417 0
3113 0.832540902927165 0.312149214597746 0
3114 0.8272380877257502 0.326462699051807 0
3115 0.8217344548762517 0.340700054292691 0
3116 0.8160312854680154 0.3548579831739218 0
3117 0.810129914720721 0.3689332100958261 0
3118 0.8040317316221641 0.3829224818941411 0
3119 0.797738178551449 0.3968225687225366 0
3120 0.7912507508877014 0.410630264928803 0
3121 0.784570996604401 0.4243423899244874 0
3122 0.7777005158494473 0.4379557890477194 0
3123 0.77064096051107 0.4514673344190131 0
3124 0.7633940337697058 0.4648739257897949 0
3125 0.7559614896359568 0.4781724913834444 0
3126 0.7483451324747645 0.4913599887286023 0
3127 0.7405468165159208 0.5044334054845352 0
3128 0.7325684453510495 0.5173897602583256 0
3129 0.7244119714172028 0.5302261034136613 0
3130 0.7160793954672009 0.5429395178710177 0
3131 0.7075727660268705 0.5555271198989998 0
3132 0.6988941788393149 0.5679860598966461 0
3133 0.6900457762963863 0.5803135231664649 0
3134 0.6810297468574931 0.5925067306780085 0
3135 0.6718483244559139 0.6045629398217705 0
3136 0.6625037878927795 0.6164794451531979 0
3137 0.6529984602188733 0.6282535791266296 0
3138 0.6433347081044383 0.6398827128189447 0
3139 0.6335149411971441 0.6513642566427393 0
3140 0.6235416114683956 0.6626956610488324 0
3141 0.6134172125481656 0.6738744172179038 0
3142 0.6031442790485166 0.6848980577410922 0
3143 0.5927253858760163 0.6957641572893509 0
3144 0.5821631475332122 0.7064703332713931 0
3145 0.5714602174093691 0.7170142464800433 0
3146 0.5606192870606597 0.7273936017268152 0
3147 0.5496430854799943 0.7376061484645542 0
3148 0.5385343783567027 0.7476496813979627 0
3149 0.5272959673262541 0.7575220410818579 0
3150 0.5159306892102313 0.7672211145069826 0
3151 0.5044414152467558 0.7767448356732247 0
3152 0.4928310503115758 0.786091186150083 0
3153 0.4811025321300345 0.7952581956242262 0
3154 0.4692588304801186 0.8042439424340004 0
3155 0.457302946386821 0.8130465540907383 0
3156 0.445237911308017 0.8216642077867291 0
3157 0.4330667863120934 0.8300951308897085 0
3158 0.4207926612475399 0.8383376014237403 0
3159 0.4084186539047319 0.8463899485363546 0
3160 0.3959479091701393 0.8542505529518162 0
3161 0.3833835981731767 0.861917847410403 0
3162 0.3707289174259435 0.8693903170935717 0
3163 0.357987087956067 0.8766665000348997 0
3164 0.345161354432907 0.883744987516686 0
3165 0.3322549842873381 0.8906244244521095 0
3166 0.319271266825359 0.8973035097528383 0
3167 0.3062135123357722 0.9037809966819871 0
3168 0.2930850511921634 0.9100556931923341 0
3169 0.2798892329494423 0.9161264622496986 0
3170 0.266629425435168 0.9219922221413975 0
3171 0.2533090138359304 0.927651946769691 0
3172 0.8739607698946421 0.01485252237490425 0
3173 0.8727181071759401 0.02970169375406723 0
3174 0.8712720946285216 0.04454416405080924 0
3175 0.8696228702018141 0.05937658499631926 0
3176 0.8677706269726193 0.07419561104797945 0
3177 0.8657156130927379 0.08899790029694027 0
3178 0.8634581317216492 0.1037801153747191 0
3179 0.86099854094427 0.1185389243585584 0
3180 0.8583372536738144 0.133271001675312 0
3181 0.8554747375397773 0.1479730290036103 0
3182 0.8524115147610763 0.1626416961740501 0
3183 0.8491481620043841 0.1772737020671836 0
3184 0.8456853102276904 0.1918657555090426 0
3185 0.842023644509134 0.2064145761639732 0
3186 0.8381639038611565 0.2209168954245223 0
3187 0.8341068810300223 0.2353694572981484 0
3188 0.8298534222807612 0.2497690192905093 0
3189 0.8254044271675947 0.2641123532850834 0
3190 0.8207608482899033 0.2783962464188981 0
3191 0.8159236910338059 0.2926175019541131 0
3192 0.8108940132994196 0.3067729401452329 0
3193 0.8056729252138686 0.3208593991017118 0
3194 0.8002615888301332 0.3348737356457072 0
3195 0.794661217811804 0.3488128261647681 0
3196 0.788873077103841 0.3626735674592036 0
3197 0.7828984825894187 0.3764528775839232 0
3198 0.7767388007329517 0.3901476966845083 0
3199 0.7703954482094013 0.403754987827287 0
3200 0.7638698915199587 0.4172717378231986 0
3201 0.7571636465942133 0.4306949580452079 0
3202 0.7502782783789086 0.444021685239065 0
3203 0.7432154004134055 0.457248982327174 0
3204 0.735976674391959 0.4703739392053684 0
3205 0.7285638097129348 0.4833936735323601 0
3206 0.7209785630150829 0.4963053315116648 0
3207 0.7132227377009941 0.5091060886657821 0
3208 0.7052981834478762 0.5217931506024159 0
3209 0.6972067957057694 0.534363753772543 0
3210 0.6889505151833508 0.5468151662201051 0
3211 0.6805313273214563 0.5591446883231384 0
3212 0.6719512617544712 0.5713496535261245 0
3213 0.6632123917597301 0.5834274290633764 0
3214 0.6543168336950764 0.5953754166732561 0
3215 0.6452667464247386 0.6071910533030296 0
3216 0.6360643307336695 0.6188718118041754 0
3217 0.6267118287305204 0.6304152016179476 0
3218 0.6172115232393995 0.6418187694510162 0
3219 0.6075657371805854 0.6530800999409991 0
3220 0.5977768329403674 0.6641968163116982 0
3221 0.5878472117301737 0.6751665810178769 0
3222 0.5777793129351734 0.685987096379385 0
3223 0.5675756134525168 0.6966561052044777 0
3224 0.5572386270194023 0.7071713914021462 0
3225 0.5467709035311512 0.7175307805832987 0
3226 0.5361750283494682 0.7277321406506301 0
3227 0.5254536216010868 0.7377733823770172 0
3228 0.5146093374669776 0.7476524599722864 0
3229 0.5036448634623244 0.7573673716381941 0
3230 0.4925629197074529 0.766916160111476 0
3231 0.4813662581899139 0.7762969131948156 0
3232 0.4700576620179274 0.7855077642755827 0
3233 0.4586399446653754 0.7945468928322109 0
3234 0.4471159492085673 0.8034125249280679 0
3235 0.4354885475549635 0.8121029336926907 0
3236 0.4237606396640886 0.8206164397902502 0
3237 0.4119351527608274 0.8289514118751223 0
3238 0.4000150405413249 0.8371062670344414 0
3239 0.3880032823717109 0.8450794712175103 0
3240 0.3759028824798517 0.8528695396519608 0
3241 0.3637168691403675 0.8604750372465417 0
3242 0.351448293853116 0.8678945789804313 0
3243 0.3391002305153855 0.8751268302789657 0
3244 0.3266757745880046 0.8821705073756827 0
3245 0.3141780422556032 0.889024377660584 0
3246 0.3016101695812579 0.8956872600145142 0
3247 0.2889753116557338 0.9021580251295798 0
3248 0.2762766417415768 0.9084355958155039 0
3249 0.2635173504122644 0.9145189472918501 0
3250 0.2507006446866709 0.9204071074660231 0
3251 0.8529768382338287 0.0145829377985206 0
3252 0.8515948789994989 0.02916271076773025 0
3253 0.8500208671491594 0.04373615493687549 0
3254 0.8482549329683799 0.05830010805207914 0
3255 0.8462972588074738 0.07285141043420296 0
3256 0.8441480790320302 0.08738690583599917 0
3257 0.8418076799593353 0.1019034422983459 0
3258 0.8392763997806996 0.1163978730053051 0
3259 0.8365546284697136 0.1308670571377948 0
3260 0.8336428076764564 0.1453078607256319 0
3261 0.8305414306076832 0.159717157497714 0
3262 0.8272510418930296 0.1740918297301178 0
3263 0.8237722374372631 0.1884287690918736 0
3264 0.8201056642586266 0.2027248774881969 0
3265 0.8162520203133146 0.2169770679009379 0
3266 0.8122120543061324 0.2311822652260291 0
3267 0.8079865654873857 0.2453374071077032 0
3268 0.8035764034360617 0.2594394447692454 0
3269 0.7989824678293531 0.2734853438400704 0
3270 0.7942057081985946 0.2874720851788847 0
3271 0.789247123671674 0.3013966656927201 0
3272 0.784107762701987 0.3152560991516167 0
3273 0.7787887227840149 0.3290474169987235 0
3274 0.7732911501555926 0.3427676691556143 0
3275 0.7676162394869609 0.3564139248225812 0
3276 0.7617652335566734 0.3699832732737052 0
3277 0.7557394229144543 0.3834728246464801 0
3278 0.7495401455311013 0.3968797107257712 0
3279 0.7431687864355168 0.4102010857219098 0
3280 0.7366267773389794 0.4234341270426963 0
3281 0.729915596246747 0.436576036059117 0
3282 0.7230367670571052 0.4496240388645533 0
3283 0.7159918591479613 0.4625753870272924 0
3284 0.7087824869511052 0.4754273583361179 0
3285 0.701410309514245 0.4881772575387946 0
3286 0.6938770300509389 0.5008224170732387 0
3287 0.6861843954785498 0.5133601977911706 0
3288 0.6783341959443379 0.5257879896740685 0
3289 0.6703282643398314 0.5381032125412104 0
3290 0.6621684758035977 0.5503033167496307 0
3291 0.6538567472125563 0.5623857838857843 0
3292 0.6453950366619675 0.5743481274487444 0
3293 0.6367853429342389 0.586187893524742 0
3294 0.6280297049566976 0.5979026614528613 0
3295 0.6191302012484657 0.6094900444817213 0
3296 0.6100889493566026 0.6209476904169506 0
3297 0.6009081052816554 0.6322732822592931 0
3298 0.5915898628927752 0.6434645388331659 0
3299 0.5821364533325692 0.6545192154054928 0
3300 0.5725501444118308 0.6654351042946615 0
3301 0.5628332399943304 0.6762100354694193 0
3302 0.5529880793718215 0.6868418771375624 0
3303 0.5430170366294356 0.6973285363242494 0
3304 0.5329225200016429 0.7076679594397821 0
3305 0.5227069712189423 0.7178581328367064 0
3306 0.5123728648454708 0.7278970833560718 0
3307 0.5019227076077011 0.737782878862715 0
3308 0.4913590377144175 0.7475136287694055 0
3309 0.4806844241681499 0.7570874845497274 0
3310 0.4699014660682521 0.7665026402395483 0
3311 0.4590127919058203 0.775757332926939 0
3312 0.4480210588506324 0.7848498432304215 0
3313 0.4369289520303136 0.7937784957653974 0
3314 0.4257391838019099 0.8025416595986523 0
3315 0.4144544930160836 0.8111377486907919 0
3316 0.4030776442741147 0.8195652223265046 0
3317 0.391611427177918 0.827822585532528 0
3318 0.3800586555732825 0.8359083894832041 0
3319 0.3684221667865266 0.8438212318935187 0
3320 0.3567048208547915 0.8515597573995117 0
3321 0.3449094997501652 0.859122657925963 0
3322 0.3330391065978641 0.8665086730412453 0
3323 0.321096564888671 0.8737165902992561 0
3324 0.3090848176858475 0.8807452455683291 0
3325 0.2970068268267435 0.8875935233470412 0
3326 0.2848655721193042 0.8942603570668253 0
3327 0.2726640505337115 0.9007447293813093 0
3328 0.2604052753893609 0.9070456724423031 0
3329 0.2480922755374114 0.9131622681623554 0
3330 0.8319929065730153 0.01431335322213723 0
3331 0.830471650823058 0.02862372778139305 0
3332 0.8287696396697972 0.04292814582294163 0
3333 0.8268869957349461 0.05722363110783923 0
3334 0.8248238906423284 0.07150720982042613 0
3335 0.8225805449713227 0.08577591137505797 0
3336 0.8201572281970217 0.1000267692219725 0
3337 0.8175542586171289 0.114256821652052 0
3338 0.8147720032656127 0.1284631126002774 0
3339 0.8118108778131354 0.1426426924476537 0
3340 0.8086713464542903 0.1567926188213777 0
3341 0.805353921781675 0.170909957393052 0
3342 0.8018591646468358 0.1849917826747045 0
3343 0.7981876840081191 0.1990351788124207 0
3344 0.7943401367654725 0.2130372403773532 0
3345 0.7903172275822421 0.2269950731539097 0
3346 0.7861197086940102 0.2409057949248972 0
3347 0.7817483797045287 0.2547665362534074 0
3348 0.7772040873688031 0.2685744412612427 0
3349 0.7724877253633833 0.2823266684036562 0
3350 0.7676002340439285 0.2960203912402071 0
3351 0.7625426001901054 0.3096527992015216 0
3352 0.7573158567378963 0.3232210983517397 0
3353 0.7519210824993814 0.3367225121464604 0
3354 0.746359401870081 0.3501542821859587 0
3355 0.7406319845239278 0.3635136689634872 0
3356 0.7347400450959569 0.3767979526084518 0
3357 0.7286848428528012 0.3900044336242552 0
3358 0.7224676813510746 0.403130433620621 0
3359 0.7160899080837453 0.4161732960401847 0
3360 0.7095529141145854 0.4291303868791688 0
3361 0.7028581337008049 0.4419990954019325 0
3362 0.6960070439039636 0.4547768348492163 0
3363 0.6890011641892755 0.4674610431398756 0
3364 0.6818420560134071 0.4800491835659243 0
3365 0.6745313224008838 0.4925387454806952 0
3366 0.6670706075092234 0.5049272449799252 0
3367 0.6594615961829062 0.5172122255755938 0
3368 0.651706013496312 0.5293912588623155 0
3369 0.6438056242857391 0.5414619451761229 0
3370 0.6357622326706411 0.5534219142454441 0
3371 0.6275776815642048 0.5652688258341123 0
3372 0.6192538521734013 0.5770003703762276 0
3373 0.6107926634886567 0.5886142696026929 0
3374 0.6021960717632617 0.600108277159267 0
3375 0.593466069982685 0.6114801792159534 0
3376 0.5846046873239108 0.62272779506757 0
3377 0.5756139886049648 0.6338489777253324 0
3378 0.5664960737247711 0.6448416144992873 0
3379 0.5572530770934878 0.6557036275714461 0
3380 0.5478871670534875 0.6664329745594535 0
3381 0.5384005452911261 0.6770276490706468 0
3382 0.5287954462394688 0.6874856812463523 0
3383 0.5190741364721346 0.6978051382962656 0
3384 0.5092389140884163 0.7079841250227823 0
3385 0.499292108089855 0.7180207843351265 0
3386 0.4892360777484245 0.7279132977531436 0
3387 0.4790732119665106 0.7376598859006169 0
3388 0.468805928628847 0.7472588089879787 0
3389 0.4584366739465902 0.7567083672842807 0
3390 0.4479679217937133 0.7660069015782955 0
3391 0.4374021730358894 0.775152793628632 0
3392 0.4267419548520598 0.784144466602727 0
3393 0.4159898200488564 0.792980385504614 0
3394 0.4051483463680787 0.8016590575913334 0
3395 0.3942201357874021 0.8101790327778866 0
3396 0.3832078138145111 0.8185389040306146 0
3397 0.3721140287748541 0.826737307748898 0
3398 0.3609414510932015 0.8347729241350761 0
3399 0.3496927725692156 0.8426444775524814 0
3400 0.3383707056472143 0.8503507368714944 0
3401 0.3269779826803427 0.857890515803525 0
3402 0.3155173551893374 0.8652626732228292 0
3403 0.3039915931160918 0.8724661134760746 0
3404 0.2924034840722293 0.8794997866795682 0
3405 0.2807558325828745 0.886362689004071 0
3406 0.2690514593258461 0.8930538629471146 0
3407 0.2572932003664573 0.8995723975927559 0
3408 0.2454839063881519 0.9059174288586872 0
3409 0.8110089749122018 0.01404376864575357 0
3410 0.8093484226466168 0.02808474479505607 0
3411 0.8075184121904347 0.04212013670900788 0
3412 0.8055190585015117 0.05614715416359933 0
3413 0.8033505224771829 0.07016300920664964 0
3414 0.8010130109106151 0.08416491691411698 0
3415 0.7985067764347077 0.09815009614559922 0
3416 0.7958321174535583 0.1121157702987988 0
3417 0.7929893780615122 0.1260591680627601 0
3418 0.7899789479498145 0.1399775241696753 0
3419 0.7868012623008969 0.1538680801450416 0
3420 0.7834568016703203 0.1677280850559864 0
3421 0.7799460918564086 0.1815547962575355 0
3422 0.7762697037576115 0.1953454801366443 0
3423 0.7724282532176305 0.2090974128537686 0
3424 0.768422400858352 0.2228078810817902 0
3425 0.7642528519006345 0.2364741827420911 0
3426 0.7599203559729957 0.2500936277375694 0
3427 0.7554257069082528 0.263663538682415 0
3428 0.7507697425281716 0.2771812516284277 0
3429 0.7459533444161828 0.2906441167876942 0
3430 0.7409774376782239 0.3040494992514265 0
3431 0.7358429906917778 0.317394779704756 0
3432 0.7305510148431702 0.3306773551373067 0
3433 0.725102564253201 0.3438946395493363 0
3434 0.7194987354911824 0.3570440646532693 0
3435 0.7137406672774598 0.3701230805704235 0
3436 0.7078295401745012 0.3831291565227392 0
3437 0.7017665762666325 0.3960597815193321 0
3438 0.6955530388285112 0.4089124650376731 0
3439 0.6891902319824239 0.4216847376992208 0
3440 0.6826795003445045 0.4343741519393116 0
3441 0.676022228659966 0.4469782826711403 0
3442 0.6692198414274457 0.4594947279436334 0
3443 0.6622738025125691 0.471921109593054 0
3444 0.6551856147508285 0.4842550738881517 0
3445 0.647956819539897 0.4964942921686799 0
3446 0.6405889964214746 0.5086364614771192 0
3447 0.6330837626527925 0.5206793051834209 0
3448 0.6254427727678803 0.5326205736026153 0
3449 0.617667718128726 0.5444580446051038 0
3450 0.609760326466442 0.5561895242194803 0
3451 0.6017223614125637 0.5678128472277134 0
3452 0.5935556220206155 0.5793258777525245 0
3453 0.5852619422780579 0.5907265098368129 0
3454 0.5768431906087671 0.6020126680149563 0
3455 0.5683012693661663 0.6131823078758469 0
3456 0.5596381143171545 0.6242334166174993 0
3457 0.5508556941169729 0.6351640135930819 0
3458 0.5419560097751448 0.6459721508482307 0
3459 0.5329410941126446 0.6566559136494876 0
3460 0.5238130112104308 0.6672134210037315 0
3461 0.514573855849502 0.6776428261684553 0
3462 0.5052257529426262 0.687942317152749 0
3463 0.4957708569578902 0.6981101172088585 0
3464 0.486211351334239 0.7081444853141811 0
3465 0.476549447889148 0.718043716643572 0
3466 0.4667873862186037 0.7278061430318284 0
3467 0.4569274330895441 0.7374301334262301 0
3468 0.4469718818249283 0.746914094329013 0
3469 0.4369230516816062 0.7562564702296521 0
3470 0.4267832872211462 0.7654557440268425 0
3471 0.4165549576738061 0.7745104374400565 0
3472 0.4062404562958029 0.7834191114105755 0
3473 0.3958421997200738 0.7921803664918752 0
3474 0.3853626273006895 0.8007928432292687 0
3475 0.3748042004511041 0.8092552225287013 0
3476 0.3641694019764257 0.8175662260145918 0
3477 0.3534607353998764 0.825724616376634 0
3478 0.3426807242836396 0.8337291977054513 0
3479 0.3318319115442634 0.8415788158170262 0
3480 0.3209168587628213 0.8492723585658046 0
3481 0.3099381454900038 0.8568087561464024 0
3482 0.298898368546336 0.8641869813838199 0
3483 0.2878001413177149 0.8714060500120951 0
3484 0.2766460930464449 0.8784650209413164 0
3485 0.2654388681179807 0.8853629965129201 0
3486 0.2541811253435537 0.8920991227432086 0
3487 0.2428755372388924 0.8986725895550194 0
3488 0.7900250432513882 0.01377418406936998 0
3489 0.7882251944701756 0.02754576180871898 0
3490 0.7862671847110725 0.04131212759507386 0
3491 0.7841511212680776 0.05507067721935943 0
3492 0.7818771543120373 0.06881880859287298 0
3493 0.7794454768499074 0.08255392245317578 0
3494 0.776856324672394 0.09627342306922593 0
3495 0.7741099762899878 0.1099747189455456 0
3496 0.7712067528574111 0.1236552235252429 0
3497 0.7681470180864935 0.1373123558916968 0
3498 0.7649311781475039 0.1509435414687055 0
3499 0.7615596815589657 0.1645462127189207 0
3500 0.7580330190659815 0.1781178098403664 0
3501 0.7543517235071042 0.1916557814608681 0
3502 0.7505163696697885 0.205157585330184 0
3503 0.7465275741344621 0.218620689009671 0
3504 0.7423859951072591 0.232042570559285 0
3505 0.7380923322414628 0.2454207192217314 0
3506 0.7336473264477026 0.2587526361035874 0
3507 0.7290517596929604 0.2720358348531992 0
3508 0.7243064547884375 0.2852678423351813 0
3509 0.7194122751663423 0.2984461993013314 0
3510 0.7143701246456593 0.3115684610577723 0
3511 0.7091809471869588 0.3246321981281528 0
3512 0.7038457266363209 0.3376349969127139 0
3513 0.698365486458437 0.3505744603430513 0
3514 0.6927412894589625 0.3634482085323953 0
3515 0.6869742374962011 0.3762538794212232 0
3516 0.6810654711821902 0.3889891294180433 0
3517 0.6750161695732773 0.4016516340351616 0
3518 0.6688275498502623 0.4142390885192727 0
3519 0.6625008669882044 0.4267492084766908 0
3520 0.6560374134159681 0.4391797304930642 0
3521 0.6494385186656162 0.4515284127473911 0
3522 0.6427055490117313 0.4637930356201837 0
3523 0.6358399071007733 0.4759714022956083 0
3524 0.6288430315705705 0.4880613393574346 0
3525 0.621716396660043 0.5000606973786446 0
3526 0.6144615118092731 0.5119673515045261 0
3527 0.6070799212500216 0.5237792020291075 0
3528 0.599573203586811 0.5354941749647636 0
3529 0.5919429713686792 0.5471102226048483 0
3530 0.5841908706517263 0.5586253240791992 0
3531 0.5763185805525746 0.5700374859023563 0
3532 0.5683278127928542 0.5813447425143585 0
3533 0.5602203112348494 0.5925451568139593 0
3534 0.5519978514084221 0.6036368206841237 0
3535 0.5436622400293443 0.614617855509666 0
3536 0.5352153145091747 0.6254864126868764 0
3537 0.5266589424568019 0.6362406741250153 0
3538 0.5179950211718016 0.6468788527395217 0
3539 0.5092254771297353 0.657399192936816 0
3540 0.5003522654595353 0.6677999710905583 0
3541 0.4913773694131178 0.6780794960092322 0
3542 0.4823027998273642 0.6882361093949346 0
3543 0.4731305945786232 0.6982681862932356 0
3544 0.4638628180298715 0.7081741355340005 0
3545 0.4545015604706968 0.7179524001630398 0
3546 0.4450489375502412 0.7276014578644813 0
3547 0.4355070897032665 0.7371198213737455 0
3548 0.4258781815694991 0.7465060388810085 0
3549 0.4161644014064032 0.7557586944250529 0
3550 0.4063679604955523 0.764876408277386 0
3551 0.3964910925427494 0.7738578373165372 0
3552 0.3865360530720689 0.782701675392417 0
3553 0.3765051188139769 0.7914066536806508 0
3554 0.3664005870876972 0.7999715410267878 0
3555 0.3562247751779973 0.8083951442802857 0
3556 0.3459800197065513 0.8166763086181918 0
3557 0.3356686759980636 0.8248139178584213 0
3558 0.3252931174413125 0.8328068947625575 0
3559 0.3148557348452999 0.8406542013280844 0
3560 0.3043589357906702 0.8483548390699756 0
3561 0.2938051439765803 0.8559078492915654 0
3562 0.2831967985632006 0.8633123133446221 0
3563 0.2725363535100152 0.8705673528785621 0
3564 0.2618262769101154 0.8776721300787254 0
3565 0.2510690503206501 0.8846258478936613 0
3566 0.2402671680896329 0.8914277502513513 0
3567 0.7690411115905749 0.01350459949298644 0
3568 0.7671019662937346 0.02700677882238189 0
3569 0.7650159572317101 0.04050411848114005 0
3570 0.7627831840346436 0.05399420027511942 0
3571 0.7604037861468917 0.06747460797909632 0
3572 0.7578779427891997 0.08094292799223468 0
3573 0.7552058729100801 0.09439674999285258 0
3574 0.7523878351264174 0.1078336675922922 0
3575 0.7494241276533105 0.1212512789877254 0
3576 0.7463150882231726 0.1346471876137185 0
3577 0.7430610939941107 0.1480190027923693 0
3578 0.7396625614476109 0.1613643403818549 0
3579 0.7361199462755541 0.1746808234231974 0
3580 0.7324337432565968 0.1879660827850917 0
3581 0.7286044861219465 0.2012177578065994 0
3582 0.7246327474105718 0.2144334969375516 0
3583 0.7205191383138834 0.2276109583764789 0
3584 0.7162643085099296 0.2407478107058934 0
3585 0.7118689459871524 0.2538417335247598 0
3586 0.7073337768577488 0.2668904180779706 0
3587 0.7026595651606919 0.2798915678826682 0
3588 0.6978471126544608 0.2928428993512363 0
3589 0.6928972585995408 0.3057421424107885 0
3590 0.6878108795307476 0.318587041118999 0
3591 0.6825888890194409 0.3313753542760915 0
3592 0.6772322374256916 0.3441048560328333 0
3593 0.6717419116404653 0.356773336494367 0
3594 0.6661189348179011 0.3693786023197073 0
3595 0.6603643660977482 0.3819184773167544 0
3596 0.654479300318043 0.3943908030326501 0
3597 0.6484648677181006 0.4067934393393247 0
3598 0.6423222336319041 0.4191242650140701 0
3599 0.6360525981719705 0.4313811783149882 0
3600 0.6296571959037864 0.4435620975511489 0
3601 0.6231372955108934 0.4556649616473134 0
3602 0.616494199450718 0.4676877307030648 0
3603 0.6097292436012441 0.4796283865461892 0
3604 0.6028437968986113 0.4914849332801698 0
3605 0.5958392609657537 0.5032553978256313 0
3606 0.588717069732163 0.5149378304555998 0
3607 0.581478689044896 0.5265303053244232 0
3608 0.5741256162709164 0.5380309209902163 0
3609 0.5666593798908888 0.5494378009306849 0
3610 0.5590815390845336 0.560749094052188 0
3611 0.5513936833076503 0.5719629751919044 0
3612 0.5435974318609316 0.5830776456129622 0
3613 0.5356944334506777 0.5940913334924006 0
3614 0.5276863657415339 0.6050022944018327 0
3615 0.5195749349013766 0.6158088117806709 0
3616 0.511361875138459 0.6265091974017999 0
3617 0.5030489482309586 0.6371017918295558 0
3618 0.49463794304904 0.6475849648699006 0
3619 0.4861306750695685 0.6579571160126614 0
3620 0.4775289858836094 0.6682166748657157 0
3621 0.4688347426968383 0.6783621015810107 0
3622 0.4600498378230072 0.6883918872722903 0
3623 0.451176188170595 0.6983045544244291 0
3624 0.44221573472279 0.7080986572942513 0
3625 0.4331704420109382 0.7177727823027328 0
3626 0.4240422975816046 0.727325548418478 0
3627 0.4148333114573921 0.7367556075323651 0
3628 0.4055455155916602 0.7460616448232635 0
3629 0.3961809633172987 0.7552423791147156 0
3630 0.3867417287896959 0.7642965632224989 0
3631 0.377229906424064 0.7732229842929585 0
3632 0.3676476103272643 0.782020464132033 0
3633 0.3579969737242903 0.7906878595248744 0
3634 0.348280148379569 0.7992240625459796 0
3635 0.3384993040132263 0.8076280008597495 0
3636 0.3286566277124877 0.8158986380113913 0
3637 0.3187543233383616 0.8240349737080894 0
3638 0.3087946109277785 0.832036044090364 0
3639 0.2987797260913367 0.8399009219935488 0
3640 0.2887119194068246 0.8476287171993107 0
3641 0.2785934558086863 0.8552185766771491 0
3642 0.2684266139735856 0.8626696848158077 0
3643 0.25821368570225 0.8699812636445308 0
3644 0.2479569752977465 0.8771525730441142 0
3645 0.2376587989403734 0.8841829109476835 0
3646 0.7480571799297614 0.01323501491660289 0
3647 0.7459787381172934 0.02646779583604475 0
3648 0.7437647297523479 0.03969610936720641 0
3649 0.7414152468012095 0.05291772333087946 0
3650 0.7389304179817463 0.06613040736531967 0
3651 0.736310408728492 0.07933193353129359 0
3652 0.7335554211477662 0.09252007691647934 0
3653 0.7306656939628466 0.105692616239039 0
3654 0.7276415024492096 0.1188473344502082 0
3655 0.7244831583598517 0.1319820193357401 0
3656 0.7211910098407175 0.1450944641160333 0
3657 0.7177654413362562 0.1581824680447891 0
3658 0.714206873485127 0.1712438370060282 0
3659 0.7105157630060892 0.1842763841093155 0
3660 0.7066926025741045 0.1972779302830149 0
3661 0.7027379206866817 0.2102463048654322 0
3662 0.6986522815205076 0.2231793461936729 0
3663 0.6944362847783966 0.2360749021900554 0
3664 0.6900905655266022 0.248930830945932 0
3665 0.6856157940225374 0.261745001302742 0
3666 0.6810126755329464 0.2745152934301552 0
3667 0.6762819501425792 0.2872395994011412 0
3668 0.6714243925534222 0.2999158237638047 0
3669 0.6664408118745361 0.3125418841098453 0
3670 0.6613320514025608 0.325115711639469 0
3671 0.6560989883929459 0.3376352517226153 0
3672 0.6507425338219679 0.3500984644563388 0
3673 0.645263632139601 0.3625033252181913 0
3674 0.639663261013306 0.3748478252154656 0
3675 0.633942431062809 0.3871299720301384 0
3676 0.6281021855859391 0.3993477901593765 0
3677 0.6221436002756037 0.4114993215514492 0
3678 0.6160677829279727 0.4235826261369121 0
3679 0.6098758731419567 0.4355957823549066 0
3680 0.6035690420100553 0.4475368876744431 0
3681 0.5971484918006629 0.4594040591105213 0
3682 0.5906154556319176 0.4711954337349438 0
3683 0.5839711971371797 0.4829091691816952 0
3684 0.577217010122234 0.4945434441467366 0
3685 0.5703542182143043 0.5060964588820921 0
3686 0.5633841745029808 0.517566435684083 0
3687 0.5563082611731536 0.5289516193755842 0
3688 0.5491278891300511 0.5402502777821707 0
3689 0.5418444976164924 0.5514607022020197 0
3690 0.5344595538224464 0.5625812078694501 0
3691 0.5269745524870137 0.573610134411965 0
3692 0.5193910154929332 0.5845458463006774 0
3693 0.5117104914537236 0.5953867332939995 0
3694 0.5039345552935783 0.6061312108744654 0
3695 0.4960648078201159 0.6167777206785845 0
3696 0.4881028752901156 0.6273247309195901 0
3697 0.4800504089683446 0.6377707368029851 0
3698 0.4719090846796017 0.6481142609347642 0
3699 0.463680602354101 0.6583538537221991 0
3700 0.4553666855663122 0.6684880937670867 0
3701 0.4469690810673912 0.6785155882513447 0
3702 0.4384895583113184 0.6884349733148575 0
3703 0.429929908974883 0.6982449144254628 0
3704 0.4212919464716353 0.707944106740984 0
3705 0.4125775054599427 0.7175312754632104 0
3706 0.403788441345285 0.7270051761837216 0
3707 0.394926629776917 0.7363645952214739 0
3708 0.3859939661390449 0.7456083499520452 0
3709 0.3769923650366424 0.7547352891284604 0
3710 0.3679237597760591 0.7637442931935001 0
3711 0.3587901018405516 0.7726342745834149 0
3712 0.3495933603608833 0.781404178022961 0
3713 0.3403355215811406 0.7900529808116734 0
3714 0.3310185883199012 0.7985796931013072 0
3715 0.3216445794269117 0.8069833581643611 0
3716 0.3122155292354107 0.8152630526536209 0
3717 0.302733487010257 0.8234178868526436 0
3718 0.2932005163920031 0.831447004917122 0
3719 0.2836186948370689 0.8393495851070559 0
3720 0.2739901130541719 0.847124840009676 0
3721 0.2643168744371559 0.8547720167530533 0
3722 0.2546010944943846 0.8622903972103361 0
3723 0.244844900274843 0.8696792981945669 0
3724 0.235050429791114 0.8769380716440155 0
3725 0.7270732482689479 0.01296543034021935 0
3726 0.7248555099408522 0.02592881284970783 0
3727 0.7225135022729856 0.03888810025327238 0
3728 0.7200473095677754 0.05184124638663956 0
3729 0.7174570498166009 0.06478620675154312 0
3730 0.7147428746677843 0.07772093907035243 0
3731 0.7119049693854523 0.09064340384010605 0
3732 0.7089435527992762 0.1035515648857858 0
3733 0.7058588772451089 0.1164433899126907 0
3734 0.7026512284965306 0.1293168510577619 0
3735 0.6993209256873245 0.1421699254396972 0
3736 0.6958683212249015 0.1550005957077233 0
3737 0.6922938006946997 0.1678068505888592 0
3738 0.6885977827555818 0.1805866854335391 0
3739 0.6847807190262625 0.1933381027594303 0
3740 0.6808430939627916 0.2060591127933128 0
3741 0.6767854247271321 0.2187477340108668 0
3742 0.6726082610468634 0.2314019936742175 0
3743 0.6683121850660521 0.2440199283671044 0
3744 0.6638978111873259 0.2565995845275136 0
3745 0.6593657859052009 0.2691390189776423 0
3746 0.6547167876306976 0.281636299451046 0
3747 0.6499515265073038 0.294089505116821 0
3748 0.6450707442183248 0.3064967271006914 0
3749 0.6400752137856808 0.3188560690028465 0
3750 0.6349657393602005 0.3311656474123973 0
3751 0.6297431560034705 0.3434235924183105 0
3752 0.624408329461301 0.3556280481166753 0
3753 0.6189621559288638 0.3677771731141768 0
3754 0.6134055618075749 0.3798691410276269 0
3755 0.6077395034537776 0.3919021409794285 0
3756 0.6019649669193035 0.4038743780888285 0
3757 0.5960829676839751 0.415784073958836 0
3758 0.590094550380127 0.4276294671586643 0
3759 0.5840007885092173 0.4394088137015728 0
3760 0.5778027841506077 0.4511203875179778 0
3761 0.5715016676625911 0.4627624809236984 0
3762 0.5650985973757482 0.4743334050832206 0
3763 0.5585947592787146 0.4858314904678419 0
3764 0.5519913666964457 0.4972550873085844 0
3765 0.5452896599610657 0.5086025660437427 0
3766 0.5384909060753909 0.5198723177609521 0
3767 0.5315963983692135 0.5310627546336565 0
3768 0.5246074561484515 0.5421723103518512 0
3769 0.5175254243372426 0.5531994405469959 0
3770 0.5103516731130959 0.5641426232109679 0
3771 0.5030875975351887 0.5750003591089543 0
3772 0.4957346171659134 0.585771172186166 0
3773 0.4882941756857802 0.5964536099682599 0
3774 0.480767740501773 0.6070462439553691 0
3775 0.4731568023492727 0.6175476700096242 0
3776 0.4654628748876493 0.6279565087360696 0
3777 0.4576874942896349 0.6382714058568671 0
3778 0.4498322188245926 0.6484910325786825 0
3779 0.4418986284357862 0.6586140859531628 0
3780 0.4338883243117753 0.6686392892303994 0
3781 0.4258029284520419 0.678565392205286 0
3782 0.4176440832269761 0.6883911715566742 0
3783 0.4094134509323324 0.6981154311792352 0
3784 0.4011127133382808 0.7077370025079428 0
3785 0.3927435712331779 0.7172547448350781 0
3786 0.384307743962174 0.7266675456196845 0
3787 0.3758069689607912 0.7359743207893747 0
3788 0.3672430012835888 0.7451740150344222 0
3789 0.3586176131280542 0.7542656020940418 0
3790 0.349932593353839 0.763248085034797 0
3791 0.3411897469974764 0.7721204965210475 0
3792 0.3323908947827123 0.7808818990773673 0
3793 0.3235378726265761 0.7895313853428649 0
3794 0.3146325311413357 0.798068078317331 0
3795 0.3056767351324599 0.8064911315991524 0
3796 0.2966723630927356 0.8147997296149234 0
3797 0.2876213066926695 0.8229930878406951 0
3798 0.2785254702673131 0.8310704530148012 0
3799 0.2693867702996576 0.8390311033422031 0
3800 0.2602071349007263 0.8468743486902988 0
3801 0.2509885032865192 0.8545995307761413 0
3802 0.2417328252519394 0.8622060233450195 0
3803 0.2324420606418544 0.8696932323403476 0
3804 0.7060893166081346 0.01269584576383576 0
3805 0.7037322817644112 0.02538982986337074 0
3806 0.7012622747936232 0.03808009113933858 0
3807 0.6986793723343413 0.0507647694423996 0
3808 0.6959836816514553 0.06344200613776629 0
3809 0.6931753406070766 0.07610994460941128 0
3810 0.6902545176231385 0.08876673076373276 0
3811 0.6872214116357058 0.1014105135325324 0
3812 0.684076252041008 0.1140394453751735 0
3813 0.6808192986332097 0.1266516827797834 0
3814 0.6774508415339313 0.1392453867633611 0
3815 0.6739712011135469 0.1518187233706575 0
3816 0.6703807279042726 0.1643698641716902 0
3817 0.6666798025050744 0.1768969867577628 0
3818 0.6628688354784205 0.1893982752358457 0
3819 0.6589482672389015 0.2018719207211934 0
3820 0.6549185679337565 0.2143161218280607 0
3821 0.6507802373153306 0.2267290851583795 0
3822 0.6465338046055019 0.2391090257882767 0
3823 0.6421798283521145 0.251454167752285 0
3824 0.6377188962774554 0.2637627445251294 0
3825 0.6331516251188161 0.2760329995009508 0
3826 0.6284786604611853 0.2882631864698372 0
3827 0.6237006765621134 0.3004515700915376 0
3828 0.6188183761688006 0.312596426366224 0
3829 0.613832490327455 0.3246960431021794 0
3830 0.6087437781849733 0.3367487203802823 0
3831 0.6035530267830009 0.3487527710151593 0
3832 0.5982610508444217 0.3607065210128879 0
3833 0.5928686925523409 0.3726083100251153 0
3834 0.5873768213216159 0.3844564917994803 0
3835 0.5817863335630031 0.3962494346262075 0
3836 0.5760981524399774 0.40798552178076 0
3837 0.5703132276182973 0.419663151962422 0
3838 0.5644325350083795 0.4312807397287025 0
3839 0.5584570765005524 0.4428367159254343 0
3840 0.5523878796932649 0.4543295281124531 0
3841 0.5462259976143166 0.4657576409847459 0
3842 0.539972508435195 0.4771195367889471 0
3843 0.533628515178587 0.4884137157350766 0
3844 0.5271951454191508 0.4996386964034024 0
3845 0.520673550977628 0.51079301614632 0
3846 0.5140649076083759 0.5218752314851421 0
3847 0.5073704146804104 0.532883918501683 0
3848 0.5005912948520387 0.5438176732245417 0
3849 0.4937287937391782 0.5546751120099707 0
3850 0.4867841795774444 0.5654548719172311 0
3851 0.4797587428781031 0.5761556110783327 0
3852 0.472653796077982 0.5867760090620544 0
3853 0.4654706731834299 0.5973147672321537 0
3854 0.4582107294084298 0.6077706090996583 0
3855 0.4508753408069539 0.6181422806691541 0
3856 0.4434659038996681 0.6284285507789701 0
3857 0.4359838352950842 0.6386282114351658 0
3858 0.4284305713052602 0.648740078139239 0
3859 0.4208075675561594 0.6587629902094539 0
3860 0.4131162985927654 0.6686958110957146 0
3861 0.4053582574790692 0.6785374286878855 0
3862 0.3975349553930295 0.6882867556174865 0
3863 0.389647921216619 0.6979427295526752 0
3864 0.3816987011210708 0.7075043134864347 0
3865 0.3736888581474309 0.7169704960178949 0
3866 0.3656199717825375 0.7263402916267042 0
3867 0.3574936375305353 0.7356127409403836 0
3868 0.3493114664800493 0.7447869109945834 0
3869 0.3410750848671263 0.7538618954861791 0
3870 0.3327861336340694 0.7628368150191341 0
3871 0.3244462679842839 0.7717108173430611 0
3872 0.316057156933251 0.7804830775844225 0
3873 0.3076204828557598 0.7891527984703008 0
3874 0.299137941029509 0.797719210544684 0
3875 0.2906112391752143 0.8061815723772032 0
3876 0.2820420969933359 0.8145391707642682 0
3877 0.2734322456975574 0.8227913209225467 0
3878 0.2647834275451433 0.8309373666747299 0
3879 0.2560973953642967 0.8389766806275443 0
3880 0.2473759120786538 0.8469086643419468 0
3881 0.2386207502290359 0.8547327484954723 0
3882 0.229833691492595 0.8624483930366795 0
3883 0.685105384947321 0.01242626118745233 0
3884 0.68260905358797 0.02485084687703354 0
3885 0.6800110473142609 0.03727208202540472 0
3886 0.6773114351009071 0.04968829249815954 0
3887 0.6745103134863097 0.06209780552398986 0
3888 0.6716078065463691 0.07449895014847008 0
3889 0.6686040658608245 0.08689005768735941 0
3890 0.6654992704721352 0.09926946217927929 0
3891 0.6622936268369072 0.111635500837656 0
3892 0.6589873687698886 0.1239865145018051 0
3893 0.6555807573805381 0.1363208480870249 0
3894 0.6520740810021921 0.1486368510335917 0
3895 0.6484676551138452 0.1609328777545211 0
3896 0.644761822254567 0.1732072880819864 0
3897 0.6409569519305783 0.1854584477122611 0
3898 0.6370534405150112 0.1976847286490741 0
3899 0.6330517111403807 0.2098845096452545 0
3900 0.6289522135837975 0.2220561766425414 0
3901 0.6247554241449517 0.234198123209449 0
3902 0.6204618455169031 0.2463087509770564 0
3903 0.6160720066497098 0.2583864700726163 0
3904 0.6115864626069344 0.2704296995508557 0
3905 0.6070057944150667 0.2824368678228534 0
3906 0.6023306089059021 0.2944064130823838 0
3907 0.5975615385519205 0.3063367837296016 0
3908 0.5926992412947096 0.3182264387919613 0
3909 0.5877444003664759 0.330073848342254 0
3910 0.5826977241047007 0.3418774939136434 0
3911 0.5775599457599796 0.353635868911599 0
3912 0.5723318232971069 0.3653474790226037 0
3913 0.5670141391894544 0.3770108426195322 0
3914 0.5616077002067028 0.3886244911635868 0
3915 0.5561133371959797 0.4001869696026839 0
3916 0.5505319048564675 0.4116968367661798 0
3917 0.5448642815075415 0.4231526657558321 0
3918 0.5391113688504972 0.4345530443328908 0
3919 0.5332740917239382 0.4458965753012076 0
3920 0.5273533978528848 0.4571818768862713 0
3921 0.5213502575916755 0.4684075831100523 0
3922 0.5152656636607282 0.4795723441615689 0
3923 0.5091006308772357 0.4906748267630621 0
3924 0.5028561958798652 0.5017137145316879 0
3925 0.4965334168475383 0.5126877083366279 0
3926 0.4901333732123694 0.5235955266515147 0
3927 0.4836571653668348 0.5344359059020876 0
3928 0.4771059143652603 0.5452076008089737 0
3929 0.4704807616196999 0.5559093847255079 0
3930 0.4637828685902928 0.5665400499704993 0
3931 0.4570134164701838 0.5770984081558489 0
3932 0.4501736058650869 0.5875832905089382 0
3933 0.4432646564675868 0.5979935481896924 0
3934 0.4362878067262585 0.6083280526022387 0
3935 0.4292443135097013 0.618585695701073 0
3936 0.4221354517655757 0.6287653902916492 0
3937 0.4149625141747342 0.6388660703253148 0
3938 0.4077268108005435 0.6488866911885085 0
3939 0.4004296687334888 0.658826229986143 0
3940 0.3930724317311623 0.668683685819097 0
3941 0.3856564598537265 0.6784580800557378 0
3942 0.378183129094957 0.6881484565974078 0
3943 0.3706538310089638 0.6977538821377912 0
3944 0.3630699723326878 0.7072734464161055 0
3945 0.3554329746042837 0.7167062624640339 0
3946 0.3477442737774817 0.7260514668463454 0
3947 0.3400053198320443 0.735308219895125 0
3948 0.3322175763804137 0.7444757059375612 0
3949 0.3243825202706625 0.7535531335172208 0
3950 0.3165016411858554 0.7625397356087551 0
3951 0.3085764412399258 0.7714347698259804 0
3952 0.3006084345701838 0.7802375186232707 0
3953 0.2925991469265581 0.7889472894902155 0
3954 0.2845501152576928 0.7975634151394827 0
3955 0.2764628872940023 0.8060852536878413 0
3956 0.2683390211278016 0.8145121888302919 0
3957 0.260180084790629 0.822843630007257 0
3958 0.2519876558278669 0.8310790125647898 0
3959 0.2437633208707884 0.839217797907752 0
3960 0.2355086752061323 0.847259473645925 0
3961 0.2272253223433355 0.8552035537330115 0
3962 0.6641214532865076 0.01215667661106867 0
3963 0.661485825411529 0.02431186389069645 0
3964 0.6587598198348985 0.03646407291147091 0
3965 0.6559434978674731 0.04861181555391958 0
3966 0.6530369453211642 0.0607536049102132 0
3967 0.6500402724856614 0.07288795568752909 0
3968 0.6469536140985108 0.08501338461098612 0
3969 0.6437771293085646 0.09712841082602591 0
3970 0.6405110016328064 0.1092315563001388 0
3971 0.6371554389065677 0.1213213462238268 0
3972 0.6337106732271451 0.1333963094106888 0
3973 0.6301769608908375 0.145454978696526 0
3974 0.6265545823234181 0.157495891337352 0
3975 0.6228438420040596 0.1695175894062102 0
3976 0.6190450683827363 0.1815186201886763 0
3977 0.6151586137911212 0.1934975365769547 0
3978 0.6111848543470051 0.2054528974624486 0
3979 0.6071241898522645 0.2173832681267035 0
3980 0.6029770436844015 0.2292872206306213 0
3981 0.5987438626816917 0.241163334201828 0
3982 0.5944251170219643 0.2530101956201034 0
3983 0.5900213000950529 0.2648263996007606 0
3984 0.5855329283689482 0.2766105491758697 0
3985 0.5809605412496908 0.2883612560732299 0
3986 0.5763047009350406 0.3000771410929792 0
3987 0.571565992261964 0.3117568344817435 0
3988 0.5667450225479786 0.3233989763042258 0
3989 0.5618424214264007 0.3350022168121274 0
3990 0.5568588406755375 0.3465652168103102 0
3991 0.5517949540418727 0.3580866480200922 0
3992 0.5466514570572928 0.3695651934395842 0
3993 0.5414290668504027 0.380999547700966 0
3994 0.536128521951982 0.3923884174246079 0
3995 0.5307505820946379 0.4037305215699376 0
3996 0.5252960280067036 0.4150245917829619 0
3997 0.519765661200442 0.4262693727403474 0
3998 0.5141603037546119 0.4374636224899623 0
3999 0.5084807980914533 0.4486061127877966 0
4000 0.5027280067481561 0.4596956294311576 0
4001 0.4969028121428696 0.4707309725880612 0
4002 0.4910061163353207 0.4817109571227218 0
4003 0.4850388407821025 0.492634412917056 0
4004 0.4790019260867008 0.5035001851881137 0
4005 0.4728963317443284 0.5143071348013463 0
4006 0.4667230358816311 0.5250541385796332 0
4007 0.4604830349913426 0.5357400896079765 0
4008 0.4541773436619555 0.5463638975337848 0
4009 0.4478069943024826 0.5569244888626661 0
4010 0.4413730368623857 0.5674208072496434 0
4011 0.434876538546744 0.5778518137857228 0
4012 0.4283185835267438 0.5882164872797266 0
4013 0.4217002726455631 0.5985138245353232 0
4014 0.4150227231197345 0.6087428406231761 0
4015 0.4082870682360674 0.6189025691481327 0
4016 0.4014944570442082 0.6289920625113911 0
4017 0.3946460540449276 0.6390103921675632 0
4018 0.3877430388742123 0.6489566488765716 0
4019 0.3807866059832554 0.6588299429503084 0
4020 0.3737779643144236 0.6686294044939892 0
4021 0.3667183369732951 0.6783541836421402 0
4022 0.3596089608968567 0.6880034507891477 0
4023 0.3524510865179448 0.6975763968143158 0
4024 0.34524597742603 0.7070722333013635 0
4025 0.3379949100244283 0.7164901927523069 0
4026 0.3306991731840394 0.7258295287956666 0
4027 0.3233600678937011 0.7350895163889433 0
4028 0.3159789069072556 0.7442694520153073 0
4029 0.3085570143874271 0.753368653874449 0
4030 0.3010957255466008 0.7623864620675381 0
4031 0.2935963862846078 0.7713222387762406 0
4032 0.2860603528236072 0.7801753684357472 0
4033 0.2784889913401714 0.7889452579017624 0
4034 0.2708836775946688 0.7976313366114145 0
4035 0.2632457965580459 0.8062330567380374 0
4036 0.2555767420361146 0.8147498933397841 0
4037 0.2478779162914373 0.8231813445020355 0
4038 0.2401507296629231 0.8315269314735574 0
4039 0.2323966001832286 0.8397861987963779 0
4040 0.2246169531940759 0.8479587144293437 0
4041 0.6431375216256943 0.01188709203468502 0
4042 0.6403625972350878 0.02377288090435947 0
4043 0.6375085923555363 0.03565606379753694 0
4044 0.634575560634039 0.04753533860967962 0
4045 0.6315635771560187 0.05940940429643643 0
4046 0.6284727384249538 0.07127696122658794 0
4047 0.625303162336197 0.08313671153461294 0
4048 0.622054988144994 0.09498735947277276 0
4049 0.6187283764287057 0.1068276117626213 0
4050 0.6153235090432468 0.1186561779458483 0
4051 0.6118405890737519 0.1304717707343527 0
4052 0.6082798407794828 0.1422731063594602 0
4053 0.6046415095329909 0.154058904920183 0
4054 0.6009258617535522 0.165827890730434 0
4055 0.5971331848348944 0.177578792665092 0
4056 0.593263787067231 0.1893103445048354 0
4057 0.5893179975536296 0.2010212852796424 0
4058 0.5852961661207314 0.2127103596108656 0
4059 0.5811986632238515 0.2243763180517936 0
4060 0.5770258798464802 0.2360179174265994 0
4061 0.5727782273942188 0.2476339211675904 0
4062 0.5684561375831713 0.2592230996506655 0
4063 0.5640600623228298 0.2707842305288858 0
4064 0.5595904735934795 0.2823160990640762 0
4065 0.5550478633181606 0.2938174984563568 0
4066 0.5504327432292186 0.3052872301715254 0
4067 0.5457456447294814 0.3167241042661973 0
4068 0.5409871187481007 0.3281269397106115 0
4069 0.5361577355910954 0.3394945647090213 0
4070 0.5312580847866387 0.3508258170175806 0
4071 0.5262887749251313 0.3621195442596361 0
4072 0.5212504334941023 0.3733746042383451 0
4073 0.5161437067079843 0.3845898652465318 0
4074 0.5109692593328082 0.3957642063736952 0
4075 0.5057277745058657 0.4068965178100916 0
4076 0.5004199535503868 0.4179857011478039 0
4077 0.4950465157852854 0.4290306696787171 0
4078 0.4896081983300217 0.440030348689322 0
4079 0.4841057559046366 0.4509836757522628 0
4080 0.478539960625011 0.4618896010145535 0
4081 0.4729116017934056 0.4727470874823816 0
4082 0.4672214856843397 0.4835551113024239 0
4083 0.4614704353258632 0.4943126620395994 0
4084 0.4556592902762874 0.505018742951178 0
4085 0.4497889063964272 0.515672371257179 0
4086 0.4438601556174248 0.5262725784069794 0
4087 0.4378739257042111 0.5368184103420617 0
4088 0.4318311200146722 0.5473089277548328 0
4089 0.4257326572545875 0.557743206343438 0
4090 0.4195794712284011 0.5681203370625074 0
4091 0.4133725105859009 0.5784394263697608 0
4092 0.4071127385648678 0.5886995964684079 0
4093 0.4008011327297677 0.598899985545279 0
4094 0.394438684706559 0.609039748004616 0
4095 0.3880263999136822 0.6191180546974672 0
4096 0.3815652972893117 0.6291340931466176 0
4097 0.3750564090149358 0.6390870677670002 0
4098 0.3685007802353485 0.6489762000815198 0
4099 0.3618994687751206 0.6588007289322405 0
4100 0.3552535448516333 0.6685599106868726 0
4101 0.3485640907847496 0.6782530194405042 0
4102 0.3418322007032016 0.6878793472125262 0
4103 0.3350589802477763 0.6974382041386928 0
4104 0.3282455462713748 0.7069289186582683 0
4105 0.3213930265360345 0.7163508376962084 0
4106 0.3145025594069885 0.7257033268403252 0
4107 0.3075752935438487 0.7349857705133938 0
4108 0.3006123875889987 0.7441975721401428 0
4109 0.2936150098532757 0.7533381543090958 0
4110 0.2865843379990318 0.7624069589292106 0
4111 0.2795215587206563 0.7714034473812788 0
4112 0.27242786742265 0.7803271006640421 0
4113 0.2653044678953351 0.7891774195349877 0
4114 0.2581525719882902 0.7979539246457826 0
4115 0.2509733992816002 0.8066561566723112 0
4116 0.2437681767550076 0.815283676439281 0
4117 0.2365381384550577 0.8238360650393628 0
4118 0.229284525160325 0.8323129239468307 0
4119 0.2220085840448165 0.8407138751256757 0
4120 0.6221535899648807 0.01161750745830148 0
4121 0.6192393690586467 0.02323389791802227 0
4122 0.6162573648761739 0.0348480546836033 0
4123 0.6132076234006048 0.04645886166543972 0
4124 0.6100902089908731 0.05806520368265988 0
4125 0.606905204364246 0.06966596676564679 0
4126 0.6036527105738831 0.08126003845823959 0
4127 0.6003328469814234 0.09284630811951949 0
4128 0.5969457512246048 0.104423667225104 0
4129 0.5934915791799259 0.1159910096678701 0
4130 0.5899705049203589 0.1275472320580166 0
4131 0.5863827206681281 0.1390912340223943 0
4132 0.5827284367425635 0.150621918503014 0
4133 0.5790078815030447 0.1621381920546576 0
4134 0.5752213012870523 0.1736389651415073 0
4135 0.5713689603433409 0.185123152432716 0
4136 0.5674511407602538 0.1965896730968363 0
4137 0.5634681423891984 0.2080374510950275 0
4138 0.5594202827633012 0.2194654154729659 0
4139 0.5553078970112687 0.2308725006513709 0
4140 0.5511313377664733 0.2422576467150776 0
4141 0.5468909750712896 0.2536197997005704 0
4142 0.5425871962767113 0.2649579118819022 0
4143 0.5382204059372682 0.2762709420549223 0
4144 0.5337910257012805 0.2875578558197343 0
4145 0.529299494196473 0.2988176258613074 0
4146 0.524746266910984 0.3100492322281692 0
4147 0.5201318160698005 0.3212516626090954 0
4148 0.5154566305066531 0.3324239126077324 0
4149 0.5107212155314046 0.343564986015069 0
4150 0.5059260927929696 0.354673895079688 0
4151 0.5010718001378019 0.3657496607757244 0
4152 0.4961588914639865 0.3767913130684557 0
4153 0.4911879365709784 0.387797891177453 0
4154 0.4861595210050278 0.3987684438372212 0
4155 0.4810742459003315 0.4097020295552604 0
4156 0.4759327278159589 0.4205977168674716 0
4157 0.47073559856859 0.4314545845908472 0
4158 0.4654835050611171 0.4422717220733681 0
4159 0.4601771091071523 0.4530482294410457 0
4160 0.4548170872514905 0.4637832178420412 0
4161 0.4494041305865769 0.4744758096877918 0
4162 0.4439389445650256 0.4851251388910851 0
4163 0.4384222488082463 0.4957303511010096 0
4164 0.4328547769112233 0.5062906039347248 0
4165 0.4272372762435069 0.5168050672059823 0
4166 0.4215705077464666 0.5272729231503385 0
4167 0.4158552457268619 0.5376933666469994 0
4168 0.4100922776467892 0.5480656054372325 0
4169 0.404282403910058 0.5583888603392919 0
4170 0.3984264376450579 0.5686623654597949 0
4171 0.3925252044841724 0.5788853684014923 0
4172 0.3865795423398009 0.5890571304673818 0
4173 0.3805903011770505 0.5991769268610994 0
4174 0.3745583427831561 0.6092440468835432 0
4175 0.3684845405336957 0.6192577941256723 0
4176 0.3623697791556593 0.6292174866574286 0
4177 0.3562149544874416 0.6391224572127312 0
4178 0.3500209732358177 0.6489720533704918 0
4179 0.3437887527299713 0.658765637731605 0
4180 0.3375192206726425 0.6685025880918607 0
4181 0.3312133148884586 0.6781822976107368 0
4182 0.3248719830695225 0.6878041749760224 0
4183 0.3184961825183212 0.6973676445642301 0
4184 0.3120868798880296 0.7068721465967499 0
4185 0.3056450509202758 0.7163171372917072 0
4186 0.2991716801804417 0.7257020890114804 0
4187 0.2926677607905703 0.7350264904058366 0
4188 0.2861342941599506 0.7442898465506534 0
4189 0.2795722897134558 0.7534916790821804 0
4190 0.2729827646177054 0.7626315263268103 0
4191 0.2663667435051285 0.7717089434263218 0
4192 0.2597252581960015 0.7807235024585608 0
4193 0.2530593474185344 0.7896747925535279 0
4194 0.246370056527086 0.798562420004838 0
4195 0.2396584372185779 0.8073860083765265 0
4196 0.2329255472471923 0.816145198605168 0
4197 0.2261724501374215 0.8248396490972834 0
4198 0.219400214895557 0.8334690358220077 0
4199 0.6011696583040673 0.01134792288191799 0
4200 0.5981161408822057 0.02269491493168529 0
4201 0.5950061373968116 0.03404004556966939 0
4202 0.5918396861671708 0.04538238472119965 0
4203 0.5886168408257277 0.05672100306888322 0
4204 0.5853376703035384 0.06805497230470564 0
4205 0.5820022588115692 0.07938336538186636 0
4206 0.5786107058178529 0.09070525676626617 0
4207 0.5751631260205041 0.1020197226875866 0
4208 0.5716596493166048 0.1133258413898918 0
4209 0.5681004207669658 0.1246226933816806 0
4210 0.5644856005567735 0.1359093616853288 0
4211 0.5608153639521364 0.1471849320858449 0
4212 0.5570899012525372 0.1584484933788813 0
4213 0.5533094177392104 0.1696991376179227 0
4214 0.5494741336194509 0.1809359603605967 0
4215 0.5455842839668783 0.1921580609140301 0
4216 0.5416401186576654 0.2033645425791896 0
4217 0.5376419023027511 0.2145545128941382 0
4218 0.5335899141760574 0.2257270838761424 0
4219 0.5294844481387277 0.2368813722625645 0
4220 0.5253258125594081 0.2480164997504752 0
4221 0.5211143302305927 0.2591315932349184 0
4222 0.5168503382810569 0.2702257850457686 0
4223 0.5125341880844005 0.2812982131831118 0
4224 0.5081662451637277 0.2923480215510895 0
4225 0.5037468890924868 0.303374360190141 0
4226 0.4992765133915006 0.3143763855075795 0
4227 0.494755525422211 0.3253532605064437 0
4228 0.4901843462761706 0.3363041550125574 0
4229 0.4855634106608082 0.3472282458997399 0
4230 0.4808931667815017 0.3581247173131035 0
4231 0.4761740762199889 0.3689927608903797 0
4232 0.4714066138091488 0.3798315759812109 0
4233 0.4665912675041899 0.390640369864351 0
4234 0.4617285382502764 0.4014183579627169 0
4235 0.4568189398466325 0.4121647640562263 0
4236 0.4518629988071584 0.4228788204923727 0
4237 0.4468612542175976 0.4335597683944734 0
4238 0.4418142575892936 0.4442068578675381 0
4239 0.4367225727095755 0.4548193482017009 0
4240 0.4315867754888142 0.4653965080731598 0
4241 0.4264074538041881 0.4759376157425709 0
4242 0.4211852073402054 0.4864419592508412 0
4243 0.4159206474260195 0.4969088366122706 0
4244 0.4106143968695892 0.5073375560049852 0
4245 0.4052670897887223 0.5177274359586154 0
4246 0.3998793714390517 0.5280778055391662 0
4247 0.3944518980389911 0.538388004531027 0
4248 0.3889853365917151 0.5486573836160766 0
4249 0.383480364704215 0.558885304549829 0
4250 0.377937670403477 0.569071140334577 0
4251 0.3723579519498341 0.5792142753894849 0
4252 0.3667419176475422 0.5893141057175828 0
4253 0.3610902856526302 0.5993700390696193 0
4254 0.3554037837780798 0.6093814951047268 0
4255 0.3496831492963828 0.6193479055478572 0
4256 0.3439291287395346 0.6292687143439426 0
4257 0.3381424776965148 0.6391433778087432 0
4258 0.3323239606083095 0.6489713647763375 0
4259 0.3264743505605354 0.6587521567432173 0
4260 0.3205944290737155 0.6684852480089474 0
4261 0.3146849858912688 0.678170145813352 0
4262 0.3087468187652677 0.6878063704701918 0
4263 0.3027807332400246 0.6973934554972916 0
4264 0.2967875424335632 0.7069309477430894 0
4265 0.2907680668170348 0.716418407509567 0
4266 0.284723133992142 0.7258554086715305 0
4267 0.2786535784666255 0.7352415387922113 0
4268 0.2725602414278799 0.7445763992351504 0
4269 0.2664439705147545 0.7538596052723421 0
4270 0.2603056195876072 0.7630907861886015 0
4271 0.254146048496668 0.772269585382134 0
4272 0.2479661228487787 0.7813956604612733 0
4273 0.2417667137725717 0.790468683337365 0
4274 0.2355486976821483 0.7994883403137721 0
4275 0.229312956039327 0.8084543321709734 0
4276 0.2230603751145179 0.8173663742477362 0
4277 0.2167918457462975 0.8262241965183398 0
4278 0.5801857266432539 0.0110783383055344 0
4279 0.5769929127057645 0.02215593194534832 0
4280 0.5737549099174494 0.03323203645573553 0
4281 0.5704717489337365 0.0443059077769597 0
4282 0.5671434726605821 0.05537680245510651 0
4283 0.5637701362428307 0.06644397784376443 0
4284 0.5603518070492555 0.07750669230549312 0
4285 0.5568885646542823 0.08856420541301308 0
4286 0.5533805008164032 0.09961577815006928 0
4287 0.5498277194532839 0.1106606731119134 0
4288 0.5462303366135727 0.1216981547053445 0
4289 0.5425884804454189 0.132727489348263 0
4290 0.5389022911617092 0.1437479456686759 0
4291 0.5351719210020298 0.1547587947031049 0
4292 0.5313975341913683 0.1657593100943381 0
4293 0.5275793068955607 0.1767487682884773 0
4294 0.5237174271735027 0.1877264487312241 0
4295 0.5198120949261323 0.1986916340633516 0
4296 0.5158635218422009 0.2096436103153105 0
4297 0.5118719313408459 0.2205816671009138 0
4298 0.5078375585109822 0.2315050978100515 0
4299 0.5037606500475266 0.2424131998003801 0
4300 0.4996414641844742 0.2533052745879347 0
4301 0.4954802706248455 0.2641806280366147 0
4302 0.4912773504675204 0.2750385705464894 0
4303 0.4870329961309822 0.2858784172408714 0
4304 0.4827475112739894 0.2966994881521126 0
4305 0.4784212107132005 0.3075011084060635 0
4306 0.4740544203377688 0.3182826084051548 0
4307 0.4696474770209365 0.3290433240100459 0
4308 0.4652007285286466 0.3397825967197917 0
4309 0.4607145334252014 0.3504997738504827 0
4310 0.4561892609759911 0.3611942087123036 0
4311 0.4516252910473191 0.3718652607849685 0
4312 0.447023014003352 0.3825122958914806 0
4313 0.4423828306002211 0.3931346863701735 0
4314 0.4377051518773061 0.4037318112449809 0
4315 0.4329903990457268 0.414303056393898 0
4316 0.4282390033740782 0.4248478147155786 0
4317 0.4234514060714349 0.4353654862940304 0
4318 0.4186280581676605 0.4458554785613607 0
4319 0.4137694203910514 0.4563172064585277 0
4320 0.4088759630433505 0.4667500925940566 0
4321 0.4039481658721643 0.4771535674006728 0
4322 0.3989865179408156 0.4875270692898164 0
4323 0.3939915174956714 0.4978700448039881 0
4324 0.3889636718309779 0.5081819487668922 0
4325 0.3839034971512413 0.5184622444313329 0
4326 0.3788115184311929 0.5287104036248216 0
4327 0.3736882692733721 0.5389259068928612 0
4328 0.368534291763372 0.5491082436398631 0
4329 0.3633501363227816 0.5592569122676615 0
4330 0.3581363615598673 0.5693714203115878 0
4331 0.3528935341180338 0.5794512845740661 0
4332 0.3476222285221042 0.5894960312556954 0
4333 0.3423230270224638 0.5995051960837814 0
4334 0.3369965194371062 0.6094783244382856 0
4335 0.3316433029916278 0.619414971475154 0
4336 0.3262639821572119 0.6293147022469945 0
4337 0.3208591684866476 0.63917709182107 0
4338 0.3154294804484284 0.6490017253945737 0
4339 0.3099755432589724 0.6587881984071579 0
4340 0.304497988713015 0.6685361166506816 0
4341 0.2989974550122142 0.6782450963761533 0
4342 0.2934745865920197 0.6879147643978332 0
4343 0.2879300339468506 0.6975447581944715 0
4344 0.2823644534536278 0.7071347260076535 0
4345 0.2767785071937136 0.7166843269372244 0
4346 0.2711728627733004 0.7261932310337689 0
4347 0.2655481931423039 0.7356611193881204 0
4348 0.2599051764118036 0.7450876842178736 0
4349 0.2542444956700857 0.7544726289508812 0
4350 0.2485668387973344 0.7638156683057072 0
4351 0.2428728982790229 0.7731165283690187 0
4352 0.2371633710180573 0.782374946669892 0
4353 0.2314389581457186 0.7915906722510178 0
4354 0.2257003648314616 0.8007634657367787 0
4355 0.2199483000916143 0.809893099398189 0
4356 0.214183476597038 0.818979357214672 0
4357 0.5592017949824404 0.0108087537291508 0
4358 0.5558696845293234 0.02161694895901117 0
4359 0.5525036824380869 0.03242402734180161 0
4360 0.5491038117003024 0.0432294308327198 0
4361 0.5456701044954366 0.05403260184132996 0
4362 0.542202602182123 0.06483298338282351 0
4363 0.5387013552869415 0.07563001922911983 0
4364 0.5351664234907119 0.08642315405975975 0
4365 0.5315978756123024 0.09721183361255203 0
4366 0.527995789589963 0.1079955048339351 0
4367 0.5243602524601795 0.1187736160290082 0
4368 0.5206913603340642 0.1295456170111972 0
4369 0.5169892183712819 0.1403109592515069 0
4370 0.5132539407515224 0.1510690960273288 0
4371 0.5094856506435262 0.1618194825707533 0
4372 0.5056844801716704 0.1725615762163579 0
4373 0.501850570380127 0.183294836548418 0
4374 0.4979840711945993 0.1940187255475136 0
4375 0.4940851413816507 0.2047327077364827 0
4376 0.4901539485056344 0.2154362503256853 0
4377 0.4861906688832367 0.2261288233575386 0
4378 0.4821954875356449 0.236809899850285 0
4379 0.4781685981383557 0.2474789559409509 0
4380 0.4741102029686342 0.2581354710274609 0
4381 0.4700205128506403 0.268778927909867 0
4382 0.4658997470982367 0.2794088129306534 0
4383 0.4617481334554921 0.2900246161140844 0
4384 0.4575659080349004 0.3006258313045476 0
4385 0.4533533152533267 0.3112119563038659 0
4386 0.4491106077657024 0.3217824930075343 0
4387 0.4448380463964849 0.3323369475398438 0
4388 0.4405359000689011 0.3428748303878619 0
4389 0.4362044457319934 0.3533956565342275 0
4390 0.4318439682854893 0.3638989455887262 0
4391 0.427454760502514 0.3743842219186104 0
4392 0.4230371229501659 0.38485101477763 0
4393 0.4185913639079796 0.3952988584337355 0
4394 0.4141177992842951 0.4057272922954234 0
4395 0.4096167525305586 0.4161358610366838 0
4396 0.4050885545535762 0.4265241147205226 0
4397 0.4005335436257453 0.4368916089210204 0
4398 0.3959520652932886 0.4472379048438956 0
4399 0.3913444722825129 0.4575625694455423 0
4400 0.3867111244041233 0.4678651755505046 0
4401 0.3820523884556117 0.4781453019673622 0
4402 0.3773686381217535 0.4884025336029909 0
4403 0.3726602538732334 0.498636461575169 0
4404 0.3679276228634311 0.5088466833234996 0
4405 0.3631711388233947 0.5190328027186161 0
4406 0.3583912019550291 0.5291944301696457 0
4407 0.3535882188225291 0.5393311827298972 0
4408 0.3487626022420863 0.549442684200746 0
4409 0.3439147711699005 0.5595285652336908 0
4410 0.3390451505885253 0.5695884634305495 0
4411 0.3341541713915781 0.5796220234417714 0
4412 0.3292422702668479 0.5896288970628361 0
4413 0.3243098895778296 0.5996087433287143 0
4414 0.3193574772437209 0.6095612286063654 0
4415 0.3143854866179089 0.6194860266852458 0
4416 0.3093943763649857 0.6293828188658024 0
4417 0.3043846103363213 0.6392512940459303 0
4418 0.2993566574442293 0.6490911488053683 0
4419 0.2943109915347613 0.658902087488011 0
4420 0.2892480912591607 0.6686838222821149 0
4421 0.2841684399440148 0.6784360732983749 0
4422 0.279072525460138 0.6881585686458536 0
4423 0.2739608400902208 0.6978510445057401 0
4424 0.2688338803952852 0.7075132452029183 0
4425 0.2636921470799753 0.7171449232753266 0
4426 0.258536144856728 0.7267458395410902 0
4427 0.2533663823088528 0.7363157631634052 0
4428 0.2481833717525643 0.7458544717131608 0
4429 0.2429876290980008 0.7553617512292803 0
4430 0.2377796737092672 0.7648373962767639 0
4431 0.232560028263543 0.774281210002419 0
4432 0.227329218609289 0.7836930041882633 0
4433 0.2220877736235962 0.793072599302584 0
4434 0.2168362250687108 0.8024198245486416 0
4435 0.2115751074477785 0.8117345179110039 0
4436 0.5382178633216269 0.01053916915276715 0
4437 0.5347464563528823 0.02107796597267414 0
4438 0.5312524549587246 0.0316160182278678 0
4439 0.5277358744668683 0.04215295388847989 0
4440 0.5241967363302911 0.05268840122755336 0
4441 0.5206350681214154 0.0632219889218823 0
4442 0.5170509035246278 0.07375334615274642 0
4443 0.5134442823271412 0.0842821027065066 0
4444 0.5098152504082016 0.09480788907503457 0
4445 0.506163859726642 0.1053303365559566 0
4446 0.5024901683067864 0.115849077352672 0
4447 0.4987942402227095 0.1263637446741314 0
4448 0.4950761455808547 0.1368739728343379 0
4449 0.491335960501015 0.1473793973515524 0
4450 0.4875737670956842 0.1578796550471691 0
4451 0.4837896534477804 0.1683743841442385 0
4452 0.4799837135867514 0.178863224365612 0
4453 0.4761560474630663 0.1893458170316757 0
4454 0.4723067609211006 0.1998218051576552 0
4455 0.4684359656704231 0.2102908335504568 0
4456 0.4645437792554912 0.2207525489050257 0
4457 0.4606303250237634 0.2312065999001899 0
4458 0.4566957320922372 0.2416526372939672 0
4459 0.4527401353124229 0.2520903140183072 0
4460 0.4487636752337603 0.2625192852732446 0
4461 0.4447664980654912 0.2729392086204356 0
4462 0.4407487556369949 0.2833497440760561 0
4463 0.4367106053566004 0.2937505542030316 0
4464 0.4326522101688846 0.3041413042025772 0
4465 0.4285737385104684 0.3145216620050228 0
4466 0.4244753642643234 0.3248912983598957 0
4467 0.4203572667126009 0.3352498869252411 0
4468 0.4162196304879957 0.3455971043561515 0
4469 0.4120626455236597 0.355932630392484 0
4470 0.4078865070016762 0.3662561479457401 0
4471 0.4036914153001107 0.3765673431850864 0
4472 0.3994775759386532 0.3868659056224902 0
4473 0.3952451995228635 0.3971515281969487 0
4474 0.3909945016870392 0.4074239073577891 0
4475 0.3867257030357176 0.4176827431470149 0
4476 0.3824390290838304 0.4279277392806801 0
4477 0.3781347101955259 0.4381586032292636 0
4478 0.3738129815216754 0.4483750462970281 0
4479 0.3694740829360823 0.4585767837003362 0
4480 0.3651182589704079 0.468763534644908 0
4481 0.3607457587478358 0.4789350224019939 0
4482 0.3563568359154891 0.4890909743834459 0
4483 0.3519517485756208 0.4992311222156663 0
4484 0.3475307592155966 0.5093552018124106 0
4485 0.3430941346366861 0.5194629534464305 0
4486 0.3386421458816861 0.5295541218199314 0
4487 0.3341750681613909 0.5396284561338306 0
4488 0.3296931807799338 0.5496857101557938 0
4489 0.325196767059017 0.5597256422870329 0
4490 0.3206861142610521 0.5697480156278476 0
4491 0.316161513511232 0.5797525980418906 0
4492 0.3116232597185532 0.5897391622191427 0
4493 0.3070716514958139 0.5997074857375769 0
4494 0.302506991078606 0.6096573511234972 0
4495 0.2979295842433239 0.6195885459105348 0
4496 0.2933397402242143 0.6295008626972868 0
4497 0.2887377716294863 0.6393940992035789 0
4498 0.2841239943565076 0.6492680583253406 0
4499 0.2794987275061071 0.6591225481880766 0
4500 0.27486229329601 0.6689573821989167 0
4501 0.2702150169734253 0.6787723790972358 0
4502 0.2655572267268139 0.6885673630038267 0
4503 0.2608892535968568 0.6983421634686122 0
4504 0.2562114313866503 0.7080966155168846 0
4505 0.251524096571152 0.7178305596940602 0
4506 0.2468275882059018 0.7275438421089369 0
4507 0.2421222478350429 0.7372363144754406 0
4508 0.2374084193986672 0.7469078341528537 0
4509 0.2326864491395115 0.7565582641845092 0
4510 0.2279566855090287 0.766187473334946 0
4511 0.2232194790728593 0.7757953361255089 0
4512 0.2184751824157307 0.7853817328683894 0
4513 0.2137241500458072 0.7949465496990945 0
4514 0.2089667382985189 0.8044896786073359 0
4515 0.5172339316608136 0.01026958457638377 0
4516 0.5136232281764412 0.02053898298633711 0
4517 0.5100012274793624 0.030808009113934 0
4518 0.5063679372334342 0.04107647694423994 0
4519 0.5027233681651456 0.05134420061377659 0
4520 0.4990675340607077 0.06161099446094115 0
4521 0.495400451762314 0.07187667307637319 0
4522 0.4917221411635707 0.08214105135325322 0
4523 0.4880326252041008 0.09240394453751732 0
4524 0.4843319298633211 0.1026651682779783 0
4525 0.4806200841533933 0.112924538676336 0
4526 0.4768971201113548 0.1231818723370657 0
4527 0.4731630727904274 0.1334369864171687 0
4528 0.4694179802505076 0.1436896986757762 0
4529 0.4656618835478422 0.1539398275235843 0
4530 0.4618948267238903 0.1641871920721191 0
4531 0.4581168567933758 0.174431612182806 0
4532 0.4543280237315332 0.1846729085158377 0
4533 0.4505283804605504 0.1949109025788275 0
4534 0.4467179828352116 0.2051454167752282 0
4535 0.4428968896277458 0.2153762744525127 0
4536 0.4390651625118818 0.2256032999500947 0
4537 0.4352228660461188 0.2358263186469833 0
4538 0.4313700676562116 0.2460451570091533 0
4539 0.4275068376168802 0.2562596426366222 0
4540 0.4236332490327457 0.2664696043102175 0
4541 0.4197493778184975 0.2766748720380279 0
4542 0.4158553026783003 0.2868752771015156 0
4543 0.4119511050844424 0.2970706521012883 0
4544 0.4080368692552344 0.3072608310025111 0
4545 0.4041126821321619 0.3174456491799476 0
4546 0.4001786333563006 0.3276249434626203 0
4547 0.3962348152439981 0.3377985521780755 0
4548 0.39228132276183 0.3479663151962417 0
4549 0.3883182535008382 0.3581280739728698 0
4550 0.3843457076500555 0.368283671592543 0
4551 0.3803637879693267 0.3784329528112448 0
4552 0.3763725997614319 0.3885757640984741 0
4553 0.3723722508435197 0.3987119536788943 0
4554 0.3683628515178589 0.4088413715735073 0
4555 0.3643445145419153 0.4189638696403398 0
4556 0.3603173550977631 0.4290793016146315 0
4557 0.3562814907608378 0.4391875231485139 0
4558 0.3522370414680412 0.4492883918501679 0
4559 0.3481841294852041 0.4593817673224538 0
4560 0.344122879373918 0.4694675112009968 0
4561 0.3400534179577446 0.4795454871917227 0
4562 0.3359758742878105 0.4896155611078329 0
4563 0.3318903796077984 0.4996776009062051 0
4564 0.3277970673183432 0.5097314767232151 0
4565 0.3236960729408431 0.5197770609099656 0
4566 0.3195875340806956 0.5298142280669151 0
4567 0.315471590389967 0.5398428550778969 0
4568 0.3113483835295086 0.5498628211435164 0
4569 0.3072180571305262 0.5598740078139237 0
4570 0.3030807567556161 0.5698762990209452 0
4571 0.2989366298592767 0.5798695811095713 0
4572 0.2947858257479071 0.5898537428687884 0
4573 0.290628495539303 0.5998286755617485 0
4574 0.286464792121662 0.6097942729552673 0
4575 0.2822948701121072 0.6197504313486434 0
4576 0.2781188858147432 0.6296970496017893 0
4577 0.2739369971782539 0.6396340291626703 0
4578 0.2697493637530536 0.6495612740940382 0
4579 0.265556146648005 0.6594786910994582 0
4580 0.2613575084867127 0.6693861895486177 0
4581 0.257153613363407 0.6792836815019134 0
4582 0.2529446267984284 0.689171081734306 0
4583 0.2487307156933252 0.6990483077584422 0
4584 0.244512048285576 0.7089152798470301 0
4585 0.240288794102951 0.7187719210544684 0
4586 0.2360611239175215 0.7286181572377202 0
4587 0.2318292096993337 0.7384539170764268 0
4588 0.2275932245697558 0.7482791320922546 0
4589 0.2233533427545144 0.7580937366674729 0
4590 0.2191097395364297 0.7678976680627545 0
4591 0.2148625912078654 0.7776908664341947 0
4592 0.2106120750229036 0.7874732748495473 0
4593 0.2063583691492595 0.797244839303668 0
4594 0.09375 1.0625 0
4595 0.09375 1.125 0
4596 0.09375 1.1875 0
4597 0.09375 1.25 0
4598 0.09375 1.3125 0
4599 0.09375 1.375 0
4600 0.09375 1.4375 0
4601 0.1875 1.0625 0
4602 0.1875 1.125 0
4603 0.1875 1.1875 0
4604 0.1875 1.25 0
4605 0.1875 1.3125 0
4606 0.1875 1.375 0
4607 0.1875 1.4375 0
4608 0.28125 1.0625 0
4609 0.28125 1.125 0
4610 0.28125 1.1875 0
4611 0.28125 1.25 0
4612 0.28125 1.3125 0
4613 0.28125 1.375 0
4614 0.28125 1.4375 0
4615 0.375 1.0625 0
4616 0.375 1.125 0
4617 0.375 1.1875 0
4618 0.375 1.25 0
4619 0.375 1.3125 0
4620 0.375 1.375 0
4621 0.375 1.4375 0
4622 0.46875 1.0625 0
4623 0.46875 1.125 0
4624 0.46875 1.1875 0
4625 0.46875 1.25 0
4626 0.46875 1.3125 0
4627 0.46875 1.375 0
4628 0.46875 1.4375 0
4629 0.5625 1.0625 0
4630 0.5625 1.125 0
4631 0.5625 1.1875 0
4632 0.5625 1.25 0
4633 0.5625 1.3125 0
4634 0.5625 1.375 0
4635 0.5625 1.4375 0
4636 0.65625 1.0625 0
4637 0.65625 1.125 0
4638 0.65625 1.1875 0
4639 0.65625 1.25 0
4640 0.65625 1.3125 0
4641 0.65625 1.375 0
4642 0.65625 1.4375 0
4643 0.75 1.0625 0
4644 0.75 1.125 0
4645 0.75 1.1875 0
4646 0.75 1.25 0
4647 0.75 1.3125 0
4648 0.75 1.375 0
4649 0.75 1.4375 0
4650 0.84375 1.0625 0
4651 0.84375 1.125 0
4652 0.84375 1.1875 0
4653 0.84375 1.25 0
4654 0.84375 1.3125 0
4655 0.84375 1.375 0
4656 0.84375 1.4375 0
4657 0.9375 1.0625 0
4658 0.9375 1.125 0
4659 0.9375 1.1875 0
4660 0.9375 1.25 0
4661 0.9375 1.3125 0
4662 0.9375 1.375 0
4663 0.9375 1.4375 0
4664 1.03125 1.0625 0
4665 1.03125 1.125 0
4666 1.03125 1.1875 0
4667 1.03125 1.25 0
4668 1.03125 1.3125 0
4669 1.03125 1.375 0
4670 1.03125 1.4375 0
4671 1.125 1.0625 0
4672 1.125 1.125 0
4673 1.125 1.1875 0
4674 1.125 1.25 0
4675 1.125 1.3125 0
4676 1.125 1.375 0
4677 1.125 1.4375 0
4678 1.21875 1.0625 0
4679 1.21875 1.125 0
4680 1.21875 1.1875 0
4681 1.21875 1.25 0
4682 1.21875 1.3125 0
4683 1.21875 1.375 0
4684 1.21875 1.4375 0
4685 1.3125 1.0625 0
4686 1.3125 1.125 0
4687 1.3125 1.1875 0
4688 1.3125 1.25 0
4689 1.3125 1.3125 0
4690 1.3125 1.375 0
4691 1.3125 1.4375 0
4692 1.40625 1.0625 0
4693 1.40625 1.125 0
4694 1.40625 1.1875 0
4695 1.40625 1.25 0
4696 1.40625 1.3125 0
4697 1.40625 1.375 0
4698 1.40625 1.4375 0
$EndNodes
$Elements
4848
1 1 2 5 7 2 114
2 1 2 5 7 114 115
3 1 2 5 7 115 116
4 1 2 5 7 116 117
5 1 2 5 7 117 118
6 1 2 5 7 118 119
7 1 2 5 7 119 120
8 1 2 5 7 120 121
9 1 2 5 7 121 122
10 1 2 5 7 122 123
11 1 2 5 7 123 124
12 1 2 5 7 124 125
13 1 2 5 7 125 126
14 1 2 5 7 126 127
15 1 2 5 7 127 128
16 1 2 5 7 128 129
17 1 2 5 7 129 130
18 1 2 5 7 130 131
19 1 2 5 7 131 132
20 1 2 5 7 132 133
21 1 2 5 7 133 134
22 1 2 5 7 134 135
23 1 2 5 7 135 136
24 1 2 5 7 136 3
25 1 2 4 8 3 137
26 1 2 4 8 137 138
27 1 2 4 8 138 139
28 1 2 4 8 139 140
29 1 2 4 8 140 141
30 1 2 4 8 141 142
31 1 2 4 8 142 143
32 1 2 4 8 143 144
33 1 2 4 8 144 145
34 1 2 4 8 145 146
35 1 2 4 8 146 147
36 1 2 4 8 147 148
37 1 2 4 8 148 149
38 1 2 4 8 149 150
39 1 2 4 8 150 151
40 1 2 4 8 151 152
41 1 2 4 8 152 153
42 1 2 4 8 153 154
43 1 2 4 8 154 155
44 1 2 4 8 155 156
45 1 2 4 8 156 157
46 1 2 4 8 157 158
47 1 2 4 8 158 159
48 1 2 4 8 159 160
49 1 2 4 8 160 161
50 1 2 4 8 161 162
51 1 2 4 8 162 163
52 1 2 4 8 163 164
53 1 2 4 8 164 165
54 1 2 4 8 165 166
55 1 2 4 8 166 167
56 1 2 4 8 167 168
57 1 2 4 8 168 169
58 1 2 4 8 169 170
59 1 2 4 8 170 171
60 1 2 4 8 171 172
61 1 2 4 8 172 173
62 1 2 4 8 173 174
63 1 2 4 8 174 175
64 1 2 4 8 175 176
65 1 2 4 8 176 177
66 1 2 4 8 177 178
67 1 2 4 8 178 179
68 1 2 4 8 179 180
69 1 2 4 8 180 181
70 1 2 4 8 181 182
71 1 2 4 8 182 183
72 1 2 4 8 183 184
73 1 2 4 8 184 185
74 1 2 4 8 185 186
75 1 2 4 8 186 187
76 1 2 4 8 187 188
77 1 2 4 8 188 189
78 1 2 4 8 189 190
79 1 2 4 8 190 191
80 1 2 4 8 191 192
81 1 2 4 8 192 193
82 1 2 4 8 193 194
83 1 2 4 8 194 195
84 1 2 4 8 195 196
85 1 2 4 8 196 197
86 1 2 4 8 197 198
87 1 2 4 8 198 199
88 1 2 4 8 199 200
89 1 2 4 8 200 201
90 1 2 4 8 201 202
91 1 2 4 8 202 203
92 1 2 4 8 203 204
93 1 2 4 8 204 205
94 1 2 4 8 205 206
95 1 2 4 8 206 207
96 1 2 4 8 207 208
97 1 2 4 8 208 209
98 1 2 4 8 209 210
99 1 2 4 8 210 211
100 1 2 4 8 211 212
101 1 2 4 8 212 213
102 1 2 4 8 213 214
103 1 2 4 8 214 215
104 1 2 4 8 215 4
105 1 2 3 10 6 239
106 1 2 3 10 239 240
107 1 2 3 10 240 241
108 1 2 3 10 241 242
109 1 2 3 10 242 243
110 1 2 3 10 243 244
111 1 2 3 10 244 245
112 1 2 3 10 245 246
113 1 2 3 10 246 247
114 1 2 3 10 247 248
115 1 2 3 10 248 249
116 1 2 3 10 249 250
117 1 2 3 10 250 251
118 1 2 3 10 251 252
119 1 2 3 10 252 253
120 1 2 3 10 253 254
121 1 2 3 10 254 255
122 1 2 3 10 255 256
123 1 2 3 10 256 257
124 1 2 3 10 257 258
125 1 2 3 10 258 259
126 1 2 3 10 259 260
127 1 2 3 10 260 261
128 1 2 3 10 261 5
129 1 2 4 11 4 262
130 1 2 4 11 262 263
131 1 2 4 11 263 264
132 1 2 4 11 264 265
133 1 2 4 11 265 266
134 1 2 4 11 266 267
135 1 2 4 11 267 268
136 1 2 4 11 268 269
137 1 2 4 11 269 270
138 1 2 4 11 270 271
139 1 2 4 11 271 272
140 1 2 4 11 272 273
141 1 2 4 11 273 274
142 1 2 4 11 274 275
143 1 2 4 11 275 276
144 1 2 4 11 276 277
145 1 2 4 11 277 278
146 1 2 4 11 278 279
147 1 2 4 11 279 280
148 1 2 4 11 280 281
149 1 2 4 11 281 282
150 1 2 4 11 282 283
151 1 2 4 11 283 284
152 1 2 4 11 284 6
153 1 2 5 12 7 285
154 1 2 5 12 285 286
155 1 2 5 12 286 287
156 1 2 5 12 287 288
157 1 2 5 12 288 289
158 1 2 5 12 289 290
159 1 2 5 12 290 291
160 1 2 5 12 291 292
161 1 2 5 12 292 293
162 1 2 5 12 293 294
163 1 2 5 12 294 295
164 1 2 5 12 295 296
165 1 2 5 12 296 297
166 1 2 5 12 297 298
167 1 2 5 12 298 299
168 1 2 5 12 299 300
169 1 2 5 12 300 301
170 1 2 5 12 301 302
171 1 2 5 12 302 303
172 1 2 5 12 303 304
173 1 2 5 12 304 305
174 1 2 5 12 305 306
175 1 2 5 12 306 307
176 1 2 5 12 307 2
177 1 2 3 13 5 308
178 1 2 3 13 308 309
179 1 2 3 13 309 310
180 1 2 3 13 310 311
181 1 2 3 13 311 312
182 1 2 3 13 312 313
183 1 2 3 13 313 314
184 1 2 3 13 314 315
185 1 2 3 13 315 316
186 1 2 3 13 316 317
187 1 2 3 13 317 318
188 1 2 3 13 318 319
189 1 2 3 13 319 320
190 1 2 3 13 320 321
191 1 2 3 13 321 322
192 1 2 3 13 322 323
193 1 2 3 13 323 324
194 1 2 3 13 324 325
195 1 2 3 13 325 326
196 1 2 3 13 326 327
197 1 2 3 13 327 328
198 1 2 3 13 328 329
199 1 2 3 13 329 330
200 1 2 3 13 330 331
201 1 2 3 13 331 332
202 1 2 3 13 332 333
203 1 2 3 13 333 334
204 1 2 3 13 334 335
205 1 2 3 13 335 336
206 1 2 3 13 336 337
207 1 2 3 13 337 338
208 1 2 3 13 338 339
209 1 2 3 13 339 340
210 1 2 3 13 340 341
211 1 2 3 13 341 342
212 1 2 3 13 342 343
213 1 2 3 13 343 344
214 1 2 3 13 344 345
215 1 2 3 13 345 346
216 1 2 3 13 346 347
217 1 2 3 13 347 348
218 1 2 3 13 348 349
219 1 2 3 13 349 350
220 1 2 3 13 350 351
221 1 2 3 13 351 352
222 1 2 3 13 352 353
223 1 2 3 13 353 354
224 1 2 3 13 354 355
225 1 2 3 13 355 356
226 1 2 3 13 356 357
227 1 2 3 13 357 358
228 1 2 3 13 358 359
229 1 2 3 13 359 360
230 1 2 3 13 360 361
231 1 2 3 13 361 362
232 1 2 3 13 362 363
233 1 2 3 13 363 364
234 1 2 3 13 364 365
235 1 2 3 13 365 366
236 1 2 3 13 366 367
237 1 2 3 13 367 368
238 1 2 3 13 368 369
239 1 2 3 13 369 370
240 1 2 3 13 370 371
241 1 2 3 13 371 372
242 1 2 3 13 372 373
243 1 2 3 13 373 374
244 1 2 3 13 374 375
245 1 2 3 13 375 376
246 1 2 3 13 376 377
247 1 2 3 13 377 378
248 1 2 3 13 378 379
249 1 2 3 13 379 380
250 1 2 3 13 380 381
251 1 2 3 13 381 382
252 1 2 3 13 382 383
253 1 2 3 13 383 384
254 1 2 3 13 384 385
255 1 2 3 13 385 386
256 1 2 3 13 386 7
257 1 2 8 15 8 387
258 1 2 8 15 387 388
259 1 2 8 15 388 389
260 1 2 8 15 389 390
261 1 2 8 15 390 391
262 1 2 8 15 391 392
263 1 2 8 15 392 393
264 1 2 8 15 393 394
265 1 2 8 15 394 395
266 1 2 8 15 395 396
267 1 2 8 15 396 397
268 1 2 8 15 397 398
269 1 2 8 15 398 399
270 1 2 8 15 399 400
271 1 2 8 15 400 401
272 1 2 8 15 401 9
273 1 2 9 16 9 402
274 1 2 9 16 402 403
275 1 2 9 16 403 404
276 1 2 9 16 404 405
277 1 2 9 16 405 406
278 1 2 9 16 406 407
279 1 2 9 16 407 408
280 1 2 9 16 408 10
281 1 2 6 17 10 409
282 1 2 6 17 409 410
283 1 2 6 17 410 411
284 1 2 6 17 411 412
285 1 2 6 17 412 413
286 1 2 6 17 413 414
287 1 2 6 17 414 415
288 1 2 6 17 415 416
289 1 2 6 17 416 417
290 1 2 6 17 417 418
291 1 2 6 17 418 419
292 1 2 6 17 419 420
293 1 2 6 17 420 421
294 1 2 6 17 421 422
295 1 2 6 17 422 423
296 1 2 6 17 423 11
297 1 2 7 18 11 424
298 1 2 7 18 424 425
299 1 2 7 18 425 426
300 1 2 7 18 426 427
301 1 2 7 18 427 428
302 1 2 7 18 428 429
303 1 2 7 18 429 430
304 1 2 7 18 430 8
305 3 2 1 1 2 114 431 113
306 3 2 1 1 113 431 432 112
307 3 2 1 1 112 432 433 111
308 3 2 1 1 111 433 434 110
309 3 2 1 1 110 434 435 109
310 3 2 1 1 109 435 436 108
311 3 2 1 1 108 436 437 107
312 3 2 1 1 107 437 438 106
313 3 2 1 1 106 438 439 105
314 3 2 1 1 105 439 440 104
315 3 2 1 1 104 440 441 103
316 3 2 1 1 103 441 442 102
317 3 2 1 1 102 442 443 101
318 3 2 1 1 101 443 444 100
319 3 2 1 1 100 444 445 99
320 3 2 1 1 99 445 446 98
321 3 2 1 1 98 446 447 97
322 3 2 1 1 97 447 448 96
323 3 2 1 1 96 448 449 95
324 3 2 1 1 95 449 450 94
325 3 2 1 1 94 450 451 93
326 3 2 1 1 93 451 452 92
327 3 2 1 1 92 452 453 91
328 3 2 1 1 91 453 454 90
329 3 2 1 1 90 454 455 89
330 3 2 1 1 89 455 456 88
331 3 2 1 1 88 456 457 87
332 3 2 1 1 87 457 458 86
333 3 2 1 1 86 458 459 85
334 3 2 1 1 85 459 460 84
335 3 2 1 1 84 460 461 83
336 3 2 1 1 83 461 462 82
337 3 2 1 1 82 462 463 81
338 3 2 1 1 81 463 464 80
339 3 2 1 1 80 464 465 79
340 3 2 1 1 79 465 466 78
341 3 2 1 1 78 466 467 77
342 3 2 1 1 77 467 468 76
343 3 2 1 1 76 468 469 75
344 3 2 1 1 75 469 470 74
345 3 2 1 1 74 470 471 73
346 3 2 1 1 73 471 472 72
347 3 2 1 1 72 472 473 71
348 3 2 1 1 71 473 474 70
349 3 2 1 1 70 474 475 69
350 3 2 1 1 69 475 476 68
351 3 2 1 1 68 476 477 67
352 3 2 1 1 67 477 478 66
353 3 2 1 1 66 478 479 65
354 3 2 1 1 65 479 480 64
355 3 2 1 1 64 480 481 63
356 3 2 1 1 63 481 482 62
357 3 2 1 1 62 482 483 61
358 3 2 1 1 61 483 484 60
359 3 2 1 1 60 484 485 59
360 3 2 1 1 59 485 486 58
361 3 2 1 1 58 486 487 57
362 3 2 1 1 57 487 488 56
363 3 2 1 1 56 488 489 55
364 3 2 1 1 55 489 490 54
365 3 2 1 1 54 490 491 53
366 3 2 1 1 53 491 492 52
367 3 2 1 1 52 492 493 51
368 3 2 1 1 51 493 494 50
369 3 2 1 1 50 494 495 49
370 3 2 1 1 49 495 496 48
371 3 2 1 1 48 496 497 47
372 3 2 1 1 47 497 498 46
373 3 2 1 1 46 498 499 45
374 3 2 1 1 45 499 500 44
375 3 2 1 1 44 500 501 43
376 3 2 1 1 43 501 502 42
377 3 2 1 1 42 502 503 41
378 3 2 1 1 41 503 504 40
379 3 2 1 1 40 504 505 39
380 3 2 1 1 39 505 506 38
381 3 2 1 1 38 506 507 37
382 3 2 1 1 37 507 508 36
383 3 2 1 1 36 508 509 35
384 3 2 1 1 35 509 34 1
385 3 2 1 1 114 115 510 431
386 3 2 1 1 431 510 511 432
387 3 2 1 1 432 511 512 433
388 3 2 1 1 433 512 513 434
389 3 2 1 1 434 513 514 435
390 3 2 1 1 435 514 515 436
391 3 2 1 1 436 515 516 437
392 3 2 1 1 437 516 517 438
393 3 2 1 1 438 517 518 439
394 3 2 1 1 439 518 519 440
395 3 2 1 1 440 519 520 441
396 3 2 1 1 441 520 521 442
397 3 2 1 1 442 521 522 443
398 3 2 1 1 443 522 523 444
399 3 2 1 1 444 523 524 445
400 3 2 1 1 445 524 525 446
401 3 2 1 1 446 525 526 447
402 3 2 1 1 447 526 527 448
403 3 2 1 1 448 527 528 449
404 3 2 1 1 449 528 529 450
405 3 2 1 1 450 529 530 451
406 3 2 1 1 451 530 531 452
407 3 2 1 1 452 531 532 453
408 3 2 1 1 453 532 533 454
409 3 2 1 1 454 533 534 455
410 3 2 1 1 455 534 535 456
411 3 2 1 1 456 535 536 457
412 3 2 1 1 457 536 537 458
413 3 2 1 1 458 537 538 459
414 3 2 1 1 459 538 539 460
415 3 2 1 1 460 539 540 461
416 3 2 1 1 461 540 541 462
417 3 2 1 1 462 541 542 463
418 3 2 1 1 463 542 543 464
419 3 2 1 1 464 543 544 465
420 3 2 1 1 465 544 545 466
421 3 2 1 1 466 545 546 467
422 3 2 1 1 467 546 547 468
423 3 2 1 1 468 547 548 469
424 3 2 1 1 469 548 549 470
425 3 2 1 1 470 549 550 471
426 3 2 1 1 471 550 551 472
427 3 2 1 1 472 551 552 473
428 3 2 1 1 473 552 553 474
429 3 2 1 1 474 553 554 475
430 3 2 1 1 475 554 555 476
431 3 2 1 1 476 555 556 477
432 3 2 1 1 477 556 557 478
433 3 2 1 1 478 557 558 479
434 3 2 1 1 479 558 559 480
435 3 2 1 1 480 559 560 481
436 3 2 1 1 481 560 561 482
437 3 2 1 1 482 561 562 483
438 3 2 1 1 483 562 563 484
439 3 2 1 1 484 563 564 485
440 3 2 1 1 485 564 565 486
441 3 2 1 1 486 565 566 487
442 3 2 1 1 487 566 567 488
443 3 2 1 1 488 567 568 489
444 3 2 1 1 489 568 569 490
445 3 2 1 1 490 569 570 491
446 3 2 1 1 491 570 571 492
447 3 2 1 1 492 571 572 493
448 3 2 1 1 493 572 573 494
449 3 2 1 1 494 573 574 495
450 3 2 1 1 495 574 575 496
451 3 2 1 1 496 575 576 497
452 3 2 1 1 497 576 577 498
453 3 2 1 1 498 577 578 499
454 3 2 1 1 499 578 579 500
455 3 2 1 1 500 579 580 501
456 3 2 1 1 501 580 581 502
457 3 2 1 1 502 581 582 503
458 3 2 1 1 503 582 583 504
459 3 2 1 1 504 583 584 505
460 3 2 1 1 505 584 585 506
461 3 2 1 1 506 585 586 507
462 3 2 1 1 507 586 587 508
463 3 2 1 1 508 587 588 509
464 3 2 1 1 509 588 33 34
465 3 2 1 1 115 116 589 510
466 3 2 1 1 510 589 590 511
467 3 2 1 1 511 590 591 512
468 3 2 1 1 512 591 592 513
469 3 2 1 1 513 592 593 514
470 3 2 1 1 514 593 594 515
471 3 2 1 1 515 594 595 516
472 3 2 1 1 516 595 596 517
473 3 2 1 1 517 596 597 518
474 3 2 1 1 518 597 598 519
475 3 2 1 1 519 598 599 520
476 3 2 1 1 520 599 600 521
477 3 2 1 1 521 600 601 522
478 3 2 1 1 522 601 602 523
479 3 2 1 1 523 602 603 524
480 3 2 1 1 524 603 604 525
481 3 2 1 1 525 604 605 526
482 3 2 1 1 526 605 606 527
483 3 2 1 1 527 606 607 528
484 3 2 1 1 528 607 608 529
485 3 2 1 1 529 608 609 530
486 3 2 1 1 530 609 610 531
487 3 2 1 1 531 610 611 532
488 3 2 1 1 532 611 612 533
489 3 2 1 1 533 612 613 534
490 3 2 1 1 534 613 614 535
491 3 2 1 1 535 614 615 536
492 3 2 1 1 536 615 616 537
493 3 2 1 1 537 616 617 538
494 3 2 1 1 538 617 618 539
495 3 2 1 1 539 618 619 540
496 3 2 1 1 540 619 620 541
497 3 2 1 1 541 620 621 542
498 3 2 1 1 542 621 622 543
499 3 2 1 1 543 622 623 544
500 3 2 1 1 544 623 624 545
501 3 2 1 1 545 624 625 546
502 3 2 1 1 546 625 626 547
503 3 2 1 1 547 626 627 548
504 3 2 1 1 548 627 628 549
505 3 2 1 1 549 628 629 550
506 3 2 1 1 550 629 630 551
507 3 2 1 1 551 630 631 552
508 3 2 1 1 552 631 632 553
509 3 2 1 1 553 632 633 554
510 3 2 1 1 554 633 634 555
511 3 2 1 1 555 634 635 556
512 3 2 1 1 556 635 636 557
513 3 2 1 1 557 636 637 558
514 3 2 1 1 558 637 638 559
515 3 2 1 1 559 638 639 560
516 3 2 1 1 560 639 640 561
517 3 2 1 1 561 640 641 562
518 3 2 1 1 562 641 642 563
519 3 2 1 1 563 642 643 564
520 3 2 1 1 564 643 644 565
521 3 2 1 1 565 644 645 566
522 3 2 1 1 566 645 646 567
523 3 2 1 1 567 646 647 568
524 3 2 1 1 568 647 648 569
525 3 2 1 1 569 648 649 570
526 3 2 1 1 570 649 650 571
527 3 2 1 1 571 650 651 572
528 3 2 1 1 572 651 652 573
529 3 2 1 1 573 652 653 574
530 3 2 1 1 574 653 654 575
531 3 2 1 1 575 654 655 576
532 3 2 1 1 576 655 656 577
533 3 2 1 1 577 656 657 578
534 3 2 1 1 578 657 658 579
535 3 2 1 1 579 658 659 580
536 3 2 1 1 580 659 660 581
537 3 2 1 1 581 660 661 582
538 3 2 1 1 582 661 662 583
539 3 2 1 1 583 662 663 584
540 3 2 1 1 584 663 664 585
541 3 2 1 1 585 664 665 586
542 3 2 1 1 586 665 666 587
543 3 2 1 1 587 666 667 588
544 3 2 1 1 588 667 32 33
545 3 2 1 1 116 117 668 589
546 3 2 1 1 589 668 669 590
547 3 2 1 1 590 669 670 591
548 3 2 1 1 591 670 671 592
549 3 2 1 1 592 671 672 593
550 3 2 1 1 593 672 673 594
551 3 2 1 1 594 673 674 595
552 3 2 1 1 595 674 675 596
553 3 2 1 1 596 675 676 597
554 3 2 1 1 597 676 677 598
555 3 2 1 1 598 677 678 599
556 3 2 1 1 599 678 679 600
557 3 2 1 1 600 679 680 601
558 3 2 1 1 601 680 681 602
559 3 2 1 1 602 681 682 603
560 3 2 1 1 603 682 683 604
561 3 2 1 1 604 683 684 605
562 3 2 1 1 605 684 685 606
563 3 2 1 1 606 685 686 607
564 3 2 1 1 607 686 687 608
565 3 2 1 1 608 687 688 609
566 3 2 1 1 609 688 689 610
567 3 2 1 1 610 689 690 611
568 3 2 1 1 611 690 691 612
569 3 2 1 1 612 691 692 613
570 3 2 1 1 613 692 693 614
571 3 2 1 1 614 693 694 615
572 3 2 1 1 615 694 695 616
573 3 2 1 1 616 695 696 617
574 3 2 1 1 617 696 697 618
575 3 2 1 1 618 697 698 619
576 3 2 1 1 619 698 699 620
577 3 2 1 1 620 699 700 621
578 3 2 1 1 621 700 701 622
579 3 2 1 1 622 701 702 623
580 3 2 1 1 623 702 703 624
581 3 2 1 1 624 703 704 625
582 3 2 1 1 625 704 705 626
583 3 2 1 1 626 705 706 627
584 3 2 1 1 627 706 707 628
585 3 2 1 1 628 707 708 629
586 3 2 1 1 629 708 709 630
587 3 2 1 1 630 709 710 631
588 3 2 1 1 631 710 711 632
589 3 2 1 1 632 711 712 633
590 3 2 1 1 633 712 713 634
591 3 2 1 1 634 713 714 635
592 3 2 1 1 635 714 715 636
593 3 2 1 1 636 715 716 637
594 3 2 1 1 637 716 717 638
595 3 2 1 1 638 717 718 639
596 3 2 1 1 639 718 719 640
597 3 2 1 1 640 719 720 641
598 3 2 1 1 641 720 721 642
599 3 2 1 1 642 721 722 643
600 3 2 1 1 643 722 723 644
601 3 2 1 1 644 723 724 645
602 3 2 1 1 645 724 725 646
603 3 2 1 1 646 725 726 647
604 3 2 1 1 647 726 727 648
605 3 2 1 1 648 727 728 649
606 3 2 1 1 649 728 729 650
607 3 2 1 1 650 729 730 651
608 3 2 1 1 651 730 731 652
609 3 2 1 1 652 731 732 653
610 3 2 1 1 653 732 733 654
611 3 2 1 1 654 733 734 655
612 3 2 1 1 655 734 735 656
613 3 2 1 1 656 735 736 657
614 3 2 1 1 657 736 737 658
615 3 2 1 1 658 737 738 659
616 3 2 1 1 659 738 739 660
617 3 2 1 1 660 739 740 661
618 3 2 1 1 661 740 741 662
619 3 2 1 1 662 741 742 663
620 3 2 1 1 663 742 743 664
621 3 2 1 1 664 743 744 665
622 3 2 1 1 665 744 745 666
623 3 2 1 1 666 745 746 667
624 3 2 1 1 667 746 31 32
625 3 2 1 1 117 118 747 668
626 3 2 1 1 668 747 748 669
627 3 2 1 1 669 748 749 670
628 3 2 1 1 670 749 750 671
629 3 2 1 1 671 750 751 672
630 3 2 1 1 672 751 752 673
631 3 2 1 1 673 752 753 674
632 3 2 1 1 674 753 754 675
633 3 2 1 1 675 754 755 676
634 3 2 1 1 676 755 756 677
635 3 2 1 1 677 756 757 678
636 3 2 1 1 678 757 758 679
637 3 2 1 1 679 758 759 680
638 3 2 1 1 680 759 760 681
639 3 2 1 1 681 760 761 682
640 3 2 1 1 682 761 762 683
641 3 2 1 1 683 762 763 684
642 3 2 1 1 684 763 764 685
643 3 2 1 1 685 764 765 686
644 3 2 1 1 686 765 766 687
645 3 2 1 1 687 766 767 688
646 3 2 1 1 688 767 768 689
647 3 2 1 1 689 768 769 690
648 3 2 1 1 690 769 770 691
649 3 2 1 1 691 770 771 692
650 3 2 1 1 692 771 772 693
651 3 2 1 1 693 772 773 694
652 3 2 1 1 694 773 774 695
653 3 2 1 1 695 774 775 696
654 3 2 1 1 696 775 776 697
655 3 2 1 1 697 776 777 698
656 3 2 1 1 698 777 778 699
657 3 2 1 1 699 778 779 700
658 3 2 1 1 700 779 780 701
659 3 2 1 1 701 780 781 702
660 3 2 1 1 702 781 782 703
661 3 2 1 1 703 782 783 704
662 3 2 1 1 704 783 784 705
663 3 2 1 1 705 784 785 706
664 3 2 1 1 706 785 786 707
665 3 2 1 1 707 786 787 708
666 3 2 1 1 708 787 788 709
667 3 2 1 1 709 788 789 710
668 3 2 1 1 710 789 790 711
669 3 2 1 1 711 790 791 712
670 3 2 1 1 712 791 792 713
671 3 2 1 1 713 792 793 714
672 3 2 1 1 714 793 794 715
673 3 2 1 1 715 794 795 716
674 3 2 1 1 716 795 796 717
675 3 2 1 1 717 796 797 718
676 3 2 1 1 718 797 798 719
677 3 2 1 1 719 798 799 720
678 3 2 1 1 720 799 800 721
679 3 2 1 1 721 800 801 722
680 3 2 1 1 722 801 802 723
681 3 2 1 1 723 802 803 724
682 3 2 1 1 724 803 804 725
683 3 2 1 1 725 804 805 726
684 3 2 1 1 726 805 806 727
685 3 2 1 1 727 806 807 728
686 3 2 1 1 728 807 808 729
687 3 2 1 1 729 808 809 730
688 3 2 1 1 730 809 810 731
689 3 2 1 1 731 810 811 732
690 3 2 1 1 732 811 812 733
691 3 2 1 1 733 812 813 734
692 3 2 1 1 734 813 814 735
693 3 2 1 1 735 814 815 736
694 3 2 1 1 736 815 816 737
695 3 2 1 1 737 816 817 738
696 3 2 1 1 738 817 818 739
697 3 2 1 1 739 818 819 740
698 3 2 1 1 740 819 820 741
699 3 2 1 1 741 820 821 742
700 3 2 1 1 742 821 822 743
701 3 2 1 1 743 822 823 744
702 3 2 1 1 744 823 824 745
703 3 2 1 1 745 824 825 746
704 3 2 1 1 746 825 30 31
705 3 2 1 1 118 119 826 747
706 3 2 1 1 747 826 827 748
707 3 2 1 1 748 827 828 749
708 3 2 1 1 749 828 829 750
709 3 2 1 1 750 829 830 751
710 3 2 1 1 751 830 831 752
711 3 2 1 1 752 831 832 753
712 3 2 1 1 753 832 833 754
713 3 2 1 1 754 833 834 755
714 3 2 1 1 755 834 835 756
715 3 2 1 1 756 835 836 757
716 3 2 1 1 757 836 837 758
717 3 2 1 1 758 837 838 759
718 3 2 1 1 759 838 839 760
719 3 2 1 1 760 839 840 761
720 3 2 1 1 761 840 841 762
721 3 2 1 1 762 841 842 763
722 3 2 1 1 763 842 843 764
723 3 2 1 1 764 843 844 765
724 3 2 1 1 765 844 845 766
725 3 2 1 1 766 845 846 767
726 3 2 1 1 767 846 847 768
727 3 2 1 1 768 847 848 769
728 3 2 1 1 769 848 849 770
729 3 2 1 1 770 849 850 771
730 3 2 1 1 771 850 851 772
731 3 2 1 1 772 851 852 773
732 3 2 1 1 773 852 853 774
733 3 2 1 1 774 853 854 775
734 3 2 1 1 775 854 855 776
735 3 2 1 1 776 855 856 777
736 3 2 1 1 777 856 857 778
737 3 2 1 1 778 857 858 779
738 3 2 1 1 779 858 859 780
739 3 2 1 1 780 859 860 781
740 3 2 1 1 781 860 861 782
741 3 2 1 1 782 861 862 783
742 3 2 1 1 783 862 863 784
743 3 2 1 1 784 863 864 785
744 3 2 1 1 785 864 865 786
745 3 2 1 1 786 865 866 787
746 3 2 1 1 787 866 867 788
747 3 2 1 1 788 867 868 789
748 3 2 1 1 789 868 869 790
749 3 2 1 1 790 869 870 791
750 3 2 1 1 791 870 871 792
751 3 2 1 1 792 871 872 793
752 3 2 1 1 793 872 873 794
753 3 2 1 1 794 873 874 795
754 3 2 1 1 795 874 875 796
755 3 2 1 1 796 875 876 797
756 3 2 1 1 797 876 877 798
757 3 2 1 1 798 877 878 799
758 3 2 1 1 799 878 879 800
759 3 2 1 1 800 879 880 801
760 3 2 1 1 801 880 881 802
761 3 2 1 1 802 881 882 803
762 3 2 1 1 803 882 883 804
763 3 2 1 1 804 883 884 805
764 3 2 1 1 805 884 885 806
765 3 2 1 1 806 885 886 807
766 3 2 1 1 807 886 887 808
767 3 2 1 1 808 887 888 809
768 3 2 1 1 809 888 889 810
769 3 2 1 1 810 889 890 811
770 3 2 1 1 811 890 891 812
771 3 2 1 1 812 891 892 813
772 3 2 1 1 813 892 893 814
773 3 2 1 1 814 893 894 815
774 3 2 1 1 815 894 895 816
775 3 2 1 1 816 895 896 817
776 3 2 1 1 817 896 897 818
777 3 2 1 1 818 897 898 819
778 3 2 1 1 819 898 899 820
779 3 2 1 1 820 899 900 821
780 3 2 1 1 821 900 901 822
781 3 2 1 1 822 901 902 823
782 3 2 1 1 823 902 903 824
783 3 2 1 1 824 903 904 825
784 3 2 1 1 825 904 29 30
785 3 2 1 1 119 120 905 826
786 3 2 1 1 826 905 906 827
787 3 2 1 1 827 906 907 828
788 3 2 1 1 828 907 908 829
789 3 2 1 1 829 908 909 830
790 3 2 1 1 830 909 910 831
791 3 2 1 1 831 910 911 832
792 3 2 1 1 832 911 912 833
793 3 2 1 1 833 912 913 834
794 3 2 1 1 834 913 914 835
795 3 2 1 1 835 914 915 836
796 3 2 1 1 836 915 916 837
797 3 2 1 1 837 916 917 838
798 3 2 1 1 838 917 918 839
799 3 2 1 1 839 918 919 840
800 3 2 1 1 840 919 920 841
801 3 2 1 1 841 920 921 842
802 3 2 1 1 842 921 922 843
803 3 2 1 1 843 922 923 844
804 3 2 1 1 844 923 924 845
805 3 2 1 1 845 924 925 846
806 3 2 1 1 846 925 926 847
807 3 2 1 1 847 926 927 848
808 3 2 1 1 848 927 928 849
809 3 2 1 1 849 928 929 850
810 3 2 1 1 850 929 930 851
811 3 2 1 1 851 930 931 852
812 3 2 1 1 852 931 932 853
813 3 2 1 1 853 932 933 854
814 3 2 1 1 854 933 934 855
815 3 2 1 1 855 934 935 856
816 3 2 1 1 856 935 936 857
817 3 2 1 1 857 936 937 858
818 3 2 1 1 858 937 938 859
819 3 2 1 1 859 938 939 860
820 3 2 1 1 860 939 940 861
821 3 2 1 1 861 940 941 862
822 3 2 1 1 862 941 942 863
823 3 2 1 1 863 942 943 864
824 3 2 1 1 864 943 944 865
825 3 2 1 1 865 944 945 866
826 3 2 1 1 866 945 946 867
827 3 2 1 1 867 946 947 868
828 3 2 1 1 868 947 948 869
829 3 2 1 1 869 948 949 870
830 3 2 1 1 870 949 950 871
831 3 2 1 1 871 950 951 872
832 3 2 1 1 872 951 952 873
833 3 2 1 1 873 952 953 874
834 3 2 1 1 874 953 954 875
835 3 2 1 1 875 954 955 876
836 3 2 1 1 876 955 956 877
837 3 2 1 1 877 956 957 878
838 3 2 1 1 878 957 958 879
839 3 2 1 1 879 958 959 880
840 3 2 1 1 880 959 960 881
841 3 2 1 1 881 960 961 882
842 3 2 1 1 882 961 962 883
843 3 2 1 1 883 962 963 884
844 3 2 1 1 884 963 964 885
845 3 2 1 1 885 964 965 886
846 3 2 1 1 886 965 966 887
847 3 2 1 1 887 966 967 888
848 3 2 1 1 888 967 968 889
849 3 2 1 1 889 968 969 890
850 3 2 1 1 890 969 970 891
851 3 2 1 1 891 970 971 892
852 3 2 1 1 892 971 972 893
853 3 2 1 1 893 972 973 894
854 3 2 1 1 894 973 974 895
855 3 2 1 1 895 974 975 896
856 3 2 1 1 896 975 976 897
857 3 2 1 1 897 976 977 898
858 3 2 1 1 898 977 978 899
859 3 2 1 1 899 978 979 900
860 3 2 1 1 900 979 980 901
861 3 2 1 1 901 980 981 902
862 3 2 1 1 902 981 982 903
863 3 2 1 1 903 982 983 904
864 3 2 1 1 904 983 28 29
865 3 2 1 1 120 121 984 905
866 3 2 1 1 905 984 985 906
867 3 2 1 1 906 985 986 907
868 3 2 1 1 907 986 987 908
869 3 2 1 1 908 987 988 909
870 3 2 1 1 909 988 989 910
871 3 2 1 1 910 989 990 911
872 3 2 1 1 911 990 991 912
873 3 2 1 1 912 991 992 913
874 3 2 1 1 913 992 993 914
875 3 2 1 1 914 993 994 915
876 3 2 1 1 915 994 995 916
877 3 2 1 1 916 995 996 917
878 3 2 1 1 917 996 997 918
879 3 2 1 1 918 997 998 919
880 3 2 1 1 919 998 999 920
881 3 2 1 1 920 999 1000 921
882 3 2 1 1 921 1000 1001 922
883 3 2 1 1 922 1001 1002 923
884 3 2 1 1 923 1002 1003 924
885 3 2 1 1 924 1003 1004 925
886 3 2 1 1 925 1004 1005 926
887 3 2 1 1 926 1005 1006 927
888 3 2 1 1 927 1006 1007 928
889 3 2 1 1 928 1007 1008 929
890 3 2 1 1 929 1008 1009 930
891 3 2 1 1 930 1009 1010 931
892 3 2 1 1 931 1010 1011 932
893 3 2 1 1 932 1011 1012 933
894 3 2 1 1 933 1012 1013 934
895 3 2 1 1 934 1013 1014 935
896 3 2 1 1 935 1014 1015 936
897 3 2 1 1 936 1015 1016 937
898 3 2 1 1 937 1016 1017 938
899 3 2 1 1 938 1017 1018 939
900 3 2 1 1 939 1018 1019 940
901 3 2 1 1 940 1019 1020 941
902 3 2 1 1 941 1020 1021 942
903 3 2 1 1 942 1021 1022 943
904 3 2 1 1 943 1022 1023 944
905 3 2 1 1 944 1023 1024 945
906 3 2 1 1 945 1024 1025 946
907 3 2 1 1 946 1025 1026 947
908 3 2 1 1 947 1026 1027 948
909 3 2 1 1 948 1027 1028 949
910 3 2 1 1 949 1028 1029 950
911 3 2 1 1 950 1029 1030 951
912 3 2 1 1 951 1030 1031 952
913 3 2 1 1 952 1031 1032 953
914 3 2 1 1 953 1032 1033 954
915 3 2 1 1 954 1033 1034 955
916 3 2 1 1 955 1034 1035 956
917 3 2 1 1 956 1035 1036 957
918 3 2 1 1 957 1036 1037 958
919 3 2 1 1 958 1037 1038 959
920 3 2 1 1 959 1038 1039 960
921 3 2 1 1 960 1039 1040 961
922 3 2 1 1 961 1040 1041 962
923 3 2 1 1 962 1041 1042 963
924 3 2 1 1 963 1042 1043 964
925 3 2 1 1 964 1043 1044 965
926 3 2 1 1 965 1044 1045 966
927 3 2 1 1 966 1045 1046 967
928 3 2 1 1 967 1046 1047 968
929 3 2 1 1 968 1047 1048 969
930 3 2 1 1 969 1048 1049 970
931 3 2 1 1 970 1049 1050 971
932 3 2 1 1 971 1050 1051 972
933 3 2 1 1 972 1051 1052 973
934 3 2 1 1 973 1052 1053 974
935 3 2 1 1 974 1053 1054 975
936 3 2 1 1 975 1054 1055 976
937 3 2 1 1 976 1055 1056 977
938 3 2 1 1 977 1056 1057 978
939 3 2 1 1 978 1057 1058 979
940 3 2 1 1 979 1058 1059 980
941 3 2 1 1 980 1059 1060 981
942 3 2 1 1 981 1060 1061 982
943 3 2 1 1 982 1061 1062 983
944 3 2 1 1 983 1062 27 28
945 3 2 1 1 121 122 1063 984
946 3 2 1 1 984 1063 1064 985
947 3 2 1 1 985 1064 1065 986
948 3 2 1 1 986 1065 1066 987
949 3 2 1 1 987 1066 1067 988
950 3 2 1 1 988 1067 1068 989
951 3 2 1 1 989 1068 1069 990
952 3 2 1 1 990 1069 1070 991
953 3 2 1 1 991 1070 1071 992
954 3 2 1 1 992 1071 1072 993
955 3 2 1 1 993 1072 1073 994
956 3 2 1 1 994 1073 1074 995
957 3 2 1 1 995 1074 1075 996
958 3 2 1 1 996 1075 1076 997
959 3 2 1 1 997 1076 1077 998
960 3 2 1 1 998 1077 1078 999
961 3 2 1 1 999 1078 1079 1000
962 3 2 1 1 1000 1079 1080 1001
963 3 2 1 1 1001 1080 1081 1002
964 3 2 1 1 1002 1081 1082 1003
965 3 2 1 1 1003 1082 1083 1004
966 3 2 1 1 1004 1083 1084 1005
967 3 2 1 1 1005 1084 1085 1006
968 3 2 1 1 1006 1085 1086 1007
969 3 2 1 1 1007 1086 1087 1008
970 3 2 1 1 1008 1087 1088 1009
971 3 2 1 1 1009 1088 1089 1010
972 3 2 1 1 1010 1089 1090 1011
973 3 2 1 1 1011 1090 1091 1012
974 3 2 1 1 1012 1091 1092 1013
975 3 2 1 1 1013 1092 1093 1014
976 3 2 1 1 1014 1093 1094 1015
977 3 2 1 1 1015 1094 1095 1016
978 3 2 1 1 1016 1095 1096 1017
979 3 2 1 1 1017 1096 1097 1018
980 3 2 1 1 1018 1097 1098 1019
981 3 2 1 1 1019 1098 1099 1020
982 3 2 1 1 1020 1099 1100 1021
983 3 2 1 1 1021 1100 1101 1022
984 3 2 1 1 1022 1101 1102 1023
985 3 2 1 1 1023 1102 1103 1024
986 3 2 1 1 1024 1103 1104 1025
987 3 2 1 1 1025 1104 1105 1026
988 3 2 1 1 1026 1105 1106 1027
989 3 2 1 1 1027 1106 1107 1028
990 3 2 1 1 1028 1107 1108 1029
991 3 2 1 1 1029 1108 1109 1030
992 3 2 1 1 1030 1109 1110 1031
993 3 2 1 1 1031 1110 1111 1032
994 3 2 1 1 1032 1111 1112 1033
995 3 2 1 1 1033 1112 1113 1034
996 3 2 1 1 1034 1113 1114 1035
997 3 2 1 1 1035 1114 1115 1036
998 3 2 1 1 1036 1115 1116 1037
999 3 2 1 1 1037 1116 1117 1038
1000 3 2 1 1 1038 1117 1118 1039
1001 3 2 1 1 1039 1118 1119 1040
1002 3 2 1 1 1040 1119 1120 1041
1003 3 2 1 1 1041 1120 1121 1042
1004 3 2 1 1 1042 1121 1122 1043
1005 3 2 1 1 1043 1122 1123 1044
1006 3 2 1 1 1044 1123 1124 1045
1007 3 2 1 1 1045 1124 1125 1046
1008 3 2 1 1 1046 1125 1126 1047
1009 3 2 1 1 1047 1126 1127 1048
1010 3 2 1 1 1048 1127 1128 1049
1011 3 2 1 1 1049 1128 1129 1050
1012 3 2 1 1 1050 1129 1130 1051
1013 3 2 1 1 1051 1130 1131 1052
1014 3 2 1 1 1052 1131 1132 1053
1015 3 2 1 1 1053 1132 1133 1054
1016 3 2 1 1 1054 1133 1134 1055
1017 3 2 1 1 1055 1134 1135 1056
1018 3 2 1 1 1056 1135 1136 1057
1019 3 2 1 1 1057 1136 1137 1058
1020 3 2 1 1 1058 1137 1138 1059
1021 3 2 1 1 1059 1138 1139 1060
1022 3 2 1 1 1060 1139 1140 1061
1023 3 2 1 1 1061 1140 1141 1062
1024 3 2 1 1 1062 1141 26 27
1025 3 2 1 1 122 123 1142 1063
1026 3 2 1 1 1063 1142 1143 1064
1027 3 2 1 1 1064 1143 1144 1065
1028 3 2 1 1 1065 1144 1145 1066
1029 3 2 1 1 1066 1145 1146 1067
1030 3 2 1 1 1067 1146 1147 1068
1031 3 2 1 1 1068 1147 1148 1069
1032 3 2 1 1 1069 1148 1149 1070
1033 3 2 1 1 1070 1149 1150 1071
1034 3 2 1 1 1071 1150 1151 1072
1035 3 2 1 1 1072 1151 1152 1073
1036 3 2 1 1 1073 1152 1153 1074
1037 3 2 1 1 1074 1153 1154 1075
1038 3 2 1 1 1075 1154 1155 1076
1039 3 2 1 1 1076 1155 1156 1077
1040 3 2 1 1 1077 1156 1157 1078
1041 3 2 1 1 1078 1157 1158 1079
1042 3 2 1 1 1079 1158 1159 1080
1043 3 2 1 1 1080 1159 1160 1081
1044 3 2 1 1 1081 1160 1161 1082
1045 3 2 1 1 1082 1161 1162 1083
1046 3 2 1 1 1083 1162 1163 1084
1047 3 2 1 1 1084 1163 1164 1085
1048 3 2 1 1 1085 1164 1165 1086
1049 3 2 1 1 1086 1165 1166 1087
1050 3 2 1 1 1087 1166 1167 1088
1051 3 2 1 1 1088 1167 1168 1089
1052 3 2 1 1 1089 1168 1169 1090
1053 3 2 1 1 1090 1169 1170 1091
1054 3 2 1 1 1091 1170 1171 1092
1055 3 2 1 1 1092 1171 1172 1093
1056 3 2 1 1 1093 1172 1173 1094
1057 3 2 1 1 1094 1173 1174 1095
1058 3 2 1 1 1095 1174 1175 1096
1059 3 2 1 1 1096 1175 1176 1097
1060 3 2 1 1 1097 1176 1177 1098
1061 3 2 1 1 1098 1177 1178 1099
1062 3 2 1 1 1099 1178 1179 1100
1063 3 2 1 1 1100 1179 1180 1101
1064 3 2 1 1 1101 1180 1181 1102
1065 3 2 1 1 1102 1181 1182 1103
1066 3 2 1 1 1103 1182 1183 1104
1067 3 2 1 1 1104 1183 1184 1105
1068 3 2 1 1 1105 1184 1185 1106
1069 3 2 1 1 1106 1185 1186 1107
1070 3 2 1 1 1107 1186 1187 1108
1071 3 2 1 1 1108 1187 1188 1109
1072 3 2 1 1 1109 1188 1189 1110
1073 3 2 1 1 1110 1189 1190 1111
1074 3 2 1 1 1111 1190 1191 1112
1075 3 2 1 1 1112 1191 1192 1113
1076 3 2 1 1 1113 1192 1193 1114
1077 3 2 1 1 1114 1193 1194 1115
1078 3 2 1 1 1115 1194 1195 1116
1079 3 2 1 1 1116 1195 1196 1117
1080 3 2 1 1 1117 1196 1197 1118
1081 3 2 1 1 1118 1197 1198 1119
1082 3 2 1 1 1119 1198 1199 1120
1083 3 2 1 1 1120 1199 1200 1121
1084 3 2 1 1 1121 1200 1201 1122
1085 3 2 1 1 1122 1201 1202 1123
1086 3 2 1 1 1123 1202 1203 1124
1087 3 2 1 1 1124 1203 1204 1125
1088 3 2 1 1 1125 1204 1205 1126
1089 3 2 1 1 1126 1205 1206 1127
1090 3 2 1 1 1127 1206 1207 1128
1091 3 2 1 1 1128 1207 1208 1129
1092 3 2 1 1 1129 1208 1209 1130
1093 3 2 1 1 1130 1209 1210 1131
1094 3 2 1 1 1131 1210 1211 1132
1095 3 2 1 1 1132 1211 1212 1133
1096 3 2 1 1 1133 1212 1213 1134
1097 3 2 1 1 1134 1213 1214 1135
1098 3 2 1 1 1135 1214 1215 1136
1099 3 2 1 1 1136 1215 1216 1137
1100 3 2 1 1 1137 1216 1217 1138
1101 3 2 1 1 1138 1217 1218 1139
1102 3 2 1 1 1139 1218 1219 1140
1103 3 2 1 1 1140 1219 1220 1141
1104 3 2 1 1 1141 1220 25 26
1105 3 2 1 1 123 124 1221 1142
1106 3 2 1 1 1142 1221 1222 1143
1107 3 2 1 1 1143 1222 1223 1144
1108 3 2 1 1 1144 1223 1224 1145
1109 3 2 1 1 1145 1224 1225 1146
1110 3 2 1 1 1146 1225 1226 1147
1111 3 2 1 1 1147 1226 1227 1148
1112 3 2 1 1 1148 1227 1228 1149
1113 3 2 1 1 1149 1228 1229 1150
1114 3 2 1 1 1150 1229 1230 1151
1115 3 2 1 1 1151 1230 1231 1152
1116 3 2 1 1 1152 1231 1232 1153
1117 3 2 1 1 1153 1232 1233 1154
1118 3 2 1 1 1154 1233 1234 1155
1119 3 2 1 1 1155 1234 1235 1156
1120 3 2 1 1 1156 1235 1236 1157
1121 3 2 1 1 1157 1236 1237 1158
1122 3 2 1 1 1158 1237 1238 1159
1123 3 2 1 1 1159 1238 1239 1160
1124 3 2 1 1 1160 1239 1240 1161
1125 3 2 1 1 1161 1240 1241 1162
1126 3 2 1 1 1162 1241 1242 1163
1127 3 2 1 1 1163 1242 1243 1164
1128 3 2 1 1 1164 1243 1244 1165
1129 3 2 1 1 1165 1244 1245 1166
1130 3 2 1 1 1166 1245 1246 1167
1131 3 2 1 1 1167 1246 1247 1168
1132 3 2 1 1 1168 1247 1248 1169
1133 3 2 1 1 1169 1248 1249 1170
1134 3 2 1 1 1170 1249 1250 1171
1135 3 2 1 1 1171 1250 1251 1172
1136 3 2 1 1 1172 1251 1252 1173
1137 3 2 1 1 1173 1252 1253 1174
1138 3 2 1 1 1174 1253 1254 1175
1139 3 2 1 1 1175 1254 1255 1176
1140 3 2 1 1 1176 1255 1256 1177
1141 3 2 1 1 1177 1256 1257 1178
1142 3 2 1 1 1178 1257 1258 1179
1143 3 2 1 1 1179 1258 1259 1180
1144 3 2 1 1 1180 1259 1260 1181
1145 3 2 1 1 1181 1260 1261 1182
1146 3 2 1 1 1182 1261 1262 1183
1147 3 2 1 1 1183 1262 1263 1184
1148 3 2 1 1 1184 1263 1264 1185
1149 3 2 1 1 1185 1264 1265 1186
1150 3 2 1 1 1186 1265 1266 1187
1151 3 2 1 1 1187 1266 1267 1188
1152 3 2 1 1 1188 1267 1268 1189
1153 3 2 1 1 1189 1268 1269 1190
1154 3 2 1 1 1190 1269 1270 1191
1155 3 2 1 1 1191 1270 1271 1192
1156 3 2 1 1 1192 1271 1272 1193
1157 3 2 1 1 1193 1272 1273 1194
1158 3 2 1 1 1194 1273 1274 1195
1159 3 2 1 1 1195 1274 1275 1196
1160 3 2 1 1 1196 1275 1276 1197
1161 3 2 1 1 1197 1276 1277 1198
1162 3 2 1 1 1198 1277 1278 1199
1163 3 2 1 1 1199 1278 1279 1200
1164 3 2 1 1 1200 1279 1280 1201
1165 3 2 1 1 1201 1280 1281 1202
1166 3 2 1 1 1202 1281 1282 1203
1167 3 2 1 1 1203 1282 1283 1204
1168 3 2 1 1 1204 1283 1284 1205
1169 3 2 1 1 1205 1284 1285 1206
1170 3 2 1 1 1206 1285 1286 1207
1171 3 2 1 1 1207 1286 1287 1208
1172 3 2 1 1 1208 1287 1288 1209
1173 3 2 1 1 1209 1288 1289 1210
1174 3 2 1 1 1210 1289 1290 1211
1175 3 2 1 1 1211 1290 1291 1212
1176 3 2 1 1 1212 1291 1292 1213
1177 3 2 1 1 1213 1292 1293 1214
1178 3 2 1 1 1214 1293 1294 1215
1179 3 2 1 1 1215 1294 1295 1216
1180 3 2 1 1 1216 1295 1296 1217
1181 3 2 1 1 1217 1296 1297 1218
1182 3 2 1 1 1218 1297 1298 1219
1183 3 2 1 1 1219 1298 1299 1220
1184 3 2 1 1 1220 1299 24 25
1185 3 2 1 1 124 125 1300 1221
1186 3 2 1 1 1221 1300 1301 1222
1187 3 2 1 1 1222 1301 1302 1223
1188 3 2 1 1 1223 1302 1303 1224
1189 3 2 1 1 1224 1303 1304 1225
1190 3 2 1 1 1225 1304 1305 1226
1191 3 2 1 1 1226 1305 1306 1227
1192 3 2 1 1 1227 1306 1307 1228
1193 3 2 1 1 1228 1307 1308 1229
1194 3 2 1 1 1229 1308 1309 1230
1195 3 2 1 1 1230 1309 1310 1231
1196 3 2 1 1 1231 1310 1311 1232
1197 3 2 1 1 1232 1311 1312 1233
1198 3 2 1 1 1233 1312 1313 1234
1199 3 2 1 1 1234 1313 1314 1235
1200 3 2 1 1 1235 1314 1315 1236
1201 3 2 1 1 1236 1315 1316 1237
1202 3 2 1 1 1237 1316 1317 1238
1203 3 2 1 1 1238 1317 1318 1239
1204 3 2 1 1 1239 1318 1319 1240
1205 3 2 1 1 1240 1319 1320 1241
1206 3 2 1 1 1241 1320 1321 1242
1207 3 2 1 1 1242 1321 1322 1243
1208 3 2 1 1 1243 1322 1323 1244
1209 3 2 1 1 1244 1323 1324 1245
1210 3 2 1 1 1245 1324 1325 1246
1211 3 2 1 1 1246 1325 1326 1247
1212 3 2 1 1 1247 1326 1327 1248
1213 3 2 1 1 1248 1327 1328 1249
1214 3 2 1 1 1249 1328 1329 1250
1215 3 2 1 1 1250 1329 1330 1251
1216 3 2 1 1 1251 1330 1331 1252
1217 3 2 1 1 1252 1331 1332 1253
1218 3 2 1 1 1253 1332 1333 1254
1219 3 2 1 1 1254 1333 1334 1255
1220 3 2 1 1 1255 1334 1335 1256
1221 3 2 1 1 1256 1335 1336 1257
1222 3 2 1 1 1257 1336 1337 1258
1223 3 2 1 1 1258 1337 1338 1259
1224 3 2 1 1 1259 1338 1339 1260
1225 3 2 1 1 1260 1339 1340 1261
1226 3 2 1 1 1261 1340 1341 1262
1227 3 2 1 1 1262 1341 1342 1263
1228 3 2 1 1 1263 1342 1343 1264
1229 3 2 1 1 1264 1343 1344 1265
1230 3 2 1 1 1265 1344 1345 1266
1231 3 2 1 1 1266 1345 1346 1267
1232 3 2 1 1 1267 1346 1347 1268
1233 3 2 1 1 1268 1347 1348 1269
1234 3 2 1 1 1269 1348 1349 1270
1235 3 2 1 1 1270 1349 1350 1271
1236 3 2 1 1 1271 1350 1351 1272
1237 3 2 1 1 1272 1351 1352 1273
1238 3 2 1 1 1273 1352 1353 1274
1239 3 2 1 1 1274 1353 1354 1275
1240 3 2 1 1 1275 1354 1355 1276
1241 3 2 1 1 1276 1355 1356 1277
1242 3 2 1 1 1277 1356 1357 1278
1243 3 2 1 1 1278 1357 1358 1279
1244 3 2 1 1 1279 1358 1359 1280
1245 3 2 1 1 1280 1359 1360 1281
1246 3 2 1 1 1281 1360 1361 1282
1247 3 2 1 1 1282 1361 1362 1283
1248 3 2 1 1 1283 1362 1363 1284
1249 3 2 1 1 1284 1363 1364 1285
1250 3 2 1 1 1285 1364 1365 1286
1251 3 2 1 1 1286 1365 1366 1287
1252 3 2 1 1 1287 1366 1367 1288
1253 3 2 1 1 1288 1367 1368 1289
1254 3 2 1 1 1289 1368 1369 1290
1255 3 2 1 1 1290 1369 1370 1291
1256 3 2 1 1 1291 1370 1371 1292
1257 3 2 1 1 1292 1371 1372 1293
1258 3 2 1 1 1293 1372 1373 1294
1259 3 2 1 1 1294 1373 1374 1295
1260 3 2 1 1 1295 1374 1375 1296
1261 3 2 1 1 1296 1375 1376 1297
1262 3 2 1 1 1297 1376 1377 1298
1263 3 2 1 1 1298 1377 1378 1299
1264 3 2 1 1 1299 1378 23 24
1265 3 2 1 1 125 126 1379 1300
1266 3 2 1 1 1300 1379 1380 1301
1267 3 2 1 1 1301 1380 1381 1302
1268 3 2 1 1 1302 1381 1382 1303
1269 3 2 1 1 1303 1382 1383 1304
1270 3 2 1 1 1304 1383 1384 1305
1271 3 2 1 1 1305 1384 1385 1306
1272 3 2 1 1 1306 1385 1386 1307
1273 3 2 1 1 1307 1386 1387 1308
1274 3 2 1 1 1308 1387 1388 1309
1275 3 2 1 1 1309 1388 1389 1310
1276 3 2 1 1 1310 1389 1390 1311
1277 3 2 1 1 1311 1390 1391 1312
1278 3 2 1 1 1312 1391 1392 1313
1279 3 2 1 1 1313 1392 1393 1314
1280 3 2 1 1 1314 1393 1394 1315
1281 3 2 1 1 1315 1394 1395 1316
1282 3 2 1 1 1316 1395 1396 1317
1283 3 2 1 1 1317 1396 1397 1318
1284 3 2 1 1 1318 1397 1398 1319
1285 3 2 1 1 1319 1398 1399 1320
1286 3 2 1 1 1320 1399 1400 1321
1287 3 2 1 1 1321 1400 1401 1322
1288 3 2 1 1 1322 1401 1402 1323
1289 3 2 1 1 1323 1402 1403 1324
1290 3 2 1 1 1324 1403 1404 1325
1291 3 2 1 1 1325 1404 1405 1326
1292 3 2 1 1 1326 1405 1406 1327
1293 3 2 1 1 1327 1406 1407 1328
1294 3 2 1 1 1328 1407 1408 1329
1295 3 2 1 1 1329 1408 1409 1330
1296 3 2 1 1 1330 1409 1410 1331
1297 3 2 1 1 1331 1410 1411 1332
1298 3 2 1 1 1332 1411 1412 1333
1299 3 2 1 1 1333 1412 1413 1334
1300 3 2 1 1 1334 1413 1414 1335
1301 3 2 1 1 1335 1414 1415 1336
1302 3 2 1 1 1336 1415 1416 1337
1303 3 2 1 1 1337 1416 1417 1338
1304 3 2 1 1 1338 1417 1418 1339
1305 3 2 1 1 1339 1418 1419 1340
1306 3 2 1 1 1340 1419 1420 1341
1307 3 2 1 1 1341 1420 1421 1342
1308 3 2 1 1 1342 1421 1422 1343
1309 3 2 1 1 1343 1422 1423 1344
1310 3 2 1 1 1344 1423 1424 1345
1311 3 2 1 1 1345 1424 1425 1346
1312 3 2 1 1 1346 1425 1426 1347
1313 3 2 1 1 1347 1426 1427 1348
1314 3 2 1 1 1348 1427 1428 1349
1315 3 2 1 1 1349 1428 1429 1350
1316 3 2 1 1 1350 1429 1430 1351
1317 3 2 1 1 1351 1430 1431 1352
1318 3 2 1 1 1352 1431 1432 1353
1319 3 2 1 1 1353 1432 1433 1354
1320 3 2 1 1 1354 1433 1434 1355
1321 3 2 1 1 1355 1434 1435 1356
1322 3 2 1 1 1356 1435 1436 1357
1323 3 2 1 1 1357 1436 1437 1358
1324 3 2 1 1 1358 1437 1438 1359
1325 3 2 1 1 1359 1438 1439 1360
1326 3 2 1 1 1360 1439 1440 1361
1327 3 2 1 1 1361 1440 1441 1362
1328 3 2 1 1 1362 1441 1442 1363
1329 3 2 1 1 1363 1442 1443 1364
1330 3 2 1 1 1364 1443 1444 1365
1331 3 2 1 1 1365 1444 1445 1366
1332 3 2 1 1 1366 1445 1446 1367
1333 3 2 1 1 1367 1446 1447 1368
1334 3 2 1 1 1368 1447 1448 1369
1335 3 2 1 1 1369 1448 1449 1370
1336 3 2 1 1 1370 1449 1450 1371
1337 3 2 1 1 1371 1450 1451 1372
1338 3 2 1 1 1372 1451 1452 1373
1339 3 2 1 1 1373 1452 1453 1374
1340 3 2 1 1 1374 1453 1454 1375
1341 3 2 1 1 1375 1454 1455 1376
1342 3 2 1 1 1376 1455 1456 1377
1343 3 2 1 1 1377 1456 1457 1378
1344 3 2 1 1 1378 1457 22 23
1345 3 2 1 1 126 127 1458 1379
1346 3 2 1 1 1379 1458 1459 1380
1347 3 2 1 1 1380 1459 1460 1381
1348 3 2 1 1 1381 1460 1461 1382
1349 3 2 1 1 1382 1461 1462 1383
1350 3 2 1 1 1383 1462 1463 1384
1351 3 2 1 1 1384 1463 1464 1385
1352 3 2 1 1 1385 1464 1465 1386
1353 3 2 1 1 1386 1465 1466 1387
1354 3 2 1 1 1387 1466 1467 1388
1355 3 2 1 1 1388 1467 1468 1389
1356 3 2 1 1 1389 1468 1469 1390
1357 3 2 1 1 1390 1469 1470 1391
1358 3 2 1 1 1391 1470 1471 1392
1359 3 2 1 1 1392 1471 1472 1393
1360 3 2 1 1 1393 1472 1473 1394
1361 3 2 1 1 1394 1473 1474 1395
1362 3 2 1 1 1395 1474 1475 1396
1363 3 2 1 1 1396 1475 1476 1397
1364 3 2 1 1 1397 1476 1477 1398
1365 3 2 1 1 1398 1477 1478 1399
1366 3 2 1 1 1399 1478 1479 1400
1367 3 2 1 1 1400 1479 1480 1401
1368 3 2 1 1 1401 1480 1481 1402
1369 3 2 1 1 1402 1481 1482 1403
1370 3 2 1 1 1403 1482 1483 1404
1371 3 2 1 1 1404 1483 1484 1405
1372 3 2 1 1 1405 1484 1485 1406
1373 3 2 1 1 1406 1485 1486 1407
1374 3 2 1 1 1407 1486 1487 1408
1375 3 2 1 1 1408 1487 1488 1409
1376 3 2 1 1 1409 1488 1489 1410
1377 3 2 1 1 1410 1489 1490 1411
1378 3 2 1 1 1411 1490 1491 1412
1379 3 2 1 1 1412 1491 1492 1413
1380 3 2 1 1 1413 1492 1493 1414
1381 3 2 1 1 1414 1493 1494 1415
1382 3 2 1 1 1415 1494 1495 1416
1383 3 2 1 1 1416 1495 1496 1417
1384 3 2 1 1 1417 1496 1497 1418
1385 3 2 1 1 1418 1497 1498 1419
1386 3 2 1 1 1419 1498 1499 1420
1387 3 2 1 1 1420 1499 1500 1421
1388 3 2 1 1 1421 1500 1501 1422
1389 3 2 1 1 1422 1501 1502 1423
1390 3 2 1 1 1423 1502 1503 1424
1391 3 2 1 1 1424 1503 1504 1425
1392 3 2 1 1 1425 1504 1505 1426
1393 3 2 1 1 1426 1505 1506 1427
1394 3 2 1 1 1427 1506 1507 1428
1395 3 2 1 1 1428 1507 1508 1429
1396 3 2 1 1 1429 1508 1509 1430
1397 3 2 1 1 1430 1509 1510 1431
1398 3 2 1 1 1431 1510 1511 1432
1399 3 2 1 1 1432 1511 1512 1433
1400 3 2 1 1 1433 1512 1513 1434
1401 3 2 1 1 1434 1513 1514 1435
1402 3 2 1 1 1435 1514 1515 1436
1403 3 2 1 1 1436 1515 1516 1437
1404 3 2 1 1 1437 1516 1517 1438
1405 3 2 1 1 1438 1517 1518 1439
1406 3 2 1 1 1439 1518 1519 1440
1407 3 2 1 1 1440 1519 1520 1441
1408 3 2 1 1 1441 1520 1521 1442
1409 3 2 1 1 1442 1521 1522 1443
1410 3 2 1 1 1443 1522 1523 1444
1411 3 2 1 1 1444 1523 1524 1445
1412 3 2 1 1 1445 1524 1525 1446
1413 3 2 1 1 1446 1525 1526 1447
1414 3 2 1 1 1447 1526 1527 1448
1415 3 2 1 1 1448 1527 1528 1449
1416 3 2 1 1 1449 1528 1529 1450
1417 3 2 1 1 1450 1529 1530 1451
1418 3 2 1 1 1451 1530 1531 1452
1419 3 2 1 1 1452 1531 1532 1453
1420 3 2 1 1 1453 1532 1533 1454
1421 3 2 1 1 1454 1533 1534 1455
1422 3 2 1 1 1455 1534 1535 1456
1423 3 2 1 1 1456 1535 1536 1457
1424 3 2 1 1 1457 1536 21 22
1425 3 2 1 1 127 128 1537 1458
1426 3 2 1 1 1458 1537 1538 1459
1427 3 2 1 1 1459 1538 1539 1460
1428 3 2 1 1 1460 1539 1540 1461
1429 3 2 1 1 1461 1540 1541 1462
1430 3 2 1 1 1462 1541 1542 1463
1431 3 2 1 1 1463 1542 1543 1464
1432 3 2 1 1 1464 1543 1544 1465
1433 3 2 1 1 1465 1544 1545 1466
1434 3 2 1 1 1466 1545 1546 1467
1435 3 2 1 1 1467 1546 1547 1468
1436 3 2 1 1 1468 1547 1548 1469
1437 3 2 1 1 1469 1548 1549 1470
1438 3 2 1 1 1470 1549 1550 1471
1439 3 2 1 1 1471 1550 1551 1472
1440 3 2 1 1 1472 1551 1552 1473
1441 3 2 1 1 1473 1552 1553 1474
1442 3 2 1 1 1474 1553 1554 1475
1443 3 2 1 1 1475 1554 1555 1476
1444 3 2 1 1 1476 1555 1556 1477
1445 3 2 1 1 1477 1556 1557 1478
1446 3 2 1 1 1478 1557 1558 1479
1447 3 2 1 1 1479 1558 1559 1480
1448 3 2 1 1 1480 1559 1560 1481
1449 3 2 1 1 1481 1560 1561 1482
1450 3 2 1 1 1482 1561 1562 1483
1451 3 2 1 1 1483 1562 1563 1484
1452 3 2 1 1 1484 1563 1564 1485
1453 3 2 1 1 1485 1564 1565 1486
1454 3 2 1 1 1486 1565 1566 1487
1455 3 2 1 1 1487 1566 1567 1488
1456 3 2 1 1 1488 1567 1568 1489
1457 3 2 1 1 1489 1568 1569 1490
1458 3 2 1 1 1490 1569 1570 1491
1459 3 2 1 1 1491 1570 1571 1492
1460 3 2 1 1 1492 1571 1572 1493
1461 3 2 1 1 1493 1572 1573 1494
1462 3 2 1 1 1494 1573 1574 1495
1463 3 2 1 1 1495 1574 1575 1496
1464 3 2 1 1 1496 1575 1576 1497
1465 3 2 1 1 1497 1576 1577 1498
1466 3 2 1 1 1498 1577 1578 1499
1467 3 2 1 1 1499 1578 1579 1500
1468 3 2 1 1 1500 1579 1580 1501
1469 3 2 1 1 1501 1580 1581 1502
1470 3 2 1 1 1502 1581 1582 1503
1471 3 2 1 1 1503 1582 1583 1504
1472 3 2 1 1 1504 1583 1584 1505
1473 3 2 1 1 1505 1584 1585 1506
1474 3 2 1 1 1506 1585 1586 1507
1475 3 2 1 1 1507 1586 1587 1508
1476 3 2 1 1 1508 1587 1588 1509
1477 3 2 1 1 1509 1588 1589 1510
1478 3 2 1 1 1510 1589 1590 1511
1479 3 2 1 1 1511 1590 1591 1512
1480 3 2 1 1 1512 1591 1592 1513
1481 3 2 1 1 1513 1592 1593 1514
1482 3 2 1 1 1514 1593 1594 1515
1483 3 2 1 1 1515 1594 1595 1516
1484 3 2 1 1 1516 1595 1596 1517
1485 3 2 1 1 1517 1596 1597 1518
1486 3 2 1 1 1518 1597 1598 1519
1487 3 2 1 1 1519 1598 1599 1520
1488 3 2 1 1 1520 1599 1600 1521
1489 3 2 1 1 1521 1600 1601 1522
1490 3 2 1 1 1522 1601 1602 1523
1491 3 2 1 1 1523 1602 1603 1524
1492 3 2 1 1 1524 1603 1604 1525
1493 3 2 1 1 1525 1604 1605 1526
1494 3 2 1 1 1526 1605 1606 1527
1495 3 2 1 1 1527 1606 1607 1528
1496 3 2 1 1 1528 1607 1608 1529
1497 3 2 1 1 1529 1608 1609 1530
1498 3 2 1 1 1530 1609 1610 1531
1499 3 2 1 1 1531 1610 1611 1532
1500 3 2 1 1 1532 1611 1612 1533
1501 3 2 1 1 1533 1612 1613 1534
1502 3 2 1 1 1534 1613 1614 1535
1503 3 2 1 1 1535 1614 1615 1536
1504 3 2 1 1 1536 1615 20 21
1505 3 2 1 1 128 129 1616 1537
1506 3 2 1 1 1537 1616 1617 1538
1507 3 2 1 1 1538 1617 1618 1539
1508 3 2 1 1 1539 1618 1619 1540
1509 3 2 1 1 1540 1619 1620 1541
1510 3 2 1 1 1541 1620 1621 1542
1511 3 2 1 1 1542 1621 1622 1543
1512 3 2 1 1 1543 1622 1623 1544
1513 3 2 1 1 1544 1623 1624 1545
1514 3 2 1 1 1545 1624 1625 1546
1515 3 2 1 1 1546 1625 1626 1547
1516 3 2 1 1 1547 1626 1627 1548
1517 3 2 1 1 1548 1627 1628 1549
1518 3 2 1 1 1549 1628 1629 1550
1519 3 2 1 1 1550 1629 1630 1551
1520 3 2 1 1 1551 1630 1631 1552
1521 3 2 1 1 1552 1631 1632 1553
1522 3 2 1 1 1553 1632 1633 1554
1523 3 2 1 1 1554 1633 1634 1555
1524 3 2 1 1 1555 1634 1635 1556
1525 3 2 1 1 1556 1635 1636 1557
1526 3 2 1 1 1557 1636 1637 1558
1527 3 2 1 1 1558 1637 1638 1559
1528 3 2 1 1 1559 1638 1639 1560
1529 3 2 1 1 1560 1639 1640 1561
1530 3 2 1 1 1561 1640 1641 1562
1531 3 2 1 1 1562 1641 1642 1563
1532 3 2 1 1 1563 1642 1643 1564
1533 3 2 1 1 1564 1643 1644 1565
1534 3 2 1 1 1565 1644 1645 1566
1535 3 2 1 1 1566 1645 1646 1567
1536 3 2 1 1 1567 1646 1647 1568
1537 3 2 1 1 1568 1647 1648 1569
1538 3 2 1 1 1569 1648 1649 1570
1539 3 2 1 1 1570 1649 1650 1571
1540 3 2 1 1 1571 1650 1651 1572
1541 3 2 1 1 1572 1651 1652 1573
1542 3 2 1 1 1573 1652 1653 1574
1543 3 2 1 1 1574 1653 1654 1575
1544 3 2 1 1 1575 1654 1655 1576
1545 3 2 1 1 1576 1655 1656 1577
1546 3 2 1 1 1577 1656 1657 1578
1547 3 2 1 1 1578 1657 1658 1579
1548 3 2 1 1 1579 1658 1659 1580
1549 3 2 1 1 1580 1659 1660 1581
1550 3 2 1 1 1581 1660 1661 1582
1551 3 2 1 1 1582 1661 1662 1583
1552 3 2 1 1 1583 1662 1663 1584
1553 3 2 1 1 1584 1663 1664 1585
1554 3 2 1 1 1585 1664 1665 1586
1555 3 2 1 1 1586 1665 1666 1587
1556 3 2 1 1 1587 1666 1667 1588
1557 3 2 1 1 1588 1667 1668 1589
1558 3 2 1 1 1589 1668 1669 1590
1559 3 2 1 1 1590 1669 1670 1591
1560 3 2 1 1 1591 1670 1671 1592
1561 3 2 1 1 1592 1671 1672 1593
1562 3 2 1 1 1593 1672 1673 1594
1563 3 2 1 1 1594 1673 1674 1595
1564 3 2 1 1 1595 1674 1675 1596
1565 3 2 1 1 1596 1675 1676 1597
1566 3 2 1 1 1597 1676 1677 1598
1567 3 2 1 1 1598 1677 1678 1599
1568 3 2 1 1 1599 1678 1679 1600
1569 3 2 1 1 1600 1679 1680 1601
1570 3 2 1 1 1601 1680 1681 1602
1571 3 2 1 1 1602 1681 1682 1603
1572 3 2 1 1 1603 1682 1683 1604
1573 3 2 1 1 1604 1683 1684 1605
1574 3 2 1 1 1605 1684 1685 1606
1575 3 2 1 1 1606 1685 1686 1607
1576 3 2 1 1 1607 1686 1687 1608
1577 3 2 1 1 1608 1687 1688 1609
1578 3 2 1 1 1609 1688 1689 1610
1579 3 2 1 1 1610 1689 1690 1611
1580 3 2 1 1 1611 1690 1691 1612
1581 3 2 1 1 1612 1691 1692 1613
1582 3 2 1 1 1613 1692 1693 1614
1583 3 2 1 1 1614 1693 1694 1615
1584 3 2 1 1 1615 1694 19 20
1585 3 2 1 1 129 130 1695 1616
1586 3 2 1 1 1616 1695 1696 1617
1587 3 2 1 1 1617 1696 1697 1618
1588 3 2 1 1 1618 1697 1698 1619
1589 3 2 1 1 1619 1698 1699 1620
1590 3 2 1 1 1620 1699 1700 1621
1591 3 2 1 1 1621 1700 1701 1622
1592 3 2 1 1 1622 1701 1702 1623
1593 3 2 1 1 1623 1702 1703 1624
1594 3 2 1 1 1624 1703 1704 1625
1595 3 2 1 1 1625 1704 1705 1626
1596 3 2 1 1 1626 1705 1706 1627
1597 3 2 1 1 1627 1706 1707 1628
1598 3 2 1 1 1628 1707 1708 1629
1599 3 2 1 1 1629 1708 1709 1630
1600 3 2 1 1 1630 1709 1710 1631
1601 3 2 1 1 1631 1710 1711 1632
1602 3 2 1 1 1632 1711 1712 1633
1603 3 2 1 1 1633 1712 1713 1634
1604 3 2 1 1 1634 1713 1714 1635
1605 3 2 1 1 1635 1714 1715 1636
1606 3 2 1 1 1636 1715 1716 1637
1607 3 2 1 1 1637 1716 1717 1638
1608 3 2 1 1 1638 1717 1718 1639
1609 3 2 1 1 1639 1718 1719 1640
1610 3 2 1 1 1640 1719 1720 1641
1611 3 2 1 1 1641 1720 1721 1642
1612 3 2 1 1 1642 1721 1722 1643
1613 3 2 1 1 1643 1722 1723 1644
1614 3 2 1 1 1644 1723 1724 1645
1615 3 2 1 1 1645 1724 1725 1646
1616 3 2 1 1 1646 1725 1726 1647
1617 3 2 1 1 1647 1726 1727 1648
1618 3 2 1 1 1648 1727 1728 1649
1619 3 2 1 1 1649 1728 1729 1650
1620 3 2 1 1 1650 1729 1730 1651
1621 3 2 1 1 1651 1730 1731 1652
1622 3 2 1 1 1652 1731 1732 1653
1623 3 2 1 1 1653 1732 1733 1654
1624 3 2 1 1 1654 1733 1734 1655
1625 3 2 1 1 1655 1734 1735 1656
1626 3 2 1 1 1656 1735 1736 1657
1627 3 2 1 1 1657 1736 1737 1658
1628 3 2 1 1 1658 1737 1738 1659
1629 3 2 1 1 1659 1738 1739 1660
1630 3 2 1 1 1660 1739 1740 1661
1631 3 2 1 1 1661 1740 1741 1662
1632 3 2 1 1 1662 1741 1742 1663
1633 3 2 1 1 1663 1742 1743 1664
1634 3 2 1 1 1664 1743 1744 1665
1635 3 2 1 1 1665 1744 1745 1666
1636 3 2 1 1 1666 1745 1746 1667
1637 3 2 1 1 1667 1746 1747 1668
1638 3 2 1 1 1668 1747 1748 1669
1639 3 2 1 1 1669 1748 1749 1670
1640 3 2 1 1 1670 1749 1750 1671
1641 3 2 1 1 1671 1750 1751 1672
1642 3 2 1 1 1672 1751 1752 1673
1643 3 2 1 1 1673 1752 1753 1674
1644 3 2 1 1 1674 1753 1754 1675
1645 3 2 1 1 1675 1754 1755 1676
1646 3 2 1 1 1676 1755 1756 1677
1647 3 2 1 1 1677 1756 1757 1678
1648 3 2 1 1 1678 1757 1758 1679
1649 3 2 1 1 1679 1758 1759 1680
1650 3 2 1 1 1680 1759 1760 1681
1651 3 2 1 1 1681 1760 1761 1682
1652 3 2 1 1 1682 1761 1762 1683
1653 3 2 1 1 1683 1762 1763 1684
1654 3 2 1 1 1684 1763 1764 1685
1655 3 2 1 1 1685 1764 1765 1686
1656 3 2 1 1 1686 1765 1766 1687
1657 3 2 1 1 1687 1766 1767 1688
1658 3 2 1 1 1688 1767 1768 1689
1659 3 2 1 1 1689 1768 1769 1690
1660 3 2 1 1 1690 1769 1770 1691
1661 3 2 1 1 1691 1770 1771 1692
1662 3 2 1 1 1692 1771 1772 1693
1663 3 2 1 1 1693 1772 1773 1694
1664 3 2 1 1 1694 1773 18 19
1665 3 2 1 1 130 131 1774 1695
1666 3 2 1 1 1695 1774 1775 1696
1667 3 2 1 1 1696 1775 1776 1697
1668 3 2 1 1 1697 1776 1777 1698
1669 3 2 1 1 1698 1777 1778 1699
1670 3 2 1 1 1699 1778 1779 1700
1671 3 2 1 1 1700 1779 1780 1701
1672 3 2 1 1 1701 1780 1781 1702
1673 3 2 1 1 1702 1781 1782 1703
1674 3 2 1 1 1703 1782 1783 1704
1675 3 2 1 1 1704 1783 1784 1705
1676 3 2 1 1 1705 1784 1785 1706
1677 3 2 1 1 1706 1785 1786 1707
1678 3 2 1 1 1707 1786 1787 1708
1679 3 2 1 1 1708 1787 1788 1709
1680 3 2 1 1 1709 1788 1789 1710
1681 3 2 1 1 1710 1789 1790 1711
1682 3 2 1 1 1711 1790 1791 1712
1683 3 2 1 1 1712 1791 1792 1713
1684 3 2 1 1 1713 1792 1793 1714
1685 3 2 1 1 1714 1793 1794 1715
1686 3 2 1 1 1715 1794 1795 1716
1687 3 2 1 1 1716 1795 1796 1717
1688 3 2 1 1 1717 1796 1797 1718
1689 3 2 1 1 1718 1797 1798 1719
1690 3 2 1 1 1719 1798 1799 1720
1691 3 2 1 1 1720 1799 1800 1721
1692 3 2 1 1 1721 1800 1801 1722
1693 3 2 1 1 1722 1801 1802 1723
1694 3 2 1 1 1723 1802 1803 1724
1695 3 2 1 1 1724 1803 1804 1725
1696 3 2 1 1 1725 1804 1805 1726
1697 3 2 1 1 1726 1805 1806 1727
1698 3 2 1 1 1727 1806 1807 1728
1699 3 2 1 1 1728 1807 1808 1729
1700 3 2 1 1 1729 1808 1809 1730
1701 3 2 1 1 1730 1809 1810 1731
1702 3 2 1 1 1731 1810 1811 1732
1703 3 2 1 1 1732 1811 1812 1733
1704 3 2 1 1 1733 1812 1813 1734
1705 3 2 1 1 1734 1813 1814 1735
1706 3 2 1 1 1735 1814 1815 1736
1707 3 2 1 1 1736 1815 1816 1737
1708 3 2 1 1 1737 1816 1817 1738
1709 3 2 1 1 1738 1817 1818 1739
1710 3 2 1 1 1739 1818 1819 1740
1711 3 2 1 1 1740 1819 1820 1741
1712 3 2 1 1 1741 1820 1821 1742
1713 3 2 1 1 1742 1821 1822 1743
1714 3 2 1 1 1743 1822 1823 1744
1715 3 2 1 1 1744 1823 1824 1745
1716 3 2 1 1 1745 1824 1825 1746
1717 3 2 1 1 1746 1825 1826 1747
1718 3 2 1 1 1747 1826 1827 1748
1719 3 2 1 1 1748 1827 1828 1749
1720 3 2 1 1 1749 1828 1829 1750
1721 3 2 1 1 1750 1829 1830 1751
1722 3 2 1 1 1751 1830 1831 1752
1723 3 2 1 1 1752 1831 1832 1753
1724 3 2 1 1 1753 1832 1833 1754
1725 3 2 1 1 1754 1833 1834 1755
1726 3 2 1 1 1755 1834 1835 1756
1727 3 2 1 1 1756 1835 1836 1757
1728 3 2 1 1 1757 1836 1837 1758
1729 3 2 1 1 1758 1837 1838 1759
1730 3 2 1 1 1759 1838 1839 1760
1731 3 2 1 1 1760 1839 1840 1761
1732 3 2 1 1 1761 1840 1841 1762
1733 3 2 1 1 1762 1841 1842 1763
1734 3 2 1 1 1763 1842 1843 1764
1735 3 2 1 1 1764 1843 1844 1765
1736 3 2 1 1 1765 1844 1845 1766
1737 3 2 1 1 1766 1845 1846 1767
1738 3 2 1 1 1767 1846 1847 1768
1739 3 2 1 1 1768 1847 1848 1769
1740 3 2 1 1 1769 1848 1849 1770
1741 3 2 1 1 1770 1849 1850 1771
1742 3 2 1 1 1771 1850 1851 1772
1743 3 2 1 1 1772 1851 1852 1773
1744 3 2 1 1 1773 1852 17 18
1745 3 2 1 1 131 132 1853 1774
1746 3 2 1 1 1774 1853 1854 1775
1747 3 2 1 1 1775 1854 1855 1776
1748 3 2 1 1 1776 1855 1856 1777
1749 3 2 1 1 1777 1856 1857 1778
1750 3 2 1 1 1778 1857 1858 1779
1751 3 2 1 1 1779 1858 1859 1780
1752 3 2 1 1 1780 1859 1860 1781
1753 3 2 1 1 1781 1860 1861 1782
1754 3 2 1 1 1782 1861 1862 1783
1755 3 2 1 1 1783 1862 1863 1784
1756 3 2 1 1 1784 1863 1864 1785
1757 3 2 1 1 1785 1864 1865 1786
1758 3 2 1 1 1786 1865 1866 1787
1759 3 2 1 1 1787 1866 1867 1788
1760 3 2 1 1 1788 1867 1868 1789
1761 3 2 1 1 1789 1868 1869 1790
1762 3 2 1 1 1790 1869 1870 1791
1763 3 2 1 1 1791 1870 1871 1792
1764 3 2 1 1 1792 1871 1872 1793
1765 3 2 1 1 1793 1872 1873 1794
1766 3 2 1 1 1794 1873 1874 1795
1767 3 2 1 1 1795 1874 1875 1796
1768 3 2 1 1 1796 1875 1876 1797
1769 3 2 1 1 1797 1876 1877 1798
1770 3 2 1 1 1798 1877 1878 1799
1771 3 2 1 1 1799 1878 1879 1800
1772 3 2 1 1 1800 1879 1880 1801
1773 3 2 1 1 1801 1880 1881 1802
1774 3 2 1 1 1802 1881 1882 1803
1775 3 2 1 1 1803 1882 1883 1804
1776 3 2 1 1 1804 1883 1884 1805
1777 3 2 1 1 1805 1884 1885 1806
1778 3 2 1 1 1806 1885 1886 1807
1779 3 2 1 1 1807 1886 1887 1808
1780 3 2 1 1 1808 1887 1888 1809
1781 3 2 1 1 1809 1888 1889 1810
1782 3 2 1 1 1810 1889 1890 1811
1783 3 2 1 1 1811 1890 1891 1812
1784 3 2 1 1 1812 1891 1892 1813
1785 3 2 1 1 1813 1892 1893 1814
1786 3 2 1 1 1814 1893 1894 1815
1787 3 2 1 1 1815 1894 1895 1816
1788 3 2 1 1 1816 1895 1896 1817
1789 3 2 1 1 1817 1896 1897 1818
1790 3 2 1 1 1818 1897 1898 1819
1791 3 2 1 1 1819 1898 1899 1820
1792 3 2 1 1 1820 1899 1900 1821
1793 3 2 1 1 1821 1900 1901 1822
1794 3 2 1 1 1822 1901 1902 1823
1795 3 2 1 1 1823 1902 1903 1824
1796 3 2 1 1 1824 1903 1904 1825
1797 3 2 1 1 1825 1904 1905 1826
1798 3 2 1 1 1826 1905 1906 1827
1799 3 2 1 1 1827 1906 1907 1828
1800 3 2 1 1 1828 1907 1908 1829
1801 3 2 1 1 1829 1908 1909 1830
1802 3 2 1 1 1830 1909 1910 1831
1803 3 2 1 1 1831 1910 1911 1832
1804 3 2 1 1 1832 1911 1912 1833
1805 3 2 1 1 1833 1912 1913 1834
1806 3 2 1 1 1834 1913 1914 1835
1807 3 2 1 1 1835 1914 1915 1836
1808 3 2 1 1 1836 1915 1916 1837
1809 3 2 1 1 1837 1916 1917 1838
1810 3 2 1 1 1838 1917 1918 1839
1811 3 2 1 1 1839 1918 1919 1840
1812 3 2 1 1 1840 1919 1920 1841
1813 3 2 1 1 1841 1920 1921 1842
1814 3 2 1 1 1842 1921 1922 1843
1815 3 2 1 1 1843 1922 1923 1844
1816 3 2 1 1 1844 1923 1924 1845
1817 3 2 1 1 1845 1924 1925 1846
1818 3 2 1 1 1846 1925 1926 1847
1819 3 2 1 1 1847 1926 1927 1848
1820 3 2 1 1 1848 1927 1928 1849
1821 3 2 1 1 1849 1928 1929 1850
1822 3 2 1 1 1850 1929 1930 1851
1823 3 2 1 1 1851 1930 1931 1852
1824 3 2 1 1 1852 1931 16 17
1825 3 2 1 1 132 133 1932 1853
1826 3 2 1 1 1853 1932 1933 1854
1827 3 2 1 1 1854 1933 1934 1855
1828 3 2 1 1 1855 1934 1935 1856
1829 3 2 1 1 1856 1935 1936 1857
1830 3 2 1 1 1857 1936 1937 1858
1831 3 2 1 1 1858 1937 1938 1859
1832 3 2 1 1 1859 1938 1939 1860
1833 3 2 1 1 1860 1939 1940 1861
1834 3 2 1 1 1861 1940 1941 1862
1835 3 2 1 1 1862 1941 1942 1863
1836 3 2 1 1 1863 1942 1943 1864
1837 3 2 1 1 1864 1943 1944 1865
1838 3 2 1 1 1865 1944 1945 1866
1839 3 2 1 1 1866 1945 1946 1867
1840 3 2 1 1 1867 1946 1947 1868
1841 3 2 1 1 1868 1947 1948 1869
1842 3 2 1 1 1869 1948 1949 1870
1843 3 2 1 1 1870 1949 1950 1871
1844 3 2 1 1 1871 1950 1951 1872
1845 3 2 1 1 1872 1951 1952 1873
1846 3 2 1 1 1873 1952 1953 1874
1847 3 2 1 1 1874 1953 1954 1875
1848 3 2 1 1 1875 1954 1955 1876
1849 3 2 1 1 1876 1955 1956 1877
1850 3 2 1 1 1877 1956 1957 1878
1851 3 2 1 1 1878 1957 1958 1879
1852 3 2 1 1 1879 1958 1959 1880
1853 3 2 1 1 1880 1959 1960 1881
1854 3 2 1 1 1881 1960 1961 1882
1855 3 2 1 1 1882 1961 1962 1883
1856 3 2 1 1 1883 1962 1963 1884
1857 3 2 1 1 1884 1963 1964 1885
1858 3 2 1 1 1885 1964 1965 1886
1859 3 2 1 1 1886 1965 1966 1887
1860 3 2 1 1 1887 1966 1967 1888
1861 3 2 1 1 1888 1967 1968 1889
1862 3 2 1 1 1889 1968 1969 1890
1863 3 2 1 1 1890 1969 1970 1891
1864 3 2 1 1 1891 1970 1971 1892
1865 3 2 1 1 1892 1971 1972 1893
1866 3 2 1 1 1893 1972 1973 1894
1867 3 2 1 1 1894 1973 1974 1895
1868 3 2 1 1 1895 1974 1975 1896
1869 3 2 1 1 1896 1975 1976 1897
1870 3 2 1 1 1897 1976 1977 1898
1871 3 2 1 1 1898 1977 1978 1899
1872 3 2 1 1 1899 1978 1979 1900
1873 3 2 1 1 1900 1979 1980 1901
1874 3 2 1 1 1901 1980 1981 1902
1875 3 2 1 1 1902 1981 1982 1903
1876 3 2 1 1 1903 1982 1983 1904
1877 3 2 1 1 1904 1983 1984 1905
1878 3 2 1 1 1905 1984 1985 1906
1879 3 2 1 1 1906 1985 1986 1907
1880 3 2 1 1 1907 1986 1987 1908
1881 3 2 1 1 1908 1987 1988 1909
1882 3 2 1 1 1909 1988 1989 1910
1883 3 2 1 1 1910 1989 1990 1911
1884 3 2 1 1 1911 1990 1991 1912
1885 3 2 1 1 1912 1991 1992 1913
1886 3 2 1 1 1913 1992 1993 1914
1887 3 2 1 1 1914 1993 1994 1915
1888 3 2 1 1 1915 1994 1995 1916
1889 3 2 1 1 1916 1995 1996 1917
1890 3 2 1 1 1917 1996 1997 1918
1891 3 2 1 1 1918 1997 1998 1919
1892 3 2 1 1 1919 1998 1999 1920
1893 3 2 1 1 1920 1999 2000 1921
1894 3 2 1 1 1921 2000 2001 1922
1895 3 2 1 1 1922 2001 2002 1923
1896 3 2 1 1 1923 2002 2003 1924
1897 3 2 1 1 1924 2003 2004 1925
1898 3 2 1 1 1925 2004 2005 1926
1899 3 2 1 1 1926 2005 2006 1927
1900 3 2 1 1 1927 2006 2007 1928
1901 3 2 1 1 1928 2007 2008 1929
1902 3 2 1 1 1929 2008 2009 1930
1903 3 2 1 1 1930 2009 2010 1931
1904 3 2 1 1 1931 2010 15 16
1905 3 2 1 1 133 134 2011 1932
1906 3 2 1 1 1932 2011 2012 1933
1907 3 2 1 1 1933 2012 2013 1934
1908 3 2 1 1 1934 2013 2014 1935
1909 3 2 1 1 1935 2014 2015 1936
1910 3 2 1 1 1936 2015 2016 1937
1911 3 2 1 1 1937 2016 2017 1938
1912 3 2 1 1 1938 2017 2018 1939
1913 3 2 1 1 1939 2018 2019 1940
1914 3 2 1 1 1940 2019 2020 1941
1915 3 2 1 1 1941 2020 2021 1942
1916 3 2 1 1 1942 2021 2022 1943
1917 3 2 1 1 1943 2022 2023 1944
1918 3 2 1 1 1944 2023 2024 1945
1919 3 2 1 1 1945 2024 2025 1946
1920 3 2 1 1 1946 2025 2026 1947
1921 3 2 1 1 1947 2026 2027 1948
1922 3 2 1 1 1948 2027 2028 1949
1923 3 2 1 1 1949 2028 2029 1950
1924 3 2 1 1 1950 2029 2030 1951
1925 3 2 1 1 1951 2030 2031 1952
1926 3 2 1 1 1952 2031 2032 1953
1927 3 2 1 1 1953 2032 2033 1954
1928 3 2 1 1 1954 2033 2034 1955
1929 3 2 1 1 1955 2034 2035 1956
1930 3 2 1 1 1956 2035 2036 1957
1931 3 2 1 1 1957 2036 2037 1958
1932 3 2 1 1 1958 2037 2038 1959
1933 3 2 1 1 1959 2038 2039 1960
1934 3 2 1 1 1960 2039 2040 1961
1935 3 2 1 1 1961 2040 2041 1962
1936 3 2 1 1 1962 2041 2042 1963
1937 3 2 1 1 1963 2042 2043 1964
1938 3 2 1 1 1964 2043 2044 1965
1939 3 2 1 1 1965 2044 2045 1966
1940 3 2 1 1 1966 2045 2046 1967
1941 3 2 1 1 1967 2046 2047 1968
1942 3 2 1 1 1968 2047 2048 1969
1943 3 2 1 1 1969 2048 2049 1970
1944 3 2 1 1 1970 2049 2050 1971
1945 3 2 1 1 1971 2050 2051 1972
1946 3 2 1 1 1972 2051 2052 1973
1947 3 2 1 1 1973 2052 2053 1974
1948 3 2 1 1 1974 2053 2054 1975
1949 3 2 1 1 1975 2054 2055 1976
1950 3 2 1 1 1976 2055 2056 1977
1951 3 2 1 1 1977 2056 2057 1978
1952 3 2 1 1 1978 2057 2058 1979
1953 3 2 1 1 1979 2058 2059 1980
1954 3 2 1 1 1980 2059 2060 1981
1955 3 2 1 1 1981 2060 2061 1982
1956 3 2 1 1 1982 2061 2062 1983
1957 3 2 1 1 1983 2062 2063 1984
1958 3 2 1 1 1984 2063 2064 1985
1959 3 2 1 1 1985 2064 2065 1986
1960 3 2 1 1 1986 2065 2066 1987
1961 3 2 1 1 1987 2066 2067 1988
1962 3 2 1 1 1988 2067 2068 1989
1963 3 2 1 1 1989 2068 2069 1990
1964 3 2 1 1 1990 2069 2070 1991
1965 3 2 1 1 1991 2070 2071 1992
1966 3 2 1 1 1992 2071 2072 1993
1967 3 2 1 1 1993 2072 2073 1994
1968 3 2 1 1 1994 2073 2074 1995
1969 3 2 1 1 1995 2074 2075 1996
1970 3 2 1 1 1996 2075 2076 1997
1971 3 2 1 1 1997 2076 2077 1998
1972 3 2 1 1 1998 2077 2078 1999
1973 3 2 1 1 1999 2078 2079 2000
1974 3 2 1 1 2000 2079 2080 2001
1975 3 2 1 1 2001 2080 2081 2002
1976 3 2 1 1 2002 2081 2082 2003
1977 3 2 1 1 2003 2082 2083 2004
1978 3 2 1 1 2004 2083 2084 2005
1979 3 2 1 1 2005 2084 2085 2006
1980 3 2 1 1 2006 2085 2086 2007
1981 3 2 1 1 2007 2086 2087 2008
1982 3 2 1 1 2008 2087 2088 2009
1983 3 2 1 1 2009 2088 2089 2010
1984 3 2 1 1 2010 2089 14 15
1985 3 2 1 1 134 135 2090 2011
1986 3 2 1 1 2011 2090 2091 2012
1987 3 2 1 1 2012 2091 2092 2013
1988 3 2 1 1 2013 2092 2093 2014
1989 3 2 1 1 2014 2093 2094 2015
1990 3 2 1 1 2015 2094 2095 2016
1991 3 2 1 1 2016 2095 2096 2017
1992 3 2 1 1 2017 2096 2097 2018
1993 3 2 1 1 2018 2097 2098 2019
1994 3 2 1 1 2019 2098 2099 2020
1995 3 2 1 1 2020 2099 2100 2021
1996 3 2 1 1 2021 2100 2101 2022
1997 3 2 1 1 2022 2101 2102 2023
1998 3 2 1 1 2023 2102 2103 2024
1999 3 2 1 1 2024 2103 2104 2025
2000 3 2 1 1 2025 2104 2105 2026
2001 3 2 1 1 2026 2105 2106 2027
2002 3 2 1 1 2027 2106 2107 2028
2003 3 2 1 1 2028 2107 2108 2029
2004 3 2 1 1 2029 2108 2109 2030
2005 3 2 1 1 2030 2109 2110 2031
2006 3 2 1 1 2031 2110 2111 2032
2007 3 2 1 1 2032 2111 2112 2033
2008 3 2 1 1 2033 2112 2113 2034
2009 3 2 1 1 2034 2113 2114 2035
2010 3 2 1 1 2035 2114 2115 2036
2011 3 2 1 1 2036 2115 2116 2037
2012 3 2 1 1 2037 2116 2117 2038
2013 3 2 1 1 2038 2117 2118 2039
2014 3 2 1 1 2039 2118 2119 2040
2015 3 2 1 1 2040 2119 2120 2041
2016 3 2 1 1 2041 2120 2121 2042
2017 3 2 1 1 2042 2121 2122 2043
2018 3 2 1 1 2043 2122 2123 2044
2019 3 2 1 1 2044 2123 2124 2045
2020 3 2 1 1 2045 2124 2125 2046
2021 3 2 1 1 2046 2125 2126 2047
2022 3 2 1 1 2047 2126 2127 2048
2023 3 2 1 1 2048 2127 2128 2049
2024 3 2 1 1 2049 2128 2129 2050
2025 3 2 1 1 2050 2129 2130 2051
2026 3 2 1 1 2051 2130 2131 2052
2027 3 2 1 1 2052 2131 2132 2053
2028 3 2 1 1 2053 2132 2133 2054
2029 3 2 1 1 2054 2133 2134 2055
2030 3 2 1 1 2055 2134 2135 2056
2031 3 2 1 1 2056 2135 2136 2057
2032 3 2 1 1 2057 2136 2137 2058
2033 3 2 1 1 2058 2137 2138 2059
2034 3 2 1 1 2059 2138 2139 2060
2035 3 2 1 1 2060 2139 2140 2061
2036 3 2 1 1 2061 2140 2141 2062
2037 3 2 1 1 2062 2141 2142 2063
2038 3 2 1 1 2063 2142 2143 2064
2039 3 2 1 1 2064 2143 2144 2065
2040 3 2 1 1 2065 2144 2145 2066
2041 3 2 1 1 2066 2145 2146 2067
2042 3 2 1 1 2067 2146 2147 2068
2043 3 2 1 1 2068 2147 2148 2069
2044 3 2 1 1 2069 2148 2149 2070
2045 3 2 1 1 2070 2149 2150 2071
2046 3 2 1 1 2071 2150 2151 2072
2047 3 2 1 1 2072 2151 2152 2073
2048 3 2 1 1 2073 2152 2153 2074
2049 3 2 1 1 2074 2153 2154 2075
2050 3 2 1 1 2075 2154 2155 2076
2051 3 2 1 1 2076 2155 2156 2077
2052 3 2 1 1 2077 2156 2157 2078
2053 3 2 1 1 2078 2157 2158 2079
2054 3 2 1 1 2079 2158 2159 2080
2055 3 2 1 1 2080 2159 2160 2081
2056 3 2 1 1 2081 2160 2161 2082
2057 3 2 1 1 2082 2161 2162 2083
2058 3 2 1 1 2083 2162 2163 2084
2059 3 2 1 1 2084 2163 2164 2085
2060 3 2 1 1 2085 2164 2165 2086
2061 3 2 1 1 2086 2165 2166 2087
2062 3 2 1 1 2087 2166 2167 2088
2063 3 2 1 1 2088 2167 2168 2089
2064 3 2 1 1 2089 2168 13 14
2065 3 2 1 1 135 136 2169 2090
2066 3 2 1 1 2090 2169 2170 2091
2067 3 2 1 1 2091 2170 2171 2092
2068 3 2 1 1 2092 2171 2172 2093
2069 3 2 1 1 2093 2172 2173 2094
2070 3 2 1 1 2094 2173 2174 2095
2071 3 2 1 1 2095 2174 2175 2096
2072 3 2 1 1 2096 2175 2176 2097
2073 3 2 1 1 2097 2176 2177 2098
2074 3 2 1 1 2098 2177 2178 2099
2075 3 2 1 1 2099 2178 2179 2100
2076 3 2 1 1 2100 2179 2180 2101
2077 3 2 1 1 2101 2180 2181 2102
2078 3 2 1 1 2102 2181 2182 2103
2079 3 2 1 1 2103 2182 2183 2104
2080 3 2 1 1 2104 2183 2184 2105
2081 3 2 1 1 2105 2184 2185 2106
2082 3 2 1 1 2106 2185 2186 2107
2083 3 2 1 1 2107 2186 2187 2108
2084 3 2 1 1 2108 2187 2188 2109
2085 3 2 1 1 2109 2188 2189 2110
2086 3 2 1 1 2110 2189 2190 2111
2087 3 2 1 1 2111 2190 2191 2112
2088 3 2 1 1 2112 2191 2192 2113
2089 3 2 1 1 2113 2192 2193 2114
2090 3 2 1 1 2114 2193 2194 2115
2091 3 2 1 1 2115 2194 2195 2116
2092 3 2 1 1 2116 2195 2196 2117
2093 3 2 1 1 2117 2196 2197 2118
2094 3 2 1 1 2118 2197 2198 2119
2095 3 2 1 1 2119 2198 2199 2120
2096 3 2 1 1 2120 2199 2200 2121
2097 3 2 1 1 2121 2200 2201 2122
2098 3 2 1 1 2122 2201 2202 2123
2099 3 2 1 1 2123 2202 2203 2124
2100 3 2 1 1 2124 2203 2204 2125
2101 3 2 1 1 2125 2204 2205 2126
2102 3 2 1 1 2126 2205 2206 2127
2103 3 2 1 1 2127 2206 2207 2128
2104 3 2 1 1 2128 2207 2208 2129
2105 3 2 1 1 2129 2208 2209 2130
2106 3 2 1 1 2130 2209 2210 2131
2107 3 2 1 1 2131 2210 2211 2132
2108 3 2 1 1 2132 2211 2212 2133
2109 3 2 1 1 2133 2212 2213 2134
2110 3 2 1 1 2134 2213 2214 2135
2111 3 2 1 1 2135 2214 2215 2136
2112 3 2 1 1 2136 2215 2216 2137
2113 3 2 1 1 2137 2216 2217 2138
2114 3 2 1 1 2138 2217 2218 2139
2115 3 2 1 1 2139 2218 2219 2140
2116 3 2 1 1 2140 2219 2220 2141
2117 3 2 1 1 2141 2220 2221 2142
2118 3 2 1 1 2142 2221 2222 2143
2119 3 2 1 1 2143 2222 2223 2144
2120 3 2 1 1 2144 2223 2224 2145
2121 3 2 1 1 2145 2224 2225 2146
2122 3 2 1 1 2146 2225 2226 2147
2123 3 2 1 1 2147 2226 2227 2148
2124 3 2 1 1 2148 2227 2228 2149
2125 3 2 1 1 2149 2228 2229 2150
2126 3 2 1 1 2150 2229 2230 2151
2127 3 2 1 1 2151 2230 2231 2152
2128 3 2 1 1 2152 2231 2232 2153
2129 3 2 1 1 2153 2232 2233 2154
2130 3 2 1 1 2154 2233 2234 2155
2131 3 2 1 1 2155 2234 2235 2156
2132 3 2 1 1 2156 2235 2236 2157
2133 3 2 1 1 2157 2236 2237 2158
2134 3 2 1 1 2158 2237 2238 2159
2135 3 2 1 1 2159 2238 2239 2160
2136 3 2 1 1 2160 2239 2240 2161
2137 3 2 1 1 2161 2240 2241 2162
2138 3 2 1 1 2162 2241 2242 2163
2139 3 2 1 1 2163 2242 2243 2164
2140 3 2 1 1 2164 2243 2244 2165
2141 3 2 1 1 2165 2244 2245 2166
2142 3 2 1 1 2166 2245 2246 2167
2143 3 2 1 1 2167 2246 2247 2168
2144 3 2 1 1 2168 2247 12 13
2145 3 2 1 1 136 3 137 2169
2146 3 2 1 1 2169 137 138 2170
2147 3 2 1 1 2170 138 139 2171
2148 3 2 1 1 2171 139 140 2172
2149 3 2 1 1 2172 140 141 2173
2150 3 2 1 1 2173 141 142 2174
2151 3 2 1 1 2174 142 143 2175
2152 3 2 1 1 2175 143 144 2176
2153 3 2 1 1 2176 144 145 2177
2154 3 2 1 1 2177 145 146 2178
2155 3 2 1 1 2178 146 147 2179
2156 3 2 1 1 2179 147 148 2180
2157 3 2 1 1 2180 148 149 2181
2158 3 2 1 1 2181 149 150 2182
2159 3 2 1 1 2182 150 151 2183
2160 3 2 1 1 2183 151 152 2184
2161 3 2 1 1 2184 152 153 2185
2162 3 2 1 1 2185 153 154 2186
2163 3 2 1 1 2186 154 155 2187
2164 3 2 1 1 2187 155 156 2188
2165 3 2 1 1 2188 156 157 2189
2166 3 2 1 1 2189 157 158 2190
2167 3 2 1 1 2190 158 159 2191
2168 3 2 1 1 2191 159 160 2192
2169 3 2 1 1 2192 160 161 2193
2170 3 2 1 1 2193 161 162 2194
2171 3 2 1 1 2194 162 163 2195
2172 3 2 1 1 2195 163 164 2196
2173 3 2 1 1 2196 164 165 2197
2174 3 2 1 1 2197 165 166 2198
2175 3 2 1 1 2198 166 167 2199
2176 3 2 1 1 2199 167 168 2200
2177 3 2 1 1 2200 168 169 2201
2178 3 2 1 1 2201 169 170 2202
2179 3 2 1 1 2202 170 171 2203
2180 3 2 1 1 2203 171 172 2204
2181 3 2 1 1 2204 172 173 2205
2182 3 2 1 1 2205 173 174 2206
2183 3 2 1 1 2206 174 175 2207
2184 3 2 1 1 2207 175 176 2208
2185 3 2 1 1 2208 176 177 2209
2186 3 2 1 1 2209 177 178 2210
2187 3 2 1 1 2210 178 179 2211
2188 3 2 1 1 2211 179 180 2212
2189 3 2 1 1 2212 180 181 2213
2190 3 2 1 1 2213 181 182 2214
2191 3 2 1 1 2214 182 183 2215
2192 3 2 1 1 2215 183 184 2216
2193 3 2 1 1 2216 184 185 2217
2194 3 2 1 1 2217 185 186 2218
2195 3 2 1 1 2218 186 187 2219
2196 3 2 1 1 2219 187 188 2220
2197 3 2 1 1 2220 188 189 2221
2198 3 2 1 1 2221 189 190 2222
2199 3 2 1 1 2222 190 191 2223
2200 3 2 1 1 2223 191 192 2224
2201 3 2 1 1 2224 192 193 2225
2202 3 2 1 1 2225 193 194 2226
2203 3 2 1 1 2226 194 195 2227
2204 3 2 1 1 2227 195 196 2228
2205 3 2 1 1 2228 196 197 2229
2206 3 2 1 1 2229 197 198 2230
2207 3 2 1 1 2230 198 199 2231
2208 3 2 1 1 2231 199 200 2232
2209 3 2 1 1 2232 200 201 2233
2210 3 2 1 1 2233 201 202 2234
2211 3 2 1 1 2234 202 203 2235
2212 3 2 1 1 2235 203 204 2236
2213 3 2 1 1 2236 204 205 2237
2214 3 2 1 1 2237 205 206 2238
2215 3 2 1 1 2238 206 207 2239
2216 3 2 1 1 2239 207 208 2240
2217 3 2 1 1 2240 208 209 2241
2218 3 2 1 1 2241 209 210 2242
2219 3 2 1 1 2242 210 211 2243
2220 3 2 1 1 2243 211 212 2244
2221 3 2 1 1 2244 212 213 2245
2222 3 2 1 1 2245 213 214 2246
2223 3 2 1 1 2246 214 215 2247
2224 3 2 1 1 2247 215 4 12
2225 3 2 1 2 4 262 2248 12
2226 3 2 1 2 262 263 2249 2248
2227 3 2 1 2 263 264 2250 2249
2228 3 2 1 2 264 265 2251 2250
2229 3 2 1 2 265 266 2252 2251
2230 3 2 1 2 266 267 2253 2252
2231 3 2 1 2 267 268 2254 2253
2232 3 2 1 2 268 269 2255 2254
2233 3 2 1 2 269 270 2256 2255
2234 3 2 1 2 270 271 2257 2256
2235 3 2 1 2 271 272 2258 2257
2236 3 2 1 2 272 273 2259 2258
2237 3 2 1 2 273 274 2260 2259
2238 3 2 1 2 274 275 2261 2260
2239 3 2 1 2 275 276 2262 2261
2240 3 2 1 2 276 277 2263 2262
2241 3 2 1 2 277 278 2264 2263
2242 3 2 1 2 278 279 2265 2264
2243 3 2 1 2 279 280 2266 2265
2244 3 2 1 2 280 281 2267 2266
2245 3 2 1 2 281 282 2268 2267
2246 3 2 1 2 282 283 2269 2268
2247 3 2 1 2 283 284 2270 2269
2248 3 2 1 2 284 6 239 2270
2249 3 2 1 2 12 2248 2271 13
2250 3 2 1 2 2248 2249 2272 2271
2251 3 2 1 2 2249 2250 2273 2272
2252 3 2 1 2 2250 2251 2274 2273
2253 3 2 1 2 2251 2252 2275 2274
2254 3 2 1 2 2252 2253 2276 2275
2255 3 2 1 2 2253 2254 2277 2276
2256 3 2 1 2 2254 2255 2278 2277
2257 3 2 1 2 2255 2256 2279 2278
2258 3 2 1 2 2256 2257 2280 2279
2259 3 2 1 2 2257 2258 2281 2280
2260 3 2 1 2 2258 2259 2282 2281
2261 3 2 1 2 2259 2260 2283 2282
2262 3 2 1 2 2260 2261 2284 2283
2263 3 2 1 2 2261 2262 2285 2284
2264 3 2 1 2 2262 2263 2286 2285
2265 3 2 1 2 2263 2264 2287 2286
2266 3 2 1 2 2264 2265 2288 2287
2267 3 2 1 2 2265 2266 2289 2288
2268 3 2 1 2 2266 2267 2290 2289
2269 3 2 1 2 2267 2268 2291 2290
2270 3 2 1 2 2268 2269 2292 2291
2271 3 2 1 2 2269 2270 2293 2292
2272 3 2 1 2 2270 239 240 2293
2273 3 2 1 2 13 2271 2294 14
2274 3 2 1 2 2271 2272 2295 2294
2275 3 2 1 2 2272 2273 2296 2295
2276 3 2 1 2 2273 2274 2297 2296
2277 3 2 1 2 2274 2275 2298 2297
2278 3 2 1 2 2275 2276 2299 2298
2279 3 2 1 2 2276 2277 2300 2299
2280 3 2 1 2 2277 2278 2301 2300
2281 3 2 1 2 2278 2279 2302 2301
2282 3 2 1 2 2279 2280 2303 2302
2283 3 2 1 2 2280 2281 2304 2303
2284 3 2 1 2 2281 2282 2305 2304
2285 3 2 1 2 2282 2283 2306 2305
2286 3 2 1 2 2283 2284 2307 2306
2287 3 2 1 2 2284 2285 2308 2307
2288 3 2 1 2 2285 2286 2309 2308
2289 3 2 1 2 2286 2287 2310 2309
2290 3 2 1 2 2287 2288 2311 2310
2291 3 2 1 2 2288 2289 2312 2311
2292 3 2 1 2 2289 2290 2313 2312
2293 3 2 1 2 2290 2291 2314 2313
2294 3 2 1 2 2291 2292 2315 2314
2295 3 2 1 2 2292 2293 2316 2315
2296 3 2 1 2 2293 240 241 2316
2297 3 2 1 2 14 2294 2317 15
2298 3 2 1 2 2294 2295 2318 2317
2299 3 2 1 2 2295 2296 2319 2318
2300 3 2 1 2 2296 2297 2320 2319
2301 3 2 1 2 2297 2298 2321 2320
2302 3 2 1 2 2298 2299 2322 2321
2303 3 2 1 2 2299 2300 2323 2322
2304 3 2 1 2 2300 2301 2324 2323
2305 3 2 1 2 2301 2302 2325 2324
2306 3 2 1 2 2302 2303 2326 2325
2307 3 2 1 2 2303 2304 2327 2326
2308 3 2 1 2 2304 2305 2328 2327
2309 3 2 1 2 2305 2306 2329 2328
2310 3 2 1 2 2306 2307 2330 2329
2311 3 2 1 2 2307 2308 2331 2330
2312 3 2 1 2 2308 2309 2332 2331
2313 3 2 1 2 2309 2310 2333 2332
2314 3 2 1 2 2310 2311 2334 2333
2315 3 2 1 2 2311 2312 2335 2334
2316 3 2 1 2 2312 2313 2336 2335
2317 3 2 1 2 2313 2314 2337 2336
2318 3 2 1 2 2314 2315 2338 2337
2319 3 2 1 2 2315 2316 2339 2338
2320 3 2 1 2 2316 241 242 2339
2321 3 2 1 2 15 2317 2340 16
2322 3 2 1 2 2317 2318 2341 2340
2323 3 2 1 2 2318 2319 2342 2341
2324 3 2 1 2 2319 2320 2343 2342
2325 3 2 1 2 2320 2321 2344 2343
2326 3 2 1 2 2321 2322 2345 2344
2327 3 2 1 2 2322 2323 2346 2345
2328 3 2 1 2 2323 2324 2347 2346
2329 3 2 1 2 2324 2325 2348 2347
2330 3 2 1 2 2325 2326 2349 2348
2331 3 2 1 2 2326 2327 2350 2349
2332 3 2 1 2 2327 2328 2351 2350
2333 3 2 1 2 2328 2329 2352 2351
2334 3 2 1 2 2329 2330 2353 2352
2335 3 2 1 2 2330 2331 2354 2353
2336 3 2 1 2 2331 2332 2355 2354
2337 3 2 1 2 2332 2333 2356 2355
2338 3 2 1 2 2333 2334 2357 2356
2339 3 2 1 2 2334 2335 2358 2357
2340 3 2 1 2 2335 2336 2359 2358
2341 3 2 1 2 2336 2337 2360 2359
2342 3 2 1 2 2337 2338 2361 2360
2343 3 2 1 2 2338 2339 2362 2361
2344 3 2 1 2 2339 242 243 2362
2345 3 2 1 2 16 2340 2363 17
2346 3 2 1 2 2340 2341 2364 2363
2347 3 2 1 2 2341 2342 2365 2364
2348 3 2 1 2 2342 2343 2366 2365
2349 3 2 1 2 2343 2344 2367 2366
2350 3 2 1 2 2344 2345 2368 2367
2351 3 2 1 2 2345 2346 2369 2368
2352 3 2 1 2 2346 2347 2370 2369
2353 3 2 1 2 2347 2348 2371 2370
2354 3 2 1 2 2348 2349 2372 2371
2355 3 2 1 2 2349 2350 2373 2372
2356 3 2 1 2 2350 2351 2374 2373
2357 3 2 1 2 2351 2352 2375 2374
2358 3 2 1 2 2352 2353 2376 2375
2359 3 2 1 2 2353 2354 2377 2376
2360 3 2 1 2 2354 2355 2378 2377
2361 3 2 1 2 2355 2356 2379 2378
2362 3 2 1 2 2356 2357 2380 2379
2363 3 2 1 2 2357 2358 2381 2380
2364 3 2 1 2 2358 2359 2382 2381
2365 3 2 1 2 2359 2360 2383 2382
2366 3 2 1 2 2360 2361 2384 2383
2367 3 2 1 2 2361 2362 2385 2384
2368 3 2 1 2 2362 243 244 2385
2369 3 2 1 2 17 2363 2386 18
2370 3 2 1 2 2363 2364 2387 2386
2371 3 2 1 2 2364 2365 2388 2387
2372 3 2 1 2 2365 2366 2389 2388
2373 3 2 1 2 2366 2367 2390 2389
2374 3 2 1 2 2367 2368 2391 2390
2375 3 2 1 2 2368 2369 2392 2391
2376 3 2 1 2 2369 2370 2393 2392
2377 3 2 1 2 2370 2371 2394 2393
2378 3 2 1 2 2371 2372 2395 2394
2379 3 2 1 2 2372 2373 2396 2395
2380 3 2 1 2 2373 2374 2397 2396
2381 3 2 1 2 2374 2375 2398 2397
2382 3 2 1 2 2375 2376 2399 2398
2383 3 2 1 2 2376 2377 2400 2399
2384 3 2 1 2 2377 2378 2401 2400
2385 3 2 1 2 2378 2379 2402 2401
2386 3 2 1 2 2379 2380 2403 2402
2387 3 2 1 2 2380 2381 2404 2403
2388 3 2 1 2 2381 2382 2405 2404
2389 3 2 1 2 2382 2383 2406 2405
2390 3 2 1 2 2383 2384 2407 2406
2391 3 2 1 2 2384 2385 2408 2407
2392 3 2 1 2 2385 244 245 2408
2393 3 2 1 2 18 2386 2409 19
2394 3 2 1 2 2386 2387 2410 2409
2395 3 2 1 2 2387 2388 2411 2410
2396 3 2 1 2 2388 2389 2412 2411
2397 3 2 1 2 2389 2390 2413 2412
2398 3 2 1 2 2390 2391 2414 2413
2399 3 2 1 2 2391 2392 2415 2414
2400 3 2 1 2 2392 2393 2416 2415
2401 3 2 1 2 2393 2394 2417 2416
2402 3 2 1 2 2394 2395 2418 2417
2403 3 2 1 2 2395 2396 2419 2418
2404 3 2 1 2 2396 2397 2420 2419
2405 3 2 1 2 2397 2398 2421 2420
2406 3 2 1 2 2398 2399 2422 2421
2407 3 2 1 2 2399 2400 2423 2422
2408 3 2 1 2 2400 2401 2424 2423
2409 3 2 1 2 2401 2402 2425 2424
2410 3 2 1 2 2402 2403 2426 2425
2411 3 2 1 2 2403 2404 2427 2426
2412 3 2 1 2 2404 2405 2428 2427
2413 3 2 1 2 2405 2406 2429 2428
2414 3 2 1 2 2406 2407 2430 2429
2415 3 2 1 2 2407 2408 2431 2430
2416 3 2 1 2 2408 245 246 2431
2417 3 2 1 2 19 2409 2432 20
2418 3 2 1 2 2409 2410 2433 2432
2419 3 2 1 2 2410 2411 2434 2433
2420 3 2 1 2 2411 2412 2435 2434
2421 3 2 1 2 2412 2413 2436 2435
2422 3 2 1 2 2413 2414 2437 2436
2423 3 2 1 2 2414 2415 2438 2437
2424 3 2 1 2 2415 2416 2439 2438
2425 3 2 1 2 2416 2417 2440 2439
2426 3 2 1 2 2417 2418 2441 2440
2427 3 2 1 2 2418 2419 2442 2441
2428 3 2 1 2 2419 2420 2443 2442
2429 3 2 1 2 2420 2421 2444 2443
2430 3 2 1 2 2421 2422 2445 2444
2431 3 2 1 2 2422 2423 2446 2445
2432 3 2 1 2 2423 2424 2447 2446
2433 3 2 1 2 2424 2425 2448 2447
2434 3 2 1 2 2425 2426 2449 2448
2435 3 2 1 2 2426 2427 2450 2449
2436 3 2 1 2 2427 2428 2451 2450
2437 3 2 1 2 2428 2429 2452 2451
2438 3 2 1 2 2429 2430 2453 2452
2439 3 2 1 2 2430 2431 2454 2453
2440 3 2 1 2 2431 246 247 2454
2441 3 2 1 2 20 2432 2455 21
2442 3 2 1 2 2432 2433 2456 2455
2443 3 2 1 2 2433 2434 2457 2456
2444 3 2 1 2 2434 2435 2458 2457
2445 3 2 1 2 2435 2436 2459 2458
2446 3 2 1 2 2436 2437 2460 2459
2447 3 2 1 2 2437 2438 2461 2460
2448 3 2 1 2 2438 2439 2462 2461
2449 3 2 1 2 2439 2440 2463 2462
2450 3 2 1 2 2440 2441 2464 2463
2451 3 2 1 2 2441 2442 2465 2464
2452 3 2 1 2 2442 2443 2466 2465
2453 3 2 1 2 2443 2444 2467 2466
2454 3 2 1 2 2444 2445 2468 2467
2455 3 2 1 2 2445 2446 2469 2468
2456 3 2 1 2 2446 2447 2470 2469
2457 3 2 1 2 2447 2448 2471 2470
2458 3 2 1 2 2448 2449 2472 2471
2459 3 2 1 2 2449 2450 2473 2472
2460 3 2 1 2 2450 2451 2474 2473
2461 3 2 1 2 2451 2452 2475 2474
2462 3 2 1 2 2452 2453 2476 2475
2463 3 2 1 2 2453 2454 2477 2476
2464 3 2 1 2 2454 247 248 2477
2465 3 2 1 2 21 2455 2478 22
2466 3 2 1 2 2455 2456 2479 2478
2467 3 2 1 2 2456 2457 2480 2479
2468 3 2 1 2 2457 2458 2481 2480
2469 3 2 1 2 2458 2459 2482 2481
2470 3 2 1 2 2459 2460 2483 2482
2471 3 2 1 2 2460 2461 2484 2483
2472 3 2 1 2 2461 2462 2485 2484
2473 3 2 1 2 2462 2463 2486 2485
2474 3 2 1 2 2463 2464 2487 2486
2475 3 2 1 2 2464 2465 2488 2487
2476 3 2 1 2 2465 2466 2489 2488
2477 3 2 1 2 2466 2467 2490 2489
2478 3 2 1 2 2467 2468 2491 2490
2479 3 2 1 2 2468 2469 2492 2491
2480 3 2 1 2 2469 2470 2493 2492
2481 3 2 1 2 2470 2471 2494 2493
2482 3 2 1 2 2471 2472 2495 2494
2483 3 2 1 2 2472 2473 2496 2495
2484 3 2 1 2 2473 2474 2497 2496
2485 3 2 1 2 2474 2475 2498 2497
2486 3 2 1 2 2475 2476 2499 2498
2487 3 2 1 2 2476 2477 2500 2499
2488 3 2 1 2 2477 248 249 2500
2489 3 2 1 2 22 2478 2501 23
2490 3 2 1 2 2478 2479 2502 2501
2491 3 2 1 2 2479 2480 2503 2502
2492 3 2 1 2 2480 2481 2504 2503
2493 3 2 1 2 2481 2482 2505 2504
2494 3 2 1 2 2482 2483 2506 2505
2495 3 2 1 2 2483 2484 2507 2506
2496 3 2 1 2 2484 2485 2508 2507
2497 3 2 1 2 2485 2486 2509 2508
2498 3 2 1 2 2486 2487 2510 2509
2499 3 2 1 2 2487 2488 2511 2510
2500 3 2 1 2 2488 2489 2512 2511
2501 3 2 1 2 2489 2490 2513 2512
2502 3 2 1 2 2490 2491 2514 2513
2503 3 2 1 2 2491 2492 2515 2514
2504 3 2 1 2 2492 2493 2516 2515
2505 3 2 1 2 2493 2494 2517 2516
2506 3 2 1 2 2494 2495 2518 2517
2507 3 2 1 2 2495 2496 2519 2518
2508 3 2 1 2 2496 2497 2520 2519
2509 3 2 1 2 2497 2498 2521 2520
2510 3 2 1 2 2498 2499 2522 2521
2511 3 2 1 2 2499 2500 2523 2522
2512 3 2 1 2 2500 249 250 2523
2513 3 2 1 2 23 2501 2524 24
2514 3 2 1 2 2501 2502 2525 2524
2515 3 2 1 2 2502 2503 2526 2525
2516 3 2 1 2 2503 2504 2527 2526
2517 3 2 1 2 2504 2505 2528 2527
2518 3 2 1 2 2505 2506 2529 2528
2519 3 2 1 2 2506 2507 2530 2529
2520 3 2 1 2 2507 2508 2531 2530
2521 3 2 1 2 2508 2509 2532 2531
2522 3 2 1 2 2509 2510 2533 2532
2523 3 2 1 2 2510 2511 2534 2533
2524 3 2 1 2 2511 2512 2535 2534
2525 3 2 1 2 2512 2513 2536 2535
2526 3 2 1 2 2513 2514 2537 2536
2527 3 2 1 2 2514 2515 2538 2537
2528 3 2 1 2 2515 2516 2539 2538
2529 3 2 1 2 2516 2517 2540 2539
2530 3 2 1 2 2517 2518 2541 2540
2531 3 2 1 2 2518 2519 2542 2541
2532 3 2 1 2 2519 2520 2543 2542
2533 3 2 1 2 2520 2521 2544 2543
2534 3 2 1 2 2521 2522 2545 2544
2535 3 2 1 2 2522 2523 2546 2545
2536 3 2 1 2 2523 250 251 2546
2537 3 2 1 2 24 2524 2547 25
2538 3 2 1 2 2524 2525 2548 2547
2539 3 2 1 2 2525 2526 2549 2548
2540 3 2 1 2 2526 2527 2550 2549
2541 3 2 1 2 2527 2528 2551 2550
2542 3 2 1 2 2528 2529 2552 2551
2543 3 2 1 2 2529 2530 2553 2552
2544 3 2 1 2 2530 2531 2554 2553
2545 3 2 1 2 2531 2532 2555 2554
2546 3 2 1 2 2532 2533 2556 2555
2547 3 2 1 2 2533 2534 2557 2556
2548 3 2 1 2 2534 2535 2558 2557
2549 3 2 1 2 2535 2536 2559 2558
2550 3 2 1 2 2536 2537 2560 2559
2551 3 2 1 2 2537 2538 2561 2560
2552 3 2 1 2 2538 2539 2562 2561
2553 3 2 1 2 2539 2540 2563 2562
2554 3 2 1 2 2540 2541 2564 2563
2555 3 2 1 2 2541 2542 2565 2564
2556 3 2 1 2 2542 2543 2566 2565
2557 3 2 1 2 2543 2544 2567 2566
2558 3 2 1 2 2544 2545 2568 2567
2559 3 2 1 2 2545 2546 2569 2568
2560 3 2 1 2 2546 251 252 2569
2561 3 2 1 2 25 2547 2570 26
2562 3 2 1 2 2547 2548 2571 2570
2563 3 2 1 2 2548 2549 2572 2571
2564 3 2 1 2 2549 2550 2573 2572
2565 3 2 1 2 2550 2551 2574 2573
2566 3 2 1 2 2551 2552 2575 2574
2567 3 2 1 2 2552 2553 2576 2575
2568 3 2 1 2 2553 2554 2577 2576
2569 3 2 1 2 2554 2555 2578 2577
2570 3 2 1 2 2555 2556 2579 2578
2571 3 2 1 2 2556 2557 2580 2579
2572 3 2 1 2 2557 2558 2581 2580
2573 3 2 1 2 2558 2559 2582 2581
2574 3 2 1 2 2559 2560 2583 2582
2575 3 2 1 2 2560 2561 2584 2583
2576 3 2 1 2 2561 2562 2585 2584
2577 3 2 1 2 2562 2563 2586 2585
2578 3 2 1 2 2563 2564 2587 2586
2579 3 2 1 2 2564 2565 2588 2587
2580 3 2 1 2 2565 2566 2589 2588
2581 3 2 1 2 2566 2567 2590 2589
2582 3 2 1 2 2567 2568 2591 2590
2583 3 2 1 2 2568 2569 2592 2591
2584 3 2 1 2 2569 252 253 2592
2585 3 2 1 2 26 2570 2593 27
2586 3 2 1 2 2570 2571 2594 2593
2587 3 2 1 2 2571 2572 2595 2594
2588 3 2 1 2 2572 2573 2596 2595
2589 3 2 1 2 2573 2574 2597 2596
2590 3 2 1 2 2574 2575 2598 2597
2591 3 2 1 2 2575 2576 2599 2598
2592 3 2 1 2 2576 2577 2600 2599
2593 3 2 1 2 2577 2578 2601 2600
2594 3 2 1 2 2578 2579 2602 2601
2595 3 2 1 2 2579 2580 2603 2602
2596 3 2 1 2 2580 2581 2604 2603
2597 3 2 1 2 2581 2582 2605 2604
2598 3 2 1 2 2582 2583 2606 2605
2599 3 2 1 2 2583 2584 2607 2606
2600 3 2 1 2 2584 2585 2608 2607
2601 3 2 1 2 2585 2586 2609 2608
2602 3 2 1 2 2586 2587 2610 2609
2603 3 2 1 2 2587 2588 2611 2610
2604 3 2 1 2 2588 2589 2612 2611
2605 3 2 1 2 2589 2590 2613 2612
2606 3 2 1 2 2590 2591 2614 2613
2607 3 2 1 2 2591 2592 2615 2614
2608 3 2 1 2 2592 253 254 2615
2609 3 2 1 2 27 2593 2616 28
2610 3 2 1 2 2593 2594 2617 2616
2611 3 2 1 2 2594 2595 2618 2617
2612 3 2 1 2 2595 2596 2619 2618
2613 3 2 1 2 2596 2597 2620 2619
2614 3 2 1 2 2597 2598 2621 2620
2615 3 2 1 2 2598 2599 2622 2621
2616 3 2 1 2 2599 2600 2623 2622
2617 3 2 1 2 2600 2601 2624 2623
2618 3 2 1 2 2601 2602 2625 2624
2619 3 2 1 2 2602 2603 2626 2625
2620 3 2 1 2 2603 2604 2627 2626
2621 3 2 1 2 2604 2605 2628 2627
2622 3 2 1 2 2605 2606 2629 2628
2623 3 2 1 2 2606 2607 2630 2629
2624 3 2 1 2 2607 2608 2631 2630
2625 3 2 1 2 2608 2609 2632 2631
2626 3 2 1 2 2609 2610 2633 2632
2627 3 2 1 2 2610 2611 2634 2633
2628 3 2 1 2 2611 2612 2635 2634
2629 3 2 1 2 2612 2613 2636 2635
2630 3 2 1 2 2613 2614 2637 2636
2631 3 2 1 2 2614 2615 2638 2637
2632 3 2 1 2 2615 254 255 2638
2633 3 2 1 2 28 2616 2639 29
2634 3 2 1 2 2616 2617 2640 2639
2635 3 2 1 2 2617 2618 2641 2640
2636 3 2 1 2 2618 2619 2642 2641
2637 3 2 1 2 2619 2620 2643 2642
2638 3 2 1 2 2620 2621 2644 2643
2639 3 2 1 2 2621 2622 2645 2644
2640 3 2 1 2 2622 2623 2646 2645
2641 3 2 1 2 2623 2624 2647 2646
2642 3 2 1 2 2624 2625 2648 2647
2643 3 2 1 2 2625 2626 2649 2648
2644 3 2 1 2 2626 2627 2650 2649
2645 3 2 1 2 2627 2628 2651 2650
2646 3 2 1 2 2628 2629 2652 2651
2647 3 2 1 2 2629 2630 2653 2652
2648 3 2 1 2 2630 2631 2654 2653
2649 3 2 1 2 2631 2632 2655 2654
2650 3 2 1 2 2632 2633 2656 2655
2651 3 2 1 2 2633 2634 2657 2656
2652 3 2 1 2 2634 2635 2658 2657
2653 3 2 1 2 2635 2636 2659 2658
2654 3 2 1 2 2636 2637 2660 2659
2655 3 2 1 2 2637 2638 2661 2660
2656 3 2 1 2 2638 255 256 2661
2657 3 2 1 2 29 2639 2662 30
2658 3 2 1 2 2639 2640 2663 2662
2659 3 2 1 2 2640 2641 2664 2663
2660 3 2 1 2 2641 2642 2665 2664
2661 3 2 1 2 2642 2643 2666 2665
2662 3 2 1 2 2643 2644 2667 2666
2663 3 2 1 2 2644 2645 2668 2667
2664 3 2 1 2 2645 2646 2669 2668
2665 3 2 1 2 2646 2647 2670 2669
2666 3 2 1 2 2647 2648 2671 2670
2667 3 2 1 2 2648 2649 2672 2671
2668 3 2 1 2 2649 2650 2673 2672
2669 3 2 1 2 2650 2651 2674 2673
2670 3 2 1 2 2651 2652 2675 2674
2671 3 2 1 2 2652 2653 2676 2675
2672 3 2 1 2 2653 2654 2677 2676
2673 3 2 1 2 2654 2655 2678 2677
2674 3 2 1 2 2655 2656 2679 2678
2675 3 2 1 2 2656 2657 2680 2679
2676 3 2 1 2 2657 2658 2681 2680
2677 3 2 1 2 2658 2659 2682 2681
2678 3 2 1 2 2659 2660 2683 2682
2679 3 2 1 2 2660 2661 2684 2683
2680 3 2 1 2 2661 256 257 2684
2681 3 2 1 2 30 2662 2685 31
2682 3 2 1 2 2662 2663 2686 2685
2683 3 2 1 2 2663 2664 2687 2686
2684 3 2 1 2 2664 2665 2688 2687
2685 3 2 1 2 2665 2666 2689 2688
2686 3 2 1 2 2666 2667 2690 2689
2687 3 2 1 2 2667 2668 2691 2690
2688 3 2 1 2 2668 2669 2692 2691
2689 3 2 1 2 2669 2670 2693 2692
2690 3 2 1 2 2670 2671 2694 2693
2691 3 2 1 2 2671 2672 2695 2694
2692 3 2 1 2 2672 2673 2696 2695
2693 3 2 1 2 2673 2674 2697 2696
2694 3 2 1 2 2674 2675 2698 2697
2695 3 2 1 2 2675 2676 2699 2698
2696 3 2 1 2 2676 2677 2700 2699
2697 3 2 1 2 2677 2678 2701 2700
2698 3 2 1 2 2678 2679 2702 2701
2699 3 2 1 2 2679 2680 2703 2702
2700 3 2 1 2 2680 2681 2704 2703
2701 3 2 1 2 2681 2682 2705 2704
2702 3 2 1 2 2682 2683 2706 2705
2703 3 2 1 2 2683 2684 2707 2706
2704 3 2 1 2 2684 257 258 2707
2705 3 2 1 2 31 2685 2708 32
2706 3 2 1 2 2685 2686 2709 2708
2707 3 2 1 2 2686 2687 2710 2709
2708 3 2 1 2 2687 2688 2711 2710
2709 3 2 1 2 2688 2689 2712 2711
2710 3 2 1 2 2689 2690 2713 2712
2711 3 2 1 2 2690 2691 2714 2713
2712 3 2 1 2 2691 2692 2715 2714
2713 3 2 1 2 2692 2693 2716 2715
2714 3 2 1 2 2693 2694 2717 2716
2715 3 2 1 2 2694 2695 2718 2717
2716 3 2 1 2 2695 2696 2719 2718
2717 3 2 1 2 2696 2697 2720 2719
2718 3 2 1 2 2697 2698 2721 2720
2719 3 2 1 2 2698 2699 2722 2721
2720 3 2 1 2 2699 2700 2723 2722
2721 3 2 1 2 2700 2701 2724 2723
2722 3 2 1 2 2701 2702 2725 2724
2723 3 2 1 2 2702 2703 2726 2725
2724 3 2 1 2 2703 2704 2727 2726
2725 3 2 1 2 2704 2705 2728 2727
2726 3 2 1 2 2705 2706 2729 2728
2727 3 2 1 2 2706 2707 2730 2729
2728 3 2 1 2 2707 258 259 2730
2729 3 2 1 2 32 2708 2731 33
2730 3 2 1 2 2708 2709 2732 2731
2731 3 2 1 2 2709 2710 2733 2732
2732 3 2 1 2 2710 2711 2734 2733
2733 3 2 1 2 2711 2712 2735 2734
2734 3 2 1 2 2712 2713 2736 2735
2735 3 2 1 2 2713 2714 2737 2736
2736 3 2 1 2 2714 2715 2738 2737
2737 3 2 1 2 2715 2716 2739 2738
2738 3 2 1 2 2716 2717 2740 2739
2739 3 2 1 2 2717 2718 2741 2740
2740 3 2 1 2 2718 2719 2742 2741
2741 3 2 1 2 2719 2720 2743 2742
2742 3 2 1 2 2720 2721 2744 2743
2743 3 2 1 2 2721 2722 2745 2744
2744 3 2 1 2 2722 2723 2746 2745
2745 3 2 1 2 2723 2724 2747 2746
2746 3 2 1 2 2724 2725 2748 2747
2747 3 2 1 2 2725 2726 2749 2748
2748 3 2 1 2 2726 2727 2750 2749
2749 3 2 1 2 2727 2728 2751 2750
2750 3 2 1 2 2728 2729 2752 2751
2751 3 2 1 2 2729 2730 2753 2752
2752 3 2 1 2 2730 259 260 2753
2753 3 2 1 2 33 2731 2754 34
2754 3 2 1 2 2731 2732 2755 2754
2755 3 2 1 2 2732 2733 2756 2755
2756 3 2 1 2 2733 2734 2757 2756
2757 3 2 1 2 2734 2735 2758 2757
2758 3 2 1 2 2735 2736 2759 2758
2759 3 2 1 2 2736 2737 2760 2759
2760 3 2 1 2 2737 2738 2761 2760
2761 3 2 1 2 2738 2739 2762 2761
2762 3 2 1 2 2739 2740 2763 2762
2763 3 2 1 2 2740 2741 2764 2763
2764 3 2 1 2 2741 2742 2765 2764
2765 3 2 1 2 2742 2743 2766 2765
2766 3 2 1 2 2743 2744 2767 2766
2767 3 2 1 2 2744 2745 2768 2767
2768 3 2 1 2 2745 2746 2769 2768
2769 3 2 1 2 2746 2747 2770 2769
2770 3 2 1 2 2747 2748 2771 2770
2771 3 2 1 2 2748 2749 2772 2771
2772 3 2 1 2 2749 2750 2773 2772
2773 3 2 1 2 2750 2751 2774 2773
2774 3 2 1 2 2751 2752 2775 2774
2775 3 2 1 2 2752 2753 2776 2775
2776 3 2 1 2 2753 260 261 2776
2777 3 2 1 2 34 2754 216 1
2778 3 2 1 2 2754 2755 217 216
2779 3 2 1 2 2755 2756 218 217
2780 3 2 1 2 2756 2757 219 218
2781 3 2 1 2 2757 2758 220 219
2782 3 2 1 2 2758 2759 221 220
2783 3 2 1 2 2759 2760 222 221
2784 3 2 1 2 2760 2761 223 222
2785 3 2 1 2 2761 2762 224 223
2786 3 2 1 2 2762 2763 225 224
2787 3 2 1 2 2763 2764 226 225
2788 3 2 1 2 2764 2765 227 226
2789 3 2 1 2 2765 2766 228 227
2790 3 2 1 2 2766 2767 229 228
2791 3 2 1 2 2767 2768 230 229
2792 3 2 1 2 2768 2769 231 230
2793 3 2 1 2 2769 2770 232 231
2794 3 2 1 2 2770 2771 233 232
2795 3 2 1 2 2771 2772 234 233
2796 3 2 1 2 2772 2773 235 234
2797 3 2 1 2 2773 2774 236 235
2798 3 2 1 2 2774 2775 237 236
2799 3 2 1 2 2775 2776 238 237
2800 3 2 1 2 2776 261 5 238
2801 3 2 1 3 7 285 2777 386
2802 3 2 1 3 386 2777 2778 385
2803 3 2 1 3 385 2778 2779 384
2804 3 2 1 3 384 2779 2780 383
2805 3 2 1 3 383 2780 2781 382
2806 3 2 1 3 382 2781 2782 381
2807 3 2 1 3 381 2782 2783 380
2808 3 2 1 3 380 2783 2784 379
2809 3 2 1 3 379 2784 2785 378
2810 3 2 1 3 378 2785 2786 377
2811 3 2 1 3 377 2786 2787 376
2812 3 2 1 3 376 2787 2788 375
2813 3 2 1 3 375 2788 2789 374
2814 3 2 1 3 374 2789 2790 373
2815 3 2 1 3 373 2790 2791 372
2816 3 2 1 3 372 2791 2792 371
2817 3 2 1 3 371 2792 2793 370
2818 3 2 1 3 370 2793 2794 369
2819 3 2 1 3 369 2794 2795 368
2820 3 2 1 3 368 2795 2796 367
2821 3 2 1 3 367 2796 2797 366
2822 3 2 1 3 366 2797 2798 365
2823 3 2 1 3 365 2798 2799 364
2824 3 2 1 3 364 2799 2800 363
2825 3 2 1 3 363 2800 2801 362
2826 3 2 1 3 362 2801 2802 361
2827 3 2 1 3 361 2802 2803 360
2828 3 2 1 3 360 2803 2804 359
2829 3 2 1 3 359 2804 2805 358
2830 3 2 1 3 358 2805 2806 357
2831 3 2 1 3 357 2806 2807 356
2832 3 2 1 3 356 2807 2808 355
2833 3 2 1 3 355 2808 2809 354
2834 3 2 1 3 354 2809 2810 353
2835 3 2 1 3 353 2810 2811 352
2836 3 2 1 3 352 2811 2812 351
2837 3 2 1 3 351 2812 2813 350
2838 3 2 1 3 350 2813 2814 349
2839 3 2 1 3 349 2814 2815 348
2840 3 2 1 3 348 2815 2816 347
2841 3 2 1 3 347 2816 2817 346
2842 3 2 1 3 346 2817 2818 345
2843 3 2 1 3 345 2818 2819 344
2844 3 2 1 3 344 2819 2820 343
2845 3 2 1 3 343 2820 2821 342
2846 3 2 1 3 342 2821 2822 341
2847 3 2 1 3 341 2822 2823 340
2848 3 2 1 3 340 2823 2824 339
2849 3 2 1 3 339 2824 2825 338
2850 3 2 1 3 338 2825 2826 337
2851 3 2 1 3 337 2826 2827 336
2852 3 2 1 3 336 2827 2828 335
2853 3 2 1 3 335 2828 2829 334
2854 3 2 1 3 334 2829 2830 333
2855 3 2 1 3 333 2830 2831 332
2856 3 2 1 3 332 2831 2832 331
2857 3 2 1 3 331 2832 2833 330
2858 3 2 1 3 330 2833 2834 329
2859 3 2 1 3 329 2834 2835 328
2860 3 2 1 3 328 2835 2836 327
2861 3 2 1 3 327 2836 2837 326
2862 3 2 1 3 326 2837 2838 325
2863 3 2 1 3 325 2838 2839 324
2864 3 2 1 3 324 2839 2840 323
2865 3 2 1 3 323 2840 2841 322
2866 3 2 1 3 322 2841 2842 321
2867 3 2 1 3 321 2842 2843 320
2868 3 2 1 3 320 2843 2844 319
2869 3 2 1 3 319 2844 2845 318
2870 3 2 1 3 318 2845 2846 317
2871 3 2 1 3 317 2846 2847 316
2872 3 2 1 3 316 2847 2848 315
2873 3 2 1 3 315 2848 2849 314
2874 3 2 1 3 314 2849 2850 313
2875 3 2 1 3 313 2850 2851 312
2876 3 2 1 3 312 2851 2852 311
2877 3 2 1 3 311 2852 2853 310
2878 3 2 1 3 310 2853 2854 309
2879 3 2 1 3 309 2854 2855 308
2880 3 2 1 3 308 2855 238 5
2881 3 2 1 3 285 286 2856 2777
2882 3 2 1 3 2777 2856 2857 2778
2883 3 2 1 3 2778 2857 2858 2779
2884 3 2 1 3 2779 2858 2859 2780
2885 3 2 1 3 2780 2859 2860 2781
2886 3 2 1 3 2781 2860 2861 2782
2887 3 2 1 3 2782 2861 2862 2783
2888 3 2 1 3 2783 2862 2863 2784
2889 3 2 1 3 2784 2863 2864 2785
2890 3 2 1 3 2785 2864 2865 2786
2891 3 2 1 3 2786 2865 2866 2787
2892 3 2 1 3 2787 2866 2867 2788
2893 3 2 1 3 2788 2867 2868 2789
2894 3 2 1 3 2789 2868 2869 2790
2895 3 2 1 3 2790 2869 2870 2791
2896 3 2 1 3 2791 2870 2871 2792
2897 3 2 1 3 2792 2871 2872 2793
2898 3 2 1 3 2793 2872 2873 2794
2899 3 2 1 3 2794 2873 2874 2795
2900 3 2 1 3 2795 2874 2875 2796
2901 3 2 1 3 2796 2875 2876 2797
2902 3 2 1 3 2797 2876 2877 2798
2903 3 2 1 3 2798 2877 2878 2799
2904 3 2 1 3 2799 2878 2879 2800
2905 3 2 1 3 2800 2879 2880 2801
2906 3 2 1 3 2801 2880 2881 2802
2907 3 2 1 3 2802 2881 2882 2803
2908 3 2 1 3 2803 2882 2883 2804
2909 3 2 1 3 2804 2883 2884 2805
2910 3 2 1 3 2805 2884 2885 2806
2911 3 2 1 3 2806 2885 2886 2807
2912 3 2 1 3 2807 2886 2887 2808
2913 3 2 1 3 2808 2887 2888 2809
2914 3 2 1 3 2809 2888 2889 2810
2915 3 2 1 3 2810 2889 2890 2811
2916 3 2 1 3 2811 2890 2891 2812
2917 3 2 1 3 2812 2891 2892 2813
2918 3 2 1 3 2813 2892 2893 2814
2919 3 2 1 3 2814 2893 2894 2815
2920 3 2 1 3 2815 2894 2895 2816
2921 3 2 1 3 2816 2895 2896 2817
2922 3 2 1 3 2817 2896 2897 2818
2923 3 2 1 3 2818 2897 2898 2819
2924 3 2 1 3 2819 2898 2899 2820
2925 3 2 1 3 2820 2899 2900 2821
2926 3 2 1 3 2821 2900 2901 2822
2927 3 2 1 3 2822 2901 2902 2823
2928 3 2 1 3 2823 2902 2903 2824
2929 3 2 1 3 2824 2903 2904 2825
2930 3 2 1 3 2825 2904 2905 2826
2931 3 2 1 3 2826 2905 2906 2827
2932 3 2 1 3 2827 2906 2907 2828
2933 3 2 1 3 2828 2907 2908 2829
2934 3 2 1 3 2829 2908 2909 2830
2935 3 2 1 3 2830 2909 2910 2831
2936 3 2 1 3 2831 2910 2911 2832
2937 3 2 1 3 2832 2911 2912 2833
2938 3 2 1 3 2833 2912 2913 2834
2939 3 2 1 3 2834 2913 2914 2835
2940 3 2 1 3 2835 2914 2915 2836
2941 3 2 1 3 2836 2915 2916 2837
2942 3 2 1 3 2837 2916 2917 2838
2943 3 2 1 3 2838 2917 2918 2839
2944 3 2 1 3 2839 2918 2919 2840
2945 3 2 1 3 2840 2919 2920 2841
2946 3 2 1 3 2841 2920 2921 2842
2947 3 2 1 3 2842 2921 2922 2843
2948 3 2 1 3 2843 2922 2923 2844
2949 3 2 1 3 2844 2923 2924 2845
2950 3 2 1 3 2845 2924 2925 2846
2951 3 2 1 3 2846 2925 2926 2847
2952 3 2 1 3 2847 2926 2927 2848
2953 3 2 1 3 2848 2927 2928 2849
2954 3 2 1 3 2849 2928 2929 2850
2955 3 2 1 3 2850 2929 2930 2851
2956 3 2 1 3 2851 2930 2931 2852
2957 3 2 1 3 2852 2931 2932 2853
2958 3 2 1 3 2853 2932 2933 2854
2959 3 2 1 3 2854 2933 2934 2855
2960 3 2 1 3 2855 2934 237 238
2961 3 2 1 3 286 287 2935 2856
2962 3 2 1 3 2856 2935 2936 2857
2963 3 2 1 3 2857 2936 2937 2858
2964 3 2 1 3 2858 2937 2938 2859
2965 3 2 1 3 2859 2938 2939 2860
2966 3 2 1 3 2860 2939 2940 2861
2967 3 2 1 3 2861 2940 2941 2862
2968 3 2 1 3 2862 2941 2942 2863
2969 3 2 1 3 2863 2942 2943 2864
2970 3 2 1 3 2864 2943 2944 2865
2971 3 2 1 3 2865 2944 2945 2866
2972 3 2 1 3 2866 2945 2946 2867
2973 3 2 1 3 2867 2946 2947 2868
2974 3 2 1 3 2868 2947 2948 2869
2975 3 2 1 3 2869 2948 2949 2870
2976 3 2 1 3 2870 2949 2950 2871
2977 3 2 1 3 2871 2950 2951 2872
2978 3 2 1 3 2872 2951 2952 2873
2979 3 2 1 3 2873 2952 2953 2874
2980 3 2 1 3 2874 2953 2954 2875
2981 3 2 1 3 2875 2954 2955 2876
2982 3 2 1 3 2876 2955 2956 2877
2983 3 2 1 3 2877 2956 2957 2878
2984 3 2 1 3 2878 2957 2958 2879
2985 3 2 1 3 2879 2958 2959 2880
2986 3 2 1 3 2880 2959 2960 2881
2987 3 2 1 3 2881 2960 2961 2882
2988 3 2 1 3 2882 2961 2962 2883
2989 3 2 1 3 2883 2962 2963 2884
2990 3 2 1 3 2884 2963 2964 2885
2991 3 2 1 3 2885 2964 2965 2886
2992 3 2 1 3 2886 2965 2966 2887
2993 3 2 1 3 2887 2966 2967 2888
2994 3 2 1 3 2888 2967 2968 2889
2995 3 2 1 3 2889 2968 2969 2890
2996 3 2 1 3 2890 2969 2970 2891
2997 3 2 1 3 2891 2970 2971 2892
2998 3 2 1 3 2892 2971 2972 2893
2999 3 2 1 3 2893 2972 2973 2894
3000 3 2 1 3 2894 2973 2974 2895
3001 3 2 1 3 2895 2974 2975 2896
3002 3 2 1 3 2896 2975 2976 2897
3003 3 2 1 3 2897 2976 2977 2898
3004 3 2 1 3 2898 2977 2978 2899
3005 3 2 1 3 2899 2978 2979 2900
3006 3 2 1 3 2900 2979 2980 2901
3007 3 2 1 3 2901 2980 2981 2902
3008 3 2 1 3 2902 2981 2982 2903
3009 3 2 1 3 2903 2982 2983 2904
3010 3 2 1 3 2904 2983 2984 2905
3011 3 2 1 3 2905 2984 2985 2906
3012 3 2 1 3 2906 2985 2986 2907
3013 3 2 1 3 2907 2986 2987 2908
3014 3 2 1 3 2908 2987 2988 2909
3015 3 2 1 3 2909 2988 2989 2910
3016 3 2 1 3 2910 2989 2990 2911
3017 3 2 1 3 2911 2990 2991 2912
3018 3 2 1 3 2912 2991 2992 2913
3019 3 2 1 3 2913 2992 2993 2914
3020 3 2 1 3 2914 2993 2994 2915
3021 3 2 1 3 2915 2994 2995 2916
3022 3 2 1 3 2916 2995 2996 2917
3023 3 2 1 3 2917 2996 2997 2918
3024 3 2 1 3 2918 2997 2998 2919
3025 3 2 1 3 2919 2998 2999 2920
3026 3 2 1 3 2920 2999 3000 2921
3027 3 2 1 3 2921 3000 3001 2922
3028 3 2 1 3 2922 3001 3002 2923
3029 3 2 1 3 2923 3002 3003 2924
3030 3 2 1 3 2924 3003 3004 2925
3031 3 2 1 3 2925 3004 3005 2926
3032 3 2 1 3 2926 3005 3006 2927
3033 3 2 1 3 2927 3006 3007 2928
3034 3 2 1 3 2928 3007 3008 2929
3035 3 2 1 3 2929 3008 3009 2930
3036 3 2 1 3 2930 3009 3010 2931
3037 3 2 1 3 2931 3010 3011 2932
3038 3 2 1 3 2932 3011 3012 2933
3039 3 2 1 3 2933 3012 3013 2934
3040 3 2 1 3 2934 3013 236 237
3041 3 2 1 3 287 288 3014 2935
3042 3 2 1 3 2935 3014 3015 2936
3043 3 2 1 3 2936 3015 3016 2937
3044 3 2 1 3 2937 3016 3017 2938
3045 3 2 1 3 2938 3017 3018 2939
3046 3 2 1 3 2939 3018 3019 2940
3047 3 2 1 3 2940 3019 3020 2941
3048 3 2 1 3 2941 3020 3021 2942
3049 3 2 1 3 2942 3021 3022 2943
3050 3 2 1 3 2943 3022 3023 2944
3051 3 2 1 3 2944 3023 3024 2945
3052 3 2 1 3 2945 3024 3025 2946
3053 3 2 1 3 2946 3025 3026 2947
3054 3 2 1 3 2947 3026 3027 2948
3055 3 2 1 3 2948 3027 3028 2949
3056 3 2 1 3 2949 3028 3029 2950
3057 3 2 1 3 2950 3029 3030 2951
3058 3 2 1 3 2951 3030 3031 2952
3059 3 2 1 3 2952 3031 3032 2953
3060 3 2 1 3 2953 3032 3033 2954
3061 3 2 1 3 2954 3033 3034 2955
3062 3 2 1 3 2955 3034 3035 2956
3063 3 2 1 3 2956 3035 3036 2957
3064 3 2 1 3 2957 3036 3037 2958
3065 3 2 1 3 2958 3037 3038 2959
3066 3 2 1 3 2959 3038 3039 2960
3067 3 2 1 3 2960 3039 3040 2961
3068 3 2 1 3 2961 3040 3041 2962
3069 3 2 1 3 2962 3041 3042 2963
3070 3 2 1 3 2963 3042 3043 2964
3071 3 2 1 3 2964 3043 3044 2965
3072 3 2 1 3 2965 3044 3045 2966
3073 3 2 1 3 2966 3045 3046 2967
3074 3 2 1 3 2967 3046 3047 2968
3075 3 2 1 3 2968 3047 3048 2969
3076 3 2 1 3 2969 3048 3049 2970
3077 3 2 1 3 2970 3049 3050 2971
3078 3 2 1 3 2971 3050 3051 2972
3079 3 2 1 3 2972 3051 3052 2973
3080 3 2 1 3 2973 3052 3053 2974
3081 3 2 1 3 2974 3053 3054 2975
3082 3 2 1 3 2975 3054 3055 2976
3083 3 2 1 3 2976 3055 3056 2977
3084 3 2 1 3 2977 3056 3057 2978
3085 3 2 1 3 2978 3057 3058 2979
3086 3 2 1 3 2979 3058 3059 2980
3087 3 2 1 3 2980 3059 3060 2981
3088 3 2 1 3 2981 3060 3061 2982
3089 3 2 1 3 2982 3061 3062 2983
3090 3 2 1 3 2983 3062 3063 2984
3091 3 2 1 3 2984 3063 3064 2985
3092 3 2 1 3 2985 3064 3065 2986
3093 3 2 1 3 2986 3065 3066 2987
3094 3 2 1 3 2987 3066 3067 2988
3095 3 2 1 3 2988 3067 3068 2989
3096 3 2 1 3 2989 3068 3069 2990
3097 3 2 1 3 2990 3069 3070 2991
3098 3 2 1 3 2991 3070 3071 2992
3099 3 2 1 3 2992 3071 3072 2993
3100 3 2 1 3 2993 3072 3073 2994
3101 3 2 1 3 2994 3073 3074 2995
3102 3 2 1 3 2995 3074 3075 2996
3103 3 2 1 3 2996 3075 3076 2997
3104 3 2 1 3 2997 3076 3077 2998
3105 3 2 1 3 2998 3077 3078 2999
3106 3 2 1 3 2999 3078 3079 3000
3107 3 2 1 3 3000 3079 3080 3001
3108 3 2 1 3 3001 3080 3081 3002
3109 3 2 1 3 3002 3081 3082 3003
3110 3 2 1 3 3003 3082 3083 3004
3111 3 2 1 3 3004 3083 3084 3005
3112 3 2 1 3 3005 3084 3085 3006
3113 3 2 1 3 3006 3085 3086 3007
3114 3 2 1 3 3007 3086 3087 3008
3115 3 2 1 3 3008 3087 3088 3009
3116 3 2 1 3 3009 3088 3089 3010
3117 3 2 1 3 3010 3089 3090 3011
3118 3 2 1 3 3011 3090 3091 3012
3119 3 2 1 3 3012 3091 3092 3013
3120 3 2 1 3 3013 3092 235 236
3121 3 2 1 3 288 289 3093 3014
3122 3 2 1 3 3014 3093 3094 3015
3123 3 2 1 3 3015 3094 3095 3016
3124 3 2 1 3 3016 3095 3096 3017
3125 3 2 1 3 3017 3096 3097 3018
3126 3 2 1 3 3018 3097 3098 3019
3127 3 2 1 3 3019 3098 3099 3020
3128 3 2 1 3 3020 3099 3100 3021
3129 3 2 1 3 3021 3100 3101 3022
3130 3 2 1 3 3022 3101 3102 3023
3131 3 2 1 3 3023 3102 3103 3024
3132 3 2 1 3 3024 3103 3104 3025
3133 3 2 1 3 3025 3104 3105 3026
3134 3 2 1 3 3026 3105 3106 3027
3135 3 2 1 3 3027 3106 3107 3028
3136 3 2 1 3 3028 3107 3108 3029
3137 3 2 1 3 3029 3108 3109 3030
3138 3 2 1 3 3030 3109 3110 3031
3139 3 2 1 3 3031 3110 3111 3032
3140 3 2 1 3 3032 3111 3112 3033
3141 3 2 1 3 3033 3112 3113 3034
3142 3 2 1 3 3034 3113 3114 3035
3143 3 2 1 3 3035 3114 3115 3036
3144 3 2 1 3 3036 3115 3116 3037
3145 3 2 1 3 3037 3116 3117 3038
3146 3 2 1 3 3038 3117 3118 3039
3147 3 2 1 3 3039 3118 3119 3040
3148 3 2 1 3 3040 3119 3120 3041
3149 3 2 1 3 3041 3120 3121 3042
3150 3 2 1 3 3042 3121 3122 3043
3151 3 2 1 3 3043 3122 3123 3044
3152 3 2 1 3 3044 3123 3124 3045
3153 3 2 1 3 3045 3124 3125 3046
3154 3 2 1 3 3046 3125 3126 3047
3155 3 2 1 3 3047 3126 3127 3048
3156 3 2 1 3 3048 3127 3128 3049
3157 3 2 1 3 3049 3128 3129 3050
3158 3 2 1 3 3050 3129 3130 3051
3159 3 2 1 3 3051 3130 3131 3052
3160 3 2 1 3 3052 3131 3132 3053
3161 3 2 1 3 3053 3132 3133 3054
3162 3 2 1 3 3054 3133 3134 3055
3163 3 2 1 3 3055 3134 3135 3056
3164 3 2 1 3 3056 3135 3136 3057
3165 3 2 1 3 3057 3136 3137 3058
3166 3 2 1 3 3058 3137 3138 3059
3167 3 2 1 3 3059 3138 3139 3060
3168 3 2 1 3 3060 3139 3140 3061
3169 3 2 1 3 3061 3140 3141 3062
3170 3 2 1 3 3062 3141 3142 3063
3171 3 2 1 3 3063 3142 3143 3064
3172 3 2 1 3 3064 3143 3144 3065
3173 3 2 1 3 3065 3144 3145 3066
3174 3 2 1 3 3066 3145 3146 3067
3175 3 2 1 3 3067 3146 3147 3068
3176 3 2 1 3 3068 3147 3148 3069
3177 3 2 1 3 3069 3148 3149 3070
3178 3 2 1 3 3070 3149 3150 3071
3179 3 2 1 3 3071 3150 3151 3072
3180 3 2 1 3 3072 3151 3152 3073
3181 3 2 1 3 3073 3152 3153 3074
3182 3 2 1 3 3074 3153 3154 3075
3183 3 2 1 3 3075 3154 3155 3076
3184 3 2 1 3 3076 3155 3156 3077
3185 3 2 1 3 3077 3156 3157 3078
3186 3 2 1 3 3078 3157 3158 3079
3187 3 2 1 3 3079 3158 3159 3080
3188 3 2 1 3 3080 3159 3160 3081
3189 3 2 1 3 3081 3160 3161 3082
3190 3 2 1 3 3082 3161 3162 3083
3191 3 2 1 3 3083 3162 3163 3084
3192 3 2 1 3 3084 3163 3164 3085
3193 3 2 1 3 3085 3164 3165 3086
3194 3 2 1 3 3086 3165 3166 3087
3195 3 2 1 3 3087 3166 3167 3088
3196 3 2 1 3 3088 3167 3168 3089
3197 3 2 1 3 3089 3168 3169 3090
3198 3 2 1 3 3090 3169 3170 3091
3199 3 2 1 3 3091 3170 3171 3092
3200 3 2 1 3 3092 3171 234 235
3201 3 2 1 3 289 290 3172 3093
3202 3 2 1 3 3093 3172 3173 3094
3203 3 2 1 3 3094 3173 3174 3095
3204 3 2 1 3 3095 3174 3175 3096
3205 3 2 1 3 3096 3175 3176 3097
3206 3 2 1 3 3097 3176 3177 3098
3207 3 2 1 3 3098 3177 3178 3099
3208 3 2 1 3 3099 3178 3179 3100
3209 3 2 1 3 3100 3179 3180 3101
3210 3 2 1 3 3101 3180 3181 3102
3211 3 2 1 3 3102 3181 3182 3103
3212 3 2 1 3 3103 3182 3183 3104
3213 3 2 1 3 3104 3183 3184 3105
3214 3 2 1 3 3105 3184 3185 3106
3215 3 2 1 3 3106 3185 3186 3107
3216 3 2 1 3 3107 3186 3187 3108
3217 3 2 1 3 3108 3187 3188 3109
3218 3 2 1 3 3109 3188 3189 3110
3219 3 2 1 3 3110 3189 3190 3111
3220 3 2 1 3 3111 3190 3191 3112
3221 3 2 1 3 3112 3191 3192 3113
3222 3 2 1 3 3113 3192 3193 3114
3223 3 2 1 3 3114 3193 3194 3115
3224 3 2 1 3 3115 3194 3195 3116
3225 3 2 1 3 3116 3195 3196 3117
3226 3 2 1 3 3117 3196 3197 3118
3227 3 2 1 3 3118 3197 3198 3119
3228 3 2 1 3 3119 3198 3199 3120
3229 3 2 1 3 3120 3199 3200 3121
3230 3 2 1 3 3121 3200 3201 3122
3231 3 2 1 3 3122 3201 3202 3123
3232 3 2 1 3 3123 3202 3203 3124
3233 3 2 1 3 3124 3203 3204 3125
3234 3 2 1 3 3125 3204 3205 3126
3235 3 2 1 3 3126 3205 3206 3127
3236 3 2 1 3 3127 3206 3207 3128
3237 3 2 1 3 3128 3207 3208 3129
3238 3 2 1 3 3129 3208 3209 3130
3239 3 2 1 3 3130 3209 3210 3131
3240 3 2 1 3 3131 3210 3211 3132
3241 3 2 1 3 3132 3211 3212 3133
3242 3 2 1 3 3133 3212 3213 3134
3243 3 2 1 3 3134 3213 3214 3135
3244 3 2 1 3 3135 3214 3215 3136
3245 3 2 1 3 3136 3215 3216 3137
3246 3 2 1 3 3137 3216 3217 3138
3247 3 2 1 3 3138 3217 3218 3139
3248 3 2 1 3 3139 3218 3219 3140
3249 3 2 1 3 3140 3219 3220 3141
3250 3 2 1 3 3141 3220 3221 3142
3251 3 2 1 3 3142 3221 3222 3143
3252 3 2 1 3 3143 3222 3223 3144
3253 3 2 1 3 3144 3223 3224 3145
3254 3 2 1 3 3145 3224 3225 3146
3255 3 2 1 3 3146 3225 3226 3147
3256 3 2 1 3 3147 3226 3227 3148
3257 3 2 1 3 3148 3227 3228 3149
3258 3 2 1 3 3149 3228 3229 3150
3259 3 2 1 3 3150 3229 3230 3151
3260 3 2 1 3 3151 3230 3231 3152
3261 3 2 1 3 3152 3231 3232 3153
3262 3 2 1 3 3153 3232 3233 3154
3263 3 2 1 3 3154 3233 3234 3155
3264 3 2 1 3 3155 3234 3235 3156
3265 3 2 1 3 3156 3235 3236 3157
3266 3 2 1 3 3157 3236 3237 3158
3267 3 2 1 3 3158 3237 3238 3159
3268 3 2 1 3 3159 3238 3239 3160
3269 3 2 1 3 3160 3239 3240 3161
3270 3 2 1 3 3161 3240 3241 3162
3271 3 2 1 3 3162 3241 3242 3163
3272 3 2 1 3 3163 3242 3243 3164
3273 3 2 1 3 3164 3243 3244 3165
3274 3 2 1 3 3165 3244 3245 3166
3275 3 2 1 3 3166 3245 3246 3167
3276 3 2 1 3 3167 3246 3247 3168
3277 3 2 1 3 3168 3247 3248 3169
3278 3 2 1 3 3169 3248 3249 3170
3279 3 2 1 3 3170 3249 3250 3171
3280 3 2 1 3 3171 3250 233 234
3281 3 2 1 3 290 291 3251 3172
3282 3 2 1 3 3172 3251 3252 3173
3283 3 2 1 3 3173 3252 3253 3174
3284 3 2 1 3 3174 3253 3254 3175
3285 3 2 1 3 3175 3254 3255 3176
3286 3 2 1 3 3176 3255 3256 3177
3287 3 2 1 3 3177 3256 3257 3178
3288 3 2 1 3 3178 3257 3258 3179
3289 3 2 1 3 3179 3258 3259 3180
3290 3 2 1 3 3180 3259 3260 3181
3291 3 2 1 3 3181 3260 3261 3182
3292 3 2 1 3 3182 3261 3262 3183
3293 3 2 1 3 3183 3262 3263 3184
3294 3 2 1 3 3184 3263 3264 3185
3295 3 2 1 3 3185 3264 3265 3186
3296 3 2 1 3 3186 3265 3266 3187
3297 3 2 1 3 3187 3266 3267 3188
3298 3 2 1 3 3188 3267 3268 3189
3299 3 2 1 3 3189 3268 3269 3190
3300 3 2 1 3 3190 3269 3270 3191
3301 3 2 1 3 3191 3270 3271 3192
3302 3 2 1 3 3192 3271 3272 3193
3303 3 2 1 3 3193 3272 3273 3194
3304 3 2 1 3 3194 3273 3274 3195
3305 3 2 1 3 3195 3274 3275 3196
3306 3 2 1 3 3196 3275 3276 3197
3307 3 2 1 3 3197 3276 3277 3198
3308 3 2 1 3 3198 3277 3278 3199
3309 3 2 1 3 3199 3278 3279 3200
3310 3 2 1 3 3200 3279 3280 3201
3311 3 2 1 3 3201 3280 3281 3202
3312 3 2 1 3 3202 3281 3282 3203
3313 3 2 1 3 3203 3282 3283 3204
3314 3 2 1 3 3204 3283 3284 3205
3315 3 2 1 3 3205 3284 3285 3206
3316 3 2 1 3 3206 3285 3286 3207
3317 3 2 1 3 3207 3286 3287 3208
3318 3 2 1 3 3208 3287 3288 3209
3319 3 2 1 3 3209 3288 3289 3210
3320 3 2 1 3 3210 3289 3290 3211
3321 3 2 1 3 3211 3290 3291 3212
3322 3 2 1 3 3212 3291 3292 3213
3323 3 2 1 3 3213 3292 3293 3214
3324 3 2 1 3 3214 3293 3294 3215
3325 3 2 1 3 3215 3294 3295 3216
3326 3 2 1 3 3216 3295 3296 3217
3327 3 2 1 3 3217 3296 3297 3218
3328 3 2 1 3 3218 3297 3298 3219
3329 3 2 1 3 3219 3298 3299 3220
3330 3 2 1 3 3220 3299 3300 3221
3331 3 2 1 3 3221 3300 3301 3222
3332 3 2 1 3 3222 3301 3302 3223
3333 3 2 1 3 3223 3302 3303 3224
3334 3 2 1 3 3224 3303 3304 3225
3335 3 2 1 3 3225 3304 3305 3226
3336 3 2 1 3 3226 3305 3306 3227
3337 3 2 1 3 3227 3306 3307 3228
3338 3 2 1 3 3228 3307 3308 3229
3339 3 2 1 3 3229 3308 3309 3230
3340 3 2 1 3 3230 3309 3310 3231
3341 3 2 1 3 3231 3310 3311 3232
3342 3 2 1 3 3232 3311 3312 3233
3343 3 2 1 3 3233 3312 3313 3234
3344 3 2 1 3 3234 3313 3314 3235
3345 3 2 1 3 3235 3314 3315 3236
3346 3 2 1 3 3236 3315 3316 3237
3347 3 2 1 3 3237 3316 3317 3238
3348 3 2 1 3 3238 3317 3318 3239
3349 3 2 1 3 3239 3318 3319 3240
3350 3 2 1 3 3240 3319 3320 3241
3351 3 2 1 3 3241 3320 3321 3242
3352 3 2 1 3 3242 3321 3322 3243
3353 3 2 1 3 3243 3322 3323 3244
3354 3 2 1 3 3244 3323 3324 3245
3355 3 2 1 3 3245 3324 3325 3246
3356 3 2 1 3 3246 3325 3326 3247
3357 3 2 1 3 3247 3326 3327 3248
3358 3 2 1 3 3248 3327 3328 3249
3359 3 2 1 3 3249 3328 3329 3250
3360 3 2 1 3 3250 3329 232 233
3361 3 2 1 3 291 292 3330 3251
3362 3 2 1 3 3251 3330 3331 3252
3363 3 2 1 3 3252 3331 3332 3253
3364 3 2 1 3 3253 3332 3333 3254
3365 3 2 1 3 3254 3333 3334 3255
3366 3 2 1 3 3255 3334 3335 3256
3367 3 2 1 3 3256 3335 3336 3257
3368 3 2 1 3 3257 3336 3337 3258
3369 3 2 1 3 3258 3337 3338 3259
3370 3 2 1 3 3259 3338 3339 3260
3371 3 2 1 3 3260 3339 3340 3261
3372 3 2 1 3 3261 3340 3341 3262
3373 3 2 1 3 3262 3341 3342 3263
3374 3 2 1 3 3263 3342 3343 3264
3375 3 2 1 3 3264 3343 3344 3265
3376 3 2 1 3 3265 3344 3345 3266
3377 3 2 1 3 3266 3345 3346 3267
3378 3 2 1 3 3267 3346 3347 3268
3379 3 2 1 3 3268 3347 3348 3269
3380 3 2 1 3 3269 3348 3349 3270
3381 3 2 1 3 3270 3349 3350 3271
3382 3 2 1 3 3271 3350 3351 3272
3383 3 2 1 3 3272 3351 3352 3273
3384 3 2 1 3 3273 3352 3353 3274
3385 3 2 1 3 3274 3353 3354 3275
3386 3 2 1 3 3275 3354 3355 3276
3387 3 2 1 3 3276 3355 3356 3277
3388 3 2 1 3 3277 3356 3357 3278
3389 3 2 1 3 3278 3357 3358 3279
3390 3 2 1 3 3279 3358 3359 3280
3391 3 2 1 3 3280 3359 3360 3281
3392 3 2 1 3 3281 3360 3361 3282
3393 3 2 1 3 3282 3361 3362 3283
3394 3 2 1 3 3283 3362 3363 3284
3395 3 2 1 3 3284 3363 3364 3285
3396 3 2 1 3 3285 3364 3365 3286
3397 3 2 1 3 3286 3365 3366 3287
3398 3 2 1 3 3287 3366 3367 3288
3399 3 2 1 3 3288 3367 3368 3289
3400 3 2 1 3 3289 3368 3369 3290
3401 3 2 1 3 3290 3369 3370 3291
3402 3 2 1 3 3291 3370 3371 3292
3403 3 2 1 3 3292 3371 3372 3293
3404 3 2 1 3 3293 3372 3373 3294
3405 3 2 1 3 3294 3373 3374 3295
3406 3 2 1 3 3295 3374 3375 3296
3407 3 2 1 3 3296 3375 3376 3297
3408 3 2 1 3 3297 3376 3377 3298
3409 3 2 1 3 3298 3377 3378 3299
3410 3 2 1 3 3299 3378 3379 3300
3411 3 2 1 3 3300 3379 3380 3301
3412 3 2 1 3 3301 3380 3381 3302
3413 3 2 1 3 3302 3381 3382 3303
3414 3 2 1 3 3303 3382 3383 3304
3415 3 2 1 3 3304 3383 3384 3305
3416 3 2 1 3 3305 3384 3385 3306
3417 3 2 1 3 3306 3385 3386 3307
3418 3 2 1 3 3307 3386 3387 3308
3419 3 2 1 3 3308 3387 3388 3309
3420 3 2 1 3 3309 3388 3389 3310
3421 3 2 1 3 3310 3389 3390 3311
3422 3 2 1 3 3311 3390 3391 3312
3423 3 2 1 3 3312 3391 3392 3313
3424 3 2 1 3 3313 3392 3393 3314
3425 3 2 1 3 3314 3393 3394 3315
3426 3 2 1 3 3315 3394 3395 3316
3427 3 2 1 3 3316 3395 3396 3317
3428 3 2 1 3 3317 3396 3397 3318
3429 3 2 1 3 3318 3397 3398 3319
3430 3 2 1 3 3319 3398 3399 3320
3431 3 2 1 3 3320 3399 3400 3321
3432 3 2 1 3 3321 3400 3401 3322
3433 3 2 1 3 3322 3401 3402 3323
3434 3 2 1 3 3323 3402 3403 3324
3435 3 2 1 3 3324 3403 3404 3325
3436 3 2 1 3 3325 3404 3405 3326
3437 3 2 1 3 3326 3405 3406 3327
3438 3 2 1 3 3327 3406 3407 3328
3439 3 2 1 3 3328 3407 3408 3329
3440 3 2 1 3 3329 3408 231 232
3441 3 2 1 3 292 293 3409 3330
3442 3 2 1 3 3330 3409 3410 3331
3443 3 2 1 3 3331 3410 3411 3332
3444 3 2 1 3 3332 3411 3412 3333
3445 3 2 1 3 3333 3412 3413 3334
3446 3 2 1 3 3334 3413 3414 3335
3447 3 2 1 3 3335 3414 3415 3336
3448 3 2 1 3 3336 3415 3416 3337
3449 3 2 1 3 3337 3416 3417 3338
3450 3 2 1 3 3338 3417 3418 3339
3451 3 2 1 3 3339 3418 3419 3340
3452 3 2 1 3 3340 3419 3420 3341
3453 3 2 1 3 3341 3420 3421 3342
3454 3 2 1 3 3342 3421 3422 3343
3455 3 2 1 3 3343 3422 3423 3344
3456 3 2 1 3 3344 3423 3424 3345
3457 3 2 1 3 3345 3424 3425 3346
3458 3 2 1 3 3346 3425 3426 3347
3459 3 2 1 3 3347 3426 3427 3348
3460 3 2 1 3 3348 3427 3428 3349
3461 3 2 1 3 3349 3428 3429 3350
3462 3 2 1 3 3350 3429 3430 3351
3463 3 2 1 3 3351 3430 3431 3352
3464 3 2 1 3 3352 3431 3432 3353
3465 3 2 1 3 3353 3432 3433 3354
3466 3 2 1 3 3354 3433 3434 3355
3467 3 2 1 3 3355 3434 3435 3356
3468 3 2 1 3 3356 3435 3436 3357
3469 3 2 1 3 3357 3436 3437 3358
3470 3 2 1 3 3358 3437 3438 3359
3471 3 2 1 3 3359 3438 3439 3360
3472 3 2 1 3 3360 3439 3440 3361
3473 3 2 1 3 3361 3440 3441 3362
3474 3 2 1 3 3362 3441 3442 3363
3475 3 2 1 3 3363 3442 3443 3364
3476 3 2 1 3 3364 3443 3444 3365
3477 3 2 1 3 3365 3444 3445 3366
3478 3 2 1 3 3366 3445 3446 3367
3479 3 2 1 3 3367 3446 3447 3368
3480 3 2 1 3 3368 3447 3448 3369
3481 3 2 1 3 3369 3448 3449 3370
3482 3 2 1 3 3370 3449 3450 3371
3483 3 2 1 3 3371 3450 3451 3372
3484 3 2 1 3 3372 3451 3452 3373
3485 3 2 1 3 3373 3452 3453 3374
3486 3 2 1 3 3374 3453 3454 3375
3487 3 2 1 3 3375 3454 3455 3376
3488 3 2 1 3 3376 3455 3456 3377
3489 3 2 1 3 3377 3456 3457 3378
3490 3 2 1 3 3378 3457 3458 3379
3491 3 2 1 3 3379 3458 3459 3380
3492 3 2 1 3 3380 3459 3460 3381
3493 3 2 1 3 3381 3460 3461 3382
3494 3 2 1 3 3382 3461 3462 3383
3495 3 2 1 3 3383 3462 3463 3384
3496 3 2 1 3 3384 3463 3464 3385
3497 3 2 1 3 3385 3464 3465 3386
3498 3 2 1 3 3386 3465 3466 3387
3499 3 2 1 3 3387 3466 3467 3388
3500 3 2 1 3 3388 3467 3468 3389
3501 3 2 1 3 3389 3468 3469 3390
3502 3 2 1 3 3390 3469 3470 3391
3503 3 2 1 3 3391 3470 3471 3392
3504 3 2 1 3 3392 3471 3472 3393
3505 3 2 1 3 3393 3472 3473 3394
3506 3 2 1 3 3394 3473 3474 3395
3507 3 2 1 3 3395 3474 3475 3396
3508 3 2 1 3 3396 3475 3476 3397
3509 3 2 1 3 3397 3476 3477 3398
3510 3 2 1 3 3398 3477 3478 3399
3511 3 2 1 3 3399 3478 3479 3400
3512 3 2 1 3 3400 3479 3480 3401
3513 3 2 1 3 3401 3480 3481 3402
3514 3 2 1 3 3402 3481 3482 3403
3515 3 2 1 3 3403 3482 3483 3404
3516 3 2 1 3 3404 3483 3484 3405
3517 3 2 1 3 3405 3484 3485 3406
3518 3 2 1 3 3406 3485 3486 3407
3519 3 2 1 3 3407 3486 3487 3408
3520 3 2 1 3 3408 3487 230 231
3521 3 2 1 3 293 294 3488 3409
3522 3 2 1 3 3409 3488 3489 3410
3523 3 2 1 3 3410 3489 3490 3411
3524 3 2 1 3 3411 3490 3491 3412
3525 3 2 1 3 3412 3491 3492 3413
3526 3 2 1 3 3413 3492 3493 3414
3527 3 2 1 3 3414 3493 3494 3415
3528 3 2 1 3 3415 3494 3495 3416
3529 3 2 1 3 3416 3495 3496 3417
3530 3 2 1 3 3417 3496 3497 3418
3531 3 2 1 3 3418 3497 3498 3419
3532 3 2 1 3 3419 3498 3499 3420
3533 3 2 1 3 3420 3499 3500 3421
3534 3 2 1 3 3421 3500 3501 3422
3535 3 2 1 3 3422 3501 3502 3423
3536 3 2 1 3 3423 3502 3503 3424
3537 3 2 1 3 3424 3503 3504 3425
3538 3 2 1 3 3425 3504 3505 3426
3539 3 2 1 3 3426 3505 3506 3427
3540 3 2 1 3 3427 3506 3507 3428
3541 3 2 1 3 3428 3507 3508 3429
3542 3 2 1 3 3429 3508 3509 3430
3543 3 2 1 3 3430 3509 3510 3431
3544 3 2 1 3 3431 3510 3511 3432
3545 3 2 1 3 3432 3511 3512 3433
3546 3 2 1 3 3433 3512 3513 3434
3547 3 2 1 3 3434 3513 3514 3435
3548 3 2 1 3 3435 3514 3515 3436
3549 3 2 1 3 3436 3515 3516 3437
3550 3 2 1 3 3437 3516 3517 3438
3551 3 2 1 3 3438 3517 3518 3439
3552 3 2 1 3 3439 3518 3519 3440
3553 3 2 1 3 3440 3519 3520 3441
3554 3 2 1 3 3441 3520 3521 3442
3555 3 2 1 3 3442 3521 3522 3443
3556 3 2 1 3 3443 3522 3523 3444
3557 3 2 1 3 3444 3523 3524 3445
3558 3 2 1 3 3445 3524 3525 3446
3559 3 2 1 3 3446 3525 3526 3447
3560 3 2 1 3 3447 3526 3527 3448
3561 3 2 1 3 3448 3527 3528 3449
3562 3 2 1 3 3449 3528 3529 3450
3563 3 2 1 3 3450 3529 3530 3451
3564 3 2 1 3 3451 3530 3531 3452
3565 3 2 1 3 3452 3531 3532 3453
3566 3 2 1 3 3453 3532 3533 3454
3567 3 2 1 3 3454 3533 3534 3455
3568 3 2 1 3 3455 3534 3535 3456
3569 3 2 1 3 3456 3535 3536 3457
3570 3 2 1 3 3457 3536 3537 3458
3571 3 2 1 3 3458 3537 3538 3459
3572 3 2 1 3 3459 3538 3539 3460
3573 3 2 1 3 3460 3539 3540 3461
3574 3 2 1 3 3461 3540 3541 3462
3575 3 2 1 3 3462 3541 3542 3463
3576 3 2 1 3 3463 3542 3543 3464
3577 3 2 1 3 3464 3543 3544 3465
3578 3 2 1 3 3465 3544 3545 3466
3579 3 2 1 3 3466 3545 3546 3467
3580 3 2 1 3 3467 3546 3547 3468
3581 3 2 1 3 3468 3547 3548 3469
3582 3 2 1 3 3469 3548 3549 3470
3583 3 2 1 3 3470 3549 3550 3471
3584 3 2 1 3 3471 3550 3551 3472
3585 3 2 1 3 3472 3551 3552 3473
3586 3 2 1 3 3473 3552 3553 3474
3587 3 2 1 3 3474 3553 3554 3475
3588 3 2 1 3 3475 3554 3555 3476
3589 3 2 1 3 3476 3555 3556 3477
3590 3 2 1 3 3477 3556 3557 3478
3591 3 2 1 3 3478 3557 3558 3479
3592 3 2 1 3 3479 3558 3559 3480
3593 3 2 1 3 3480 3559 3560 3481
3594 3 2 1 3 3481 3560 3561 3482
3595 3 2 1 3 3482 3561 3562 3483
3596 3 2 1 3 3483 3562 3563 3484
3597 3 2 1 3 3484 3563 3564 3485
3598 3 2 1 3 3485 3564 3565 3486
3599 3 2 1 3 3486 3565 3566 3487
3600 3 2 1 3 3487 3566 229 230
3601 3 2 1 3 294 295 3567 3488
3602 3 2 1 3 3488 3567 3568 3489
3603 3 2 1 3 3489 3568 3569 3490
3604 3 2 1 3 3490 3569 3570 3491
3605 3 2 1 3 3491 3570 3571 3492
3606 3 2 1 3 3492 3571 3572 3493
3607 3 2 1 3 3493 3572 3573 3494
3608 3 2 1 3 3494 3573 3574 3495
3609 3 2 1 3 3495 3574 3575 3496
3610 3 2 1 3 3496 3575 3576 3497
3611 3 2 1 3 3497 3576 3577 3498
3612 3 2 1 3 3498 3577 3578 3499
3613 3 2 1 3 3499 3578 3579 3500
3614 3 2 1 3 3500 3579 3580 3501
3615 3 2 1 3 3501 3580 3581 3502
3616 3 2 1 3 3502 3581 3582 3503
3617 3 2 1 3 3503 3582 3583 3504
3618 3 2 1 3 3504 3583 3584 3505
3619 3 2 1 3 3505 3584 3585 3506
3620 3 2 1 3 3506 3585 3586 3507
3621 3 2 1 3 3507 3586 3587 3508
3622 3 2 1 3 3508 3587 3588 3509
3623 3 2 1 3 3509 3588 3589 3510
3624 3 2 1 3 3510 3589 3590 3511
3625 3 2 1 3 3511 3590 3591 3512
3626 3 2 1 3 3512 3591 3592 3513
3627 3 2 1 3 3513 3592 3593 3514
3628 3 2 1 3 3514 3593 3594 3515
3629 3 2 1 3 3515 3594 3595 3516
3630 3 2 1 3 3516 3595 3596 3517
3631 3 2 1 3 3517 3596 3597 3518
3632 3 2 1 3 3518 3597 3598 3519
3633 3 2 1 3 3519 3598 3599 3520
3634 3 2 1 3 3520 3599 3600 3521
3635 3 2 1 3 3521 3600 3601 3522
3636 3 2 1 3 3522 3601 3602 3523
3637 3 2 1 3 3523 3602 3603 3524
3638 3 2 1 3 3524 3603 3604 3525
3639 3 2 1 3 3525 3604 3605 3526
3640 3 2 1 3 3526 3605 3606 3527
3641 3 2 1 3 3527 3606 3607 3528
3642 3 2 1 3 3528 3607 3608 3529
3643 3 2 1 3 3529 3608 3609 3530
3644 3 2 1 3 3530 3609 3610 3531
3645 3 2 1 3 3531 3610 3611 3532
3646 3 2 1 3 3532 3611 3612 3533
3647 3 2 1 3 3533 3612 3613 3534
3648 3 2 1 3 3534 3613 3614 3535
3649 3 2 1 3 3535 3614 3615 3536
3650 3 2 1 3 3536 3615 3616 3537
3651 3 2 1 3 3537 3616 3617 3538
3652 3 2 1 3 3538 3617 3618 3539
3653 3 2 1 3 3539 3618 3619 3540
3654 3 2 1 3 3540 3619 3620 3541
3655 3 2 1 3 3541 3620 3621 3542
3656 3 2 1 3 3542 3621 3622 3543
3657 3 2 1 3 3543 3622 3623 3544
3658 3 2 1 3 3544 3623 3624 3545
3659 3 2 1 3 3545 3624 3625 3546
3660 3 2 1 3 3546 3625 3626 3547
3661 3 2 1 3 3547 3626 3627 3548
3662 3 2 1 3 3548 3627 3628 3549
3663 3 2 1 3 3549 3628 3629 3550
3664 3 2 1 3 3550 3629 3630 3551
3665 3 2 1 3 3551 3630 3631 3552
3666 3 2 1 3 3552 3631 3632 3553
3667 3 2 1 3 3553 3632 3633 3554
3668 3 2 1 3 3554 3633 3634 3555
3669 3 2 1 3 3555 3634 3635 3556
3670 3 2 1 3 3556 3635 3636 3557
3671 3 2 1 3 3557 3636 3637 3558
3672 3 2 1 3 3558 3637 3638 3559
3673 3 2 1 3 3559 3638 3639 3560
3674 3 2 1 3 3560 3639 3640 3561
3675 3 2 1 3 3561 3640 3641 3562
3676 3 2 1 3 3562 3641 3642 3563
3677 3 2 1 3 3563 3642 3643 3564
3678 3 2 1 3 3564 3643 3644 3565
3679 3 2 1 3 3565 3644 3645 3566
3680 3 2 1 3 3566 3645 228 229
3681 3 2 1 3 295 296 3646 3567
3682 3 2 1 3 3567 3646 3647 3568
3683 3 2 1 3 3568 3647 3648 3569
3684 3 2 1 3 3569 3648 3649 3570
3685 3 2 1 3 3570 3649 3650 3571
3686 3 2 1 3 3571 3650 3651 3572
3687 3 2 1 3 3572 3651 3652 3573
3688 3 2 1 3 3573 3652 3653 3574
3689 3 2 1 3 3574 3653 3654 3575
3690 3 2 1 3 3575 3654 3655 3576
3691 3 2 1 3 3576 3655 3656 3577
3692 3 2 1 3 3577 3656 3657 3578
3693 3 2 1 3 3578 3657 3658 3579
3694 3 2 1 3 3579 3658 3659 3580
3695 3 2 1 3 3580 3659 3660 3581
3696 3 2 1 3 3581 3660 3661 3582
3697 3 2 1 3 3582 3661 3662 3583
3698 3 2 1 3 3583 3662 3663 3584
3699 3 2 1 3 3584 3663 3664 3585
3700 3 2 1 3 3585 3664 3665 3586
3701 3 2 1 3 3586 3665 3666 3587
3702 3 2 1 3 3587 3666 3667 3588
3703 3 2 1 3 3588 3667 3668 3589
3704 3 2 1 3 3589 3668 3669 3590
3705 3 2 1 3 3590 3669 3670 3591
3706 3 2 1 3 3591 3670 3671 3592
3707 3 2 1 3 3592 3671 3672 3593
3708 3 2 1 3 3593 3672 3673 3594
3709 3 2 1 3 3594 3673 3674 3595
3710 3 2 1 3 3595 3674 3675 3596
3711 3 2 1 3 3596 3675 3676 3597
3712 3 2 1 3 3597 3676 3677 3598
3713 3 2 1 3 3598 3677 3678 3599
3714 3 2 1 3 3599 3678 3679 3600
3715 3 2 1 3 3600 3679 3680 3601
3716 3 2 1 3 3601 3680 3681 3602
3717 3 2 1 3 3602 3681 3682 3603
3718 3 2 1 3 3603 3682 3683 3604
3719 3 2 1 3 3604 3683 3684 3605
3720 3 2 1 3 3605 3684 3685 3606
3721 3 2 1 3 3606 3685 3686 3607
3722 3 2 1 3 3607 3686 3687 3608
3723 3 2 1 3 3608 3687 3688 3609
3724 3 2 1 3 3609 3688 3689 3610
3725 3 2 1 3 3610 3689 3690 3611
3726 3 2 1 3 3611 3690 3691 3612
3727 3 2 1 3 3612 3691 3692 3613
3728 3 2 1 3 3613 3692 3693 3614
3729 3 2 1 3 3614 3693 3694 3615
3730 3 2 1 3 3615 3694 3695 3616
3731 3 2 1 3 3616 3695 3696 3617
3732 3 2 1 3 3617 3696 3697 3618
3733 3 2 1 3 3618 3697 3698 3619
3734 3 2 1 3 3619 3698 3699 3620
3735 3 2 1 3 3620 3699 3700 3621
3736 3 2 1 3 3621 3700 3701 3622
3737 3 2 1 3 3622 3701 3702 3623
3738 3 2 1 3 3623 3702 3703 3624
3739 3 2 1 3 3624 3703 3704 3625
3740 3 2 1 3 3625 3704 3705 3626
3741 3 2 1 3 3626 3705 3706 3627
3742 3 2 1 3 3627 3706 3707 3628
3743 3 2 1 3 3628 3707 3708 3629
3744 3 2 1 3 3629 3708 3709 3630
3745 3 2 1 3 3630 3709 3710 3631
3746 3 2 1 3 3631 3710 3711 3632
3747 3 2 1 3 3632 3711 3712 3633
3748 3 2 1 3 3633 3712 3713 3634
3749 3 2 1 3 3634 3713 3714 3635
3750 3 2 1 3 3635 3714 3715 3636
3751 3 2 1 3 3636 3715 3716 3637
3752 3 2 1 3 3637 3716 3717 3638
3753 3 2 1 3 3638 3717 3718 3639
3754 3 2 1 3 3639 3718 3719 3640
3755 3 2 1 3 3640 3719 3720 3641
3756 3 2 1 3 3641 3720 3721 3642
3757 3 2 1 3 3642 3721 3722 3643
3758 3 2 1 3 3643 3722 3723 3644
3759 3 2 1 3 3644 3723 3724 3645
3760 3 2 1 3 3645 3724 227 228
3761 3 2 1 3 296 297 3725 3646
3762 3 2 1 3 3646 3725 3726 3647
3763 3 2 1 3 3647 3726 3727 3648
3764 3 2 1 3 3648 3727 3728 3649
3765 3 2 1 3 3649 3728 3729 3650
3766 3 2 1 3 3650 3729 3730 3651
3767 3 2 1 3 3651 3730 3731 3652
3768 3 2 1 3 3652 3731 3732 3653
3769 3 2 1 3 3653 3732 3733 3654
3770 3 2 1 3 3654 3733 3734 3655
3771 3 2 1 3 3655 3734 3735 3656
3772 3 2 1 3 3656 3735 3736 3657
3773 3 2 1 3 3657 3736 3737 3658
3774 3 2 1 3 3658 3737 3738 3659
3775 3 2 1 3 3659 3738 3739 3660
3776 3 2 1 3 3660 3739 3740 3661
3777 3 2 1 3 3661 3740 3741 3662
3778 3 2 1 3 3662 3741 3742 3663
3779 3 2 1 3 3663 3742 3743 3664
3780 3 2 1 3 3664 3743 3744 3665
3781 3 2 1 3 3665 3744 3745 3666
3782 3 2 1 3 3666 3745 3746 3667
3783 3 2 1 3 3667 3746 3747 3668
3784 3 2 1 3 3668 3747 3748 3669
3785 3 2 1 3 3669 3748 3749 3670
3786 3 2 1 3 3670 3749 3750 3671
3787 3 2 1 3 3671 3750 3751 3672
3788 3 2 1 3 3672 3751 3752 3673
3789 3 2 1 3 3673 3752 3753 3674
3790 3 2 1 3 3674 3753 3754 3675
3791 3 2 1 3 3675 3754 3755 3676
3792 3 2 1 3 3676 3755 3756 3677
3793 3 2 1 3 3677 3756 3757 3678
3794 3 2 1 3 3678 3757 3758 3679
3795 3 2 1 3 3679 3758 3759 3680
3796 3 2 1 3 3680 3759 3760 3681
3797 3 2 1 3 3681 3760 3761 3682
3798 3 2 1 3 3682 3761 3762 3683
3799 3 2 1 3 3683 3762 3763 3684
3800 3 2 1 3 3684 3763 3764 3685
3801 3 2 1 3 3685 3764 3765 3686
3802 3 2 1 3 3686 3765 3766 3687
3803 3 2 1 3 3687 3766 3767 3688
3804 3 2 1 3 3688 3767 3768 3689
3805 3 2 1 3 3689 3768 3769 3690
3806 3 2 1 3 3690 3769 3770 3691
3807 3 2 1 3 3691 3770 3771 3692
3808 3 2 1 3 3692 3771 3772 3693
3809 3 2 1 3 3693 3772 3773 3694
3810 3 2 1 3 3694 3773 3774 3695
3811 3 2 1 3 3695 3774 3775 3696
3812 3 2 1 3 3696 3775 3776 3697
3813 3 2 1 3 3697 3776 3777 3698
3814 3 2 1 3 3698 3777 3778 3699
3815 3 2 1 3 3699 3778 3779 3700
3816 3 2 1 3 3700 3779 3780 3701
3817 3 2 1 3 3701 3780 3781 3702
3818 3 2 1 3 3702 3781 3782 3703
3819 3 2 1 3 3703 3782 3783 3704
3820 3 2 1 3 3704 3783 3784 3705
3821 3 2 1 3 3705 3784 3785 3706
3822 3 2 1 3 3706 3785 3786 3707
3823 3 2 1 3 3707 3786 3787 3708
3824 3 2 1 3 3708 3787 3788 3709
3825 3 2 1 3 3709 3788 3789 3710
3826 3 2 1 3 3710 3789 3790 3711
3827 3 2 1 3 3711 3790 3791 3712
3828 3 2 1 3 3712 3791 3792 3713
3829 3 2 1 3 3713 3792 3793 3714
3830 3 2 1 3 3714 3793 3794 3715
3831 3 2 1 3 3715 3794 3795 3716
3832 3 2 1 3 3716 3795 3796 3717
3833 3 2 1 3 3717 3796 3797 3718
3834 3 2 1 3 3718 3797 3798 3719
3835 3 2 1 3 3719 3798 3799 3720
3836 3 2 1 3 3720 3799 3800 3721
3837 3 2 1 3 3721 3800 3801 3722
3838 3 2 1 3 3722 3801 3802 3723
3839 3 2 1 3 3723 3802 3803 3724
3840 3 2 1 3 3724 3803 226 227
3841 3 2 1 3 297 298 3804 3725
3842 3 2 1 3 3725 3804 3805 3726
3843 3 2 1 3 3726 3805 3806 3727
3844 3 2 1 3 3727 3806 3807 3728
3845 3 2 1 3 3728 3807 3808 3729
3846 3 2 1 3 3729 3808 3809 3730
3847 3 2 1 3 3730 3809 3810 3731
3848 3 2 1 3 3731 3810 3811 3732
3849 3 2 1 3 3732 3811 3812 3733
3850 3 2 1 3 3733 3812 3813 3734
3851 3 2 1 3 3734 3813 3814 3735
3852 3 2 1 3 3735 3814 3815 3736
3853 3 2 1 3 3736 3815 3816 3737
3854 3 2 1 3 3737 3816 3817 3738
3855 3 2 1 3 3738 3817 3818 3739
3856 3 2 1 3 3739 3818 3819 3740
3857 3 2 1 3 3740 3819 3820 3741
3858 3 2 1 3 3741 3820 3821 3742
3859 3 2 1 3 3742 3821 3822 3743
3860 3 2 1 3 3743 3822 3823 3744
3861 3 2 1 3 3744 3823 3824 3745
3862 3 2 1 3 3745 3824 3825 3746
3863 3 2 1 3 3746 3825 3826 3747
3864 3 2 1 3 3747 3826 3827 3748
3865 3 2 1 3 3748 3827 3828 3749
3866 3 2 1 3 3749 3828 3829 3750
3867 3 2 1 3 3750 3829 3830 3751
3868 3 2 1 3 3751 3830 3831 3752
3869 3 2 1 3 3752 3831 3832 3753
3870 3 2 1 3 3753 3832 3833 3754
3871 3 2 1 3 3754 3833 3834 3755
3872 3 2 1 3 3755 3834 3835 3756
3873 3 2 1 3 3756 3835 3836 3757
3874 3 2 1 3 3757 3836 3837 3758
3875 3 2 1 3 3758 3837 3838 3759
3876 3 2 1 3 3759 3838 3839 3760
3877 3 2 1 3 3760 3839 3840 3761
3878 3 2 1 3 3761 3840 3841 3762
3879 3 2 1 3 3762 3841 3842 3763
3880 3 2 1 3 3763 3842 3843 3764
3881 3 2 1 3 3764 3843 3844 3765
3882 3 2 1 3 3765 3844 3845 3766
3883 3 2 1 3 3766 3845 3846 3767
3884 3 2 1 3 3767 3846 3847 3768
3885 3 2 1 3 3768 3847 3848 3769
3886 3 2 1 3 3769 3848 3849 3770
3887 3 2 1 3 3770 3849 3850 3771
3888 3 2 1 3 3771 3850 3851 3772
3889 3 2 1 3 3772 3851 3852 3773
3890 3 2 1 3 3773 3852 3853 3774
3891 3 2 1 3 3774 3853 3854 3775
3892 3 2 1 3 3775 3854 3855 3776
3893 3 2 1 3 3776 3855 3856 3777
3894 3 2 1 3 3777 3856 3857 3778
3895 3 2 1 3 3778 3857 3858 3779
3896 3 2 1 3 3779 3858 3859 3780
3897 3 2 1 3 3780 3859 3860 3781
3898 3 2 1 3 3781 3860 3861 3782
3899 3 2 1 3 3782 3861 3862 3783
3900 3 2 1 3 3783 3862 3863 3784
3901 3 2 1 3 3784 3863 3864 3785
3902 3 2 1 3 3785 3864 3865 3786
3903 3 2 1 3 3786 3865 3866 3787
3904 3 2 1 3 3787 3866 3867 3788
3905 3 2 1 3 3788 3867 3868 3789
3906 3 2 1 3 3789 3868 3869 3790
3907 3 2 1 3 3790 3869 3870 3791
3908 3 2 1 3 3791 3870 3871 3792
3909 3 2 1 3 3792 3871 3872 3793
3910 3 2 1 3 3793 3872 3873 3794
3911 3 2 1 3 3794 3873 3874 3795
3912 3 2 1 3 3795 3874 3875 3796
3913 3 2 1 3 3796 3875 3876 3797
3914 3 2 1 3 3797 3876 3877 3798
3915 3 2 1 3 3798 3877 3878 3799
3916 3 2 1 3 3799 3878 3879 3800
3917 3 2 1 3 3800 3879 3880 3801
3918 3 2 1 3 3801 3880 3881 3802
3919 3 2 1 3 3802 3881 3882 3803
3920 3 2 1 3 3803 3882 225 226
3921 3 2 1 3 298 299 3883 3804
3922 3 2 1 3 3804 3883 3884 3805
3923 3 2 1 3 3805 3884 3885 3806
3924 3 2 1 3 3806 3885 3886 3807
3925 3 2 1 3 3807 3886 3887 3808
3926 3 2 1 3 3808 3887 3888 3809
3927 3 2 1 3 3809 3888 3889 3810
3928 3 2 1 3 3810 3889 3890 3811
3929 3 2 1 3 3811 3890 3891 3812
3930 3 2 1 3 3812 3891 3892 3813
3931 3 2 1 3 3813 3892 3893 3814
3932 3 2 1 3 3814 3893 3894 3815
3933 3 2 1 3 3815 3894 3895 3816
3934 3 2 1 3 3816 3895 3896 3817
3935 3 2 1 3 3817 3896 3897 3818
3936 3 2 1 3 3818 3897 3898 3819
3937 3 2 1 3 3819 3898 3899 3820
3938 3 2 1 3 3820 3899 3900 3821
3939 3 2 1 3 3821 3900 3901 3822
3940 3 2 1 3 3822 3901 3902 3823
3941 3 2 1 3 3823 3902 3903 3824
3942 3 2 1 3 3824 3903 3904 3825
3943 3 2 1 3 3825 3904 3905 3826
3944 3 2 1 3 3826 3905 3906 3827
3945 3 2 1 3 3827 3906 3907 3828
3946 3 2 1 3 3828 3907 3908 3829
3947 3 2 1 3 3829 3908 3909 3830
3948 3 2 1 3 3830 3909 3910 3831
3949 3 2 1 3 3831 3910 3911 3832
3950 3 2 1 3 3832 3911 3912 3833
3951 3 2 1 3 3833 3912 3913 3834
3952 3 2 1 3 3834 3913 3914 3835
3953 3 2 1 3 3835 3914 3915 3836
3954 3 2 1 3 3836 3915 3916 3837
3955 3 2 1 3 3837 3916 3917 3838
3956 3 2 1 3 3838 3917 3918 3839
3957 3 2 1 3 3839 3918 3919 3840
3958 3 2 1 3 3840 3919 3920 3841
3959 3 2 1 3 3841 3920 3921 3842
3960 3 2 1 3 3842 3921 3922 3843
3961 3 2 1 3 3843 3922 3923 3844
3962 3 2 1 3 3844 3923 3924 3845
3963 3 2 1 3 3845 3924 3925 3846
3964 3 2 1 3 3846 3925 3926 3847
3965 3 2 1 3 3847 3926 3927 3848
3966 3 2 1 3 3848 3927 3928 3849
3967 3 2 1 3 3849 3928 3929 3850
3968 3 2 1 3 3850 3929 3930 3851
3969 3 2 1 3 3851 3930 3931 3852
3970 3 2 1 3 3852 3931 3932 3853
3971 3 2 1 3 3853 3932 3933 3854
3972 3 2 1 3 3854 3933 3934 3855
3973 3 2 1 3 3855 3934 3935 3856
3974 3 2 1 3 3856 3935 3936 3857
3975 3 2 1 3 3857 3936 3937 3858
3976 3 2 1 3 3858 3937 3938 3859
3977 3 2 1 3 3859 3938 3939 3860
3978 3 2 1 3 3860 3939 3940 3861
3979 3 2 1 3 3861 3940 3941 3862
3980 3 2 1 3 3862 3941 3942 3863
3981 3 2 1 3 3863 3942 3943 3864
3982 3 2 1 3 3864 3943 3944 3865
3983 3 2 1 3 3865 3944 3945 3866
3984 3 2 1 3 3866 3945 3946 3867
3985 3 2 1 3 3867 3946 3947 3868
3986 3 2 1 3 3868 3947 3948 3869
3987 3 2 1 3 3869 3948 3949 3870
3988 3 2 1 3 3870 3949 3950 3871
3989 3 2 1 3 3871 3950 3951 3872
3990 3 2 1 3 3872 3951 3952 3873
3991 3 2 1 3 3873 3952 3953 3874
3992 3 2 1 3 3874 3953 3954 3875
3993 3 2 1 3 3875 3954 3955 3876
3994 3 2 1 3 3876 3955 3956 3877
3995 3 2 1 3 3877 3956 3957 3878
3996 3 2 1 3 3878 3957 3958 3879
3997 3 2 1 3 3879 3958 3959 3880
3998 3 2 1 3 3880 3959 3960 3881
3999 3 2 1 3 3881 3960 3961 3882
4000 3 2 1 3 3882 3961 224 225
4001 3 2 1 3 299 300 3962 3883
4002 3 2 1 3 3883 3962 3963 3884
4003 3 2 1 3 3884 3963 3964 3885
4004 3 2 1 3 3885 3964 3965 3886
4005 3 2 1 3 3886 3965 3966 3887
4006 3 2 1 3 3887 3966 3967 3888
4007 3 2 1 3 3888 3967 3968 3889
4008 3 2 1 3 3889 3968 3969 3890
4009 3 2 1 3 3890 3969 3970 3891
4010 3 2 1 3 3891 3970 3971 3892
4011 3 2 1 3 3892 3971 3972 3893
4012 3 2 1 3 3893 3972 3973 3894
4013 3 2 1 3 3894 3973 3974 3895
4014 3 2 1 3 3895 3974 3975 3896
4015 3 2 1 3 3896 3975 3976 3897
4016 3 2 1 3 3897 3976 3977 3898
4017 3 2 1 3 3898 3977 3978 3899
4018 3 2 1 3 3899 3978 3979 3900
4019 3 2 1 3 3900 3979 3980 3901
4020 3 2 1 3 3901 3980 3981 3902
4021 3 2 1 3 3902 3981 3982 3903
4022 3 2 1 3 3903 3982 3983 3904
4023 3 2 1 3 3904 3983 3984 3905
4024 3 2 1 3 3905 3984 3985 3906
4025 3 2 1 3 3906 3985 3986 3907
4026 3 2 1 3 3907 3986 3987 3908
4027 3 2 1 3 3908 3987 3988 3909
4028 3 2 1 3 3909 3988 3989 3910
4029 3 2 1 3 3910 3989 3990 3911
4030 3 2 1 3 3911 3990 3991 3912
4031 3 2 1 3 3912 3991 3992 3913
4032 3 2 1 3 3913 3992 3993 3914
4033 3 2 1 3 3914 3993 3994 3915
4034 3 2 1 3 3915 3994 3995 3916
4035 3 2 1 3 3916 3995 3996 3917
4036 3 2 1 3 3917 3996 3997 3918
4037 3 2 1 3 3918 3997 3998 3919
4038 3 2 1 3 3919 3998 3999 3920
4039 3 2 1 3 3920 3999 4000 3921
4040 3 2 1 3 3921 4000 4001 3922
4041 3 2 1 3 3922 4001 4002 3923
4042 3 2 1 3 3923 4002 4003 3924
4043 3 2 1 3 3924 4003 4004 3925
4044 3 2 1 3 3925 4004 4005 3926
4045 3 2 1 3 3926 4005 4006 3927
4046 3 2 1 3 3927 4006 4007 3928
4047 3 2 1 3 3928 4007 4008 3929
4048 3 2 1 3 3929 4008 4009 3930
4049 3 2 1 3 3930 4009 4010 3931
4050 3 2 1 3 3931 4010 4011 3932
4051 3 2 1 3 3932 4011 4012 3933
4052 3 2 1 3 3933 4012 4013 3934
4053 3 2 1 3 3934 4013 4014 3935
4054 3 2 1 3 3935 4014 4015 3936
4055 3 2 1 3 3936 4015 4016 3937
4056 3 2 1 3 3937 4016 4017 3938
4057 3 2 1 3 3938 4017 4018 3939
4058 3 2 1 3 3939 4018 4019 3940
4059 3 2 1 3 3940 4019 4020 3941
4060 3 2 1 3 3941 4020 4021 3942
4061 3 2 1 3 3942 4021 4022 3943
4062 3 2 1 3 3943 4022 4023 3944
4063 3 2 1 3 3944 4023 4024 3945
4064 3 2 1 3 3945 4024 4025 3946
4065 3 2 1 3 3946 4025 4026 3947
4066 3 2 1 3 3947 4026 4027 3948
4067 3 2 1 3 3948 4027 4028 3949
4068 3 2 1 3 3949 4028 4029 3950
4069 3 2 1 3 3950 4029 4030 3951
4070 3 2 1 3 3951 4030 4031 3952
4071 3 2 1 3 3952 4031 4032 3953
4072 3 2 1 3 3953 4032 4033 3954
4073 3 2 1 3 3954 4033 4034 3955
4074 3 2 1 3 3955 4034 4035 3956
4075 3 2 1 3 3956 4035 4036 3957
4076 3 2 1 3 3957 4036 4037 3958
4077 3 2 1 3 3958 4037 4038 3959
4078 3 2 1 3 3959 4038 4039 3960
4079 3 2 1 3 3960 4039 4040 3961
4080 3 2 1 3 3961 4040 223 224
4081 3 2 1 3 300 301 4041 3962
4082 3 2 1 3 3962 4041 4042 3963
4083 3 2 1 3 3963 4042 4043 3964
4084 3 2 1 3 3964 4043 4044 3965
4085 3 2 1 3 3965 4044 4045 3966
4086 3 2 1 3 3966 4045 4046 3967
4087 3 2 1 3 3967 4046 4047 3968
4088 3 2 1 3 3968 4047 4048 3969
4089 3 2 1 3 3969 4048 4049 3970
4090 3 2 1 3 3970 4049 4050 3971
4091 3 2 1 3 3971 4050 4051 3972
4092 3 2 1 3 3972 4051 4052 3973
4093 3 2 1 3 3973 4052 4053 3974
4094 3 2 1 3 3974 4053 4054 3975
4095 3 2 1 3 3975 4054 4055 3976
4096 3 2 1 3 3976 4055 4056 3977
4097 3 2 1 3 3977 4056 4057 3978
4098 3 2 1 3 3978 4057 4058 3979
4099 3 2 1 3 3979 4058 4059 3980
4100 3 2 1 3 3980 4059 4060 3981
4101 3 2 1 3 3981 4060 4061 3982
4102 3 2 1 3 3982 4061 4062 3983
4103 3 2 1 3 3983 4062 4063 3984
4104 3 2 1 3 3984 4063 4064 3985
4105 3 2 1 3 3985 4064 4065 3986
4106 3 2 1 3 3986 4065 4066 3987
4107 3 2 1 3 3987 4066 4067 3988
4108 3 2 1 3 3988 4067 4068 3989
4109 3 2 1 3 3989 4068 4069 3990
4110 3 2 1 3 3990 4069 4070 3991
4111 3 2 1 3 3991 4070 4071 3992
4112 3 2 1 3 3992 4071 4072 3993
4113 3 2 1 3 3993 4072 4073 3994
4114 3 2 1 3 3994 4073 4074 3995
4115 3 2 1 3 3995 4074 4075 3996
4116 3 2 1 3 3996 4075 4076 3997
4117 3 2 1 3 3997 4076 4077 3998
4118 3 2 1 3 3998 4077 4078 3999
4119 3 2 1 3 3999 4078 4079 4000
4120 3 2 1 3 4000 4079 4080 4001
4121 3 2 1 3 4001 4080 4081 4002
4122 3 2 1 3 4002 4081 4082 4003
4123 3 2 1 3 4003 4082 4083 4004
4124 3 2 1 3 4004 4083 4084 4005
4125 3 2 1 3 4005 4084 4085 4006
4126 3 2 1 3 4006 4085 4086 4007
4127 3 2 1 3 4007 4086 4087 4008
4128 3 2 1 3 4008 4087 4088 4009
4129 3 2 1 3 4009 4088 4089 4010
4130 3 2 1 3 4010 4089 4090 4011
4131 3 2 1 3 4011 4090 4091 4012
4132 3 2 1 3 4012 4091 4092 4013
4133 3 2 1 3 4013 4092 4093 4014
4134 3 2 1 3 4014 4093 4094 4015
4135 3 2 1 3 4015 4094 4095 4016
4136 3 2 1 3 4016 4095 4096 4017
4137 3 2 1 3 4017 4096 4097 4018
4138 3 2 1 3 4018 4097 4098 4019
4139 3 2 1 3 4019 4098 4099 4020
4140 3 2 1 3 4020 4099 4100 4021
4141 3 2 1 3 4021 4100 4101 4022
4142 3 2 1 3 4022 4101 4102 4023
4143 3 2 1 3 4023 4102 4103 4024
4144 3 2 1 3 4024 4103 4104 4025
4145 3 2 1 3 4025 4104 4105 4026
4146 3 2 1 3 4026 4105 4106 4027
4147 3 2 1 3 4027 4106 4107 4028
4148 3 2 1 3 4028 4107 4108 4029
4149 3 2 1 3 4029 4108 4109 4030
4150 3 2 1 3 4030 4109 4110 4031
4151 3 2 1 3 4031 4110 4111 4032
4152 3 2 1 3 4032 4111 4112 4033
4153 3 2 1 3 4033 4112 4113 4034
4154 3 2 1 3 4034 4113 4114 4035
4155 3 2 1 3 4035 4114 4115 4036
4156 3 2 1 3 4036 4115 4116 4037
4157 3 2 1 3 4037 4116 4117 4038
4158 3 2 1 3 4038 4117 4118 4039
4159 3 2 1 3 4039 4118 4119 4040
4160 3 2 1 3 4040 4119 222 223
4161 3 2 1 3 301 302 4120 4041
4162 3 2 1 3 4041 4120 4121 4042
4163 3 2 1 3 4042 4121 4122 4043
4164 3 2 1 3 4043 4122 4123 4044
4165 3 2 1 3 4044 4123 4124 4045
4166 3 2 1 3 4045 4124 4125 4046
4167 3 2 1 3 4046 4125 4126 4047
4168 3 2 1 3 4047 4126 4127 4048
4169 3 2 1 3 4048 4127 4128 4049
4170 3 2 1 3 4049 4128 4129 4050
4171 3 2 1 3 4050 4129 4130 4051
4172 3 2 1 3 4051 4130 4131 4052
4173 3 2 1 3 4052 4131 4132 4053
4174 3 2 1 3 4053 4132 4133 4054
4175 3 2 1 3 4054 4133 4134 4055
4176 3 2 1 3 4055 4134 4135 4056
4177 3 2 1 3 4056 4135 4136 4057
4178 3 2 1 3 4057 4136 4137 4058
4179 3 2 1 3 4058 4137 4138 4059
4180 3 2 1 3 4059 4138 4139 4060
4181 3 2 1 3 4060 4139 4140 4061
4182 3 2 1 3 4061 4140 4141 4062
4183 3 2 1 3 4062 4141 4142 4063
4184 3 2 1 3 4063 4142 4143 4064
4185 3 2 1 3 4064 4143 4144 4065
4186 3 2 1 3 4065 4144 4145 4066
4187 3 2 1 3 4066 4145 4146 4067
4188 3 2 1 3 4067 4146 4147 4068
4189 3 2 1 3 4068 4147 4148 4069
4190 3 2 1 3 4069 4148 4149 4070
4191 3 2 1 3 4070 4149 4150 4071
4192 3 2 1 3 4071 4150 4151 4072
4193 3 2 1 3 4072 4151 4152 4073
4194 3 2 1 3 4073 4152 4153 4074
4195 3 2 1 3 4074 4153 4154 4075
4196 3 2 1 3 4075 4154 4155 4076
4197 3 2 1 3 4076 4155 4156 4077
4198 3 2 1 3 4077 4156 4157 4078
4199 3 2 1 3 4078 4157 4158 4079
4200 3 2 1 3 4079 4158 4159 4080
4201 3 2 1 3 4080 4159 4160 4081
4202 3 2 1 3 4081 4160 4161 4082
4203 3 2 1 3 4082 4161 4162 4083
4204 3 2 1 3 4083 4162 4163 4084
4205 3 2 1 3 4084 4163 4164 4085
4206 3 2 1 3 4085 4164 4165 4086
4207 3 2 1 3 4086 4165 4166 4087
4208 3 2 1 3 4087 4166 4167 4088
4209 3 2 1 3 4088 4167 4168 4089
4210 3 2 1 3 4089 4168 4169 4090
4211 3 2 1 3 4090 4169 4170 4091
4212 3 2 1 3 4091 4170 4171 4092
4213 3 2 1 3 4092 4171 4172 4093
4214 3 2 1 3 4093 4172 4173 4094
4215 3 2 1 3 4094 4173 4174 4095
4216 3 2 1 3 4095 4174 4175 4096
4217 3 2 1 3 4096 4175 4176 4097
4218 3 2 1 3 4097 4176 4177 4098
4219 3 2 1 3 4098 4177 4178 4099
4220 3 2 1 3 4099 4178 4179 4100
4221 3 2 1 3 4100 4179 4180 4101
4222 3 2 1 3 4101 4180 4181 4102
4223 3 2 1 3 4102 4181 4182 4103
4224 3 2 1 3 4103 4182 4183 4104
4225 3 2 1 3 4104 4183 4184 4105
4226 3 2 1 3 4105 4184 4185 4106
4227 3 2 1 3 4106 4185 4186 4107
4228 3 2 1 3 4107 4186 4187 4108
4229 3 2 1 3 4108 4187 4188 4109
4230 3 2 1 3 4109 4188 4189 4110
4231 3 2 1 3 4110 4189 4190 4111
4232 3 2 1 3 4111 4190 4191 4112
4233 3 2 1 3 4112 4191 4192 4113
4234 3 2 1 3 4113 4192 4193 4114
4235 3 2 1 3 4114 4193 4194 4115
4236 3 2 1 3 4115 4194 4195 4116
4237 3 2 1 3 4116 4195 4196 4117
4238 3 2 1 3 4117 4196 4197 4118
4239 3 2 1 3 4118 4197 4198 4119
4240 3 2 1 3 4119 4198 221 222
4241 3 2 1 3 302 303 4199 4120
4242 3 2 1 3 4120 4199 4200 4121
4243 3 2 1 3 4121 4200 4201 4122
4244 3 2 1 3 4122 4201 4202 4123
4245 3 2 1 3 4123 4202 4203 4124
4246 3 2 1 3 4124 4203 4204 4125
4247 3 2 1 3 4125 4204 4205 4126
4248 3 2 1 3 4126 4205 4206 4127
4249 3 2 1 3 4127 4206 4207 4128
4250 3 2 1 3 4128 4207 4208 4129
4251 3 2 1 3 4129 4208 4209 4130
4252 3 2 1 3 4130 4209 4210 4131
4253 3 2 1 3 4131 4210 4211 4132
4254 3 2 1 3 4132 4211 4212 4133
4255 3 2 1 3 4133 4212 4213 4134
4256 3 2 1 3 4134 4213 4214 4135
4257 3 2 1 3 4135 4214 4215 4136
4258 3 2 1 3 4136 4215 4216 4137
4259 3 2 1 3 4137 4216 4217 4138
4260 3 2 1 3 4138 4217 4218 4139
4261 3 2 1 3 4139 4218 4219 4140
4262 3 2 1 3 4140 4219 4220 4141
4263 3 2 1 3 4141 4220 4221 4142
4264 3 2 1 3 4142 4221 4222 4143
4265 3 2 1 3 4143 4222 4223 4144
4266 3 2 1 3 4144 4223 4224 4145
4267 3 2 1 3 4145 4224 4225 4146
4268 3 2 1 3 4146 4225 4226 4147
4269 3 2 1 3 4147 4226 4227 4148
4270 3 2 1 3 4148 4227 4228 4149
4271 3 2 1 3 4149 4228 4229 4150
4272 3 2 1 3 4150 4229 4230 4151
4273 3 2 1 3 4151 4230 4231 4152
4274 3 2 1 3 4152 4231 4232 4153
4275 3 2 1 3 4153 4232 4233 4154
4276 3 2 1 3 4154 4233 4234 4155
4277 3 2 1 3 4155 4234 4235 4156
4278 3 2 1 3 4156 4235 4236 4157
4279 3 2 1 3 4157 4236 4237 4158
4280 3 2 1 3 4158 4237 4238 4159
4281 3 2 1 3 4159 4238 4239 4160
4282 3 2 1 3 4160 4239 4240 4161
4283 3 2 1 3 4161 4240 4241 4162
4284 3 2 1 3 4162 4241 4242 4163
4285 3 2 1 3 4163 4242 4243 4164
4286 3 2 1 3 4164 4243 4244 4165
4287 3 2 1 3 4165 4244 4245 4166
4288 3 2 1 3 4166 4245 4246 4167
4289 3 2 1 3 4167 4246 4247 4168
4290 3 2 1 3 4168 4247 4248 4169
4291 3 2 1 3 4169 4248 4249 4170
4292 3 2 1 3 4170 4249 4250 4171
4293 3 2 1 3 4171 4250 4251 4172
4294 3 2 1 3 4172 4251 4252 4173
4295 3 2 1 3 4173 4252 4253 4174
4296 3 2 1 3 4174 4253 4254 4175
4297 3 2 1 3 4175 4254 4255 4176
4298 3 2 1 3 4176 4255 4256 4177
4299 3 2 1 3 4177 4256 4257 4178
4300 3 2 1 3 4178 4257 4258 4179
4301 3 2 1 3 4179 4258 4259 4180
4302 3 2 1 3 4180 4259 4260 4181
4303 3 2 1 3 4181 4260 4261 4182
4304 3 2 1 3 4182 4261 4262 4183
4305 3 2 1 3 4183 4262 4263 4184
4306 3 2 1 3 4184 4263 4264 4185
4307 3 2 1 3 4185 4264 4265 4186
4308 3 2 1 3 4186 4265 4266 4187
4309 3 2 1 3 4187 4266 4267 4188
4310 3 2 1 3 4188 4267 4268 4189
4311 3 2 1 3 4189 4268 4269 4190
4312 3 2 1 3 4190 4269 4270 4191
4313 3 2 1 3 4191 4270 4271 4192
4314 3 2 1 3 4192 4271 4272 4193
4315 3 2 1 3 4193 4272 4273 4194
4316 3 2 1 3 4194 4273 4274 4195
4317 3 2 1 3 4195 4274 4275 4196
4318 3 2 1 3 4196 4275 4276 4197
4319 3 2 1 3 4197 4276 4277 4198
4320 3 2 1 3 4198 4277 220 221
4321 3 2 1 3 303 304 4278 4199
4322 3 2 1 3 4199 4278 4279 4200
4323 3 2 1 3 4200 4279 4280 4201
4324 3 2 1 3 4201 4280 4281 4202
4325 3 2 1 3 4202 4281 4282 4203
4326 3 2 1 3 4203 4282 4283 4204
4327 3 2 1 3 4204 4283 4284 4205
4328 3 2 1 3 4205 4284 4285 4206
4329 3 2 1 3 4206 4285 4286 4207
4330 3 2 1 3 4207 4286 4287 4208
4331 3 2 1 3 4208 4287 4288 4209
4332 3 2 1 3 4209 4288 4289 4210
4333 3 2 1 3 4210 4289 4290 4211
4334 3 2 1 3 4211 4290 4291 4212
4335 3 2 1 3 4212 4291 4292 4213
4336 3 2 1 3 4213 4292 4293 4214
4337 3 2 1 3 4214 4293 4294 4215
4338 3 2 1 3 4215 4294 4295 4216
4339 3 2 1 3 4216 4295 4296 4217
4340 3 2 1 3 4217 4296 4297 4218
4341 3 2 1 3 4218 4297 4298 4219
4342 3 2 1 3 4219 4298 4299 4220
4343 3 2 1 3 4220 4299 4300 4221
4344 3 2 1 3 4221 4300 4301 4222
4345 3 2 1 3 4222 4301 4302 4223
4346 3 2 1 3 4223 4302 4303 4224
4347 3 2 1 3 4224 4303 4304 4225
4348 3 2 1 3 4225 4304 4305 4226
4349 3 2 1 3 4226 4305 4306 4227
4350 3 2 1 3 4227 4306 4307 4228
4351 3 2 1 3 4228 4307 4308 4229
4352 3 2 1 3 4229 4308 4309 4230
4353 3 2 1 3 4230 4309 4310 4231
4354 3 2 1 3 4231 4310 4311 4232
4355 3 2 1 3 4232 4311 4312 4233
4356 3 2 1 3 4233 4312 4313 4234
4357 3 2 1 3 4234 4313 4314 4235
4358 3 2 1 3 4235 4314 4315 4236
4359 3 2 1 3 4236 4315 4316 4237
4360 3 2 1 3 4237 4316 4317 4238
4361 3 2 1 3 4238 4317 4318 4239
4362 3 2 1 3 4239 4318 4319 4240
4363 3 2 1 3 4240 4319 4320 4241
4364 3 2 1 3 4241 4320 4321 4242
4365 3 2 1 3 4242 4321 4322 4243
4366 3 2 1 3 4243 4322 4323 4244
4367 3 2 1 3 4244 4323 4324 4245
4368 3 2 1 3 4245 4324 4325 4246
4369 3 2 1 3 4246 4325 4326 4247
4370 3 2 1 3 4247 4326 4327 4248
4371 3 2 1 3 4248 4327 4328 4249
4372 3 2 1 3 4249 4328 4329 4250
4373 3 2 1 3 4250 4329 4330 4251
4374 3 2 1 3 4251 4330 4331 4252
4375 3 2 1 3 4252 4331 4332 4253
4376 3 2 1 3 4253 4332 4333 4254
4377 3 2 1 3 4254 4333 4334 4255
4378 3 2 1 3 4255 4334 4335 4256
4379 3 2 1 3 4256 4335 4336 4257
4380 3 2 1 3 4257 4336 4337 4258
4381 3 2 1 3 4258 4337 4338 4259
4382 3 2 1 3 4259 4338 4339 4260
4383 3 2 1 3 4260 4339 4340 4261
4384 3 2 1 3 4261 4340 4341 4262
4385 3 2 1 3 4262 4341 4342 4263
4386 3 2 1 3 4263 4342 4343 4264
4387 3 2 1 3 4264 4343 4344 4265
4388 3 2 1 3 4265 4344 4345 4266
4389 3 2 1 3 4266 4345 4346 4267
4390 3 2 1 3 4267 4346 4347 4268
4391 3 2 1 3 4268 4347 4348 4269
4392 3 2 1 3 4269 4348 4349 4270
4393 3 2 1 3 4270 4349 4350 4271
4394 3 2 1 3 4271 4350 4351 4272
4395 3 2 1 3 4272 4351 4352 4273
4396 3 2 1 3 4273 4352 4353 4274
4397 3 2 1 3 4274 4353 4354 4275
4398 3 2 1 3 4275 4354 4355 4276
4399 3 2 1 3 4276 4355 4356 4277
4400 3 2 1 3 4277 4356 219 220
4401 3 2 1 3 304 305 4357 4278
4402 3 2 1 3 4278 4357 4358 4279
4403 3 2 1 3 4279 4358 4359 4280
4404 3 2 1 3 4280 4359 4360 4281
4405 3 2 1 3 4281 4360 4361 4282
4406 3 2 1 3 4282 4361 4362 4283
4407 3 2 1 3 4283 4362 4363 4284
4408 3 2 1 3 4284 4363 4364 4285
4409 3 2 1 3 4285 4364 4365 4286
4410 3 2 1 3 4286 4365 4366 4287
4411 3 2 1 3 4287 4366 4367 4288
4412 3 2 1 3 4288 4367 4368 4289
4413 3 2 1 3 4289 4368 4369 4290
4414 3 2 1 3 4290 4369 4370 4291
4415 3 2 1 3 4291 4370 4371 4292
4416 3 2 1 3 4292 4371 4372 4293
4417 3 2 1 3 4293 4372 4373 4294
4418 3 2 1 3 4294 4373 4374 4295
4419 3 2 1 3 4295 4374 4375 4296
4420 3 2 1 3 4296 4375 4376 4297
4421 3 2 1 3 4297 4376 4377 4298
4422 3 2 1 3 4298 4377 4378 4299
4423 3 2 1 3 4299 4378 4379 4300
4424 3 2 1 3 4300 4379 4380 4301
4425 3 2 1 3 4301 4380 4381 4302
4426 3 2 1 3 4302 4381 4382 4303
4427 3 2 1 3 4303 4382 4383 4304
4428 3 2 1 3 4304 4383 4384 4305
4429 3 2 1 3 4305 4384 4385 4306
4430 3 2 1 3 4306 4385 4386 4307
4431 3 2 1 3 4307 4386 4387 4308
4432 3 2 1 3 4308 4387 4388 4309
4433 3 2 1 3 4309 4388 4389 4310
4434 3 2 1 3 4310 4389 4390 4311
4435 3 2 1 3 4311 4390 4391 4312
4436 3 2 1 3 4312 4391 4392 4313
4437 3 2 1 3 4313 4392 4393 4314
4438 3 2 1 3 4314 4393 4394 4315
4439 3 2 1 3 4315 4394 4395 4316
4440 3 2 1 3 4316 4395 4396 4317
4441 3 2 1 3 4317 4396 4397 4318
4442 3 2 1 3 4318 4397 4398 4319
4443 3 2 1 3 4319 4398 4399 4320
4444 3 2 1 3 4320 4399 4400 4321
4445 3 2 1 3 4321 4400 4401 4322
4446 3 2 1 3 4322 4401 4402 4323
4447 3 2 1 3 4323 4402 4403 4324
4448 3 2 1 3 4324 4403 4404 4325
4449 3 2 1 3 4325 4404 4405 4326
4450 3 2 1 3 4326 4405 4406 4327
4451 3 2 1 3 4327 4406 4407 4328
4452 3 2 1 3 4328 4407 4408 4329
4453 3 2 1 3 4329 4408 4409 4330
4454 3 2 1 3 4330 4409 4410 4331
4455 3 2 1 3 4331 4410 4411 4332
4456 3 2 1 3 4332 4411 4412 4333
4457 3 2 1 3 4333 4412 4413 4334
4458 3 2 1 3 4334 4413 4414 4335
4459 3 2 1 3 4335 4414 4415 4336
4460 3 2 1 3 4336 4415 4416 4337
4461 3 2 1 3 4337 4416 4417 4338
4462 3 2 1 3 4338 4417 4418 4339
4463 3 2 1 3 4339 4418 4419 4340
4464 3 2 1 3 4340 4419 4420 4341
4465 3 2 1 3 4341 4420 4421 4342
4466 3 2 1 3 4342 4421 4422 4343
4467 3 2 1 3 4343 4422 4423 4344
4468 3 2 1 3 4344 4423 4424 4345
4469 3 2 1 3 4345 4424 4425 4346
4470 3 2 1 3 4346 4425 4426 4347
4471 3 2 1 3 4347 4426 4427 4348
4472 3 2 1 3 4348 4427 4428 4349
4473 3 2 1 3 4349 4428 4429 4350
4474 3 2 1 3 4350 4429 4430 4351
4475 3 2 1 3 4351 4430 4431 4352
4476 3 2 1 3 4352 4431 4432 4353
4477 3 2 1 3 4353 4432 4433 4354
4478 3 2 1 3 4354 4433 4434 4355
4479 3 2 1 3 4355 4434 4435 4356
4480 3 2 1 3 4356 4435 218 219
4481 3 2 1 3 305 306 4436 4357
4482 3 2 1 3 4357 4436 4437 4358
4483 3 2 1 3 4358 4437 4438 4359
4484 3 2 1 3 4359 4438 4439 4360
4485 3 2 1 3 4360 4439 4440 4361
4486 3 2 1 3 4361 4440 4441 4362
4487 3 2 1 3 4362 4441 4442 4363
4488 3 2 1 3 4363 4442 4443 4364
4489 3 2 1 3 4364 4443 4444 4365
4490 3 2 1 3 4365 4444 4445 4366
4491 3 2 1 3 4366 4445 4446 4367
4492 3 2 1 3 4367 4446 4447 4368
4493 3 2 1 3 4368 4447 4448 4369
4494 3 2 1 3 4369 4448 4449 4370
4495 3 2 1 3 4370 4449 4450 4371
4496 3 2 1 3 4371 4450 4451 4372
4497 3 2 1 3 4372 4451 4452 4373
4498 3 2 1 3 4373 4452 4453 4374
4499 3 2 1 3 4374 4453 4454 4375
4500 3 2 1 3 4375 4454 4455 4376
4501 3 2 1 3 4376 4455 4456 4377
4502 3 2 1 3 4377 4456 4457 4378
4503 3 2 1 3 4378 4457 4458 4379
4504 3 2 1 3 4379 4458 4459 4380
4505 3 2 1 3 4380 4459 4460 4381
4506 3 2 1 3 4381 4460 4461 4382
4507 3 2 1 3 4382 4461 4462 4383
4508 3 2 1 3 4383 4462 4463 4384
4509 3 2 1 3 4384 4463 4464 4385
4510 3 2 1 3 4385 4464 4465 4386
4511 3 2 1 3 4386 4465 4466 4387
4512 3 2 1 3 4387 4466 4467 4388
4513 3 2 1 3 4388 4467 4468 4389
4514 3 2 1 3 4389 4468 4469 4390
4515 3 2 1 3 4390 4469 4470 4391
4516 3 2 1 3 4391 4470 4471 4392
4517 3 2 1 3 4392 4471 4472 4393
4518 3 2 1 3 4393 4472 4473 4394
4519 3 2 1 3 4394 4473 4474 4395
4520 3 2 1 3 4395 4474 4475 4396
4521 3 2 1 3 4396 4475 4476 4397
4522 3 2 1 3 4397 4476 4477 4398
4523 3 2 1 3 4398 4477 4478 4399
4524 3 2 1 3 4399 4478 4479 4400
4525 3 2 1 3 4400 4479 4480 4401
4526 3 2 1 3 4401 4480 4481 4402
4527 3 2 1 3 4402 4481 4482 4403
4528 3 2 1 3 4403 4482 4483 4404
4529 3 2 1 3 4404 4483 4484 4405
4530 3 2 1 3 4405 4484 4485 4406
4531 3 2 1 3 4406 4485 4486 4407
4532 3 2 1 3 4407 4486 4487 4408
4533 3 2 1 3 4408 4487 4488 4409
4534 3 2 1 3 4409 4488 4489 4410
4535 3 2 1 3 4410 4489 4490 4411
4536 3 2 1 3 4411 4490 4491 4412
4537 3 2 1 3 4412 4491 4492 4413
4538 3 2 1 3 4413 4492 4493 4414
4539 3 2 1 3 4414 4493 4494 4415
4540 3 2 1 3 4415 4494 4495 4416
4541 3 2 1 3 4416 4495 4496 4417
4542 3 2 1 3 4417 4496 4497 4418
4543 3 2 1 3 4418 4497 4498 4419
4544 3 2 1 3 4419 4498 4499 4420
4545 3 2 1 3 4420 4499 4500 4421
4546 3 2 1 3 4421 4500 4501 4422
4547 3 2 1 3 4422 4501 4502 4423
4548 3 2 1 3 4423 4502 4503 4424
4549 3 2 1 3 4424 4503 4504 4425
4550 3 2 1 3 4425 4504 4505 4426
4551 3 2 1 3 4426 4505 4506 4427
4552 3 2 1 3 4427 4506 4507 4428
4553 3 2 1 3 4428 4507 4508 4429
4554 3 2 1 3 4429 4508 4509 4430
4555 3 2 1 3 4430 4509 4510 4431
4556 3 2 1 3 4431 4510 4511 4432
4557 3 2 1 3 4432 4511 4512 4433
4558 3 2 1 3 4433 4512 4513 4434
4559 3 2 1 3 4434 4513 4514 4435
4560 3 2 1 3 4435 4514 217 218
4561 3 2 1 3 306 307 4515 4436
4562 3 2 1 3 4436 4515 4516 4437
4563 3 2 1 3 4437 4516 4517 4438
4564 3 2 1 3 4438 4517 4518 4439
4565 3 2 1 3 4439 4518 4519 4440
4566 3 2 1 3 4440 4519 4520 4441
4567 3 2 1 3 4441 4520 4521 4442
4568 3 2 1 3 4442 4521 4522 4443
4569 3 2 1 3 4443 4522 4523 4444
4570 3 2 1 3 4444 4523 4524 4445
4571 3 2 1 3 4445 4524 4525 4446
4572 3 2 1 3 4446 4525 4526 4447
4573 3 2 1 3 4447 4526 4527 4448
4574 3 2 1 3 4448 4527 4528 4449
4575 3 2 1 3 4449 4528 4529 4450
4576 3 2 1 3 4450 4529 4530 4451
4577 3 2 1 3 4451 4530 4531 4452
4578 3 2 1 3 4452 4531 4532 4453
4579 3 2 1 3 4453 4532 4533 4454
4580 3 2 1 3 4454 4533 4534 4455
4581 3 2 1 3 4455 4534 4535 4456
4582 3 2 1 3 4456 4535 4536 4457
4583 3 2 1 3 4457 4536 4537 4458
4584 3 2 1 3 4458 4537 4538 4459
4585 3 2 1 3 4459 4538 4539 4460
4586 3 2 1 3 4460 4539 4540 4461
4587 3 2 1 3 4461 4540 4541 4462
4588 3 2 1 3 4462 4541 4542 4463
4589 3 2 1 3 4463 4542 4543 4464
4590 3 2 1 3 4464 4543 4544 4465
4591 3 2 1 3 4465 4544 4545 4466
4592 3 2 1 3 4466 4545 4546 4467
4593 3 2 1 3 4467 4546 4547 4468
4594 3 2 1 3 4468 4547 4548 4469
4595 3 2 1 3 4469 4548 4549 4470
4596 3 2 1 3 4470 4549 4550 4471
4597 3 2 1 3 4471 4550 4551 4472
4598 3 2 1 3 4472 4551 4552 4473
4599 3 2 1 3 4473 4552 4553 4474
4600 3 2 1 3 4474 4553 4554 4475
4601 3 2 1 3 4475 4554 4555 4476
4602 3 2 1 3 4476 4555 4556 4477
4603 3 2 1 3 4477 4556 4557 4478
4604 3 2 1 3 4478 4557 4558 4479
4605 3 2 1 3 4479 4558 4559 4480
4606 3 2 1 3 4480 4559 4560 4481
4607 3 2 1 3 4481 4560 4561 4482
4608 3 2 1 3 4482 4561 4562 4483
4609 3 2 1 3 4483 4562 4563 4484
4610 3 2 1 3 4484 4563 4564 4485
4611 3 2 1 3 4485 4564 4565 4486
4612 3 2 1 3 4486 4565 4566 4487
4613 3 2 1 3 4487 4566 4567 4488
4614 3 2 1 3 4488 4567 4568 4489
4615 3 2 1 3 4489 4568 4569 4490
4616 3 2 1 3 4490 4569 4570 4491
4617 3 2 1 3 4491 4570 4571 4492
4618 3 2 1 3 4492 4571 4572 4493
4619 3 2 1 3 4493 4572 4573 4494
4620 3 2 1 3 4494 4573 4574 4495
4621 3 2 1 3 4495 4574 4575 4496
4622 3 2 1 3 4496 4575 4576 4497
4623 3 2 1 3 4497 4576 4577 4498
4624 3 2 1 3 4498 4577 4578 4499
4625 3 2 1 3 4499 4578 4579 4500
4626 3 2 1 3 4500 4579 4580 4501
4627 3 2 1 3 4501 4580 4581 4502
4628 3 2 1 3 4502 4581 4582 4503
4629 3 2 1 3 4503 4582 4583 4504
4630 3 2 1 3 4504 4583 4584 4505
4631 3 2 1 3 4505 4584 4585 4506
4632 3 2 1 3 4506 4585 4586 4507
4633 3 2 1 3 4507 4586 4587 4508
4634 3 2 1 3 4508 4587 4588 4509
4635 3 2 1 3 4509 4588 4589 4510
4636 3 2 1 3 4510 4589 4590 4511
4637 3 2 1 3 4511 4590 4591 4512
4638 3 2 1 3 4512 4591 4592 4513
4639 3 2 1 3 4513 4592 4593 4514
4640 3 2 1 3 4514 4593 216 217
4641 3 2 1 3 307 2 113 4515
4642 3 2 1 3 4515 113 112 4516
4643 3 2 1 3 4516 112 111 4517
4644 3 2 1 3 4517 111 110 4518
4645 3 2 1 3 4518 110 109 4519
4646 3 2 1 3 4519 109 108 4520
4647 3 2 1 3 4520 108 107 4521
4648 3 2 1 3 4521 107 106 4522
4649 3 2 1 3 4522 106 105 4523
4650 3 2 1 3 4523 105 104 4524
4651 3 2 1 3 4524 104 103 4525
4652 3 2 1 3 4525 103 102 4526
4653 3 2 1 3 4526 102 101 4527
4654 3 2 1 3 4527 101 100 4528
4655 3 2 1 3 4528 100 99 4529
4656 3 2 1 3 4529 99 98 4530
4657 3 2 1 3 4530 98 97 4531
4658 3 2 1 3 4531 97 96 4532
4659 3 2 1 3 4532 96 95 4533
4660 3 2 1 3 4533 95 94 4534
4661 3 2 1 3 4534 94 93 4535
4662 3 2 1 3 4535 93 92 4536
4663 3 2 1 3 4536 92 91 4537
4664 3 2 1 3 4537 91 90 4538
4665 3 2 1 3 4538 90 89 4539
4666 3 2 1 3 4539 89 88 4540
4667 3 2 1 3 4540 88 87 4541
4668 3 2 1 3 4541 87 86 4542
4669 3 2 1 3 4542 86 85 4543
4670 3 2 1 3 4543 85 84 4544
4671 3 2 1 3 4544 84 83 4545
4672 3 2 1 3 4545 83 82 4546
4673 3 2 1 3 4546 82 81 4547
4674 3 2 1 3 4547 81 80 4548
4675 3 2 1 3 4548 80 79 4549
4676 3 2 1 3 4549 79 78 4550
4677 3 2 1 3 4550 78 77 4551
4678 3 2 1 3 4551 77 76 4552
4679 3 2 1 3 4552 76 75 4553
4680 3 2 1 3 4553 75 74 4554
4681 3 2 1 3 4554 74 73 4555
4682 3 2 1 3 4555 73 72 4556
4683 3 2 1 3 4556 72 71 4557
4684 3 2 1 3 4557 71 70 4558
4685 3 2 1 3 4558 70 69 4559
4686 3 2 1 3 4559 69 68 4560
4687 3 2 1 3 4560 68 67 4561
4688 3 2 1 3 4561 67 66 4562
4689 3 2 1 3 4562 66 65 4563
4690 3 2 1 3 4563 65 64 4564
4691 3 2 1 3 4564 64 63 4565
4692 3 2 1 3 4565 63 62 4566
4693 3 2 1 3 4566 62 61 4567
4694 3 2 1 3 4567 61 60 4568
4695 3 2 1 3 4568 60 59 4569
4696 3 2 1 3 4569 59 58 4570
4697 3 2 1 3 4570 58 57 4571
4698 3 2 1 3 4571 57 56 4572
4699 3 2 1 3 4572 56 55 4573
4700 3 2 1 3 4573 55 54 4574
4701 3 2 1 3 4574 54 53 4575
4702 3 2 1 3 4575 53 52 4576
4703 3 2 1 3 4576 52 51 4577
4704 3 2 1 3 4577 51 50 4578
4705 3 2 1 3 4578 50 49 4579
4706 3 2 1 3 4579 49 48 4580
4707 3 2 1 3 4580 48 47 4581
4708 3 2 1 3 4581 47 46 4582
4709 3 2 1 3 4582 46 45 4583
4710 3 2 1 3 4583 45 44 4584
4711 3 2 1 3 4584 44 43 4585
4712 3 2 1 3 4585 43 42 4586
4713 3 2 1 3 4586 42 41 4587
4714 3 2 1 3 4587 41 40 4588
4715 3 2 1 3 4588 40 39 4589
4716 3 2 1 3 4589 39 38 4590
4717 3 2 1 3 4590 38 37 4591
4718 3 2 1 3 4591 37 36 4592
4719 3 2 1 3 4592 36 35 4593
4720 3 2 1 3 4593 35 1 216
4721 3 2 2 4 8 387 4594 430
4722 3 2 2 4 430 4594 4595 429
4723 3 2 2 4 429 4595 4596 428
4724 3 2 2 4 428 4596 4597 427
4725 3 2 2 4 427 4597 4598 426
4726 3 2 2 4 426 4598 4599 425
4727 3 2 2 4 425 4599 4600 424
4728 3 2 2 4 424 4600 423 11
4729 3 2 2 4 387 388 4601 4594
4730 3 2 2 4 4594 4601 4602 4595
4731 3 2 2 4 4595 4602 4603 4596
4732 3 2 2 4 4596 4603 4604 4597
4733 3 2 2 4 4597 4604 4605 4598
4734 3 2 2 4 4598 4605 4606 4599
4735 3 2 2 4 4599 4606 4607 4600
4736 3 2 2 4 4600 4607 422 423
4737 3 2 2 4 388 389 4608 4601
4738 3 2 2 4 4601 4608 4609 4602
4739 3 2 2 4 4602 4609 4610 4603
4740 3 2 2 4 4603 4610 4611 4604
4741 3 2 2 4 4604 4611 4612 4605
4742 3 2 2 4 4605 4612 4613 4606
4743 3 2 2 4 4606 4613 4614 4607
4744 3 2 2 4 4607 4614 421 422
4745 3 2 2 4 389 390 4615 4608
4746 3 2 2 4 4608 4615 4616 4609
4747 3 2 2 4 4609 4616 4617 4610
4748 3 2 2 4 4610 4617 4618 4611
4749 3 2 2 4 4611 4618 4619 4612
4750 3 2 2 4 4612 4619 4620 4613
4751 3 2 2 4 4613 4620 4621 4614
4752 3 2 2 4 4614 4621 420 421
4753 3 2 2 4 390 391 4622 4615
4754 3 2 2 4 4615 4622 4623 4616
4755 3 2 2 4 4616 4623 4624 4617
4756 3 2 2 4 4617 4624 4625 4618
4757 3 2 2 4 4618 4625 4626 4619
4758 3 2 2 4 4619 4626 4627 4620
4759 3 2 2 4 4620 4627 4628 4621
4760 3 2 2 4 4621 4628 419 420
4761 3 2 2 4 391 392 4629 4622
4762 3 2 2 4 4622 4629 4630 4623
4763 3 2 2 4 4623 4630 4631 4624
4764 3 2 2 4 4624 4631 4632 4625
4765 3 2 2 4 4625 4632 4633 4626
4766 3 2 2 4 4626 4633 4634 4627
4767 3 2 2 4 4627 4634 4635 4628
4768 3 2 2 4 4628 4635 418 419
4769 3 2 2 4 392 393 4636 4629
4770 3 2 2 4 4629 4636 4637 4630
4771 3 2 2 4 4630 4637 4638 4631
4772 3 2 2 4 4631 4638 4639 4632
4773 3 2 2 4 4632 4639 4640 4633
4774 3 2 2 4 4633 4640 4641 4634
4775 3 2 2 4 4634 4641 4642 4635
4776 3 2 2 4 4635 4642 417 418
4777 3 2 2 4 393 394 4643 4636
4778 3 2 2 4 4636 4643 4644 4637
4779 3 2 2 4 4637 4644 4645 4638
4780 3 2 2 4 4638 4645 4646 4639
4781 3 2 2 4 4639 4646 4647 4640
4782 3 2 2 4 4640 4647 4648 4641
4783 3 2 2 4 4641 4648 4649 4642
4784 3 2 2 4 4642 4649 416 417
4785 3 2 2 4 394 395 4650 4643
4786 3 2 2 4 4643 4650 4651 4644
4787 3 2 2 4 4644 4651 4652 4645
4788 3 2 2 4 4645 4652 4653 4646
4789 3 2 2 4 4646 4653 4654 4647
4790 3 2 2 4 4647 4654 4655 4648
4791 3 2 2 4 4648 4655 4656 4649
4792 3 2 2 4 4649 4656 415 416
4793 3 2 2 4 395 396 4657 4650
4794 3 2 2 4 4650 4657 4658 4651
4795 3 2 2 4 4651 4658 4659 4652
4796 3 2 2 4 4652 4659 4660 4653
4797 3 2 2 4 4653 4660 4661 4654
4798 3 2 2 4 4654 4661 4662 4655
4799 3 2 2 4 4655 4662 4663 4656
4800 3 2 2 4 4656 4663 414 415
4801 3 2 2 4 396 397 4664 4657
4802 3 2 2 4 4657 4664 4665 4658
4803 3 2 2 4 4658 4665 4666 4659
4804 3 2 2 4 4659 4666 4667 4660
4805 3 2 2 4 4660 4667 4668 4661
4806 3 2 2 4 4661 4668 4669 4662
4807 3 2 2 4 4662 4669 4670 4663
4808 3 2 2 4 4663 4670 413 414
4809 3 2 2 4 397 398 4671 4664
4810 3 2 2 4 4664 4671 4672 4665
4811 3 2 2 4 4665 4672 4673 4666
4812 3 2 2 4 4666 4673 4674 4667
4813 3 2 2 4 4667 4674 4675 4668
4814 3 2 2 4 4668 4675 4676 4669
4815 3 2 2 4 4669 4676 4677 4670
4816 3 2 2 4 4670 4677 412 413
4817 3 2 2 4 398 399 4678 4671
4818 3 2 2 4 4671 4678 4679 4672
4819 3 2 2 4 4672 4679 4680 4673
4820 3 2 2 4 4673 4680 4681 4674
4821 3 2 2 4 4674 4681 4682 4675
4822 3 2 2 4 4675 4682 4683 4676
4823 3 2 2 4 4676 4683 4684 4677
4824 3 2 2 4 4677 4684 411 412
4825 3 2 2 4 399 400 4685 4678
4826 3 2 2 4 4678 4685 4686 4679
4827 3 2 2 4 4679 4686 4687 4680
4828 3 2 2 4 4680 4687 4688 4681
4829 3 2 2 4 4681 4688 4689 4682
4830 3 2 2 4 4682 4689 4690 4683
4831 3 2 2 4 4683 4690 4691 4684
4832 3 2 2 4 4684 4691 410 411
4833 3 2 2 4 400 401 4692 4685
4834 3 2 2 4 4685 4692 4693 4686
4835 3 2 2 4 4686 4693 4694 4687
4836 3 2 2 4 4687 4694 4695 4688
4837 3 2 2 4 4688 4695 4696 4689
4838 3 2 2 4 4689 4696 4697 4690
4839 3 2 2 4 4690 4697 4698 4691
4840 3 2 2 4 4691 4698 409 410
4841 3 2 2 4 401 9 402 4692
4842 3 2 2 4 4692 402 403 4693
4843 3 2 2 4 4693 403 404 4694
4844 3 2 2 4 4694 404 405 4695
4845 3 2 2 4 4695 405 406 4696
4846 3 2 2 4 4696 406 407 4697
4847 3 2 2 4 4697 407 408 4698
4848 3 2 2 4 4698 408 10 409
$EndElements
