$MeshFormat
2.2 0 8
$EndMeshFormat
$PhysicalNames
8
1 3 "Indenter_Top_Edge"
1 4 "Indenter_Left_Edge"
1 5 "Indenter_Bottom_Edge"
1 6 "Specimen_Top_Edge"
1 7 "Specimen_Left_Edge"
1 8 "Specimen_Bottom_Edge"
2 1 "Specimen_Body"
2 2 "Indenter_Body"
$EndPhysicalNames
$Nodes
10934
1 0.08 0.95 0
2 0.2 0.8 0
3 0.5 0 0
4 0 0 0
5 0 0.8 0
6 0 0.95 0
7 1 0 0
8 0.250439662878749 0.9681322095959701 0
9 0.07999999999999363 0.99679486355017 0
10 0 1 0
11 0 1.10001 0
12 0 1.00001 0
13 0.3 1.10001 0
14 0.3 1.00001 0
15 1.5 1.10001 0
16 1.5 1.00001 0
17 0.002666666666666664 0.95 0
18 0.005333333333333329 0.95 0
19 0.007999999999999993 0.95 0
20 0.01066666666666666 0.95 0
21 0.01333333333333333 0.95 0
22 0.01599999999999999 0.95 0
23 0.01866666666666666 0.95 0
24 0.02133333333333333 0.95 0
25 0.02399999999999999 0.95 0
26 0.02666666666666666 0.95 0
27 0.02933333333333333 0.95 0
28 0.032 0.95 0
29 0.03466666666666667 0.95 0
30 0.03733333333333333 0.95 0
31 0.03999999999999999 0.95 0
32 0.04266666666666667 0.95 0
33 0.04533333333333333 0.95 0
34 0.048 0.95 0
35 0.05066666666666666 0.95 0
36 0.05333333333333333 0.95 0
37 0.056 0.95 0
38 0.05866666666666667 0.95 0
39 0.06133333333333334 0.95 0
40 0.064 0.95 0
41 0.06666666666666667 0.95 0
42 0.06933333333333333 0.95 0
43 0.07199999999999999 0.95 0
44 0.07466666666666667 0.95 0
45 0.07733333333333334 0.95 0
46 0.0815 0.948125 0
47 0.083 0.9462499999999999 0
48 0.08449999999999999 0.944375 0
49 0.08599999999999999 0.9425 0
50 0.08749999999999999 0.9406249999999999 0
51 0.089 0.93875 0
52 0.09049999999999998 0.936875 0
53 0.09199999999999998 0.9349999999999999 0
54 0.09349999999999999 0.933125 0
55 0.09499999999999999 0.93125 0
56 0.09649999999999997 0.929375 0
57 0.09799999999999998 0.9275 0
58 0.09949999999999998 0.925625 0
59 0.101 0.92375 0
60 0.1025 0.921875 0
61 0.104 0.92 0
62 0.1055 0.918125 0
63 0.107 0.91625 0
64 0.1085 0.914375 0
65 0.11 0.9125 0
66 0.1115 0.910625 0
67 0.113 0.9087500000000001 0
68 0.1145 0.906875 0
69 0.116 0.905 0
70 0.1175 0.9031250000000001 0
71 0.119 0.90125 0
72 0.1205 0.899375 0
73 0.122 0.8975000000000001 0
74 0.1234999999999999 0.895625 0
75 0.125 0.89375 0
76 0.1264999999999999 0.8918750000000001 0
77 0.1279999999999999 0.89 0
78 0.1294999999999999 0.8881250000000001 0
79 0.1309999999999999 0.8862500000000001 0
80 0.1325 0.884375 0
81 0.134 0.8825000000000001 0
82 0.1355 0.8806250000000001 0
83 0.137 0.87875 0
84 0.1385 0.8768750000000001 0
85 0.14 0.8750000000000001 0
86 0.1415 0.873125 0
87 0.143 0.8712500000000001 0
88 0.1445 0.869375 0
89 0.146 0.8675 0
90 0.1475 0.8656250000000001 0
91 0.149 0.86375 0
92 0.1505 0.8618750000000001 0
93 0.152 0.8600000000000001 0
94 0.1535 0.858125 0
95 0.155 0.8562500000000001 0
96 0.1565 0.8543750000000001 0
97 0.158 0.8525 0
98 0.1595 0.8506250000000001 0
99 0.161 0.84875 0
100 0.1625 0.846875 0
101 0.164 0.8450000000000001 0
102 0.1655 0.843125 0
103 0.167 0.8412500000000001 0
104 0.1685 0.839375 0
105 0.17 0.8375 0
106 0.1715 0.8356250000000001 0
107 0.173 0.83375 0
108 0.1745 0.831875 0
109 0.176 0.8300000000000001 0
110 0.1775 0.8281250000000001 0
111 0.179 0.82625 0
112 0.1805 0.8243750000000001 0
113 0.182 0.8225 0
114 0.1835 0.820625 0
115 0.185 0.8187500000000001 0
116 0.1865 0.816875 0
117 0.188 0.8150000000000001 0
118 0.1895 0.8131250000000001 0
119 0.191 0.81125 0
120 0.1925 0.8093750000000001 0
121 0.194 0.8075000000000001 0
122 0.1955 0.805625 0
123 0.197 0.80375 0
124 0.1985 0.801875 0
125 0.006666666666666678 0.8 0
126 0.01333333333333336 0.8 0
127 0.02000000000000004 0.8 0
128 0.02666666666666672 0.8 0
129 0.0333333333333334 0.8 0
130 0.04000000000000008 0.8 0
131 0.04666666666666676 0.8 0
132 0.05333333333333344 0.8 0
133 0.06000000000000012 0.8 0
134 0.06666666666666679 0.8 0
135 0.07333333333333344 0.8 0
136 0.08000000000000011 0.8 0
137 0.08666666666666677 0.8 0
138 0.09333333333333342 0.8 0
139 0.1000000000000001 0.8 0
140 0.1066666666666668 0.8 0
141 0.1133333333333335 0.8 0
142 0.1200000000000001 0.8 0
143 0.1266666666666668 0.8 0
144 0.1333333333333334 0.8 0
145 0.1400000000000001 0.8 0
146 0.1466666666666668 0.8 0
147 0.1533333333333334 0.8 0
148 0.1600000000000001 0.8 0
149 0.1666666666666667 0.8 0
150 0.1733333333333334 0.8 0
151 0.18 0.8 0
152 0.1866666666666667 0.8 0
153 0.1933333333333334 0.8 0
154 0.20375 0.79 0
155 0.2075 0.78 0
156 0.21125 0.77 0
157 0.215 0.76 0
158 0.21875 0.75 0
159 0.2225 0.74 0
160 0.2262500000000001 0.73 0
161 0.23 0.72 0
162 0.2337500000000001 0.71 0
163 0.2375 0.7 0
164 0.2412500000000001 0.6899999999999999 0
165 0.2450000000000001 0.6799999999999999 0
166 0.2487500000000001 0.6699999999999999 0
167 0.2525000000000001 0.6599999999999998 0
168 0.2562500000000001 0.6499999999999998 0
169 0.2600000000000001 0.6399999999999998 0
170 0.2637500000000001 0.6299999999999998 0
171 0.2675000000000001 0.6199999999999998 0
172 0.2712500000000001 0.6099999999999998 0
173 0.2750000000000001 0.5999999999999998 0
174 0.2787500000000001 0.5899999999999997 0
175 0.2825000000000001 0.5799999999999997 0
176 0.2862500000000001 0.5699999999999997 0
177 0.2900000000000001 0.5599999999999997 0
178 0.2937500000000001 0.5499999999999997 0
179 0.2975000000000001 0.5399999999999997 0
180 0.3012500000000001 0.5299999999999997 0
181 0.3050000000000002 0.5199999999999996 0
182 0.3087500000000002 0.5099999999999996 0
183 0.3125000000000002 0.4999999999999996 0
184 0.3162500000000001 0.4899999999999996 0
185 0.3200000000000002 0.4799999999999996 0
186 0.3237500000000002 0.4699999999999996 0
187 0.3275000000000001 0.4599999999999996 0
188 0.3312500000000002 0.4499999999999996 0
189 0.3350000000000002 0.4399999999999996 0
190 0.3387500000000002 0.4299999999999996 0
191 0.3425000000000002 0.4199999999999995 0
192 0.3462500000000002 0.4099999999999995 0
193 0.3500000000000002 0.3999999999999995 0
194 0.3537500000000002 0.3899999999999996 0
195 0.3575000000000003 0.3799999999999994 0
196 0.3612500000000002 0.3699999999999994 0
197 0.3650000000000002 0.3599999999999995 0
198 0.3687500000000002 0.3499999999999994 0
199 0.3725000000000002 0.3399999999999995 0
200 0.3762500000000003 0.3299999999999994 0
201 0.3800000000000002 0.3199999999999995 0
202 0.3837500000000003 0.3099999999999994 0
203 0.3875000000000002 0.2999999999999995 0
204 0.3912500000000002 0.2899999999999995 0
205 0.3950000000000002 0.2799999999999996 0
206 0.3987500000000002 0.2699999999999996 0
207 0.4025000000000002 0.2599999999999995 0
208 0.4062500000000002 0.2499999999999996 0
209 0.4100000000000002 0.2399999999999995 0
210 0.4137500000000002 0.2299999999999995 0
211 0.4175000000000001 0.2199999999999996 0
212 0.4212500000000001 0.2099999999999996 0
213 0.4250000000000002 0.1999999999999997 0
214 0.4287500000000001 0.1899999999999997 0
215 0.4325000000000001 0.1799999999999997 0
216 0.4362500000000001 0.1699999999999998 0
217 0.4400000000000001 0.1599999999999998 0
218 0.4437500000000001 0.1499999999999997 0
219 0.4475000000000001 0.1399999999999999 0
220 0.4512500000000001 0.1299999999999998 0
221 0.4550000000000001 0.1199999999999999 0
222 0.45875 0.1099999999999999 0
223 0.4625 0.09999999999999987 0
224 0.4662500000000001 0.08999999999999997 0
225 0.47 0.07999999999999996 0
226 0.4737500000000001 0.06999999999999995 0
227 0.4775 0.06000000000000005 0
228 0.48125 0.05000000000000004 0
229 0.485 0.03999999999999992 0
230 0.48875 0.03000000000000014 0
231 0.4925 0.02000000000000002 0
232 0.49625 0.01000000000000012 0
233 0.4833333333333333 0 0
234 0.4666666666666667 0 0
235 0.45 0 0
236 0.4333333333333333 0 0
237 0.4166666666666666 0 0
238 0.4 0 0
239 0.3833333333333333 0 0
240 0.3666666666666667 0 0
241 0.35 0 0
242 0.3333333333333334 0 0
243 0.3166666666666667 0 0
244 0.3 0 0
245 0.2833333333333333 0 0
246 0.2666666666666666 0 0
247 0.25 0 0
248 0.2333333333333334 0 0
249 0.2166666666666667 0 0
250 0.2 0 0
251 0.1833333333333333 0 0
252 0.1666666666666667 0 0
253 0.15 0 0
254 0.1333333333333333 0 0
255 0.1166666666666667 0 0
256 0.09999999999999998 0 0
257 0.08333333333333326 0 0
258 0.06666666666666665 0 0
259 0.05000000000000004 0 0
260 0.03333333333333333 0 0
261 0.01666666666666661 0 0
262 0 0.01000000000000002 0
263 0 0.02000000000000003 0
264 0 0.03000000000000005 0
265 0 0.04000000000000006 0
266 0 0.05000000000000008 0
267 0 0.06000000000000009 0
268 0 0.07000000000000012 0
269 0 0.08000000000000014 0
270 0 0.09000000000000016 0
271 0 0.1000000000000002 0
272 0 0.1100000000000002 0
273 0 0.1200000000000002 0
274 0 0.1300000000000002 0
275 0 0.1400000000000002 0
276 0 0.1500000000000003 0
277 0 0.1600000000000003 0
278 0 0.1700000000000003 0
279 0 0.1800000000000004 0
280 0 0.1900000000000004 0
281 0 0.2000000000000004 0
282 0 0.2100000000000004 0
283 0 0.2200000000000004 0
284 0 0.2300000000000005 0
285 0 0.2400000000000005 0
286 0 0.2500000000000005 0
287 0 0.2600000000000005 0
288 0 0.2700000000000005 0
289 0 0.2800000000000004 0
290 0 0.2900000000000005 0
291 0 0.3000000000000004 0
292 0 0.3100000000000004 0
293 0 0.3200000000000004 0
294 0 0.3300000000000004 0
295 0 0.3400000000000004 0
296 0 0.3500000000000004 0
297 0 0.3600000000000004 0
298 0 0.3700000000000003 0
299 0 0.3800000000000003 0
300 0 0.3900000000000003 0
301 0 0.4000000000000003 0
302 0 0.4100000000000004 0
303 0 0.4200000000000004 0
304 0 0.4300000000000004 0
305 0 0.4400000000000003 0
306 0 0.4500000000000003 0
307 0 0.4600000000000005 0
308 0 0.4700000000000004 0
309 0 0.4800000000000004 0
310 0 0.4900000000000004 0
311 0 0.5000000000000004 0
312 0 0.5100000000000003 0
313 0 0.5200000000000005 0
314 0 0.5300000000000005 0
315 0 0.5400000000000004 0
316 0 0.5500000000000004 0
317 0 0.5600000000000003 0
318 0 0.5700000000000004 0
319 0 0.5800000000000004 0
320 0 0.5900000000000003 0
321 0 0.6000000000000003 0
322 0 0.6100000000000003 0
323 0 0.6200000000000003 0
324 0 0.6300000000000002 0
325 0 0.6400000000000003 0
326 0 0.6500000000000004 0
327 0 0.6600000000000003 0
328 0 0.6700000000000003 0
329 0 0.6800000000000002 0
330 0 0.6900000000000002 0
331 0 0.7000000000000002 0
332 0 0.7100000000000002 0
333 0 0.7200000000000002 0
334 0 0.7300000000000001 0
335 0 0.7400000000000002 0
336 0 0.7500000000000001 0
337 0 0.7600000000000001 0
338 0 0.7700000000000001 0
339 0 0.78 0
340 0 0.7900000000000001 0
341 0 0.801875 0
342 0 0.8037500000000001 0
343 0 0.805625 0
344 0 0.8075 0
345 0 0.8093750000000001 0
346 0 0.81125 0
347 0 0.813125 0
348 0 0.8150000000000001 0
349 0 0.816875 0
350 0 0.8187500000000001 0
351 0 0.820625 0
352 0 0.8225 0
353 0 0.8243750000000001 0
354 0 0.82625 0
355 0 0.828125 0
356 0 0.8300000000000001 0
357 0 0.831875 0
358 0 0.83375 0
359 0 0.8356250000000001 0
360 0 0.8375 0
361 0 0.8393750000000001 0
362 0 0.8412500000000001 0
363 0 0.843125 0
364 0 0.8450000000000001 0
365 0 0.846875 0
366 0 0.8487500000000001 0
367 0 0.8506250000000001 0
368 0 0.8525 0
369 0 0.8543750000000001 0
370 0 0.8562500000000001 0
371 0 0.858125 0
372 0 0.8600000000000001 0
373 0 0.8618750000000001 0
374 0 0.8637500000000001 0
375 0 0.8656250000000001 0
376 0 0.8675 0
377 0 0.8693750000000001 0
378 0 0.8712500000000001 0
379 0 0.8731250000000002 0
380 0 0.8750000000000001 0
381 0 0.8768750000000001 0
382 0 0.8787500000000001 0
383 0 0.8806250000000001 0
384 0 0.8825000000000001 0
385 0 0.8843750000000001 0
386 0 0.8862500000000001 0
387 0 0.8881250000000001 0
388 0 0.8900000000000001 0
389 0 0.8918750000000001 0
390 0 0.89375 0
391 0 0.8956250000000001 0
392 0 0.8975000000000001 0
393 0 0.899375 0
394 0 0.9012500000000001 0
395 0 0.9031250000000001 0
396 0 0.905 0
397 0 0.9068750000000001 0
398 0 0.9087500000000001 0
399 0 0.910625 0
400 0 0.9125 0
401 0 0.914375 0
402 0 0.91625 0
403 0 0.918125 0
404 0 0.92 0
405 0 0.921875 0
406 0 0.92375 0
407 0 0.925625 0
408 0 0.9275 0
409 0 0.929375 0
410 0 0.93125 0
411 0 0.933125 0
412 0 0.9349999999999999 0
413 0 0.936875 0
414 0 0.93875 0
415 0 0.9406249999999999 0
416 0 0.9425 0
417 0 0.944375 0
418 0 0.9462499999999999 0
419 0 0.948125 0
420 0.9833333333333333 0 0
421 0.9666666666666667 0 0
422 0.95 0 0
423 0.9333333333333333 0 0
424 0.9166666666666666 0 0
425 0.9 0 0
426 0.8833333333333333 0 0
427 0.8666666666666667 0 0
428 0.85 0 0
429 0.8333333333333334 0 0
430 0.8166666666666667 0 0
431 0.8 0 0
432 0.7833333333333333 0 0
433 0.7666666666666666 0 0
434 0.75 0 0
435 0.7333333333333334 0 0
436 0.7166666666666667 0 0
437 0.7 0 0
438 0.6833333333333333 0 0
439 0.6666666666666667 0 0
440 0.65 0 0
441 0.6333333333333333 0 0
442 0.6166666666666667 0 0
443 0.6 0 0
444 0.5833333333333333 0 0
445 0.5666666666666667 0 0
446 0.55 0 0
447 0.5333333333333333 0 0
448 0.5166666666666666 0 0
449 0.2663508595822278 0.9638761432880307 0
450 0.2821898005496858 0.9593585963891336 0
451 0.2979521889887691 0.9545807944206718 0
452 0.3136337488743117 0.9495440335061062 0
453 0.3292302261083437 0.9442496800193521 0
454 0.3447373896741376 0.9386991702141116 0
455 0.360151032784006 0.9328940098342436 0
456 0.375466974020514 0.9268357737052874 0
457 0.3906810584708214 0.9205261053072415 0
458 0.4057891588538232 0.9139667163287221 0
459 0.4207871766398021 0.9071593862026143 0
460 0.4356710431622811 0.9001059616233468 0
461 0.4504367207217664 0.8928083560459218 0
462 0.465080203681103 0.8852685491668297 0
463 0.4795975195521179 0.8774885863870002 0
464 0.4939847300732845 0.8694705782569209 0
465 0.5082379322780896 0.8612166999040903 0
466 0.5223532595538338 0.8527291904429478 0
467 0.5363268826905697 0.8440103523674434 0
468 0.5501550109198851 0.8350625509264208 0
469 0.5638338929432704 0.8258882134819679 0
470 0.5773598179497658 0.8164898288509254 0
471 0.5907291166226366 0.8068699466297151 0
472 0.6039381621347822 0.7970311765026896 0
473 0.6169833711326241 0.7869761875341735 0
474 0.6298612047082016 0.7767077074443982 0
475 0.642568169359203 0.7662285218695285 0
476 0.655100817936689 0.7555414736059703 0
477 0.667455750580231 0.7446494618391801 0
478 0.6796296156402315 0.7335554413571691 0
479 0.6916191105871564 0.7222624217489311 0
480 0.703420982907447 0.7107734665879989 0
481 0.715032030985866 0.6990916926013551 0
482 0.7264491049740271 0.6872202688239302 0
483 0.7376691076448925 0.6751624157389006 0
484 0.7486889952329846 0.6629214044040395 0
485 0.7595057782601018 0.6505005555643416 0
486 0.7701165223463068 0.6379032387511686 0
487 0.7805183490059614 0.6251328713681662 0
488 0.7907084364286082 0.6121929177641845 0
489 0.8006840202444677 0.5990868882934735 0
490 0.810442394274359 0.5858183383633908 0
491 0.8199809112638349 0.572390867469888 0
492 0.8292969836013253 0.5588081182210429 0
493 0.8383880840201102 0.5450737753488866 0
494 0.847251746283913 0.5311915647098135 0
495 0.8558855658559451 0.5171652522738246 0
496 0.8642872005512071 0.5029986431028989 0
497 0.8724543711718779 0.4886955803187534 0
498 0.8803848621256176 0.4742599440602772 0
499 0.8880765220266116 0.4596956504309316 0
500 0.8955272642792016 0.4450066504363828 0
501 0.9027350676439353 0.4301969289126779 0
502 0.9096979767858915 0.415270503445231 0
503 0.9164141028051213 0.4002314232789382 0
504 0.9228816237490719 0.3850837682196908 0
505 0.9290987851068442 0.3698316475276098 0
506 0.935063900285158 0.3544791988022825 0
507 0.9407753510658925 0.3390305868603107 0
508 0.9462315880450746 0.3234900026054843 0
509 0.9514311310532042 0.3078616618918642 0
510 0.956372569556793 0.2921498043801111 0
511 0.9610545630410151 0.2763586923873457 0
512 0.9654758413733632 0.2604926097308645 0
513 0.9696352051482086 0.2445558605660299 0
514 0.9735315260121784 0.228552768218631 0
515 0.9771637469702537 0.2124876740120568 0
516 0.9805308826725122 0.1963649360895782 0
517 0.9836320196814351 0.1801889282320667 0
518 0.986466316719703 0.1639640386714805 0
519 0.9890330048984192 0.1476946689004161 0
520 0.9913313879256933 0.1313852324780779 0
521 0.9933608422955322 0.1150401538329588 0
522 0.995120817456984 0.09866386706258699 0
523 0.9966108359634925 0.08226081473063923 0
524 0.9978304936024188 0.06583544666175892 0
525 0.9987794595046956 0.04939221873441234 0
526 0.9994574762345867 0.03293559167208964 0
527 0.9998643598595228 0.01647002983320563 0
528 0.2016813220959596 0.805604406986532 0
529 0.2033626441919192 0.811208813973064 0
530 0.2050439662878788 0.8168132209595959 0
531 0.2067252883838384 0.8224176279461278 0
532 0.2084066104797979 0.8280220349326598 0
533 0.2100879325757575 0.8336264419191918 0
534 0.2117692546717171 0.8392308489057237 0
535 0.2134505767676767 0.8448352558922557 0
536 0.2151318988636363 0.8504396628787876 0
537 0.2168132209595959 0.8560440698653196 0
538 0.2184945430555555 0.8616484768518515 0
539 0.220175865151515 0.8672528838383835 0
540 0.2218571872474746 0.8728572908249155 0
541 0.2235385093434342 0.8784616978114475 0
542 0.2252198314393938 0.8840661047979794 0
543 0.2269011535353534 0.8896705117845114 0
544 0.228582475631313 0.8952749187710434 0
545 0.2302637977272726 0.9008793257575752 0
546 0.2319451198232322 0.9064837327441072 0
547 0.2336264419191917 0.9120881397306392 0
548 0.2353077640151514 0.9176925467171712 0
549 0.2369890861111109 0.923296953703703 0
550 0.2386704082070705 0.928901360690235 0
551 0.2403517303030301 0.934505767676767 0
552 0.2420330523989897 0.9401101746632989 0
553 0.2437143744949493 0.9457145816498308 0
554 0.2453956965909088 0.9513189886363628 0
555 0.2470770186868684 0.9569233956228946 0
556 0.248758340782828 0.9625278026094266 0
557 0.08 0.9515598287850057 0
558 0.08 0.9531196575700113 0
559 0.08 0.954679486355017 0
560 0.08 0.9562393151400226 0
561 0.08 0.9577991439250283 0
562 0.08 0.959358972710034 0
563 0.08 0.9609188014950396 0
564 0.08 0.9624786302800453 0
565 0.08 0.9640384590650509 0
566 0.08 0.9655982878500566 0
567 0.08 0.9671581166350622 0
568 0.08 0.9687179454200679 0
569 0.08 0.9702777742050737 0
570 0.08 0.9718376029900793 0
571 0.08 0.973397431775085 0
572 0.08 0.9749572605600906 0
573 0.08 0.9765170893450963 0
574 0.08 0.978076918130102 0
575 0.08 0.9796367469151076 0
576 0.08 0.9811965757001133 0
577 0.08 0.9827564044851189 0
578 0.08 0.9843162332701246 0
579 0.08 0.9858760620551303 0
580 0.08 0.9874358908401359 0
581 0.08 0.9889957196251417 0
582 0.08 0.9905555484101474 0
583 0.08 0.992115377195153 0
584 0.08 0.9936752059801587 0
585 0.08 0.9952350347651643 0
586 0.002669516163808919 0.9999964368353775 0
587 0.005339013303766024 0.9999857473669024 0
588 0.008008472396157372 0.9999679316707512 0
589 0.01067787441753679 0.9999429898738844 0
590 0.01334720034486836 0.9999109221540456 0
591 0.01601643115565488 0.9998717287397599 0
592 0.01868554782808055 0.9998254099103325 0
593 0.02135453134114026 0.9997719659958466 0
594 0.02402336267477789 0.9997113973771611 0
595 0.02669202281002441 0.9996437044859079 0
596 0.02936049272912728 0.9995688878044888 0
597 0.03202875341569306 0.9994869478660723 0
598 0.03469678585481581 0.9993978852545892 0
599 0.0373645710332197 0.999301700604729 0
600 0.0400320899393883 0.9991983946019353 0
601 0.04269932356370275 0.9990879679824005 0
602 0.04536625289857983 0.9989704215330613 0
603 0.04803285893860126 0.9988457560915922 0
604 0.0506991226806562 0.9987139725464002 0
605 0.05336502512406961 0.9985750718366183 0
606 0.05603054727074469 0.9984290549520987 0
607 0.05869567012529127 0.9982759229334057 0
608 0.06136037469516815 0.9981156768718086 0
609 0.06402464199081238 0.9979483179092734 0
610 0.0666884530257771 0.9977738472384555 0
611 0.0693517888168696 0.99759226610269 0
612 0.07201463038428037 0.9974035757959842 0
613 0.07467695875172546 0.9972077776630069 0
614 0.07733875494657458 0.9970048730990806 0
615 0 0.9516666666666667 0
616 0 0.9533333333333333 0
617 0 0.955 0
618 0 0.9566666666666667 0
619 0 0.9583333333333333 0
620 0 0.96 0
621 0 0.9616666666666667 0
622 0 0.9633333333333333 0
623 0 0.965 0
624 0 0.9666666666666667 0
625 0 0.9683333333333333 0
626 0 0.97 0
627 0 0.9716666666666667 0
628 0 0.9733333333333333 0
629 0 0.975 0
630 0 0.9766666666666667 0
631 0 0.9783333333333333 0
632 0 0.98 0
633 0 0.9816666666666667 0
634 0 0.9833333333333333 0
635 0 0.985 0
636 0 0.9866666666666667 0
637 0 0.9883333333333333 0
638 0 0.99 0
639 0 0.9916666666666667 0
640 0 0.9933333333333333 0
641 0 0.995 0
642 0 0.9966666666666667 0
643 0 0.9983333333333333 0
644 0.08215598788996929 0.9966194828789086 0
645 0.08431159136861309 0.9964394389830683 0
646 0.08646680034976706 0.9962547327050816 0
647 0.08862160474911659 0.9960653649091968 0
648 0.0907759944842411 0.9958713364814739 0
649 0.09292995947465926 0.9956726483297802 0
650 0.09508348964187986 0.9954693013837858 0
651 0.09723657490944355 0.9952612965949597 0
652 0.0993892052029727 0.995048634936565 0
653 0.1015413704502212 0.9948313174036546 0
654 0.1036930605811162 0.9946093450130664 0
655 0.1058442655278089 0.9943827188034187 0
656 0.1079949752247197 0.9941514398351049 0
657 0.1101451796085891 0.993915509190289 0
658 0.1122948686185193 0.9936749279729008 0
659 0.1144440321960237 0.9934296973086296 0
660 0.1165926602850773 0.9931798183449201 0
661 0.1187407428321576 0.9929252922509666 0
662 0.120888269786296 0.9926661202177073 0
663 0.1230352310991222 0.9924023034578192 0
664 0.1251816167249157 0.992133843205712 0
665 0.1273274166206467 0.9918607407175224 0
666 0.129472620746027 0.9915829972711087 0
667 0.1316172190635552 0.9913006141660441 0
668 0.133761201538567 0.9910135927236109 0
669 0.1359045581392773 0.9907219342867947 0
670 0.1380472788368292 0.9904256402202776 0
671 0.1401893536053441 0.9901247119104319 0
672 0.1423307724219628 0.989819150765314 0
673 0.1444715252668956 0.9895089582146575 0
674 0.1466116021234713 0.989194135709866 0
675 0.1487509929781794 0.9888746847240077 0
676 0.1508896878207197 0.9885506067518069 0
677 0.1530276766440481 0.9882219033096385 0
678 0.1551649494444265 0.9878885759355195 0
679 0.1573014962214645 0.9875506261891026 0
680 0.1594373069781687 0.9872080556516692 0
681 0.1615723717209922 0.9868608659261211 0
682 0.1637066804598764 0.9865090586369737 0
683 0.1658402232083005 0.9861526354303481 0
684 0.1679729899833272 0.9857915979739638 0
685 0.1701049708056528 0.9854259479571299 0
686 0.172236155699648 0.9850556870907383 0
687 0.1743665346934081 0.9846808171072556 0
688 0.1764960978188016 0.9843013397607138 0
689 0.1786248351115121 0.9839172568267034 0
690 0.180752736611088 0.9835285701023649 0
691 0.1828797923609877 0.9831352814063801 0
692 0.1850059924086292 0.9827373925789626 0
693 0.1871313268054321 0.9823349054818518 0
694 0.1892557856068663 0.9819278219983014 0
695 0.1913793588725012 0.9815161440330722 0
696 0.193502036666047 0.9810998735124227 0
697 0.1956238090554049 0.9806790123841004 0
698 0.1977446661127116 0.9802535626173323 0
699 0.1998645979143892 0.9798235262028155 0
700 0.2019835945411866 0.9793889051527087 0
701 0.2041016460782282 0.9789497015006224 0
702 0.2062187426150635 0.9785059173016084 0
703 0.2083348742457076 0.978057554632152 0
704 0.2104500310686914 0.9776046155901612 0
705 0.212564203187106 0.9771471022949568 0
706 0.2146773807086527 0.9766850168872625 0
707 0.216789553745684 0.9762183615291956 0
708 0.2189007124152522 0.9757471384042564 0
709 0.2210108468391588 0.9752713497173173 0
710 0.2231199471439947 0.974790997694614 0
711 0.2252280034611901 0.9743060845837339 0
712 0.2273350059270621 0.9738166126536056 0
713 0.2294409446828566 0.9733225841944891 0
714 0.2315458098747974 0.9728240015179643 0
715 0.2336495916541305 0.9723208669569208 0
716 0.2357522801771742 0.971813182865546 0
717 0.2378538656053591 0.9713009516193154 0
718 0.2399543381052778 0.9707841756149809 0
719 0.2420536878487325 0.9702628572705586 0
720 0.2441519050127764 0.9697369990253194 0
721 0.2462489797797629 0.969206603339776 0
722 0.2483449023373899 0.9686716726956726 0
723 0 1.05001 0
724 0.2925 1.10001 0
725 0.2849999999999999 1.10001 0
726 0.2775000000000001 1.10001 0
727 0.27 1.10001 0
728 0.2625 1.10001 0
729 0.2549999999999999 1.10001 0
730 0.2475000000000001 1.10001 0
731 0.24 1.10001 0
732 0.2324999999999999 1.10001 0
733 0.2249999999999999 1.10001 0
734 0.2175 1.10001 0
735 0.21 1.10001 0
736 0.2024999999999999 1.10001 0
737 0.1949999999999998 1.10001 0
738 0.1874999999999998 1.10001 0
739 0.1799999999999999 1.10001 0
740 0.1724999999999999 1.10001 0
741 0.1649999999999998 1.10001 0
742 0.1574999999999998 1.10001 0
743 0.1499999999999997 1.10001 0
744 0.1424999999999998 1.10001 0
745 0.1349999999999998 1.10001 0
746 0.1274999999999997 1.10001 0
747 0.1199999999999999 1.10001 0
748 0.1124999999999998 1.10001 0
749 0.1049999999999998 1.10001 0
750 0.09749999999999992 1.10001 0
751 0.08999999999999986 1.10001 0
752 0.0824999999999998 1.10001 0
753 0.07499999999999996 1.10001 0
754 0.06749999999999989 1.10001 0
755 0.05999999999999983 1.10001 0
756 0.05249999999999999 1.10001 0
757 0.04499999999999993 1.10001 0
758 0.03749999999999987 1.10001 0
759 0.03000000000000003 1.10001 0
760 0.02249999999999996 1.10001 0
761 0.0149999999999999 1.10001 0
762 0.007500000000000062 1.10001 0
763 0.3 1.05001 0
764 0.007499999999999989 1.00001 0
765 0.01499999999999998 1.00001 0
766 0.02249999999999997 1.00001 0
767 0.02999999999999996 1.00001 0
768 0.03749999999999995 1.00001 0
769 0.04499999999999994 1.00001 0
770 0.05249999999999992 1.00001 0
771 0.0599999999999999 1.00001 0
772 0.06749999999999989 1.00001 0
773 0.07499999999999986 1.00001 0
774 0.08249999999999985 1.00001 0
775 0.08999999999999984 1.00001 0
776 0.09749999999999984 1.00001 0
777 0.1049999999999998 1.00001 0
778 0.1124999999999998 1.00001 0
779 0.1199999999999998 1.00001 0
780 0.1274999999999998 1.00001 0
781 0.1349999999999998 1.00001 0
782 0.1424999999999998 1.00001 0
783 0.1499999999999998 1.00001 0
784 0.1574999999999998 1.00001 0
785 0.1649999999999998 1.00001 0
786 0.1724999999999998 1.00001 0
787 0.1799999999999998 1.00001 0
788 0.1874999999999998 1.00001 0
789 0.1949999999999998 1.00001 0
790 0.2024999999999998 1.00001 0
791 0.2099999999999999 1.00001 0
792 0.2174999999999999 1.00001 0
793 0.2249999999999999 1.00001 0
794 0.2324999999999999 1.00001 0
795 0.2399999999999999 1.00001 0
796 0.2474999999999999 1.00001 0
797 0.2549999999999999 1.00001 0
798 0.2625 1.00001 0
799 0.27 1.00001 0
800 0.2774999999999999 1.00001 0
801 0.285 1.00001 0
802 0.2925 1.00001 0
803 1.46 1.10001 0
804 1.42 1.10001 0
805 1.38 1.10001 0
806 1.34 1.10001 0
807 1.3 1.10001 0
808 1.26 1.10001 0
809 1.22 1.10001 0
810 1.180000000000001 1.10001 0
811 1.140000000000001 1.10001 0
812 1.100000000000001 1.10001 0
813 1.060000000000001 1.10001 0
814 1.020000000000001 1.10001 0
815 0.9800000000000009 1.10001 0
816 0.9400000000000008 1.10001 0
817 0.9000000000000009 1.10001 0
818 0.8600000000000009 1.10001 0
819 0.8200000000000007 1.10001 0
820 0.7800000000000008 1.10001 0
821 0.7400000000000007 1.10001 0
822 0.7000000000000005 1.10001 0
823 0.6600000000000006 1.10001 0
824 0.6200000000000004 1.10001 0
825 0.5800000000000004 1.10001 0
826 0.5400000000000004 1.10001 0
827 0.5000000000000002 1.10001 0
828 0.4600000000000002 1.10001 0
829 0.4200000000000002 1.10001 0
830 0.3800000000000001 1.10001 0
831 0.3400000000000001 1.10001 0
832 1.5 1.05001 0
833 0.3399999999999999 1.00001 0
834 0.3799999999999998 1.00001 0
835 0.4199999999999998 1.00001 0
836 0.4599999999999997 1.00001 0
837 0.4999999999999997 1.00001 0
838 0.5399999999999996 1.00001 0
839 0.5799999999999994 1.00001 0
840 0.6199999999999993 1.00001 0
841 0.6599999999999994 1.00001 0
842 0.6999999999999994 1.00001 0
843 0.7399999999999993 1.00001 0
844 0.7799999999999994 1.00001 0
845 0.8199999999999994 1.00001 0
846 0.8599999999999994 1.00001 0
847 0.8999999999999994 1.00001 0
848 0.9399999999999993 1.00001 0
849 0.9799999999999994 1.00001 0
850 1.019999999999999 1.00001 0
851 1.059999999999999 1.00001 0
852 1.099999999999999 1.00001 0
853 1.14 1.00001 0
854 1.179999999999999 1.00001 0
855 1.22 1.00001 0
856 1.26 1.00001 0
857 1.3 1.00001 0
858 1.34 1.00001 0
859 1.38 1.00001 0
860 1.42 1.00001 0
861 1.46 1.00001 0
862 0.4797083333333333 0.01000000000000012 0
863 0.4760833333333333 0.01999999999999991 0
864 0.4724583333333333 0.03000000000000014 0
865 0.4688333333333334 0.03999999999999992 0
866 0.4652083333333334 0.05000000000000004 0
867 0.4615833333333333 0.06000000000000005 0
868 0.4579583333333334 0.0699999999999999 0
869 0.4543333333333334 0.08000000000000002 0
870 0.4507083333333333 0.08999999999999991 0
871 0.4470833333333334 0.1 0
872 0.4434583333333334 0.1099999999999999 0
873 0.4398333333333334 0.1199999999999999 0
874 0.4362083333333334 0.1299999999999998 0
875 0.4325833333333334 0.1399999999999998 0
876 0.4289583333333335 0.1499999999999998 0
877 0.4253333333333335 0.1599999999999998 0
878 0.4217083333333334 0.1699999999999998 0
879 0.4180833333333335 0.1799999999999997 0
880 0.4144583333333334 0.1899999999999998 0
881 0.4108333333333334 0.1999999999999997 0
882 0.4072083333333334 0.2099999999999998 0
883 0.4035833333333335 0.2199999999999996 0
884 0.3999583333333335 0.2299999999999996 0
885 0.3963333333333335 0.2399999999999995 0
886 0.3927083333333335 0.2499999999999996 0
887 0.3890833333333335 0.2599999999999996 0
888 0.3854583333333335 0.2699999999999996 0
889 0.3818333333333335 0.2799999999999997 0
890 0.3782083333333335 0.2899999999999995 0
891 0.3745833333333335 0.2999999999999996 0
892 0.3709583333333336 0.3099999999999996 0
893 0.3673333333333336 0.3199999999999995 0
894 0.3637083333333336 0.3299999999999995 0
895 0.3600833333333335 0.3399999999999995 0
896 0.3564583333333336 0.3499999999999994 0
897 0.3528333333333336 0.3599999999999995 0
898 0.3492083333333336 0.3699999999999994 0
899 0.3455833333333336 0.3799999999999994 0
900 0.3419583333333335 0.3899999999999996 0
901 0.3383333333333335 0.3999999999999996 0
902 0.3347083333333336 0.4099999999999996 0
903 0.3310833333333336 0.4199999999999995 0
904 0.3274583333333335 0.4299999999999996 0
905 0.3238333333333335 0.4399999999999996 0
906 0.3202083333333335 0.4499999999999996 0
907 0.3165833333333335 0.4599999999999996 0
908 0.3129583333333336 0.4699999999999996 0
909 0.3093333333333335 0.4799999999999997 0
910 0.3057083333333335 0.4899999999999995 0
911 0.3020833333333335 0.4999999999999996 0
912 0.2984583333333335 0.5099999999999997 0
913 0.2948333333333335 0.5199999999999997 0
914 0.2912083333333335 0.5299999999999998 0
915 0.2875833333333335 0.5399999999999998 0
916 0.2839583333333335 0.5499999999999998 0
917 0.2803333333333335 0.5599999999999998 0
918 0.2767083333333334 0.5699999999999998 0
919 0.2730833333333335 0.5799999999999998 0
920 0.2694583333333335 0.5899999999999999 0
921 0.2658333333333334 0.5999999999999999 0
922 0.2622083333333334 0.6099999999999998 0
923 0.2585833333333334 0.6199999999999999 0
924 0.2549583333333334 0.6299999999999998 0
925 0.2513333333333334 0.6399999999999998 0
926 0.2477083333333334 0.6499999999999998 0
927 0.2440833333333334 0.6599999999999999 0
928 0.2404583333333334 0.67 0
929 0.2368333333333333 0.6799999999999999 0
930 0.2332083333333334 0.6899999999999997 0
931 0.2295833333333334 0.7 0
932 0.2259583333333334 0.71 0
933 0.2223333333333334 0.72 0
934 0.2187083333333334 0.73 0
935 0.2150833333333334 0.7400000000000002 0
936 0.2114583333333334 0.75 0
937 0.2078333333333333 0.76 0
938 0.2042083333333334 0.77 0
939 0.2005833333333333 0.78 0
940 0.1969583333333334 0.79 0
941 0.4631666666666667 0.01000000000000006 0
942 0.4596666666666667 0.01999999999999996 0
943 0.4561666666666667 0.03000000000000019 0
944 0.4526666666666668 0.03999999999999987 0
945 0.4491666666666667 0.0500000000000001 0
946 0.4456666666666667 0.06000000000000005 0
947 0.4421666666666667 0.0699999999999999 0
948 0.4386666666666668 0.08000000000000013 0
949 0.4351666666666667 0.08999999999999997 0
950 0.4316666666666668 0.09999999999999992 0
951 0.4281666666666668 0.1099999999999998 0
952 0.4246666666666668 0.12 0
953 0.4211666666666668 0.1299999999999999 0
954 0.4176666666666668 0.1399999999999998 0
955 0.4141666666666668 0.1499999999999999 0
956 0.4106666666666668 0.1599999999999998 0
957 0.4071666666666668 0.1699999999999998 0
958 0.4036666666666668 0.1799999999999997 0
959 0.4001666666666668 0.1899999999999998 0
960 0.3966666666666668 0.1999999999999998 0
961 0.3931666666666668 0.2099999999999999 0
962 0.3896666666666669 0.2199999999999996 0
963 0.3861666666666669 0.2299999999999997 0
964 0.3826666666666669 0.2399999999999995 0
965 0.3791666666666669 0.2499999999999996 0
966 0.3756666666666669 0.2599999999999996 0
967 0.3721666666666669 0.2699999999999996 0
968 0.3686666666666669 0.2799999999999997 0
969 0.3651666666666669 0.2899999999999995 0
970 0.3616666666666669 0.2999999999999997 0
971 0.358166666666667 0.3099999999999995 0
972 0.3546666666666669 0.3199999999999995 0
973 0.351166666666667 0.3299999999999995 0
974 0.3476666666666669 0.3399999999999995 0
975 0.344166666666667 0.3499999999999995 0
976 0.3406666666666669 0.3599999999999995 0
977 0.3371666666666669 0.3699999999999995 0
978 0.3336666666666669 0.3799999999999994 0
979 0.3301666666666669 0.3899999999999996 0
980 0.3266666666666669 0.3999999999999996 0
981 0.3231666666666669 0.4099999999999996 0
982 0.3196666666666669 0.4199999999999995 0
983 0.3161666666666669 0.4299999999999997 0
984 0.3126666666666669 0.4399999999999996 0
985 0.3091666666666669 0.4499999999999996 0
986 0.3056666666666669 0.4599999999999997 0
987 0.3021666666666669 0.4699999999999996 0
988 0.2986666666666669 0.4799999999999996 0
989 0.2951666666666669 0.4899999999999997 0
990 0.2916666666666669 0.4999999999999997 0
991 0.2881666666666668 0.5099999999999997 0
992 0.284666666666667 0.5199999999999997 0
993 0.2811666666666668 0.5299999999999998 0
994 0.2776666666666668 0.5399999999999998 0
995 0.2741666666666669 0.5499999999999998 0
996 0.2706666666666668 0.5599999999999998 0
997 0.2671666666666669 0.5699999999999998 0
998 0.2636666666666668 0.5799999999999998 0
999 0.2601666666666668 0.5899999999999999 0
1000 0.2566666666666668 0.5999999999999999 0
1001 0.2531666666666668 0.6099999999999998 0
1002 0.2496666666666668 0.6199999999999998 0
1003 0.2461666666666668 0.6299999999999998 0
1004 0.2426666666666668 0.6399999999999999 0
1005 0.2391666666666668 0.6499999999999999 0
1006 0.2356666666666668 0.6599999999999999 0
1007 0.2321666666666668 0.6699999999999999 0
1008 0.2286666666666668 0.6799999999999999 0
1009 0.2251666666666668 0.6899999999999999 0
1010 0.2216666666666668 0.7 0
1011 0.2181666666666668 0.71 0
1012 0.2146666666666668 0.72 0
1013 0.2111666666666668 0.73 0
1014 0.2076666666666668 0.74 0
1015 0.2041666666666667 0.75 0
1016 0.2006666666666667 0.76 0
1017 0.1971666666666667 0.7700000000000001 0
1018 0.1936666666666667 0.7800000000000001 0
1019 0.1901666666666667 0.79 0
1020 0.4466249999999999 0.01000000000000001 0
1021 0.44325 0.01999999999999996 0
1022 0.439875 0.03000000000000019 0
1023 0.4365000000000001 0.03999999999999998 0
1024 0.433125 0.05000000000000004 0
1025 0.42975 0.06000000000000005 0
1026 0.426375 0.07000000000000001 0
1027 0.423 0.08000000000000013 0
1028 0.419625 0.08999999999999997 0
1029 0.4162500000000001 0.09999999999999998 0
1030 0.412875 0.11 0
1031 0.4095000000000001 0.12 0
1032 0.4061250000000001 0.1299999999999999 0
1033 0.4027500000000001 0.1399999999999998 0
1034 0.3993750000000001 0.1499999999999999 0
1035 0.3960000000000001 0.1599999999999999 0
1036 0.3926250000000001 0.1699999999999998 0
1037 0.3892500000000001 0.1799999999999998 0
1038 0.3858750000000001 0.1899999999999999 0
1039 0.3825000000000001 0.1999999999999999 0
1040 0.3791250000000002 0.2099999999999998 0
1041 0.3757500000000001 0.2199999999999997 0
1042 0.3723750000000001 0.2299999999999997 0
1043 0.3690000000000002 0.2399999999999995 0
1044 0.3656250000000001 0.2499999999999996 0
1045 0.3622500000000002 0.2599999999999997 0
1046 0.3588750000000002 0.2699999999999996 0
1047 0.3555000000000001 0.2799999999999997 0
1048 0.3521250000000002 0.2899999999999995 0
1049 0.3487500000000002 0.2999999999999997 0
1050 0.3453750000000002 0.3099999999999996 0
1051 0.3420000000000002 0.3199999999999996 0
1052 0.3386250000000002 0.3299999999999995 0
1053 0.3352500000000002 0.3399999999999996 0
1054 0.3318750000000003 0.3499999999999995 0
1055 0.3285000000000002 0.3599999999999995 0
1056 0.3251250000000002 0.3699999999999996 0
1057 0.3217500000000003 0.3799999999999996 0
1058 0.3183750000000002 0.3899999999999996 0
1059 0.3150000000000002 0.3999999999999996 0
1060 0.3116250000000002 0.4099999999999996 0
1061 0.3082500000000002 0.4199999999999996 0
1062 0.3048750000000002 0.4299999999999997 0
1063 0.3015000000000002 0.4399999999999997 0
1064 0.2981250000000002 0.4499999999999996 0
1065 0.2947500000000002 0.4599999999999997 0
1066 0.2913750000000002 0.4699999999999996 0
1067 0.2880000000000001 0.4799999999999997 0
1068 0.2846250000000002 0.4899999999999997 0
1069 0.2812500000000001 0.4999999999999997 0
1070 0.2778750000000002 0.5099999999999998 0
1071 0.2745000000000002 0.5199999999999998 0
1072 0.2711250000000002 0.5299999999999998 0
1073 0.2677500000000002 0.5399999999999998 0
1074 0.2643750000000001 0.5499999999999998 0
1075 0.2610000000000002 0.5599999999999998 0
1076 0.2576250000000001 0.5699999999999998 0
1077 0.2542500000000001 0.5799999999999998 0
1078 0.2508750000000001 0.5899999999999999 0
1079 0.2475000000000001 0.5999999999999999 0
1080 0.2441250000000001 0.6099999999999999 0
1081 0.2407500000000002 0.6199999999999999 0
1082 0.2373750000000002 0.6299999999999998 0
1083 0.2340000000000001 0.6399999999999998 0
1084 0.2306250000000001 0.6499999999999999 0
1085 0.2272500000000001 0.6599999999999999 0
1086 0.2238750000000001 0.67 0
1087 0.2205000000000001 0.6799999999999999 0
1088 0.2171250000000001 0.6899999999999998 0
1089 0.2137500000000001 0.7 0
1090 0.2103750000000001 0.71 0
1091 0.2070000000000001 0.72 0
1092 0.2036250000000001 0.7299999999999999 0
1093 0.2002500000000001 0.74 0
1094 0.196875 0.75 0
1095 0.1935 0.76 0
1096 0.190125 0.77 0
1097 0.1867500000000001 0.78 0
1098 0.183375 0.79 0
1099 0.4300833333333334 0.01000000000000012 0
1100 0.4268333333333334 0.01999999999999991 0
1101 0.4235833333333334 0.03000000000000019 0
1102 0.4203333333333334 0.03999999999999981 0
1103 0.4170833333333334 0.05000000000000004 0
1104 0.4138333333333334 0.06000000000000005 0
1105 0.4105833333333334 0.06999999999999984 0
1106 0.4073333333333334 0.08000000000000007 0
1107 0.4040833333333334 0.09000000000000008 0
1108 0.4008333333333334 0.09999999999999992 0
1109 0.3975833333333335 0.1099999999999999 0
1110 0.3943333333333335 0.12 0
1111 0.3910833333333335 0.1299999999999998 0
1112 0.3878333333333335 0.1399999999999998 0
1113 0.3845833333333335 0.1499999999999999 0
1114 0.3813333333333335 0.1599999999999999 0
1115 0.3780833333333334 0.17 0
1116 0.3748333333333335 0.1799999999999998 0
1117 0.3715833333333335 0.1899999999999999 0
1118 0.3683333333333335 0.1999999999999999 0
1119 0.3650833333333335 0.21 0
1120 0.3618333333333336 0.2199999999999997 0
1121 0.3585833333333335 0.2299999999999998 0
1122 0.3553333333333336 0.2399999999999996 0
1123 0.3520833333333335 0.2499999999999998 0
1124 0.3488333333333336 0.2599999999999996 0
1125 0.3455833333333336 0.2699999999999996 0
1126 0.3423333333333335 0.2799999999999997 0
1127 0.3390833333333336 0.2899999999999995 0
1128 0.3358333333333335 0.2999999999999997 0
1129 0.3325833333333336 0.3099999999999996 0
1130 0.3293333333333336 0.3199999999999996 0
1131 0.3260833333333336 0.3299999999999996 0
1132 0.3228333333333336 0.3399999999999996 0
1133 0.3195833333333336 0.3499999999999995 0
1134 0.3163333333333336 0.3599999999999997 0
1135 0.3130833333333336 0.3699999999999996 0
1136 0.3098333333333336 0.3799999999999996 0
1137 0.3065833333333335 0.3899999999999997 0
1138 0.3033333333333336 0.3999999999999996 0
1139 0.3000833333333336 0.4099999999999996 0
1140 0.2968333333333336 0.4199999999999996 0
1141 0.2935833333333335 0.4299999999999997 0
1142 0.2903333333333336 0.4399999999999997 0
1143 0.2870833333333336 0.4499999999999996 0
1144 0.2838333333333335 0.4599999999999997 0
1145 0.2805833333333336 0.4699999999999997 0
1146 0.2773333333333335 0.4799999999999998 0
1147 0.2740833333333335 0.4899999999999997 0
1148 0.2708333333333335 0.4999999999999997 0
1149 0.2675833333333335 0.5099999999999997 0
1150 0.2643333333333335 0.5199999999999998 0
1151 0.2610833333333334 0.5299999999999998 0
1152 0.2578333333333335 0.5399999999999998 0
1153 0.2545833333333334 0.5499999999999998 0
1154 0.2513333333333335 0.5599999999999998 0
1155 0.2480833333333335 0.5699999999999998 0
1156 0.2448333333333335 0.5799999999999998 0
1157 0.2415833333333334 0.5899999999999999 0
1158 0.2383333333333335 0.5999999999999999 0
1159 0.2350833333333335 0.6099999999999999 0
1160 0.2318333333333335 0.6199999999999998 0
1161 0.2285833333333335 0.6299999999999998 0
1162 0.2253333333333334 0.6399999999999999 0
1163 0.2220833333333335 0.6499999999999999 0
1164 0.2188333333333335 0.6599999999999999 0
1165 0.2155833333333334 0.6700000000000002 0
1166 0.2123333333333335 0.6799999999999999 0
1167 0.2090833333333334 0.6899999999999999 0
1168 0.2058333333333335 0.7 0
1169 0.2025833333333334 0.71 0
1170 0.1993333333333334 0.72 0
1171 0.1960833333333335 0.73 0
1172 0.1928333333333334 0.74 0
1173 0.1895833333333334 0.75 0
1174 0.1863333333333334 0.76 0
1175 0.1830833333333333 0.77 0
1176 0.1798333333333334 0.7800000000000001 0
1177 0.1765833333333334 0.79 0
1178 0.4135416666666666 0.01000000000000006 0
1179 0.4104166666666667 0.01999999999999996 0
1180 0.4072916666666667 0.03000000000000019 0
1181 0.4041666666666667 0.03999999999999987 0
1182 0.4010416666666667 0.05000000000000004 0
1183 0.3979166666666667 0.06 0
1184 0.3947916666666667 0.0699999999999999 0
1185 0.3916666666666667 0.08000000000000007 0
1186 0.3885416666666667 0.08999999999999997 0
1187 0.3854166666666667 0.09999999999999992 0
1188 0.3822916666666668 0.11 0
1189 0.3791666666666668 0.1199999999999999 0
1190 0.3760416666666668 0.1299999999999999 0
1191 0.3729166666666667 0.1399999999999999 0
1192 0.3697916666666668 0.15 0
1193 0.3666666666666668 0.1599999999999999 0
1194 0.3635416666666668 0.1699999999999999 0
1195 0.3604166666666668 0.1799999999999998 0
1196 0.3572916666666668 0.1899999999999999 0
1197 0.3541666666666668 0.1999999999999999 0
1198 0.3510416666666668 0.2099999999999999 0
1199 0.3479166666666668 0.2199999999999998 0
1200 0.3447916666666668 0.2299999999999998 0
1201 0.3416666666666669 0.2399999999999996 0
1202 0.3385416666666669 0.2499999999999997 0
1203 0.3354166666666669 0.2599999999999997 0
1204 0.3322916666666669 0.2699999999999997 0
1205 0.3291666666666668 0.2799999999999998 0
1206 0.3260416666666669 0.2899999999999996 0
1207 0.3229166666666669 0.2999999999999998 0
1208 0.3197916666666669 0.3099999999999996 0
1209 0.3166666666666669 0.3199999999999996 0
1210 0.3135416666666669 0.3299999999999996 0
1211 0.3104166666666669 0.3399999999999996 0
1212 0.3072916666666669 0.3499999999999996 0
1213 0.3041666666666669 0.3599999999999997 0
1214 0.3010416666666669 0.3699999999999996 0
1215 0.2979166666666669 0.3799999999999996 0
1216 0.2947916666666668 0.3899999999999997 0
1217 0.2916666666666669 0.3999999999999997 0
1218 0.2885416666666669 0.4099999999999996 0
1219 0.2854166666666669 0.4199999999999996 0
1220 0.2822916666666668 0.4299999999999997 0
1221 0.2791666666666669 0.4399999999999997 0
1222 0.2760416666666668 0.4499999999999997 0
1223 0.2729166666666669 0.4599999999999997 0
1224 0.2697916666666669 0.4699999999999996 0
1225 0.2666666666666668 0.4799999999999998 0
1226 0.2635416666666668 0.4899999999999997 0
1227 0.2604166666666669 0.4999999999999998 0
1228 0.2572916666666668 0.5099999999999998 0
1229 0.2541666666666668 0.5199999999999998 0
1230 0.2510416666666668 0.5299999999999998 0
1231 0.2479166666666668 0.5399999999999998 0
1232 0.2447916666666669 0.5499999999999998 0
1233 0.2416666666666668 0.5599999999999998 0
1234 0.2385416666666668 0.5699999999999998 0
1235 0.2354166666666668 0.5799999999999998 0
1236 0.2322916666666668 0.5899999999999999 0
1237 0.2291666666666668 0.5999999999999999 0
1238 0.2260416666666668 0.6099999999999999 0
1239 0.2229166666666668 0.6199999999999999 0
1240 0.2197916666666668 0.6299999999999999 0
1241 0.2166666666666668 0.6399999999999999 0
1242 0.2135416666666668 0.6499999999999999 0
1243 0.2104166666666668 0.6599999999999999 0
1244 0.2072916666666668 0.67 0
1245 0.2041666666666668 0.6799999999999999 0
1246 0.2010416666666668 0.6899999999999999 0
1247 0.1979166666666668 0.7 0
1248 0.1947916666666668 0.71 0
1249 0.1916666666666668 0.72 0
1250 0.1885416666666668 0.73 0
1251 0.1854166666666668 0.7400000000000001 0
1252 0.1822916666666667 0.75 0
1253 0.1791666666666668 0.76 0
1254 0.1760416666666668 0.77 0
1255 0.1729166666666668 0.7800000000000001 0
1256 0.1697916666666667 0.7899999999999999 0
1257 0.397 0.01000000000000012 0
1258 0.3940000000000001 0.01999999999999991 0
1259 0.391 0.03000000000000014 0
1260 0.3880000000000001 0.03999999999999987 0
1261 0.3850000000000001 0.05000000000000004 0
1262 0.3820000000000001 0.06000000000000005 0
1263 0.3790000000000001 0.06999999999999984 0
1264 0.3760000000000001 0.08000000000000007 0
1265 0.3730000000000001 0.08999999999999997 0
1266 0.3700000000000001 0.09999999999999998 0
1267 0.3670000000000001 0.11 0
1268 0.3640000000000002 0.1199999999999999 0
1269 0.3610000000000002 0.1299999999999999 0
1270 0.3580000000000001 0.1399999999999998 0
1271 0.3550000000000001 0.15 0
1272 0.3520000000000001 0.1599999999999998 0
1273 0.3490000000000001 0.17 0
1274 0.3460000000000002 0.1799999999999998 0
1275 0.3430000000000002 0.1899999999999999 0
1276 0.3400000000000002 0.1999999999999998 0
1277 0.3370000000000002 0.2099999999999999 0
1278 0.3340000000000002 0.2199999999999998 0
1279 0.3310000000000002 0.2299999999999998 0
1280 0.3280000000000002 0.2399999999999996 0
1281 0.3250000000000002 0.2499999999999997 0
1282 0.3220000000000003 0.2599999999999997 0
1283 0.3190000000000002 0.2699999999999998 0
1284 0.3160000000000002 0.2799999999999998 0
1285 0.3130000000000002 0.2899999999999996 0
1286 0.3100000000000002 0.2999999999999997 0
1287 0.3070000000000003 0.3099999999999996 0
1288 0.3040000000000003 0.3199999999999996 0
1289 0.3010000000000003 0.3299999999999996 0
1290 0.2980000000000003 0.3399999999999996 0
1291 0.2950000000000003 0.3499999999999996 0
1292 0.2920000000000003 0.3599999999999997 0
1293 0.2890000000000003 0.3699999999999996 0
1294 0.2860000000000003 0.3799999999999996 0
1295 0.2830000000000003 0.3899999999999997 0
1296 0.2800000000000002 0.3999999999999997 0
1297 0.2770000000000002 0.4099999999999997 0
1298 0.2740000000000002 0.4199999999999997 0
1299 0.2710000000000002 0.4299999999999997 0
1300 0.2680000000000002 0.4399999999999997 0
1301 0.2650000000000002 0.4499999999999997 0
1302 0.2620000000000002 0.4599999999999997 0
1303 0.2590000000000002 0.4699999999999998 0
1304 0.2560000000000002 0.4799999999999998 0
1305 0.2530000000000002 0.4899999999999998 0
1306 0.2500000000000002 0.4999999999999998 0
1307 0.2470000000000002 0.5099999999999998 0
1308 0.2440000000000002 0.5199999999999998 0
1309 0.2410000000000001 0.5299999999999999 0
1310 0.2380000000000002 0.5399999999999998 0
1311 0.2350000000000002 0.5499999999999998 0
1312 0.2320000000000002 0.5599999999999998 0
1313 0.2290000000000001 0.57 0
1314 0.2260000000000002 0.5799999999999998 0
1315 0.2230000000000002 0.5899999999999999 0
1316 0.2200000000000002 0.5999999999999999 0
1317 0.2170000000000002 0.6099999999999999 0
1318 0.2140000000000002 0.6199999999999999 0
1319 0.2110000000000002 0.6299999999999999 0
1320 0.2080000000000002 0.6399999999999999 0
1321 0.2050000000000001 0.6499999999999999 0
1322 0.2020000000000001 0.6599999999999999 0
1323 0.1990000000000001 0.6699999999999999 0
1324 0.1960000000000001 0.6799999999999999 0
1325 0.1930000000000001 0.6899999999999999 0
1326 0.1900000000000001 0.6999999999999998 0
1327 0.1870000000000002 0.71 0
1328 0.1840000000000001 0.72 0
1329 0.1810000000000001 0.73 0
1330 0.178 0.7400000000000001 0
1331 0.1750000000000001 0.75 0
1332 0.1720000000000001 0.76 0
1333 0.1690000000000001 0.77 0
1334 0.1660000000000001 0.7800000000000001 0
1335 0.1630000000000001 0.79 0
1336 0.3804583333333333 0.01000000000000001 0
1337 0.3775833333333333 0.01999999999999996 0
1338 0.3747083333333333 0.03000000000000019 0
1339 0.3718333333333334 0.04000000000000004 0
1340 0.3689583333333334 0.04999999999999999 0
1341 0.3660833333333333 0.06 0
1342 0.3632083333333334 0.06999999999999995 0
1343 0.3603333333333334 0.08000000000000002 0
1344 0.3574583333333333 0.08999999999999997 0
1345 0.3545833333333334 0.09999999999999998 0
1346 0.3517083333333334 0.1100000000000001 0
1347 0.3488333333333334 0.1200000000000001 0
1348 0.3459583333333334 0.1299999999999998 0
1349 0.3430833333333334 0.1399999999999999 0
1350 0.3402083333333334 0.1499999999999999 0
1351 0.3373333333333334 0.1599999999999999 0
1352 0.3344583333333334 0.1699999999999999 0
1353 0.3315833333333335 0.1799999999999999 0
1354 0.3287083333333335 0.19 0
1355 0.3258333333333334 0.1999999999999998 0
1356 0.3229583333333335 0.2099999999999999 0
1357 0.3200833333333335 0.2199999999999998 0
1358 0.3172083333333335 0.2299999999999998 0
1359 0.3143333333333335 0.2399999999999998 0
1360 0.3114583333333335 0.2499999999999999 0
1361 0.3085833333333335 0.2599999999999997 0
1362 0.3057083333333335 0.2699999999999998 0
1363 0.3028333333333335 0.2799999999999998 0
1364 0.2999583333333335 0.2899999999999996 0
1365 0.2970833333333335 0.2999999999999998 0
1366 0.2942083333333335 0.3099999999999997 0
1367 0.2913333333333336 0.3199999999999997 0
1368 0.2884583333333336 0.3299999999999997 0
1369 0.2855833333333335 0.3399999999999997 0
1370 0.2827083333333336 0.3499999999999996 0
1371 0.2798333333333335 0.3599999999999997 0
1372 0.2769583333333336 0.3699999999999997 0
1373 0.2740833333333336 0.3799999999999997 0
1374 0.2712083333333335 0.3899999999999997 0
1375 0.2683333333333335 0.3999999999999997 0
1376 0.2654583333333335 0.4099999999999998 0
1377 0.2625833333333336 0.4199999999999997 0
1378 0.2597083333333335 0.4299999999999998 0
1379 0.2568333333333336 0.4399999999999997 0
1380 0.2539583333333335 0.4499999999999997 0
1381 0.2510833333333335 0.4599999999999999 0
1382 0.2482083333333336 0.4699999999999998 0
1383 0.2453333333333335 0.4799999999999998 0
1384 0.2424583333333336 0.4899999999999998 0
1385 0.2395833333333335 0.4999999999999998 0
1386 0.2367083333333335 0.5099999999999998 0
1387 0.2338333333333336 0.5199999999999998 0
1388 0.2309583333333335 0.5299999999999999 0
1389 0.2280833333333335 0.5399999999999998 0
1390 0.2252083333333335 0.5499999999999998 0
1391 0.2223333333333335 0.5599999999999998 0
1392 0.2194583333333335 0.57 0
1393 0.2165833333333335 0.58 0
1394 0.2137083333333335 0.5899999999999999 0
1395 0.2108333333333335 0.5999999999999999 0
1396 0.2079583333333335 0.6099999999999999 0
1397 0.2050833333333335 0.6199999999999999 0
1398 0.2022083333333334 0.6299999999999999 0
1399 0.1993333333333335 0.6399999999999999 0
1400 0.1964583333333335 0.6499999999999999 0
1401 0.1935833333333334 0.6599999999999999 0
1402 0.1907083333333334 0.67 0
1403 0.1878333333333335 0.6799999999999999 0
1404 0.1849583333333335 0.6899999999999999 0
1405 0.1820833333333335 0.6999999999999998 0
1406 0.1792083333333335 0.71 0
1407 0.1763333333333335 0.72 0
1408 0.1734583333333334 0.7300000000000001 0
1409 0.1705833333333334 0.74 0
1410 0.1677083333333334 0.75 0
1411 0.1648333333333335 0.76 0
1412 0.1619583333333334 0.77 0
1413 0.1590833333333334 0.7800000000000001 0
1414 0.1562083333333336 0.79 0
1415 0.3639166666666667 0.01000000000000006 0
1416 0.3611666666666667 0.01999999999999991 0
1417 0.3584166666666667 0.03000000000000019 0
1418 0.3556666666666667 0.03999999999999992 0
1419 0.3529166666666668 0.05000000000000004 0
1420 0.3501666666666667 0.06000000000000005 0
1421 0.3474166666666667 0.06999999999999995 0
1422 0.3446666666666668 0.08000000000000002 0
1423 0.3419166666666668 0.09000000000000014 0
1424 0.3391666666666667 0.1 0
1425 0.3364166666666668 0.11 0
1426 0.3336666666666668 0.12 0
1427 0.3309166666666668 0.1299999999999999 0
1428 0.3281666666666668 0.14 0
1429 0.3254166666666668 0.1499999999999999 0
1430 0.3226666666666668 0.1599999999999999 0
1431 0.3199166666666668 0.17 0
1432 0.3171666666666668 0.1799999999999999 0
1433 0.3144166666666668 0.19 0
1434 0.3116666666666668 0.2 0
1435 0.3089166666666668 0.2099999999999999 0
1436 0.3061666666666669 0.2199999999999998 0
1437 0.3034166666666669 0.2299999999999999 0
1438 0.3006666666666669 0.2399999999999997 0
1439 0.2979166666666669 0.2499999999999998 0
1440 0.2951666666666669 0.2599999999999998 0
1441 0.2924166666666669 0.2699999999999998 0
1442 0.2896666666666668 0.2799999999999999 0
1443 0.2869166666666669 0.2899999999999998 0
1444 0.2841666666666669 0.2999999999999998 0
1445 0.2814166666666669 0.3099999999999997 0
1446 0.2786666666666669 0.3199999999999997 0
1447 0.2759166666666669 0.3299999999999997 0
1448 0.2731666666666669 0.3399999999999996 0
1449 0.270416666666667 0.3499999999999997 0
1450 0.2676666666666669 0.3599999999999997 0
1451 0.264916666666667 0.3699999999999997 0
1452 0.2621666666666669 0.3799999999999997 0
1453 0.2594166666666669 0.3899999999999997 0
1454 0.2566666666666669 0.3999999999999997 0
1455 0.253916666666667 0.4099999999999998 0
1456 0.2511666666666669 0.4199999999999997 0
1457 0.2484166666666668 0.4299999999999998 0
1458 0.2456666666666669 0.4399999999999997 0
1459 0.2429166666666669 0.4499999999999998 0
1460 0.2401666666666669 0.4599999999999999 0
1461 0.2374166666666668 0.4699999999999998 0
1462 0.2346666666666669 0.4799999999999999 0
1463 0.2319166666666669 0.4899999999999998 0
1464 0.2291666666666669 0.4999999999999998 0
1465 0.2264166666666669 0.5099999999999999 0
1466 0.2236666666666668 0.5199999999999999 0
1467 0.2209166666666669 0.5299999999999999 0
1468 0.2181666666666668 0.5399999999999999 0
1469 0.2154166666666668 0.5499999999999999 0
1470 0.2126666666666669 0.5599999999999998 0
1471 0.2099166666666668 0.57 0
1472 0.2071666666666668 0.58 0
1473 0.2044166666666668 0.59 0
1474 0.2016666666666669 0.6 0
1475 0.1989166666666668 0.6099999999999999 0
1476 0.1961666666666669 0.6199999999999999 0
1477 0.1934166666666668 0.6299999999999999 0
1478 0.1906666666666669 0.6399999999999999 0
1479 0.1879166666666668 0.65 0
1480 0.1851666666666669 0.6599999999999999 0
1481 0.1824166666666668 0.67 0
1482 0.1796666666666669 0.6799999999999999 0
1483 0.1769166666666668 0.6899999999999999 0
1484 0.1741666666666668 0.6999999999999998 0
1485 0.1714166666666668 0.71 0
1486 0.1686666666666668 0.72 0
1487 0.1659166666666668 0.73 0
1488 0.1631666666666668 0.7400000000000001 0
1489 0.1604166666666668 0.75 0
1490 0.1576666666666668 0.76 0
1491 0.1549166666666668 0.77 0
1492 0.1521666666666667 0.7800000000000001 0
1493 0.1494166666666668 0.79 0
1494 0.347375 0.01000000000000001 0
1495 0.34475 0.01999999999999991 0
1496 0.342125 0.03000000000000014 0
1497 0.3395 0.03999999999999998 0
1498 0.336875 0.0500000000000001 0
1499 0.33425 0.06000000000000005 0
1500 0.331625 0.07000000000000006 0
1501 0.329 0.08000000000000002 0
1502 0.326375 0.09000000000000002 0
1503 0.32375 0.1 0
1504 0.321125 0.11 0
1505 0.3185000000000001 0.1199999999999999 0
1506 0.3158750000000001 0.1299999999999999 0
1507 0.3132500000000001 0.1399999999999999 0
1508 0.3106250000000001 0.15 0
1509 0.3080000000000001 0.1599999999999999 0
1510 0.3053750000000001 0.1699999999999999 0
1511 0.3027500000000001 0.1799999999999999 0
1512 0.3001250000000001 0.1899999999999999 0
1513 0.2975000000000001 0.2 0
1514 0.2948750000000001 0.2099999999999999 0
1515 0.2922500000000002 0.2199999999999998 0
1516 0.2896250000000002 0.2299999999999999 0
1517 0.2870000000000001 0.2399999999999998 0
1518 0.2843750000000002 0.2499999999999998 0
1519 0.2817500000000002 0.2599999999999999 0
1520 0.2791250000000002 0.2699999999999999 0
1521 0.2765000000000002 0.2799999999999999 0
1522 0.2738750000000002 0.2899999999999997 0
1523 0.2712500000000002 0.2999999999999999 0
1524 0.2686250000000002 0.3099999999999998 0
1525 0.2660000000000002 0.3199999999999997 0
1526 0.2633750000000002 0.3299999999999997 0
1527 0.2607500000000002 0.3399999999999997 0
1528 0.2581250000000002 0.3499999999999997 0
1529 0.2555000000000002 0.3599999999999998 0
1530 0.2528750000000002 0.3699999999999997 0
1531 0.2502500000000002 0.3799999999999997 0
1532 0.2476250000000002 0.3899999999999998 0
1533 0.2450000000000001 0.3999999999999997 0
1534 0.2423750000000002 0.4099999999999998 0
1535 0.2397500000000002 0.4199999999999998 0
1536 0.2371250000000001 0.4299999999999998 0
1537 0.2345000000000002 0.4399999999999998 0
1538 0.2318750000000002 0.4499999999999998 0
1539 0.2292500000000001 0.4599999999999999 0
1540 0.2266250000000002 0.4699999999999999 0
1541 0.2240000000000002 0.4799999999999998 0
1542 0.2213750000000002 0.4899999999999998 0
1543 0.2187500000000002 0.4999999999999998 0
1544 0.2161250000000002 0.5099999999999998 0
1545 0.2135000000000001 0.5199999999999999 0
1546 0.2108750000000002 0.5299999999999999 0
1547 0.2082500000000002 0.5399999999999999 0
1548 0.2056250000000001 0.5499999999999999 0
1549 0.2030000000000001 0.5599999999999999 0
1550 0.2003750000000001 0.5700000000000001 0
1551 0.1977500000000001 0.5800000000000001 0
1552 0.1951250000000001 0.59 0
1553 0.1925000000000001 0.6 0
1554 0.1898750000000001 0.6099999999999999 0
1555 0.1872500000000002 0.6199999999999999 0
1556 0.1846250000000001 0.6299999999999999 0
1557 0.1820000000000001 0.64 0
1558 0.1793750000000001 0.6500000000000001 0
1559 0.1767500000000001 0.6599999999999999 0
1560 0.1741250000000001 0.67 0
1561 0.1715000000000001 0.68 0
1562 0.1688750000000001 0.6899999999999999 0
1563 0.1662500000000001 0.7 0
1564 0.1636250000000001 0.71 0
1565 0.1610000000000001 0.72 0
1566 0.1583750000000001 0.73 0
1567 0.1557500000000002 0.7400000000000001 0
1568 0.1531250000000001 0.75 0
1569 0.1505000000000001 0.76 0
1570 0.1478750000000001 0.7700000000000001 0
1571 0.14525 0.7800000000000001 0
1572 0.1426250000000001 0.79 0
1573 0.3308333333333334 0.009999999999999953 0
1574 0.3283333333333334 0.02000000000000002 0
1575 0.3258333333333334 0.03000000000000019 0
1576 0.3233333333333334 0.03999999999999998 0
1577 0.3208333333333334 0.04999999999999999 0
1578 0.3183333333333334 0.05999999999999994 0
1579 0.3158333333333334 0.07000000000000006 0
1580 0.3133333333333335 0.08000000000000007 0
1581 0.3108333333333334 0.09000000000000002 0
1582 0.3083333333333334 0.09999999999999998 0
1583 0.3058333333333335 0.11 0
1584 0.3033333333333335 0.12 0
1585 0.3008333333333335 0.1299999999999999 0
1586 0.2983333333333335 0.14 0
1587 0.2958333333333335 0.15 0
1588 0.2933333333333334 0.16 0
1589 0.2908333333333335 0.1699999999999999 0
1590 0.2883333333333335 0.18 0
1591 0.2858333333333335 0.19 0
1592 0.2833333333333334 0.2 0
1593 0.2808333333333335 0.21 0
1594 0.2783333333333335 0.2199999999999999 0
1595 0.2758333333333335 0.2299999999999999 0
1596 0.2733333333333335 0.2399999999999998 0
1597 0.2708333333333335 0.2499999999999999 0
1598 0.2683333333333335 0.2599999999999998 0
1599 0.2658333333333335 0.2699999999999999 0
1600 0.2633333333333335 0.2799999999999999 0
1601 0.2608333333333336 0.2899999999999998 0
1602 0.2583333333333335 0.2999999999999999 0
1603 0.2558333333333336 0.3099999999999998 0
1604 0.2533333333333335 0.3199999999999997 0
1605 0.2508333333333336 0.3299999999999997 0
1606 0.2483333333333335 0.3399999999999997 0
1607 0.2458333333333335 0.3499999999999998 0
1608 0.2433333333333336 0.3599999999999998 0
1609 0.2408333333333336 0.3699999999999998 0
1610 0.2383333333333336 0.3799999999999997 0
1611 0.2358333333333336 0.3899999999999998 0
1612 0.2333333333333336 0.3999999999999998 0
1613 0.2308333333333336 0.4099999999999998 0
1614 0.2283333333333336 0.4199999999999997 0
1615 0.2258333333333335 0.4299999999999998 0
1616 0.2233333333333336 0.4399999999999998 0
1617 0.2208333333333335 0.4499999999999998 0
1618 0.2183333333333335 0.4599999999999999 0
1619 0.2158333333333336 0.4699999999999999 0
1620 0.2133333333333336 0.4799999999999999 0
1621 0.2108333333333336 0.4899999999999998 0
1622 0.2083333333333336 0.4999999999999998 0
1623 0.2058333333333335 0.5099999999999999 0
1624 0.2033333333333336 0.52 0
1625 0.2008333333333335 0.5299999999999999 0
1626 0.1983333333333335 0.5399999999999999 0
1627 0.1958333333333335 0.5499999999999999 0
1628 0.1933333333333335 0.5599999999999998 0
1629 0.1908333333333335 0.5700000000000001 0
1630 0.1883333333333335 0.58 0
1631 0.1858333333333335 0.59 0
1632 0.1833333333333335 0.6 0
1633 0.1808333333333336 0.61 0
1634 0.1783333333333336 0.6199999999999999 0
1635 0.1758333333333336 0.6299999999999999 0
1636 0.1733333333333336 0.6399999999999999 0
1637 0.1708333333333336 0.65 0
1638 0.1683333333333336 0.6599999999999999 0
1639 0.1658333333333335 0.67 0
1640 0.1633333333333335 0.6800000000000002 0
1641 0.1608333333333334 0.6899999999999999 0
1642 0.1583333333333335 0.7 0
1643 0.1558333333333334 0.71 0
1644 0.1533333333333335 0.72 0
1645 0.1508333333333334 0.7300000000000001 0
1646 0.1483333333333334 0.7400000000000002 0
1647 0.1458333333333334 0.75 0
1648 0.1433333333333335 0.76 0
1649 0.1408333333333334 0.77 0
1650 0.1383333333333335 0.7800000000000001 0
1651 0.1358333333333334 0.79 0
1652 0.3142916666666667 0.01000000000000006 0
1653 0.3119166666666667 0.01999999999999991 0
1654 0.3095416666666667 0.03000000000000008 0
1655 0.3071666666666668 0.03999999999999992 0
1656 0.3047916666666667 0.0500000000000001 0
1657 0.3024166666666667 0.06000000000000005 0
1658 0.3000416666666667 0.07000000000000006 0
1659 0.2976666666666667 0.08000000000000002 0
1660 0.2952916666666667 0.09000000000000002 0
1661 0.2929166666666667 0.1 0
1662 0.2905416666666667 0.11 0
1663 0.2881666666666668 0.12 0
1664 0.2857916666666668 0.1299999999999999 0
1665 0.2834166666666668 0.14 0
1666 0.2810416666666667 0.15 0
1667 0.2786666666666667 0.16 0
1668 0.2762916666666667 0.17 0
1669 0.2739166666666668 0.18 0
1670 0.2715416666666668 0.1899999999999999 0
1671 0.2691666666666668 0.2 0
1672 0.2667916666666668 0.21 0
1673 0.2644166666666668 0.22 0
1674 0.2620416666666668 0.2299999999999999 0
1675 0.2596666666666668 0.2399999999999999 0
1676 0.2572916666666668 0.2499999999999999 0
1677 0.2549166666666668 0.2599999999999999 0
1678 0.2525416666666668 0.2699999999999999 0
1679 0.2501666666666668 0.2799999999999999 0
1680 0.2477916666666669 0.2899999999999998 0
1681 0.2454166666666668 0.2999999999999999 0
1682 0.2430416666666669 0.3099999999999998 0
1683 0.2406666666666668 0.3199999999999998 0
1684 0.2382916666666668 0.3299999999999997 0
1685 0.2359166666666669 0.3399999999999998 0
1686 0.2335416666666669 0.3499999999999998 0
1687 0.2311666666666669 0.3599999999999999 0
1688 0.2287916666666669 0.3699999999999998 0
1689 0.2264166666666669 0.3799999999999998 0
1690 0.2240416666666668 0.3899999999999998 0
1691 0.2216666666666668 0.3999999999999998 0
1692 0.2192916666666669 0.4099999999999998 0
1693 0.2169166666666669 0.4199999999999998 0
1694 0.2145416666666669 0.4299999999999999 0
1695 0.2121666666666668 0.4399999999999998 0
1696 0.2097916666666668 0.4499999999999998 0
1697 0.2074166666666668 0.4599999999999999 0
1698 0.2050416666666669 0.4699999999999999 0
1699 0.2026666666666668 0.4799999999999999 0
1700 0.2002916666666668 0.4899999999999999 0
1701 0.1979166666666668 0.4999999999999999 0
1702 0.1955416666666668 0.5099999999999999 0
1703 0.1931666666666668 0.52 0
1704 0.1907916666666668 0.53 0
1705 0.1884166666666668 0.54 0
1706 0.1860416666666667 0.5499999999999999 0
1707 0.1836666666666668 0.5599999999999999 0
1708 0.1812916666666668 0.5700000000000001 0
1709 0.1789166666666669 0.5800000000000001 0
1710 0.1765416666666668 0.59 0
1711 0.1741666666666669 0.6 0
1712 0.1717916666666668 0.61 0
1713 0.1694166666666668 0.6199999999999999 0
1714 0.1670416666666668 0.6299999999999999 0
1715 0.1646666666666668 0.64 0
1716 0.1622916666666668 0.65 0
1717 0.1599166666666668 0.66 0
1718 0.1575416666666667 0.67 0
1719 0.1551666666666668 0.6800000000000002 0
1720 0.1527916666666668 0.6899999999999999 0
1721 0.1504166666666669 0.7 0
1722 0.1480416666666668 0.71 0
1723 0.1456666666666668 0.72 0
1724 0.1432916666666668 0.7300000000000001 0
1725 0.1409166666666667 0.7400000000000002 0
1726 0.1385416666666667 0.75 0
1727 0.1361666666666667 0.76 0
1728 0.1337916666666669 0.7700000000000001 0
1729 0.1314166666666667 0.7800000000000001 0
1730 0.1290416666666668 0.79 0
1731 0.2977500000000001 0.01000000000000001 0
1732 0.2955 0.02000000000000002 0
1733 0.2932500000000001 0.03000000000000014 0
1734 0.2910000000000001 0.03999999999999992 0
1735 0.2887500000000001 0.05000000000000004 0
1736 0.2865 0.06000000000000005 0
1737 0.2842500000000001 0.07000000000000006 0
1738 0.2820000000000001 0.08000000000000002 0
1739 0.2797500000000001 0.09000000000000002 0
1740 0.2775000000000001 0.1 0
1741 0.2752500000000001 0.11 0
1742 0.2730000000000001 0.12 0
1743 0.2707500000000002 0.1299999999999999 0
1744 0.2685000000000001 0.1400000000000001 0
1745 0.2662500000000002 0.15 0
1746 0.2640000000000002 0.16 0
1747 0.2617500000000001 0.1699999999999999 0
1748 0.2595000000000002 0.18 0
1749 0.2572500000000002 0.1899999999999999 0
1750 0.2550000000000002 0.2000000000000001 0
1751 0.2527500000000001 0.21 0
1752 0.2505000000000002 0.2199999999999999 0
1753 0.2482500000000002 0.23 0
1754 0.2460000000000002 0.2399999999999999 0
1755 0.2437500000000002 0.25 0
1756 0.2415000000000002 0.2599999999999999 0
1757 0.2392500000000002 0.2699999999999999 0
1758 0.2370000000000002 0.28 0
1759 0.2347500000000003 0.2899999999999998 0
1760 0.2325000000000003 0.2999999999999999 0
1761 0.2302500000000003 0.3099999999999998 0
1762 0.2280000000000002 0.3199999999999998 0
1763 0.2257500000000003 0.3299999999999997 0
1764 0.2235000000000002 0.3399999999999998 0
1765 0.2212500000000003 0.3499999999999998 0
1766 0.2190000000000002 0.3599999999999998 0
1767 0.2167500000000003 0.3699999999999998 0
1768 0.2145000000000002 0.3799999999999999 0
1769 0.2122500000000003 0.3899999999999998 0
1770 0.2100000000000002 0.3999999999999998 0
1771 0.2077500000000002 0.4099999999999999 0
1772 0.2055000000000002 0.4199999999999998 0
1773 0.2032500000000002 0.4299999999999999 0
1774 0.2010000000000002 0.4399999999999998 0
1775 0.1987500000000002 0.4499999999999999 0
1776 0.1965000000000002 0.46 0
1777 0.1942500000000003 0.4699999999999999 0
1778 0.1920000000000002 0.4799999999999999 0
1779 0.1897500000000002 0.4899999999999999 0
1780 0.1875000000000002 0.4999999999999999 0
1781 0.1852500000000002 0.5099999999999999 0
1782 0.1830000000000002 0.52 0
1783 0.1807500000000001 0.53 0
1784 0.1785000000000002 0.54 0
1785 0.1762500000000001 0.55 0
1786 0.1740000000000002 0.5599999999999999 0
1787 0.1717500000000002 0.5700000000000001 0
1788 0.1695000000000002 0.5800000000000001 0
1789 0.1672500000000002 0.59 0
1790 0.1650000000000001 0.6000000000000001 0
1791 0.1627500000000002 0.61 0
1792 0.1605000000000001 0.62 0
1793 0.1582500000000002 0.6299999999999999 0
1794 0.1560000000000002 0.64 0
1795 0.1537500000000001 0.65 0
1796 0.1515000000000001 0.6599999999999999 0
1797 0.1492500000000003 0.67 0
1798 0.1470000000000002 0.6800000000000002 0
1799 0.1447500000000001 0.6900000000000001 0
1800 0.1425000000000002 0.7 0
1801 0.1402500000000002 0.71 0
1802 0.1380000000000002 0.72 0
1803 0.13575 0.73 0
1804 0.1335000000000002 0.7400000000000002 0
1805 0.1312500000000001 0.75 0
1806 0.1290000000000001 0.76 0
1807 0.1267500000000001 0.77 0
1808 0.1245000000000001 0.7800000000000001 0
1809 0.1222500000000001 0.7900000000000001 0
1810 0.2812083333333334 0.01000000000000001 0
1811 0.2790833333333333 0.02000000000000007 0
1812 0.2769583333333333 0.03000000000000003 0
1813 0.2748333333333334 0.03999999999999992 0
1814 0.2727083333333334 0.05000000000000016 0
1815 0.2705833333333333 0.06000000000000005 0
1816 0.2684583333333334 0.07000000000000006 0
1817 0.2663333333333334 0.08000000000000002 0
1818 0.2642083333333334 0.09000000000000002 0
1819 0.2620833333333333 0.1000000000000001 0
1820 0.2599583333333334 0.11 0
1821 0.2578333333333334 0.1200000000000001 0
1822 0.2557083333333334 0.1299999999999999 0
1823 0.2535833333333334 0.14 0
1824 0.2514583333333335 0.1500000000000001 0
1825 0.2493333333333334 0.16 0
1826 0.2472083333333334 0.1700000000000001 0
1827 0.2450833333333334 0.1799999999999999 0
1828 0.2429583333333334 0.1899999999999999 0
1829 0.2408333333333334 0.2 0
1830 0.2387083333333335 0.2100000000000001 0
1831 0.2365833333333335 0.2199999999999999 0
1832 0.2344583333333335 0.23 0
1833 0.2323333333333334 0.2399999999999999 0
1834 0.2302083333333334 0.25 0
1835 0.2280833333333335 0.2599999999999999 0
1836 0.2259583333333335 0.2699999999999999 0
1837 0.2238333333333335 0.28 0
1838 0.2217083333333335 0.2899999999999999 0
1839 0.2195833333333335 0.3 0
1840 0.2174583333333336 0.3099999999999999 0
1841 0.2153333333333335 0.32 0
1842 0.2132083333333335 0.3299999999999998 0
1843 0.2110833333333335 0.3399999999999999 0
1844 0.2089583333333335 0.3499999999999998 0
1845 0.2068333333333335 0.3599999999999999 0
1846 0.2047083333333335 0.3699999999999998 0
1847 0.2025833333333335 0.3799999999999998 0
1848 0.2004583333333335 0.3899999999999998 0
1849 0.1983333333333335 0.3999999999999999 0
1850 0.1962083333333336 0.4099999999999999 0
1851 0.1940833333333335 0.4199999999999998 0
1852 0.1919583333333336 0.4299999999999999 0
1853 0.1898333333333335 0.4399999999999998 0
1854 0.1877083333333335 0.4499999999999999 0
1855 0.1855833333333335 0.46 0
1856 0.1834583333333335 0.4699999999999999 0
1857 0.1813333333333335 0.48 0
1858 0.1792083333333335 0.4899999999999999 0
1859 0.1770833333333335 0.4999999999999999 0
1860 0.1749583333333335 0.51 0
1861 0.1728333333333335 0.52 0
1862 0.1707083333333335 0.53 0
1863 0.1685833333333335 0.54 0
1864 0.1664583333333335 0.55 0
1865 0.1643333333333334 0.5599999999999999 0
1866 0.1622083333333335 0.5700000000000001 0
1867 0.1600833333333335 0.5800000000000001 0
1868 0.1579583333333335 0.5900000000000001 0
1869 0.1558333333333334 0.6000000000000001 0
1870 0.1537083333333336 0.61 0
1871 0.1515833333333335 0.62 0
1872 0.1494583333333335 0.6299999999999999 0
1873 0.1473333333333335 0.64 0
1874 0.1452083333333334 0.65 0
1875 0.1430833333333335 0.66 0
1876 0.1409583333333335 0.67 0
1877 0.1388333333333334 0.6800000000000002 0
1878 0.1367083333333335 0.6900000000000001 0
1879 0.1345833333333335 0.7 0
1880 0.1324583333333335 0.71 0
1881 0.1303333333333335 0.72 0
1882 0.1282083333333334 0.73 0
1883 0.1260833333333335 0.7400000000000001 0
1884 0.1239583333333335 0.75 0
1885 0.1218333333333334 0.76 0
1886 0.1197083333333335 0.7700000000000001 0
1887 0.1175833333333334 0.7800000000000001 0
1888 0.1154583333333334 0.79 0
1889 0.2646666666666666 0.01000000000000001 0
1890 0.2626666666666667 0.01999999999999996 0
1891 0.2606666666666666 0.03000000000000014 0
1892 0.2586666666666667 0.03999999999999998 0
1893 0.2566666666666667 0.05000000000000016 0
1894 0.2546666666666667 0.06 0
1895 0.2526666666666667 0.07000000000000006 0
1896 0.2506666666666667 0.08000000000000007 0
1897 0.2486666666666666 0.09000000000000002 0
1898 0.2466666666666667 0.1000000000000001 0
1899 0.2446666666666667 0.11 0
1900 0.2426666666666667 0.12 0
1901 0.2406666666666668 0.1300000000000001 0
1902 0.2386666666666667 0.14 0
1903 0.2366666666666667 0.1500000000000001 0
1904 0.2346666666666667 0.1600000000000001 0
1905 0.2326666666666667 0.17 0
1906 0.2306666666666667 0.1799999999999999 0
1907 0.2286666666666667 0.1900000000000001 0
1908 0.2266666666666667 0.2000000000000001 0
1909 0.2246666666666667 0.2100000000000001 0
1910 0.2226666666666667 0.2199999999999999 0
1911 0.2206666666666667 0.23 0
1912 0.2186666666666667 0.24 0
1913 0.2166666666666667 0.25 0
1914 0.2146666666666668 0.26 0
1915 0.2126666666666668 0.2699999999999999 0
1916 0.2106666666666668 0.28 0
1917 0.2086666666666668 0.2899999999999999 0
1918 0.2066666666666668 0.3 0
1919 0.2046666666666668 0.3099999999999999 0
1920 0.2026666666666668 0.32 0
1921 0.2006666666666669 0.3299999999999999 0
1922 0.1986666666666668 0.3399999999999999 0
1923 0.1966666666666668 0.3499999999999999 0
1924 0.1946666666666668 0.3599999999999999 0
1925 0.1926666666666668 0.3699999999999999 0
1926 0.1906666666666669 0.3799999999999999 0
1927 0.1886666666666667 0.3899999999999999 0
1928 0.1866666666666669 0.3999999999999999 0
1929 0.1846666666666669 0.4099999999999999 0
1930 0.1826666666666669 0.4199999999999998 0
1931 0.1806666666666668 0.43 0
1932 0.1786666666666669 0.4399999999999999 0
1933 0.1766666666666669 0.4499999999999999 0
1934 0.1746666666666668 0.46 0
1935 0.1726666666666669 0.47 0
1936 0.1706666666666667 0.48 0
1937 0.1686666666666667 0.4899999999999999 0
1938 0.1666666666666667 0.5 0
1939 0.1646666666666668 0.51 0
1940 0.1626666666666668 0.52 0
1941 0.1606666666666667 0.53 0
1942 0.1586666666666668 0.54 0
1943 0.1566666666666668 0.55 0
1944 0.1546666666666668 0.5600000000000001 0
1945 0.1526666666666667 0.5700000000000001 0
1946 0.1506666666666669 0.5800000000000001 0
1947 0.1486666666666668 0.5900000000000001 0
1948 0.1466666666666668 0.6 0
1949 0.1446666666666668 0.6100000000000001 0
1950 0.1426666666666668 0.6200000000000001 0
1951 0.1406666666666668 0.63 0
1952 0.1386666666666668 0.6400000000000001 0
1953 0.1366666666666668 0.6500000000000001 0
1954 0.1346666666666668 0.66 0
1955 0.1326666666666668 0.67 0
1956 0.1306666666666668 0.68 0
1957 0.1286666666666668 0.6900000000000001 0
1958 0.1266666666666668 0.7 0
1959 0.1246666666666668 0.7100000000000002 0
1960 0.1226666666666668 0.72 0
1961 0.1206666666666668 0.73 0
1962 0.1186666666666668 0.7400000000000001 0
1963 0.1166666666666667 0.75 0
1964 0.1146666666666668 0.76 0
1965 0.1126666666666668 0.77 0
1966 0.1106666666666667 0.7800000000000001 0
1967 0.1086666666666669 0.79 0
1968 0.248125 0.01000000000000006 0
1969 0.24625 0.02000000000000002 0
1970 0.244375 0.03000000000000014 0
1971 0.2425 0.03999999999999992 0
1972 0.240625 0.0500000000000001 0
1973 0.2387500000000001 0.06000000000000011 0
1974 0.2368749999999999 0.07000000000000006 0
1975 0.235 0.08000000000000007 0
1976 0.233125 0.09000000000000002 0
1977 0.23125 0.1000000000000001 0
1978 0.2293750000000001 0.11 0
1979 0.2275000000000001 0.12 0
1980 0.2256250000000001 0.1300000000000001 0
1981 0.22375 0.14 0
1982 0.221875 0.1500000000000001 0
1983 0.2200000000000001 0.16 0
1984 0.2181250000000001 0.17 0
1985 0.2162500000000001 0.1799999999999999 0
1986 0.2143750000000001 0.1900000000000001 0
1987 0.2125000000000001 0.2000000000000001 0
1988 0.2106250000000001 0.2100000000000001 0
1989 0.2087500000000001 0.22 0
1990 0.2068750000000001 0.2300000000000001 0
1991 0.2050000000000001 0.24 0
1992 0.2031250000000001 0.25 0
1993 0.2012500000000002 0.26 0
1994 0.1993750000000001 0.27 0
1995 0.1975000000000001 0.28 0
1996 0.1956250000000002 0.2899999999999999 0
1997 0.1937500000000001 0.3 0
1998 0.1918750000000001 0.3099999999999999 0
1999 0.1900000000000001 0.32 0
2000 0.1881250000000002 0.3299999999999998 0
2001 0.1862500000000002 0.3399999999999999 0
2002 0.1843750000000002 0.3499999999999999 0
2003 0.1825000000000002 0.3599999999999999 0
2004 0.1806250000000001 0.3699999999999999 0
2005 0.1787500000000001 0.3799999999999999 0
2006 0.1768750000000001 0.3899999999999999 0
2007 0.1750000000000002 0.3999999999999999 0
2008 0.1731250000000001 0.4099999999999999 0
2009 0.1712500000000001 0.4199999999999999 0
2010 0.1693750000000001 0.43 0
2011 0.1675000000000001 0.4399999999999999 0
2012 0.1656250000000001 0.45 0
2013 0.1637500000000001 0.46 0
2014 0.1618750000000002 0.47 0
2015 0.1600000000000002 0.48 0
2016 0.1581250000000001 0.49 0
2017 0.1562500000000001 0.5 0
2018 0.1543750000000002 0.51 0
2019 0.1525000000000001 0.52 0
2020 0.1506250000000002 0.53 0
2021 0.1487500000000001 0.54 0
2022 0.1468750000000002 0.55 0
2023 0.1450000000000002 0.5600000000000001 0
2024 0.1431250000000002 0.5700000000000001 0
2025 0.1412500000000001 0.5800000000000001 0
2026 0.1393750000000001 0.5900000000000001 0
2027 0.1375000000000001 0.6000000000000001 0
2028 0.1356250000000002 0.6100000000000001 0
2029 0.1337500000000001 0.6200000000000001 0
2030 0.1318750000000002 0.63 0
2031 0.1300000000000001 0.6400000000000001 0
2032 0.1281250000000002 0.6500000000000001 0
2033 0.1262500000000001 0.66 0
2034 0.1243750000000001 0.67 0
2035 0.1225000000000002 0.6800000000000002 0
2036 0.120625 0.6900000000000001 0
2037 0.1187500000000001 0.7000000000000002 0
2038 0.1168750000000001 0.7100000000000002 0
2039 0.115 0.7200000000000001 0
2040 0.1131250000000001 0.73 0
2041 0.1112500000000001 0.7400000000000001 0
2042 0.1093750000000001 0.75 0
2043 0.1075000000000001 0.76 0
2044 0.1056250000000001 0.77 0
2045 0.1037500000000001 0.7800000000000001 0
2046 0.1018750000000002 0.7900000000000001 0
2047 0.2315833333333334 0.01000000000000001 0
2048 0.2298333333333334 0.01999999999999996 0
2049 0.2280833333333334 0.03000000000000014 0
2050 0.2263333333333334 0.03999999999999992 0
2051 0.2245833333333334 0.05000000000000016 0
2052 0.2228333333333334 0.06000000000000011 0
2053 0.2210833333333334 0.07000000000000006 0
2054 0.2193333333333334 0.08000000000000002 0
2055 0.2175833333333334 0.09000000000000002 0
2056 0.2158333333333334 0.1000000000000001 0
2057 0.2140833333333334 0.11 0
2058 0.2123333333333334 0.12 0
2059 0.2105833333333335 0.13 0
2060 0.2088333333333335 0.14 0
2061 0.2070833333333335 0.1500000000000001 0
2062 0.2053333333333334 0.1600000000000001 0
2063 0.2035833333333334 0.1700000000000002 0
2064 0.2018333333333335 0.1799999999999999 0
2065 0.2000833333333335 0.1900000000000001 0
2066 0.1983333333333335 0.2000000000000001 0
2067 0.1965833333333334 0.2100000000000001 0
2068 0.1948333333333335 0.22 0
2069 0.1930833333333335 0.2300000000000001 0
2070 0.1913333333333335 0.24 0
2071 0.1895833333333335 0.25 0
2072 0.1878333333333335 0.2600000000000001 0
2073 0.1860833333333335 0.2700000000000001 0
2074 0.1843333333333335 0.2800000000000001 0
2075 0.1825833333333335 0.29 0
2076 0.1808333333333335 0.3 0
2077 0.1790833333333335 0.31 0
2078 0.1773333333333336 0.32 0
2079 0.1755833333333335 0.33 0
2080 0.1738333333333335 0.34 0
2081 0.1720833333333336 0.3499999999999999 0
2082 0.1703333333333335 0.3599999999999999 0
2083 0.1685833333333335 0.3699999999999999 0
2084 0.1668333333333335 0.3799999999999999 0
2085 0.1650833333333335 0.3899999999999999 0
2086 0.1633333333333334 0.4 0
2087 0.1615833333333335 0.4099999999999999 0
2088 0.1598333333333334 0.4199999999999999 0
2089 0.1580833333333336 0.43 0
2090 0.1563333333333335 0.4399999999999999 0
2091 0.1545833333333335 0.45 0
2092 0.1528333333333335 0.4600000000000001 0
2093 0.1510833333333335 0.47 0
2094 0.1493333333333335 0.48 0
2095 0.1475833333333335 0.49 0
2096 0.1458333333333335 0.5 0
2097 0.1440833333333335 0.51 0
2098 0.1423333333333335 0.5200000000000001 0
2099 0.1405833333333334 0.5300000000000001 0
2100 0.1388333333333335 0.54 0
2101 0.1370833333333335 0.55 0
2102 0.1353333333333335 0.5600000000000001 0
2103 0.1335833333333334 0.5700000000000001 0
2104 0.1318333333333334 0.5800000000000001 0
2105 0.1300833333333335 0.5900000000000001 0
2106 0.1283333333333335 0.6000000000000001 0
2107 0.1265833333333335 0.6100000000000001 0
2108 0.1248333333333335 0.62 0
2109 0.1230833333333335 0.63 0
2110 0.1213333333333335 0.6400000000000001 0
2111 0.1195833333333334 0.6500000000000001 0
2112 0.1178333333333333 0.66 0
2113 0.1160833333333335 0.6700000000000002 0
2114 0.1143333333333335 0.6800000000000002 0
2115 0.1125833333333334 0.6900000000000001 0
2116 0.1108333333333335 0.7000000000000001 0
2117 0.1090833333333335 0.7100000000000002 0
2118 0.1073333333333334 0.7200000000000001 0
2119 0.1055833333333334 0.73 0
2120 0.1038333333333334 0.7400000000000002 0
2121 0.1020833333333334 0.7500000000000001 0
2122 0.1003333333333334 0.76 0
2123 0.09858333333333341 0.7700000000000002 0
2124 0.09683333333333333 0.7800000000000001 0
2125 0.09508333333333346 0.79 0
2126 0.2150416666666667 0.01000000000000001 0
2127 0.2134166666666667 0.01999999999999996 0
2128 0.2117916666666667 0.03000000000000014 0
2129 0.2101666666666667 0.03999999999999987 0
2130 0.2085416666666667 0.0500000000000001 0
2131 0.2069166666666667 0.06000000000000011 0
2132 0.2052916666666667 0.07000000000000006 0
2133 0.2036666666666667 0.08000000000000007 0
2134 0.2020416666666666 0.09000000000000008 0
2135 0.2004166666666667 0.1000000000000001 0
2136 0.1987916666666668 0.11 0
2137 0.1971666666666667 0.12 0
2138 0.1955416666666668 0.1300000000000001 0
2139 0.1939166666666667 0.14 0
2140 0.1922916666666667 0.1500000000000001 0
2141 0.1906666666666668 0.16 0
2142 0.1890416666666667 0.1700000000000001 0
2143 0.1874166666666668 0.1800000000000001 0
2144 0.1857916666666668 0.1900000000000001 0
2145 0.1841666666666668 0.2000000000000001 0
2146 0.1825416666666667 0.2100000000000001 0
2147 0.1809166666666668 0.2200000000000001 0
2148 0.1792916666666667 0.2300000000000001 0
2149 0.1776666666666668 0.24 0
2150 0.1760416666666668 0.2500000000000001 0
2151 0.1744166666666669 0.2600000000000001 0
2152 0.1727916666666668 0.2700000000000001 0
2153 0.1711666666666668 0.2800000000000001 0
2154 0.1695416666666668 0.29 0
2155 0.1679166666666668 0.3000000000000001 0
2156 0.1662916666666668 0.3100000000000001 0
2157 0.1646666666666668 0.32 0
2158 0.1630416666666669 0.33 0
2159 0.1614166666666668 0.34 0
2160 0.1597916666666668 0.3499999999999999 0
2161 0.1581666666666668 0.36 0
2162 0.1565416666666669 0.37 0
2163 0.1549166666666669 0.3799999999999999 0
2164 0.1532916666666668 0.39 0
2165 0.1516666666666668 0.4 0
2166 0.1500416666666669 0.41 0
2167 0.1484166666666668 0.42 0
2168 0.1467916666666668 0.43 0
2169 0.1451666666666668 0.44 0
2170 0.1435416666666668 0.45 0
2171 0.1419166666666667 0.4600000000000001 0
2172 0.1402916666666668 0.47 0
2173 0.1386666666666667 0.4800000000000001 0
2174 0.1370416666666667 0.49 0
2175 0.1354166666666668 0.5 0
2176 0.1337916666666668 0.51 0
2177 0.1321666666666668 0.5200000000000001 0
2178 0.1305416666666668 0.5300000000000001 0
2179 0.1289166666666668 0.5400000000000001 0
2180 0.1272916666666668 0.55 0
2181 0.1256666666666667 0.5600000000000001 0
2182 0.1240416666666668 0.5700000000000002 0
2183 0.1224166666666668 0.5800000000000002 0
2184 0.1207916666666668 0.5900000000000001 0
2185 0.1191666666666668 0.6000000000000001 0
2186 0.1175416666666668 0.6100000000000001 0
2187 0.1159166666666668 0.6200000000000001 0
2188 0.1142916666666667 0.63 0
2189 0.1126666666666669 0.6400000000000001 0
2190 0.1110416666666668 0.6500000000000001 0
2191 0.1094166666666668 0.6600000000000001 0
2192 0.1077916666666668 0.6700000000000002 0
2193 0.1061666666666669 0.68 0
2194 0.1045416666666669 0.6900000000000001 0
2195 0.1029166666666668 0.7000000000000001 0
2196 0.1012916666666668 0.7100000000000002 0
2197 0.09966666666666674 0.7200000000000001 0
2198 0.09804166666666675 0.73 0
2199 0.09641666666666676 0.7400000000000002 0
2200 0.09479166666666677 0.75 0
2201 0.09316666666666679 0.76 0
2202 0.09154166666666685 0.77 0
2203 0.08991666666666681 0.7800000000000001 0
2204 0.08829166666666671 0.7900000000000001 0
2205 0.1985 0.01000000000000001 0
2206 0.197 0.02000000000000002 0
2207 0.1955 0.03000000000000008 0
2208 0.194 0.04000000000000004 0
2209 0.1925 0.05000000000000004 0
2210 0.1909999999999999 0.06000000000000011 0
2211 0.1895 0.07000000000000006 0
2212 0.188 0.08000000000000007 0
2213 0.1865 0.09000000000000002 0
2214 0.1850000000000001 0.1000000000000001 0
2215 0.1835 0.1100000000000002 0
2216 0.182 0.1200000000000001 0
2217 0.1805 0.13 0
2218 0.179 0.14 0
2219 0.1775000000000001 0.1500000000000001 0
2220 0.1760000000000001 0.1600000000000001 0
2221 0.1745 0.1700000000000001 0
2222 0.1730000000000001 0.1800000000000001 0
2223 0.1715 0.1900000000000001 0
2224 0.1700000000000001 0.2000000000000001 0
2225 0.1685000000000001 0.2100000000000001 0
2226 0.1670000000000001 0.2200000000000001 0
2227 0.1655000000000001 0.2300000000000001 0
2228 0.1640000000000001 0.2400000000000001 0
2229 0.1625000000000001 0.2500000000000002 0
2230 0.1610000000000001 0.2600000000000001 0
2231 0.1595000000000001 0.2700000000000001 0
2232 0.1580000000000001 0.2800000000000001 0
2233 0.1565000000000002 0.29 0
2234 0.1550000000000001 0.3 0
2235 0.1535000000000001 0.3100000000000001 0
2236 0.1520000000000001 0.3200000000000001 0
2237 0.1505000000000001 0.33 0
2238 0.1490000000000001 0.34 0
2239 0.1475000000000001 0.35 0
2240 0.1460000000000001 0.36 0
2241 0.1445000000000001 0.37 0
2242 0.1430000000000002 0.3799999999999999 0
2243 0.1415000000000001 0.39 0
2244 0.1400000000000001 0.4 0
2245 0.1385000000000001 0.41 0
2246 0.1370000000000001 0.42 0
2247 0.1355000000000001 0.43 0
2248 0.1340000000000002 0.4400000000000001 0
2249 0.1325000000000001 0.45 0
2250 0.1310000000000002 0.4600000000000002 0
2251 0.1295000000000001 0.47 0
2252 0.1280000000000001 0.4800000000000001 0
2253 0.1265000000000002 0.49 0
2254 0.1250000000000002 0.5000000000000001 0
2255 0.1235000000000001 0.51 0
2256 0.1220000000000001 0.5200000000000001 0
2257 0.1205000000000001 0.5300000000000001 0
2258 0.1190000000000001 0.5400000000000001 0
2259 0.1175000000000002 0.55 0
2260 0.1160000000000002 0.5600000000000001 0
2261 0.1145000000000001 0.5700000000000002 0
2262 0.1130000000000002 0.5800000000000001 0
2263 0.1115000000000001 0.5900000000000001 0
2264 0.1100000000000002 0.6000000000000001 0
2265 0.1085000000000001 0.6100000000000001 0
2266 0.1070000000000002 0.6200000000000001 0
2267 0.1055000000000001 0.6300000000000001 0
2268 0.1040000000000001 0.6400000000000001 0
2269 0.1025000000000001 0.6500000000000001 0
2270 0.1010000000000001 0.66 0
2271 0.09950000000000009 0.6700000000000002 0
2272 0.0980000000000002 0.6800000000000002 0
2273 0.09650000000000014 0.6899999999999999 0
2274 0.0950000000000002 0.7000000000000002 0
2275 0.09350000000000008 0.7100000000000002 0
2276 0.09200000000000019 0.7200000000000001 0
2277 0.09050000000000008 0.7300000000000001 0
2278 0.08900000000000025 0.7400000000000001 0
2279 0.08750000000000008 0.7500000000000002 0
2280 0.08600000000000008 0.7600000000000001 0
2281 0.08450000000000008 0.7700000000000002 0
2282 0.08300000000000018 0.7800000000000001 0
2283 0.08150000000000013 0.7900000000000001 0
2284 0.1819583333333334 0.009999999999999953 0
2285 0.1805833333333333 0.02000000000000007 0
2286 0.1792083333333334 0.03000000000000014 0
2287 0.1778333333333334 0.03999999999999992 0
2288 0.1764583333333334 0.0500000000000001 0
2289 0.1750833333333334 0.06000000000000011 0
2290 0.1737083333333334 0.07000000000000006 0
2291 0.1723333333333334 0.08000000000000007 0
2292 0.1709583333333333 0.09000000000000002 0
2293 0.1695833333333334 0.1 0
2294 0.1682083333333334 0.1100000000000001 0
2295 0.1668333333333334 0.1200000000000001 0
2296 0.1654583333333334 0.1300000000000001 0
2297 0.1640833333333334 0.14 0
2298 0.1627083333333333 0.1500000000000001 0
2299 0.1613333333333334 0.16 0
2300 0.1599583333333334 0.1700000000000002 0
2301 0.1585833333333334 0.1800000000000001 0
2302 0.1572083333333334 0.1900000000000002 0
2303 0.1558333333333335 0.2000000000000003 0
2304 0.1544583333333334 0.2100000000000002 0
2305 0.1530833333333334 0.2200000000000001 0
2306 0.1517083333333334 0.2300000000000002 0
2307 0.1503333333333334 0.24 0
2308 0.1489583333333334 0.2500000000000001 0
2309 0.1475833333333335 0.2600000000000001 0
2310 0.1462083333333334 0.2700000000000002 0
2311 0.1448333333333334 0.2800000000000001 0
2312 0.1434583333333334 0.29 0
2313 0.1420833333333335 0.3000000000000002 0
2314 0.1407083333333335 0.3100000000000001 0
2315 0.1393333333333334 0.3200000000000001 0
2316 0.1379583333333335 0.33 0
2317 0.1365833333333335 0.34 0
2318 0.1352083333333334 0.35 0
2319 0.1338333333333335 0.36 0
2320 0.1324583333333335 0.37 0
2321 0.1310833333333334 0.38 0
2322 0.1297083333333334 0.39 0
2323 0.1283333333333334 0.4 0
2324 0.1269583333333333 0.41 0
2325 0.1255833333333335 0.42 0
2326 0.1242083333333334 0.4300000000000002 0
2327 0.1228333333333334 0.4400000000000001 0
2328 0.1214583333333334 0.4500000000000001 0
2329 0.1200833333333335 0.4600000000000001 0
2330 0.1187083333333335 0.4700000000000001 0
2331 0.1173333333333335 0.4800000000000001 0
2332 0.1159583333333334 0.4900000000000001 0
2333 0.1145833333333334 0.5000000000000001 0
2334 0.1132083333333334 0.5100000000000001 0
2335 0.1118333333333334 0.5200000000000001 0
2336 0.1104583333333334 0.5300000000000002 0
2337 0.1090833333333335 0.54 0
2338 0.1077083333333335 0.5500000000000002 0
2339 0.1063333333333334 0.5600000000000001 0
2340 0.1049583333333334 0.5700000000000002 0
2341 0.1035833333333334 0.5800000000000002 0
2342 0.1022083333333335 0.5900000000000001 0
2343 0.1008333333333335 0.6000000000000001 0
2344 0.09945833333333354 0.6100000000000001 0
2345 0.09808333333333347 0.6200000000000001 0
2346 0.09670833333333345 0.63 0
2347 0.09533333333333344 0.6400000000000001 0
2348 0.09395833333333342 0.6500000000000001 0
2349 0.09258333333333335 0.6600000000000001 0
2350 0.09120833333333334 0.6700000000000002 0
2351 0.08983333333333343 0.68 0
2352 0.08845833333333347 0.6900000000000001 0
2353 0.08708333333333346 0.7000000000000001 0
2354 0.08570833333333344 0.7100000000000002 0
2355 0.08433333333333343 0.7200000000000001 0
2356 0.08295833333333341 0.73 0
2357 0.08158333333333334 0.7400000000000002 0
2358 0.08020833333333333 0.7500000000000002 0
2359 0.07883333333333337 0.7600000000000001 0
2360 0.07745833333333346 0.77 0
2361 0.07608333333333334 0.78 0
2362 0.07470833333333349 0.7900000000000001 0
2363 0.1654166666666668 0.009999999999999953 0
2364 0.1641666666666667 0.01999999999999991 0
2365 0.1629166666666668 0.03000000000000014 0
2366 0.1616666666666667 0.03999999999999992 0
2367 0.1604166666666668 0.0500000000000001 0
2368 0.1591666666666667 0.06000000000000005 0
2369 0.1579166666666668 0.06999999999999995 0
2370 0.1566666666666668 0.07999999999999996 0
2371 0.1554166666666668 0.09000000000000008 0
2372 0.1541666666666669 0.1000000000000001 0
2373 0.1529166666666668 0.1100000000000003 0
2374 0.1516666666666668 0.1200000000000001 0
2375 0.1504166666666668 0.1300000000000001 0
2376 0.1491666666666669 0.14 0
2377 0.1479166666666669 0.1500000000000001 0
2378 0.1466666666666668 0.1600000000000001 0
2379 0.1454166666666668 0.1700000000000001 0
2380 0.1441666666666668 0.1800000000000002 0
2381 0.1429166666666669 0.1900000000000002 0
2382 0.1416666666666668 0.2000000000000003 0
2383 0.140416666666667 0.2100000000000002 0
2384 0.1391666666666667 0.2200000000000001 0
2385 0.1379166666666669 0.2300000000000002 0
2386 0.1366666666666669 0.2400000000000002 0
2387 0.1354166666666669 0.2500000000000001 0
2388 0.1341666666666668 0.2600000000000001 0
2389 0.1329166666666669 0.2700000000000002 0
2390 0.1316666666666668 0.2800000000000002 0
2391 0.130416666666667 0.2900000000000001 0
2392 0.1291666666666668 0.3000000000000002 0
2393 0.1279166666666668 0.3100000000000002 0
2394 0.1266666666666669 0.3200000000000001 0
2395 0.1254166666666669 0.3300000000000001 0
2396 0.1241666666666669 0.3400000000000001 0
2397 0.1229166666666668 0.35 0
2398 0.1216666666666669 0.3600000000000001 0
2399 0.1204166666666669 0.37 0
2400 0.1191666666666669 0.38 0
2401 0.1179166666666669 0.3900000000000001 0
2402 0.1166666666666669 0.4000000000000001 0
2403 0.1154166666666669 0.41 0
2404 0.1141666666666669 0.4200000000000001 0
2405 0.1129166666666669 0.43 0
2406 0.1116666666666669 0.44 0
2407 0.1104166666666669 0.4500000000000001 0
2408 0.1091666666666669 0.4600000000000002 0
2409 0.1079166666666669 0.4700000000000001 0
2410 0.1066666666666669 0.4800000000000002 0
2411 0.1054166666666668 0.4900000000000001 0
2412 0.104166666666667 0.5000000000000002 0
2413 0.1029166666666668 0.5100000000000001 0
2414 0.1016666666666669 0.5200000000000002 0
2415 0.1004166666666669 0.5300000000000002 0
2416 0.09916666666666685 0.5400000000000001 0
2417 0.09791666666666693 0.5500000000000002 0
2418 0.0966666666666669 0.5600000000000001 0
2419 0.09541666666666693 0.5700000000000003 0
2420 0.09416666666666684 0.5800000000000002 0
2421 0.09291666666666681 0.5900000000000001 0
2422 0.09166666666666684 0.6000000000000001 0
2423 0.09041666666666692 0.6100000000000001 0
2424 0.08916666666666678 0.6200000000000001 0
2425 0.08791666666666692 0.6300000000000001 0
2426 0.08666666666666689 0.6400000000000001 0
2427 0.08541666666666692 0.6500000000000002 0
2428 0.08416666666666689 0.66 0
2429 0.08291666666666681 0.6700000000000003 0
2430 0.08166666666666683 0.6800000000000002 0
2431 0.08041666666666691 0.6900000000000001 0
2432 0.07916666666666689 0.7000000000000001 0
2433 0.0779166666666668 0.7100000000000002 0
2434 0.07666666666666688 0.7200000000000001 0
2435 0.07541666666666696 0.73 0
2436 0.07416666666666688 0.7400000000000001 0
2437 0.07291666666666685 0.7500000000000001 0
2438 0.07166666666666688 0.76 0
2439 0.07041666666666679 0.77 0
2440 0.06916666666666682 0.78 0
2441 0.06791666666666679 0.7900000000000003 0
2442 0.148875 0.01000000000000001 0
2443 0.1477500000000002 0.01999999999999996 0
2444 0.146625 0.03000000000000008 0
2445 0.1455 0.03999999999999992 0
2446 0.1443750000000001 0.05000000000000004 0
2447 0.1432500000000002 0.06000000000000005 0
2448 0.1421250000000001 0.06999999999999995 0
2449 0.141 0.07999999999999996 0
2450 0.1398750000000001 0.09000000000000002 0
2451 0.1387500000000002 0.1 0
2452 0.1376250000000001 0.1100000000000002 0
2453 0.1365000000000001 0.1200000000000002 0
2454 0.1353750000000001 0.13 0
2455 0.13425 0.1400000000000001 0
2456 0.1331250000000002 0.1500000000000002 0
2457 0.1320000000000001 0.1600000000000001 0
2458 0.130875 0.1700000000000001 0
2459 0.1297500000000001 0.1800000000000002 0
2460 0.128625 0.1900000000000001 0
2461 0.1275 0.2000000000000003 0
2462 0.1263750000000001 0.2100000000000002 0
2463 0.1252500000000001 0.2200000000000002 0
2464 0.1241250000000002 0.2300000000000002 0
2465 0.1230000000000002 0.2400000000000002 0
2466 0.121875 0.2500000000000002 0
2467 0.1207500000000001 0.2600000000000001 0
2468 0.1196250000000001 0.2700000000000001 0
2469 0.1185000000000002 0.2800000000000002 0
2470 0.1173750000000002 0.2900000000000001 0
2471 0.1162500000000001 0.3000000000000002 0
2472 0.1151250000000002 0.3100000000000002 0
2473 0.1140000000000002 0.3200000000000002 0
2474 0.1128750000000002 0.3300000000000001 0
2475 0.1117500000000001 0.3400000000000001 0
2476 0.1106250000000001 0.3500000000000001 0
2477 0.1095000000000002 0.3600000000000002 0
2478 0.1083750000000001 0.3700000000000001 0
2479 0.1072500000000001 0.3800000000000001 0
2480 0.1061250000000001 0.3900000000000001 0
2481 0.1050000000000002 0.4000000000000001 0
2482 0.1038750000000001 0.4100000000000001 0
2483 0.1027500000000001 0.4200000000000001 0
2484 0.1016250000000002 0.4300000000000001 0
2485 0.1005000000000002 0.4400000000000001 0
2486 0.0993750000000001 0.4500000000000001 0
2487 0.09825000000000012 0.4600000000000002 0
2488 0.09712500000000018 0.4700000000000001 0
2489 0.09600000000000009 0.4800000000000001 0
2490 0.09487500000000015 0.4900000000000002 0
2491 0.09375000000000017 0.5000000000000002 0
2492 0.09262500000000001 0.5100000000000001 0
2493 0.09150000000000008 0.5200000000000002 0
2494 0.09037500000000009 0.5300000000000002 0
2495 0.08925000000000011 0.5400000000000001 0
2496 0.08812500000000018 0.5500000000000002 0
2497 0.08700000000000008 0.5600000000000001 0
2498 0.08587500000000003 0.5700000000000002 0
2499 0.08475000000000016 0.5800000000000003 0
2500 0.08362500000000006 0.5900000000000002 0
2501 0.08250000000000024 0.6000000000000002 0
2502 0.0813750000000002 0.6100000000000001 0
2503 0.08025000000000004 0.6200000000000001 0
2504 0.07912500000000017 0.6300000000000001 0
2505 0.07800000000000012 0.6400000000000001 0
2506 0.07687500000000014 0.6500000000000002 0
2507 0.07575000000000015 0.6600000000000001 0
2508 0.07462500000000005 0.6700000000000003 0
2509 0.07350000000000007 0.6800000000000002 0
2510 0.07237500000000013 0.6900000000000001 0
2511 0.07125000000000009 0.7000000000000002 0
2512 0.0701250000000001 0.7100000000000002 0
2513 0.06900000000000012 0.7200000000000001 0
2514 0.06787500000000013 0.73 0
2515 0.06675000000000009 0.7400000000000001 0
2516 0.0656250000000001 0.7500000000000002 0
2517 0.06450000000000011 0.76 0
2518 0.06337500000000018 0.7700000000000002 0
2519 0.06225000000000003 0.7800000000000001 0
2520 0.06112500000000015 0.79 0
2521 0.1323333333333333 0.01000000000000001 0
2522 0.1313333333333334 0.01999999999999991 0
2523 0.1303333333333332 0.03000000000000003 0
2524 0.1293333333333334 0.03999999999999998 0
2525 0.1283333333333333 0.05000000000000004 0
2526 0.1273333333333332 0.06000000000000005 0
2527 0.1263333333333334 0.07000000000000012 0
2528 0.1253333333333332 0.08000000000000002 0
2529 0.1243333333333333 0.09000000000000002 0
2530 0.1233333333333334 0.1000000000000001 0
2531 0.1223333333333334 0.1100000000000002 0
2532 0.1213333333333335 0.1200000000000003 0
2533 0.1203333333333333 0.1300000000000002 0
2534 0.1193333333333333 0.1400000000000001 0
2535 0.1183333333333335 0.1500000000000002 0
2536 0.1173333333333334 0.1600000000000002 0
2537 0.1163333333333334 0.1700000000000002 0
2538 0.1153333333333333 0.1800000000000002 0
2539 0.1143333333333335 0.1900000000000002 0
2540 0.1133333333333334 0.2000000000000003 0
2541 0.1123333333333335 0.2100000000000002 0
2542 0.1113333333333333 0.2200000000000002 0
2543 0.1103333333333335 0.2300000000000003 0
2544 0.1093333333333334 0.2400000000000002 0
2545 0.1083333333333334 0.2500000000000003 0
2546 0.1073333333333334 0.2600000000000002 0
2547 0.1063333333333334 0.2700000000000002 0
2548 0.1053333333333334 0.2800000000000002 0
2549 0.1043333333333333 0.2900000000000002 0
2550 0.1033333333333334 0.3000000000000002 0
2551 0.1023333333333333 0.3100000000000002 0
2552 0.1013333333333335 0.3200000000000001 0
2553 0.1003333333333335 0.3300000000000002 0
2554 0.09933333333333344 0.3400000000000001 0
2555 0.09833333333333344 0.3500000000000001 0
2556 0.09733333333333349 0.3600000000000001 0
2557 0.09633333333333344 0.3700000000000001 0
2558 0.09533333333333349 0.3800000000000001 0
2559 0.09433333333333344 0.3900000000000001 0
2560 0.09333333333333343 0.4000000000000001 0
2561 0.09233333333333349 0.4100000000000001 0
2562 0.09133333333333343 0.4200000000000001 0
2563 0.09033333333333349 0.4300000000000002 0
2564 0.08933333333333349 0.4400000000000001 0
2565 0.08833333333333349 0.4500000000000001 0
2566 0.08733333333333348 0.4600000000000003 0
2567 0.08633333333333343 0.4700000000000002 0
2568 0.08533333333333348 0.4800000000000001 0
2569 0.08433333333333348 0.4900000000000002 0
2570 0.08333333333333348 0.5000000000000002 0
2571 0.08233333333333359 0.5100000000000001 0
2572 0.08133333333333331 0.5200000000000002 0
2573 0.08033333333333337 0.5300000000000002 0
2574 0.07933333333333337 0.5400000000000003 0
2575 0.07833333333333331 0.5500000000000003 0
2576 0.07733333333333342 0.5600000000000001 0
2577 0.07633333333333336 0.5700000000000003 0
2578 0.07533333333333347 0.5800000000000003 0
2579 0.07433333333333347 0.5900000000000002 0
2580 0.07333333333333347 0.6000000000000002 0
2581 0.07233333333333342 0.6100000000000001 0
2582 0.07133333333333342 0.6200000000000001 0
2583 0.07033333333333336 0.6300000000000001 0
2584 0.06933333333333352 0.6400000000000002 0
2585 0.06833333333333336 0.6500000000000002 0
2586 0.06733333333333336 0.6600000000000001 0
2587 0.06633333333333352 0.6700000000000003 0
2588 0.06533333333333347 0.68 0
2589 0.06433333333333341 0.6900000000000001 0
2590 0.06333333333333341 0.7000000000000001 0
2591 0.06233333333333335 0.7100000000000002 0
2592 0.06133333333333352 0.7200000000000002 0
2593 0.06033333333333352 0.73 0
2594 0.0593333333333334 0.7400000000000002 0
2595 0.05833333333333335 0.75 0
2596 0.0573333333333334 0.76 0
2597 0.0563333333333334 0.7700000000000002 0
2598 0.05533333333333335 0.7800000000000001 0
2599 0.0543333333333334 0.7900000000000001 0
2600 0.1157916666666667 0.01000000000000001 0
2601 0.1149166666666668 0.01999999999999996 0
2602 0.1140416666666665 0.03000000000000014 0
2603 0.1131666666666666 0.03999999999999992 0
2604 0.1122916666666668 0.0500000000000001 0
2605 0.1114166666666668 0.06000000000000005 0
2606 0.1105416666666668 0.07000000000000001 0
2607 0.1096666666666667 0.08000000000000018 0
2608 0.1087916666666667 0.09000000000000002 0
2609 0.1079166666666667 0.1000000000000001 0
2610 0.1070416666666668 0.1100000000000002 0
2611 0.1061666666666667 0.1200000000000002 0
2612 0.1052916666666668 0.1300000000000001 0
2613 0.1044166666666666 0.1400000000000001 0
2614 0.1035416666666666 0.1500000000000002 0
2615 0.1026666666666667 0.1600000000000001 0
2616 0.1017916666666667 0.1700000000000002 0
2617 0.1009166666666668 0.1800000000000002 0
2618 0.1000416666666668 0.1900000000000002 0
2619 0.09916666666666674 0.2000000000000003 0
2620 0.09829166666666672 0.2100000000000003 0
2621 0.09741666666666676 0.2200000000000002 0
2622 0.09654166666666675 0.2300000000000003 0
2623 0.09566666666666679 0.2400000000000002 0
2624 0.09479166666666666 0.2500000000000002 0
2625 0.0939166666666667 0.2600000000000003 0
2626 0.09304166666666674 0.2700000000000002 0
2627 0.09216666666666667 0.2800000000000002 0
2628 0.09129166666666683 0.2900000000000002 0
2629 0.09041666666666681 0.3000000000000003 0
2630 0.08954166666666674 0.3100000000000003 0
2631 0.08866666666666684 0.3200000000000002 0
2632 0.08779166666666682 0.3300000000000002 0
2633 0.08691666666666675 0.3400000000000001 0
2634 0.08604166666666668 0.3500000000000001 0
2635 0.08516666666666672 0.3600000000000002 0
2636 0.08429166666666676 0.3700000000000001 0
2637 0.08341666666666675 0.3800000000000001 0
2638 0.08254166666666668 0.3900000000000001 0
2639 0.08166666666666678 0.4000000000000001 0
2640 0.08079166666666665 0.4100000000000002 0
2641 0.0799166666666668 0.4200000000000002 0
2642 0.07904166666666673 0.4300000000000002 0
2643 0.07816666666666672 0.4400000000000001 0
2644 0.07729166666666681 0.4500000000000001 0
2645 0.07641666666666663 0.4600000000000002 0
2646 0.07554166666666673 0.4700000000000002 0
2647 0.07466666666666671 0.4800000000000002 0
2648 0.07379166666666676 0.4900000000000002 0
2649 0.0729166666666668 0.5000000000000002 0
2650 0.07204166666666673 0.5100000000000002 0
2651 0.07116666666666671 0.5200000000000004 0
2652 0.07029166666666664 0.5300000000000002 0
2653 0.06941666666666679 0.5400000000000003 0
2654 0.06854166666666678 0.5500000000000003 0
2655 0.06766666666666665 0.5600000000000001 0
2656 0.06679166666666669 0.5700000000000003 0
2657 0.06591666666666673 0.5800000000000003 0
2658 0.06504166666666672 0.5900000000000002 0
2659 0.06416666666666671 0.6000000000000003 0
2660 0.0632916666666668 0.6100000000000001 0
2661 0.06241666666666679 0.6200000000000001 0
2662 0.06154166666666677 0.6300000000000001 0
2663 0.0606666666666667 0.6400000000000002 0
2664 0.05979166666666669 0.6500000000000002 0
2665 0.05891666666666678 0.6600000000000001 0
2666 0.05804166666666677 0.6700000000000003 0
2667 0.05716666666666675 0.6800000000000002 0
2668 0.05629166666666668 0.6900000000000001 0
2669 0.05541666666666661 0.7000000000000002 0
2670 0.05454166666666677 0.7100000000000002 0
2671 0.0536666666666667 0.7200000000000002 0
2672 0.05279166666666674 0.73 0
2673 0.05191666666666667 0.7400000000000001 0
2674 0.05104166666666665 0.7500000000000002 0
2675 0.05016666666666675 0.7600000000000001 0
2676 0.04929166666666679 0.77 0
2677 0.04841666666666666 0.7800000000000001 0
2678 0.04754166666666676 0.7900000000000003 0
2679 0.09924999999999984 0.009999999999999953 0
2680 0.09849999999999987 0.01999999999999991 0
2681 0.09774999999999995 0.03000000000000014 0
2682 0.09699999999999998 0.03999999999999992 0
2683 0.09624999999999995 0.05000000000000016 0
2684 0.09549999999999997 0.06 0
2685 0.09475000000000006 0.07000000000000001 0
2686 0.09400000000000003 0.08000000000000007 0
2687 0.09324999999999994 0.09000000000000002 0
2688 0.09249999999999997 0.1 0
2689 0.09175000000000005 0.1100000000000003 0
2690 0.09099999999999997 0.1200000000000002 0
2691 0.09025000000000005 0.1300000000000002 0
2692 0.08949999999999997 0.1400000000000001 0
2693 0.08875000000000005 0.1500000000000002 0
2694 0.08800000000000008 0.1600000000000003 0
2695 0.08725000000000011 0.1700000000000002 0
2696 0.08650000000000002 0.1800000000000002 0
2697 0.08575000000000005 0.1900000000000002 0
2698 0.08500000000000008 0.2000000000000003 0
2699 0.08425000000000005 0.2100000000000003 0
2700 0.08349999999999996 0.2200000000000003 0
2701 0.08275000000000005 0.2300000000000003 0
2702 0.08200000000000002 0.2400000000000003 0
2703 0.08125000000000004 0.2500000000000002 0
2704 0.08050000000000007 0.2600000000000002 0
2705 0.0797500000000001 0.2700000000000003 0
2706 0.07900000000000007 0.2800000000000002 0
2707 0.07825000000000004 0.2900000000000003 0
2708 0.07750000000000001 0.3000000000000003 0
2709 0.07675000000000004 0.3100000000000002 0
2710 0.07600000000000012 0.3200000000000002 0
2711 0.07525000000000015 0.3300000000000002 0
2712 0.07450000000000007 0.3400000000000002 0
2713 0.07375000000000004 0.3500000000000002 0
2714 0.07300000000000012 0.3600000000000002 0
2715 0.07225000000000004 0.3700000000000001 0
2716 0.07150000000000001 0.3800000000000002 0
2717 0.07075000000000004 0.3900000000000001 0
2718 0.07000000000000006 0.4000000000000001 0
2719 0.06925000000000003 0.4100000000000003 0
2720 0.06850000000000001 0.4200000000000002 0
2721 0.06775000000000014 0.4300000000000003 0
2722 0.06700000000000006 0.4400000000000001 0
2723 0.06625000000000009 0.4500000000000002 0
2724 0.0655 0.4600000000000003 0
2725 0.06475000000000014 0.4700000000000002 0
2726 0.06400000000000011 0.4800000000000002 0
2727 0.06325000000000008 0.4900000000000002 0
2728 0.0625 0.5000000000000003 0
2729 0.06174999999999997 0.5100000000000002 0
2730 0.06100000000000011 0.5200000000000004 0
2731 0.06025000000000003 0.5300000000000002 0
2732 0.05950000000000005 0.5400000000000003 0
2733 0.05875000000000002 0.5500000000000003 0
2734 0.05800000000000011 0.5600000000000002 0
2735 0.05725000000000008 0.5700000000000003 0
2736 0.05649999999999999 0.5800000000000003 0
2737 0.05575000000000008 0.5900000000000002 0
2738 0.0550000000000001 0.6000000000000003 0
2739 0.05425000000000008 0.6100000000000001 0
2740 0.05349999999999999 0.6200000000000002 0
2741 0.05275000000000007 0.6300000000000001 0
2742 0.0520000000000001 0.6400000000000002 0
2743 0.05125000000000013 0.6500000000000002 0
2744 0.05050000000000016 0.6600000000000001 0
2745 0.04975000000000007 0.6700000000000003 0
2746 0.0490000000000001 0.6800000000000002 0
2747 0.04825000000000007 0.6899999999999999 0
2748 0.0475000000000001 0.7000000000000001 0
2749 0.04675000000000001 0.7100000000000002 0
2750 0.0460000000000001 0.7200000000000002 0
2751 0.04525000000000007 0.73 0
2752 0.04449999999999998 0.7400000000000001 0
2753 0.04375000000000018 0.75 0
2754 0.04299999999999998 0.76 0
2755 0.04225000000000012 0.77 0
2756 0.04150000000000004 0.7800000000000001 0
2757 0.04075000000000006 0.7900000000000001 0
2758 0.08270833333333327 0.009999999999999953 0
2759 0.08208333333333334 0.01999999999999996 0
2760 0.0814583333333333 0.03000000000000008 0
2761 0.08083333333333342 0.03999999999999998 0
2762 0.08020833333333327 0.05000000000000004 0
2763 0.07958333333333339 0.06000000000000016 0
2764 0.07895833333333324 0.07000000000000001 0
2765 0.07833333333333325 0.07999999999999996 0
2766 0.07770833333333332 0.09000000000000014 0
2767 0.07708333333333323 0.1 0
2768 0.07645833333333324 0.1100000000000003 0
2769 0.0758333333333332 0.1200000000000002 0
2770 0.07520833333333315 0.1300000000000002 0
2771 0.07458333333333333 0.1400000000000002 0
2772 0.07395833333333346 0.1500000000000002 0
2773 0.07333333333333331 0.1600000000000003 0
2774 0.07270833333333343 0.1700000000000002 0
2775 0.07208333333333344 0.1800000000000003 0
2776 0.07145833333333335 0.1900000000000003 0
2777 0.07083333333333347 0.2000000000000004 0
2778 0.07020833333333332 0.2100000000000004 0
2779 0.06958333333333333 0.2200000000000003 0
2780 0.06895833333333334 0.2300000000000004 0
2781 0.06833333333333336 0.2400000000000002 0
2782 0.0677083333333332 0.2500000000000003 0
2783 0.06708333333333333 0.2600000000000003 0
2784 0.06645833333333323 0.2700000000000003 0
2785 0.06583333333333324 0.2800000000000003 0
2786 0.06520833333333337 0.2900000000000003 0
2787 0.06458333333333333 0.3000000000000003 0
2788 0.06395833333333334 0.3100000000000003 0
2789 0.06333333333333335 0.3200000000000002 0
2790 0.06270833333333337 0.3300000000000002 0
2791 0.06208333333333332 0.3400000000000002 0
2792 0.06145833333333334 0.3500000000000002 0
2793 0.06083333333333346 0.3600000000000003 0
2794 0.06020833333333336 0.3700000000000002 0
2795 0.05958333333333332 0.3800000000000002 0
2796 0.05895833333333345 0.3900000000000001 0
2797 0.05833333333333335 0.4000000000000001 0
2798 0.05770833333333336 0.4100000000000003 0
2799 0.05708333333333343 0.4200000000000003 0
2800 0.05645833333333333 0.4300000000000002 0
2801 0.05583333333333335 0.4400000000000002 0
2802 0.05520833333333325 0.4500000000000002 0
2803 0.05458333333333337 0.4600000000000003 0
2804 0.05395833333333344 0.4700000000000002 0
2805 0.05333333333333334 0.4800000000000003 0
2806 0.05270833333333341 0.4900000000000002 0
2807 0.05208333333333337 0.5000000000000002 0
2808 0.05145833333333344 0.5100000000000002 0
2809 0.05083333333333334 0.5200000000000004 0
2810 0.05020833333333324 0.5300000000000004 0
2811 0.04958333333333331 0.5400000000000003 0
2812 0.04895833333333338 0.5500000000000003 0
2813 0.04833333333333334 0.5600000000000003 0
2814 0.04770833333333341 0.5700000000000003 0
2815 0.04708333333333342 0.5800000000000003 0
2816 0.04645833333333349 0.5900000000000002 0
2817 0.04583333333333323 0.6000000000000002 0
2818 0.04520833333333329 0.6100000000000002 0
2819 0.04458333333333347 0.6200000000000002 0
2820 0.04395833333333338 0.6300000000000001 0
2821 0.04333333333333345 0.6400000000000002 0
2822 0.0427083333333334 0.6500000000000004 0
2823 0.04208333333333342 0.6600000000000001 0
2824 0.04145833333333337 0.6700000000000003 0
2825 0.04083333333333339 0.68 0
2826 0.04020833333333346 0.6900000000000001 0
2827 0.03958333333333336 0.7000000000000002 0
2828 0.03895833333333332 0.7100000000000002 0
2829 0.03833333333333339 0.7200000000000002 0
2830 0.0377083333333334 0.73 0
2831 0.03708333333333336 0.7400000000000002 0
2832 0.03645833333333331 0.7500000000000002 0
2833 0.03583333333333338 0.7600000000000002 0
2834 0.0352083333333334 0.77 0
2835 0.0345833333333333 0.7800000000000001 0
2836 0.03395833333333331 0.7900000000000003 0
2837 0.06616666666666665 0.01000000000000001 0
2838 0.06566666666666671 0.01999999999999996 0
2839 0.06516666666666665 0.03000000000000014 0
2840 0.06466666666666659 0.04000000000000004 0
2841 0.06416666666666671 0.05000000000000016 0
2842 0.06366666666666676 0.06000000000000005 0
2843 0.0631666666666667 0.07000000000000017 0
2844 0.06266666666666654 0.08000000000000013 0
2845 0.06216666666666665 0.09000000000000014 0
2846 0.0616666666666667 0.1000000000000001 0
2847 0.06116666666666676 0.1100000000000002 0
2848 0.06066666666666665 0.1200000000000002 0
2849 0.06016666666666659 0.1300000000000002 0
2850 0.05966666666666676 0.1400000000000003 0
2851 0.0591666666666667 0.1500000000000002 0
2852 0.0586666666666667 0.1600000000000003 0
2853 0.0581666666666667 0.1700000000000002 0
2854 0.05766666666666659 0.1800000000000003 0
2855 0.05716666666666675 0.1900000000000003 0
2856 0.0566666666666667 0.2000000000000003 0
2857 0.0561666666666667 0.2100000000000003 0
2858 0.0556666666666667 0.2200000000000003 0
2859 0.05516666666666659 0.2300000000000004 0
2860 0.05466666666666675 0.2400000000000003 0
2861 0.05416666666666675 0.2500000000000003 0
2862 0.0536666666666667 0.2600000000000003 0
2863 0.05316666666666658 0.2700000000000004 0
2864 0.05266666666666675 0.2800000000000004 0
2865 0.05216666666666675 0.2900000000000003 0
2866 0.05166666666666664 0.3000000000000003 0
2867 0.05116666666666669 0.3100000000000004 0
2868 0.05066666666666658 0.3200000000000002 0
2869 0.05016666666666664 0.3300000000000003 0
2870 0.04966666666666664 0.3400000000000002 0
2871 0.04916666666666675 0.3500000000000002 0
2872 0.04866666666666658 0.3600000000000002 0
2873 0.04816666666666675 0.3700000000000002 0
2874 0.04766666666666658 0.3800000000000002 0
2875 0.04716666666666663 0.3900000000000002 0
2876 0.04666666666666669 0.4000000000000002 0
2877 0.04616666666666669 0.4100000000000003 0
2878 0.04566666666666669 0.4200000000000002 0
2879 0.04516666666666674 0.4300000000000003 0
2880 0.04466666666666669 0.4400000000000002 0
2881 0.04416666666666674 0.4500000000000002 0
2882 0.04366666666666674 0.4600000000000004 0
2883 0.0431666666666668 0.4700000000000002 0
2884 0.04266666666666674 0.4800000000000002 0
2885 0.04216666666666674 0.4900000000000003 0
2886 0.04166666666666674 0.5000000000000003 0
2887 0.04116666666666674 0.5100000000000002 0
2888 0.04066666666666657 0.5200000000000004 0
2889 0.04016666666666674 0.5300000000000004 0
2890 0.03966666666666679 0.5400000000000003 0
2891 0.03916666666666674 0.5500000000000003 0
2892 0.03866666666666663 0.5600000000000003 0
2893 0.03816666666666674 0.5700000000000003 0
2894 0.03766666666666674 0.5800000000000003 0
2895 0.03716666666666674 0.5900000000000003 0
2896 0.03666666666666674 0.6000000000000002 0
2897 0.03616666666666674 0.6100000000000002 0
2898 0.03566666666666674 0.6200000000000003 0
2899 0.03516666666666673 0.6300000000000001 0
2900 0.03466666666666662 0.6400000000000002 0
2901 0.03416666666666657 0.6500000000000004 0
2902 0.03366666666666668 0.6600000000000001 0
2903 0.03316666666666662 0.6700000000000002 0
2904 0.03266666666666657 0.6800000000000002 0
2905 0.03216666666666662 0.6900000000000001 0
2906 0.03166666666666668 0.7000000000000002 0
2907 0.03116666666666673 0.7100000000000002 0
2908 0.03066666666666662 0.7200000000000002 0
2909 0.03016666666666673 0.73 0
2910 0.02966666666666662 0.7400000000000002 0
2911 0.02916666666666673 0.7500000000000001 0
2912 0.02866666666666662 0.7600000000000002 0
2913 0.02816666666666673 0.7700000000000001 0
2914 0.02766666666666667 0.78 0
2915 0.02716666666666678 0.79 0
2916 0.04962500000000003 0.009999999999999953 0
2917 0.04925000000000007 0.02000000000000002 0
2918 0.04887499999999995 0.03000000000000014 0
2919 0.04850000000000004 0.03999999999999998 0
2920 0.04812499999999997 0.05000000000000016 0
2921 0.04775000000000018 0.06000000000000016 0
2922 0.04737500000000006 0.07000000000000012 0
2923 0.04700000000000004 0.08000000000000007 0
2924 0.04662499999999997 0.0900000000000003 0
2925 0.04625000000000018 0.1000000000000002 0
2926 0.04587499999999994 0.1100000000000002 0
2927 0.04550000000000015 0.1200000000000002 0
2928 0.04512499999999997 0.1300000000000002 0
2929 0.04475000000000007 0.1400000000000002 0
2930 0.04437500000000005 0.1500000000000002 0
2931 0.04399999999999998 0.1600000000000003 0
2932 0.04362500000000002 0.1700000000000003 0
2933 0.04324999999999996 0.1800000000000003 0
2934 0.04287500000000005 0.1900000000000003 0
2935 0.04250000000000004 0.2000000000000004 0
2936 0.04212500000000002 0.2100000000000003 0
2937 0.04175000000000001 0.2200000000000004 0
2938 0.04137500000000011 0.2300000000000004 0
2939 0.04100000000000009 0.2400000000000004 0
2940 0.04062500000000002 0.2500000000000003 0
2941 0.04025000000000012 0.2600000000000004 0
2942 0.0398750000000001 0.2700000000000004 0
2943 0.03949999999999998 0.2800000000000003 0
2944 0.03912500000000002 0.2900000000000004 0
2945 0.03875000000000012 0.3000000000000004 0
2946 0.03837499999999999 0.3100000000000003 0
2947 0.03800000000000003 0.3200000000000003 0
2948 0.03762499999999996 0.3300000000000003 0
2949 0.03725000000000001 0.3400000000000002 0
2950 0.03687499999999999 0.3500000000000003 0
2951 0.0365000000000002 0.3600000000000003 0
2952 0.03612500000000002 0.3700000000000002 0
2953 0.03575000000000006 0.3800000000000002 0
2954 0.03537500000000005 0.3900000000000002 0
2955 0.03500000000000009 0.4000000000000002 0
2956 0.03462500000000002 0.4100000000000003 0
2957 0.03425000000000006 0.4200000000000003 0
2958 0.0338750000000001 0.4300000000000003 0
2959 0.03350000000000009 0.4400000000000002 0
2960 0.03312500000000002 0.4500000000000003 0
2961 0.03275000000000017 0.4600000000000004 0
2962 0.0323750000000001 0.4700000000000003 0
2963 0.03200000000000008 0.4800000000000003 0
2964 0.03162500000000007 0.4900000000000003 0
2965 0.03125 0.5000000000000003 0
2966 0.0308750000000001 0.5100000000000002 0
2967 0.03050000000000008 0.5200000000000004 0
2968 0.03012500000000007 0.5300000000000004 0
2969 0.02974999999999989 0.5400000000000003 0
2970 0.02937500000000015 0.5500000000000003 0
2971 0.02900000000000008 0.5600000000000003 0
2972 0.02862500000000007 0.5700000000000003 0
2973 0.02825 0.5800000000000004 0
2974 0.02787500000000009 0.5900000000000003 0
2975 0.02749999999999991 0.6000000000000003 0
2976 0.02712500000000012 0.6100000000000003 0
2977 0.02675000000000005 0.6200000000000002 0
2978 0.02637499999999998 0.6300000000000002 0
2979 0.02600000000000008 0.6400000000000003 0
2980 0.02562500000000006 0.6500000000000004 0
2981 0.02525000000000005 0.6600000000000003 0
2982 0.02487499999999992 0.6700000000000003 0
2983 0.02450000000000002 0.6800000000000002 0
2984 0.02412499999999995 0.6900000000000002 0
2985 0.02375000000000005 0.7000000000000002 0
2986 0.02337499999999998 0.7100000000000002 0
2987 0.02300000000000013 0.7200000000000002 0
2988 0.02262500000000006 0.73 0
2989 0.02225000000000005 0.7400000000000001 0
2990 0.02187499999999998 0.7500000000000001 0
2991 0.02149999999999996 0.7600000000000002 0
2992 0.02112500000000006 0.7700000000000002 0
2993 0.02075000000000005 0.7800000000000001 0
2994 0.02037500000000003 0.7900000000000003 0
2995 0.03308333333333335 0.009999999999999953 0
2996 0.03283333333333338 0.02000000000000007 0
2997 0.03258333333333335 0.03000000000000014 0
2998 0.03233333333333333 0.03999999999999987 0
2999 0.03208333333333346 0.05000000000000021 0
3000 0.03183333333333332 0.06000000000000016 0
3001 0.03158333333333335 0.07000000000000001 0
3002 0.03133333333333327 0.08000000000000007 0
3003 0.03108333333333324 0.09000000000000019 0
3004 0.03083333333333332 0.1 0
3005 0.0305833333333333 0.1100000000000002 0
3006 0.03033333333333343 0.1200000000000002 0
3007 0.0300833333333333 0.1300000000000003 0
3008 0.02983333333333332 0.1400000000000002 0
3009 0.02958333333333341 0.1500000000000004 0
3010 0.02933333333333332 0.1600000000000002 0
3011 0.02908333333333329 0.1700000000000003 0
3012 0.02883333333333332 0.1800000000000003 0
3013 0.02858333333333335 0.1900000000000004 0
3014 0.02833333333333327 0.2000000000000005 0
3015 0.02808333333333346 0.2100000000000004 0
3016 0.02783333333333338 0.2200000000000004 0
3017 0.0275833333333334 0.2300000000000004 0
3018 0.02733333333333332 0.2400000000000003 0
3019 0.0270833333333334 0.2500000000000003 0
3020 0.02683333333333349 0.2600000000000004 0
3021 0.0265833333333334 0.2700000000000005 0
3022 0.02633333333333332 0.2800000000000004 0
3023 0.0260833333333334 0.2900000000000004 0
3024 0.02583333333333326 0.3000000000000004 0
3025 0.02558333333333346 0.3100000000000004 0
3026 0.02533333333333349 0.3200000000000003 0
3027 0.0250833333333334 0.3300000000000003 0
3028 0.02483333333333348 0.3400000000000003 0
3029 0.02458333333333329 0.3500000000000003 0
3030 0.02433333333333332 0.3600000000000003 0
3031 0.02408333333333323 0.3700000000000003 0
3032 0.02383333333333354 0.3800000000000003 0
3033 0.02358333333333335 0.3900000000000002 0
3034 0.02333333333333332 0.4000000000000002 0
3035 0.02308333333333346 0.4100000000000003 0
3036 0.02283333333333332 0.4200000000000003 0
3037 0.0225833333333334 0.4300000000000003 0
3038 0.02233333333333337 0.4400000000000003 0
3039 0.0220833333333334 0.4500000000000003 0
3040 0.02183333333333332 0.4600000000000004 0
3041 0.0215833333333334 0.4700000000000003 0
3042 0.02133333333333337 0.4800000000000003 0
3043 0.02108333333333329 0.4900000000000003 0
3044 0.02083333333333337 0.5000000000000004 0
3045 0.02058333333333329 0.5100000000000003 0
3046 0.02033333333333337 0.5200000000000005 0
3047 0.0200833333333334 0.5300000000000004 0
3048 0.01983333333333337 0.5400000000000003 0
3049 0.01958333333333334 0.5500000000000003 0
3050 0.01933333333333331 0.5600000000000003 0
3051 0.0190833333333334 0.5700000000000005 0
3052 0.01883333333333337 0.5800000000000004 0
3053 0.01858333333333329 0.5900000000000003 0
3054 0.01833333333333337 0.6000000000000003 0
3055 0.01808333333333345 0.6100000000000003 0
3056 0.01783333333333331 0.6200000000000003 0
3057 0.01758333333333345 0.6300000000000002 0
3058 0.01733333333333337 0.6400000000000003 0
3059 0.01708333333333339 0.6500000000000004 0
3060 0.01683333333333326 0.6600000000000001 0
3061 0.01658333333333345 0.6700000000000003 0
3062 0.01633333333333337 0.6800000000000002 0
3063 0.01608333333333339 0.6900000000000002 0
3064 0.01583333333333337 0.7000000000000002 0
3065 0.01558333333333334 0.7100000000000002 0
3066 0.01533333333333337 0.7200000000000002 0
3067 0.01508333333333345 0.73 0
3068 0.01483333333333337 0.7400000000000002 0
3069 0.01458333333333334 0.7500000000000002 0
3070 0.01433333333333336 0.7600000000000001 0
3071 0.01408333333333345 0.77 0
3072 0.01383333333333336 0.78 0
3073 0.01358333333333345 0.7900000000000003 0
3074 0.01654166666666668 0.009999999999999953 0
3075 0.01641666666666647 0.02000000000000002 0
3076 0.01629166666666659 0.03000000000000014 0
3077 0.01616666666666666 0.03999999999999998 0
3078 0.01604166666666657 0.05000000000000016 0
3079 0.01591666666666652 0.06000000000000005 0
3080 0.01579166666666659 0.07000000000000012 0
3081 0.01566666666666655 0.08000000000000007 0
3082 0.01554166666666662 0.09000000000000014 0
3083 0.01541666666666658 0.1000000000000002 0
3084 0.01529166666666665 0.1100000000000002 0
3085 0.01516666666666677 0.1200000000000002 0
3086 0.01504166666666651 0.1300000000000002 0
3087 0.01491666666666658 0.1400000000000002 0
3088 0.01479166666666665 0.1500000000000004 0
3089 0.01466666666666672 0.1600000000000003 0
3090 0.01454166666666651 0.1700000000000003 0
3091 0.01441666666666663 0.1800000000000004 0
3092 0.0142916666666667 0.1900000000000003 0
3093 0.01416666666666661 0.2000000000000004 0
3094 0.01404166666666662 0.2100000000000004 0
3095 0.01391666666666663 0.2200000000000004 0
3096 0.01379166666666654 0.2300000000000004 0
3097 0.01366666666666666 0.2400000000000004 0
3098 0.01354166666666667 0.2500000000000004 0
3099 0.01341666666666658 0.2600000000000005 0
3100 0.01329166666666659 0.2700000000000005 0
3101 0.0131666666666666 0.2800000000000005 0
3102 0.01304166666666662 0.2900000000000004 0
3103 0.01291666666666658 0.3000000000000004 0
3104 0.01279166666666665 0.3100000000000004 0
3105 0.0126666666666666 0.3200000000000003 0
3106 0.01254166666666667 0.3300000000000004 0
3107 0.01241666666666652 0.3400000000000003 0
3108 0.01229166666666653 0.3500000000000003 0
3109 0.0121666666666666 0.3600000000000004 0
3110 0.01204166666666673 0.3700000000000003 0
3111 0.01191666666666663 0.3800000000000003 0
3112 0.0117916666666667 0.3900000000000002 0
3113 0.01166666666666655 0.4000000000000003 0
3114 0.01154166666666656 0.4100000000000004 0
3115 0.01141666666666658 0.4200000000000003 0
3116 0.01129166666666664 0.4300000000000004 0
3117 0.01116666666666666 0.4400000000000003 0
3118 0.01104166666666656 0.4500000000000003 0
3119 0.01091666666666657 0.4600000000000005 0
3120 0.01079166666666659 0.4700000000000003 0
3121 0.0106666666666666 0.4800000000000004 0
3122 0.01054166666666662 0.4900000000000003 0
3123 0.01041666666666669 0.5000000000000004 0
3124 0.01029166666666659 0.5100000000000003 0
3125 0.01016666666666682 0.5200000000000005 0
3126 0.01004166666666667 0.5300000000000005 0
3127 0.009916666666666574 0.5400000000000004 0
3128 0.009791666666666532 0.5500000000000004 0
3129 0.009666666666666712 0.5600000000000003 0
3130 0.009541666666666671 0.5700000000000004 0
3131 0.009416666666666684 0.5800000000000004 0
3132 0.009291666666666643 0.5900000000000003 0
3133 0.009166666666666767 0.6000000000000003 0
3134 0.00904166666666667 0.6100000000000002 0
3135 0.008916666666666517 0.6200000000000003 0
3136 0.008791666666666753 0.6300000000000002 0
3137 0.008666666666666656 0.6400000000000003 0
3138 0.00854166666666667 0.6500000000000004 0
3139 0.008416666666666572 0.6600000000000004 0
3140 0.008291666666666586 0.6700000000000004 0
3141 0.0081666666666666 0.6800000000000002 0
3142 0.008041666666666725 0.6900000000000002 0
3143 0.007916666666666572 0.7000000000000002 0
3144 0.007791666666666586 0.7100000000000002 0
3145 0.007666666666666655 0.7200000000000002 0
3146 0.007541666666666669 0.73 0
3147 0.007416666666666516 0.7400000000000002 0
3148 0.007291666666666585 0.7500000000000002 0
3149 0.00716666666666671 0.7600000000000001 0
3150 0.007041666666666668 0.7700000000000002 0
3151 0.006916666666666571 0.78 0
3152 0.006791666666666585 0.7900000000000003 0
3153 0.006616666666666604 0.8018750000000001 0
3154 0.006566666666666554 0.8037500000000001 0
3155 0.00651666666666656 0.805625 0
3156 0.006466666666666621 0.8074999999999999 0
3157 0.006416666666666571 0.8093750000000001 0
3158 0.006366666666666687 0.81125 0
3159 0.006316666666666693 0.8131249999999999 0
3160 0.006266666666666698 0.8150000000000001 0
3161 0.006216666666666648 0.816875 0
3162 0.006166666666666765 0.8187500000000001 0
3163 0.006116666666666715 0.820625 0
3164 0.006066666666666609 0.8224999999999999 0
3165 0.006016666666666504 0.8243750000000001 0
3166 0.00596666666666662 0.82625 0
3167 0.005916666666666626 0.828125 0
3168 0.005866666666666631 0.8300000000000001 0
3169 0.005816666666666748 0.8318750000000001 0
3170 0.005766666666666642 0.83375 0
3171 0.005716666666666759 0.8356250000000001 0
3172 0.005666666666666653 0.8375 0
3173 0.005616666666666548 0.8393750000000002 0
3174 0.005566666666666553 0.8412500000000001 0
3175 0.00551666666666667 0.8431249999999999 0
3176 0.00546666666666662 0.8450000000000002 0
3177 0.005416666666666681 0.846875 0
3178 0.005366666666666575 0.84875 0
3179 0.005316666666666692 0.8506250000000002 0
3180 0.005266666666666753 0.8524999999999999 0
3181 0.005216666666666703 0.8543750000000001 0
3182 0.005166666666666708 0.8562500000000001 0
3183 0.005116666666666492 0.858125 0
3184 0.005066666666666608 0.8600000000000002 0
3185 0.005016666666666614 0.8618750000000001 0
3186 0.004966666666666564 0.8637500000000002 0
3187 0.004916666666666625 0.8656250000000001 0
3188 0.004866666666666575 0.8675 0
3189 0.004816666666666525 0.8693750000000002 0
3190 0.004766666666666641 0.8712500000000001 0
3191 0.004716666666666647 0.8731250000000002 0
3192 0.004666666666666652 0.8750000000000001 0
3193 0.004616666666666658 0.8768750000000001 0
3194 0.004566666666666608 0.8787500000000001 0
3195 0.004516666666666558 0.8806250000000001 0
3196 0.00446666666666673 0.8825000000000001 0
3197 0.004416666666666569 0.8843750000000002 0
3198 0.004366666666666574 0.8862500000000001 0
3199 0.00431666666666658 0.8881250000000001 0
3200 0.004266666666666752 0.8900000000000001 0
3201 0.004216666666666757 0.891875 0
3202 0.004166666666666652 0.89375 0
3203 0.004116666666666546 0.8956250000000001 0
3204 0.004066666666666718 0.8975000000000001 0
3205 0.004016666666666557 0.8993750000000001 0
3206 0.003966666666666618 0.9012500000000001 0
3207 0.003916666666666568 0.903125 0
3208 0.003866666666666629 0.905 0
3209 0.003816666666666635 0.906875 0
3210 0.00376666666666664 0.9087499999999999 0
3211 0.003716666666666646 0.910625 0
3212 0.003666666666666596 0.9125 0
3213 0.003616666666666657 0.914375 0
3214 0.003566666666666662 0.91625 0
3215 0.003516666666666668 0.918125 0
3216 0.003466666666666562 0.92 0
3217 0.003416666666666679 0.921875 0
3218 0.00336666666666674 0.9237499999999998 0
3219 0.003316666666666745 0.925625 0
3220 0.003266666666666695 0.9274999999999999 0
3221 0.003216666666666701 0.9293749999999998 0
3222 0.003166666666666595 0.93125 0
3223 0.003116666666666601 0.9331249999999999 0
3224 0.003066666666666551 0.9349999999999999 0
3225 0.003016666666666556 0.936875 0
3226 0.002966666666666562 0.93875 0
3227 0.002916666666666567 0.9406249999999999 0
3228 0.002866666666666629 0.9425 0
3229 0.002816666666666634 0.944375 0
3230 0.00276666666666664 0.9462499999999998 0
3231 0.002716666666666645 0.9481250000000001 0
3232 0.01323333333333337 0.801875 0
3233 0.01313333333333339 0.8037500000000002 0
3234 0.0130333333333334 0.805625 0
3235 0.01293333333333335 0.8075 0
3236 0.01283333333333336 0.8093750000000001 0
3237 0.01273333333333337 0.81125 0
3238 0.01263333333333339 0.8131249999999999 0
3239 0.01253333333333334 0.8150000000000001 0
3240 0.01243333333333335 0.8168750000000002 0
3241 0.01233333333333342 0.8187500000000001 0
3242 0.01223333333333337 0.820625 0
3243 0.01213333333333344 0.8225 0
3244 0.01203333333333334 0.8243750000000001 0
3245 0.0119333333333333 0.82625 0
3246 0.01183333333333331 0.828125 0
3247 0.01173333333333343 0.8299999999999998 0
3248 0.01163333333333344 0.831875 0
3249 0.01153333333333328 0.83375 0
3250 0.01143333333333341 0.8356250000000001 0
3251 0.01133333333333342 0.8374999999999999 0
3252 0.01123333333333343 0.839375 0
3253 0.01113333333333338 0.8412500000000001 0
3254 0.01103333333333334 0.843125 0
3255 0.01093333333333329 0.8449999999999999 0
3256 0.01083333333333342 0.846875 0
3257 0.01073333333333354 0.8487500000000001 0
3258 0.01063333333333355 0.8506250000000002 0
3259 0.01053333333333323 0.8525 0
3260 0.01043333333333329 0.8543750000000001 0
3261 0.01033333333333336 0.8562500000000001 0
3262 0.01023333333333337 0.858125 0
3263 0.01013333333333338 0.8600000000000001 0
3264 0.01003333333333334 0.8618750000000001 0
3265 0.00993333333333335 0.8637500000000002 0
3266 0.009833333333333416 0.8656250000000001 0
3267 0.009733333333333372 0.8674999999999999 0
3268 0.009633333333333494 0.8693750000000002 0
3269 0.009533333333333338 0.8712500000000001 0
3270 0.009433333333333349 0.8731250000000003 0
3271 0.00933333333333336 0.875 0
3272 0.009233333333333371 0.8768750000000001 0
3273 0.009133333333333382 0.8787500000000001 0
3274 0.009033333333333449 0.880625 0
3275 0.008933333333333349 0.8825000000000001 0
3276 0.008833333333333304 0.8843750000000002 0
3277 0.008733333333333426 0.8862500000000001 0
3278 0.008633333333333382 0.8881250000000001 0
3279 0.008533333333333337 0.8900000000000001 0
3280 0.008433333333333348 0.8918750000000001 0
3281 0.008333333333333359 0.89375 0
3282 0.00823333333333337 0.8956250000000001 0
3283 0.008133333333333437 0.8975 0
3284 0.008033333333333392 0.899375 0
3285 0.007933333333333181 0.9012500000000001 0
3286 0.007833333333333414 0.9031250000000001 0
3287 0.00773333333333337 0.905 0
3288 0.00763333333333327 0.9068750000000001 0
3289 0.007533333333333336 0.9087500000000001 0
3290 0.007433333333333347 0.910625 0
3291 0.007333333333333358 0.9125 0
3292 0.007233333333333369 0.914375 0
3293 0.007133333333333436 0.91625 0
3294 0.007033333333333391 0.918125 0
3295 0.006933333333333291 0.92 0
3296 0.006833333333333358 0.921875 0
3297 0.006733333333333258 0.92375 0
3298 0.006633333333333435 0.925625 0
3299 0.006533333333333446 0.9275 0
3300 0.006433333333333346 0.929375 0
3301 0.006333333333333357 0.93125 0
3302 0.006233333333333368 0.9331250000000001 0
3303 0.006133333333333435 0.9349999999999999 0
3304 0.006033333333333446 0.936875 0
3305 0.005933333333333346 0.93875 0
3306 0.005833333333333357 0.9406249999999999 0
3307 0.005733333333333313 0.9425 0
3308 0.005633333333333379 0.9443750000000001 0
3309 0.005533333333333446 0.9462499999999999 0
3310 0.005433333333333346 0.948125 0
3311 0.01985000000000003 0.801875 0
3312 0.01969999999999994 0.8037500000000002 0
3313 0.01955000000000001 0.805625 0
3314 0.01939999999999997 0.8075000000000001 0
3315 0.01924999999999999 0.8093750000000001 0
3316 0.01909999999999995 0.81125 0
3317 0.01894999999999997 0.8131249999999999 0
3318 0.01879999999999993 0.8150000000000001 0
3319 0.01864999999999994 0.8168750000000001 0
3320 0.01850000000000013 0.8187500000000001 0
3321 0.01834999999999992 0.820625 0
3322 0.01819999999999988 0.8225 0
3323 0.01804999999999995 0.8243750000000002 0
3324 0.01789999999999997 0.82625 0
3325 0.0177500000000001 0.828125 0
3326 0.0176 0.8300000000000001 0
3327 0.01745000000000002 0.8318750000000001 0
3328 0.01729999999999998 0.8337500000000001 0
3329 0.01715000000000011 0.8356250000000001 0
3330 0.01700000000000007 0.8375000000000001 0
3331 0.01685000000000003 0.8393750000000001 0
3332 0.0167000000000001 0.8412500000000001 0
3333 0.01655000000000001 0.8431249999999999 0
3334 0.01639999999999991 0.8450000000000001 0
3335 0.0162500000000001 0.8468749999999999 0
3336 0.01609999999999989 0.8487500000000001 0
3337 0.01594999999999996 0.8506250000000001 0
3338 0.01579999999999993 0.8525 0
3339 0.01564999999999989 0.8543750000000001 0
3340 0.01550000000000001 0.8562500000000001 0
3341 0.01534999999999997 0.858125 0
3342 0.01519999999999994 0.8600000000000001 0
3343 0.01504999999999995 0.8618750000000002 0
3344 0.01489999999999997 0.8637500000000001 0
3345 0.01474999999999999 0.8656250000000001 0
3346 0.0146 0.8675 0
3347 0.01445000000000013 0.8693750000000002 0
3348 0.01429999999999998 0.8712500000000001 0
3349 0.01414999999999994 0.8731250000000002 0
3350 0.01400000000000001 0.8750000000000001 0
3351 0.01384999999999997 0.8768750000000001 0
3352 0.01369999999999999 0.8787500000000001 0
3353 0.0135499999999999 0.8806250000000001 0
3354 0.01340000000000002 0.8825000000000001 0
3355 0.01324999999999998 0.8843750000000001 0
3356 0.01310000000000006 0.8862500000000001 0
3357 0.01294999999999996 0.8881250000000001 0
3358 0.01279999999999998 0.8900000000000001 0
3359 0.01264999999999999 0.8918750000000001 0
3360 0.01250000000000001 0.89375 0
3361 0.01235000000000003 0.8956250000000001 0
3362 0.01220000000000004 0.8975000000000001 0
3363 0.01205000000000006 0.899375 0
3364 0.01189999999999997 0.9012500000000001 0
3365 0.01174999999999998 0.903125 0
3366 0.0116 0.9049999999999999 0
3367 0.01145000000000002 0.906875 0
3368 0.01130000000000003 0.9087500000000001 0
3369 0.01114999999999999 0.9106250000000001 0
3370 0.01099999999999995 0.9125000000000001 0
3371 0.01084999999999992 0.914375 0
3372 0.01069999999999993 0.91625 0
3373 0.01055 0.918125 0
3374 0.01040000000000002 0.92 0
3375 0.01025000000000015 0.9218749999999999 0
3376 0.0101 0.92375 0
3377 0.009949999999999959 0.925625 0
3378 0.009799999999999975 0.9275 0
3379 0.009649999999999992 0.929375 0
3380 0.009500000000000008 0.93125 0
3381 0.00935000000000008 0.933125 0
3382 0.009200000000000041 0.9349999999999999 0
3383 0.009049999999999947 0.936875 0
3384 0.008899999999999908 0.93875 0
3385 0.00874999999999998 0.9406249999999999 0
3386 0.008599999999999997 0.9425 0
3387 0.008450000000000013 0.9443749999999999 0
3388 0.008300000000000085 0.9462499999999999 0
3389 0.008149999999999991 0.948125 0
3390 0.02646666666666675 0.8018750000000001 0
3391 0.02626666666666672 0.8037500000000002 0
3392 0.02606666666666663 0.805625 0
3393 0.02586666666666665 0.8075 0
3394 0.02566666666666667 0.8093750000000001 0
3395 0.02546666666666664 0.81125 0
3396 0.02526666666666688 0.8131249999999999 0
3397 0.02506666666666679 0.8150000000000001 0
3398 0.02486666666666681 0.8168750000000001 0
3399 0.02466666666666667 0.8187500000000001 0
3400 0.02446666666666669 0.8206250000000002 0
3401 0.0242666666666666 0.8225 0
3402 0.02406666666666674 0.8243750000000001 0
3403 0.0238666666666667 0.8262500000000002 0
3404 0.02366666666666656 0.828125 0
3405 0.02346666666666664 0.8300000000000001 0
3406 0.02326666666666655 0.8318750000000001 0
3407 0.02306666666666668 0.83375 0
3408 0.02286666666666654 0.8356249999999998 0
3409 0.02266666666666656 0.8375000000000001 0
3410 0.02246666666666669 0.8393750000000001 0
3411 0.02226666666666671 0.8412500000000001 0
3412 0.02206666666666662 0.843125 0
3413 0.02186666666666676 0.8450000000000002 0
3414 0.02166666666666672 0.846875 0
3415 0.02146666666666669 0.8487500000000001 0
3416 0.0212666666666666 0.850625 0
3417 0.02106666666666668 0.8524999999999999 0
3418 0.02086666666666676 0.854375 0
3419 0.02066666666666667 0.8562500000000002 0
3420 0.02046666666666669 0.8581250000000001 0
3421 0.02026666666666671 0.8600000000000001 0
3422 0.02006666666666662 0.8618750000000002 0
3423 0.0198666666666667 0.8637500000000002 0
3424 0.01966666666666667 0.8656250000000001 0
3425 0.01946666666666669 0.8675000000000002 0
3426 0.01926666666666671 0.869375 0
3427 0.01906666666666668 0.8712500000000001 0
3428 0.01886666666666653 0.873125 0
3429 0.01866666666666666 0.8750000000000001 0
3430 0.01846666666666669 0.8768750000000001 0
3431 0.01826666666666671 0.8787500000000003 0
3432 0.01806666666666662 0.8806250000000002 0
3433 0.01786666666666653 0.8825000000000001 0
3434 0.01766666666666666 0.8843750000000001 0
3435 0.01746666666666669 0.8862500000000001 0
3436 0.01726666666666665 0.8881250000000001 0
3437 0.01706666666666651 0.8900000000000001 0
3438 0.01686666666666659 0.8918750000000001 0
3439 0.01666666666666666 0.89375 0
3440 0.01646666666666668 0.895625 0
3441 0.0162666666666666 0.8975000000000001 0
3442 0.01606666666666667 0.899375 0
3443 0.01586666666666653 0.9012500000000001 0
3444 0.01566666666666661 0.9031250000000002 0
3445 0.01546666666666668 0.905 0
3446 0.01526666666666671 0.9068750000000001 0
3447 0.01506666666666678 0.9087500000000002 0
3448 0.01486666666666664 0.9106249999999999 0
3449 0.01466666666666666 0.9125 0
3450 0.01446666666666668 0.914375 0
3451 0.01426666666666671 0.91625 0
3452 0.01406666666666651 0.918125 0
3453 0.01386666666666653 0.92 0
3454 0.01366666666666666 0.921875 0
3455 0.01346666666666668 0.92375 0
3456 0.01326666666666659 0.925625 0
3457 0.01306666666666667 0.9275 0
3458 0.01286666666666658 0.929375 0
3459 0.0126666666666666 0.93125 0
3460 0.01246666666666668 0.933125 0
3461 0.0122666666666667 0.9349999999999999 0
3462 0.01206666666666661 0.936875 0
3463 0.01186666666666653 0.93875 0
3464 0.01166666666666666 0.9406249999999999 0
3465 0.01146666666666663 0.9425 0
3466 0.01126666666666659 0.944375 0
3467 0.01106666666666667 0.9462499999999999 0
3468 0.01086666666666658 0.948125 0
3469 0.03308333333333341 0.801875 0
3470 0.03283333333333338 0.8037500000000001 0
3471 0.03258333333333335 0.805625 0
3472 0.03233333333333338 0.8075 0
3473 0.03208333333333341 0.809375 0
3474 0.03183333333333332 0.81125 0
3475 0.03158333333333335 0.8131249999999999 0
3476 0.03133333333333338 0.8150000000000001 0
3477 0.03108333333333346 0.8168750000000001 0
3478 0.03083333333333338 0.8187500000000001 0
3479 0.03058333333333335 0.8206250000000002 0
3480 0.03033333333333327 0.8225 0
3481 0.0300833333333333 0.8243750000000002 0
3482 0.02983333333333332 0.82625 0
3483 0.02958333333333335 0.828125 0
3484 0.02933333333333343 0.8300000000000001 0
3485 0.02908333333333335 0.831875 0
3486 0.02883333333333338 0.83375 0
3487 0.02858333333333329 0.8356250000000001 0
3488 0.02833333333333338 0.8375 0
3489 0.0280833333333334 0.8393750000000001 0
3490 0.02783333333333327 0.8412500000000001 0
3491 0.02758333333333329 0.8431249999999999 0
3492 0.02733333333333338 0.8450000000000002 0
3493 0.0270833333333334 0.846875 0
3494 0.02683333333333338 0.8487500000000001 0
3495 0.02658333333333335 0.8506250000000002 0
3496 0.02633333333333338 0.8524999999999999 0
3497 0.02608333333333335 0.8543750000000001 0
3498 0.02583333333333343 0.8562500000000001 0
3499 0.02558333333333329 0.858125 0
3500 0.02533333333333337 0.8600000000000001 0
3501 0.02508333333333329 0.8618750000000002 0
3502 0.02483333333333337 0.8637500000000002 0
3503 0.02458333333333335 0.8656250000000001 0
3504 0.02433333333333337 0.8675000000000002 0
3505 0.02408333333333329 0.8693750000000002 0
3506 0.02383333333333332 0.8712500000000001 0
3507 0.02358333333333335 0.8731249999999999 0
3508 0.02333333333333326 0.875 0
3509 0.02308333333333329 0.8768750000000001 0
3510 0.02283333333333337 0.8787500000000001 0
3511 0.02258333333333334 0.8806250000000001 0
3512 0.02233333333333337 0.8825000000000001 0
3513 0.02208333333333334 0.8843750000000001 0
3514 0.02183333333333332 0.8862500000000001 0
3515 0.02158333333333334 0.8881250000000001 0
3516 0.02133333333333343 0.8900000000000001 0
3517 0.0210833333333334 0.891875 0
3518 0.02083333333333331 0.89375 0
3519 0.02058333333333323 0.8956250000000001 0
3520 0.02033333333333343 0.8975000000000001 0
3521 0.02008333333333329 0.899375 0
3522 0.01983333333333342 0.9012500000000001 0
3523 0.01958333333333334 0.9031250000000001 0
3524 0.01933333333333337 0.905 0
3525 0.01908333333333334 0.9068750000000001 0
3526 0.01883333333333331 0.9087500000000001 0
3527 0.01858333333333329 0.910625 0
3528 0.01833333333333342 0.9124999999999999 0
3529 0.01808333333333328 0.914375 0
3530 0.01783333333333331 0.91625 0
3531 0.01758333333333334 0.918125 0
3532 0.01733333333333337 0.92 0
3533 0.01708333333333328 0.921875 0
3534 0.01683333333333326 0.92375 0
3535 0.01658333333333334 0.925625 0
3536 0.01633333333333337 0.9275 0
3537 0.01608333333333323 0.929375 0
3538 0.01583333333333325 0.93125 0
3539 0.01558333333333334 0.9331249999999999 0
3540 0.01533333333333337 0.9349999999999999 0
3541 0.01508333333333317 0.936875 0
3542 0.0148333333333332 0.93875 0
3543 0.01458333333333334 0.9406249999999999 0
3544 0.01433333333333336 0.9425 0
3545 0.01408333333333328 0.944375 0
3546 0.01383333333333325 0.9462499999999999 0
3547 0.01358333333333334 0.948125 0
3548 0.03970000000000001 0.8018750000000001 0
3549 0.03940000000000016 0.8037500000000002 0
3550 0.03910000000000013 0.805625 0
3551 0.03880000000000011 0.8075 0
3552 0.03850000000000003 0.8093750000000001 0
3553 0.03820000000000012 0.81125 0
3554 0.03790000000000004 0.8131250000000001 0
3555 0.03760000000000002 0.8150000000000001 0
3556 0.03730000000000006 0.8168750000000001 0
3557 0.03700000000000009 0.8187500000000001 0
3558 0.03669999999999995 0.8206250000000002 0
3559 0.03640000000000004 0.8225 0
3560 0.03609999999999997 0.8243750000000001 0
3561 0.03580000000000022 0.8262500000000002 0
3562 0.03550000000000003 0.8281249999999999 0
3563 0.03520000000000012 0.8300000000000001 0
3564 0.03490000000000004 0.831875 0
3565 0.03460000000000013 0.83375 0
3566 0.03430000000000005 0.8356250000000001 0
3567 0.03400000000000009 0.8375 0
3568 0.03370000000000012 0.839375 0
3569 0.03340000000000004 0.8412500000000001 0
3570 0.03310000000000007 0.8431249999999999 0
3571 0.03280000000000022 0.8450000000000001 0
3572 0.03250000000000008 0.8468749999999999 0
3573 0.03220000000000006 0.8487500000000001 0
3574 0.03189999999999998 0.8506250000000001 0
3575 0.03159999999999996 0.8524999999999999 0
3576 0.03130000000000005 0.8543750000000001 0
3577 0.03100000000000003 0.8562500000000001 0
3578 0.03070000000000012 0.858125 0
3579 0.03040000000000004 0.8600000000000001 0
3580 0.03010000000000007 0.8618750000000001 0
3581 0.02980000000000005 0.8637500000000002 0
3582 0.02950000000000003 0.8656250000000001 0
3583 0.02920000000000006 0.8675 0
3584 0.02890000000000009 0.8693750000000002 0
3585 0.02860000000000001 0.8712500000000001 0
3586 0.02830000000000005 0.8731250000000003 0
3587 0.02799999999999997 0.8750000000000002 0
3588 0.02769999999999995 0.8768750000000001 0
3589 0.02740000000000004 0.8787500000000003 0
3590 0.02710000000000012 0.8806250000000001 0
3591 0.02679999999999999 0.8825000000000001 0
3592 0.02650000000000002 0.8843750000000001 0
3593 0.0262 0.8862500000000001 0
3594 0.02590000000000003 0.8881250000000001 0
3595 0.02560000000000001 0.8900000000000001 0
3596 0.02530000000000004 0.8918750000000001 0
3597 0.02500000000000002 0.89375 0
3598 0.0247 0.8956250000000001 0
3599 0.02440000000000003 0.8975000000000001 0
3600 0.0240999999999999 0.899375 0
3601 0.02380000000000004 0.9012500000000002 0
3602 0.02350000000000002 0.9031250000000001 0
3603 0.02320000000000011 0.905 0
3604 0.02290000000000003 0.9068750000000001 0
3605 0.02259999999999995 0.9087500000000001 0
3606 0.02230000000000004 0.910625 0
3607 0.02199999999999996 0.9124999999999999 0
3608 0.02169999999999994 0.914375 0
3609 0.02140000000000003 0.91625 0
3610 0.02110000000000001 0.918125 0
3611 0.0208000000000001 0.92 0
3612 0.02050000000000002 0.921875 0
3613 0.02020000000000005 0.92375 0
3614 0.01990000000000003 0.925625 0
3615 0.01960000000000001 0.9274999999999999 0
3616 0.01930000000000009 0.929375 0
3617 0.01900000000000007 0.93125 0
3618 0.01869999999999994 0.933125 0
3619 0.01840000000000003 0.9349999999999999 0
3620 0.01809999999999995 0.936875 0
3621 0.01780000000000004 0.93875 0
3622 0.01750000000000002 0.9406249999999999 0
3623 0.0172000000000001 0.9425 0
3624 0.01690000000000003 0.944375 0
3625 0.0166 0.9462499999999999 0
3626 0.01630000000000004 0.948125 0
3627 0.04631666666666673 0.8018749999999999 0
3628 0.04596666666666671 0.8037500000000002 0
3629 0.04561666666666692 0.805625 0
3630 0.04526666666666673 0.8075 0
3631 0.04491666666666683 0.8093750000000001 0
3632 0.04456666666666675 0.81125 0
3633 0.04421666666666674 0.813125 0
3634 0.04386666666666672 0.8149999999999999 0
3635 0.04351666666666676 0.816875 0
3636 0.04316666666666674 0.8187500000000001 0
3637 0.04281666666666673 0.8206250000000002 0
3638 0.04246666666666671 0.8225 0
3639 0.04211666666666669 0.8243750000000001 0
3640 0.04176666666666673 0.82625 0
3641 0.04141666666666688 0.828125 0
3642 0.04106666666666681 0.8300000000000001 0
3643 0.04071666666666679 0.831875 0
3644 0.04036666666666677 0.83375 0
3645 0.0400166666666667 0.8356250000000001 0
3646 0.03966666666666679 0.8375000000000001 0
3647 0.03931666666666672 0.839375 0
3648 0.03896666666666676 0.8412500000000001 0
3649 0.03861666666666674 0.843125 0
3650 0.03826666666666673 0.8450000000000001 0
3651 0.03791666666666677 0.846875 0
3652 0.03756666666666675 0.84875 0
3653 0.03721666666666673 0.8506250000000001 0
3654 0.03686666666666671 0.8525 0
3655 0.0365166666666667 0.8543750000000001 0
3656 0.03616666666666668 0.8562500000000001 0
3657 0.03581666666666672 0.858125 0
3658 0.0354666666666667 0.8600000000000001 0
3659 0.03511666666666674 0.8618750000000001 0
3660 0.03476666666666667 0.8637500000000002 0
3661 0.03441666666666671 0.8656250000000001 0
3662 0.03406666666666675 0.8675 0
3663 0.03371666666666662 0.8693750000000002 0
3664 0.03336666666666671 0.8712500000000001 0
3665 0.03301666666666669 0.8731250000000002 0
3666 0.03266666666666668 0.8750000000000001 0
3667 0.03231666666666672 0.8768750000000002 0
3668 0.03196666666666675 0.8787500000000001 0
3669 0.03161666666666668 0.8806250000000001 0
3670 0.03126666666666678 0.8825000000000001 0
3671 0.03091666666666659 0.8843750000000001 0
3672 0.03056666666666669 0.8862500000000001 0
3673 0.03021666666666678 0.8881250000000001 0
3674 0.02986666666666676 0.8900000000000001 0
3675 0.02951666666666669 0.891875 0
3676 0.02916666666666679 0.89375 0
3677 0.02881666666666666 0.8956250000000001 0
3678 0.0284666666666667 0.8975000000000001 0
3679 0.02811666666666679 0.899375 0
3680 0.02776666666666666 0.9012500000000001 0
3681 0.02741666666666676 0.9031250000000001 0
3682 0.02706666666666674 0.905 0
3683 0.02671666666666667 0.9068750000000001 0
3684 0.0263666666666667 0.9087500000000001 0
3685 0.02601666666666663 0.910625 0
3686 0.02566666666666667 0.9125000000000001 0
3687 0.02531666666666677 0.914375 0
3688 0.02496666666666669 0.91625 0
3689 0.02461666666666668 0.9181249999999999 0
3690 0.02426666666666677 0.92 0
3691 0.0239166666666667 0.921875 0
3692 0.02356666666666668 0.9237499999999998 0
3693 0.02321666666666672 0.925625 0
3694 0.02286666666666676 0.9274999999999999 0
3695 0.02251666666666668 0.929375 0
3696 0.02216666666666683 0.9312499999999999 0
3697 0.02181666666666676 0.933125 0
3698 0.02146666666666669 0.9349999999999999 0
3699 0.02111666666666667 0.936875 0
3700 0.0207666666666666 0.9387500000000002 0
3701 0.02041666666666669 0.9406249999999999 0
3702 0.02006666666666679 0.9425 0
3703 0.01971666666666666 0.9443750000000002 0
3704 0.0193666666666667 0.9462499999999999 0
3705 0.01901666666666674 0.948125 0
3706 0.05293333333333344 0.8018750000000001 0
3707 0.05253333333333338 0.8037500000000002 0
3708 0.05213333333333342 0.805625 0
3709 0.05173333333333352 0.8074999999999999 0
3710 0.0513333333333334 0.8093750000000001 0
3711 0.05093333333333344 0.81125 0
3712 0.0505333333333336 0.8131249999999999 0
3713 0.05013333333333347 0.8150000000000001 0
3714 0.04973333333333346 0.816875 0
3715 0.0493333333333334 0.8187500000000001 0
3716 0.0489333333333335 0.8206250000000002 0
3717 0.04853333333333337 0.8225 0
3718 0.04813333333333342 0.8243750000000001 0
3719 0.04773333333333341 0.82625 0
3720 0.04733333333333339 0.828125 0
3721 0.04693333333333344 0.8300000000000001 0
3722 0.04653333333333332 0.831875 0
3723 0.04613333333333342 0.83375 0
3724 0.0457333333333334 0.8356250000000001 0
3725 0.04533333333333339 0.8375 0
3726 0.04493333333333344 0.8393750000000001 0
3727 0.04453333333333337 0.8412500000000001 0
3728 0.04413333333333341 0.8431249999999999 0
3729 0.0437333333333334 0.8450000000000002 0
3730 0.04333333333333339 0.8468749999999999 0
3731 0.04293333333333321 0.8487500000000001 0
3732 0.04253333333333342 0.8506250000000002 0
3733 0.04213333333333341 0.8524999999999999 0
3734 0.04173333333333346 0.8543750000000001 0
3735 0.04133333333333339 0.8562500000000001 0
3736 0.04093333333333332 0.8581250000000001 0
3737 0.04053333333333331 0.8600000000000001 0
3738 0.04013333333333341 0.8618750000000001 0
3739 0.03973333333333351 0.8637500000000002 0
3740 0.03933333333333339 0.8656250000000001 0
3741 0.03893333333333332 0.8675000000000002 0
3742 0.03853333333333342 0.8693750000000002 0
3743 0.03813333333333341 0.8712500000000001 0
3744 0.0377333333333334 0.873125 0
3745 0.03733333333333327 0.8750000000000001 0
3746 0.03693333333333332 0.8768750000000001 0
3747 0.03653333333333336 0.8787500000000003 0
3748 0.03613333333333341 0.8806250000000001 0
3749 0.03573333333333345 0.8825000000000001 0
3750 0.03533333333333338 0.8843750000000001 0
3751 0.03493333333333332 0.8862500000000001 0
3752 0.03453333333333336 0.8881250000000001 0
3753 0.0341333333333334 0.8900000000000001 0
3754 0.03373333333333345 0.8918750000000001 0
3755 0.03333333333333338 0.89375 0
3756 0.03293333333333326 0.8956250000000001 0
3757 0.03253333333333336 0.8975000000000001 0
3758 0.0321333333333334 0.899375 0
3759 0.03173333333333345 0.9012500000000002 0
3760 0.03133333333333338 0.9031250000000001 0
3761 0.03093333333333337 0.905 0
3762 0.03053333333333336 0.9068750000000001 0
3763 0.0301333333333334 0.9087500000000001 0
3764 0.02973333333333333 0.910625 0
3765 0.02933333333333338 0.9125 0
3766 0.02893333333333337 0.914375 0
3767 0.02853333333333335 0.9162499999999999 0
3768 0.0281333333333334 0.918125 0
3769 0.02773333333333333 0.92 0
3770 0.02733333333333338 0.921875 0
3771 0.02693333333333325 0.92375 0
3772 0.02653333333333335 0.925625 0
3773 0.02613333333333345 0.9275 0
3774 0.02573333333333333 0.929375 0
3775 0.02533333333333337 0.93125 0
3776 0.02493333333333331 0.9331249999999999 0
3777 0.02453333333333335 0.9349999999999999 0
3778 0.02413333333333328 0.936875 0
3779 0.02373333333333333 0.93875 0
3780 0.02333333333333337 0.9406249999999999 0
3781 0.02293333333333325 0.9425 0
3782 0.02253333333333329 0.944375 0
3783 0.02213333333333339 0.9462499999999999 0
3784 0.02173333333333327 0.948125 0
3785 0.0595500000000001 0.8018750000000001 0
3786 0.05910000000000004 0.8037500000000002 0
3787 0.0586500000000002 0.8056250000000001 0
3788 0.05820000000000008 0.8075 0
3789 0.05775000000000019 0.8093750000000001 0
3790 0.05730000000000007 0.81125 0
3791 0.05685000000000012 0.813125 0
3792 0.05640000000000017 0.8150000000000002 0
3793 0.05595 0.816875 0
3794 0.05550000000000005 0.8187500000000001 0
3795 0.05505000000000004 0.8206250000000002 0
3796 0.05460000000000009 0.8225 0
3797 0.05415000000000009 0.8243750000000001 0
3798 0.05370000000000003 0.8262500000000002 0
3799 0.05325000000000013 0.828125 0
3800 0.05280000000000012 0.8300000000000001 0
3801 0.05235000000000006 0.831875 0
3802 0.05190000000000011 0.83375 0
3803 0.05145000000000005 0.8356250000000001 0
3804 0.0510000000000001 0.8374999999999999 0
3805 0.05055000000000004 0.8393750000000002 0
3806 0.05009999999999998 0.8412500000000001 0
3807 0.04964999999999997 0.8431249999999999 0
3808 0.04920000000000008 0.8450000000000002 0
3809 0.04875000000000007 0.846875 0
3810 0.04829999999999995 0.8487500000000001 0
3811 0.04785000000000011 0.8506250000000002 0
3812 0.04740000000000005 0.8525 0
3813 0.0469500000000001 0.854375 0
3814 0.04649999999999999 0.8562500000000002 0
3815 0.04605000000000009 0.8581250000000001 0
3816 0.04560000000000014 0.8600000000000001 0
3817 0.04515000000000008 0.8618750000000002 0
3818 0.04469999999999991 0.8637500000000001 0
3819 0.04425000000000007 0.8656250000000001 0
3820 0.04380000000000001 0.8675000000000002 0
3821 0.04335000000000006 0.869375 0
3822 0.04289999999999999 0.8712500000000001 0
3823 0.04245000000000004 0.873125 0
3824 0.04200000000000015 0.8750000000000001 0
3825 0.04154999999999998 0.8768750000000002 0
3826 0.04110000000000008 0.8787500000000003 0
3827 0.04065000000000002 0.880625 0
3828 0.04019999999999996 0.8825000000000001 0
3829 0.03975000000000006 0.8843750000000002 0
3830 0.03930000000000006 0.8862500000000001 0
3831 0.03884999999999994 0.8881250000000001 0
3832 0.03839999999999993 0.8900000000000001 0
3833 0.03794999999999998 0.8918750000000001 0
3834 0.03750000000000003 0.89375 0
3835 0.03704999999999997 0.895625 0
3836 0.03659999999999991 0.8975000000000001 0
3837 0.03614999999999996 0.899375 0
3838 0.03569999999999995 0.9012499999999999 0
3839 0.03524999999999995 0.9031250000000001 0
3840 0.03479999999999994 0.905 0
3841 0.03435000000000005 0.9068750000000001 0
3842 0.03389999999999993 0.9087500000000001 0
3843 0.03345000000000004 0.910625 0
3844 0.03300000000000008 0.9125 0
3845 0.03255000000000002 0.914375 0
3846 0.03210000000000007 0.9162500000000001 0
3847 0.03165000000000001 0.918125 0
3848 0.03120000000000006 0.9200000000000002 0
3849 0.03075 0.921875 0
3850 0.03030000000000005 0.92375 0
3851 0.02984999999999988 0.925625 0
3852 0.02940000000000004 0.9274999999999998 0
3853 0.02894999999999986 0.929375 0
3854 0.02849999999999997 0.93125 0
3855 0.02805000000000007 0.933125 0
3856 0.0275999999999999 0.9349999999999999 0
3857 0.02715000000000006 0.936875 0
3858 0.0267 0.93875 0
3859 0.02625000000000005 0.9406249999999999 0
3860 0.02579999999999999 0.9425 0
3861 0.02535000000000004 0.9443750000000001 0
3862 0.02489999999999998 0.9462499999999999 0
3863 0.02444999999999997 0.9481250000000001 0
3864 0.06616666666666682 0.8018749999999999 0
3865 0.06566666666666676 0.8037500000000002 0
3866 0.06516666666666676 0.805625 0
3867 0.06466666666666682 0.8074999999999999 0
3868 0.06416666666666671 0.8093750000000001 0
3869 0.06366666666666687 0.81125 0
3870 0.06316666666666682 0.8131249999999999 0
3871 0.06266666666666687 0.8150000000000001 0
3872 0.06216666666666676 0.8168750000000001 0
3873 0.06166666666666681 0.8187500000000001 0
3874 0.0611666666666667 0.8206250000000002 0
3875 0.06066666666666676 0.8225 0
3876 0.06016666666666676 0.8243750000000001 0
3877 0.05966666666666687 0.82625 0
3878 0.05916666666666676 0.828125 0
3879 0.05866666666666676 0.8300000000000001 0
3880 0.05816666666666676 0.831875 0
3881 0.0576666666666667 0.83375 0
3882 0.05716666666666675 0.8356250000000001 0
3883 0.05666666666666692 0.8375 0
3884 0.05616666666666681 0.839375 0
3885 0.0556666666666667 0.8412500000000001 0
3886 0.05516666666666675 0.8431249999999999 0
3887 0.05466666666666681 0.8450000000000002 0
3888 0.0541666666666667 0.846875 0
3889 0.05366666666666681 0.8487500000000001 0
3890 0.0531666666666667 0.8506250000000002 0
3891 0.05266666666666675 0.8524999999999999 0
3892 0.05216666666666675 0.8543750000000001 0
3893 0.05166666666666664 0.8562500000000001 0
3894 0.05116666666666675 0.8581250000000001 0
3895 0.05066666666666664 0.8600000000000001 0
3896 0.05016666666666675 0.8618750000000002 0
3897 0.04966666666666675 0.8637500000000001 0
3898 0.04916666666666675 0.8656250000000001 0
3899 0.04866666666666686 0.8675000000000002 0
3900 0.04816666666666675 0.8693750000000002 0
3901 0.0476666666666668 0.8712500000000001 0
3902 0.0471666666666668 0.8731250000000003 0
3903 0.0466666666666668 0.8750000000000001 0
3904 0.04616666666666674 0.8768750000000001 0
3905 0.0456666666666668 0.8787500000000003 0
3906 0.0451666666666668 0.8806250000000001 0
3907 0.0446666666666668 0.8825000000000001 0
3908 0.04416666666666674 0.8843750000000002 0
3909 0.0436666666666668 0.8862500000000001 0
3910 0.04316666666666674 0.8881250000000001 0
3911 0.04266666666666669 0.8900000000000001 0
3912 0.04216666666666674 0.8918750000000001 0
3913 0.0416666666666668 0.89375 0
3914 0.0411666666666668 0.8956250000000001 0
3915 0.04066666666666668 0.8975000000000001 0
3916 0.04016666666666679 0.899375 0
3917 0.03966666666666668 0.9012499999999999 0
3918 0.03916666666666679 0.9031250000000001 0
3919 0.03866666666666679 0.905 0
3920 0.03816666666666674 0.906875 0
3921 0.03766666666666668 0.9087500000000001 0
3922 0.03716666666666674 0.910625 0
3923 0.03666666666666668 0.9125 0
3924 0.03616666666666674 0.914375 0
3925 0.03566666666666679 0.9162499999999999 0
3926 0.03516666666666673 0.918125 0
3927 0.03466666666666668 0.92 0
3928 0.03416666666666673 0.921875 0
3929 0.03366666666666662 0.92375 0
3930 0.03316666666666673 0.925625 0
3931 0.03266666666666668 0.9275 0
3932 0.03216666666666673 0.929375 0
3933 0.03166666666666668 0.93125 0
3934 0.03116666666666673 0.933125 0
3935 0.03066666666666679 0.9349999999999999 0
3936 0.03016666666666673 0.936875 0
3937 0.02966666666666667 0.93875 0
3938 0.02916666666666673 0.9406249999999999 0
3939 0.02866666666666667 0.9425 0
3940 0.02816666666666673 0.944375 0
3941 0.02766666666666662 0.9462499999999999 0
3942 0.02716666666666678 0.948125 0
3943 0.07278333333333337 0.801875 0
3944 0.07223333333333326 0.8037500000000002 0
3945 0.07168333333333343 0.805625 0
3946 0.07113333333333344 0.8074999999999999 0
3947 0.07058333333333333 0.8093750000000001 0
3948 0.07003333333333345 0.81125 0
3949 0.0694833333333334 0.8131250000000001 0
3950 0.06893333333333335 0.8150000000000001 0
3951 0.06838333333333346 0.8168750000000001 0
3952 0.06783333333333347 0.8187500000000001 0
3953 0.06728333333333336 0.820625 0
3954 0.06673333333333337 0.8225 0
3955 0.06618333333333343 0.8243750000000001 0
3956 0.06563333333333332 0.82625 0
3957 0.06508333333333344 0.828125 0
3958 0.06453333333333344 0.8300000000000001 0
3959 0.06398333333333339 0.8318750000000001 0
3960 0.0634333333333334 0.83375 0
3961 0.06288333333333346 0.8356250000000001 0
3962 0.06233333333333341 0.8375 0
3963 0.0617833333333333 0.8393750000000001 0
3964 0.06123333333333342 0.8412500000000001 0
3965 0.06068333333333337 0.8431249999999999 0
3966 0.06013333333333332 0.8450000000000002 0
3967 0.05958333333333343 0.846875 0
3968 0.05903333333333338 0.8487500000000001 0
3969 0.05848333333333339 0.8506250000000002 0
3970 0.05793333333333339 0.8524999999999999 0
3971 0.0573833333333334 0.8543750000000001 0
3972 0.05683333333333335 0.8562500000000001 0
3973 0.05628333333333341 0.858125 0
3974 0.0557333333333333 0.86 0
3975 0.05518333333333342 0.8618750000000001 0
3976 0.05463333333333337 0.8637500000000002 0
3977 0.05408333333333332 0.8656250000000001 0
3978 0.05353333333333332 0.8675 0
3979 0.05298333333333327 0.8693750000000002 0
3980 0.05243333333333339 0.8712500000000001 0
3981 0.05188333333333339 0.873125 0
3982 0.05133333333333329 0.8750000000000002 0
3983 0.05078333333333335 0.8768750000000001 0
3984 0.05023333333333341 0.8787500000000003 0
3985 0.04968333333333336 0.8806250000000001 0
3986 0.0491333333333332 0.8825000000000001 0
3987 0.04858333333333337 0.8843750000000001 0
3988 0.04803333333333321 0.8862500000000001 0
3989 0.04748333333333338 0.8881250000000001 0
3990 0.04693333333333338 0.8900000000000001 0
3991 0.04638333333333339 0.8918750000000001 0
3992 0.04583333333333334 0.89375 0
3993 0.0452833333333334 0.8956250000000001 0
3994 0.04473333333333335 0.8975 0
3995 0.04418333333333346 0.899375 0
3996 0.04363333333333336 0.9012500000000001 0
3997 0.04308333333333331 0.9031250000000001 0
3998 0.04253333333333337 0.905 0
3999 0.04198333333333326 0.9068750000000001 0
4000 0.04143333333333338 0.9087500000000001 0
4001 0.04088333333333327 0.910625 0
4002 0.04033333333333339 0.9125 0
4003 0.03978333333333334 0.914375 0
4004 0.03923333333333329 0.91625 0
4005 0.03868333333333335 0.918125 0
4006 0.03813333333333341 0.92 0
4007 0.03758333333333336 0.921875 0
4008 0.03703333333333325 0.92375 0
4009 0.03648333333333337 0.925625 0
4010 0.03593333333333337 0.9274999999999999 0
4011 0.03538333333333338 0.929375 0
4012 0.03483333333333333 0.93125 0
4013 0.03428333333333339 0.933125 0
4014 0.03373333333333334 0.9349999999999999 0
4015 0.0331833333333334 0.936875 0
4016 0.03263333333333329 0.93875 0
4017 0.03208333333333341 0.9406249999999999 0
4018 0.03153333333333336 0.9425 0
4019 0.03098333333333325 0.944375 0
4020 0.03043333333333337 0.9462499999999999 0
4021 0.02988333333333326 0.948125 0
4022 0.07940000000000014 0.8018750000000001 0
4023 0.0788000000000002 0.8037500000000002 0
4024 0.07820000000000021 0.805625 0
4025 0.07760000000000006 0.8075 0
4026 0.07700000000000018 0.8093750000000001 0
4027 0.07640000000000013 0.81125 0
4028 0.07580000000000009 0.813125 0
4029 0.07520000000000021 0.8149999999999999 0
4030 0.07460000000000022 0.8168750000000002 0
4031 0.07400000000000001 0.8187500000000001 0
4032 0.07340000000000019 0.8206250000000002 0
4033 0.07280000000000014 0.8225 0
4034 0.07219999999999999 0.8243750000000001 0
4035 0.0716 0.82625 0
4036 0.07100000000000001 0.828125 0
4037 0.07040000000000018 0.8300000000000001 0
4038 0.06980000000000014 0.831875 0
4039 0.06920000000000004 0.83375 0
4040 0.06860000000000016 0.8356249999999998 0
4041 0.06800000000000012 0.8375000000000001 0
4042 0.06740000000000013 0.8393750000000001 0
4043 0.06680000000000003 0.8412500000000001 0
4044 0.06620000000000015 0.843125 0
4045 0.06559999999999999 0.8450000000000002 0
4046 0.06500000000000011 0.846875 0
4047 0.06440000000000007 0.8487500000000001 0
4048 0.06380000000000002 0.8506250000000002 0
4049 0.06320000000000009 0.8525 0
4050 0.06260000000000004 0.854375 0
4051 0.06200000000000006 0.8562500000000001 0
4052 0.06140000000000012 0.8581250000000001 0
4053 0.06080000000000013 0.8600000000000001 0
4054 0.06020000000000009 0.8618750000000002 0
4055 0.0596000000000001 0.86375 0
4056 0.059 0.8656250000000001 0
4057 0.05840000000000001 0.8675000000000002 0
4058 0.05780000000000013 0.8693750000000002 0
4059 0.05720000000000008 0.8712500000000001 0
4060 0.05659999999999998 0.873125 0
4061 0.05600000000000016 0.875 0
4062 0.05540000000000006 0.8768750000000001 0
4063 0.05480000000000002 0.87875 0
4064 0.05419999999999997 0.8806250000000002 0
4065 0.05360000000000009 0.8825000000000001 0
4066 0.05300000000000016 0.8843750000000002 0
4067 0.05240000000000006 0.8862500000000002 0
4068 0.05179999999999996 0.8881250000000001 0
4069 0.05119999999999997 0.8900000000000001 0
4070 0.05060000000000003 0.8918750000000001 0
4071 0.04999999999999999 0.89375 0
4072 0.04940000000000005 0.8956250000000002 0
4073 0.04879999999999995 0.8975000000000001 0
4074 0.04820000000000008 0.899375 0
4075 0.04759999999999998 0.9012499999999999 0
4076 0.04699999999999999 0.9031250000000001 0
4077 0.04640000000000005 0.905 0
4078 0.04580000000000006 0.9068750000000001 0
4079 0.04519999999999996 0.9087500000000002 0
4080 0.04460000000000003 0.910625 0
4081 0.04400000000000009 0.9125 0
4082 0.04340000000000005 0.914375 0
4083 0.0428 0.91625 0
4084 0.04220000000000007 0.918125 0
4085 0.04160000000000003 0.92 0
4086 0.04099999999999998 0.921875 0
4087 0.04040000000000005 0.92375 0
4088 0.03980000000000006 0.925625 0
4089 0.03920000000000007 0.9275 0
4090 0.03860000000000002 0.929375 0
4091 0.03799999999999987 0.93125 0
4092 0.03740000000000004 0.933125 0
4093 0.03680000000000005 0.9349999999999999 0
4094 0.03619999999999995 0.936875 0
4095 0.03559999999999997 0.93875 0
4096 0.03500000000000009 0.9406249999999999 0
4097 0.03439999999999999 0.9425000000000001 0
4098 0.03379999999999994 0.9443750000000001 0
4099 0.03319999999999995 0.9462499999999999 0
4100 0.03259999999999996 0.9481250000000001 0
4101 0.08601666666666669 0.8018750000000001 0
4102 0.0853666666666667 0.8037500000000002 0
4103 0.08471666666666677 0.805625 0
4104 0.0840666666666669 0.8075000000000001 0
4105 0.08341666666666686 0.8093750000000001 0
4106 0.08276666666666677 0.81125 0
4107 0.08211666666666678 0.8131249999999999 0
4108 0.08146666666666685 0.8150000000000001 0
4109 0.0808166666666667 0.8168750000000001 0
4110 0.08016666666666683 0.8187500000000001 0
4111 0.07951666666666685 0.8206250000000002 0
4112 0.07886666666666664 0.8225 0
4113 0.07821666666666682 0.8243750000000001 0
4114 0.07756666666666678 0.82625 0
4115 0.07691666666666686 0.828125 0
4116 0.07626666666666676 0.8300000000000001 0
4117 0.07561666666666667 0.831875 0
4118 0.07496666666666668 0.83375 0
4119 0.07431666666666675 0.8356250000000001 0
4120 0.07366666666666682 0.8375 0
4121 0.07301666666666679 0.8393750000000001 0
4122 0.07236666666666675 0.8412500000000001 0
4123 0.07171666666666676 0.8431249999999999 0
4124 0.07106666666666672 0.8450000000000002 0
4125 0.07041666666666668 0.846875 0
4126 0.06976666666666681 0.8487500000000001 0
4127 0.06911666666666666 0.8506250000000002 0
4128 0.06846666666666684 0.8524999999999999 0
4129 0.06781666666666675 0.854375 0
4130 0.06716666666666665 0.8562500000000002 0
4131 0.06651666666666667 0.858125 0
4132 0.06586666666666668 0.8600000000000001 0
4133 0.06521666666666681 0.8618750000000001 0
4134 0.06456666666666672 0.8637500000000002 0
4135 0.06391666666666662 0.8656250000000001 0
4136 0.06326666666666675 0.8675 0
4137 0.06261666666666665 0.8693750000000002 0
4138 0.06196666666666667 0.8712500000000001 0
4139 0.0613166666666668 0.8731250000000002 0
4140 0.0606666666666667 0.8750000000000001 0
4141 0.06001666666666672 0.8768750000000001 0
4142 0.05936666666666662 0.87875 0
4143 0.05871666666666669 0.8806250000000001 0
4144 0.05806666666666671 0.8825000000000001 0
4145 0.05741666666666662 0.8843750000000001 0
4146 0.05676666666666669 0.8862500000000001 0
4147 0.05611666666666665 0.8881250000000001 0
4148 0.05546666666666672 0.8900000000000001 0
4149 0.05481666666666668 0.891875 0
4150 0.05416666666666664 0.89375 0
4151 0.05351666666666671 0.8956250000000001 0
4152 0.05286666666666667 0.8975000000000001 0
4153 0.0522166666666668 0.899375 0
4154 0.05156666666666671 0.9012500000000002 0
4155 0.05091666666666672 0.9031250000000001 0
4156 0.05026666666666674 0.905 0
4157 0.0496166666666667 0.906875 0
4158 0.04896666666666671 0.9087500000000001 0
4159 0.04831666666666673 0.910625 0
4160 0.04766666666666669 0.9125 0
4161 0.04701666666666671 0.914375 0
4162 0.04636666666666672 0.91625 0
4163 0.04571666666666663 0.918125 0
4164 0.0450666666666667 0.92 0
4165 0.04441666666666672 0.921875 0
4166 0.04376666666666662 0.92375 0
4167 0.04311666666666675 0.925625 0
4168 0.04246666666666671 0.9275 0
4169 0.04181666666666661 0.929375 0
4170 0.0411666666666668 0.93125 0
4171 0.0405166666666667 0.9331249999999999 0
4172 0.03986666666666661 0.9349999999999999 0
4173 0.03921666666666679 0.936875 0
4174 0.03856666666666664 0.93875 0
4175 0.0379166666666666 0.9406249999999999 0
4176 0.03726666666666673 0.9425 0
4177 0.03661666666666669 0.944375 0
4178 0.03596666666666665 0.9462499999999999 0
4179 0.03531666666666672 0.948125 0
4180 0.09263333333333335 0.801875 0
4181 0.09193333333333342 0.8037500000000002 0
4182 0.0912333333333335 0.805625 0
4183 0.09053333333333347 0.8075000000000001 0
4184 0.08983333333333349 0.8093750000000001 0
4185 0.0891333333333334 0.81125 0
4186 0.08843333333333347 0.8131249999999999 0
4187 0.08773333333333339 0.8149999999999999 0
4188 0.08703333333333346 0.816875 0
4189 0.08633333333333348 0.8187500000000001 0
4190 0.08563333333333339 0.820625 0
4191 0.08493333333333342 0.8225 0
4192 0.08423333333333338 0.8243750000000001 0
4193 0.0835333333333334 0.82625 0
4194 0.08283333333333337 0.828125 0
4195 0.08213333333333339 0.8300000000000001 0
4196 0.08143333333333341 0.831875 0
4197 0.08073333333333338 0.83375 0
4198 0.08003333333333346 0.8356250000000001 0
4199 0.07933333333333337 0.8375 0
4200 0.07863333333333339 0.8393750000000001 0
4201 0.07793333333333347 0.8412500000000001 0
4202 0.07723333333333332 0.843125 0
4203 0.0765333333333334 0.8450000000000002 0
4204 0.07583333333333325 0.846875 0
4205 0.07513333333333344 0.84875 0
4206 0.07443333333333341 0.8506250000000001 0
4207 0.07373333333333337 0.8524999999999998 0
4208 0.07303333333333345 0.8543750000000001 0
4209 0.07233333333333336 0.85625 0
4210 0.07163333333333338 0.858125 0
4211 0.0709333333333334 0.8600000000000001 0
4212 0.07023333333333337 0.8618750000000002 0
4213 0.06953333333333328 0.8637500000000002 0
4214 0.06883333333333352 0.8656250000000001 0
4215 0.06813333333333327 0.8675 0
4216 0.06743333333333335 0.8693750000000001 0
4217 0.06673333333333337 0.8712500000000001 0
4218 0.06603333333333333 0.8731250000000002 0
4219 0.06533333333333335 0.8750000000000002 0
4220 0.06463333333333338 0.8768750000000001 0
4221 0.06393333333333345 0.8787500000000001 0
4222 0.06323333333333331 0.8806250000000001 0
4223 0.06253333333333327 0.8825000000000001 0
4224 0.06183333333333335 0.8843750000000001 0
4225 0.06113333333333332 0.8862500000000001 0
4226 0.06043333333333351 0.8881250000000001 0
4227 0.05973333333333336 0.8900000000000001 0
4228 0.05903333333333333 0.891875 0
4229 0.05833333333333329 0.89375 0
4230 0.05763333333333343 0.8956250000000001 0
4231 0.05693333333333334 0.8975000000000001 0
4232 0.05623333333333341 0.899375 0
4233 0.05553333333333327 0.9012500000000001 0
4234 0.05483333333333335 0.903125 0
4235 0.05413333333333331 0.905 0
4236 0.05343333333333339 0.906875 0
4237 0.05273333333333335 0.9087500000000002 0
4238 0.05203333333333332 0.910625 0
4239 0.05133333333333329 0.9125 0
4240 0.05063333333333342 0.914375 0
4241 0.04993333333333333 0.9162499999999999 0
4242 0.0492333333333333 0.918125 0
4243 0.04853333333333343 0.92 0
4244 0.04783333333333334 0.9218749999999999 0
4245 0.0471333333333333 0.92375 0
4246 0.04643333333333327 0.925625 0
4247 0.04573333333333335 0.9275000000000001 0
4248 0.04503333333333326 0.929375 0
4249 0.04433333333333334 0.93125 0
4250 0.04363333333333336 0.9331249999999999 0
4251 0.04293333333333332 0.9349999999999999 0
4252 0.04223333333333323 0.936875 0
4253 0.04153333333333337 0.93875 0
4254 0.04083333333333333 0.9406249999999999 0
4255 0.0401333333333333 0.9425 0
4256 0.03943333333333338 0.944375 0
4257 0.03873333333333334 0.9462499999999999 0
4258 0.03803333333333331 0.948125 0
4259 0.09925 0.8018750000000001 0
4260 0.09850000000000009 0.8037500000000002 0
4261 0.09775 0.805625 0
4262 0.09700000000000003 0.8075 0
4263 0.09625 0.8093750000000001 0
4264 0.0955000000000002 0.81125 0
4265 0.09475000000000011 0.8131249999999999 0
4266 0.09400000000000008 0.8150000000000001 0
4267 0.09325000000000017 0.8168750000000001 0
4268 0.09250000000000014 0.8187500000000001 0
4269 0.09175 0.8206250000000002 0
4270 0.09100000000000008 0.8225 0
4271 0.09025 0.8243750000000001 0
4272 0.08950000000000008 0.82625 0
4273 0.08875000000000011 0.828125 0
4274 0.08800000000000013 0.8300000000000001 0
4275 0.08725000000000005 0.831875 0
4276 0.08650000000000008 0.83375 0
4277 0.08575000000000005 0.8356250000000001 0
4278 0.08500000000000008 0.8375 0
4279 0.08425000000000005 0.8393750000000001 0
4280 0.08350000000000013 0.8412500000000001 0
4281 0.08275000000000005 0.8431249999999999 0
4282 0.08200000000000013 0.8450000000000001 0
4283 0.08124999999999999 0.846875 0
4284 0.08050000000000007 0.8487500000000001 0
4285 0.07975000000000004 0.8506250000000001 0
4286 0.0789999999999999 0.8525 0
4287 0.07824999999999999 0.8543750000000001 0
4288 0.07749999999999996 0.8562500000000001 0
4289 0.07675000000000004 0.858125 0
4290 0.07599999999999996 0.86 0
4291 0.07524999999999998 0.8618750000000002 0
4292 0.07449999999999996 0.8637500000000001 0
4293 0.07375000000000004 0.8656250000000001 0
4294 0.07299999999999995 0.8675000000000002 0
4295 0.07225000000000004 0.8693750000000002 0
4296 0.07150000000000012 0.8712500000000001 0
4297 0.07075000000000004 0.8731249999999999 0
4298 0.07000000000000001 0.8750000000000001 0
4299 0.06925000000000003 0.8768750000000001 0
4300 0.06850000000000012 0.8787500000000003 0
4301 0.06775000000000009 0.8806250000000001 0
4302 0.067 0.8825000000000001 0
4303 0.06625000000000003 0.8843750000000001 0
4304 0.06550000000000011 0.8862500000000001 0
4305 0.06475000000000003 0.8881250000000001 0
4306 0.064 0.8900000000000002 0
4307 0.06324999999999997 0.8918750000000001 0
4308 0.06250000000000006 0.89375 0
4309 0.06175000000000003 0.8956250000000002 0
4310 0.061 0.8975000000000001 0
4311 0.06025000000000008 0.899375 0
4312 0.05949999999999994 0.9012500000000001 0
4313 0.05875000000000002 0.9031250000000001 0
4314 0.05799999999999994 0.905 0
4315 0.05724999999999991 0.9068750000000001 0
4316 0.05650000000000005 0.9087500000000001 0
4317 0.05575000000000002 0.910625 0
4318 0.05499999999999994 0.9125 0
4319 0.05424999999999991 0.914375 0
4320 0.05350000000000005 0.91625 0
4321 0.05275000000000002 0.918125 0
4322 0.05199999999999999 0.92 0
4323 0.05124999999999985 0.921875 0
4324 0.05050000000000004 0.92375 0
4325 0.04975000000000002 0.925625 0
4326 0.04899999999999999 0.9275 0
4327 0.04824999999999996 0.929375 0
4328 0.0475000000000001 0.93125 0
4329 0.04675000000000001 0.933125 0
4330 0.04599999999999993 0.9349999999999999 0
4331 0.04525000000000001 0.936875 0
4332 0.04450000000000004 0.93875 0
4333 0.04374999999999996 0.9406249999999999 0
4334 0.04299999999999998 0.9425 0
4335 0.04225000000000007 0.944375 0
4336 0.04150000000000004 0.9462499999999999 0
4337 0.04075000000000001 0.948125 0
4338 0.1058666666666668 0.801875 0
4339 0.1050666666666668 0.8037500000000001 0
4340 0.1042666666666667 0.805625 0
4341 0.1034666666666668 0.8075 0
4342 0.1026666666666667 0.8093750000000001 0
4343 0.1018666666666667 0.81125 0
4344 0.1010666666666667 0.8131249999999999 0
4345 0.1002666666666668 0.8150000000000001 0
4346 0.09946666666666659 0.8168750000000001 0
4347 0.09866666666666674 0.8187500000000001 0
4348 0.09786666666666671 0.8206250000000002 0
4349 0.0970666666666668 0.8225 0
4350 0.09626666666666672 0.8243750000000001 0
4351 0.09546666666666676 0.82625 0
4352 0.09466666666666668 0.828125 0
4353 0.09386666666666665 0.8300000000000001 0
4354 0.09306666666666674 0.831875 0
4355 0.09226666666666655 0.83375 0
4356 0.09146666666666675 0.8356250000000001 0
4357 0.09066666666666673 0.8375 0
4358 0.08986666666666665 0.8393750000000001 0
4359 0.08906666666666657 0.8412500000000001 0
4360 0.08826666666666677 0.8431249999999999 0
4361 0.08746666666666675 0.8450000000000002 0
4362 0.08666666666666667 0.846875 0
4363 0.0858666666666667 0.8487500000000001 0
4364 0.08506666666666662 0.8506250000000002 0
4365 0.08426666666666677 0.8525 0
4366 0.08346666666666674 0.8543750000000001 0
4367 0.08266666666666678 0.8562500000000001 0
4368 0.08186666666666664 0.858125 0
4369 0.08106666666666668 0.8600000000000001 0
4370 0.0802666666666666 0.8618750000000002 0
4371 0.07946666666666674 0.86375 0
4372 0.07866666666666672 0.8656250000000001 0
4373 0.07786666666666664 0.8675000000000002 0
4374 0.07706666666666667 0.8693750000000002 0
4375 0.0762666666666667 0.8712500000000001 0
4376 0.07546666666666663 0.873125 0
4377 0.07466666666666671 0.8750000000000002 0
4378 0.07386666666666669 0.8768750000000001 0
4379 0.07306666666666667 0.8787500000000003 0
4380 0.07226666666666665 0.8806250000000001 0
4381 0.07146666666666662 0.8825000000000001 0
4382 0.07066666666666671 0.8843750000000002 0
4383 0.06986666666666669 0.8862500000000001 0
4384 0.06906666666666661 0.8881250000000001 0
4385 0.06826666666666659 0.8900000000000001 0
4386 0.06746666666666667 0.8918750000000001 0
4387 0.06666666666666671 0.89375 0
4388 0.06586666666666668 0.8956250000000001 0
4389 0.06506666666666666 0.8975000000000002 0
4390 0.06426666666666669 0.899375 0
4391 0.06346666666666662 0.9012499999999999 0
4392 0.0626666666666667 0.9031250000000001 0
4393 0.06186666666666668 0.905 0
4394 0.0610666666666666 0.906875 0
4395 0.06026666666666664 0.9087500000000001 0
4396 0.05946666666666672 0.910625 0
4397 0.0586666666666667 0.9125 0
4398 0.05786666666666668 0.914375 0
4399 0.0570666666666666 0.91625 0
4400 0.05626666666666669 0.918125 0
4401 0.05546666666666672 0.92 0
4402 0.0546666666666667 0.921875 0
4403 0.05386666666666662 0.92375 0
4404 0.05306666666666665 0.925625 0
4405 0.05226666666666663 0.9274999999999999 0
4406 0.05146666666666672 0.929375 0
4407 0.05066666666666669 0.93125 0
4408 0.04986666666666667 0.933125 0
4409 0.04906666666666665 0.9349999999999999 0
4410 0.04826666666666668 0.936875 0
4411 0.04746666666666671 0.9387500000000001 0
4412 0.04666666666666669 0.9406249999999999 0
4413 0.04586666666666667 0.9425 0
4414 0.04506666666666653 0.944375 0
4415 0.04426666666666673 0.9462499999999999 0
4416 0.04346666666666671 0.948125 0
4417 0.1124833333333334 0.801875 0
4418 0.1116333333333334 0.8037500000000002 0
4419 0.1107833333333333 0.805625 0
4420 0.1099333333333334 0.8075 0
4421 0.1090833333333335 0.8093750000000001 0
4422 0.1082333333333335 0.81125 0
4423 0.1073833333333335 0.813125 0
4424 0.1065333333333334 0.8150000000000001 0
4425 0.1056833333333334 0.816875 0
4426 0.1048333333333335 0.8187500000000001 0
4427 0.1039833333333333 0.8206250000000002 0
4428 0.1031333333333335 0.8225 0
4429 0.1022833333333335 0.8243750000000001 0
4430 0.1014333333333334 0.82625 0
4431 0.1005833333333334 0.828125 0
4432 0.09973333333333334 0.8300000000000002 0
4433 0.09888333333333338 0.831875 0
4434 0.09803333333333342 0.83375 0
4435 0.09718333333333351 0.8356250000000002 0
4436 0.09633333333333344 0.8375 0
4437 0.09548333333333342 0.8393750000000001 0
4438 0.09463333333333335 0.8412500000000001 0
4439 0.09378333333333344 0.8431249999999999 0
4440 0.09293333333333337 0.8450000000000002 0
4441 0.09208333333333346 0.846875 0
4442 0.09123333333333333 0.8487500000000001 0
4443 0.09038333333333343 0.8506250000000002 0
4444 0.08953333333333335 0.8525 0
4445 0.08868333333333339 0.8543750000000001 0
4446 0.08783333333333332 0.8562500000000001 0
4447 0.08698333333333325 0.858125 0
4448 0.08613333333333334 0.8600000000000001 0
4449 0.08528333333333343 0.8618750000000001 0
4450 0.08443333333333342 0.8637500000000002 0
4451 0.0835833333333334 0.8656250000000001 0
4452 0.08273333333333333 0.8675 0
4453 0.08188333333333331 0.8693750000000002 0
4454 0.08103333333333335 0.8712500000000001 0
4455 0.08018333333333338 0.873125 0
4456 0.07933333333333342 0.8750000000000001 0
4457 0.0784833333333334 0.8768750000000001 0
4458 0.07763333333333339 0.8787500000000001 0
4459 0.07678333333333337 0.880625 0
4460 0.0759333333333333 0.8825000000000001 0
4461 0.07508333333333334 0.8843750000000001 0
4462 0.07423333333333337 0.8862500000000002 0
4463 0.07338333333333336 0.8881250000000001 0
4464 0.07253333333333328 0.8900000000000001 0
4465 0.07168333333333338 0.8918750000000001 0
4466 0.07083333333333336 0.89375 0
4467 0.06998333333333334 0.8956250000000001 0
4468 0.06913333333333327 0.8975000000000001 0
4469 0.06828333333333347 0.899375 0
4470 0.06743333333333346 0.9012499999999999 0
4471 0.06658333333333338 0.9031250000000001 0
4472 0.06573333333333337 0.905 0
4473 0.06488333333333335 0.9068750000000001 0
4474 0.06403333333333333 0.9087500000000001 0
4475 0.06318333333333337 0.910625 0
4476 0.06233333333333341 0.9125 0
4477 0.06148333333333339 0.914375 0
4478 0.06063333333333337 0.91625 0
4479 0.05978333333333335 0.918125 0
4480 0.05893333333333328 0.92 0
4481 0.05808333333333321 0.921875 0
4482 0.05723333333333341 0.92375 0
4483 0.05638333333333329 0.925625 0
4484 0.05553333333333338 0.9275 0
4485 0.05468333333333336 0.929375 0
4486 0.05383333333333334 0.93125 0
4487 0.05298333333333327 0.933125 0
4488 0.05213333333333348 0.9349999999999999 0
4489 0.05128333333333346 0.936875 0
4490 0.05043333333333339 0.93875 0
4491 0.04958333333333337 0.9406249999999999 0
4492 0.04873333333333335 0.9425 0
4493 0.04788333333333328 0.944375 0
4494 0.04703333333333343 0.9462499999999999 0
4495 0.04618333333333335 0.948125 0
4496 0.1191000000000001 0.8018750000000001 0
4497 0.1182000000000002 0.8037500000000002 0
4498 0.1173000000000002 0.805625 0
4499 0.1164 0.8074999999999999 0
4500 0.1155000000000001 0.8093750000000001 0
4501 0.1146 0.81125 0
4502 0.1137000000000001 0.8131250000000001 0
4503 0.1128000000000001 0.8149999999999999 0
4504 0.1119000000000001 0.8168750000000001 0
4505 0.1110000000000001 0.8187500000000001 0
4506 0.1101 0.8206250000000002 0
4507 0.1092000000000001 0.8225 0
4508 0.1083000000000001 0.8243750000000001 0
4509 0.1074 0.82625 0
4510 0.1065000000000002 0.828125 0
4511 0.1056000000000001 0.8300000000000001 0
4512 0.1047000000000001 0.831875 0
4513 0.1038000000000001 0.83375 0
4514 0.1029 0.8356250000000001 0
4515 0.1020000000000001 0.8375 0
4516 0.1011000000000001 0.8393750000000001 0
4517 0.1002000000000001 0.8412500000000001 0
4518 0.0993 0.8431249999999999 0
4519 0.09839999999999999 0.8450000000000002 0
4520 0.09750000000000009 0.846875 0
4521 0.09660000000000007 0.8487500000000001 0
4522 0.09570000000000006 0.8506250000000002 0
4523 0.09480000000000005 0.8525 0
4524 0.09390000000000004 0.854375 0
4525 0.09300000000000003 0.8562500000000002 0
4526 0.09209999999999996 0.8581250000000001 0
4527 0.09119999999999995 0.8600000000000001 0
4528 0.09029999999999999 0.8618750000000002 0
4529 0.08939999999999998 0.86375 0
4530 0.08849999999999997 0.8656250000000001 0
4531 0.08760000000000007 0.8675000000000002 0
4532 0.08670000000000005 0.869375 0
4533 0.08580000000000004 0.8712500000000001 0
4534 0.08490000000000003 0.873125 0
4535 0.08400000000000002 0.8750000000000001 0
4536 0.08309999999999995 0.8768750000000001 0
4537 0.0822 0.8787499999999999 0
4538 0.08129999999999998 0.8806250000000001 0
4539 0.08039999999999992 0.8825000000000001 0
4540 0.07950000000000002 0.8843750000000001 0
4541 0.0786 0.8862500000000001 0
4542 0.07770000000000005 0.8881250000000001 0
4543 0.07680000000000003 0.8900000000000001 0
4544 0.07590000000000002 0.8918750000000001 0
4545 0.07500000000000001 0.89375 0
4546 0.0741 0.8956250000000001 0
4547 0.07319999999999999 0.8975000000000001 0
4548 0.07230000000000003 0.899375 0
4549 0.07140000000000002 0.9012500000000001 0
4550 0.07050000000000012 0.9031250000000001 0
4551 0.06960000000000005 0.905 0
4552 0.06870000000000004 0.906875 0
4553 0.06780000000000003 0.9087500000000001 0
4554 0.06690000000000002 0.910625 0
4555 0.06599999999999995 0.9125000000000001 0
4556 0.06509999999999994 0.914375 0
4557 0.06419999999999992 0.91625 0
4558 0.06330000000000002 0.918125 0
4559 0.06240000000000007 0.92 0
4560 0.06150000000000005 0.9218749999999999 0
4561 0.06060000000000004 0.92375 0
4562 0.05970000000000003 0.925625 0
4563 0.05880000000000002 0.9275 0
4564 0.05790000000000001 0.929375 0
4565 0.057 0.93125 0
4566 0.05609999999999998 0.933125 0
4567 0.05520000000000014 0.9349999999999999 0
4568 0.05430000000000007 0.936875 0
4569 0.05340000000000006 0.9387500000000001 0
4570 0.05250000000000005 0.9406249999999999 0
4571 0.05160000000000003 0.9425 0
4572 0.05070000000000002 0.9443749999999999 0
4573 0.04979999999999996 0.9462499999999999 0
4574 0.04889999999999994 0.948125 0
4575 0.1257166666666669 0.801875 0
4576 0.1247666666666667 0.80375 0
4577 0.1238166666666667 0.805625 0
4578 0.1228666666666668 0.8075000000000001 0
4579 0.1219166666666668 0.8093750000000001 0
4580 0.1209666666666668 0.81125 0
4581 0.1200166666666667 0.8131249999999999 0
4582 0.1190666666666667 0.8149999999999999 0
4583 0.1181166666666669 0.8168750000000001 0
4584 0.1171666666666669 0.8187500000000001 0
4585 0.1162166666666667 0.820625 0
4586 0.1152666666666668 0.8225 0
4587 0.1143166666666667 0.8243750000000001 0
4588 0.1133666666666668 0.82625 0
4589 0.1124166666666668 0.828125 0
4590 0.1114666666666668 0.8300000000000001 0
4591 0.1105166666666668 0.831875 0
4592 0.1095666666666667 0.83375 0
4593 0.1086166666666668 0.8356250000000001 0
4594 0.1076666666666666 0.8375 0
4595 0.1067166666666667 0.839375 0
4596 0.1057666666666667 0.8412500000000001 0
4597 0.1048166666666667 0.8431250000000001 0
4598 0.1038666666666667 0.8450000000000002 0
4599 0.1029166666666667 0.846875 0
4600 0.1019666666666666 0.8487500000000001 0
4601 0.1010166666666666 0.8506250000000002 0
4602 0.1000666666666667 0.8525 0
4603 0.09911666666666674 0.8543750000000001 0
4604 0.09816666666666674 0.8562500000000001 0
4605 0.09721666666666667 0.858125 0
4606 0.09626666666666667 0.8600000000000001 0
4607 0.09531666666666677 0.8618750000000002 0
4608 0.09436666666666665 0.8637500000000001 0
4609 0.09341666666666681 0.8656250000000001 0
4610 0.0924666666666667 0.8675000000000002 0
4611 0.09151666666666664 0.8693750000000002 0
4612 0.09056666666666663 0.8712500000000001 0
4613 0.08961666666666662 0.8731249999999999 0
4614 0.08866666666666673 0.875 0
4615 0.08771666666666661 0.8768750000000001 0
4616 0.08676666666666671 0.8787500000000001 0
4617 0.0858166666666666 0.8806250000000002 0
4618 0.0848666666666667 0.8825000000000001 0
4619 0.08391666666666669 0.8843749999999999 0
4620 0.08296666666666669 0.8862500000000001 0
4621 0.08201666666666663 0.8881250000000001 0
4622 0.08106666666666668 0.8900000000000001 0
4623 0.08011666666666667 0.891875 0
4624 0.07916666666666661 0.89375 0
4625 0.0782166666666666 0.8956250000000001 0
4626 0.07726666666666659 0.8975000000000001 0
4627 0.0763166666666667 0.899375 0
4628 0.07536666666666658 0.9012500000000001 0
4629 0.07441666666666663 0.9031250000000001 0
4630 0.07346666666666674 0.905 0
4631 0.07251666666666662 0.9068750000000001 0
4632 0.07156666666666661 0.9087500000000001 0
4633 0.07061666666666672 0.910625 0
4634 0.06966666666666671 0.9125000000000001 0
4635 0.06871666666666659 0.914375 0
4636 0.0677666666666667 0.91625 0
4637 0.06681666666666664 0.918125 0
4638 0.06586666666666668 0.92 0
4639 0.06491666666666668 0.921875 0
4640 0.06396666666666667 0.92375 0
4641 0.06301666666666667 0.925625 0
4642 0.0620666666666666 0.9275 0
4643 0.0611166666666666 0.929375 0
4644 0.06016666666666654 0.93125 0
4645 0.05921666666666653 0.933125 0
4646 0.05826666666666663 0.9349999999999999 0
4647 0.05731666666666663 0.936875 0
4648 0.05636666666666673 0.93875 0
4649 0.05541666666666661 0.9406249999999999 0
4650 0.05446666666666661 0.9425 0
4651 0.05351666666666671 0.944375 0
4652 0.05256666666666665 0.9462499999999999 0
4653 0.05161666666666659 0.948125 0
4654 0.1323333333333335 0.8018749999999999 0
4655 0.1313333333333335 0.80375 0
4656 0.1303333333333336 0.805625 0
4657 0.1293333333333335 0.8075000000000001 0
4658 0.1283333333333335 0.8093750000000001 0
4659 0.1273333333333335 0.81125 0
4660 0.1263333333333335 0.813125 0
4661 0.1253333333333335 0.8150000000000001 0
4662 0.1243333333333335 0.816875 0
4663 0.1233333333333335 0.8187500000000001 0
4664 0.1223333333333335 0.8206250000000002 0
4665 0.1213333333333334 0.8225 0
4666 0.1203333333333335 0.8243750000000001 0
4667 0.1193333333333335 0.82625 0
4668 0.1183333333333335 0.828125 0
4669 0.1173333333333335 0.8300000000000001 0
4670 0.1163333333333335 0.831875 0
4671 0.1153333333333335 0.8337500000000001 0
4672 0.1143333333333335 0.8356250000000002 0
4673 0.1133333333333335 0.8375000000000001 0
4674 0.1123333333333335 0.8393750000000002 0
4675 0.1113333333333333 0.8412500000000001 0
4676 0.1103333333333334 0.8431249999999999 0
4677 0.1093333333333335 0.8450000000000002 0
4678 0.1083333333333334 0.846875 0
4679 0.1073333333333335 0.8487500000000001 0
4680 0.1063333333333334 0.8506250000000002 0
4681 0.1053333333333334 0.8525 0
4682 0.1043333333333334 0.8543749999999999 0
4683 0.1033333333333334 0.8562500000000002 0
4684 0.1023333333333334 0.858125 0
4685 0.1013333333333333 0.8600000000000001 0
4686 0.1003333333333333 0.8618750000000002 0
4687 0.09933333333333333 0.86375 0
4688 0.09833333333333338 0.8656250000000001 0
4689 0.09733333333333333 0.8675 0
4690 0.09633333333333338 0.869375 0
4691 0.09533333333333338 0.8712500000000001 0
4692 0.09433333333333338 0.8731249999999999 0
4693 0.09333333333333338 0.8750000000000001 0
4694 0.09233333333333338 0.8768750000000001 0
4695 0.09133333333333343 0.8787499999999999 0
4696 0.09033333333333338 0.8806250000000001 0
4697 0.08933333333333332 0.8825000000000001 0
4698 0.08833333333333337 0.8843750000000001 0
4699 0.08733333333333332 0.8862500000000002 0
4700 0.08633333333333337 0.8881250000000001 0
4701 0.08533333333333337 0.8900000000000001 0
4702 0.08433333333333343 0.8918750000000001 0
4703 0.08333333333333337 0.89375 0
4704 0.08233333333333337 0.895625 0
4705 0.08133333333333337 0.8975 0
4706 0.08033333333333337 0.899375 0
4707 0.07933333333333337 0.9012500000000001 0
4708 0.07833333333333337 0.9031250000000001 0
4709 0.07733333333333342 0.905 0
4710 0.07633333333333336 0.906875 0
4711 0.07533333333333347 0.9087500000000001 0
4712 0.07433333333333336 0.910625 0
4713 0.07333333333333342 0.9125 0
4714 0.07233333333333347 0.914375 0
4715 0.07133333333333347 0.9162499999999999 0
4716 0.07033333333333341 0.918125 0
4717 0.06933333333333336 0.92 0
4718 0.06833333333333341 0.921875 0
4719 0.06733333333333341 0.9237499999999998 0
4720 0.06633333333333347 0.925625 0
4721 0.06533333333333341 0.9275 0
4722 0.06433333333333346 0.9293749999999998 0
4723 0.0633333333333333 0.93125 0
4724 0.06233333333333341 0.933125 0
4725 0.06133333333333341 0.9349999999999999 0
4726 0.06033333333333346 0.936875 0
4727 0.0593333333333334 0.9387500000000001 0
4728 0.0583333333333334 0.9406249999999999 0
4729 0.0573333333333334 0.9425 0
4730 0.0563333333333334 0.944375 0
4731 0.0553333333333334 0.9462499999999999 0
4732 0.05433333333333346 0.948125 0
4733 0.1389500000000001 0.8018750000000001 0
4734 0.1379 0.8037500000000002 0
4735 0.13685 0.805625 0
4736 0.1358 0.8075000000000001 0
4737 0.13475 0.809375 0
4738 0.1337000000000001 0.81125 0
4739 0.1326500000000001 0.8131250000000001 0
4740 0.1316000000000001 0.8150000000000001 0
4741 0.1305500000000001 0.8168750000000002 0
4742 0.1295000000000001 0.8187500000000001 0
4743 0.12845 0.8206250000000002 0
4744 0.1274000000000001 0.8225 0
4745 0.1263500000000001 0.8243750000000001 0
4746 0.1253 0.8262500000000002 0
4747 0.12425 0.828125 0
4748 0.1232 0.8300000000000002 0
4749 0.1221500000000001 0.831875 0
4750 0.1211 0.83375 0
4751 0.12005 0.8356250000000001 0
4752 0.119 0.8375 0
4753 0.11795 0.839375 0
4754 0.1169000000000001 0.8412500000000001 0
4755 0.11585 0.8431249999999999 0
4756 0.1148 0.8450000000000001 0
4757 0.11375 0.846875 0
4758 0.1127000000000001 0.8487500000000001 0
4759 0.1116499999999999 0.8506250000000002 0
4760 0.1106000000000001 0.8525 0
4761 0.1095499999999999 0.8543750000000001 0
4762 0.1085 0.8562500000000002 0
4763 0.10745 0.8581250000000001 0
4764 0.1064 0.8600000000000001 0
4765 0.1053500000000001 0.8618750000000002 0
4766 0.1043000000000001 0.86375 0
4767 0.10325 0.8656250000000001 0
4768 0.1022 0.8675000000000002 0
4769 0.10115 0.8693750000000002 0
4770 0.1001 0.8712500000000001 0
4771 0.09905000000000003 0.8731249999999999 0
4772 0.09800000000000003 0.8750000000000001 0
4773 0.09695000000000004 0.8768750000000001 0
4774 0.09590000000000004 0.87875 0
4775 0.09484999999999993 0.8806250000000001 0
4776 0.09380000000000005 0.8825000000000001 0
4777 0.09274999999999994 0.8843749999999999 0
4778 0.0917 0.8862500000000001 0
4779 0.09065000000000001 0.8881250000000001 0
4780 0.08960000000000001 0.8900000000000001 0
4781 0.08854999999999991 0.8918750000000001 0
4782 0.08750000000000002 0.89375 0
4783 0.08644999999999992 0.8956250000000001 0
4784 0.08539999999999992 0.8975000000000001 0
4785 0.08434999999999987 0.899375 0
4786 0.08330000000000004 0.9012500000000001 0
4787 0.08224999999999999 0.9031250000000001 0
4788 0.08119999999999994 0.905 0
4789 0.08015 0.9068750000000001 0
4790 0.0791 0.9087500000000002 0
4791 0.07804999999999995 0.910625 0
4792 0.07700000000000001 0.9125 0
4793 0.07595000000000002 0.914375 0
4794 0.07490000000000002 0.91625 0
4795 0.07385000000000003 0.918125 0
4796 0.07280000000000003 0.92 0
4797 0.07175000000000004 0.921875 0
4798 0.07070000000000004 0.92375 0
4799 0.06965000000000005 0.925625 0
4800 0.06860000000000005 0.9275 0
4801 0.06755000000000005 0.929375 0
4802 0.0665 0.9312499999999999 0
4803 0.06544999999999984 0.933125 0
4804 0.06440000000000007 0.9349999999999999 0
4805 0.06335000000000002 0.936875 0
4806 0.06230000000000008 0.93875 0
4807 0.06125000000000014 0.9406249999999999 0
4808 0.06020000000000003 0.9425 0
4809 0.05914999999999992 0.944375 0
4810 0.05809999999999993 0.9462499999999999 0
4811 0.05704999999999999 0.948125 0
4812 0.1455666666666668 0.801875 0
4813 0.1444666666666667 0.8037500000000002 0
4814 0.1433666666666668 0.805625 0
4815 0.1422666666666668 0.8075000000000001 0
4816 0.1411666666666667 0.8093750000000001 0
4817 0.1400666666666667 0.81125 0
4818 0.1389666666666669 0.813125 0
4819 0.1378666666666667 0.8150000000000001 0
4820 0.1367666666666668 0.8168750000000001 0
4821 0.1356666666666668 0.8187500000000001 0
4822 0.1345666666666668 0.8206250000000002 0
4823 0.1334666666666668 0.8225 0
4824 0.1323666666666667 0.8243750000000001 0
4825 0.1312666666666668 0.82625 0
4826 0.1301666666666667 0.828125 0
4827 0.1290666666666668 0.8300000000000001 0
4828 0.1279666666666667 0.831875 0
4829 0.1268666666666667 0.8337500000000001 0
4830 0.1257666666666667 0.8356250000000001 0
4831 0.1246666666666668 0.8375 0
4832 0.1235666666666668 0.8393750000000001 0
4833 0.1224666666666667 0.8412500000000001 0
4834 0.1213666666666667 0.843125 0
4835 0.1202666666666667 0.8450000000000001 0
4836 0.1191666666666668 0.846875 0
4837 0.1180666666666667 0.8487500000000001 0
4838 0.1169666666666667 0.8506250000000001 0
4839 0.1158666666666667 0.8524999999999998 0
4840 0.1147666666666667 0.8543749999999999 0
4841 0.1136666666666667 0.8562500000000001 0
4842 0.1125666666666668 0.858125 0
4843 0.1114666666666667 0.8600000000000001 0
4844 0.1103666666666666 0.8618750000000001 0
4845 0.1092666666666667 0.86375 0
4846 0.1081666666666667 0.8656250000000001 0
4847 0.1070666666666667 0.8675000000000002 0
4848 0.1059666666666667 0.869375 0
4849 0.1048666666666667 0.8712500000000001 0
4850 0.1037666666666667 0.8731249999999999 0
4851 0.1026666666666667 0.8750000000000001 0
4852 0.1015666666666667 0.8768750000000001 0
4853 0.1004666666666667 0.87875 0
4854 0.0993666666666666 0.8806250000000001 0
4855 0.09826666666666661 0.8825000000000001 0
4856 0.09716666666666668 0.8843750000000001 0
4857 0.09606666666666669 0.8862500000000001 0
4858 0.0949666666666667 0.8881250000000001 0
4859 0.09386666666666665 0.8900000000000001 0
4860 0.09276666666666661 0.8918750000000001 0
4861 0.09166666666666662 0.89375 0
4862 0.09056666666666674 0.8956250000000001 0
4863 0.08946666666666664 0.8975 0
4864 0.08836666666666676 0.899375 0
4865 0.08726666666666655 0.9012500000000002 0
4866 0.08616666666666661 0.9031250000000001 0
4867 0.08506666666666668 0.905 0
4868 0.08396666666666669 0.9068750000000001 0
4869 0.0828666666666667 0.9087500000000002 0
4870 0.08176666666666671 0.910625 0
4871 0.08066666666666672 0.9125000000000001 0
4872 0.07956666666666679 0.914375 0
4873 0.07846666666666663 0.91625 0
4874 0.07736666666666653 0.918125 0
4875 0.07626666666666665 0.92 0
4876 0.0751666666666666 0.921875 0
4877 0.07406666666666667 0.92375 0
4878 0.07296666666666668 0.925625 0
4879 0.07186666666666669 0.9275 0
4880 0.0707666666666667 0.929375 0
4881 0.06966666666666677 0.93125 0
4882 0.06856666666666678 0.933125 0
4883 0.06746666666666662 0.9349999999999999 0
4884 0.06636666666666668 0.936875 0
4885 0.06526666666666664 0.93875 0
4886 0.06416666666666671 0.9406249999999999 0
4887 0.06306666666666666 0.9425 0
4888 0.06196666666666667 0.944375 0
4889 0.06086666666666662 0.9462499999999999 0
4890 0.05976666666666669 0.948125 0
4891 0.1521833333333336 0.801875 0
4892 0.1510333333333334 0.80375 0
4893 0.1498833333333333 0.805625 0
4894 0.1487333333333334 0.8075 0
4895 0.1475833333333335 0.8093750000000002 0
4896 0.1464333333333334 0.81125 0
4897 0.1452833333333334 0.8131249999999999 0
4898 0.1441333333333335 0.8150000000000001 0
4899 0.1429833333333335 0.8168750000000001 0
4900 0.1418333333333335 0.8187500000000001 0
4901 0.1406833333333334 0.8206250000000002 0
4902 0.1395333333333333 0.8225 0
4903 0.1383833333333334 0.8243750000000001 0
4904 0.1372333333333335 0.82625 0
4905 0.1360833333333335 0.8281249999999999 0
4906 0.1349333333333334 0.8300000000000001 0
4907 0.1337833333333334 0.831875 0
4908 0.1326333333333334 0.83375 0
4909 0.1314833333333334 0.8356250000000002 0
4910 0.1303333333333334 0.8375 0
4911 0.1291833333333334 0.8393750000000001 0
4912 0.1280333333333333 0.8412500000000001 0
4913 0.1268833333333333 0.8431249999999999 0
4914 0.1257333333333334 0.8450000000000002 0
4915 0.1245833333333334 0.846875 0
4916 0.1234333333333334 0.8487500000000001 0
4917 0.1222833333333334 0.8506250000000002 0
4918 0.1211333333333333 0.8525 0
4919 0.1199833333333333 0.8543749999999999 0
4920 0.1188333333333335 0.8562500000000001 0
4921 0.1176833333333334 0.8581250000000001 0
4922 0.1165333333333334 0.8600000000000001 0
4923 0.1153833333333334 0.8618750000000002 0
4924 0.1142333333333333 0.8637500000000001 0
4925 0.1130833333333334 0.8656250000000001 0
4926 0.1119333333333333 0.8675 0
4927 0.1107833333333334 0.8693750000000002 0
4928 0.1096333333333334 0.8712500000000001 0
4929 0.1084833333333334 0.873125 0
4930 0.1073333333333333 0.8750000000000002 0
4931 0.1061833333333333 0.8768750000000001 0
4932 0.1050333333333334 0.8787499999999999 0
4933 0.1038833333333334 0.8806250000000001 0
4934 0.1027333333333333 0.8825000000000001 0
4935 0.1015833333333334 0.8843749999999999 0
4936 0.1004333333333334 0.8862500000000001 0
4937 0.09928333333333322 0.8881250000000001 0
4938 0.09813333333333335 0.8900000000000001 0
4939 0.09698333333333337 0.891875 0
4940 0.09583333333333338 0.89375 0
4941 0.0946833333333334 0.8956250000000001 0
4942 0.0935333333333333 0.8975000000000001 0
4943 0.09238333333333343 0.899375 0
4944 0.09123333333333333 0.9012500000000001 0
4945 0.09008333333333335 0.9031250000000001 0
4946 0.08893333333333336 0.905 0
4947 0.08778333333333338 0.9068750000000001 0
4948 0.08663333333333334 0.9087500000000001 0
4949 0.0854833333333333 0.910625 0
4950 0.08433333333333337 0.9125000000000001 0
4951 0.08318333333333333 0.914375 0
4952 0.08203333333333335 0.91625 0
4953 0.08088333333333336 0.918125 0
4954 0.07973333333333338 0.92 0
4955 0.07858333333333339 0.921875 0
4956 0.0774333333333333 0.92375 0
4957 0.07628333333333326 0.925625 0
4958 0.07513333333333327 0.9274999999999999 0
4959 0.07398333333333329 0.929375 0
4960 0.07283333333333336 0.93125 0
4961 0.07168333333333338 0.933125 0
4962 0.07053333333333339 0.9349999999999999 0
4963 0.06938333333333335 0.936875 0
4964 0.06823333333333348 0.93875 0
4965 0.06708333333333338 0.9406249999999999 0
4966 0.06593333333333329 0.9425 0
4967 0.0647833333333333 0.944375 0
4968 0.06363333333333338 0.9462499999999999 0
4969 0.06248333333333345 0.948125 0
4970 0.1588000000000001 0.801875 0
4971 0.1576000000000001 0.80375 0
4972 0.1564000000000001 0.805625 0
4973 0.1552000000000001 0.8074999999999999 0
4974 0.1540000000000001 0.8093750000000001 0
4975 0.1528 0.81125 0
4976 0.1516000000000001 0.8131250000000001 0
4977 0.1504000000000001 0.8150000000000001 0
4978 0.1492000000000001 0.8168750000000001 0
4979 0.1480000000000001 0.8187500000000001 0
4980 0.1468 0.8206250000000002 0
4981 0.1456 0.8225 0
4982 0.1444000000000001 0.8243750000000001 0
4983 0.1432 0.8262500000000002 0
4984 0.1420000000000001 0.828125 0
4985 0.1408 0.8300000000000001 0
4986 0.1396000000000002 0.831875 0
4987 0.1384000000000001 0.8337500000000001 0
4988 0.1372 0.8356250000000001 0
4989 0.136 0.8375 0
4990 0.1348000000000001 0.839375 0
4991 0.1336 0.8412500000000001 0
4992 0.1324000000000001 0.8431249999999999 0
4993 0.1312 0.8450000000000002 0
4994 0.1300000000000001 0.846875 0
4995 0.1288 0.8487500000000001 0
4996 0.1276 0.8506250000000002 0
4997 0.1264 0.8525 0
4998 0.1252 0.8543749999999999 0
4999 0.1240000000000001 0.8562500000000001 0
5000 0.1228 0.8581250000000001 0
5001 0.1216 0.8600000000000001 0
5002 0.1204 0.8618750000000001 0
5003 0.1192 0.86375 0
5004 0.118 0.8656250000000001 0
5005 0.1168 0.8675000000000002 0
5006 0.1156 0.869375 0
5007 0.1144 0.8712500000000001 0
5008 0.1132 0.873125 0
5009 0.1119999999999999 0.875 0
5010 0.1108 0.8768750000000001 0
5011 0.1096000000000001 0.8787500000000003 0
5012 0.1084 0.8806250000000001 0
5013 0.1072 0.8825000000000001 0
5014 0.106 0.8843749999999999 0
5015 0.1047999999999999 0.8862500000000001 0
5016 0.1035999999999999 0.8881250000000001 0
5017 0.1024 0.8900000000000001 0
5018 0.1012000000000001 0.891875 0
5019 0.09999999999999992 0.89375 0
5020 0.09880000000000005 0.895625 0
5021 0.09759999999999996 0.8975000000000001 0
5022 0.09639999999999993 0.899375 0
5023 0.09520000000000001 0.9012500000000002 0
5024 0.09400000000000003 0.9031250000000001 0
5025 0.09280000000000005 0.905 0
5026 0.09160000000000001 0.9068750000000001 0
5027 0.09039999999999998 0.9087500000000001 0
5028 0.08919999999999995 0.910625 0
5029 0.08800000000000002 0.9124999999999999 0
5030 0.0868000000000001 0.914375 0
5031 0.08560000000000001 0.9162500000000001 0
5032 0.08439999999999998 0.918125 0
5033 0.08319999999999994 0.92 0
5034 0.08199999999999996 0.921875 0
5035 0.08080000000000004 0.92375 0
5036 0.07959999999999984 0.925625 0
5037 0.07839999999999991 0.9275 0
5038 0.07719999999999999 0.929375 0
5039 0.07600000000000001 0.93125 0
5040 0.07480000000000009 0.933125 0
5041 0.07360000000000005 0.9349999999999999 0
5042 0.07240000000000008 0.936875 0
5043 0.07120000000000004 0.93875 0
5044 0.07000000000000001 0.9406249999999999 0
5045 0.06879999999999997 0.9425 0
5046 0.06760000000000005 0.944375 0
5047 0.06640000000000007 0.9462499999999999 0
5048 0.06519999999999998 0.948125 0
5049 0.1654166666666668 0.801875 0
5050 0.1641666666666668 0.8037500000000002 0
5051 0.1629166666666667 0.805625 0
5052 0.1616666666666667 0.8075 0
5053 0.1604166666666667 0.8093750000000001 0
5054 0.1591666666666668 0.81125 0
5055 0.1579166666666666 0.8131250000000001 0
5056 0.1566666666666667 0.8150000000000002 0
5057 0.1554166666666666 0.816875 0
5058 0.1541666666666667 0.8187500000000001 0
5059 0.1529166666666668 0.8206250000000002 0
5060 0.1516666666666667 0.8225 0
5061 0.1504166666666667 0.8243750000000001 0
5062 0.1491666666666667 0.82625 0
5063 0.1479166666666667 0.828125 0
5064 0.1466666666666666 0.8300000000000001 0
5065 0.1454166666666667 0.831875 0
5066 0.1441666666666667 0.8337500000000001 0
5067 0.1429166666666667 0.8356250000000001 0
5068 0.1416666666666666 0.8375 0
5069 0.1404166666666666 0.839375 0
5070 0.1391666666666668 0.8412500000000001 0
5071 0.1379166666666667 0.8431250000000001 0
5072 0.1366666666666667 0.8450000000000002 0
5073 0.1354166666666666 0.846875 0
5074 0.1341666666666667 0.8487500000000001 0
5075 0.1329166666666666 0.8506250000000002 0
5076 0.1316666666666667 0.8524999999999999 0
5077 0.1304166666666666 0.8543750000000001 0
5078 0.1291666666666667 0.8562500000000001 0
5079 0.1279166666666667 0.858125 0
5080 0.1266666666666666 0.8600000000000001 0
5081 0.1254166666666666 0.8618750000000001 0
5082 0.1241666666666668 0.86375 0
5083 0.1229166666666666 0.8656250000000001 0
5084 0.1216666666666666 0.8675000000000002 0
5085 0.1204166666666667 0.8693750000000002 0
5086 0.1191666666666667 0.8712500000000001 0
5087 0.1179166666666667 0.8731249999999999 0
5088 0.1166666666666666 0.875 0
5089 0.1154166666666667 0.8768750000000001 0
5090 0.1141666666666667 0.87875 0
5091 0.1129166666666667 0.8806250000000001 0
5092 0.1116666666666666 0.8825000000000001 0
5093 0.1104166666666667 0.884375 0
5094 0.1091666666666667 0.8862500000000001 0
5095 0.1079166666666665 0.8881250000000001 0
5096 0.1066666666666666 0.8900000000000001 0
5097 0.1054166666666667 0.8918750000000002 0
5098 0.1041666666666667 0.89375 0
5099 0.1029166666666667 0.895625 0
5100 0.1016666666666666 0.8975000000000001 0
5101 0.1004166666666667 0.899375 0
5102 0.09916666666666668 0.9012500000000001 0
5103 0.09791666666666665 0.9031250000000001 0
5104 0.09666666666666673 0.905 0
5105 0.09541666666666659 0.9068750000000001 0
5106 0.09416666666666673 0.9087500000000001 0
5107 0.0929166666666667 0.910625 0
5108 0.09166666666666673 0.9125000000000001 0
5109 0.09041666666666659 0.914375 0
5110 0.08916666666666667 0.91625 0
5111 0.0879166666666667 0.918125 0
5112 0.08666666666666667 0.92 0
5113 0.08541666666666659 0.921875 0
5114 0.08416666666666667 0.92375 0
5115 0.08291666666666675 0.925625 0
5116 0.08166666666666678 0.9275 0
5117 0.08041666666666653 0.929375 0
5118 0.07916666666666666 0.93125 0
5119 0.07791666666666669 0.933125 0
5120 0.07666666666666672 0.9349999999999999 0
5121 0.07541666666666674 0.936875 0
5122 0.0741666666666666 0.9387500000000001 0
5123 0.07291666666666669 0.9406249999999999 0
5124 0.07166666666666671 0.9425 0
5125 0.07041666666666679 0.944375 0
5126 0.06916666666666654 0.9462499999999999 0
5127 0.06791666666666668 0.948125 0
5128 0.1720333333333333 0.801875 0
5129 0.1707333333333334 0.80375 0
5130 0.1694333333333334 0.805625 0
5131 0.1681333333333334 0.8075 0
5132 0.1668333333333334 0.8093750000000001 0
5133 0.1655333333333334 0.81125 0
5134 0.1642333333333333 0.8131250000000001 0
5135 0.1629333333333334 0.8150000000000001 0
5136 0.1616333333333334 0.8168750000000001 0
5137 0.1603333333333334 0.8187500000000001 0
5138 0.1590333333333333 0.820625 0
5139 0.1577333333333334 0.8225 0
5140 0.1564333333333333 0.8243750000000001 0
5141 0.1551333333333333 0.82625 0
5142 0.1538333333333334 0.828125 0
5143 0.1525333333333333 0.8300000000000001 0
5144 0.1512333333333334 0.831875 0
5145 0.1499333333333333 0.83375 0
5146 0.1486333333333333 0.8356250000000001 0
5147 0.1473333333333334 0.8375 0
5148 0.1460333333333334 0.8393750000000001 0
5149 0.1447333333333334 0.8412500000000001 0
5150 0.1434333333333333 0.8431250000000001 0
5151 0.1421333333333333 0.8450000000000002 0
5152 0.1408333333333333 0.8468749999999999 0
5153 0.1395333333333333 0.8487500000000001 0
5154 0.1382333333333334 0.8506250000000001 0
5155 0.1369333333333334 0.8525 0
5156 0.1356333333333332 0.854375 0
5157 0.1343333333333334 0.8562500000000002 0
5158 0.1330333333333334 0.858125 0
5159 0.1317333333333332 0.8600000000000001 0
5160 0.1304333333333333 0.8618750000000002 0
5161 0.1291333333333333 0.86375 0
5162 0.1278333333333332 0.8656250000000001 0
5163 0.1265333333333333 0.8675000000000002 0
5164 0.1252333333333333 0.869375 0
5165 0.1239333333333333 0.8712500000000001 0
5166 0.1226333333333333 0.873125 0
5167 0.1213333333333333 0.8750000000000001 0
5168 0.1200333333333333 0.8768750000000001 0
5169 0.1187333333333332 0.8787499999999999 0
5170 0.1174333333333332 0.880625 0
5171 0.1161333333333333 0.8825000000000001 0
5172 0.1148333333333333 0.8843749999999999 0
5173 0.1135333333333333 0.8862500000000001 0
5174 0.1122333333333332 0.8881250000000001 0
5175 0.1109333333333332 0.8900000000000001 0
5176 0.1096333333333333 0.891875 0
5177 0.1083333333333333 0.89375 0
5178 0.1070333333333333 0.8956250000000001 0
5179 0.1057333333333333 0.8975000000000001 0
5180 0.1044333333333333 0.899375 0
5181 0.1031333333333332 0.9012499999999999 0
5182 0.1018333333333333 0.9031250000000001 0
5183 0.1005333333333333 0.905 0
5184 0.09923333333333328 0.9068750000000001 0
5185 0.09793333333333332 0.9087499999999999 0
5186 0.09663333333333324 0.910625 0
5187 0.09533333333333327 0.9125000000000001 0
5188 0.09403333333333341 0.914375 0
5189 0.09273333333333333 0.91625 0
5190 0.09143333333333326 0.918125 0
5191 0.09013333333333334 0.92 0
5192 0.08883333333333326 0.921875 0
5193 0.08753333333333324 0.92375 0
5194 0.08623333333333333 0.925625 0
5195 0.08493333333333336 0.9275 0
5196 0.08363333333333328 0.929375 0
5197 0.08233333333333331 0.93125 0
5198 0.08103333333333329 0.933125 0
5199 0.07973333333333338 0.9349999999999999 0
5200 0.07843333333333335 0.936875 0
5201 0.07713333333333333 0.93875 0
5202 0.07583333333333336 0.9406249999999999 0
5203 0.07453333333333328 0.9425 0
5204 0.07323333333333332 0.944375 0
5205 0.07193333333333329 0.9462499999999999 0
5206 0.07063333333333333 0.948125 0
5207 0.1786500000000001 0.8018750000000001 0
5208 0.1773 0.8037500000000001 0
5209 0.17595 0.805625 0
5210 0.1746000000000001 0.8075000000000001 0
5211 0.17325 0.809375 0
5212 0.1719000000000001 0.81125 0
5213 0.17055 0.8131250000000001 0
5214 0.1692 0.8150000000000002 0
5215 0.1678500000000001 0.816875 0
5216 0.1665000000000001 0.8187500000000001 0
5217 0.16515 0.8206249999999999 0
5218 0.1638000000000001 0.8225 0
5219 0.16245 0.8243750000000001 0
5220 0.1611000000000001 0.8262500000000002 0
5221 0.1597500000000001 0.828125 0
5222 0.1584 0.8300000000000001 0
5223 0.15705 0.831875 0
5224 0.1556999999999999 0.83375 0
5225 0.15435 0.8356250000000001 0
5226 0.153 0.8375000000000001 0
5227 0.15165 0.839375 0
5228 0.1503 0.8412500000000001 0
5229 0.14895 0.8431250000000001 0
5230 0.1476000000000001 0.8450000000000002 0
5231 0.1462500000000001 0.846875 0
5232 0.1448999999999999 0.8487500000000001 0
5233 0.14355 0.8506250000000002 0
5234 0.1422 0.8525 0
5235 0.1408500000000001 0.8543750000000001 0
5236 0.1395 0.8562500000000001 0
5237 0.1381500000000001 0.858125 0
5238 0.1368 0.8600000000000001 0
5239 0.13545 0.8618750000000001 0
5240 0.1340999999999999 0.86375 0
5241 0.13275 0.8656250000000001 0
5242 0.1314 0.8675 0
5243 0.13005 0.8693750000000002 0
5244 0.1287 0.8712500000000001 0
5245 0.12735 0.8731249999999999 0
5246 0.1259999999999999 0.875 0
5247 0.12465 0.8768750000000001 0
5248 0.1233 0.8787499999999999 0
5249 0.1219499999999999 0.8806250000000001 0
5250 0.1206 0.8825000000000001 0
5251 0.11925 0.8843749999999999 0
5252 0.1178999999999999 0.8862500000000001 0
5253 0.11655 0.8881250000000001 0
5254 0.1152000000000001 0.8900000000000001 0
5255 0.11385 0.8918750000000002 0
5256 0.1125 0.89375 0
5257 0.1111499999999999 0.8956250000000001 0
5258 0.1098 0.8975000000000001 0
5259 0.10845 0.899375 0
5260 0.1070999999999998 0.90125 0
5261 0.1057499999999999 0.9031250000000001 0
5262 0.1044 0.905 0
5263 0.1030500000000001 0.906875 0
5264 0.1016999999999999 0.9087500000000001 0
5265 0.10035 0.910625 0
5266 0.09900000000000003 0.9125000000000001 0
5267 0.0976499999999999 0.914375 0
5268 0.0963 0.91625 0
5269 0.09495000000000003 0.918125 0
5270 0.09359999999999996 0.92 0
5271 0.09225 0.921875 0
5272 0.09090000000000004 0.92375 0
5273 0.08954999999999996 0.925625 0
5274 0.0882 0.9274999999999999 0
5275 0.08685000000000004 0.929375 0
5276 0.08549999999999996 0.93125 0
5277 0.08415 0.933125 0
5278 0.08280000000000004 0.9349999999999999 0
5279 0.08145000000000013 0.936875 0
5280 0.08009999999999995 0.93875 0
5281 0.07875000000000004 0.9406249999999999 0
5282 0.07740000000000008 0.9425 0
5283 0.07605000000000001 0.944375 0
5284 0.07470000000000004 0.9462499999999999 0
5285 0.07335000000000014 0.948125 0
5286 0.1852666666666668 0.8018750000000001 0
5287 0.1838666666666667 0.80375 0
5288 0.1824666666666667 0.805625 0
5289 0.1810666666666668 0.8075000000000001 0
5290 0.1796666666666667 0.8093750000000001 0
5291 0.1782666666666667 0.81125 0
5292 0.1768666666666668 0.813125 0
5293 0.1754666666666667 0.8150000000000002 0
5294 0.1740666666666667 0.8168750000000002 0
5295 0.1726666666666667 0.8187500000000001 0
5296 0.1712666666666668 0.820625 0
5297 0.1698666666666667 0.8225 0
5298 0.1684666666666667 0.8243750000000001 0
5299 0.1670666666666667 0.82625 0
5300 0.1656666666666667 0.828125 0
5301 0.1642666666666667 0.8300000000000001 0
5302 0.1628666666666667 0.831875 0
5303 0.1614666666666666 0.8337500000000001 0
5304 0.1600666666666667 0.8356250000000001 0
5305 0.1586666666666666 0.8375 0
5306 0.1572666666666667 0.8393750000000001 0
5307 0.1558666666666668 0.8412500000000001 0
5308 0.1544666666666666 0.8431250000000001 0
5309 0.1530666666666667 0.8450000000000002 0
5310 0.1516666666666667 0.8468749999999999 0
5311 0.1502666666666666 0.8487500000000001 0
5312 0.1488666666666667 0.8506250000000002 0
5313 0.1474666666666666 0.8525 0
5314 0.1460666666666666 0.854375 0
5315 0.1446666666666667 0.8562500000000002 0
5316 0.1432666666666667 0.858125 0
5317 0.1418666666666667 0.8600000000000001 0
5318 0.1404666666666666 0.8618750000000002 0
5319 0.1390666666666667 0.86375 0
5320 0.1376666666666667 0.8656250000000001 0
5321 0.1362666666666666 0.8675000000000002 0
5322 0.1348666666666667 0.869375 0
5323 0.1334666666666667 0.8712500000000001 0
5324 0.1320666666666666 0.8731249999999999 0
5325 0.1306666666666667 0.875 0
5326 0.1292666666666667 0.8768750000000001 0
5327 0.1278666666666666 0.87875 0
5328 0.1264666666666667 0.8806250000000001 0
5329 0.1250666666666667 0.8825000000000001 0
5330 0.1236666666666666 0.8843749999999999 0
5331 0.1222666666666666 0.8862500000000001 0
5332 0.1208666666666666 0.8881250000000001 0
5333 0.1194666666666667 0.8900000000000001 0
5334 0.1180666666666666 0.8918750000000001 0
5335 0.1166666666666666 0.89375 0
5336 0.1152666666666666 0.8956250000000001 0
5337 0.1138666666666667 0.8975000000000001 0
5338 0.1124666666666667 0.899375 0
5339 0.1110666666666667 0.9012499999999999 0
5340 0.1096666666666666 0.9031250000000001 0
5341 0.1082666666666667 0.905 0
5342 0.1068666666666667 0.9068750000000001 0
5343 0.1054666666666667 0.9087500000000001 0
5344 0.1040666666666667 0.910625 0
5345 0.1026666666666667 0.9125 0
5346 0.1012666666666667 0.914375 0
5347 0.0998666666666666 0.91625 0
5348 0.09846666666666676 0.918125 0
5349 0.09706666666666675 0.92 0
5350 0.09566666666666657 0.921875 0
5351 0.09426666666666667 0.92375 0
5352 0.09286666666666676 0.925625 0
5353 0.09146666666666659 0.9275 0
5354 0.09006666666666668 0.9293749999999998 0
5355 0.08866666666666656 0.93125 0
5356 0.08726666666666666 0.933125 0
5357 0.0858666666666667 0.9349999999999999 0
5358 0.08446666666666669 0.936875 0
5359 0.08306666666666668 0.93875 0
5360 0.08166666666666672 0.9406249999999999 0
5361 0.08026666666666665 0.9425 0
5362 0.0788666666666667 0.944375 0
5363 0.07746666666666674 0.9462499999999999 0
5364 0.07606666666666667 0.948125 0
5365 0.1918833333333334 0.8018750000000001 0
5366 0.1904333333333333 0.80375 0
5367 0.1889833333333333 0.805625 0
5368 0.1875333333333334 0.8075000000000001 0
5369 0.1860833333333334 0.8093750000000001 0
5370 0.1846333333333334 0.81125 0
5371 0.1831833333333334 0.813125 0
5372 0.1817333333333333 0.8150000000000001 0
5373 0.1802833333333333 0.816875 0
5374 0.1788333333333333 0.8187500000000001 0
5375 0.1773833333333334 0.8206250000000002 0
5376 0.1759333333333333 0.8225 0
5377 0.1744833333333333 0.8243750000000001 0
5378 0.1730333333333333 0.8262500000000002 0
5379 0.1715833333333333 0.828125 0
5380 0.1701333333333334 0.8300000000000001 0
5381 0.1686833333333334 0.8318750000000001 0
5382 0.1672333333333333 0.83375 0
5383 0.1657833333333333 0.8356250000000001 0
5384 0.1643333333333333 0.8375 0
5385 0.1628833333333334 0.839375 0
5386 0.1614333333333333 0.8412500000000001 0
5387 0.1599833333333333 0.843125 0
5388 0.1585333333333332 0.8450000000000001 0
5389 0.1570833333333332 0.846875 0
5390 0.1556333333333333 0.8487500000000001 0
5391 0.1541833333333333 0.8506250000000002 0
5392 0.1527333333333333 0.8525 0
5393 0.1512833333333333 0.8543749999999999 0
5394 0.1498333333333333 0.8562500000000002 0
5395 0.1483833333333333 0.8581250000000001 0
5396 0.1469333333333333 0.8600000000000001 0
5397 0.1454833333333333 0.8618750000000002 0
5398 0.1440333333333333 0.86375 0
5399 0.1425833333333332 0.8656250000000001 0
5400 0.1411333333333332 0.8675000000000002 0
5401 0.1396833333333333 0.869375 0
5402 0.1382333333333332 0.8712500000000001 0
5403 0.1367833333333333 0.873125 0
5404 0.1353333333333333 0.875 0
5405 0.1338833333333333 0.8768750000000001 0
5406 0.1324333333333332 0.87875 0
5407 0.1309833333333333 0.8806250000000001 0
5408 0.1295333333333332 0.8825000000000001 0
5409 0.1280833333333332 0.884375 0
5410 0.1266333333333332 0.8862500000000002 0
5411 0.1251833333333332 0.8881250000000001 0
5412 0.1237333333333333 0.8900000000000001 0
5413 0.1222833333333332 0.8918750000000001 0
5414 0.1208333333333333 0.89375 0
5415 0.1193833333333332 0.895625 0
5416 0.1179333333333333 0.8975000000000001 0
5417 0.1164833333333333 0.8993749999999999 0
5418 0.1150333333333332 0.9012499999999999 0
5419 0.1135833333333333 0.9031250000000001 0
5420 0.1121333333333333 0.905 0
5421 0.1106833333333333 0.9068750000000001 0
5422 0.1092333333333332 0.9087499999999999 0
5423 0.1077833333333332 0.910625 0
5424 0.1063333333333333 0.9125000000000001 0
5425 0.1048833333333332 0.914375 0
5426 0.1034333333333333 0.91625 0
5427 0.1019833333333333 0.918125 0
5428 0.1005333333333333 0.92 0
5429 0.09908333333333313 0.921875 0
5430 0.09763333333333324 0.92375 0
5431 0.09618333333333312 0.925625 0
5432 0.09473333333333323 0.9275 0
5433 0.09328333333333327 0.929375 0
5434 0.09183333333333321 0.93125 0
5435 0.09038333333333332 0.933125 0
5436 0.08893333333333331 0.9349999999999999 0
5437 0.0874833333333333 0.936875 0
5438 0.08603333333333335 0.93875 0
5439 0.08458333333333329 0.9406249999999999 0
5440 0.08313333333333334 0.9425 0
5441 0.08168333333333333 0.9443750000000001 0
5442 0.08023333333333327 0.9462499999999999 0
5443 0.07878333333333326 0.948125 0
5444 0.9830772145308724 0.0162543621720988 0
5445 0.9825588936934349 0.03250440528301951 0
5446 0.9817784775212071 0.04874581144326473 0
5447 0.9807361438156732 0.06497426510636634 0
5448 0.979432141431378 0.08118545423961715 0
5449 0.9778667902084204 0.09737507149383312 0
5450 0.9760404808856844 0.1135388153718592 0
5451 0.9739536749948408 0.1296723913954739 0
5452 0.9716069047351428 0.1457715132704008 0
5453 0.9690007728290511 0.1618319040490963 0
5454 0.9661359523587256 0.1778492972909961 0
5455 0.9630131865834339 0.1938194382199236 0
5456 0.959633288737918 0.2097380848783195 0
5457 0.955997141811779 0.2256010092780077 0
5458 0.9521056983099416 0.2414039985471598 0
5459 0.9479599799942584 0.2571428560731664 0
5460 0.9435610776063226 0.2728134026410981 0
5461 0.9389101505715747 0.2884114775674378 0
5462 0.934008426684773 0.303932939828799 0
5463 0.9288572017769146 0.3193736691852983 0
5464 0.9234578393637058 0.3347295672982971 0
5465 0.917811770275663 0.3499965588422029 0
5466 0.9119204922699602 0.3651705926100192 0
5467 0.9057855696241139 0.3802476426123639 0
5468 0.8994086327116287 0.3952237091696363 0
5469 0.8927913775597071 0.4100948199970525 0
5470 0.8859355653891499 0.4248570312822509 0
5471 0.8788430221365746 0.4395064287551655 0
5472 0.8715156379590714 0.4540391287498959 0
5473 0.8639553667214442 0.4684512792582631 0
5474 0.856164225466163 0.4827390609747901 0
5475 0.8481442938661816 0.4968986883327972 0
5476 0.8398977136607622 0.5109264105313585 0
5477 0.831426688074465 0.5248185125528143 0
5478 0.822733481219456 0.5385713161705847 0
5479 0.8138204174812979 0.5521811809470024 0
5480 0.8046898808883909 0.5656445052208858 0
5481 0.7953443144652314 0.578957727084605 0
5482 0.7857862195696703 0.5921173253503514 0
5483 0.7760181552143399 0.6051198205053719 0
5484 0.7660427373724483 0.6179617756558875 0
5485 0.7558626382681161 0.6306397974594564 0
5486 0.7454805856514517 0.6431505370455233 0
5487 0.7348993620585722 0.6554906909238978 0
5488 0.7241218040567503 0.66765700188093 0
5489 0.7131508014749142 0.6796462598631252 0
5490 0.7019892966196923 0.6914553028479691 0
5491 0.6906402834772212 0.7030810177017246 0
5492 0.6791068069009407 0.7145203410239589 0
5493 0.6673919617855804 0.7257702599785888 0
5494 0.6554988922275803 0.7368278131111994 0
5495 0.6434307906721568 0.7476900911524298 0
5496 0.6311908970472543 0.7583542378072025 0
5497 0.61878249788462 0.7688174505295764 0
5498 0.6062089254282288 0.7790769812830256 0
5499 0.5934735567303155 0.7891301372859244 0
5500 0.5805798127352418 0.7989742817420489 0
5501 0.5675311573514672 0.8086068345558852 0
5502 0.5543310965118554 0.8180252730325597 0
5503 0.5409831772225835 0.8272271325621973 0
5504 0.5274909866009123 0.8362100072885188 0
5505 0.5138581509020682 0.8449715507615063 0
5506 0.5000883345355158 0.853509476573944 0
5507 0.4861852390708714 0.86182155898168 0
5508 0.4721526022337442 0.8699056335074232 0
5509 0.4579941968917636 0.8777595975279249 0
5510 0.4437138300310721 0.8853814108443805 0
5511 0.4293153417235699 0.8927690962358911 0
5512 0.4148026040851741 0.8999207399958494 0
5513 0.400179520225395 0.9068344924510869 0
5514 0.3854500231884937 0.9135085684636556 0
5515 0.3706180748865303 0.9199412479150998 0
5516 0.3556876650245731 0.9261308761730905 0
5517 0.3406628100183674 0.9320758645402961 0
5518 0.3255475519047672 0.9377746906853618 0
5519 0.3103459572452034 0.9432258990558907 0
5520 0.2950621160225126 0.9484281012733038 0
5521 0.2797001405313992 0.9533799765094834 0
5522 0.264264164262857 0.9580802718450839 0
5523 0.9662900692022216 0.01603869451099171 0
5524 0.9656603111522819 0.03207321889395015 0
5525 0.9647774955377173 0.04809940415211778 0
5526 0.9636417940289259 0.06411308355097434 0
5527 0.9622534468992618 0.0801100937485959 0
5528 0.9606127629598542 0.0960862759250804 0
5529 0.9587201194758332 0.1120374769107606 0
5530 0.956575962063984 0.1279595503128714 0
5531 0.9541808045718618 0.1438483576403869 0
5532 0.951535228938394 0.1596997694267136 0
5533 0.9486398850360109 0.1755096663499273 0
5534 0.94549549049435 0.1912739403502712 0
5535 0.9421028305055759 0.2069884957445845 0
5536 0.9384627576113729 0.2226492503373868 0
5537 0.9345761914716681 0.2382521365282921 0
5538 0.930444118615146 0.253793102415471 0
5539 0.9260675921716215 0.2692681128948534 0
5540 0.9214477315863481 0.2846731507547677 0
5541 0.9165857223163325 0.300004217765737 0
5542 0.9114828155087452 0.3152573357651156 0
5543 0.9061403276615092 0.3304285477362868 0
5544 0.9005596402661573 0.3455139188821269 0
5545 0.8947421994330651 0.3605095376924322 0
5546 0.8886895154991445 0.3754115170050411 0
5547 0.8824031626181243 0.3902159950603385 0
5548 0.8758847783335105 0.4049191365488782 0
5549 0.8691360631343517 0.4195171336518285 0
5550 0.8621587799939341 0.434006207073953 0
5551 0.8549547538915172 0.448382607068865 0
5552 0.8475258713172567 0.4626426144562542 0
5553 0.8398740797604333 0.4767825416308318 0
5554 0.8320013871811411 0.4907987335627008 0
5555 0.8239098614655636 0.5046875687888979 0
5556 0.8156016298650006 0.5184454603958208 0
5557 0.8070788784187852 0.5320688569922888 0
5558 0.7983438513612531 0.5455542436729679 0
5559 0.7893988505129292 0.5588981429718898 0
5560 0.7802462346560857 0.5720971158058256 0
5561 0.7708884188948539 0.585147762407236 0
5562 0.7613278740000523 0.5980467232465662 0
5563 0.7515671257389158 0.6107906799436156 0
5564 0.7416087541899052 0.623376356167751 0
5565 0.7314553930427812 0.6358005185267123 0
5566 0.7211097288841388 0.6480599774437634 0
5567 0.7105745004685865 0.660151588022967 0
5568 0.6998524979757794 0.6720722509023278 0
5569 0.688946562253496 0.6838189130945909 0
5570 0.6778595840469722 0.6953885688154584 0
5571 0.6665945032147014 0.7067782602989949 0
5572 0.6551543079309052 0.7179850786000168 0
5573 0.6435420338749052 0.7290061643832271 0
5574 0.6317607634075997 0.7398387086988978 0
5575 0.6198136247352799 0.7504799537448852 0
5576 0.6077037910610124 0.7609271936147635 0
5577 0.5954344797238074 0.7711777750318869 0
5578 0.583008951325822 0.7812290980691685 0
5579 0.5704305088478198 0.7910786168543922 0
5580 0.5577024967531408 0.800723840260855 0
5581 0.5448283000804122 0.8101623325831612 0
5582 0.5318113435252531 0.8193917141979836 0
5583 0.5186550905112258 0.8284096622096044 0
5584 0.5053630422502727 0.8372139110800753 0
5585 0.4919387367929119 0.8458022532438081 0
5586 0.4783857480684276 0.8541725397064497 0
5587 0.4647076849153393 0.862322680627857 0
5588 0.4509081901023925 0.870250645889031 0
5589 0.4369909393403455 0.8779544656428502 0
5590 0.4229596402848262 0.8854322308484467 0
5591 0.408818031530513 0.8926820937890962 0
5592 0.3945698815969331 0.8997022685734632 0
5593 0.3802189879061318 0.9064910316200814 0
5594 0.3657691757525121 0.913046722124924 0
5595 0.3512242972651051 0.9193677425119495 0
5596 0.3365882303625617 0.9254525588664931 0
5597 0.3218648777011545 0.9312997013513837 0
5598 0.3070581656160584 0.9369077646056877 0
5599 0.2921720430562191 0.9422754081259485 0
5600 0.2772104805130752 0.9474013566298461 0
5601 0.2621774689434482 0.95228440040215 0
5602 0.949502923873571 0.0158230268498849 0
5603 0.9487617286111292 0.03164203250488046 0
5604 0.9477765135542273 0.04745299686097065 0
5605 0.9465474442421784 0.06325190199558239 0
5606 0.9450747523671452 0.07903473325757465 0
5607 0.943358735711288 0.09479748035632746 0
5608 0.9413997580659821 0.110536138449662 0
5609 0.9391982491331274 0.1262467092302689 0
5610 0.9367547044085813 0.1419252020103732 0
5611 0.934069685047737 0.1575676348043309 0
5612 0.9311438177132962 0.1731700354088583 0
5613 0.9279777944052663 0.1887284424806186 0
5614 0.924572372273234 0.2042389066108493 0
5615 0.9209283734109666 0.2196974913967658 0
5616 0.917046684633394 0.2351002745094248 0
5617 0.9129282572360338 0.2504433487577757 0
5618 0.9085741067369209 0.2657228231486086 0
5619 0.9039853126011212 0.2809348239420973 0
5620 0.8991630179478921 0.2960754957026749 0
5621 0.8941084292405757 0.3111410023449329 0
5622 0.8888228159593123 0.3261275281742766 0
5623 0.8833075102566519 0.3410312789220509 0
5624 0.8775639065961697 0.3558484827748454 0
5625 0.8715934613741751 0.3705753913977181 0
5626 0.8653976925246198 0.3852082809510406 0
5627 0.8589781791073137 0.399743453100704 0
5628 0.8523365608795535 0.4141772360214061 0
5629 0.8454745378512936 0.4285059853927403 0
5630 0.838393869823963 0.4427260853878341 0
5631 0.8310963759130688 0.456833949654245 0
5632 0.8235839340547035 0.4708260222868735 0
5633 0.8158584804961002 0.4846987787926043 0
5634 0.8079220092703649 0.4984487270464372 0
5635 0.7997765716555365 0.5120724082388272 0
5636 0.7914242756181145 0.5255663978139927 0
5637 0.7828672852412084 0.5389273063989333 0
5638 0.7741078201374674 0.5521517807228937 0
5639 0.7651481548469395 0.5652365045270461 0
5640 0.7559906182200378 0.5781781994641204 0
5641 0.7466375927857649 0.5909736259877602 0
5642 0.7370915141053831 0.6036195842313434 0
5643 0.7273548701116943 0.6161129148760456 0
5644 0.7174302004341102 0.628450500007901 0
5645 0.7073200957097052 0.6406292639636291 0
5646 0.6970271968804227 0.6526461741650038 0
5647 0.6865541944766443 0.6644982419415304 0
5648 0.6759038278872997 0.6761825233412126 0
5649 0.665078884616723 0.6876961199291919 0
5650 0.654082199528462 0.6990361795740307 0
5651 0.64291665407623 0.7101998972214448 0
5652 0.63158517552223 0.7211845156552548 0
5653 0.6200907361430426 0.7319873262453658 0
5654 0.6084363524233056 0.7426056696825678 0
5655 0.5966250842374048 0.7530369366999505 0
5656 0.5846600340193855 0.7632785687807482 0
5657 0.5725443459213283 0.7733280588524123 0
5658 0.5602812049603976 0.7831829519667353 0
5659 0.5478738361548143 0.7928408459658243 0
5660 0.5353255036489689 0.8022993921337626 0
5661 0.5226395098279226 0.8115562958337699 0
5662 0.5098191944215391 0.8206093171306901 0
5663 0.4968679335984773 0.829456271398644 0
5664 0.4837891390503079 0.838095029913672 0
5665 0.4705862570659838 0.8465235204312193 0
5666 0.4572627675969343 0.8547397277482907 0
5667 0.4438221833130213 0.8627416942501369 0
5668 0.4302680486496188 0.8705275204413199 0
5669 0.4166039388460824 0.878095365461002 0
5670 0.4028334589758518 0.8854434475823426 0
5671 0.3889602429684712 0.8925700446958396 0
5672 0.3749879526237699 0.8994734947765071 0
5673 0.3609202766184938 0.9061521963347481 0
5674 0.346760929505637 0.9126046088508086 0
5675 0.3325136507067559 0.9188292531926897 0
5676 0.3181822034975418 0.9248247120174057 0
5677 0.3037703739869135 0.9305896301554843 0
5678 0.2892819700899256 0.9361227149785931 0
5679 0.274720820494751 0.9414227367502086 0
5680 0.2600907736240392 0.9464885289592159 0
5681 0.9327157785449203 0.01560735918877804 0
5682 0.931863146069976 0.03121084611581071 0
5683 0.9307755315707376 0.04680658956982364 0
5684 0.9294530944554311 0.06239072044019051 0
5685 0.927896057835029 0.07795937276655329 0
5686 0.9261047084627219 0.09350868478757457 0
5687 0.9240793966561311 0.1090347999885632 0
5688 0.9218205362022709 0.1245338681476664 0
5689 0.9193286042453004 0.1400020463803593 0
5690 0.9166041411570802 0.1554355001819483 0
5691 0.9136477503905818 0.1708304044677896 0
5692 0.9104600983161822 0.1861829446109661 0
5693 0.907041914040892 0.2014893174771141 0
5694 0.9033939892105607 0.2167457324561449 0
5695 0.8995171777951203 0.2319484124905571 0
5696 0.8954123958569213 0.2470935951000803 0
5697 0.8910806213022202 0.2621775334023639 0
5698 0.8865228936158948 0.2771964971294271 0
5699 0.8817403135794517 0.2921467736396129 0
5700 0.8767340429724064 0.3070246689247502 0
5701 0.8715053042571158 0.3218265086122662 0
5702 0.8660553802471462 0.336548638961975 0
5703 0.8603856137592745 0.3511874278572584 0
5704 0.8544974072492058 0.3657392657903953 0
5705 0.8483922224311156 0.3802005668417429 0
5706 0.8420715798811169 0.3945677696525298 0
5707 0.8355370586247555 0.4088373383909836 0
5708 0.828790295708653 0.4230057637115277 0
5709 0.8218329857564088 0.4370695637068032 0
5710 0.8146668805088813 0.4510252848522359 0
5711 0.8072937883489737 0.4648695029429152 0
5712 0.7997155738110595 0.4785988240225078 0
5713 0.7919341570751661 0.4922098853039766 0
5714 0.7839515134460722 0.5056993560818335 0
5715 0.7757696728174435 0.5190639386356967 0
5716 0.7673907191211637 0.5323003691248988 0
5717 0.7588167897620057 0.5454054184738976 0
5718 0.7500500750377936 0.5583758932482665 0
5719 0.7410928175452216 0.5712086365210047 0
5720 0.7319473115714772 0.5839005287289543 0
5721 0.7226159024718504 0.5964484885190715 0
5722 0.7131009860334834 0.6088494735843402 0
5723 0.7034050078254395 0.6211004814890899 0
5724 0.6935304625352718 0.6331985504834945 0
5725 0.683479893292259 0.6451407603070407 0
5726 0.6732558909775095 0.656924232980733 0
5727 0.6628610935211036 0.6685461335878344 0
5728 0.6522981851864742 0.6800036710429256 0
5729 0.6415698958422227 0.6912940988490666 0
5730 0.630679000221555 0.7024147158428728 0
5731 0.6196283171695549 0.7133628669272822 0
5732 0.6084207088784855 0.7241359437918335 0
5733 0.5970590801113316 0.7347313856202505 0
5734 0.5855463774137972 0.7451466797851375 0
5735 0.5738855883149639 0.7553793625296092 0
5736 0.5620797405168347 0.7654270196356563 0
5737 0.5501319010729756 0.7752872870790785 0
5738 0.5380451755564879 0.7849578516707937 0
5739 0.5258227072175257 0.7944364516843638 0
5740 0.5134676761305921 0.8037208774695561 0
5741 0.5009832983318526 0.8128089720517757 0
5742 0.4883728249466819 0.8216986317172127 0
5743 0.475639541307704 0.8303878065835359 0
5744 0.46278676606354 0.838874501155989 0
5745 0.4498178502785294 0.8471567748687243 0
5746 0.4367361765236502 0.855232742611243 0
5747 0.4235451579588922 0.8631005752397894 0
5748 0.4102482374073386 0.8707585000735576 0
5749 0.3968488864211906 0.8782048013755892 0
5750 0.3833506043400093 0.8854378208182159 0
5751 0.3697569173414081 0.8924559579329325 0
5752 0.3560713774844755 0.8992576705445721 0
5753 0.342297561746169 0.9058414751896675 0
5754 0.3284390710509502 0.9122059475188864 0
5755 0.3144995292939292 0.9183497226834278 0
5756 0.3004825823577685 0.9242714957052812 0
5757 0.2863918971236321 0.9299700218312379 0
5758 0.272231160476427 0.9354441168705713 0
5759 0.2580040783046304 0.9406926575162819 0
5760 0.9159286332162695 0.01539169152767128 0
5761 0.914964563528823 0.03077965972674118 0
5762 0.9137745495872474 0.04616018227867658 0
5763 0.9123587446686838 0.06152953888479856 0
5764 0.9107173633029124 0.07688401227553199 0
5765 0.9088506812141557 0.09221988921882179 0
5766 0.9067590352462798 0.1075334615274646 0
5767 0.9044428232714143 0.1228210270650639 0
5768 0.9019025040820197 0.1380788907503455 0
5769 0.8991385972664231 0.1533033655595657 0
5770 0.8961516830678669 0.1684907735267207 0
5771 0.8929424022270983 0.1836374467413135 0
5772 0.88951145580855 0.1987397283433789 0
5773 0.8858596050101544 0.2137939735155238 0
5774 0.8819876709568464 0.2287965504716895 0
5775 0.877896534477809 0.2437438414423849 0
5776 0.8735871358675193 0.2586322436561191 0
5777 0.869060474630668 0.2734581703167567 0
5778 0.8643176092110112 0.2882180515765509 0
5779 0.8593596567042368 0.3029083355045675 0
5780 0.8541877925549191 0.3175254890502561 0
5781 0.8488032502376406 0.3320659990018991 0
5782 0.8432073209223794 0.3465263729396716 0
5783 0.8374013531242364 0.3609031401830723 0
5784 0.8313867523376109 0.3751928527324451 0
5785 0.8251649806549202 0.3893920862043556 0
5786 0.818737556369957 0.4034974407605611 0
5787 0.8121060535660127 0.4175055420303151 0
5788 0.8052721016888547 0.4314130420257722 0
5789 0.7982373851046933 0.4452166200502269 0
5790 0.7910036426432441 0.4589129835989569 0
5791 0.7835726671260186 0.4724988692524114 0
5792 0.7759463048799675 0.4859710435615159 0
5793 0.7681264552366078 0.49932630392484 0
5794 0.7601150700167725 0.5125614794574006 0
5795 0.7519141530011189 0.5256734318508641 0
5796 0.7435257593865439 0.5386590562249015 0
5797 0.7349519952286478 0.5515152819694871 0
5798 0.7261950168704054 0.5642390735778893 0
5799 0.7172570303571897 0.5768274314701483 0
5800 0.7081402908383176 0.5892773928067995 0
5801 0.6988471019552727 0.6015860322926347 0
5802 0.6893798152167687 0.6137504629702788 0
5803 0.6797408293608382 0.6257678370033601 0
5804 0.6699325897040952 0.6376353464490776 0
5805 0.6599575874783744 0.6493502240199356 0
5806 0.6498183591549073 0.6609097438344561 0
5807 0.6395174857562251 0.6723112221566592 0
5808 0.6290575921559834 0.6835520181241025 0
5809 0.6184413463668796 0.6946295344643008 0
5810 0.6076714588168797 0.7055412181993098 0
5811 0.5967506816139284 0.7162845613383015 0
5812 0.5856818077993572 0.726857101557933 0
5813 0.5744676705901898 0.7372564228703244 0
5814 0.5631111426105422 0.7474801562784704 0
5815 0.5516151351123409 0.7575259804189003 0
5816 0.5399825971855534 0.7673916221914214 0
5817 0.5282165149581615 0.7770748573757633 0
5818 0.5163199107860823 0.7865735112349652 0
5819 0.5042958424332616 0.7958854591053426 0
5820 0.4921474022421659 0.805008626972861 0
5821 0.4798777162948864 0.8139409920357814 0
5822 0.4674899435651 0.8226805832534001 0
5823 0.4549872750610961 0.8312254818807586 0
5824 0.4423729329601244 0.839573821989158 0
5825 0.4296501697342791 0.8477237909723492 0
5826 0.4168222672681656 0.855673630038259 0
5827 0.4038925359685949 0.863421634686113 0
5828 0.3908643138665295 0.8709661551688359 0
5829 0.3777409657115475 0.878305596940592 0
5830 0.3645258820590463 0.8854384210893583 0
5831 0.3512224783504572 0.8923631447543963 0
5832 0.337834193986701 0.8990783415285264 0
5833 0.3243644913951443 0.905582641845083 0
5834 0.3108168550903165 0.9118747333494498 0
5835 0.2971947907286236 0.9179533612550781 0
5836 0.2835018241573385 0.9238173286838827 0
5837 0.2697415004581029 0.9294654969909338 0
5838 0.2559173829852216 0.934896786073348 0
5839 0.8991414878876187 0.01517602386656425 0
5840 0.8980659809876701 0.03034847333767143 0
5841 0.8967735676037576 0.04551377498752962 0
5842 0.8952643948819365 0.06066835732940662 0
5843 0.8935386687707958 0.07580865178451074 0
5844 0.8915966539655893 0.09093109365006879 0
5845 0.8894386738364286 0.1060321230663661 0
5846 0.8870651103405578 0.1211081859824612 0
5847 0.8844764039187389 0.1361557351203317 0
5848 0.8816730533757663 0.1511712309371832 0
5849 0.8786556157451523 0.1661511425856519 0
5850 0.8754247061380145 0.181091948871661 0
5851 0.8719809975762081 0.1959901392096438 0
5852 0.8683252208097483 0.210842214574903 0
5853 0.8644581641185727 0.225644688452822 0
5854 0.8603806730986967 0.2403940877846894 0
5855 0.8560936504328185 0.2550869539098743 0
5856 0.8515980556454412 0.2697198435040865 0
5857 0.8468949048425709 0.2842893295134888 0
5858 0.8419852704360673 0.2987920020843848 0
5859 0.8368702808527223 0.3132244694882458 0
5860 0.8315511202281349 0.3275833590418231 0
5861 0.8260290280854843 0.3418653180220848 0
5862 0.820305298999267 0.3560670145757494 0
5863 0.8143812822441068 0.3701851386231473 0
5864 0.8082583814287232 0.3842164027561813 0
5865 0.8019380541151588 0.3981575431301387 0
5866 0.7954218114233722 0.4120053203491025 0
5867 0.7887112176213006 0.4257565203447414 0
5868 0.7818078897005059 0.4394079552482179 0
5869 0.7747134969375142 0.4529564642549987 0
5870 0.7674297604409783 0.4663989144823149 0
5871 0.7599584526847689 0.4797322018190553 0
5872 0.7523013970271435 0.4929532517678463 0
5873 0.7444604672161019 0.5060590202791047 0
5874 0.7364375868810741 0.5190464945768296 0
5875 0.7282347290110822 0.5319126939759055 0
5876 0.7198539154195021 0.5446546706907076 0
5877 0.7112972161955893 0.5572695106347736 0
5878 0.7025667491429022 0.5697543342113424 0
5879 0.693664679204785 0.5821062970945275 0
5880 0.6845932178770617 0.5943225910009294 0
5881 0.6753546226080981 0.6064004444514677 0
5882 0.6659511961864046 0.6183371235232258 0
5883 0.6563852861159313 0.6301299325911146 0
5884 0.6466592839792396 0.6417762150591381 0
5885 0.6367756247887111 0.653273354081078 0
5886 0.6267367863259763 0.6646187732703929 0
5887 0.6165452884697441 0.6758099373991384 0
5888 0.6062036925122045 0.6868443530857288 0
5889 0.5957146004642047 0.6977195694713374 0
5890 0.5850806543493713 0.7084331788847694 0
5891 0.5743045354873829 0.7189828174956158 0
5892 0.5633889637665821 0.7293661659555115 0
5893 0.5523366969061205 0.7395809500273316 0
5894 0.5411505297078474 0.7496249412021444 0
5895 0.5298332932981312 0.7594959573037647 0
5896 0.518387854359835 0.7691918630807327 0
5897 0.5068171143546391 0.7787105707855667 0
5898 0.4951240087359312 0.7880500407411288 0
5899 0.4833115061524794 0.7972082818939467 0
5900 0.471382607643091 0.8061833523543502 0
5901 0.4593403458224959 0.814973359923264 0
5902 0.4471877840586523 0.8235764626055284 0
5903 0.4349280156417194 0.8319908691095916 0
5904 0.4225641629449079 0.8402148393334552 0
5905 0.410099376577439 0.8482466848367287 0
5906 0.3975368345298511 0.8560847692986685 0
5907 0.3848797413118684 0.8637275089620824 0
5908 0.3721313270830856 0.8711733730629685 0
5909 0.3592948467766844 0.878420884245784 0
5910 0.346373579216439 0.8854686189642206 0
5911 0.3333708262272329 0.8923152078673855 0
5912 0.3202899117393386 0.8989593361712798 0
5913 0.3071341808867039 0.905399744015472 0
5914 0.2939069990994787 0.9116352268048751 0
5915 0.280611751191045 0.9176646355365274 0
5916 0.2672518404397788 0.9234868771112967 0
5917 0.2538306876658127 0.9291009146304143 0
5918 0.8823543425589679 0.01496035620545755 0
5919 0.8811673984465174 0.0299172869486018 0
5920 0.8797725856202677 0.0448673676963825 0
5921 0.8781700450951893 0.05980717577401468 0
5922 0.8763599742386794 0.07473329129348955 0
5923 0.8743426267170232 0.08964229808131591 0
5924 0.8721183124265773 0.1045307846052675 0
5925 0.8696873974097014 0.1193953448998588 0
5926 0.867050303755458 0.1342325794903179 0
5927 0.8642075094851094 0.1490390963148005 0
5928 0.8611595484224377 0.163811511644583 0
5929 0.8579070100489306 0.1785464510020085 0
5930 0.8544505393438659 0.1932405500759086 0
5931 0.850790836609342 0.2078904556342819 0
5932 0.8469286572802988 0.2224928264339543 0
5933 0.8428648117195844 0.2370443341269942 0
5934 0.8386001649981178 0.2515416641636296 0
5935 0.8341356366602146 0.2659815166914162 0
5936 0.8294722004741304 0.2803606074504267 0
5937 0.8246108841678979 0.294675668664202 0
5938 0.8195527691505253 0.3089234499262355 0
5939 0.8142989902186293 0.3231007190817471 0
5940 0.808850735248589 0.3372042631044979 0
5941 0.8032092448742973 0.3512308889684265 0
5942 0.7973758121506022 0.3651774245138494 0
5943 0.7913517822025264 0.3790407193080071 0
5944 0.7851385518603604 0.3928176454997163 0
5945 0.7787375692807317 0.4065050986678899 0
5946 0.7721503335537463 0.4200999986637106 0
5947 0.7653783942963179 0.4335992904462087 0
5948 0.7584233512317846 0.4469999449110403 0
5949 0.7512868537559374 0.4602989597122183 0
5950 0.7439706004895703 0.4734933600765946 0
5951 0.7364763388176792 0.4865801996108527 0
5952 0.7288058644154307 0.4995565611008085 0
5953 0.7209610207610295 0.512419557302795 0
5954 0.7129436986356203 0.5251663317269094 0
5955 0.704755835610356 0.5377940594119281 0
5956 0.6963994155207731 0.5502999476916581 0
5957 0.6878764679286145 0.5626812369525364 0
5958 0.6791890675712522 0.5749352013822555 0
5959 0.6703393337988508 0.5870591497092239 0
5960 0.6613294299994272 0.5990504259326564 0
5961 0.6521615630119713 0.6109064100430914 0
5962 0.6428379825277676 0.6226245187331514 0
5963 0.6333609804801045 0.6342022060983408 0
5964 0.6237328904225146 0.6456369643276996 0
5965 0.6139560868957271 0.6569263243841265 0
5966 0.6040329847835048 0.6680678566741743 0
5967 0.5939660386575293 0.6790591717071567 0
5968 0.5837577421115293 0.6898979207433651 0
5969 0.5734106270848142 0.7005817964312373 0
5970 0.5629272631754085 0.7111085334332985 0
5971 0.5523102569429745 0.7214759090406986 0
5972 0.5415622512016989 0.7316817437761928 0
5973 0.5306859243033537 0.7417239019853884 0
5974 0.5196839894107091 0.7516002924161078 0
5975 0.5085591937615086 0.7613088687857023 0
5976 0.4973143179231957 0.770847630336168 0
5977 0.4859521750386007 0.7802146223769153 0
5978 0.4744756100627927 0.7894079368150323 0
5979 0.4628874989912956 0.798425712672919 0
5980 0.451190748079892 0.8072661365931281 0
5981 0.4393882930562084 0.8159274433302979 0
5982 0.4274830983233144 0.8244079162300253 0
5983 0.4154781561555367 0.8327058876945612 0
5984 0.4033764858867124 0.8408197396351983 0
5985 0.3911811330911072 0.848747903911224 0
5986 0.3788951687572072 0.856488862755329 0
5987 0.3665216884546237 0.8640411491853448 0
5988 0.3540638114943226 0.8714033474022096 0
5989 0.3415246800824207 0.8785740931740447 0
5990 0.3289074584677649 0.8855520742062444 0
5991 0.3162153320835328 0.8923360304974763 0
5992 0.3034515066830912 0.898924754681494 0
5993 0.2906192074703338 0.9053170923546719 0
5994 0.2777216782247515 0.9115119423891722 0
5995 0.2647621804214546 0.9175082572316593 0
5996 0.2517439923464039 0.9233050431874803 0
5997 0.8655671972303172 0.01474468854435079 0
5998 0.8642688159053644 0.02948610055953221 0
5999 0.8627716036367779 0.04422096040523543 0
6000 0.8610756953084419 0.05894599421862268 0
6001 0.859181279706563 0.07365793080246824 0
6002 0.8570885994684569 0.08835350251256324 0
6003 0.8547979510167262 0.103029446144169 0
6004 0.8523096844788447 0.1176825038172562 0
6005 0.8496242035921771 0.1323094238603041 0
6006 0.8467419655944525 0.1469069616924178 0
6007 0.843663481099723 0.1614718807035141 0
6008 0.8403893139598466 0.1760009531323559 0
6009 0.8369200811115241 0.1904909609421734 0
6010 0.8332564524089359 0.204938696693661 0
6011 0.8293991504420249 0.2193409644150868 0
6012 0.8253489503404721 0.2336945804692987 0
6013 0.8211066795634171 0.2479963744173849 0
6014 0.816673217674988 0.2622431898787459 0
6015 0.8120494961056899 0.2764318853873647 0
6016 0.8072364978997285 0.2905593352440194 0
6017 0.8022352574483287 0.3046224303642254 0
6018 0.7970468602091237 0.3186180791216712 0
6019 0.791672442411694 0.332543208186911 0
6020 0.786113190749328 0.3463947633611036 0
6021 0.7803703420570978 0.3601697104045516 0
6022 0.7744451829763299 0.3738650358598329 0
6023 0.7683390496055622 0.3874777478692938 0
6024 0.7620533271380912 0.4010048769866773 0
6025 0.7555894494861922 0.4144434769826796 0
6026 0.7489488988921302 0.4277906256441997 0
6027 0.7421332055260548 0.441043425567082 0
6028 0.7351439470708967 0.454199004942122 0
6029 0.7279827482943715 0.467254518334134 0
6030 0.720651280608215 0.4802071474538591 0
6031 0.7131512616147601 0.4930541019225125 0
6032 0.7054844546409846 0.5057926200287604 0
6033 0.6976526682601587 0.5184199694779134 0
6034 0.6896577558012101 0.5309334481331487 0
6035 0.6815016148459567 0.5433303847485424 0
6036 0.673186186714327 0.5556081396937305 0
6037 0.6647134559377197 0.5677641056699836 0
6038 0.6560854497206399 0.5797957084175186 0
6039 0.6473042373907567 0.5917004074138454 0
6040 0.6383719298375377 0.603475696562957 0
6041 0.6292906789396038 0.6151191048751883 0
6042 0.6200626769809696 0.6266281971375434 0
6043 0.6106901560563184 0.6380005745743214 0
6044 0.6011753874654783 0.6492338754978602 0
6045 0.5915206810972655 0.6603257759492103 0
6046 0.5817283848028542 0.6712739903285847 0
6047 0.5718008837588541 0.6820762720153927 0
6048 0.5617405998202571 0.6927304139777053 0
6049 0.5515499908634344 0.7032342493709812 0
6050 0.541231550119367 0.7135856521258856 0
6051 0.5307878054972772 0.7237825375250541 0
6052 0.5202213188988601 0.7338228627686325 0
6053 0.5095346855232871 0.7437046275284509 0
6054 0.4987305331631821 0.7534258744906717 0
6055 0.4878115214917525 0.7629846898867695 0
6056 0.4767803413412703 0.7723792040127014 0
6057 0.4656397139731061 0.7816075917361179 0
6058 0.4543923903395001 0.7906680729914877 0
6059 0.443041150337288 0.799558913262992 0
6060 0.4315888020537646 0.8082784240550678 0
6061 0.4200381810049095 0.8168249633504591 0
6062 0.4083921493661656 0.8251969360556674 0
6063 0.3966535951959858 0.8333927944336681 0
6064 0.3848254316523635 0.8414110385237795 0
6065 0.372910596202546 0.8492502165485756 0
6066 0.3609120498261618 0.8569089253077212 0
6067 0.3488327762119607 0.8643858105586355 0
6068 0.3366757809484023 0.8716795673838689 0
6069 0.3244440907082969 0.8787889405451035 0
6070 0.312140752427727 0.8857127248236731 0
6071 0.2997688324794786 0.892449765347516 0
6072 0.2873314158411888 0.8989989579044688 0
6073 0.2748316052584579 0.9053592492418169 0
6074 0.2622725204031305 0.9115296373520221 0
6075 0.249657297026995 0.9175091717445466 0
6076 0.8487800519016664 0.01452902088324387 0
6077 0.8473702333642114 0.02905491417046241 0
6078 0.8457706216532879 0.04357455311408842 0
6079 0.8439813455216945 0.05808481266323079 0
6080 0.8420025851744464 0.07258257031144699 0
6081 0.8398345722198907 0.08706470694381024 0
6082 0.8374775896068749 0.1015281076830704 0
6083 0.834931971547988 0.1159696627346536 0
6084 0.8321981034288966 0.1303862682302902 0
6085 0.8292764217037956 0.1447748270700353 0
6086 0.8261674137770082 0.1591322497624454 0
6087 0.8228716178707627 0.1734554552627033 0
6088 0.8193896228791822 0.1877413718084383 0
6089 0.8157220682085295 0.2019869377530399 0
6090 0.8118696436037511 0.2161891023962192 0
6091 0.8078330889613597 0.2303448268116033 0
6092 0.8036131941287162 0.2444510846711401 0
6093 0.7992107986897611 0.2585048630660757 0
6094 0.7946267917372495 0.2725031633243028 0
6095 0.7898621116315589 0.2864430018238366 0
6096 0.7849177457461319 0.3003214108022151 0
6097 0.7797947301996182 0.314135439161595 0
6098 0.7744941495747988 0.3278821532693241 0
6099 0.7690171366243586 0.3415586377537808 0
6100 0.7633648719635933 0.3551619962952539 0
6101 0.7575385837501329 0.3686893524116586 0
6102 0.7515395473507638 0.3821378502388714 0
6103 0.7453690849954506 0.3955046553054646 0
6104 0.7390285654186379 0.4087869553016487 0
6105 0.7325194034879425 0.4219819608421906 0
6106 0.7258430598203252 0.4350869062231237 0
6107 0.719001040385856 0.4480990501720254 0
6108 0.7119948960991729 0.4610156765916733 0
6109 0.7048262223987507 0.4738340952968656 0
6110 0.6974966588140892 0.4865516427442165 0
6111 0.69000788852094 0.4991656827547258 0
6112 0.6823616378846971 0.5116736072289173 0
6113 0.6745596759920642 0.5240728368543691 0
6114 0.6666038141711407 0.536360821805427 0
6115 0.6584959055000393 0.5485350424349245 0
6116 0.6502378443041869 0.5605930099577117 0
6117 0.641831565642429 0.5725322671258132 0
6118 0.633279044782086 0.5843503888950341 0
6119 0.6245822966631042 0.5960449830828225 0
6120 0.61574337535144 0.6076136910172252 0
6121 0.6067643734818347 0.6190541881767458 0
6122 0.5976474216901222 0.6303641848209431 0
6123 0.5883946880352293 0.6415414266115937 0
6124 0.5790083774110261 0.6525836952242461 0
6125 0.569490730948179 0.6634888089500126 0
6126 0.5598440254061791 0.6742546232874203 0
6127 0.5500705725557 0.6848790315241733 0
6128 0.5401727185514601 0.6953599653086638 0
6129 0.5301528432957594 0.7056953952110726 0
6130 0.5200133597928556 0.7158833312739152 0
6131 0.5097567134943666 0.7259218235518764 0
6132 0.4993853816358649 0.735808962640794 0
6133 0.4889018725648556 0.7455428801956413 0
6134 0.4783087250603092 0.7551217494373709 0
6135 0.4676085076439399 0.7645437856484878 0
6136 0.4568038178834194 0.7738072466572035 0
6137 0.4458972816877046 0.7829104333100565 0
6138 0.434891552594684 0.791851689932856 0
6139 0.4237893110513208 0.8006294047798375 0
6140 0.4125932636865046 0.8092420104708928 0
6141 0.4013061425767944 0.8176879844167733 0
6142 0.3899307045052591 0.8259658492321376 0
6143 0.3784697302136197 0.834074173136335 0
6144 0.3669260236478848 0.8420115703418222 0
6145 0.3553024111976999 0.8497767014300975 0
6146 0.3436017409295989 0.8573682737150611 0
6147 0.3318268818143841 0.864785041593693 0
6148 0.3199807229488288 0.8720258068839624 0
6149 0.3080661727719213 0.8790894191498698 0
6150 0.2960861582758659 0.8859747760135379 0
6151 0.2840436242120438 0.8926808234542658 0
6152 0.2719415322921643 0.8992065560944617 0
6153 0.2597828603848064 0.9055510174723846 0
6154 0.2475706017075862 0.9117133003016126 0
6155 0.8319929065730156 0.01431335322213712 0
6156 0.8304716508230585 0.02862372778139277 0
6157 0.8287696396697981 0.0429281458229413 0
6158 0.8268869957349472 0.05722363110783879 0
6159 0.82482389064233 0.07150720982042569 0
6160 0.8225805449713247 0.0857759113750573 0
6161 0.8201572281970239 0.1000267692219717 0
6162 0.8175542586171315 0.1142568216520511 0
6163 0.8147720032656156 0.1284631126002764 0
6164 0.8118108778131388 0.1426426924476526 0
6165 0.8086713464542936 0.1567926188213766 0
6166 0.8053539217816787 0.1709099573930506 0
6167 0.8018591646468399 0.1849917826747031 0
6168 0.7981876840081235 0.1990351788124191 0
6169 0.7943401367654772 0.2130372403773516 0
6170 0.7903172275822472 0.2269950731539079 0
6171 0.7861197086940156 0.2409057949248953 0
6172 0.7817483797045346 0.2547665362534054 0
6173 0.7772040873688089 0.2685744412612407 0
6174 0.7724877253633896 0.2823266684036541 0
6175 0.7676002340439352 0.2960203912402048 0
6176 0.7625426001901124 0.3096527992015192 0
6177 0.7573158567379037 0.3232210983517372 0
6178 0.7519210824993889 0.3367225121464578 0
6179 0.746359401870089 0.350154282185956 0
6180 0.7406319845239362 0.3635136689634844 0
6181 0.7347400450959657 0.3767979526084489 0
6182 0.7286848428528102 0.3900044336242521 0
6183 0.7224676813510837 0.4031304336206177 0
6184 0.7160899080837548 0.4161732960401815 0
6185 0.7095529141145953 0.4291303868791655 0
6186 0.7028581337008151 0.4419990954019289 0
6187 0.6960070439039743 0.4547768348492126 0
6188 0.6890011641892864 0.4674610431398719 0
6189 0.6818420560134183 0.4800491835659204 0
6190 0.6745313224008953 0.4925387454806913 0
6191 0.6670706075092352 0.5049272449799213 0
6192 0.6594615961829183 0.5172122255755897 0
6193 0.6517060134963244 0.5293912588623113 0
6194 0.6438056242857518 0.5414619451761186 0
6195 0.6357622326706542 0.5534219142454396 0
6196 0.6275776815642181 0.5652688258341079 0
6197 0.6192538521734151 0.577000370376223 0
6198 0.6107926634886707 0.588614269602688 0
6199 0.6021960717632763 0.6001082771592621 0
6200 0.5934660699826996 0.6114801792159484 0
6201 0.5846046873239259 0.6227277950675649 0
6202 0.5756139886049803 0.6338489777253273 0
6203 0.5664960737247868 0.644841614499282 0
6204 0.5572530770935038 0.6557036275714406 0
6205 0.5478871670535037 0.6664329745594479 0
6206 0.5384005452911428 0.6770276490706413 0
6207 0.5287954462394857 0.6874856812463466 0
6208 0.5190741364721518 0.6978051382962596 0
6209 0.5092389140884338 0.7079841250227764 0
6210 0.4992921080898729 0.7180207843351204 0
6211 0.4892360777484428 0.7279132977531373 0
6212 0.4790732119665292 0.7376598859006106 0
6213 0.4688059286288659 0.7472588089879721 0
6214 0.4584366739466094 0.7567083672842742 0
6215 0.4479679217937328 0.7660069015782889 0
6216 0.4374021730359092 0.7751527936286253 0
6217 0.42674195485208 0.7841444666027201 0
6218 0.4159898200488769 0.7929803855046069 0
6219 0.4051483463680995 0.8016590575913264 0
6220 0.3942201357874233 0.8101790327778794 0
6221 0.3832078138145325 0.8185389040306073 0
6222 0.3721140287748759 0.8267373077488904 0
6223 0.3609414510932236 0.8347729241350687 0
6224 0.349692772569238 0.8426444775524737 0
6225 0.338370705647237 0.8503507368714867 0
6226 0.3269779826803658 0.8578905158035172 0
6227 0.3155173551893608 0.8652626732228212 0
6228 0.3039915931161155 0.8724661134760665 0
6229 0.2924034840722533 0.87949978667956 0
6230 0.2807558325828989 0.8863626890040626 0
6231 0.2690514593258708 0.8930538629471062 0
6232 0.2572932003664823 0.8995723975927472 0
6233 0.2454839063881772 0.9059174288586787 0
6234 0.8152057612443648 0.01409768556103014 0
6235 0.8135730682819056 0.0281925413923233 0
6236 0.8117686576863081 0.04228173853179429 0
6237 0.8097926459481999 0.05636244955244674 0
6238 0.8076451961102136 0.07043184932940433 0
6239 0.8053265177227582 0.08448711580630464 0
6240 0.8028368667871726 0.09852543076087339 0
6241 0.8001765456862749 0.1125439805694485 0
6242 0.7973459031023347 0.1265399569702626 0
6243 0.7943453339224815 0.1405105578252699 0
6244 0.7911752791315789 0.1544529878803077 0
6245 0.7878362256925948 0.1683644595233982 0
6246 0.7843287064144981 0.1822421935409679 0
6247 0.7806532998077174 0.1960834198717981 0
6248 0.7768106299272035 0.209885378358484 0
6249 0.7728013662031348 0.2236453194962125 0
6250 0.7686262232593148 0.2373605051786504 0
6251 0.7642859607193077 0.2510282094407351 0
6252 0.7597813830003686 0.2646457191981786 0
6253 0.7551133390952203 0.2782103349834712 0
6254 0.7502827223417384 0.2917193716781946 0
6255 0.7452904701806069 0.3051701592414432 0
6256 0.7401375639010085 0.3185600434341503 0
6257 0.7348250283744195 0.3318863865391348 0
6258 0.7293539317765845 0.3451465680766582 0
6259 0.7237253852977394 0.3583379855153102 0
6260 0.7179405428411674 0.3714580549780264 0
6261 0.7120006007101696 0.3845042119430394 0
6262 0.7059067972835296 0.3974739119395868 0
6263 0.6996604126795671 0.4103646312381723 0
6264 0.6932627684088655 0.4231738675352072 0
6265 0.6867152270157744 0.4358991406318325 0
6266 0.6800191917087753 0.448537993106752 0
6267 0.673176105979822 0.4610879909828782 0
6268 0.6661874532127473 0.4735467243876244 0
6269 0.6590547562808504 0.4859118082066567 0
6270 0.6517795771337735 0.498180882730925 0
6271 0.6443635163737724 0.5103516142968101 0
6272 0.6368082128215082 0.5224216959191957 0
6273 0.6291153430714642 0.5343888479173127 0
6274 0.6212866210371215 0.5462508185331676 0
6275 0.6133237974860073 0.5580053845424023 0
6276 0.6052286595647444 0.5696503518574119 0
6277 0.5970030303142371 0.5811835561225538 0
6278 0.5886487681751124 0.592602863301299 0
6279 0.5801677664835647 0.6039061702551509 0
6280 0.5715619529577296 0.6150914053141865 0
6281 0.5628332891747312 0.6261565288390609 0
6282 0.5539837700385475 0.6370995337743178 0
6283 0.5450154232388287 0.6479184461928685 0
6284 0.5359303087008286 0.6586113258314754 0
6285 0.5267305180265857 0.6691762666171092 0
6286 0.5174181739275115 0.6796113971840292 0
6287 0.5079954296485443 0.6899148813814466 0
6288 0.4984644683840121 0.7000849187716375 0
6289 0.4888275026853793 0.7101197451183643 0
6290 0.4790867738610206 0.7200176328654804 0
6291 0.4692445513682028 0.7297768916055801 0
6292 0.4593031321974226 0.7393958685385735 0
6293 0.4492648402492789 0.7488729489200603 0
6294 0.4391320257040461 0.7582065564993745 0
6295 0.4289070643841137 0.7673951539471939 0
6296 0.418592357109476 0.776437243272584 0
6297 0.4081903290464331 0.7853313662293766 0
6298 0.3977034290496946 0.7940761047117599 0
6299 0.3871341289980521 0.8026700811389854 0
6300 0.3764849231238059 0.8111119588290769 0
6301 0.3657583273361321 0.8194004423614458 0
6302 0.3549568785385624 0.8275342779283151 0
6303 0.3440831339407761 0.8355122536748499 0
6304 0.3331396703648752 0.8433332000279123 0
6305 0.3221290835463475 0.8509959900133413 0
6306 0.3110539874298928 0.8584995395616801 0
6307 0.2999170134603097 0.8658428078022632 0
6308 0.2887208098686406 0.8730247973455818 0
6309 0.277468040953754 0.8800445545538593 0
6310 0.2661613863595773 0.8869011697997509 0
6311 0.2548035403481582 0.89359377771311 0
6312 0.2433972110687684 0.9001215574157446 0
6313 0.7984186159157139 0.01388201789992344 0
6314 0.7966744857407526 0.02776135500325361 0
6315 0.7947676757028183 0.04163533124064717 0
6316 0.7926982961614525 0.0555012679970549 0
6317 0.7904665015780969 0.06935648883838313 0
6318 0.7880724904741921 0.08319832023755158 0
6319 0.7855165053773214 0.09702409229977471 0
6320 0.7827988327554183 0.1108311394868461 0
6321 0.7799198029390539 0.1246168013402488 0
6322 0.7768797900318247 0.1383784232028874 0
6323 0.7736792118088642 0.1521133569392389 0
6324 0.7703185296035108 0.1658189616537458 0
6325 0.7667982481821561 0.1794926044072327 0
6326 0.7631189156073113 0.1931316609311772 0
6327 0.7592811230889296 0.2067335163396163 0
6328 0.7552855048240226 0.220295565838517 0
6329 0.751132737824614 0.2338152154324057 0
6330 0.7468235417340809 0.2472898826280648 0
6331 0.7423586786319283 0.2607169971351166 0
6332 0.7377389528270506 0.2740940015632885 0
6333 0.7329652106395417 0.2874183521161843 0
6334 0.7280383401711014 0.3006875192813673 0
6335 0.7229592710641133 0.3138989885165636 0
6336 0.7177289742494501 0.327050260931812 0
6337 0.7123484616830802 0.3401388539673604 0
6338 0.7068187860715425 0.3531623020671359 0
6339 0.7011410405863689 0.366118157347604 0
6340 0.6953163585675293 0.3790039902618269 0
6341 0.6893459132159755 0.3918173902585559 0
6342 0.6832309172753794 0.4045559664361633 0
6343 0.6769726227031359 0.4172173481912489 0
6344 0.6705723203307337 0.429799185861736 0
6345 0.6640313395135767 0.4422991513642914 0
6346 0.6573510477703578 0.4547149388258847 0
6347 0.6505328504120764 0.4670442652093284 0
6348 0.6435781901608058 0.4792848709326221 0
6349 0.6364885467583117 0.4914345204819289 0
6350 0.6292654365646266 0.5034910030180306 0
6351 0.6219104121466921 0.5154521329760802 0
6352 0.6144250618571765 0.5273157506585067 0
6353 0.6068110094035888 0.5390797228208956 0
6354 0.5990699134077964 0.5507419432506969 0
6355 0.5912034669560736 0.5623003333386007 0
6356 0.5832133971398036 0.5737528426424192 0
6357 0.5751014645869486 0.5850974494433359 0
6358 0.5668694629844298 0.5963321612943535 0
6359 0.5585192185915333 0.6074550155608084 0
6360 0.5500525897444821 0.6184640799527946 0
6361 0.5414714663523081 0.6293574530493538 0
6362 0.5327777693841536 0.6401332648142966 0
6363 0.5239734503481535 0.6507896771035031 0
6364 0.5150604907620284 0.661324884163577 0
6365 0.5060409016155372 0.6717371131217118 0
6366 0.4969167228249367 0.6820246244666335 0
6367 0.4876900226795904 0.6921857125204987 0
6368 0.4783628972808857 0.7022187059016083 0
6369 0.4689374699735985 0.7121219679778235 0
6370 0.4594158907698763 0.7218938973105495 0
6371 0.4498003357659793 0.7315329280891749 0
6372 0.4400930065519485 0.7410375305558465 0
6373 0.4302961296143595 0.75040621142046 0
6374 0.4204119557323183 0.7596375142657626 0
6375 0.410442759366872 0.7687300199424481 0
6376 0.4003908380439892 0.7776823469541462 0
6377 0.3902585117312896 0.7864931518321938 0
6378 0.3800481222086809 0.7951611295000914 0
6379 0.3697620324330793 0.8036850136275464 0
6380 0.3594026258973884 0.8120635769740014 0
6381 0.3489723059839013 0.8202956317215619 0
6382 0.3384734953123142 0.8283800297972264 0
6383 0.3279086350825133 0.836315663184338 0
6384 0.3172801844123292 0.8441014642231653 0
6385 0.3065906196704248 0.851736405900539 0
6386 0.2958424338045039 0.8592195021284599 0
6387 0.2850381356650279 0.8665498080116039 0
6388 0.274180249324609 0.8737264201036563 0
6389 0.2632713133932837 0.8807484766523956 0
6390 0.252313880329834 0.8876151578334726 0
6391 0.2413105157493595 0.8943256859728108 0
6392 0.7816314705870633 0.0136663502388164 0
6393 0.7797759031995997 0.02733016861418397 0
6394 0.7777666937193283 0.04098892394950016 0
6395 0.7756039463747052 0.05464008644166302 0
6396 0.7732878070459805 0.06828112834736177 0
6397 0.7708184632256259 0.08190952466879875 0
6398 0.7681961439674704 0.09552275383867603 0
6399 0.765421119824562 0.1091182984042434 0
6400 0.7624937027757732 0.1226936457102351 0
6401 0.7594142461411679 0.1362462885805046 0
6402 0.7561831444861495 0.1497737259981701 0
6403 0.7528008335144269 0.1632734637840931 0
6404 0.749267789949814 0.1767430152734976 0
6405 0.7455845314069049 0.1901799019905562 0
6406 0.7417516162506557 0.2035816543207488 0
6407 0.7377696434449101 0.2169458121808218 0
6408 0.7336392523899133 0.230269925686161 0
6409 0.7293611227488543 0.2435515558153945 0
6410 0.7249359742634875 0.2567882750720546 0
6411 0.7203645665588811 0.2699776681431059 0
6412 0.715647698937345 0.283117332554174 0
6413 0.7107862101615956 0.2962048793212912 0
6414 0.7057809782272182 0.3092379335989766 0
6415 0.7006329201244808 0.3222141353244891 0
6416 0.6953429915895756 0.3351311398580625 0
6417 0.6899121868453457 0.3479866186189617 0
6418 0.684341538331571 0.3607782597171815 0
6419 0.6786321164248887 0.3735037685806142 0
6420 0.6727850291484212 0.386160868577525 0
6421 0.6668014218711916 0.3987473016341542 0
6422 0.660682476997406 0.4112608288472906 0
6423 0.654429413645693 0.4236992310916395 0
6424 0.648043487318378 0.4360603096218307 0
6425 0.6415259895608935 0.448341886668891 0
6426 0.6348782476114055 0.4605418060310323 0
6427 0.628101624040761 0.4726579336585875 0
6428 0.62119751638285 0.484688158232933 0
6429 0.6141673567554806 0.4966303917392512 0
6430 0.6070126114718759 0.5084825700329646 0
6431 0.599734780642889 0.5202426533997007 0
6432 0.5923353977700562 0.5319086271086235 0
6433 0.5848160293295854 0.5434785019589916 0
6434 0.5771782743474029 0.5549503148197895 0
6435 0.5694237639653701 0.5663221291622849 0
6436 0.5615541609987849 0.5775920355853728 0
6437 0.5535711594852948 0.5887581523335561 0
6438 0.545476484225337 0.5998186258074301 0
6439 0.5372718903142332 0.6107716310665281 0
6440 0.5289591626660688 0.6216153723243897 0
6441 0.5205401155294782 0.6323480834357245 0
6442 0.5120165919954783 0.6429680283755306 0
6443 0.5033904634974714 0.653473501710045 0
6444 0.494663629303563 0.6638628290593945 0
6445 0.4858380160013291 0.6741343675518205 0
6446 0.4769155769751688 0.6842865062693599 0
6447 0.467898291876392 0.6943176666848522 0
6448 0.4587881660861764 0.7042263030901666 0
6449 0.4495872301715499 0.7140109030155191 0
6450 0.4402975393345361 0.7236699876397763 0
6451 0.430921172854618 0.733202112191633 0
6452 0.4214602335246729 0.7426058663415456 0
6453 0.4119168470805228 0.7518798745843314 0
6454 0.402293161624268 0.7610227966123121 0
6455 0.3925913470415454 0.7700333276789159 0
6456 0.3828135944128847 0.7789101989526275 0
6457 0.3729621154193098 0.7876521778611973 0
6458 0.3630391417423527 0.7962580684260161 0
6459 0.3530469244586446 0.804726711586557 0
6460 0.3429877334292401 0.8130569855148084 0
6461 0.3328638566838523 0.8212478059196028 0
6462 0.3226775998001515 0.8292981263407637 0
6463 0.312431285278311 0.8372069384329897 0
6464 0.3021272519109567 0.844973272239398 0
6465 0.2917678541486982 0.8525961964546565 0
6466 0.2813554614614153 0.860074818677626 0
6467 0.2708924576954641 0.8674082856534532 0
6468 0.2603812404269902 0.8745957835050404 0
6469 0.24982422031151 0.8816365379538352 0
6470 0.2392238204299507 0.8885298145298769 0
6471 0.7648443252584123 0.0134506825777097 0
6472 0.7628773206584468 0.02689898222511439 0
6473 0.7607657117358384 0.04034251665835303 0
6474 0.7585095965879577 0.05377890488627107 0
6475 0.756109112513864 0.06720576785634058 0
6476 0.7535644359770597 0.08062072910004603 0
6477 0.7508757825576191 0.09402141537757736 0
6478 0.7480434068937052 0.107405457321641 0
6479 0.7450676026124925 0.1207704900802212 0
6480 0.7419487022505109 0.1341141539581222 0
6481 0.7386870771634348 0.1474340950571012 0
6482 0.735283137425343 0.1607279659144407 0
6483 0.7317373317174721 0.1739934261397624 0
6484 0.7280501472064989 0.1872281430499352 0
6485 0.7242221094123817 0.2004297923018811 0
6486 0.7202537820657979 0.2135960585231262 0
6487 0.7161457669552125 0.2267246359399162 0
6488 0.7118987037636277 0.2398132290027242 0
6489 0.7075132698950473 0.2528595530089925 0
6490 0.7029901802907117 0.2658613347229231 0
6491 0.6983301872351482 0.2788163129921638 0
6492 0.6935340801520899 0.2917222393612153 0
6493 0.6886026853903229 0.3045768786813897 0
6494 0.6835368659995114 0.3173780097171661 0
6495 0.6783375214960712 0.3301234257487647 0
6496 0.673005587619149 0.3428109351707874 0
6497 0.6675420360767725 0.3554383620867591 0
6498 0.6619478742822481 0.3680035468994017 0
6499 0.6562241450808671 0.3805043468964941 0
6500 0.6503719264670039 0.3929386368321451 0
6501 0.6443923312916764 0.4053043095033323 0
6502 0.6382865069606521 0.4175992763215431 0
6503 0.6320556351231794 0.4298214678793701 0
6504 0.6257009313514291 0.4419688345118974 0
6505 0.6192236448107346 0.4540393468527363 0
6506 0.6126250579207162 0.4660309963845529 0
6507 0.6059064860073883 0.4779417959839368 0
6508 0.5990692769463348 0.4897697804604716 0
6509 0.5921148107970596 0.501513007089849 0
6510 0.5850444994286015 0.5131695561408948 0
6511 0.5778597861365236 0.5247375313963516 0
6512 0.5705621452513746 0.5362150606672861 0
6513 0.5631530817387321 0.5476002963009784 0
6514 0.5556341307909366 0.5588914156821504 0
6515 0.5480068574106211 0.5700866217274096 0
6516 0.5402728559861598 0.5811841433727587 0
6517 0.5324337498591407 0.5921822360540518 0
6518 0.5244911908839842 0.6030791821802619 0
6519 0.5164468589798294 0.6138732915994256 0
6520 0.5083024616748031 0.6245629020571524 0
6521 0.5000597336428031 0.6351463796475583 0
6522 0.4917204362329143 0.645622119256513 0
6523 0.4832863569915887 0.6559885449970773 0
6524 0.4747593091777215 0.6662441106370076 0
6525 0.4661411312707471 0.676387300018221 0
6526 0.4574336864718983 0.6864166274680963 0
6527 0.4486388621987543 0.6963306382025098 0
6528 0.4397585695732234 0.7061279087204885 0
6529 0.4307947429030928 0.7158070471903778 0
6530 0.4217493391572875 0.7253666938274193 0
6531 0.4126243374349863 0.7348055212626312 0
6532 0.4034217384287274 0.7441222349029002 0
6533 0.394143563881664 0.753315573282176 0
6534 0.3847918560391016 0.7623843084036855 0
6535 0.3753686770944796 0.7713272460730611 0
6536 0.3658761086299386 0.7801432262223034 0
6537 0.356316251051626 0.7888311232244859 0
6538 0.3466912230199007 0.7973898461991125 0
6539 0.3370031608745789 0.8058183393080549 0
6540 0.3272542180553905 0.8141155820419791 0
6541 0.3174465645177897 0.8222805894971894 0
6542 0.3075823861442927 0.8303124126428137 0
6543 0.2976638841514888 0.838210138578257 0
6544 0.2876932744928924 0.8459728907808532 0
6545 0.2776727872578026 0.853599829343648 0
6546 0.2676046660663192 0.8610901512032502 0
6547 0.2574911674606967 0.868443090357685 0
6548 0.2473345602931858 0.8756579180741977 0
6549 0.2371371251105418 0.882733943086943 0
6550 0.7480571799297617 0.01323501491660284 0
6551 0.7459787381172938 0.02646779583604464 0
6552 0.7437647297523484 0.03969610936720602 0
6553 0.7414152468012103 0.05291772333087913 0
6554 0.7389304179817474 0.06613040736531933 0
6555 0.7363104087284933 0.07933193353129303 0
6556 0.7335554211477679 0.09252007691647873 0
6557 0.7306656939628486 0.1056926162390383 0
6558 0.7276415024492118 0.1188473344502074 0
6559 0.724483158359854 0.1319820193357393 0
6560 0.7211910098407202 0.1450944641160323 0
6561 0.7177654413362591 0.158182468044788 0
6562 0.7142068734851301 0.1712438370060272 0
6563 0.7105157630060925 0.1842763841093143 0
6564 0.706692602574108 0.1972779302830135 0
6565 0.7027379206866855 0.2102463048654308 0
6566 0.6986522815205116 0.2231793461936715 0
6567 0.6944362847784009 0.236074902190054 0
6568 0.6900905655266067 0.2489308309459305 0
6569 0.6856157940225422 0.2617450013027404 0
6570 0.6810126755329515 0.2745152934301536 0
6571 0.6762819501425843 0.2872395994011393 0
6572 0.6714243925534279 0.2999158237638028 0
6573 0.6664408118745418 0.3125418841098433 0
6574 0.6613320514025668 0.325115711639467 0
6575 0.6560989883929521 0.3376352517226132 0
6576 0.6507425338219743 0.3500984644563365 0
6577 0.6452636321396077 0.362503325218189 0
6578 0.6396632610133129 0.3748478252154632 0
6579 0.6339424310628162 0.387129972030136 0
6580 0.6281021855859465 0.399347790159374 0
6581 0.6221436002756114 0.4114993215514466 0
6582 0.6160677829279807 0.4235826261369093 0
6583 0.6098758731419649 0.4355957823549038 0
6584 0.6035690420100637 0.4475368876744402 0
6585 0.5971484918006715 0.4594040591105183 0
6586 0.5906154556319265 0.4711954337349408 0
6587 0.5839711971371889 0.4829091691816921 0
6588 0.5772170101222434 0.4945434441467334 0
6589 0.5703542182143139 0.5060964588820888 0
6590 0.5633841745029907 0.5175664356840796 0
6591 0.5563082611731637 0.5289516193755808 0
6592 0.5491278891300614 0.5402502777821672 0
6593 0.541844497616503 0.551460702202016 0
6594 0.5344595538224572 0.5625812078694465 0
6595 0.5269745524870248 0.5736101344119613 0
6596 0.5193910154929445 0.5845458463006735 0
6597 0.5117104914537352 0.5953867332939954 0
6598 0.5039345552935901 0.6061312108744614 0
6599 0.4960648078201279 0.6167777206785804 0
6600 0.4881028752901279 0.6273247309195858 0
6601 0.4800504089683572 0.6377707368029808 0
6602 0.4719090846796144 0.6481142609347599 0
6603 0.463680602354114 0.6583538537221947 0
6604 0.4553666855663254 0.6684880937670822 0
6605 0.4469690810674047 0.6785155882513402 0
6606 0.4384895583113321 0.6884349733148529 0
6607 0.429929908974897 0.6982449144254579 0
6608 0.4212919464716495 0.7079441067409791 0
6609 0.4125775054599571 0.7175312754632055 0
6610 0.4037884413452996 0.7270051761837166 0
6611 0.3949266297769319 0.7363645952214688 0
6612 0.38599396613906 0.7456083499520401 0
6613 0.3769923650366577 0.7547352891284551 0
6614 0.3679237597760747 0.7637442931934949 0
6615 0.3587901018405675 0.7726342745834095 0
6616 0.3495933603608994 0.7814041780229555 0
6617 0.340335521581157 0.7900529808116679 0
6618 0.3310185883199178 0.7985796931013016 0
6619 0.3216445794269285 0.8069833581643553 0
6620 0.3122155292354278 0.8152630526536151 0
6621 0.3027334870102744 0.8234178868526378 0
6622 0.2932005163920206 0.8314470049171159 0
6623 0.2836186948370867 0.8393495851070498 0
6624 0.27399011305419 0.84712484000967 0
6625 0.2643168744371742 0.854772016753047 0
6626 0.2546010944944032 0.8622903972103297 0
6627 0.2448449002748618 0.8696792981945605 0
6628 0.235050429791133 0.8769380716440089 0
6629 0.731270034601111 0.01301934725549597 0
6630 0.729080155576141 0.026036609446975 0
6631 0.7267637477688587 0.0390497020760589 0
6632 0.7243208970144631 0.05205654177548702 0
6633 0.7217517234496311 0.06505504687429808 0
6634 0.7190563814799271 0.07804313796254014 0
6635 0.7162350597379167 0.09101873845538028 0
6636 0.7132879810319923 0.1039797751564357 0
6637 0.7102154022859311 0.1169241788201936 0
6638 0.7070176144691971 0.1298498847133568 0
6639 0.7036949425180055 0.1427548331749635 0
6640 0.7002477452471751 0.1556369701751355 0
6641 0.696676415252788 0.168494247872292 0
6642 0.6929813788056864 0.1813246251686934 0
6643 0.6891630957358341 0.194126068264146 0
6644 0.6852220593075733 0.2068965512077354 0
6645 0.681158796085811 0.2196340564474266 0
6646 0.6769738657931743 0.2323365753773837 0
6647 0.6726678611581665 0.2450021088828684 0
6648 0.6682414077543728 0.2576286678825577 0
6649 0.6636951638307547 0.2702142738681433 0
6650 0.6590298201330789 0.2827569594410633 0
6651 0.6542460997165326 0.2952547688462159 0
6652 0.6493447577495725 0.3077057585025203 0
6653 0.6443265813090624 0.3201079975301691 0
6654 0.6391923891667554 0.332459568274439 0
6655 0.6339430315671761 0.3447585668259142 0
6656 0.6285793899969672 0.3570031035369764 0
6657 0.6231023769457588 0.3691913035344322 0
6658 0.6175129356586285 0.3813213072281269 0
6659 0.6118120398802168 0.3933912708154158 0
6660 0.6060006935905707 0.4053993667813502 0
6661 0.600079930732782 0.4173437843944487 0
6662 0.5940508149325006 0.4292227301979102 0
6663 0.5879144392093929 0.4410344284961442 0
6664 0.5816719256806269 0.4527771218364838 0
6665 0.5753244252564648 0.4644490714859447 0
6666 0.568873117328043 0.4760485579029127 0
6667 0.5623192094474272 0.4875738812036178 0
6668 0.5556639370000264 0.4990233616232829 0
6669 0.5489085628694581 0.5103953399718075 0
6670 0.5420543770949527 0.5216881780838754 0
6671 0.5351026965213906 0.5329002592633559 0
6672 0.5280548644420695 0.5440299887218816 0
6673 0.5209122502342934 0.5550757940114833 0
6674 0.5136762489878899 0.5660361254511639 0
6675 0.5063482811267481 0.5769094565472954 0
6676 0.4989297920234863 0.5876942844077291 0
6677 0.4914222516073509 0.5983891301494972 0
6678 0.4838271539654527 0.6089925393000083 0
6679 0.4761460169374527 0.6195030821916134 0
6680 0.4683803817038 0.6299193543494488 0
6681 0.4605318123676401 0.6402399768724425 0
6682 0.4526018955305063 0.6504635968073816 0
6683 0.4445922398619038 0.6605888875159435 0
6684 0.4365044756629111 0.6706145490345842 0
6685 0.42834025442391 0.680539308427196 0
6686 0.4201012483765705 0.6903619201304274 0
6687 0.4117891500402062 0.7000811662915805 0
6688 0.4034056717626266 0.7096958570989916 0
6689 0.394952545255613 0.7192048311048023 0
6690 0.3864315211251365 0.7286069555400376 0
6691 0.3778443683964561 0.7379011266219039 0
6692 0.3691928740342139 0.7470862698532248 0
6693 0.3604788424576698 0.7561613403139286 0
6694 0.3517040950511964 0.7651253229445155 0
6695 0.3428704696701728 0.7739772328214251 0
6696 0.3339798201424132 0.7827161154242234 0
6697 0.3250340157652566 0.7913410468945481 0
6698 0.3160349407984666 0.7998511342867317 0
6699 0.306984493953066 0.8082455158100408 0
6700 0.2978845878762561 0.8165233610624619 0
6701 0.2887371486325526 0.824683871255975 0
6702 0.2795441151812809 0.8327262794332466 0
6703 0.2703074388505773 0.8406498506756919 0
6704 0.2610290828080292 0.8484538823028438 0
6705 0.2517110215281096 0.8561377040629744 0
6706 0.2423552402565376 0.8637006783149231 0
6707 0.2329637344717241 0.8711422002010751 0
6708 0.71448288927246 0.01280367959438911 0
6709 0.7121815730349881 0.02560542305790542 0
6710 0.7097627657853688 0.03840329478491189 0
6711 0.7072265472277157 0.05119536022009524 0
6712 0.7045730289175145 0.06397968638327678 0
6713 0.7018023542313608 0.07675434239378737 0
6714 0.6989146983280656 0.08951739999428171 0
6715 0.6959102681011355 0.1022669340738332 0
6716 0.6927893021226501 0.1150010231901799 0
6717 0.6895520705785401 0.1277177500909741 0
6718 0.686198875195291 0.1404152022338947 0
6719 0.6827300491580912 0.153091472305483 0
6720 0.6791459570204461 0.1657446587385569 0
6721 0.6754469946052803 0.1783728662280724 0
6722 0.6716335888975602 0.1909742062452784 0
6723 0.6677061979284609 0.20354679755004 0
6724 0.6636653106511101 0.2160887667011819 0
6725 0.6595114468079475 0.2285982485647134 0
6726 0.6552451567897259 0.2410733868198064 0
6727 0.6508670214862033 0.253512334462375 0
6728 0.6463776521285578 0.265913254306133 0
6729 0.6417776901235732 0.2782743194809873 0
6730 0.6370678068796374 0.290593713928629 0
6731 0.6322487036246029 0.3028696328951974 0
6732 0.6273211112155579 0.3151002834208712 0
6733 0.6222857899405585 0.3272838848262647 0
6734 0.6171435293123777 0.3394186691954916 0
6735 0.6118951478543266 0.3515028818557638 0
6736 0.6065414928782045 0.3635347818534013 0
6737 0.6010834402544407 0.3755126424261178 0
6738 0.5955218941744871 0.3874347514714574 0
6739 0.5898577869055299 0.3992994120112536 0
6740 0.5840920785375834 0.411104942651988 0
6741 0.5782257567230362 0.4228496780409166 0
6742 0.5722598364087219 0.4345319693178481 0
6743 0.566195359560582 0.4461501845624491 0
6744 0.560033394881003 0.4577027092369486 0
6745 0.553775037518897 0.4691879466241331 0
6746 0.5474214087726109 0.4806043182605022 0
6747 0.5409736557857387 0.4919502643644769 0
6748 0.5344329512359253 0.5032242442595355 0
6749 0.5278004930167418 0.5144247367921699 0
6750 0.5210775039127199 0.5255502407445447 0
6751 0.514265231267636 0.5365992752417471 0
6752 0.5073649466461296 0.5475703801535201 0
6753 0.5003779454887548 0.5584621164903664 0
6754 0.4933055467605518 0.569273066793917 0
6755 0.4861490925932372 0.5800018355214627 0
6756 0.4789099479211114 0.5906470494245332 0
6757 0.4715895001107775 0.6012073579214362 0
6758 0.4641891585847775 0.611681433463641 0
6759 0.4567103544392428 0.6220679718959167 0
6760 0.4491545400556658 0.6323656928101251 0
6761 0.4415231887068988 0.6425733398925686 0
6762 0.4338177941574821 0.6526896812648045 0
6763 0.4260398702584174 0.6627135098178282 0
6764 0.4181909505364879 0.6726436435395391 0
6765 0.410272587778244 0.6824789258353968 0
6766 0.4022863536087629 0.6922182258421818 0
6767 0.3942338380652961 0.701860438734778 0
6768 0.3861166491659264 0.7114044860258878 0
6769 0.377936412473341 0.7208493158586062 0
6770 0.369694770653852 0.7301939032917679 0
6771 0.36139338303177 0.7394372505779945 0
6772 0.3530339251392647 0.7485783874343621 0
6773 0.3446180882618252 0.7576163713056215 0
6774 0.3361475789794461 0.7665502876198946 0
6775 0.3276241187036694 0.7753792500367788 0
6776 0.3190494432105954 0.7841024006877946 0
6777 0.3104253021700047 0.7927189104091079 0
6778 0.3017534586707041 0.8012279789664662 0
6779 0.2930356887422378 0.8096288352722861 0
6780 0.2842737808730846 0.8179207375948336 0
6781 0.2754695355254751 0.8261029737594432 0
6782 0.2666247646469646 0.8341748613417139 0
6783 0.2577412911788843 0.8421357478526407 0
6784 0.2488209485618161 0.8499850109156191 0
6785 0.2398655802382135 0.8577220584352858 0
6786 0.2308770391523152 0.8653463287581411 0
6787 0.6976957439438094 0.01258801193328235 0
6788 0.6952829904938351 0.02517423666883561 0
6789 0.6927617838018789 0.03775688749376488 0
6790 0.6901321974409682 0.05033417866470336 0
6791 0.6873943343853979 0.06290432589225542 0
6792 0.6845483269827947 0.07546554682503454 0
6793 0.6815943369182142 0.08801606153318314 0
6794 0.678532555170279 0.1005540929912306 0
6795 0.6753632019593696 0.113077867560166 0
6796 0.6720865266878832 0.1255856154685915 0
6797 0.6687028078725763 0.1380755712928259 0
6798 0.6652123530690073 0.1505459744358303 0
6799 0.661615498788104 0.1629950696048217 0
6800 0.6579126104048741 0.1754211072874513 0
6801 0.6541040820592864 0.1878223442264108 0
6802 0.6501903365493484 0.2001970438923446 0
6803 0.6461718252164094 0.212543476954937 0
6804 0.6420490278227207 0.2248599217520431 0
6805 0.6378224524212854 0.2371446647567443 0
6806 0.6334926352180337 0.2493960010421922 0
6807 0.6290601404263612 0.2616122347441228 0
6808 0.6245255601140676 0.2737916795209113 0
6809 0.6198895140427423 0.2859326590110421 0
6810 0.6151526494996336 0.2980335072878745 0
6811 0.6103156411220534 0.3100925693115734 0
6812 0.6053791907143617 0.3221082013780904 0
6813 0.6003440270575795 0.3340787715650691 0
6814 0.5952109057116861 0.3460026601745511 0
6815 0.5899806088106503 0.3578782601723704 0
6816 0.584653944850253 0.3697039776241087 0
6817 0.5792317484687572 0.381478232127499 0
6818 0.5737148802204892 0.3931994572411571 0
6819 0.5681042263423846 0.4048661009095273 0
6820 0.5624006985135719 0.4164766258839229 0
6821 0.556605233608051 0.428029510139552 0
6822 0.5507187934405372 0.4395232472884145 0
6823 0.5447423645055413 0.4509563469879525 0
6824 0.5386769577097512 0.4623273353453535 0
6825 0.5325236080977948 0.4736347553173866 0
6826 0.5262833745714511 0.484877167105671 0
6827 0.5199573396023925 0.4960531485472636 0
6828 0.513546608938531 0.5071612955004644 0
6829 0.5070523113040492 0.5182002222257336 0
6830 0.5004755980932025 0.5291685617616126 0
6831 0.4938176430579658 0.540064966295557 0
6832 0.4870796419896198 0.5508881075295688 0
6833 0.4802628123943555 0.5616366770405388 0
6834 0.4733683931629882 0.5723093866351963 0
6835 0.4663976442348721 0.582904968699569 0
6836 0.4593518462561024 0.5934221765428642 0
6837 0.4522323002321024 0.6038597847356686 0
6838 0.4450403271746857 0.6142165894423846 0
6839 0.4377772677436915 0.6244914087478077 0
6840 0.4304444818832912 0.6346830829777557 0
6841 0.4230433484530604 0.6447904750136657 0
6842 0.4155752648539238 0.6548124706010721 0
6843 0.4080416466490657 0.6647479786518823 0
6844 0.4004439271799176 0.6745959315403662 0
6845 0.3927835571773196 0.6843552853927832 0
6846 0.3850620043679657 0.6940250203705642 0
6847 0.3772807530762397 0.7036041409469732 0
6848 0.3694413038215456 0.7130916761771751 0
6849 0.361545172911248 0.7224866799616319 0
6850 0.3535938920293261 0.7317882313027642 0
6851 0.3455890078208598 0.7409954345547958 0
6852 0.3375320814724539 0.7501074196667274 0
6853 0.3294246882887195 0.7591233424183643 0
6854 0.3212684172649256 0.7680423846493342 0
6855 0.3130648706559341 0.7768637544810412 0
6856 0.3048156635415428 0.7855866865314842 0
6857 0.2965224233883422 0.7942104421228919 0
6858 0.2881867896082195 0.8027343094821102 0
6859 0.2798104131136165 0.8111576039336927 0
6860 0.2713949558696693 0.8194796680856398 0
6861 0.2629420904433519 0.827699872007736 0
6862 0.2544534995497394 0.8358176134024375 0
6863 0.2459308755955225 0.8438323177682638 0
6864 0.2373759202198894 0.8517434385556483 0
6865 0.2287903438329064 0.8595504573152071 0
6866 0.6809085986151586 0.01237234427217537 0
6867 0.6783844079526822 0.02474305027976603 0
6868 0.6757608018183889 0.03711048020261765 0
6869 0.673037847654221 0.04947299710931136 0
6870 0.6702156398532815 0.06182896540123411 0
6871 0.6672942997342286 0.07417675125628148 0
6872 0.6642739755083631 0.08651472307208447 0
6873 0.6611548422394224 0.09884125190862814 0
6874 0.6579371017960887 0.1111547119301521 0
6875 0.6546209827972262 0.1234534808462089 0
6876 0.6512067405498615 0.135735940351757 0
6877 0.6476946569799233 0.1480004765661778 0
6878 0.6440850405557621 0.1602454804710866 0
6879 0.6403782262044679 0.1724693483468304 0
6880 0.6365745752210126 0.1846704822075432 0
6881 0.6326744751702361 0.1968472902346491 0
6882 0.6286783397817086 0.2089981872086923 0
6883 0.6245866088374941 0.2211215949393728 0
6884 0.6203997480528449 0.2332159426936823 0
6885 0.6161182489498643 0.2452796676220096 0
6886 0.6117426287241644 0.2573112151821125 0
6887 0.607273430104562 0.2693090395608354 0
6888 0.6027112212058471 0.2812716040934553 0
6889 0.5980565953746642 0.2931973816805516 0
6890 0.593310171028549 0.3050848552022756 0
6891 0.588472591488165 0.3169325179299162 0
6892 0.5835445248027812 0.3287388739346466 0
6893 0.5785266635690457 0.3405024384933385 0
6894 0.5734197247430962 0.3522217384913395 0
6895 0.5682244494460653 0.3638953128220995 0
6896 0.5629416027630275 0.3755217127835407 0
6897 0.5575719735354484 0.3870995024710607 0
6898 0.552116374147186 0.3986272591670667 0
6899 0.5465756403041077 0.4101035737269293 0
6900 0.5409506308073802 0.421527050961256 0
6901 0.5352422273204924 0.4328963100143799 0
6902 0.5294513341300795 0.4442099847389564 0
6903 0.5235788779006053 0.4554667240665741 0
6904 0.5176258074229785 0.466665192374271 0
6905 0.5115930933571636 0.477804069846865 0
6906 0.5054817279688599 0.4888820528349915 0
6907 0.4992927248603201 0.499897854208759 0
6908 0.4930271186953784 0.5108502037069225 0
6909 0.4866859649187689 0.5217378482814783 0
6910 0.480270339469802 0.5325595524375939 0
6911 0.4737813384904849 0.5433140985687714 0
6912 0.4672200780281593 0.5540002872871604 0
6913 0.4605876937327392 0.5646169377489298 0
6914 0.4538853405486328 0.5751628879746049 0
6915 0.4471141924014271 0.5856369951642921 0
6916 0.4402754418794271 0.5960381360076962 0
6917 0.4333702999101286 0.6063652069888525 0
6918 0.4263999954317172 0.6166171246854905 0
6919 0.4193657750596836 0.6267928260629425 0
6920 0.4122689027486386 0.6368912687625269 0
6921 0.4051106594494301 0.6469114313843161 0
6922 0.3978923427616436 0.6568523137642253 0
6923 0.3906152665815912 0.6667129372453358 0
6924 0.3832807607458763 0.6764923449433846 0
6925 0.3758901706706352 0.6861896020063506 0
6926 0.368444856986553 0.6958037958680588 0
6927 0.3609461951697501 0.7053340364957438 0
6928 0.3533955751686441 0.714779456631496 0
6929 0.3457944010268824 0.7241392120275337 0
6930 0.3381440905024548 0.7334124816752294 0
6931 0.3304460746830828 0.7425984680278335 0
6932 0.3227017975979929 0.7516963972168338 0
6933 0.3149127158261818 0.7607055192618897 0
6934 0.307080298101273 0.7696251082742878 0
6935 0.2992060249130809 0.7784544626538605 0
6936 0.2912913881059804 0.7871929052793176 0
6937 0.2833378904742012 0.7958397836919343 0
6938 0.2753470453541484 0.8043944702725516 0
6939 0.2673203762138636 0.8128563624118367 0
6940 0.2592594162397392 0.8212248826737579 0
6941 0.2511657079205944 0.8294994789522344 0
6942 0.2430408026292289 0.8376796246209084 0
6943 0.2348862602015653 0.8457648186760109 0
6944 0.2267036485134975 0.8537545858722733 0
6945 0.6641214532865077 0.01215667661106862 0
6946 0.6614858254115292 0.02431186389069645 0
6947 0.6587598198348991 0.03646407291147075 0
6948 0.6559434978674736 0.04861181555391936 0
6949 0.6530369453211651 0.06075360491021298 0
6950 0.6500402724856623 0.07288795568752876 0
6951 0.6469536140985119 0.08501338461098573 0
6952 0.6437771293085659 0.09712841082602558 0
6953 0.6405110016328079 0.1092315563001383 0
6954 0.6371554389065693 0.1213213462238262 0
6955 0.6337106732271468 0.1333963094106882 0
6956 0.6301769608908394 0.1454549786965253 0
6957 0.6265545823234201 0.1574958913373514 0
6958 0.6228438420040618 0.1695175894062095 0
6959 0.6190450683827387 0.1815186201886756 0
6960 0.6151586137911238 0.1934975365769539 0
6961 0.6111848543470078 0.2054528974624476 0
6962 0.6071241898522673 0.2173832681267025 0
6963 0.6029770436844046 0.2292872206306202 0
6964 0.5987438626816949 0.2411633342018268 0
6965 0.5944251170219677 0.2530101956201023 0
6966 0.5900213000950564 0.2648263996007594 0
6967 0.585532928368952 0.2766105491758684 0
6968 0.5809605412496947 0.2883612560732287 0
6969 0.5763047009350446 0.3000771410929778 0
6970 0.5715659922619682 0.311756834481742 0
6971 0.5667450225479829 0.3233989763042243 0
6972 0.5618424214264053 0.3350022168121258 0
6973 0.556858840675542 0.3465652168103087 0
6974 0.5517949540418775 0.3580866480200905 0
6975 0.5466514570572978 0.3695651934395825 0
6976 0.5414290668504077 0.3809995477009642 0
6977 0.5361285219519872 0.3923884174246061 0
6978 0.5307505820946433 0.4037305215699357 0
6979 0.5252960280067093 0.4150245917829599 0
6980 0.5197656612004478 0.4262693727403454 0
6981 0.5141603037546177 0.4374636224899603 0
6982 0.5084807980914593 0.4486061127877946 0
6983 0.5027280067481623 0.4596956294311554 0
6984 0.496902812142876 0.470730972588059 0
6985 0.4910061163353272 0.4817109571227196 0
6986 0.4850388407821092 0.4926344129170537 0
6987 0.4790019260867077 0.5035001851881112 0
6988 0.4728963317443354 0.5143071348013438 0
6989 0.4667230358816382 0.5250541385796308 0
6990 0.4604830349913499 0.535740089607974 0
6991 0.4541773436619631 0.5463638975337822 0
6992 0.4478069943024902 0.5569244888626634 0
6993 0.4413730368623935 0.5674208072496408 0
6994 0.434876538546752 0.57785181378572 0
6995 0.428318583526752 0.5882164872797238 0
6996 0.4217002726455715 0.5985138245353205 0
6997 0.415022723119743 0.6087428406231731 0
6998 0.408287068236076 0.6189025691481296 0
6999 0.401494457044217 0.6289920625113881 0
7000 0.3946460540449365 0.6390103921675601 0
7001 0.3877430388742215 0.6489566488765686 0
7002 0.3807866059832647 0.6588299429503052 0
7003 0.373777964314433 0.668629404493986 0
7004 0.3667183369733047 0.678354183642137 0
7005 0.3596089608968664 0.6880034507891444 0
7006 0.3524510865179546 0.6975763968143125 0
7007 0.34524597742604 0.70707223330136 0
7008 0.3379949100244385 0.7164901927523033 0
7009 0.3306991731840498 0.7258295287956631 0
7010 0.3233600678937116 0.7350895163889396 0
7011 0.3159789069072663 0.7442694520153036 0
7012 0.308557014387438 0.7533686538744451 0
7013 0.3010957255466119 0.7623864620675342 0
7014 0.293596386284619 0.7713222387762368 0
7015 0.2860603528236185 0.7801753684357433 0
7016 0.2784889913401829 0.7889452579017585 0
7017 0.2708836775946804 0.7976313366114106 0
7018 0.2632457965580577 0.8062330567380334 0
7019 0.2555767420361266 0.8147498933397801 0
7020 0.2478779162914494 0.8231813445020313 0
7021 0.2401507296629354 0.8315269314735532 0
7022 0.2323966001832412 0.8397861987963737 0
7023 0.2246169531940886 0.8479587144293395 0
7024 0.647334307957857 0.01194100894996186 0
7025 0.6445872428703764 0.02388067750162676 0
7026 0.6417588378514091 0.03581766562032362 0
7027 0.6388491480807263 0.04775063399852741 0
7028 0.6358582507890485 0.05967824441919156 0
7029 0.632786245237096 0.07159916011877582 0
7030 0.6296332526886608 0.08351204614988722 0
7031 0.6263994163777092 0.09541556974342291 0
7032 0.623084901469527 0.1073084006701245 0
7033 0.6196898950159124 0.1191892116014436 0
7034 0.6162146059044322 0.1310566784696194 0
7035 0.6126592648017555 0.1429094808268728 0
7036 0.6090241240910781 0.1547463022036162 0
7037 0.6053094578036557 0.1665658304655885 0
7038 0.6015155615444648 0.1783667581698081 0
7039 0.5976427524120114 0.1901477829192584 0
7040 0.5936913689123071 0.2019076077162028 0
7041 0.5896617708670406 0.2136449413140322 0
7042 0.5855543393159641 0.2253584985675582 0
7043 0.5813694764135253 0.2370470007816441 0
7044 0.5771076053197709 0.248709176058092 0
7045 0.5727691700855507 0.2603437596406834 0
7046 0.5683546355320568 0.2719494942582815 0
7047 0.5638644871247251 0.2835251304659058 0
7048 0.5592992308415401 0.29506942698368 0
7049 0.5546593930357714 0.3065811510335678 0
7050 0.5499455202931847 0.3180590786738018 0
7051 0.5451581792837648 0.3295019951309133 0
7052 0.5402979566079879 0.3409086951292776 0
7053 0.5353654586376898 0.3522779832180814 0
7054 0.5303613113515681 0.3636086740956241 0
7055 0.525286160165367 0.3748995929308678 0
7056 0.5201406697567885 0.3861495756821454 0
7057 0.5149255238851791 0.397357469412942 0
7058 0.5096414252060384 0.4085221326046639 0
7059 0.504289095080403 0.4196424354663108 0
7060 0.498869273379156 0.4307172602409642 0
7061 0.4933827182823134 0.441745501509015 0
7062 0.4878302060733462 0.4527260664880398 0
7063 0.4822125309285884 0.4636578753292531 0
7064 0.4765305047017945 0.4745398614104476 0
7065 0.4707849567038983 0.4853709716253481 0
7066 0.4649767334780369 0.4961501666693001 0
7067 0.4591066985699019 0.5068764213212094 0
7068 0.4531757322934744 0.5175487247216677 0
7069 0.4471847314922149 0.5281660806471765 0
7070 0.4411346092957668 0.5387275077804039 0
7071 0.4350262948722412 0.549232039976397 0
7072 0.4288607331761541 0.5596787265246767 0
7073 0.4226388846920768 0.5700666324071481 0
7074 0.4163617251740768 0.5803948385517513 0
7075 0.4100302453810143 0.5906624420817883 0
7076 0.4036454508077687 0.6008685565608558 0
7077 0.3972083614124684 0.6110123122333166 0
7078 0.3907200113397953 0.6210928562602491 0
7079 0.3841814486404428 0.6311093529508041 0
7080 0.3775937349867993 0.6410609839889116 0
7081 0.3709579453849382 0.6509469486552746 0
7082 0.3642751678829897 0.6607664640445874 0
7083 0.3575465032759743 0.6705187652779232 0
7084 0.3507730648071798 0.6802031057102299 0
7085 0.3439559778661592 0.6898187571328811 0
7086 0.3370963796834361 0.6993650099712239 0
7087 0.3301954190219946 0.7088411734770731 0
7088 0.3232542558656448 0.7182465759160969 0
7089 0.3162740611043405 0.7275805647500457 0
7090 0.3092560162165397 0.7368425068137733 0
7091 0.3022013129486942 0.7460317884870007 0
7092 0.2951111529919507 0.7551478158607809 0
7093 0.2879867476561571 0.7641900148986132 0
7094 0.2808293175412567 0.773157831592169 0
7095 0.2736400922061646 0.7820507321115827 0
7096 0.2664203098352124 0.7908682029502696 0
7097 0.259171216902252 0.7996097510642298 0
7098 0.251894067832514 0.8082749040058018 0
7099 0.2445901246623045 0.816863210051828 0
7100 0.2372606566966419 0.8253742383261977 0
7101 0.2299069401649171 0.8338075789167363 0
7102 0.2225302578746798 0.8421628429864053 0
7103 0.6305471626292063 0.01172534128885488 0
7104 0.6276886603292234 0.02344949111255723 0
7105 0.6247578558679192 0.03517125832917661 0
7106 0.6217547982939788 0.04688945244313553 0
7107 0.6186795562569321 0.05860288392817026 0
7108 0.6155322179885299 0.07031036455002287 0
7109 0.6123128912788096 0.0820107076887886 0
7110 0.6090217034468527 0.09370272866082052 0
7111 0.6056588013062463 0.1053852450401106 0
7112 0.6022243511252555 0.1170570769790611 0
7113 0.5987185385817175 0.1287170475285505 0
7114 0.5951415687126715 0.1403639829572202 0
7115 0.5914936658587362 0.1519967130698811 0
7116 0.5877750736032494 0.1636140715249674 0
7117 0.583986054706191 0.1752148961509404 0
7118 0.5801268910328989 0.186798029261563 0
7119 0.5761978834776063 0.198362317969958 0
7120 0.5721993518818139 0.2099066145013619 0
7121 0.5681316349475237 0.2214297765044962 0
7122 0.5639950901453559 0.2329306673614614 0
7123 0.5597900936175743 0.2444081564960818 0
7124 0.5555170400760452 0.2558611196806074 0
7125 0.5511763426951616 0.2672884393406946 0
7126 0.5467684329997557 0.2786890048585828 0
7127 0.5422937607480357 0.2900617128743822 0
7128 0.5377527938095746 0.3014054675853935 0
7129 0.5331460180383865 0.3127191810433793 0
7130 0.5284739371411242 0.3240017734497006 0
7131 0.5237370725404337 0.3352521734482468 0
7132 0.5189359632335021 0.3464693184160723 0
7133 0.5140711656458383 0.3576521547516658 0
7134 0.5091432534803262 0.3687996381607713 0
7135 0.5041528175615898 0.3799107339396847 0
7136 0.4991004656757148 0.3909844172559484 0
7137 0.4939868224053675 0.4020196734263678 0
7138 0.4888125289603582 0.4130154981922762 0
7139 0.4835782430036942 0.4239708979919681 0
7140 0.4782846384731675 0.4348848902302355 0
7141 0.4729324053985299 0.4457565035449242 0
7142 0.4675222497143008 0.4565847780704471 0
7143 0.4620548930682619 0.4673687656981755 0
7144 0.4565310726256874 0.4781075303336428 0
7145 0.4509515408693661 0.4888001481504889 0
7146 0.4453170653954684 0.499445707841075 0
7147 0.4396284287053106 0.5100433108637046 0
7148 0.43388642799308 0.5205920716863791 0
7149 0.4280918749295705 0.5310911180270257 0
7150 0.4222455954419922 0.5415395910901306 0
7151 0.4163484294899149 0.5519366457997126 0
7152 0.4104012308374017 0.5622814510285761 0
7153 0.4044048668214016 0.5725731898237789 0
7154 0.3983602181164572 0.5828110596282563 0
7155 0.3922681784957944 0.5929942724985384 0
7156 0.3861296545888608 0.6031220553185036 0
7157 0.3799455656353736 0.6131936500091104 0
7158 0.3737168432359492 0.6232083137340479 0
7159 0.3674444310993772 0.6331653191012547 0
7160 0.3611292847866118 0.6430639543602441 0
7161 0.3547723714515464 0.6529035235951888 0
7162 0.3483746695786438 0.6626833469137094 0
7163 0.3419371687174932 0.6724027606313154 0
7164 0.3354608692143637 0.6820611174514498 0
7165 0.328946781940832 0.691657786641088 0
7166 0.3223959280195509 0.7011921542018426 0
7167 0.3158093385472399 0.7106636230365304 0
7168 0.3091880543149693 0.7200716131111516 0
7169 0.3025331255258131 0.7294155616122429 0
7170 0.2958456115099505 0.7386949230995561 0
7171 0.2891265804372894 0.7479091696540275 0
7172 0.2823771090276953 0.7570577910209895 0
7173 0.2755982822588948 0.7661402947485947 0
7174 0.2687911930721463 0.7751562063214068 0
7175 0.2619569420757444 0.7841050692891285 0
7176 0.2550966372464463 0.7929864453904266 0
7177 0.2482113936289013 0.801799914671824 0
7178 0.2413023330331596 0.810545075601625 0
7179 0.2343705837303484 0.8192215451788425 0
7180 0.2274172801465929 0.8278289590370989 0
7181 0.2204435625552709 0.8363669715434715 0
7182 0.6137600173005555 0.01150967362774802 0
7183 0.6107900777880706 0.02301830472348759 0
7184 0.6077568738844293 0.03452485103802949 0
7185 0.6046604485072316 0.04602827088774364 0
7186 0.6015008617248156 0.05752752343714901 0
7187 0.5982781907399637 0.06902156898127004 0
7188 0.5949925298689585 0.08050936922769009 0
7189 0.5916439905159961 0.09198988757821791 0
7190 0.5882327011429656 0.1034620894100967 0
7191 0.5847588072345986 0.1149249423566783 0
7192 0.5812224712590028 0.1263774165874816 0
7193 0.5776238726235876 0.1378184850875676 0
7194 0.5739632076263942 0.1492471239361459 0
7195 0.5702406894028433 0.1606623125843467 0
7196 0.5664565478679172 0.1720630341320729 0
7197 0.5626110296537867 0.1834482756038677 0
7198 0.5587043980429055 0.1948170282237132 0
7199 0.5547369328965872 0.2061682876886917 0
7200 0.5507089305790833 0.2175010544414341 0
7201 0.5466207038771864 0.2288143339412787 0
7202 0.5424725819153775 0.2401071369340716 0
7203 0.5382649100665395 0.2513784797205315 0
7204 0.5339980498582665 0.2626273844231077 0
7205 0.5296723788747864 0.27385287925126 0
7206 0.5252882906545313 0.2850539987650844 0
7207 0.5208461945833779 0.2962297841372192 0
7208 0.5163465157835881 0.3073792834129568 0
7209 0.5117896949984837 0.318501551768488 0
7210 0.5071761884728795 0.3295956517672158 0
7211 0.5025064678293144 0.3406606536140632 0
7212 0.4977810199401086 0.3516956354077076 0
7213 0.4930003467952855 0.3626996833906748 0
7214 0.4881649653663911 0.373671892197224 0
7215 0.4832754074662504 0.3846113650989548 0
7216 0.4783322196046965 0.3955172142480718 0
7217 0.4733359628403135 0.4063885609182416 0
7218 0.4682872126282325 0.417224535742972 0
7219 0.4631865586640216 0.428024278951456 0
7220 0.4580346047237137 0.4387869406018087 0
7221 0.4528319685000133 0.4495116808116412 0
7222 0.4475792814347291 0.4601976699859036 0
7223 0.4422771885474766 0.4708440890419374 0
7224 0.4369263482606955 0.4814501296316778 0
7225 0.4315274322210349 0.4920149943609406 0
7226 0.4260811251171469 0.5025378970057415 0
7227 0.420588124493945 0.5130180627255817 0
7228 0.4150491405633742 0.5234547282736475 0
7229 0.4094648960117432 0.5338471422038643 0
7230 0.4038361258036755 0.5441945650747484 0
7231 0.3981635769827265 0.554496269650004 0
7232 0.3924480084687265 0.5647515410958065 0
7233 0.3866901908519001 0.5749596771747242 0
7234 0.3808909061838202 0.585119988436221 0
7235 0.3750509477652533 0.5952317984036907 0
7236 0.3691711199309519 0.6052944437579715 0
7237 0.3632522378314556 0.6153072745172919 0
7238 0.3572951272119551 0.6252696542135978 0
7239 0.3513006241882853 0.6351809600652136 0
7240 0.3452695750201031 0.6450405831457902 0
7241 0.3392028358813134 0.6548479285494957 0
7242 0.3331012726278065 0.664602415552401 0
7243 0.3269657605625683 0.6743034777700186 0
7244 0.3207971841982281 0.6839505633109517 0
7245 0.314596437017107 0.6935431349266122 0
7246 0.3083644212288349 0.7030806701569642 0
7247 0.3021020475255982 0.7125626614722577 0
7248 0.2958102348350865 0.7219886164107123 0
7249 0.2894899100712067 0.7313580577121117 0
7250 0.2831420078826283 0.7406705234472739 0
7251 0.2767674703992333 0.7499255671433658 0
7252 0.270367246976533 0.7591227579050203 0
7253 0.2639422939381281 0.7682616805312309 0
7254 0.2574935743162763 0.7773419356279874 0
7255 0.2510220575906404 0.7863631397166233 0
7256 0.2445287194252886 0.7953249253378458 0
7257 0.2380145414040146 0.8042269411514219 0
7258 0.2314805107640548 0.8130688520314873 0
7259 0.2249276201282688 0.8218503391574615 0
7260 0.2183568672358621 0.8305711001005375 0
7261 0.5969728719719046 0.01129400596664126 0
7262 0.5938914952469176 0.02258711833441779 0
7263 0.5907558919009394 0.03387844374688259 0
7264 0.5875660987204843 0.04516708933235158 0
7265 0.584322167192699 0.05645216294612776 0
7266 0.5810241634913974 0.06773277341251732 0
7267 0.5776721684591072 0.07900803076659146 0
7268 0.5742662775851395 0.09027704649561524 0
7269 0.5708066009796847 0.1015389337800828 0
7270 0.5672932633439416 0.1127928077342957 0
7271 0.5637264039362881 0.1240377856464128 0
7272 0.5601061765345037 0.1352729872179152 0
7273 0.5564327493940522 0.1464975348024108 0
7274 0.5527063052024371 0.1577105536437255 0
7275 0.5489270410296434 0.1689111721132054 0
7276 0.5450951682746743 0.1800985219461722 0
7277 0.5412109126082048 0.1912717384774683 0
7278 0.5372745139113604 0.2024299608760214 0
7279 0.5332862262106428 0.213572332378372 0
7280 0.529246317609017 0.224698000521096 0
7281 0.5251550702131806 0.2358061173720612 0
7282 0.5210127800570339 0.2468958397604556 0
7283 0.5168197570213713 0.2579663295055209 0
7284 0.5125763247498168 0.269016753643937 0
7285 0.5082828205610268 0.2800462846557865 0
7286 0.503939595357181 0.291054100689045 0
7287 0.4995470135287898 0.3020393857825343 0
7288 0.4951054528558432 0.3130013300872754 0
7289 0.4906153044053253 0.3239391300861849 0
7290 0.4860769724251267 0.3348519888120541 0
7291 0.4814908742343788 0.3457391160637492 0
7292 0.4768574401102447 0.3565997286205783 0
7293 0.4721771131711924 0.3674330504547634 0
7294 0.467450349256786 0.3782383129419612 0
7295 0.4626776168040256 0.3890147550697757 0
7296 0.4578593967202687 0.399761623644207 0
7297 0.4529961822527707 0.410478173493976 0
7298 0.4480884788548757 0.4211636676726764 0
7299 0.4431368040488974 0.4318173776586931 0
7300 0.4381416872857257 0.4424385835528353 0
7301 0.4331036698011964 0.4530265742736315 0
7302 0.4280233044692656 0.463580647750232 0
7303 0.4229011556520246 0.4741001111128666 0
7304 0.4177377990466013 0.4845842808808061 0
7305 0.412533821528983 0.4950324831477783 0
7306 0.40728982099481 0.5054440537647843 0
7307 0.4020064061971779 0.5158183385202691 0
7308 0.3966841965814942 0.526154693317598 0
7309 0.3913238221174362 0.5364524843497843 0
7310 0.3859259231280513 0.5467110882714319 0
7311 0.3804911501160513 0.5569298923678341 0
7312 0.375020163587343 0.5671082947211921 0
7313 0.3695136338718458 0.5772457043739037 0
7314 0.3639722409416457 0.5873415414888776 0
7315 0.3583966742265302 0.5973952375068328 0
7316 0.352787632426962 0.6074062353005359 0
7317 0.3471458233245329 0.617373989325941 0
7318 0.3414719635899589 0.627297965770183 0
7319 0.3357667785886598 0.6371776426963915 0
7320 0.3300310021839829 0.6470125101852821 0
7321 0.3242653765381199 0.6568020704734865 0
7322 0.3184706519107728 0.6665458380885874 0
7323 0.3126475864556241 0.6762433399808159 0
7324 0.3067969460146631 0.6858941156513818 0
7325 0.3009195039104299 0.6954977172773977 0
7326 0.295016040736227 0.7050537098333636 0
7327 0.2890873441443598 0.7145616712091822 0
7328 0.2831342086324629 0.724021192324667 0
7329 0.2771574353279671 0.7334318772405205 0
7330 0.2711578317707714 0.7427933432657421 0
7331 0.2651362116941711 0.7521052210614461 0
7332 0.2590933948041098 0.7613671547410551 0
7333 0.2530302065568082 0.7705788019668462 0
7334 0.2469474779348347 0.7797398340428199 0
7335 0.240846045221676 0.788849936003868 0
7336 0.2347267497748697 0.7979088067012188 0
7337 0.2285904377977613 0.8069161588841318 0
7338 0.2224379601099447 0.8158717192778242 0
7339 0.2162701719164532 0.8247752286576036 0
7340 0.5801857266432539 0.0110783383055344 0
7341 0.5769929127057647 0.02215593194534826 0
7342 0.5737549099174495 0.03323203645573547 0
7343 0.5704717489337369 0.0443059077769597 0
7344 0.5671434726605825 0.05537680245510634 0
7345 0.5637701362428311 0.06644397784376427 0
7346 0.560351807049256 0.07750669230549284 0
7347 0.5568885646542829 0.0885642054130128 0
7348 0.5533805008164039 0.09961577815006906 0
7349 0.5498277194532847 0.1106606731119131 0
7350 0.5462303366135735 0.1216981547053441 0
7351 0.5425884804454197 0.1327274893482627 0
7352 0.5389022911617102 0.1437479456686755 0
7353 0.5351719210020309 0.1547587947031046 0
7354 0.5313975341913695 0.1657593100943377 0
7355 0.527579306895562 0.1767487682884768 0
7356 0.5237174271735039 0.1877264487312235 0
7357 0.5198120949261337 0.1986916340633511 0
7358 0.5158635218422024 0.20964361031531 0
7359 0.5118719313408474 0.2205816671009132 0
7360 0.5078375585109839 0.2315050978100509 0
7361 0.5037606500475282 0.2424131998003795 0
7362 0.499641464184476 0.253305274587934 0
7363 0.4954802706248474 0.2641806280366141 0
7364 0.4912773504675224 0.2750385705464887 0
7365 0.4870329961309842 0.2858784172408707 0
7366 0.4827475112739915 0.2966994881521119 0
7367 0.4784212107132026 0.3075011084060627 0
7368 0.4740544203377711 0.318282608405154 0
7369 0.4696474770209388 0.3290433240100451 0
7370 0.465200728528649 0.3397825967197909 0
7371 0.4607145334252039 0.3504997738504819 0
7372 0.4561892609759937 0.3611942087123027 0
7373 0.4516252910473217 0.3718652607849675 0
7374 0.4470230140033547 0.3825122958914796 0
7375 0.442382830600224 0.3931346863701724 0
7376 0.437705151877309 0.4037318112449799 0
7377 0.4329903990457298 0.414303056393897 0
7378 0.4282390033740812 0.4248478147155775 0
7379 0.4234514060714381 0.4353654862940293 0
7380 0.4186280581676637 0.4458554785613595 0
7381 0.4137694203910547 0.4563172064585265 0
7382 0.4088759630433539 0.4667500925940554 0
7383 0.4039481658721678 0.4771535674006717 0
7384 0.3989865179408192 0.4875270692898152 0
7385 0.393991517495675 0.4978700448039868 0
7386 0.3889636718309816 0.5081819487668908 0
7387 0.3839034971512452 0.5184622444313316 0
7388 0.3788115184311968 0.5287104036248202 0
7389 0.3736882692733761 0.5389259068928598 0
7390 0.368534291763376 0.5491082436398618 0
7391 0.3633501363227858 0.5592569122676601 0
7392 0.3581363615598716 0.5693714203115864 0
7393 0.352893534118038 0.5794512845740647 0
7394 0.3476222285221085 0.5894960312556938 0
7395 0.3423230270224683 0.5995051960837798 0
7396 0.3369965194371108 0.6094783244382841 0
7397 0.3316433029916324 0.6194149714751525 0
7398 0.3262639821572165 0.6293147022469929 0
7399 0.3208591684866524 0.6391770918210683 0
7400 0.3154294804484332 0.649001725394572 0
7401 0.3099755432589774 0.6587881984071561 0
7402 0.30449798871302 0.6685361166506798 0
7403 0.2989974550122193 0.6782450963761516 0
7404 0.293474586592025 0.6879147643978314 0
7405 0.2879300339468558 0.6975447581944696 0
7406 0.2823644534536332 0.7071347260076517 0
7407 0.276778507193719 0.7166843269372225 0
7408 0.2711728627733059 0.726193231033767 0
7409 0.2655481931423095 0.7356611193881184 0
7410 0.2599051764118093 0.7450876842178717 0
7411 0.2542444956700915 0.7544726289508792 0
7412 0.2485668387973402 0.7638156683057054 0
7413 0.2428728982790289 0.7731165283690167 0
7414 0.2371633710180633 0.78237494666989 0
7415 0.2314389581457247 0.7915906722510156 0
7416 0.2257003648314678 0.8007634657367765 0
7417 0.2199483000916206 0.8098930993981869 0
7418 0.2141834765970443 0.8189793572146697 0
7419 0.5633985813146031 0.01086267064442742 0
7420 0.5600943301646117 0.02172474555627862 0
7421 0.5567539279339595 0.03258562916458846 0
7422 0.5533773991469896 0.0434447262215677 0
7423 0.549964778128466 0.0543014419640851 0
7424 0.5465161089942649 0.06515518227501144 0
7425 0.5430314456394048 0.07600535384439439 0
7426 0.5395108517234264 0.0868513643304103 0
7427 0.5359544006531232 0.09769262252005523 0
7428 0.5323621755626278 0.1085285384895305 0
7429 0.5287342692908588 0.1193585237642751 0
7430 0.5250707843563358 0.1301819914786101 0
7431 0.5213718329293682 0.1409983565349404 0
7432 0.5176375368016248 0.1518070357624837 0
7433 0.5138680273530956 0.1626074480754701 0
7434 0.5100634455164496 0.1733990146307814 0
7435 0.5062239417388031 0.1841811589849788 0
7436 0.502349675940907 0.1949533072506808 0
7437 0.4984408174737619 0.205714888252248 0
7438 0.494497545072678 0.2164653336807305 0
7439 0.4905200468087871 0.2272040782480407 0
7440 0.4865085200380226 0.2379305598403035 0
7441 0.4824631713475809 0.2486442196703471 0
7442 0.4783842164998779 0.2593445024292912 0
7443 0.4742718803740179 0.2700308564371908 0
7444 0.4701263969047874 0.2807027337926964 0
7445 0.4659480090191933 0.2913595905216894 0
7446 0.4617369685705622 0.30200088672485 0
7447 0.4574935362702169 0.3126260867241231 0
7448 0.4532179816167511 0.3232346592080359 0
7449 0.4489105828229192 0.3338260773758327 0
7450 0.4445716267401632 0.3443998190803853 0
7451 0.440201408780795 0.354955366969842 0
7452 0.4358002328378575 0.3654922086279739 0
7453 0.4313684112026838 0.3760098367131836 0
7454 0.4269062644801792 0.3865077490961378 0
7455 0.4224141215018473 0.3969854489959837 0
7456 0.4178923192365839 0.4074424451151175 0
7457 0.413341202699265 0.4178782517724619 0
7458 0.4087611248571505 0.4282923890352233 0
7459 0.404152446534131 0.4386843828490875 0
7460 0.3995155363128438 0.4490537651668212 0
7461 0.3948507704346831 0.4594000740752442 0
7462 0.3901585326977343 0.4697228539205373 0
7463 0.3854392143526554 0.480021655431852 0
7464 0.38069321399654 0.4902960358431894 0
7465 0.3759209374647853 0.5005455590135126 0
7466 0.3711227977209962 0.5107697955450651 0
7467 0.3662992147449575 0.5209683228998561 0
7468 0.3614506154187009 0.5311407255142877 0
7469 0.3565774334107009 0.5412865949118892 0
7470 0.3516801090582287 0.5514055298141279 0
7471 0.3467590892478972 0.5614971362492691 0
7472 0.3418148272944305 0.5715610276592515 0
7473 0.3368477828176868 0.581596825004555 0
7474 0.3318584216179747 0.5916041568670237 0
7475 0.3268472155496887 0.6015826595506272 0
7476 0.3218146423933059 0.611531977180122 0
7477 0.3167611857257733 0.6214517617975942 0
7478 0.3116873347893219 0.6313416734568545 0
7479 0.3065935843587466 0.6412013803156575 0
7480 0.301480434607182 0.6510305587257249 0
7481 0.296348390970416 0.6608288933205438 0
7482 0.2911979640097754 0.6705960771009213 0
7483 0.28602966927362 0.6803318115182651 0
7484 0.2808440271574847 0.6900358065555757 0
7485 0.2756415627629065 0.6997077808061214 0
7486 0.2704228057549752 0.709347461549778 0
7487 0.2651882902186448 0.7189545848270136 0
7488 0.2599385545138477 0.7285288955104946 0
7489 0.2546741411294475 0.7380701473742973 0
7490 0.2493955965360732 0.7475781031607034 0
7491 0.2441034710378722 0.757052534644564 0
7492 0.2387983186232231 0.7664932226952132 0
7493 0.2334806968144506 0.775899957335912 0
7494 0.2281511665165798 0.7852725378008124 0
7495 0.2228102918651741 0.7946107725894214 0
7496 0.2174586400732965 0.8039144795185496 0
7497 0.2120967812776354 0.8131834857717356 0
7498 0.5466114359859524 0.01064700298332066 0
7499 0.5431957476234588 0.02129355916720882 0
7500 0.5397529459504696 0.03193922187344123 0
7501 0.5362830493602422 0.04258354466617581 0
7502 0.5327860835963496 0.0532260814730639 0
7503 0.5292620817456987 0.06386638670625872 0
7504 0.5257110842295536 0.07450401538329576 0
7505 0.5221331387925698 0.08513852324780785 0
7506 0.5185283004898423 0.0957694668900414 0
7507 0.5148966316719709 0.1063964038671479 0
7508 0.5112382019681441 0.1170188928232063 0
7509 0.5075530882672519 0.1276364936089576 0
7510 0.5038413746970261 0.1382487674012052 0
7511 0.5001031526012186 0.1488552768218627 0
7512 0.4963385205148217 0.1594555860566026 0
7513 0.4925475841373372 0.1700492609730859 0
7514 0.4887304563041024 0.1806358692387342 0
7515 0.4848872569556803 0.1912149804380105 0
7516 0.4810181131053215 0.2017861661891859 0
7517 0.4771231588045086 0.2123490002605478 0
7518 0.4732025351065904 0.2229030586860305 0
7519 0.469256390028517 0.2334479198802276 0
7520 0.4652848785106857 0.2439831647527602 0
7521 0.4612881623749086 0.2545083768219683 0
7522 0.4572664102805135 0.2650231423278931 0
7523 0.4532197976785906 0.2755270503445223 0
7524 0.449148506764395 0.2860196928912669 0
7525 0.4450527264279217 0.2965006650436375 0
7526 0.4409326522026628 0.3069695650430922 0
7527 0.4367884862125634 0.3174259944060269 0
7528 0.4326204371171895 0.3278695580318743 0
7529 0.4284287200551224 0.3382998643102889 0
7530 0.4242135565855963 0.3487165252273814 0
7531 0.4199751746283931 0.3591191564709803 0
7532 0.4157138084020129 0.3695073775348875 0
7533 0.4114296983601345 0.3798808118221033 0
7534 0.4071230911263855 0.3902390867469877 0
7535 0.402794239427438 0.400581833836338 0
7536 0.3984434020244488 0.4109086888293463 0
7537 0.3940708436428629 0.4212192917764173 0
7538 0.3896768349005983 0.4315132871368155 0
7539 0.3852616522346329 0.4417903238751157 0
7540 0.3808255778260125 0.4520500555564331 0
7541 0.3763688995233008 0.4622921404404028 0
7542 0.3718919107644916 0.4725162415738889 0
7543 0.3673949104974051 0.482722026882392 0
7544 0.362878203098589 0.4929091692601344 0
7545 0.3583420982907471 0.5030773466587988 0
7546 0.3537869110587182 0.513226242174892 0
7547 0.3492129615640257 0.5233555441357157 0
7548 0.3446205750580257 0.5334649461839169 0
7549 0.3400100817936715 0.5435541473605959 0
7550 0.3353818169359229 0.5536228521869517 0
7551 0.3307361204708229 0.5636707707444386 0
7552 0.3260733371132652 0.5736976187534162 0
7553 0.3213938162134811 0.5837031176502678 0
7554 0.3166979116622665 0.5936869946629704 0
7555 0.3119859817949795 0.6036489828850914 0
7556 0.30725838929433 0.6135888213481957 0
7557 0.3025155010919915 0.6235062550926409 0
7558 0.29775768826906 0.6334010352367432 0
7559 0.2929853259553864 0.6432729190442936 0
7560 0.2881987932278121 0.6531216699904079 0
7561 0.2833984730073316 0.6629470578256909 0
7562 0.278584751955215 0.6727488586386988 0
7563 0.2737580203681135 0.6825268549166819 0
7564 0.2689186720721799 0.6922808356045911 0
7565 0.2640671043162314 0.7020105961623334 0
7566 0.2592037176639836 0.7117159386202603 0
7567 0.2543289158853858 0.721396671632871 0
7568 0.2494431058470857 0.7310526105307229 0
7569 0.2445466974020549 0.7406835773705275 0
7570 0.2396401032784042 0.7502894009834231 0
7571 0.2347237389674173 0.75986991702141 0
7572 0.229798022610838 0.7694249680019339 0
7573 0.2248633748874348 0.7789544033506094 0
7574 0.2199202188988806 0.7884580794420659 0
7575 0.2149689800549723 0.7979358596389121 0
7576 0.2100100859582266 0.8073876143288019 0
7577 0.5298242906573016 0.0104313353222138 0
7578 0.5262971650823058 0.02086237277813924 0
7579 0.5227519639669798 0.03129281458229427 0
7580 0.5191886995734948 0.04172236311078381 0
7581 0.5156073890642331 0.0521507209820426 0
7582 0.5120080544971325 0.06257759113750583 0
7583 0.5083907228197024 0.07300267692219709 0
7584 0.5047554258617132 0.08342568216520518 0
7585 0.5011022003265616 0.09384631126002763 0
7586 0.497431087781314 0.1042642692447652 0
7587 0.4937421346454295 0.1146792618821377 0
7588 0.4900353921781679 0.125090995739305 0
7589 0.4863109164646842 0.1354991782674702 0
7590 0.4825687684008125 0.1459035178812418 0
7591 0.4788090136765479 0.156303724037735 0
7592 0.4750317227582249 0.1666995073153907 0
7593 0.4712369708694017 0.1770905794924894 0
7594 0.4674248379704536 0.1874766536253403 0
7595 0.463595408736881 0.1978574441261238 0
7596 0.4597487725363391 0.2082326668403651 0
7597 0.4558850234043937 0.2186020391240202 0
7598 0.4520042600190115 0.2289652799201516 0
7599 0.4481065856737906 0.2393221098351734 0
7600 0.4441921082499391 0.2496722512146454 0
7601 0.4402609401870091 0.2600154282185953 0
7602 0.4363131984523939 0.270351366896348 0
7603 0.4323490045095967 0.2806797952608445 0
7604 0.4283684842852812 0.2910004433624249 0
7605 0.4243717681351086 0.3013130433620613 0
7606 0.4203589908083757 0.3116173296040177 0
7607 0.4163302914114598 0.3219130386879161 0
7608 0.4122858133700817 0.3321999095401924 0
7609 0.4082257043903977 0.3424776834849207 0
7610 0.4041501164189288 0.3527461043139868 0
7611 0.4000592056013421 0.3630049183565915 0
7612 0.3959531322400898 0.3732538745480686 0
7613 0.3918320607509238 0.3834927244979917 0
7614 0.3876961596182921 0.3937212225575585 0
7615 0.3835456013496326 0.4039391258862308 0
7616 0.3793805624285754 0.4141461945176114 0
7617 0.3752012232670656 0.4243421914245435 0
7618 0.3710077681564221 0.4345268825834103 0
7619 0.3668003852173417 0.4447000370376219 0
7620 0.3625792663488673 0.4548614269602684 0
7621 0.3583446071763278 0.4650108277159258 0
7622 0.3540966069982701 0.4751480179215946 0
7623 0.3498354687323928 0.4852727795067561 0
7624 0.3455613988604982 0.4953848977725324 0
7625 0.3412746073724788 0.5054841614499278 0
7626 0.3369753077093506 0.5155703627571437 0
7627 0.3326637167053506 0.5256432974559445 0
7628 0.3283400545291145 0.5357027649070638 0
7629 0.3240045446239488 0.5457485681246345 0
7630 0.3196574136472153 0.5557805138296257 0
7631 0.3152988914088435 0.5657984125022774 0
7632 0.3109292108089874 0.5758020784335118 0
7633 0.3065486077748444 0.5857913297753135 0
7634 0.3021573211966531 0.5957659885900608 0
7635 0.2977555928628867 0.605725880898797 0
7636 0.2933436673946611 0.6156708367284272 0
7637 0.2889217921793734 0.6256006901578287 0
7638 0.284490217303591 0.6355152793628623 0
7639 0.2800491954852081 0.6454144466602718 0
7640 0.2755989820048878 0.6552980385504605 0
7641 0.27113983463681 0.6651659057591325 0
7642 0.2666720135787424 0.6750179032777879 0
7643 0.2621957813814534 0.6848538904030606 0
7644 0.2577114028774877 0.6946737307748889 0
7645 0.2532191451093224 0.7044772924135068 0
7646 0.2487192772569239 0.7142644477552473 0
7647 0.2442120705647238 0.7240350736871486 0
7648 0.2396977982680367 0.7337890515803516 0
7649 0.2351767355189361 0.7435262673222821 0
7650 0.2306491593116116 0.7532466113476066 0
7651 0.2261153484072254 0.762949978667956 0
7652 0.2215755832582899 0.7726362689004063 0
7653 0.2170301459325872 0.7823053862947106 0
7654 0.2124793200366483 0.7919572397592748 0
7655 0.2079233906388177 0.8015917428858679 0
7656 0.5130371453286509 0.01021566766110699 0
7657 0.509398582541153 0.0204311863890696 0
7658 0.5057509819834899 0.0306464072911472 0
7659 0.5020943497867474 0.04086118155539187 0
7660 0.4984286945321166 0.05107536049102135 0
7661 0.4947540272485663 0.06128879556875289 0
7662 0.4910703614098513 0.07150133846109846 0
7663 0.4873777129308566 0.08171284108260263 0
7664 0.4836761001632808 0.0919231556300138 0
7665 0.479965543890657 0.1021321346223827 0
7666 0.4762460673227148 0.1123396309410686 0
7667 0.472517696089084 0.1225454978696524 0
7668 0.4687804582323422 0.1327495891337349 0
7669 0.4650343842004063 0.1429517589406207 0
7670 0.461279506838274 0.1531518620188673 0
7671 0.4575158613791125 0.1633497536576952 0
7672 0.4537434854347009 0.1735452897462446 0
7673 0.4499624189852269 0.1837383268126701 0
7674 0.4461727043684406 0.1939287220630618 0
7675 0.4423743862681696 0.2041163334201824 0
7676 0.4385675117021969 0.21430101956201 0
7677 0.4347521300095058 0.2244826399600756 0
7678 0.4309282928368954 0.2346610549175864 0
7679 0.4270960541249696 0.2448361256073224 0
7680 0.4232554700935046 0.2550077141092973 0
7681 0.4194065992261971 0.2651756834481738 0
7682 0.4155495022547985 0.275339897630422 0
7683 0.4116842421426407 0.2855002216812123 0
7684 0.4078108840675544 0.2956565216810303 0
7685 0.4039294954041879 0.3058086648020086 0
7686 0.40004014570573 0.3159565193439578 0
7687 0.396142906685041 0.3260999547700959 0
7688 0.392237852195199 0.3362388417424601 0
7689 0.3883250582094646 0.3463730521569931 0
7690 0.3844046028006712 0.3565024591782955 0
7691 0.380476566120045 0.3666269372740341 0
7692 0.376541030375462 0.3767463622489955 0
7693 0.3725980798091462 0.386860611278779 0
7694 0.3686478006748164 0.3969695629431151 0
7695 0.3646902812142878 0.4070730972588055 0
7696 0.3607256116335329 0.4171710957122716 0
7697 0.3567538840782111 0.4272634412917048 0
7698 0.3527751926086709 0.4373500185188108 0
7699 0.3487896331744337 0.447430713480134 0
7700 0.344797303588164 0.4575054138579627 0
7701 0.3407983034991351 0.467574008960797 0
7702 0.3367927343661965 0.4776363897533779 0
7703 0.3327806994302492 0.4876924488862661 0
7704 0.3287623036862395 0.4977420807249637 0
7705 0.3247376538546753 0.5077851813785716 0
7706 0.3207068583526754 0.5178216487279721 0
7707 0.3166700272645573 0.5278513824535317 0
7708 0.3126272723119744 0.5378742840623171 0
7709 0.3085787068236078 0.5478902569148127 0
7710 0.3045244457044218 0.5578992062511385 0
7711 0.3004646054044938 0.5679010392167558 0
7712 0.2963993038874222 0.5778956648876566 0
7713 0.2923286605983266 0.5878829942950303 0
7714 0.2882527964314434 0.5978629404493984 0
7715 0.2841718336973306 0.6078354183642135 0
7716 0.2800858960896868 0.6178003450789142 0
7717 0.2759951086517956 0.6277576396814311 0
7718 0.2718995977426041 0.6377072233301357 0
7719 0.2677994910024439 0.6476490192752302 0
7720 0.2636949173184051 0.6575829528795661 0
7721 0.2595860067893713 0.6675089516388939 0
7722 0.2554728906907268 0.6774269452015304 0
7723 0.2513557014387439 0.6873368653874444 0
7724 0.2472345725546613 0.6972386462067532 0
7725 0.243109638628462 0.7071322238776236 0
7726 0.2389810352823619 0.7170175368435743 0
7727 0.2348488991340184 0.7268945257901759 0
7728 0.2307133677594681 0.7367631336611411 0
7729 0.2265745796558058 0.7466233056738034 0
7730 0.2224326742036127 0.7564749893339779 0
7731 0.218287791629145 0.7663181344502031 0
7732 0.2141400729662936 0.7761526931473554 0
7733 0.2099896600183241 0.7859786198796375 0
7734 0.2058366953194088 0.7957958714429341 0
7735 0.002666761649904703 0.9516665478945125 0
7736 0.002666856633142922 0.953333095789025 0
7737 0.002666951616380975 0.9549996436835376 0
7738 0.002667046599618916 0.9566661915780504 0
7739 0.002667141582857024 0.9583327394725628 0
7740 0.002667236566095188 0.9599992873670755 0
7741 0.002667331549333296 0.961665835261588 0
7742 0.002667426532571238 0.9633323831561006 0
7743 0.002667521515809346 0.9649989310506132 0
7744 0.002667616499047454 0.9666654789451259 0
7745 0.002667711482285451 0.9683320268396384 0
7746 0.002667806465523614 0.969998574734151 0
7747 0.002667901448761778 0.9716651226286634 0
7748 0.002667996431999775 0.9733316705231762 0
7749 0.002668091415237883 0.9749982184176887 0
7750 0.002668186398475936 0.9766647663122016 0
7751 0.002668281381714099 0.9783313142067139 0
7752 0.002668376364952152 0.9799978621012265 0
7753 0.002668471348190204 0.9816644099957391 0
7754 0.002668566331428368 0.9833309578902517 0
7755 0.00266866131466631 0.9849975057847644 0
7756 0.002668756297904473 0.9866640536792769 0
7757 0.002668851281142415 0.9883306015737894 0
7758 0.002668946264380578 0.989997149468302 0
7759 0.002669041247618686 0.9916636973628146 0
7760 0.002669136230856739 0.9933302452573272 0
7761 0.002669231214094736 0.9949967931518396 0
7762 0.002669326197332789 0.9966633410463523 0
7763 0.002669421180571008 0.9983298889408648 0
7764 0.005333522665681101 0.9516661915788969 0
7765 0.005333711998028845 0.9533323831577937 0
7766 0.005333901330376645 0.9549985747366903 0
7767 0.0053340906627245 0.9566647663155871 0
7768 0.005334279995072189 0.9583309578944836 0
7769 0.005334469327419933 0.9599971494733804 0
7770 0.005334658659767733 0.9616633410522771 0
7771 0.005334847992115532 0.963329532631174 0
7772 0.005335037324463221 0.9649957242100707 0
7773 0.00533522665681091 0.9666619157889674 0
7774 0.005335415989158709 0.968328107367864 0
7775 0.005335605321506398 0.969994298946761 0
7776 0.005335794653854309 0.9716604905256578 0
7777 0.005335983986201998 0.9733266821045544 0
7778 0.005336173318549686 0.974992873683451 0
7779 0.005336362650897486 0.976659065262348 0
7780 0.005336551983245286 0.9783252568412446 0
7781 0.005336741315593085 0.9799914484201415 0
7782 0.005336930647940774 0.9816576399990382 0
7783 0.005337119980288574 0.9833238315779349 0
7784 0.005337309312636374 0.9849900231568316 0
7785 0.005337498644984118 0.9866562147357285 0
7786 0.005337687977331806 0.9883224063146251 0
7787 0.005337877309679495 0.989988597893522 0
7788 0.005338066642027406 0.9916547894724188 0
7789 0.00533825597437515 0.9933209810513153 0
7790 0.005338445306722894 0.9949871726302122 0
7791 0.005338634639070639 0.9966533642091089 0
7792 0.005338823971418438 0.9983195557880056 0
7793 0.008000282413205162 0.9516655977223585 0
7794 0.008000564826410483 0.9533311954447169 0
7795 0.008000847239615638 0.9549967931670752 0
7796 0.008001129652821015 0.9566623908894334 0
7797 0.00800141206602617 0.9583279886117917 0
7798 0.008001694479231547 0.9599935863341503 0
7799 0.008001976892436702 0.9616591840565086 0
7800 0.008002259305641912 0.9633247817788668 0
7801 0.008002541718847289 0.9649903795012252 0
7802 0.008002824132052389 0.9666559772235837 0
7803 0.008003106545257599 0.9683215749459421 0
7804 0.008003388958462976 0.9699871726683004 0
7805 0.008003671371668242 0.9716527703906587 0
7806 0.008003953784873508 0.9733183681130172 0
7807 0.008004236198078718 0.9749839658353756 0
7808 0.008004518611283984 0.9766495635577338 0
7809 0.00800480102448925 0.9783151612800923 0
7810 0.008005083437694405 0.9799807590024506 0
7811 0.008005365850899782 0.9816463567248092 0
7812 0.008005648264104936 0.9833119544471675 0
7813 0.008005930677310091 0.9849775521695258 0
7814 0.008006213090515357 0.9866431498918842 0
7815 0.008006495503720734 0.9883087476142426 0
7816 0.008006777916926 0.9899743453366009 0
7817 0.008007060330131155 0.9916399430589593 0
7818 0.008007342743336476 0.9933055407813176 0
7819 0.008007625156541798 0.9949711385036759 0
7820 0.008007907569746953 0.9966367362260343 0
7821 0.008008189982952219 0.9983023339483927 0
7822 0.01066704025836246 0.9516647663291294 0
7823 0.01066741385005798 0.9533295326582589 0
7824 0.01066778744175367 0.9549942989873884 0
7825 0.01066816103344953 0.9566590653165178 0
7826 0.01066853462514511 0.9583238316456474 0
7827 0.01066890821684069 0.9599885979747769 0
7828 0.01066928180853638 0.9616533643039065 0
7829 0.01066965540023207 0.9633181306330357 0
7830 0.01067002899192776 0.9649828969621653 0
7831 0.01067040258362351 0.9666476632912949 0
7832 0.01067077617531909 0.9683124296204243 0
7833 0.01067114976701472 0.9699771959495538 0
7834 0.01067152335871052 0.9716419622786834 0
7835 0.0106718969504061 0.9733067286078128 0
7836 0.01067227054210168 0.9749714949369422 0
7837 0.01067264413379748 0.9766362612660716 0
7838 0.01067301772549323 0.978301027595201 0
7839 0.01067339131718881 0.9799657939243308 0
7840 0.01067376490888455 0.9816305602534601 0
7841 0.0106741385005803 0.9832953265825897 0
7842 0.01067451209227593 0.9849600929117192 0
7843 0.01067488568397151 0.9866248592408485 0
7844 0.01067525927566731 0.9882896255699779 0
7845 0.01067563286736284 0.9899543918991075 0
7846 0.01067600645905858 0.991619158228237 0
7847 0.01067638005075427 0.9932839245573665 0
7848 0.01067675364244997 0.9949486908864961 0
7849 0.01067712723414566 0.9966134572156254 0
7850 0.01067750082584124 0.9982782235447548 0
7851 0.01333379556705105 0.9516636974051348 0
7852 0.01333425780076897 0.9533273948102696 0
7853 0.01333472003448682 0.9549910922154045 0
7854 0.01333518226820468 0.9566547896205394 0
7855 0.01333564450192237 0.9583184870256742 0
7856 0.01333610673564023 0.9599821844308093 0
7857 0.01333656896935803 0.961645881835944 0
7858 0.013337031203076 0.9633095792410787 0
7859 0.01333749343679386 0.9649732766462136 0
7860 0.01333795567051166 0.9666369740513486 0
7861 0.01333841790422952 0.9683006714564835 0
7862 0.01333888013794743 0.9699643688616182 0
7863 0.01333934237166517 0.9716280662667528 0
7864 0.01333980460538298 0.9732917636718879 0
7865 0.01334026683910089 0.9749554610770229 0
7866 0.01334072907281875 0.9766191584821579 0
7867 0.0133411913065366 0.9782828558872925 0
7868 0.01334165354025446 0.9799465532924274 0
7869 0.01334211577397226 0.9816102506975622 0
7870 0.01334257800768995 0.983273948102697 0
7871 0.01334304024140792 0.9849376455078319 0
7872 0.01334350247512567 0.9866013429129669 0
7873 0.01334396470884364 0.9882650403181016 0
7874 0.01334442694256144 0.9899287377232365 0
7875 0.01334488917627924 0.9915924351283716 0
7876 0.0133453514099971 0.9932561325335061 0
7877 0.01334581364371501 0.9949198299386409 0
7878 0.01334627587743287 0.9965835273437761 0
7879 0.01334673811115056 0.9982472247489108 0
7880 0.01600054770518844 0.951662390957992 0
7881 0.01600109541037703 0.953324781915984 0
7882 0.01600164311556546 0.9549871728739758 0
7883 0.0160021908207541 0.9566495638319678 0
7884 0.01600273852594242 0.95831195478996 0
7885 0.01600328623113106 0.9599743457479522 0
7886 0.01600383393631949 0.9616367367059439 0
7887 0.01600438164150803 0.9632991276639359 0
7888 0.01600492934669651 0.9649615186219278 0
7889 0.0160054770518851 0.9666239095799199 0
7890 0.01600602475707352 0.9682863005379119 0
7891 0.01600657246226206 0.9699486914959038 0
7892 0.01600712016745054 0.971611082453896 0
7893 0.01600766787263913 0.9732734734118879 0
7894 0.0160082155778275 0.97493586436988 0
7895 0.01600876328301609 0.9765982553278719 0
7896 0.01600931098820452 0.978260646285864 0
7897 0.01600985869339305 0.9799230372438559 0
7898 0.01601040639858148 0.9815854282018478 0
7899 0.01601095410377013 0.9832478191598398 0
7900 0.01601150180895844 0.9849102101178319 0
7901 0.01601204951414698 0.9865726010758239 0
7902 0.01601259721933557 0.9882349920338158 0
7903 0.0160131449245241 0.9898973829918079 0
7904 0.01601369262971247 0.9915597739498 0
7905 0.0160142403349009 0.993222164907792 0
7906 0.01601478804008943 0.9948845558657841 0
7907 0.01601533574527797 0.9965469468237759 0
7908 0.01601588345046656 0.9982093377817679 0
7909 0.01866729603871375 0.9516608469970109 0
7910 0.01866792541076095 0.9533216939940221 0
7911 0.01866855478280799 0.9549825409910332 0
7912 0.01866918415485536 0.9566433879880444 0
7913 0.01866981352690245 0.9583042349850552 0
7914 0.01867044289894954 0.9599650819820664 0
7915 0.01867107227099662 0.9616259289790774 0
7916 0.01867170164304371 0.9632867759760887 0
7917 0.01867233101509091 0.9649476229730997 0
7918 0.01867296038713806 0.9666084699701109 0
7919 0.01867358975918515 0.9682693169671218 0
7920 0.01867421913123235 0.9699301639641329 0
7921 0.01867484850327944 0.9715910109611442 0
7922 0.01867547787532658 0.9732518579581552 0
7923 0.01867610724737373 0.9749127049551664 0
7924 0.01867673661942088 0.9765735519521773 0
7925 0.01867736599146791 0.9782343989491884 0
7926 0.018677995363515 0.9798952459461995 0
7927 0.01867862473556225 0.9815560929432107 0
7928 0.01867925410760946 0.9832169399402217 0
7929 0.01867988347965649 0.9848777869372328 0
7930 0.01868051285170358 0.9865386339342438 0
7931 0.01868114222375078 0.988199480931255 0
7932 0.01868177159579792 0.9898603279282659 0
7933 0.01868240096784507 0.9915211749252771 0
7934 0.01868303033989221 0.9931820219222881 0
7935 0.01868365971193936 0.9948428689192994 0
7936 0.01868428908398651 0.9965037159163105 0
7937 0.01868491845603365 0.9981645629133215 0
7938 0.02133403993359356 0.9516590655331948 0
7939 0.02133474653385375 0.9533181310663895 0
7940 0.02133545313411406 0.9549771965995847 0
7941 0.02133615973437442 0.9566362621327796 0
7942 0.02133686633463455 0.9582953276659745 0
7943 0.02133757293489474 0.9599543931991691 0
7944 0.02133827953515494 0.9616134587323643 0
7945 0.02133898613541529 0.9632725242655591 0
7946 0.02133969273567538 0.964931589798754 0
7947 0.02134039933593568 0.966590655331949 0
7948 0.02134110593619587 0.9682497208651439 0
7949 0.02134181253645612 0.9699087863983384 0
7950 0.02134251913671636 0.9715678519315335 0
7951 0.02134322573697667 0.9732269174647284 0
7952 0.02134393233723675 0.9748859829979234 0
7953 0.02134463893749705 0.9765450485311183 0
7954 0.02134534553775741 0.9782041140643128 0
7955 0.0213460521380176 0.9798631795975081 0
7956 0.02134675873827779 0.9815222451307027 0
7957 0.0213474653385381 0.9831813106638977 0
7958 0.02134817193879829 0.9848403761970926 0
7959 0.02134887853905848 0.9864994417302876 0
7960 0.02134958513931878 0.9881585072634823 0
7961 0.02135029173957897 0.9898175727966773 0
7962 0.02135099833983917 0.9914766383298722 0
7963 0.02135170494009953 0.9931357038630669 0
7964 0.02135241154035972 0.9947947693962619 0
7965 0.02135311814061985 0.9964538349294568 0
7966 0.02135382474088021 0.9981129004626517 0
7967 0.0240007787558259 0.9516570465792389 0
7968 0.02400155751165184 0.9533140931584773 0
7969 0.02400233626747783 0.9549711397377164 0
7970 0.02400311502330377 0.9566281863169547 0
7971 0.0240038937791297 0.9582852328961935 0
7972 0.02400467253495547 0.9599422794754323 0
7973 0.02400545129078152 0.9615993260546711 0
7974 0.02400623004660735 0.9632563726339096 0
7975 0.02400700880243345 0.9649134192131483 0
7976 0.02400778755825922 0.966570465792387 0
7977 0.02400856631408532 0.9682275123716259 0
7978 0.02400934506991126 0.9698845589508645 0
7979 0.02401012382573714 0.971541605530103 0
7980 0.02401090258156308 0.9731986521093418 0
7981 0.02401168133738896 0.9748556986885807 0
7982 0.02401246009321489 0.9765127452678192 0
7983 0.02401323884904089 0.9781697918470579 0
7984 0.02401401760486682 0.9798268384262968 0
7985 0.02401479636069276 0.9814838850055354 0
7986 0.02401557511651864 0.983140931584774 0
7987 0.02401635387234463 0.9847979781640126 0
7988 0.02401713262817057 0.9864550247432513 0
7989 0.02401791138399634 0.9881120713224901 0
7990 0.02401869013982244 0.9897691179017288 0
7991 0.02401946889564838 0.9914261644809675 0
7992 0.02402024765147437 0.9930832110602063 0
7993 0.02402102640730014 0.994740257639445 0
7994 0.02402180516312619 0.9963973042186837 0
7995 0.02402258391895201 0.9980543507979224 0
7996 0.02666751187144539 0.9516547901495301 0
7997 0.02666835707622395 0.9533095802990603 0
7998 0.02666920228100256 0.9549643704485908 0
7999 0.02667004748578111 0.9566191605981209 0
8000 0.02667089269055972 0.9582739507476512 0
8001 0.02667173789533828 0.9599287408971815 0
8002 0.02667258310011694 0.9615835310467119 0
8003 0.0266734283048955 0.9632383211962421 0
8004 0.02667427350967394 0.9648931113457723 0
8005 0.02667511871445255 0.9665479014953026 0
8006 0.02667596391923122 0.9682026916448327 0
8007 0.02667680912400977 0.969857481794363 0
8008 0.02667765432878849 0.9715122719438934 0
8009 0.02667849953356705 0.9731670620934236 0
8010 0.02667934473834555 0.974821852242954 0
8011 0.02668018994312421 0.9764766423924841 0
8012 0.02668103514790293 0.9781314325420145 0
8013 0.02668188035268143 0.9797862226915446 0
8014 0.02668272555746004 0.9814410128410751 0
8015 0.02668357076223865 0.9830958029906052 0
8016 0.02668441596701726 0.9847505931401356 0
8017 0.02668526117179587 0.9864053832896656 0
8018 0.02668610637657437 0.9880601734391961 0
8019 0.02668695158135298 0.9897149635887262 0
8020 0.02668779678613148 0.9913697537382565 0
8021 0.0266886419909102 0.9930245438877867 0
8022 0.0266894871956887 0.9946793340373171 0
8023 0.02669033240046731 0.9963341241868474 0
8024 0.02669117760524597 0.9979889143363777 0
8025 0.02933423864652651 0.9516522962601498 0
8026 0.02933514395971953 0.9533045925202992 0
8027 0.02933604927291272 0.9549568887804488 0
8028 0.02933695458610586 0.9566091850405984 0
8029 0.02933785989929899 0.958261481300748 0
8030 0.02933876521249229 0.9599137775608977 0
8031 0.02933967052568526 0.9615660738210473 0
8032 0.02934057583887845 0.9632183700811969 0
8033 0.02934148115207152 0.9648706663413466 0
8034 0.02934238646526482 0.9665229626014963 0
8035 0.02934329177845785 0.9681752588616457 0
8036 0.02934419709165098 0.9698275551217954 0
8037 0.02934510240484417 0.9714798513819453 0
8038 0.02934600771803725 0.9731321476420948 0
8039 0.02934691303123027 0.9747844439022444 0
8040 0.02934781834442363 0.9764367401623941 0
8041 0.02934872365761665 0.9780890364225435 0
8042 0.02934962897080978 0.9797413326826933 0
8043 0.02935053428400297 0.9813936289428431 0
8044 0.02935143959719605 0.9830459252029924 0
8045 0.02935234491038924 0.9846982214631422 0
8046 0.02935325022358232 0.9863505177232917 0
8047 0.02935415553677539 0.9880028139834413 0
8048 0.02935506084996858 0.9896551102435912 0
8049 0.02935596616316177 0.9913074065037407 0
8050 0.02935687147635485 0.9929597027638902 0
8051 0.02935777678954793 0.9946119990240401 0
8052 0.02935868210274112 0.9962642952841898 0
8053 0.02935958741593431 0.9979165915443392 0
8054 0.03200095844718964 0.9516495649288692 0
8055 0.03200191689437959 0.953299129857738 0
8056 0.0320028753415692 0.9549486947866072 0
8057 0.03200383378875893 0.9565982597154763 0
8058 0.03200479223594882 0.9582478246443453 0
8059 0.03200575068313866 0.9598973895732144 0
8060 0.03200670913032827 0.9615469545020834 0
8061 0.03200766757751811 0.9631965194309525 0
8062 0.03200862602470794 0.9648460843598217 0
8063 0.03200958447189767 0.9664956492886908 0
8064 0.0320105429190875 0.9681452142175598 0
8065 0.03201150136627717 0.969794779146429 0
8066 0.03201245981346695 0.9714443440752981 0
8067 0.03201341826065673 0.973093909004167 0
8068 0.03201437670784663 0.9747434739330362 0
8069 0.03201533515503624 0.9763930388619053 0
8070 0.03201629360222608 0.9780426037907741 0
8071 0.0320172520494158 0.9796921687196434 0
8072 0.03201821049660553 0.9813417336485125 0
8073 0.03201916894379536 0.9829912985773817 0
8074 0.03202012739098509 0.9846408635062507 0
8075 0.03202108583817498 0.9862904284351197 0
8076 0.0320220442853647 0.9879399933639886 0
8077 0.03202300273255454 0.9895895582928579 0
8078 0.03202396117974421 0.9912391232217269 0
8079 0.03202491962693399 0.9928886881505959 0
8080 0.03202587807412377 0.9945382530794651 0
8081 0.0320268365213135 0.9961878180083342 0
8082 0.03202779496850339 0.9978373829372033 0
8083 0.03466767063960502 0.951646596175153 0
8084 0.03466867461254336 0.9532931923503057 0
8085 0.03466967858548164 0.9549397885254587 0
8086 0.03467068255841999 0.9565863847006115 0
8087 0.03467168653135833 0.9582329808757649 0
8088 0.03467269050429661 0.959879577050918 0
8089 0.03467369447723484 0.9615261732260708 0
8090 0.03467469845017324 0.9631727694012236 0
8091 0.03467570242311141 0.9648193655763766 0
8092 0.03467670639604969 0.9664659617515297 0
8093 0.03467771036898809 0.9681125579266826 0
8094 0.03467871434192638 0.9697591541018356 0
8095 0.03467971831486466 0.9714057502769886 0
8096 0.034680722287803 0.9730523464521416 0
8097 0.03468172626074129 0.9746989426272946 0
8098 0.03468273023367963 0.9763455388024475 0
8099 0.03468373420661791 0.9779921349776005 0
8100 0.03468473817955625 0.9796387311527536 0
8101 0.03468574215249459 0.9812853273279064 0
8102 0.03468674612543293 0.9829319235030594 0
8103 0.03468775009837116 0.9845785196782125 0
8104 0.03468875407130939 0.9862251158533653 0
8105 0.03468975804424773 0.9878717120285182 0
8106 0.03469076201718607 0.9895183082036713 0
8107 0.03469176599012441 0.9911649043788243 0
8108 0.03469276996306275 0.9928115005539772 0
8109 0.03469377393600098 0.9944580967291302 0
8110 0.03469477790893921 0.9961046929042833 0
8111 0.03469578188187755 0.9977512890794362 0
8112 0.03733437458999628 0.9516433900201577 0
8113 0.03733541584665911 0.9532867800403153 0
8114 0.03733645710332195 0.9549301700604728 0
8115 0.03733749835998484 0.9565735600806304 0
8116 0.03733853961664779 0.958216950100788 0
8117 0.03733958087331068 0.9598603401209459 0
8118 0.03734062212997341 0.9615037301411034 0
8119 0.03734166338663641 0.9631471201612609 0
8120 0.03734270464329931 0.9647905101814188 0
8121 0.0373437458999622 0.9664339002015763 0
8122 0.03734478715662504 0.9680772902217338 0
8123 0.03734582841328793 0.9697206802418914 0
8124 0.03734686966995077 0.9713640702620493 0
8125 0.03734791092661355 0.9730074602822069 0
8126 0.0373489521832765 0.9746508503023644 0
8127 0.03734999343993939 0.9762942403225219 0
8128 0.03735103469660239 0.9779376303426798 0
8129 0.03735207595326517 0.9795810203628375 0
8130 0.03735311720992807 0.9812244103829951 0
8131 0.03735415846659096 0.9828678004031527 0
8132 0.03735519972325391 0.9845111904233103 0
8133 0.03735624097991674 0.986154580443468 0
8134 0.03735728223657969 0.9877979704636256 0
8135 0.03735832349324258 0.9894413604837832 0
8136 0.03735936474990548 0.9910847505039407 0
8137 0.03736040600656837 0.9927281405240982 0
8138 0.03736144726323126 0.9943715305442561 0
8139 0.03736248851989404 0.9960149205644139 0
8140 0.03736352977655705 0.9976583105845714 0
8141 0.04000106966464628 0.9516399464867313 0
8142 0.04000213932929259 0.9532798929734624 0
8143 0.04000320899393878 0.9549198394601937 0
8144 0.04000427865858514 0.9565597859469246 0
8145 0.04000534832323149 0.958199732433656 0
8146 0.04000641798787768 0.9598396789203872 0
8147 0.04000748765252393 0.9614796254071182 0
8148 0.04000855731717018 0.9631195718938493 0
8149 0.04000962698181648 0.9647595183805805 0
8150 0.04001069664646273 0.9663994648673117 0
8151 0.04001176631110909 0.9680394113540428 0
8152 0.04001283597575539 0.9696793578407741 0
8153 0.04001390564040153 0.9713193043275052 0
8154 0.04001497530504783 0.9729592508142363 0
8155 0.04001604496969419 0.9745991973009676 0
8156 0.04001711463434049 0.9762391437876989 0
8157 0.04001818429898668 0.9778790902744299 0
8158 0.04001925396363298 0.9795190367611611 0
8159 0.04002032362827929 0.9811589832478924 0
8160 0.04002139329292559 0.9827989297346236 0
8161 0.04002246295757189 0.9844388762213547 0
8162 0.04002353262221808 0.9860788227080858 0
8163 0.04002460228686439 0.9877187691948169 0
8164 0.04002567195151069 0.9893587156815481 0
8165 0.04002674161615688 0.9909986621682793 0
8166 0.04002781128080329 0.9926386086550104 0
8167 0.04002888094544949 0.9942785551417418 0
8168 0.04002995061009584 0.9959185016284726 0
8169 0.04003102027474209 0.9975584481152041 0
8170 0.04266775522990113 0.9516362655994135 0
8171 0.04266884379313568 0.9532725311988267 0
8172 0.0426699323563704 0.95490879679824 0
8173 0.0426710209196049 0.9565450623976534 0
8174 0.04267210948283939 0.9581813279970666 0
8175 0.04267319804607389 0.9598175935964801 0
8176 0.0426742866093085 0.9614538591958934 0
8177 0.04267537517254305 0.9630901247953069 0
8178 0.04267646373577755 0.9647263903947201 0
8179 0.04267755229901221 0.9663626559941335 0
8180 0.04267864086224654 0.9679989215935468 0
8181 0.04267972942548115 0.96963518719296 0
8182 0.04268081798871565 0.9712714527923736 0
8183 0.0426819065519502 0.9729077183917868 0
8184 0.04268299511518475 0.9745439839912003 0
8185 0.0426840836784193 0.9761802495906134 0
8186 0.0426851722416538 0.977816515190027 0
8187 0.04268626080488847 0.9794527807894402 0
8188 0.04268734936812307 0.9810890463888536 0
8189 0.04268843793135746 0.9827253119882668 0
8190 0.04268952649459196 0.9843615775876804 0
8191 0.04269061505782662 0.9859978431870936 0
8192 0.04269170362106117 0.9876341087865069 0
8193 0.04269279218429561 0.9892703743859205 0
8194 0.04269388074753017 0.9909066399853337 0
8195 0.04269496931076472 0.992542905584747 0
8196 0.04269605787399927 0.9941791711841605 0
8197 0.04269714643723371 0.9958154367835738 0
8198 0.04269823500046838 0.9974517023829871 0
8199 0.04533443065217485 0.9516323473844354 0
8200 0.04533552797101653 0.9532646947688708 0
8201 0.04533662528985799 0.9548970421533064 0
8202 0.04533772260869956 0.9565293895377416 0
8203 0.04533881992754107 0.9581617369221767 0
8204 0.04533991724638259 0.9597940843066123 0
8205 0.04534101456522427 0.9614264316910475 0
8206 0.04534211188406573 0.963058779075483 0
8207 0.04534320920290735 0.9646911264599183 0
8208 0.04534430652174887 0.9663234738443537 0
8209 0.04534540384059044 0.9679558212287893 0
8210 0.04534650115943201 0.9695881686132244 0
8211 0.04534759847827358 0.9712205159976597 0
8212 0.04534869579711504 0.9728528633820952 0
8213 0.04534979311595649 0.9744852107665306 0
8214 0.04535089043479806 0.9761175581509659 0
8215 0.04535198775363963 0.9777499055354014 0
8216 0.0453530850724812 0.9793822529198368 0
8217 0.04535418239132277 0.981014600304272 0
8218 0.0453552797101644 0.9826469476887075 0
8219 0.04535637702900591 0.9842792950731427 0
8220 0.04535747434784743 0.9859116424575782 0
8221 0.04535857166668905 0.9875439898420137 0
8222 0.04535966898553062 0.9891763372264489 0
8223 0.04536076630437208 0.9908086846108843 0
8224 0.04536186362321371 0.9924410319953196 0
8225 0.04536296094205516 0.994073379379755 0
8226 0.04536405826089679 0.9957057267641904 0
8227 0.0453651555797383 0.9973380741486259 0
8228 0.04800109529795338 0.9516281918697198 0
8229 0.04800219059590682 0.9532563837394393 0
8230 0.04800328589386016 0.9548845756091593 0
8231 0.04800438119181355 0.9565127674788789 0
8232 0.04800547648976694 0.9581409593485986 0
8233 0.04800657178772044 0.9597691512183184 0
8234 0.04800766708567372 0.9613973430880383 0
8235 0.04800876238362711 0.963025534957758 0
8236 0.04800985768158039 0.9646537268274776 0
8237 0.04801095297953384 0.9662819186971976 0
8238 0.04801204827748723 0.9679101105669172 0
8239 0.04801314357544051 0.9695383024366369 0
8240 0.04801423887339384 0.9711664943063565 0
8241 0.04801533417134729 0.9727946861760762 0
8242 0.04801642946930063 0.974422878045796 0
8243 0.04801752476725402 0.9760510699155159 0
8244 0.04801862006520746 0.9776792617852356 0
8245 0.04801971536316091 0.9793074536549554 0
8246 0.04802081066111419 0.9809356455246752 0
8247 0.04802190595906752 0.9825638373943947 0
8248 0.04802300125702103 0.9841920292641145 0
8249 0.04802409655497436 0.9858202211338343 0
8250 0.0480251918529277 0.9874484130035541 0
8251 0.04802628715088114 0.9890766048732736 0
8252 0.04802738244883459 0.9907047967429934 0
8253 0.04802847774678781 0.9923329886127132 0
8254 0.04802957304474126 0.993961180482433 0
8255 0.04803066834269459 0.9955893723521527 0
8256 0.04803176364064793 0.9972175642218726 0
8257 0.05066774853379974 0.95162379908488 0
8258 0.05066883040093256 0.9532475981697597 0
8259 0.05066991226806566 0.95487139725464 0
8260 0.05067099413519854 0.95649519633952 0
8261 0.05067207600233153 0.9581189954243998 0
8262 0.05067315786946469 0.95974279450928 0
8263 0.05067423973659752 0.96136659359416 0
8264 0.05067532160373045 0.9629903926790402 0
8265 0.0506764034708635 0.9646141917639202 0
8266 0.05067748533799649 0.9662379908488 0
8267 0.05067856720512937 0.9678617899336799 0
8268 0.05067964907226252 0.96948558901856 0
8269 0.05068073093939546 0.9711093881034403 0
8270 0.05068181280652845 0.9727331871883199 0
8271 0.05068289467366144 0.9743569862732 0
8272 0.05068397654079443 0.9759807853580801 0
8273 0.05068505840792742 0.9776045844429601 0
8274 0.05068614027506041 0.9792283835278403 0
8275 0.05068722214219329 0.98085218261272 0
8276 0.05068830400932633 0.9824759816976001 0
8277 0.05068938587645933 0.9840997807824801 0
8278 0.05069046774359232 0.98572357986736 0
8279 0.05069154961072525 0.9873473789522399 0
8280 0.0506926314778583 0.9889711780371201 0
8281 0.05069371334499123 0.9905949771220003 0
8282 0.05069479521212428 0.9922187762068798 0
8283 0.05069587707925732 0.9938425752917602 0
8284 0.05069695894639031 0.99546637437664 0
8285 0.0506980408135233 0.99709017346152 0
8286 0.05333438972635796 0.9516191690612207 0
8287 0.05333544611938235 0.9532383381224411 0
8288 0.0533365025124069 0.9548575071836619 0
8289 0.05333755890543163 0.9564766762448825 0
8290 0.05333861529845607 0.9580958453061029 0
8291 0.05333967169148063 0.9597150143673238 0
8292 0.05334072808450507 0.9613341834285444 0
8293 0.05334178447752974 0.9629533524897647 0
8294 0.05334284087055413 0.9645725215509855 0
8295 0.05334389726357885 0.9661916906122061 0
8296 0.0533449536566033 0.9678108596734265 0
8297 0.05334601004962797 0.9694300287346471 0
8298 0.05334706644265241 0.971049197795868 0
8299 0.05334812283567708 0.9726683668570885 0
8300 0.05334917922870158 0.9742875359183094 0
8301 0.05335023562172592 0.9759067049795297 0
8302 0.05335129201475058 0.9775258740407503 0
8303 0.05335234840777503 0.9791450431019711 0
8304 0.0533534048007997 0.9807642121631914 0
8305 0.0533544611938242 0.9823833812244122 0
8306 0.05335551758684881 0.9840025502856327 0
8307 0.05335657397987331 0.9856217193468534 0
8308 0.05335763037289781 0.9872408884080739 0
8309 0.05335868676592243 0.9888600574692946 0
8310 0.05335974315894693 0.9904792265305153 0
8311 0.05336079955197143 0.9920983955917356 0
8312 0.05336185594499604 0.9937175646529564 0
8313 0.05336291233802054 0.9953367337141771 0
8314 0.05336396873104504 0.9969559027753976 0
8315 0.05600101824235809 0.9516143018317365 0
8316 0.0560020364847163 0.9532286036634731 0
8317 0.05600305472707445 0.9548429054952097 0
8318 0.05600407296943261 0.9564572073269464 0
8319 0.05600509121179076 0.958071509158683 0
8320 0.0560061094541488 0.9596858109904197 0
8321 0.05600712769650706 0.9613001128221562 0
8322 0.05600814593886527 0.9629144146538929 0
8323 0.05600916418122331 0.9645287164856297 0
8324 0.05601018242358158 0.9661430183173662 0
8325 0.05601120066593962 0.9677573201491029 0
8326 0.05601221890829788 0.9693716219808393 0
8327 0.05601323715065604 0.9709859238125762 0
8328 0.05601425539301425 0.9726002256443126 0
8329 0.05601527363537229 0.9742145274760493 0
8330 0.0560162918777305 0.975828829307786 0
8331 0.0560173101200887 0.9774431311395225 0
8332 0.0560183283624468 0.9790574329712592 0
8333 0.05601934660480501 0.9806717348029957 0
8334 0.05602036484716311 0.9822860366347324 0
8335 0.05602138308952131 0.9839003384664688 0
8336 0.05602240133187952 0.9855146402982057 0
8337 0.05602341957423751 0.9871289421299424 0
8338 0.05602443781659572 0.9887432439616789 0
8339 0.05602545605895393 0.9903575457934155 0
8340 0.05602647430131213 0.9919718476251521 0
8341 0.05602749254367018 0.9935861494568888 0
8342 0.05602851078602838 0.9952004512886252 0
8343 0.05602952902838654 0.9968147531203622 0
8344 0.0586676334486208 0.9516091974311135 0
8345 0.05866860023057496 0.953218394862227 0
8346 0.05866956701252918 0.9548275922933406 0
8347 0.05867053379448323 0.956436789724454 0
8348 0.05867150057643739 0.9580459871555678 0
8349 0.05867246735839138 0.9596551845866812 0
8350 0.05867343414034565 0.9612643820177948 0
8351 0.05867440092229981 0.9628735794489082 0
8352 0.05867536770425402 0.9644827768800216 0
8353 0.05867633448620818 0.9660919743111352 0
8354 0.05867730126816234 0.9677011717422487 0
8355 0.0586782680501165 0.9693103691733622 0
8356 0.05867923483207055 0.970919566604476 0
8357 0.05868020161402482 0.9725287640355891 0
8358 0.05868116839597898 0.9741379614667028 0
8359 0.05868213517793319 0.9757471588978164 0
8360 0.05868310195988719 0.9773563563289298 0
8361 0.05868406874184146 0.9789655537600433 0
8362 0.05868503552379556 0.980574751191157 0
8363 0.05868600230574977 0.9821839486222704 0
8364 0.05868696908770388 0.9837931460533841 0
8365 0.05868793586965809 0.9854023434844975 0
8366 0.05868890265161214 0.9870115409156109 0
8367 0.05868986943356641 0.9886207383467246 0
8368 0.05869083621552046 0.990229935777838 0
8369 0.05869180299747467 0.9918391332089515 0
8370 0.05869276977942878 0.9934483306400651 0
8371 0.05869373656138294 0.9950575280711789 0
8372 0.05869470334333715 0.9966667255022922 0
8373 0.06133423471206106 0.9516038558957268 0
8374 0.061335136090789 0.9532077117914538 0
8375 0.06133603746951688 0.9548115676871807 0
8376 0.06133693884824476 0.9564154235829077 0
8377 0.06133784022697253 0.9580192794786347 0
8378 0.0613387416057003 0.9596231353743617 0
8379 0.06133964298442807 0.9612269912700886 0
8380 0.06134054436315595 0.9628308471658157 0
8381 0.06134144574188383 0.9644347030615426 0
8382 0.06134234712061165 0.9660385589572698 0
8383 0.06134324849933948 0.9676424148529963 0
8384 0.0613441498780673 0.9692462707487233 0
8385 0.06134505125679512 0.9708501266444504 0
8386 0.061345952635523 0.9724539825401772 0
8387 0.06134685401425077 0.9740578384359043 0
8388 0.06134775539297854 0.9756616943316311 0
8389 0.06134865677170642 0.9772655502273582 0
8390 0.06134955815043425 0.9788694061230854 0
8391 0.06135045952916213 0.9804732620188119 0
8392 0.06135136090788984 0.982077117914539 0
8393 0.06135226228661772 0.9836809738102659 0
8394 0.0613531636653456 0.9852848297059928 0
8395 0.06135406504407326 0.9868886856017199 0
8396 0.06135496642280119 0.988492541497447 0
8397 0.06135586780152902 0.9900963973931738 0
8398 0.06135676918025695 0.9917002532889005 0
8399 0.06135767055898461 0.9933041091846279 0
8400 0.06135857193771249 0.9949079650803546 0
8401 0.06135947331644032 0.9965118209760816 0
8402 0.06400082139969371 0.9515982772636422 0
8403 0.06400164279938741 0.9531965545272849 0
8404 0.06400246419908123 0.9547948317909273 0
8405 0.06400328559877505 0.9563931090545699 0
8406 0.06400410699846876 0.9579913863182121 0
8407 0.06400492839816252 0.9595896635818546 0
8408 0.06400574979785628 0.9611879408454972 0
8409 0.06400657119754999 0.9627862181091394 0
8410 0.06400739259724381 0.964384495372782 0
8411 0.06400821399693746 0.9659827726364244 0
8412 0.06400903539663116 0.9675810499000668 0
8413 0.06400985679632504 0.9691793271637092 0
8414 0.06401067819601863 0.9707776044273518 0
8415 0.06401149959571245 0.9723758816909942 0
8416 0.06401232099540616 0.9739741589546366 0
8417 0.06401314239509986 0.9755724362182789 0
8418 0.06401396379479368 0.9771707134819215 0
8419 0.06401478519448744 0.978768990745564 0
8420 0.06401560659418126 0.9803672680092063 0
8421 0.06401642799387497 0.9819655452728488 0
8422 0.06401724939356862 0.9835638225364914 0
8423 0.06401807079326233 0.9851620998001338 0
8424 0.06401889219295614 0.9867603770637762 0
8425 0.06401971359265002 0.9883586543274184 0
8426 0.06402053499234373 0.9899569315910611 0
8427 0.06402135639203743 0.9915552088547035 0
8428 0.06402217779173119 0.9931534861183461 0
8429 0.0640229991914249 0.9947517633819886 0
8430 0.06402382059111866 0.9963500406456309 0
8431 0.06666739287863699 0.951592461574615 0
8432 0.06666811909060733 0.9531849231492303 0
8433 0.06666884530257777 0.9547773847238458 0
8434 0.06666957151454811 0.9563698462984606 0
8435 0.06667029772651833 0.957962307873076 0
8436 0.06667102393848873 0.9595547694476912 0
8437 0.06667175015045912 0.961147231022306 0
8438 0.0666724763624294 0.9627396925969214 0
8439 0.06667320257439979 0.9643321541715367 0
8440 0.06667392878637013 0.9659246157461518 0
8441 0.06667465499834052 0.9675170773207671 0
8442 0.06667538121031097 0.9691095388953821 0
8443 0.06667610742228114 0.9707020004699974 0
8444 0.06667683363425164 0.9722944620446126 0
8445 0.06667755984622181 0.9738869236192277 0
8446 0.06667828605819232 0.975479385193843 0
8447 0.06667901227016265 0.977071846768458 0
8448 0.06667973848213299 0.9786643083430733 0
8449 0.06668046469410327 0.9802567699176884 0
8450 0.06668119090607366 0.9818492314923035 0
8451 0.06668191711804394 0.9834416930669189 0
8452 0.06668264333001434 0.9850341546415341 0
8453 0.06668336954198467 0.9866266162161491 0
8454 0.06668409575395501 0.9882190777907645 0
8455 0.06668482196592529 0.9898115393653796 0
8456 0.06668554817789568 0.9914040009399947 0
8457 0.06668627438986602 0.9929964625146098 0
8458 0.06668700060183647 0.9945889240892252 0
8459 0.0666877268138068 0.9961813856638403 0
8460 0.0693339485161179 0.9515864088700896 0
8461 0.06933456369890256 0.9531728177401791 0
8462 0.06933517888168689 0.9547592266102691 0
8463 0.06933579406447155 0.9563456354803583 0
8464 0.06933640924725615 0.9579320443504481 0
8465 0.06933702443004064 0.9595184532205381 0
8466 0.06933763961282519 0.9611048620906276 0
8467 0.06933825479560973 0.9626912709607174 0
8468 0.06933886997839422 0.9642776798308069 0
8469 0.06933948516117877 0.9658640887008967 0
8470 0.06934010034396326 0.9674504975709864 0
8471 0.06934071552674792 0.9690369064410761 0
8472 0.06934133070953247 0.9706233153111657 0
8473 0.06934194589231679 0.9722097241812554 0
8474 0.06934256107510145 0.973796133051345 0
8475 0.06934317625788594 0.9753825419214347 0
8476 0.06934379144067054 0.9769689507915243 0
8477 0.06934440662345526 0.9785553596616141 0
8478 0.06934502180623969 0.9801417685317036 0
8479 0.06934563698902413 0.9817281774017934 0
8480 0.06934625217180873 0.9833145862718831 0
8481 0.06934686735459339 0.9849009951419726 0
8482 0.06934748253737788 0.9864874040120624 0
8483 0.06934809772016237 0.9880738128821519 0
8484 0.06934871290294686 0.9896602217522416 0
8485 0.06934932808573147 0.9912466306223313 0
8486 0.06934994326851607 0.9928330394924209 0
8487 0.06935055845130056 0.9944194483625106 0
8488 0.06935117363408511 0.9960058572326003 0
8489 0.07200048767947603 0.9515801191931996 0
8490 0.07200097535895206 0.9531602383863989 0
8491 0.07200146303842808 0.9547403575795984 0
8492 0.07200195071790411 0.9563204767727979 0
8493 0.07200243839738002 0.9579005959659974 0
8494 0.07200292607685616 0.9594807151591971 0
8495 0.07200341375633207 0.9610608343523962 0
8496 0.07200390143580809 0.9626409535455956 0
8497 0.07200438911528406 0.9642210727387952 0
8498 0.0720048767947602 0.9658011919319948 0
8499 0.07200536447423611 0.9673813111251943 0
8500 0.07200585215371225 0.9689614303183937 0
8501 0.07200633983318822 0.9705415495115931 0
8502 0.07200682751266418 0.9721216687047926 0
8503 0.07200731519214032 0.9737017878979919 0
8504 0.07200780287161618 0.9752819070911917 0
8505 0.07200829055109226 0.9768620262843911 0
8506 0.07200877823056823 0.9784421454775905 0
8507 0.07200926591004425 0.9800222646707899 0
8508 0.07200975358952033 0.9816023838639893 0
8509 0.07201024126899619 0.9831825030571889 0
8510 0.07201072894847221 0.9847626222503882 0
8511 0.07201121662794824 0.9863427414435878 0
8512 0.07201170430742426 0.9879228606367871 0
8513 0.07201219198690029 0.9895029798299868 0
8514 0.07201267966637631 0.9910830990231864 0
8515 0.07201316734585234 0.9926632182163856 0
8516 0.07201365502532825 0.9942433374095851 0
8517 0.07201414270480438 0.9958234566027845 0
8518 0.07466700973616863 0.9515735925887669 0
8519 0.07466735280567049 0.9531471851775336 0
8520 0.07466769587517252 0.9547207777663006 0
8521 0.07466803894467455 0.9562943703550674 0
8522 0.07466838201417647 0.9578679629438344 0
8523 0.07466872508367839 0.9594415555326014 0
8524 0.07466906815318042 0.9610151481213682 0
8525 0.07466941122268239 0.9625887407101353 0
8526 0.07466975429218425 0.9641623332989021 0
8527 0.07467009736168623 0.9657359258876689 0
8528 0.07467044043118837 0.9673095184764356 0
8529 0.07467078350069023 0.9688831110652028 0
8530 0.07467112657019215 0.9704567036539695 0
8531 0.07467146963969401 0.9720302962427364 0
8532 0.07467181270919593 0.9736038888315035 0
8533 0.07467215577869801 0.9751774814202703 0
8534 0.07467249884820004 0.9767510740090373 0
8535 0.07467284191770196 0.9783246665978041 0
8536 0.07467318498720382 0.9798982591865709 0
8537 0.07467352805670585 0.9814718517753378 0
8538 0.07467387112620782 0.9830454443641048 0
8539 0.07467421419570974 0.9846190369528718 0
8540 0.07467455726521177 0.9861926295416388 0
8541 0.07467490033471369 0.9877662221304055 0
8542 0.07467524340421561 0.9893398147191724 0
8543 0.07467558647371769 0.9909134073079394 0
8544 0.07467592954321967 0.9924869998967062 0
8545 0.07467627261272164 0.9940605924854732 0
8546 0.07467661568222356 0.9956341850742402 0
8547 0.0773335140537747 0.9515668291033027 0
8548 0.07733369477421609 0.9531336582066053 0
8549 0.07733387549465737 0.954700487309908 0
8550 0.07733405621509887 0.9562673164132106 0
8551 0.07733423693554015 0.9578341455165134 0
8552 0.07733441765598159 0.9594009746198161 0
8553 0.07733459837642293 0.9609678037231187 0
8554 0.07733477909686426 0.9625346328264213 0
8555 0.07733495981730559 0.964101461929724 0
8556 0.07733514053774709 0.965668291033027 0
8557 0.07733532125818837 0.9672351201363294 0
8558 0.07733550197862987 0.9688019492396324 0
8559 0.0773356826990711 0.970368778342935 0
8560 0.07733586341951254 0.9719356074462376 0
8561 0.07733604413995393 0.9735024365495404 0
8562 0.07733622486039538 0.9750692656528429 0
8563 0.07733640558083676 0.9766360947561455 0
8564 0.07733658630127815 0.9782029238594485 0
8565 0.07733676702171938 0.9797697529627508 0
8566 0.07733694774216077 0.9813365820660537 0
8567 0.07733712846260216 0.9829034111693563 0
8568 0.0773373091830436 0.9844702402726587 0
8569 0.07733748990348494 0.9860370693759617 0
8570 0.07733767062392621 0.9876038984792642 0
8571 0.07733785134436771 0.9891707275825672 0
8572 0.07733803206480899 0.9907375566858697 0
8573 0.07733821278525049 0.9923043857891727 0
8574 0.07733839350569177 0.9938712148924753 0
8575 0.07733857422613316 0.9954380439957778 0
8576 0.2001614967445797 0.8074348890898559 0
8577 0.1986416326593254 0.809265220111326 0
8578 0.1971217301670926 0.8110953999675108 0
8579 0.1956017895949577 0.8129254285756853 0
8580 0.194081811270176 0.8147553058538328 0
8581 0.1925617955201787 0.816585031720644 0
8582 0.1910417426725725 0.8184146060955184 0
8583 0.1895216530551377 0.8202440288985642 0
8584 0.1880015269958266 0.8220733000505989 0
8585 0.1864813648227619 0.8239024194731497 0
8586 0.1849611668642354 0.8257313870884535 0
8587 0.1834409334487063 0.8275602028194579 0
8588 0.1819206649047998 0.8293888665898206 0
8589 0.1804003615613052 0.8312173783239105 0
8590 0.178880023747175 0.8330457379468086 0
8591 0.1773596517915228 0.8348739453843066 0
8592 0.1758392460236218 0.8367020005629089 0
8593 0.1743188067729035 0.8385299034098319 0
8594 0.1727983343689563 0.8403576538530055 0
8595 0.1712778291415236 0.8421852518210717 0
8596 0.1697572914205022 0.844012697243387 0
8597 0.168236721535941 0.8458399900500208 0
8598 0.1667161198180396 0.8476671301717571 0
8599 0.1651954865971463 0.849494117540094 0
8600 0.163674822203757 0.8513209520872445 0
8601 0.1621541269685134 0.8531476337461368 0
8602 0.1606334012222015 0.8549741624504142 0
8603 0.15911264529575 0.8568005381344359 0
8604 0.1575918595202289 0.8586267607332768 0
8605 0.1560710442268477 0.8604528301827284 0
8606 0.1545501997469542 0.8622787464192989 0
8607 0.153029326412033 0.8641045093802129 0
8608 0.1515084245537029 0.8659301190034122 0
8609 0.149987494503717 0.867755575227557 0
8610 0.1484665365939601 0.8695808779920239 0
8611 0.1469455511564469 0.8714060272369086 0
8612 0.1454245385233217 0.8732310229030247 0
8613 0.143903499026855 0.8750558649319045 0
8614 0.1423824329994442 0.8768805532657989 0
8615 0.1408613407736101 0.8787050878476783 0
8616 0.1393402226819958 0.8805294686212326 0
8617 0.1378190790573663 0.8823536955308708 0
8618 0.1362979102326056 0.8841777685217224 0
8619 0.1347767165407154 0.8860016875396368 0
8620 0.1332554983148141 0.8878254525311841 0
8621 0.1317342558881349 0.8896490634436546 0
8622 0.130212989594024 0.8914725202250603 0
8623 0.1286916997659393 0.8932958228241338 0
8624 0.1271703867374491 0.8951189711903289 0
8625 0.1256490508422298 0.8969419652738221 0
8626 0.1241276924140653 0.8987648050255106 0
8627 0.1226063117868447 0.9005874903970146 0
8628 0.1210849092945609 0.902410021340676 0
8629 0.1195634852713092 0.9042323978095599 0
8630 0.1180420400512855 0.9060546197574537 0
8631 0.1165205739687852 0.9078766871388682 0
8632 0.1149990873582009 0.909698599909037 0
8633 0.1134775805540216 0.9115203580239175 0
8634 0.1119560538908304 0.9133419614401905 0
8635 0.110434507703304 0.9151634101152609 0
8636 0.1089129423262098 0.9169847040072568 0
8637 0.1073913580944053 0.9188058430750322 0
8638 0.1058697553428358 0.9206268272781639 0
8639 0.104348134406534 0.9224476565769545 0
8640 0.1028264956206172 0.92426833093243 0
8641 0.1013048393202864 0.9260888503063431 0
8642 0.09978316584082392 0.9279092146611703 0
8643 0.09826147551759368 0.929729423960114 0
8644 0.09673976868603723 0.9315494781671022 0
8645 0.09521804568167402 0.9333693772467886 0
8646 0.09369630684009911 0.9351891211645521 0
8647 0.09217455249698153 0.9370087098864985 0
8648 0.09065278298806256 0.9388281433794597 0
8649 0.08913099864915525 0.9406474216109929 0
8650 0.0876091998161414 0.9424665445493824 0
8651 0.08608738682497064 0.9442855121636398 0
8652 0.08456556001165894 0.9461043244235028 0
8653 0.08304371971228719 0.9479229812994355 0
8654 0.08152186626299901 0.9497414827626304 0
8655 0.2018229934891593 0.8129947781797116 0
8656 0.2002832653186509 0.8147804402226517 0
8657 0.1987434603341852 0.8165657999350215 0
8658 0.1972035791899155 0.8183508571513707 0
8659 0.1956636225403519 0.8201356117076655 0
8660 0.1941235910403572 0.8219200634412877 0
8661 0.192583485345145 0.8237042121910365 0
8662 0.1910433061102754 0.8254880577971282 0
8663 0.1895030539916532 0.8272716001011977 0
8664 0.1879627296455238 0.8290548389462993 0
8665 0.1864223337284708 0.830837774176907 0
8666 0.1848818668974127 0.8326204056389155 0
8667 0.1833413298095996 0.834402733179641 0
8668 0.1818007231226105 0.8361847566478213 0
8669 0.1802600474943501 0.8379664758936172 0
8670 0.1787193035830455 0.8397478907686131 0
8671 0.1771784920472435 0.8415290011258175 0
8672 0.175637613545807 0.8433098068196637 0
8673 0.1740966687379128 0.8450903077060109 0
8674 0.1725556582830472 0.8468705036421436 0
8675 0.1710145828410043 0.8486503944867738 0
8676 0.1694734430718818 0.8504299801000416 0
8677 0.1679322396360791 0.852209260343514 0
8678 0.1663909731942926 0.8539882350801877 0
8679 0.1648496444075141 0.8557669041744889 0
8680 0.1633082539370269 0.8575452674922734 0
8681 0.1617668024444032 0.8593233249008283 0
8682 0.1602252905915001 0.8611010762688716 0
8683 0.1586837190404577 0.8628785214665535 0
8684 0.1571420884536954 0.8646556603654567 0
8685 0.1556003994939086 0.8664324928385976 0
8686 0.1540586528240659 0.8682090187604252 0
8687 0.1525168491074058 0.8699852380068244 0
8688 0.1509749890074342 0.8717611504551135 0
8689 0.1494330731879202 0.8735367559840478 0
8690 0.1478911023128939 0.8753120544738171 0
8691 0.1463490770466432 0.8770870458060493 0
8692 0.1448069980537102 0.8788617298638087 0
8693 0.1432648659988885 0.8806361065315976 0
8694 0.14172268154722 0.8824101756953566 0
8695 0.1401804453639917 0.884183937242465 0
8696 0.1386381581147327 0.8859573910617414 0
8697 0.1370958204652112 0.8877305370434446 0
8698 0.1355534330814309 0.8895033750792736 0
8699 0.1340109966296284 0.891275905062368 0
8700 0.1324685117762698 0.8930481268873092 0
8701 0.1309259791880479 0.8948200404501204 0
8702 0.1293833995318786 0.8965916456482671 0
8703 0.127840773474898 0.8983629423806578 0
8704 0.1262981016844596 0.9001339305476439 0
8705 0.1247553848281307 0.901904610051021 0
8706 0.1232126235736896 0.9036749807940287 0
8707 0.1216698185891219 0.905445042681352 0
8708 0.1201269705426185 0.9072147956191198 0
8709 0.1185840801025711 0.9089842395149074 0
8710 0.1170411479375703 0.9107533742777363 0
8711 0.1154981747164017 0.912522199818074 0
8712 0.1139551611080432 0.9142907160478347 0
8713 0.112412107781661 0.9160589228803807 0
8714 0.1108690154066082 0.9178268202305213 0
8715 0.1093258846524197 0.9195944080145138 0
8716 0.1077827161888105 0.9213616861500645 0
8717 0.1062395106856719 0.923128654556328 0
8718 0.1046962688130682 0.9248953131539086 0
8719 0.1031529912412347 0.9266616618648601 0
8720 0.1016096786405726 0.9284277006126858 0
8721 0.1000663316816479 0.9301934293223403 0
8722 0.09852295103518738 0.931958847920228 0
8723 0.09697953737207443 0.9337239563342044 0
8724 0.09543609136334796 0.9354887544935769 0
8725 0.09389261368019813 0.9372532423291042 0
8726 0.09234910499396282 0.9390174197729972 0
8727 0.09080556597612544 0.940781286758919 0
8728 0.08926199729831058 0.9425448432219852 0
8729 0.08771839963228278 0.9443080890987647 0
8730 0.08617477364994108 0.9460710243272797 0
8731 0.08463112002331785 0.9478336488470054 0
8732 0.08308743942457431 0.9495959625988711 0
8733 0.08154373252599789 0.9513579655252608 0
8734 0.203484490233739 0.8185546672695674 0
8735 0.2019248979779763 0.8202956603339776 0
8736 0.2003651905012776 0.822036199902532 0
8737 0.1988053687848733 0.8237762857270559 0
8738 0.1972454338105278 0.8255159175614982 0
8739 0.1956853865605359 0.8272550951619316 0
8740 0.1941252280177174 0.8289938182865546 0
8741 0.192564959165413 0.830732086695692 0
8742 0.1910045809874798 0.8324699001517966 0
8743 0.1894440944682856 0.834207258419449 0
8744 0.1878835005927062 0.8359441612653606 0
8745 0.186322800346119 0.8376806084583733 0
8746 0.1847619947143995 0.8394165997694615 0
8747 0.1832010846839159 0.8411521349717317 0
8748 0.1816400712415252 0.8428872138404258 0
8749 0.1800789553745684 0.8446218361529197 0
8750 0.1785177380708653 0.8463560016887264 0
8751 0.1769564203187106 0.8480897102294958 0
8752 0.1753950031068691 0.8498229615590163 0
8753 0.1738334874245707 0.8515557554632152 0
8754 0.1722718742615063 0.8532880917301608 0
8755 0.1707101646078228 0.8550199701500625 0
8756 0.1691483594541187 0.856751390515271 0
8757 0.1675864597914389 0.8584823526202817 0
8758 0.1660244666112711 0.8602128562617333 0
8759 0.1644623809055405 0.8619429012384101 0
8760 0.1629002036666047 0.8636724873512424 0
8761 0.1613379358872501 0.8654016144033072 0
8762 0.1597755785606866 0.8671302821998302 0
8763 0.1582131326805431 0.8688584905481853 0
8764 0.156650599240863 0.8705862392578962 0
8765 0.1550879792360988 0.872313528140638 0
8766 0.1535252736611088 0.8740403570102366 0
8767 0.1519624835111512 0.8757667256826704 0
8768 0.1503996097818801 0.8774926339760715 0
8769 0.1488366534693408 0.8792180817107257 0
8770 0.1472736155699648 0.8809430687090739 0
8771 0.1457104970805652 0.8826675947957131 0
8772 0.1441472989983327 0.8843916597973965 0
8773 0.1425840223208301 0.8861152635430348 0
8774 0.1410206680459876 0.8878384058636974 0
8775 0.1394572371720992 0.8895610865926122 0
8776 0.1378937306978167 0.8912833055651671 0
8777 0.1363301496221463 0.8930050626189104 0
8778 0.1347664949444426 0.8947263575935519 0
8779 0.1332027676644048 0.8964471903309639 0
8780 0.131638968782072 0.8981675606751808 0
8781 0.1300750992978179 0.8998874684724008 0
8782 0.128511160212347 0.9016069135709867 0
8783 0.1269471525266895 0.9033258958214658 0
8784 0.1253830772421962 0.9050444150765314 0
8785 0.1238189353605344 0.9067624711910434 0
8786 0.1222547278836829 0.9084800640220279 0
8787 0.1206904558139277 0.9101971934286794 0
8788 0.1191261201538567 0.9119138592723612 0
8789 0.1175617219063554 0.9136300614166043 0
8790 0.1159972620746026 0.9153457997271107 0
8791 0.1144327416620648 0.9170610740717523 0
8792 0.1128681616724915 0.9187758843205712 0
8793 0.1113035231099123 0.9204902303457819 0
8794 0.1097388269786296 0.9222041120217707 0
8795 0.1081740742832157 0.9239175292250966 0
8796 0.1066092660285077 0.9256304818344918 0
8797 0.1050444032196025 0.9273429697308628 0
8798 0.1034794868618519 0.9290549927972901 0
8799 0.1019145179608588 0.9307665509190289 0
8800 0.1003494975224719 0.9324776439835105 0
8801 0.09878442655278097 0.9341882718803419 0
8802 0.09721930605811158 0.9358984345013066 0
8803 0.09565413704502207 0.9376081317403655 0
8804 0.09408892052029721 0.9393173634936564 0
8805 0.09252365749094443 0.9410261296594958 0
8806 0.09095834896418792 0.9427344301383785 0
8807 0.08939299594746591 0.944442264832978 0
8808 0.08782759944842428 0.9461496336481474 0
8809 0.08626216047491164 0.9478565364909197 0
8810 0.08469668003497671 0.9495629732705081 0
8811 0.08313115913686125 0.9512689438983069 0
8812 0.08156559878899688 0.9529744482878907 0
8813 0.2051459869783186 0.824114556359423 0
8814 0.2035665306373017 0.8258108804453035 0
8815 0.2019869206683702 0.8275065998700427 0
8816 0.200407158379831 0.829201714302741 0
8817 0.1988272450807038 0.8308962234153308 0
8818 0.1972471820807146 0.8325901268825754 0
8819 0.1956669706902899 0.8342834243820728 0
8820 0.1940866122205507 0.8359761155942561 0
8821 0.1925061079833063 0.8376682002023952 0
8822 0.1909254592910476 0.8393596778925985 0
8823 0.1893446674569416 0.8410505483538141 0
8824 0.1877637337948253 0.8427408112778313 0
8825 0.1861826596191993 0.844430466359282 0
8826 0.1846014462452211 0.8461195132956423 0
8827 0.1830200949887003 0.8478079517872341 0
8828 0.1814386071660912 0.8494957815372262 0
8829 0.1798569840944871 0.8511830022516351 0
8830 0.1782752270916141 0.8528696136393277 0
8831 0.1766933374758255 0.8545556154120215 0
8832 0.1751113165660944 0.856241007284287 0
8833 0.1735291656820085 0.8579257889735479 0
8834 0.1719468861437638 0.8596099602000831 0
8835 0.1703644792721581 0.8612935206870279 0
8836 0.1687819463885852 0.8629764701603755 0
8837 0.1671992888150282 0.8646588083489776 0
8838 0.165616507874054 0.8663405349845466 0
8839 0.1640336048888063 0.8680216498016564 0
8840 0.1624505811830002 0.8697021525377429 0
8841 0.1608674380809155 0.8713820429331068 0
8842 0.159284176907391 0.8730613207309135 0
8843 0.1577007989878171 0.8747399856771951 0
8844 0.1561173056481317 0.8764180375208508 0
8845 0.1545336982148116 0.8780954760136486 0
8846 0.1529499780148683 0.879772300910227 0
8847 0.1513661463758402 0.8814485119680951 0
8848 0.1497822046257877 0.883124108947634 0
8849 0.1481981540932863 0.8847990916120985 0
8850 0.1466139961074204 0.8864734597276174 0
8851 0.1450297319977769 0.8881472130631951 0
8852 0.1434453630944401 0.8898203513907132 0
8853 0.1418608907279834 0.8914928744849298 0
8854 0.1402763162294656 0.8931647821234827 0
8855 0.1386916409304224 0.8948360740868893 0
8856 0.1371068661628619 0.8965067501585471 0
8857 0.1355219932592569 0.8981768101247358 0
8858 0.1339370235525397 0.8998462537746184 0
8859 0.1323519583760959 0.901515080900241 0
8860 0.1307667990637573 0.9031832912965344 0
8861 0.1291815469497961 0.9048508847613156 0
8862 0.1275962033689194 0.9065178610952875 0
8863 0.1260107696562617 0.9081842201020418 0
8864 0.1244252471473793 0.9098499615880575 0
8865 0.1228396371782439 0.9115150853627035 0
8866 0.121253941085237 0.9131795912382394 0
8867 0.1196681602051423 0.9148434790298148 0
8868 0.1180822958751407 0.9165067485554727 0
8869 0.1164963494328036 0.9181693996361479 0
8870 0.1149103222160862 0.9198314320956698 0
8871 0.1133242155633221 0.9214928457607616 0
8872 0.1117380308132163 0.9231536404610426 0
8873 0.1101517693048394 0.9248138160290277 0
8874 0.1085654323776209 0.9264733723001288 0
8875 0.1069790213713437 0.9281323091126561 0
8876 0.1053925376261364 0.9297906263078174 0
8877 0.1038059824824693 0.9314483237297199 0
8878 0.1022193572811452 0.9331054012253717 0
8879 0.1006326633632959 0.9347618586446806 0
8880 0.0990459020703745 0.936417695840456 0
8881 0.09745907474414889 0.9380729126684088 0
8882 0.09587218272669623 0.939727508987154 0
8883 0.09428522736039646 0.9413814846582087 0
8884 0.09269820998792583 0.9430348395459945 0
8885 0.09111113195225068 0.9446875735178381 0
8886 0.08952399459662125 0.9463396864439708 0
8887 0.08793679926456549 0.9479911781975298 0
8888 0.08634954729988226 0.9496420486545595 0
8889 0.08476224004663568 0.9512922976940107 0
8890 0.08317487884914837 0.9529419251977422 0
8891 0.08158746505199593 0.9545909310505211 0
8892 0.2068074837228983 0.8296744454492787 0
8893 0.2052081632966271 0.8313261005566293 0
8894 0.2036086508354628 0.8329769998375534 0
8895 0.2020089479747887 0.8346271428784265 0
8896 0.2004090563508796 0.8362765292691636 0
8897 0.1988089776008932 0.8379251586032191 0
8898 0.1972087133628624 0.8395730304775911 0
8899 0.1956082652756884 0.8412201444928202 0
8900 0.194007634979133 0.842866500252994 0
8901 0.1924068241138095 0.8445120973657481 0
8902 0.190805834321177 0.8461569354422677 0
8903 0.1892046672435317 0.8478010140972891 0
8904 0.1876033245239991 0.8494443329491024 0
8905 0.1860018078065264 0.851086891619553 0
8906 0.1844001187358754 0.8527286897340428 0
8907 0.182798258957614 0.8543697269215327 0
8908 0.1811962301181088 0.8560100028145439 0
8909 0.1795940338645177 0.8576495170491595 0
8910 0.1779916718447819 0.859288269265027 0
8911 0.1763891457076179 0.8609262591053587 0
8912 0.1747864571025106 0.8625634862169347 0
8913 0.1731836076797048 0.8641999502501038 0
8914 0.1715805990901977 0.8658356508587849 0
8915 0.1699774329857315 0.8674705877004694 0
8916 0.1683741110187853 0.8691047604362221 0
8917 0.1667706348425675 0.8707381687306834 0
8918 0.1651670061110078 0.8723708122520706 0
8919 0.1635632264787502 0.8740026906721787 0
8920 0.1619592976011443 0.8756338036663835 0
8921 0.1603552211342387 0.8772641509136421 0
8922 0.1587509987347715 0.8788937320964939 0
8923 0.1571466320601646 0.8805225469010634 0
8924 0.1555421227685147 0.8821505950170608 0
8925 0.1539374725185852 0.8837778761377839 0
8926 0.1523326829698002 0.8854043899601191 0
8927 0.1507277557822346 0.8870301361845427 0
8928 0.149122692616608 0.8886551145151231 0
8929 0.1475174951342754 0.8902793246595218 0
8930 0.1459121649972212 0.891902766328994 0
8931 0.1443067038680501 0.8935254392383916 0
8932 0.1427011134099793 0.8951473431061623 0
8933 0.141095395286832 0.8967684776543534 0
8934 0.139489551163028 0.8983888426086116 0
8935 0.1378835827035774 0.9000084376981838 0
8936 0.136277491574071 0.90162726265592 0
8937 0.1346712794406746 0.9032453172182731 0
8938 0.13306494797012 0.9048626011253011 0
8939 0.1314584988296966 0.9064791141206681 0
8940 0.1298519336872452 0.9080948559516445 0
8941 0.1282452542111491 0.9097098263691097 0
8942 0.1266384620703271 0.9113240251275523 0
8943 0.125031558934224 0.9129374519850723 0
8944 0.1234245464728049 0.9145501067033797 0
8945 0.1218174263565462 0.9161619890477991 0
8946 0.1202102002564278 0.9177730987872686 0
8947 0.1186028698439259 0.9193834356943408 0
8948 0.1169954367910045 0.9209929995451848 0
8949 0.1153879027701077 0.9226017901195872 0
8950 0.1137802694541526 0.9242098072009519 0
8951 0.1121725385165203 0.9258170505763031 0
8952 0.1105647116310493 0.9274235200362846 0
8953 0.1089567904720263 0.9290292153751613 0
8954 0.1073487767141795 0.93063413639082 0
8955 0.1057406720326706 0.9322382828847717 0
8956 0.1041324781030865 0.9338416546621502 0
8957 0.1025241966014316 0.935444251531715 0
8958 0.10091582920412 0.9370460733058509 0
8959 0.09930737758796809 0.9386471198005698 0
8960 0.09769884343018603 0.940247390835511 0
8961 0.09609022840837023 0.9418468862339425 0
8962 0.09448153420049538 0.9434456058227608 0
8963 0.09287276248490722 0.9450435494324934 0
8964 0.09126391494031327 0.9466407168972976 0
8965 0.08965499324577647 0.9482371080549631 0
8966 0.08804599908070682 0.9498327227469122 0
8967 0.08643693412485282 0.9514275608181993 0
8968 0.08482780005829449 0.9530216221175134 0
8969 0.08321859856143554 0.9546149064971781 0
8970 0.08160933131499493 0.9562074138131514 0
8971 0.2084689804674779 0.8352343345391344 0
8972 0.2068497959559525 0.8368413206679552 0
8973 0.2052303810025553 0.838447399805064 0
8974 0.2036107375697465 0.8400525714541118 0
8975 0.2019908676210556 0.8416568351229963 0
8976 0.2003707731210719 0.8432601903238631 0
8977 0.1987504560354349 0.8448626365731093 0
8978 0.1971299183308261 0.8464641733913842 0
8979 0.1955091619749595 0.8480648003035929 0
8980 0.1938881889365713 0.8496645168388978 0
8981 0.1922670011854125 0.8512633225307211 0
8982 0.190645600692238 0.8528612169167469 0
8983 0.1890239894287989 0.8544581995389229 0
8984 0.1874021693678317 0.8560542699434636 0
8985 0.1857801424830504 0.8576494276808515 0
8986 0.1841579107491368 0.8592436723058393 0
8987 0.1825354761417305 0.8608370033774526 0
8988 0.1809128406374211 0.8624294204589915 0
8989 0.1792900062137383 0.8640209231180324 0
8990 0.1776669748491415 0.8656115109264304 0
8991 0.1760437485230127 0.8672011834603218 0
8992 0.1744203292156456 0.8687899403001246 0
8993 0.1727967189082373 0.8703777810305419 0
8994 0.1711729195828778 0.8719647052405631 0
8995 0.1695489332225423 0.8735507125234665 0
8996 0.167924761811081 0.8751358024768201 0
8997 0.1663004073332094 0.8767199747024846 0
8998 0.1646758717745002 0.8783032288066146 0
8999 0.1630511571213732 0.8798855643996603 0
9000 0.1614262653610863 0.8814669810963703 0
9001 0.1598011984817259 0.8830474785157927 0
9002 0.1581759584721975 0.8846270562812761 0
9003 0.1565505473222176 0.8862057140204731 0
9004 0.1549249670223024 0.8877834513653408 0
9005 0.1532992195637602 0.8893602679521428 0
9006 0.1516733069386816 0.8909361634214512 0
9007 0.1500472311399295 0.8925111374181478 0
9008 0.1484209941611305 0.894085189591426 0
9009 0.1467945979966654 0.8956583195947928 0
9010 0.14516804464166 0.8972305270860698 0
9011 0.1435413360919752 0.8988018117273949 0
9012 0.1419144743441984 0.9003721731852243 0
9013 0.1402874613956336 0.9019416111303339 0
9014 0.1386602992442929 0.9035101252378206 0
9015 0.1370329898888853 0.9050777151871039 0
9016 0.1354055353288095 0.9066443806619278 0
9017 0.1337779375641439 0.9082101213503615 0
9018 0.1321501985956359 0.9097749369448018 0
9019 0.1305223204246941 0.9113388271419733 0
9020 0.1288943050533791 0.9129017916429316 0
9021 0.1272661544843925 0.9144638301530629 0
9022 0.1256378707210689 0.9160249423820862 0
9023 0.1240094557673659 0.9175851280440555 0
9024 0.1223809116278554 0.919144386857359 0
9025 0.1207522403077134 0.9207027185447222 0
9026 0.1191234438127109 0.9222601228332089 0
9027 0.1174945241492053 0.9238165994542217 0
9028 0.1158654833241293 0.9253721481435045 0
9029 0.1142363233449831 0.9269267686411425 0
9030 0.1126070462198244 0.9284804606915638 0
9031 0.1109776539572591 0.9300332240435415 0
9032 0.1093481485664315 0.9315850584501935 0
9033 0.1077185320570154 0.933135963668984 0
9034 0.1060888064392049 0.9346859394617258 0
9035 0.1044589737237039 0.9362349855945801 0
9036 0.1028290359217178 0.9377831018380579 0
9037 0.101198995044944 0.939330287967021 0
9038 0.09956885310556168 0.9408765437606837 0
9039 0.09793861211622323 0.9424218690026133 0
9040 0.09630827409004422 0.9439662634807311 0
9041 0.09467784104059457 0.9455097269873132 0
9042 0.09304731498188878 0.9470522593189921 0
9043 0.09141669792837587 0.9485938602767571 0
9044 0.0897859918949318 0.9501345296659559 0
9045 0.08815519889684825 0.9516742672962947 0
9046 0.08652432094982343 0.9532130729818393 0
9047 0.08489336006995346 0.9547509465410163 0
9048 0.08326231827372266 0.9562878877966134 0
9049 0.08163119757799397 0.9578238965757817 0
9050 0.2101304772120576 0.8407942236289903 0
9051 0.208491428615278 0.842356540779281 0
9052 0.2068521111696479 0.8439177997725744 0
9053 0.2052125271647043 0.845478000029797 0
9054 0.2035726788912315 0.8470371409768289 0
9055 0.2019325686412504 0.8485952220445068 0
9056 0.2002921987080073 0.8501522426686274 0
9057 0.1986515713859638 0.8517082022899481 0
9058 0.1970106889707861 0.8532631003541917 0
9059 0.1953695537593332 0.8548169363120475 0
9060 0.1937281680496478 0.8563697096191746 0
9061 0.1920865341409443 0.8579214197362045 0
9062 0.1904446543335987 0.8594720661287433 0
9063 0.188802530929137 0.861021648267374 0
9064 0.1871601662302255 0.8625701656276599 0
9065 0.1855175625406596 0.8641176176901457 0
9066 0.1838747221653523 0.8656640039403612 0
9067 0.1822316474103247 0.8672093238688232 0
9068 0.1805883405826947 0.8687535769710377 0
9069 0.1789448039906651 0.8702967627475021 0
9070 0.1773010399435148 0.8718388807037085 0
9071 0.1756570507515866 0.8733799303501453 0
9072 0.1740128387262768 0.8749199112022987 0
9073 0.1723684061800241 0.876458822780657 0
9074 0.1707237554262994 0.8779966646107109 0
9075 0.1690788887795945 0.8795334362229568 0
9076 0.1674338085554109 0.8810691371528988 0
9077 0.1657885170702502 0.8826037669410501 0
9078 0.1641430166416021 0.884137325132937 0
9079 0.1624973095879341 0.8856698112790988 0
9080 0.1608513982286803 0.8872012249350913 0
9081 0.1592052848842305 0.8887315656614886 0
9082 0.1575589718759205 0.8902608330238853 0
9083 0.1559124615260195 0.8917890265928974 0
9084 0.1542657561577203 0.8933161459441666 0
9085 0.1526188580951285 0.8948421906583597 0
9086 0.1509717696632512 0.8963671603211723 0
9087 0.1493244931879856 0.8978910545233304 0
9088 0.1476770309961097 0.8994138728605914 0
9089 0.1460293854152701 0.900935614933748 0
9090 0.1443815587739711 0.9024562803486272 0
9091 0.1427335534015648 0.9039758687160949 0
9092 0.1410853716282394 0.9054943796520563 0
9093 0.1394370157850084 0.9070118127774573 0
9094 0.1377884882036995 0.9085281677182878 0
9095 0.1361397912169445 0.9100434441055822 0
9096 0.134490927158168 0.9115576415754216 0
9097 0.1328418983615751 0.913070759768935 0
9098 0.1311927071621432 0.9145827983323022 0
9099 0.129543355895609 0.9160937569167535 0
9100 0.127893846898458 0.9176036351785732 0
9101 0.1262441825079135 0.9191124327791008 0
9102 0.1245943650619268 0.9206201493847315 0
9103 0.1229443968991647 0.9221267846669187 0
9104 0.1212942803589989 0.9236323383021759 0
9105 0.1196440177814962 0.9251368099720769 0
9106 0.1179936115074063 0.9266401993632586 0
9107 0.1163430638781509 0.9281425061674219 0
9108 0.1146923772358136 0.9296437300813328 0
9109 0.1130415539231285 0.9311438708068244 0
9110 0.1113905962834691 0.9326429280507983 0
9111 0.1097395066608368 0.9341409015252257 0
9112 0.1080882873998515 0.9356377909471479 0
9113 0.1064369408457388 0.9371335960386803 0
9114 0.1047854693443211 0.9386283165270101 0
9115 0.1031338752420041 0.9401219521444006 0
9116 0.1014821608857679 0.9416145026281911 0
9117 0.0998303286231555 0.9431059677207977 0
9118 0.09817838080226049 0.9445963471697155 0
9119 0.09652631977171838 0.9460856407275194 0
9120 0.09487414788069365 0.9475738481518653 0
9121 0.09322186747887024 0.9490609692054904 0
9122 0.09156948091643863 0.9505470036562166 0
9123 0.08991699054408714 0.9520319512769487 0
9124 0.08826439871298969 0.9535158118456771 0
9125 0.08661170777479393 0.9549985851454792 0
9126 0.08495892008161227 0.9564802709645192 0
9127 0.08330603798600972 0.9579608690960491 0
9128 0.0816530638409928 0.9594403793384121 0
9129 0.2117919739566373 0.8463541127188461 0
9130 0.2101330612746034 0.8478717608906068 0
9131 0.2084738413367404 0.8493881997400852 0
9132 0.206814316759662 0.8509034286054822 0
9133 0.2051544901614075 0.8524174468306617 0
9134 0.2034943641614291 0.8539302537651509 0
9135 0.2018339413805798 0.8554418487641455 0
9136 0.2001732244411014 0.8569522311885123 0
9137 0.1985122159666127 0.8584614004047905 0
9138 0.1968509185820951 0.8599693557851971 0
9139 0.1951893349138833 0.8614760967076281 0
9140 0.1935274675896507 0.8629816225556626 0
9141 0.1918653192383986 0.8644859327185638 0
9142 0.1902028924904423 0.8659890265912846 0
9143 0.1885401899774006 0.8674909035744685 0
9144 0.1868772143321824 0.8689915630744522 0
9145 0.1852139681889741 0.8704910045032699 0
9146 0.1835504541832282 0.8719892272786551 0
9147 0.181886674951651 0.873486230824043 0
9148 0.1802226331321887 0.8749820145685738 0
9149 0.1785583313640169 0.8764765779470955 0
9150 0.1768937722875275 0.8779699204001662 0
9151 0.1752289585443164 0.8794620413740557 0
9152 0.1735638927771704 0.8809529403207509 0
9153 0.1718985776300563 0.8824426166979553 0
9154 0.170233015748108 0.8839310699690935 0
9155 0.1685672097776125 0.8854182996033126 0
9156 0.1669011623660002 0.886904305075486 0
9157 0.165234876161831 0.8883890858662138 0
9158 0.1635683538147819 0.8898726414618273 0
9159 0.1619015979756344 0.89135497135439 0
9160 0.1602346112962634 0.8928360750417015 0
9161 0.1585673964296234 0.8943159520272974 0
9162 0.1568999560297366 0.8957946018204543 0
9163 0.1552322927516803 0.8972720239361904 0
9164 0.1535644092515754 0.8987482178952683 0
9165 0.1518963081865727 0.9002231832241969 0
9166 0.1502279922148407 0.9016969194552347 0
9167 0.1485594639955538 0.9031694261263905 0
9168 0.1468907261888802 0.9046407027814264 0
9169 0.145221781455967 0.9061107489698598 0
9170 0.1435526324589311 0.9075795642469657 0
9171 0.141883281860845 0.9090471481737786 0
9172 0.1402137323257239 0.910513500317094 0
9173 0.1385439865185138 0.911978620249472 0
9174 0.1368740471050795 0.9134425075492373 0
9175 0.135203916752192 0.914905161800482 0
9176 0.1335335981275145 0.9163665825930688 0
9177 0.1318630938995923 0.9178267695226309 0
9178 0.1301924067378389 0.9192857221905754 0
9179 0.1285215393125234 0.9207434402040839 0
9180 0.1268504942947584 0.9221999231761152 0
9181 0.1251792743564878 0.9236551707254071 0
9182 0.123507882170474 0.9251091824764787 0
9183 0.1218363204102845 0.9265619580596298 0
9184 0.1201645917502814 0.9280134971109451 0
9185 0.1184926988656071 0.9294637992722956 0
9186 0.1168206444321725 0.9309128641913392 0
9187 0.1151484311266442 0.9323606915215231 0
9188 0.1134760616264325 0.9338072809220853 0
9189 0.1118035386096789 0.9352526320580552 0
9190 0.1101308647552421 0.9366967446002578 0
9191 0.1084580427426873 0.9381396182253119 0
9192 0.106785075252273 0.9395812526156347 0
9193 0.1051119649649385 0.9410216474594403 0
9194 0.1034387145622904 0.9424608024507438 0
9195 0.1017653267265919 0.9438987172893613 0
9196 0.1000918041407491 0.9453353916809116 0
9197 0.09841814948829769 0.9467708253368177 0
9198 0.09674436545339221 0.9482050179743079 0
9199 0.09507045472079273 0.9496379693164173 0
9200 0.09339641997585163 0.9510696790919891 0
9201 0.09172226390450133 0.9525001470356761 0
9202 0.09004798919324247 0.9539293728879413 0
9203 0.0883735985291309 0.9553573563950595 0
9204 0.08669909459976444 0.9567840973091194 0
9205 0.08502448009327129 0.9582095953880219 0
9206 0.08334975769829683 0.9596338503954848 0
9207 0.08167493010399185 0.9610568621010425 0
9208 0.213453470701217 0.8519140018087019 0
9209 0.2117746939339288 0.853386981001933 0
9210 0.2100955715038329 0.8548585997075959 0
9211 0.2084161063546198 0.8563288571811676 0
9212 0.2067363014315833 0.8577977526844943 0
9213 0.2050561596816077 0.8592652854857946 0
9214 0.2033756840531523 0.8607314548596638 0
9215 0.2016948774962392 0.8621962600870763 0
9216 0.2000137429624393 0.8636597004553892 0
9217 0.198332283404857 0.8651217752583469 0
9218 0.1966505017781186 0.8665824837960816 0
9219 0.194968401038357 0.8680418253751201 0
9220 0.1932859841431984 0.8694997993083843 0
9221 0.1916032540517476 0.8709564049151953 0
9222 0.1899202137245756 0.872411641521277 0
9223 0.1882368661237052 0.8738655084587588 0
9224 0.1865532142125959 0.8753180050661786 0
9225 0.1848692609561319 0.8767691306884871 0
9226 0.1831850093206074 0.8782188846770485 0
9227 0.1815004622737123 0.8796672663896457 0
9228 0.179815622784519 0.8811142751904826 0
9229 0.1781304938234686 0.8825599104501867 0
9230 0.176445078362356 0.8840041715458127 0
9231 0.1747593793743167 0.8854470578608447 0
9232 0.1730733998338135 0.8868885687851997 0
9233 0.1713871427166215 0.8883287037152303 0
9234 0.1697006109998141 0.8897674620537269 0
9235 0.1680138076617503 0.8912048432099218 0
9236 0.1663267356820599 0.8926408465994905 0
9237 0.1646393980416296 0.8940754716445557 0
9238 0.1629517977225888 0.8955087177736889 0
9239 0.1612639377082963 0.896940584421914 0
9240 0.1595758209833264 0.8983710710307095 0
9241 0.1578874505334536 0.899800177048011 0
9242 0.1561988293456405 0.9012279019282141 0
9243 0.1545099604080224 0.9026542451321767 0
9244 0.1528208467098944 0.9040792061272216 0
9245 0.1511314912416958 0.905502784387139 0
9246 0.1494418969949982 0.9069249793921891 0
9247 0.1477520669624902 0.9083457906291044 0
9248 0.1460620041379628 0.9097652175910921 0
9249 0.1443717115162977 0.9111832597778363 0
9250 0.1426811920934506 0.9125999166955009 0
9251 0.1409904488664394 0.9140151878567309 0
9252 0.1392994848333279 0.9154290727806559 0
9253 0.1376083029932145 0.9168415709928918 0
9254 0.1359169063462158 0.9182526820255421 0
9255 0.1342252978934538 0.9196624054172023 0
9256 0.1325334806370413 0.9210707407129598 0
9257 0.1308414575800687 0.9224776874643971 0
9258 0.1291492317265887 0.9238832452295943 0
9259 0.1274568060816033 0.9252874135731296 0
9260 0.1257641836510487 0.9266901920660832 0
9261 0.1240713674417832 0.9280915802860384 0
9262 0.1223783604615701 0.9294915778170835 0
9263 0.1206851657190665 0.9308901842498133 0
9264 0.1189917862238081 0.9322873991813326 0
9265 0.1172982249861941 0.9336832222152568 0
9266 0.1156044850174747 0.9350776529617136 0
9267 0.1139105693297366 0.9364706910373458 0
9268 0.1122164809358888 0.9378623360653123 0
9269 0.1105222228496473 0.9392525876752899 0
9270 0.1088277980855232 0.9406414455034762 0
9271 0.1071332096588071 0.9420289091925889 0
9272 0.1054384605855557 0.9434149783918703 0
9273 0.1037435538825767 0.9447996527570868 0
9274 0.1020484925674158 0.9461829319505315 0
9275 0.1003532796583427 0.9475648156410256 0
9276 0.09865791817433489 0.9489453035039198 0
9277 0.09696241113506637 0.9503243952210965 0
9278 0.09526676156089187 0.9517020904809694 0
9279 0.09357097247283297 0.9530783889784876 0
9280 0.09187504689256393 0.9544532904151355 0
9281 0.0901789878423977 0.9558267944989339 0
9282 0.0884827983452724 0.957198900944442 0
9283 0.086786481424735 0.958569609472759 0
9284 0.08509004010493015 0.9599389198115245 0
9285 0.08339347741058406 0.9613068316949205 0
9286 0.08169679636699079 0.9626733448636725 0
9287 0.2151149674457967 0.8574738908985575 0
9288 0.2134163265932543 0.8589022011132589 0
9289 0.2117173016709255 0.8603289996751066 0
9290 0.2100178959495775 0.861754285756853 0
9291 0.2083181127017593 0.8631780585383271 0
9292 0.2066179552017864 0.8646003172064386 0
9293 0.2049174267257248 0.8660210609551822 0
9294 0.2032165305513769 0.8674402889856404 0
9295 0.2015152699582659 0.8688580005059882 0
9296 0.1998136482276189 0.8702741947314965 0
9297 0.198111668642354 0.8716888708845353 0
9298 0.1964093344870633 0.8731020281945781 0
9299 0.1947066490479983 0.8745136658982047 0
9300 0.1930036156130529 0.8759237832391059 0
9301 0.1913002374717507 0.8773323794680855 0
9302 0.189596517915228 0.8787394538430655 0
9303 0.1878924602362176 0.8801450056290875 0
9304 0.1861880677290354 0.881549034098319 0
9305 0.1844833436895638 0.8829515385300539 0
9306 0.1827782914152359 0.8843525182107173 0
9307 0.1810729142050212 0.8857519724338696 0
9308 0.1793672153594094 0.8871499005002076 0
9309 0.1776611981803956 0.8885463017175697 0
9310 0.1759548659714631 0.8899411754009388 0
9311 0.1742482220375705 0.8913345208724442 0
9312 0.172541269685135 0.8927263374613669 0
9313 0.1708340122220157 0.894116624504141 0
9314 0.1691264529575005 0.8955053813443575 0
9315 0.1674185952022888 0.8968926073327673 0
9316 0.1657104422684774 0.898278301827284 0
9317 0.1640019974695431 0.8996624641929876 0
9318 0.1622932641203292 0.9010450938021268 0
9319 0.1605842455370293 0.9024261900341217 0
9320 0.1588749450371707 0.903805752275568 0
9321 0.1571653659396005 0.905183779920238 0
9322 0.1554555115644693 0.9065602723690853 0
9323 0.153745385233216 0.9079352290302461 0
9324 0.1520349902685509 0.9093086493190434 0
9325 0.1503243299944424 0.9106805326579879 0
9326 0.1486134077361002 0.9120508784767827 0
9327 0.1469022268199587 0.9134196862123248 0
9328 0.1451907905736641 0.914786955308707 0
9329 0.1434791023260562 0.9161526852172232 0
9330 0.1417671654071548 0.9175168753963675 0
9331 0.1400549831481422 0.9188795253118399 0
9332 0.1383425588813494 0.9202406344365462 0
9333 0.1366298959402398 0.9216002022506022 0
9334 0.1349169976593931 0.922958228241336 0
9335 0.1332038673744904 0.9243147119032886 0
9336 0.1314905084222985 0.9256696527382192 0
9337 0.1297769241406542 0.9270230502551046 0
9338 0.128063117868448 0.928374903970144 0
9339 0.1263490929456098 0.9297252134067592 0
9340 0.1246348527130925 0.9310739780955981 0
9341 0.1229204005128556 0.9324211975745371 0
9342 0.1212057396878517 0.9337668713886814 0
9343 0.1194908735820089 0.9351109990903695 0
9344 0.1177758055402156 0.9364535802391741 0
9345 0.1160605389083052 0.9377946144019039 0
9346 0.1143450770330407 0.9391341011526065 0
9347 0.1126294232620986 0.9404720400725691 0
9348 0.1109135809440525 0.9418084307503222 0
9349 0.1091975534283591 0.94314327278164 0
9350 0.1074813440653413 0.9444765657695431 0
9351 0.105764956206173 0.9458083093243002 0
9352 0.1040483932028631 0.9471385030634297 0
9353 0.1023316584082399 0.9484671466117017 0
9354 0.1006147551759363 0.9497942396011395 0
9355 0.09889768686037209 0.9511197816710221 0
9356 0.09718045681674037 0.9524437724678848 0
9357 0.09546306840099095 0.9537662116455216 0
9358 0.09374552496981453 0.9550870988649868 0
9359 0.09202782988062652 0.9564064337945952 0
9360 0.09030998649155303 0.9577242161099266 0
9361 0.08859199816141367 0.9590404454938247 0
9362 0.0868738682497055 0.9603551216363988 0
9363 0.08515560011658896 0.9616682442350272 0
9364 0.08343719712287107 0.962979812994356 0
9365 0.08171866262998978 0.9642898276263027 0
9366 0.2167764641903763 0.8630337799884131 0
9367 0.2150579592525797 0.8644174212245845 0
9368 0.213339031838018 0.865799399642617 0
9369 0.2116196855445353 0.8671797143325382 0
9370 0.2098999239719352 0.8685583643921597 0
9371 0.208179750721965 0.8699353489270824 0
9372 0.2064591693982973 0.8713106670507003 0
9373 0.2047381836065146 0.8726843178842045 0
9374 0.2030167969540924 0.874056300556587 0
9375 0.2012950130503808 0.875426614204646 0
9376 0.1995728355065895 0.8767952579729889 0
9377 0.1978502679357697 0.8781622310140358 0
9378 0.1961273139527981 0.8795275324880252 0
9379 0.1944039771743582 0.8808911615630164 0
9380 0.1926802612189258 0.882253117414894 0
9381 0.1909561697067508 0.8836133992273717 0
9382 0.1892317062598393 0.8849720061919962 0
9383 0.1875068745019388 0.8863289375081509 0
9384 0.1857816780585202 0.8876841923830592 0
9385 0.1840561205567595 0.8890377700317891 0
9386 0.1823302056255234 0.8903896696772564 0
9387 0.1806039368953503 0.8917398905502283 0
9388 0.1788773179984351 0.8930884318893266 0
9389 0.1771503525686094 0.8944352929410324 0
9390 0.1754230442413276 0.8957804729596885 0
9391 0.1736953966536484 0.8971239712075036 0
9392 0.1719674134442172 0.8984657869545551 0
9393 0.1702390982532505 0.8998059194787933 0
9394 0.1685104547225176 0.9011443680660438 0
9395 0.1667814864953251 0.9024811320100122 0
9396 0.1650521972164974 0.9038162106122863 0
9397 0.1633225905323621 0.9051496031823394 0
9398 0.1615926700907323 0.9064813090375339 0
9399 0.1598624395408878 0.9078113275031245 0
9400 0.1581319025335606 0.9091396579122618 0
9401 0.1564010627209163 0.9104662996059937 0
9402 0.1546699237565377 0.9117912519332707 0
9403 0.152938489295406 0.9131145142509477 0
9404 0.1512067629938867 0.9144360859237867 0
9405 0.1494747485097101 0.9157559663244609 0
9406 0.1477424495019546 0.9170741548335569 0
9407 0.1460098696310304 0.9183906508395777 0
9408 0.1442770125586618 0.9197054537389454 0
9409 0.1425438819478703 0.9210185629360043 0
9410 0.1408104814629564 0.922329977843024 0
9411 0.1390768147694842 0.9236396978802008 0
9412 0.1373428855342639 0.9249477224756627 0
9413 0.1356086974253324 0.9262540510654695 0
9414 0.1338742541119395 0.9275586830936176 0
9415 0.1321395592645284 0.928861618012041 0
9416 0.1304046165547196 0.9301628552806152 0
9417 0.1286694296552929 0.9314623943671584 0
9418 0.1269340022401708 0.9327602347474352 0
9419 0.1251983379844016 0.9340563759051582 0
9420 0.1234624405641412 0.9353508173319905 0
9421 0.1217263136566369 0.9366435585275495 0
9422 0.1199899609402099 0.9379345989994065 0
9423 0.1182533860942371 0.9392239382630917 0
9424 0.1165165927991357 0.9405115758420944 0
9425 0.1147795847363448 0.941797511267867 0
9426 0.1130423655883085 0.9430817440798261 0
9427 0.1113049390384578 0.9443642738253542 0
9428 0.1095673087711949 0.9456451000598038 0
9429 0.1078294784718754 0.9469242223464975 0
9430 0.1060914518267904 0.94820164025673 0
9431 0.1043532325231493 0.9494773533697727 0
9432 0.1026148242490639 0.9507513612728719 0
9433 0.1008762306935299 0.9520236635612536 0
9434 0.09913745554640924 0.9532942598381243 0
9435 0.09739850249841436 0.9545631497146733 0
9436 0.09565937524109008 0.9558303328100738 0
9437 0.09392007746679604 0.9570958087514851 0
9438 0.09218061286868923 0.9583595771740548 0
9439 0.09044098514070836 0.9596216377209194 0
9440 0.0887011979775551 0.9608819900432068 0
9441 0.08696125507467611 0.9621406338000387 0
9442 0.08522116012824799 0.9633975686585298 0
9443 0.08348091683515807 0.9646527942937915 0
9444 0.08174052889298877 0.965906310388933 0
9445 0.218437960934956 0.8685936690782692 0
9446 0.2166995919119052 0.8699326413359105 0
9447 0.2149607620051106 0.8712697996101277 0
9448 0.213221475139493 0.8726051429082233 0
9449 0.2114817352421112 0.8739386702459924 0
9450 0.2097415462421436 0.8752703806477262 0
9451 0.2080009120708697 0.8766002731462184 0
9452 0.2062598366616522 0.8779283467827683 0
9453 0.2045183239499189 0.8792546006071859 0
9454 0.2027763778731427 0.8805790336777957 0
9455 0.2010340023708249 0.8819016450614423 0
9456 0.199291201384476 0.8832224338334937 0
9457 0.1975479788575979 0.8845413990778457 0
9458 0.1958043387356635 0.885858539886927 0
9459 0.1940602849661009 0.8871738553617026 0
9460 0.1923158214982736 0.8884873446116783 0
9461 0.1905709522834611 0.8897990067549051 0
9462 0.1888256812748424 0.8911088409179828 0
9463 0.1870800124274766 0.8924168462360645 0
9464 0.185333949698283 0.893723021852861 0
9465 0.1835874970460254 0.8950273669206434 0
9466 0.1818406584312913 0.8963298806002491 0
9467 0.1800934378164745 0.8976305620610836 0
9468 0.1783458391657557 0.8989294104811263 0
9469 0.1765978664450846 0.900226425046933 0
9470 0.174849523622162 0.9015216049536401 0
9471 0.1731008146664188 0.9028149494049691 0
9472 0.1713517435490005 0.9041064576132289 0
9473 0.1696023142427465 0.9053961287993206 0
9474 0.1678525307221729 0.9066839621927408 0
9475 0.1661023969634517 0.9079699570315852 0
9476 0.1643519169443951 0.9092541125625521 0
9477 0.1626010946444352 0.9105364280409459 0
9478 0.1608499340446048 0.9118169027306815 0
9479 0.1590984391275206 0.9130955359042857 0
9480 0.1573466138773632 0.9143723268429024 0
9481 0.1555944622798592 0.9156472748362954 0
9482 0.1538419883222611 0.9169203791828519 0
9483 0.1520891959933308 0.9181916391895856 0
9484 0.1503360892833202 0.9194610541721393 0
9485 0.1485826721839505 0.9207286234547895 0
9486 0.1468289486883969 0.9219943463704484 0
9487 0.1450749227912674 0.9232582222606679 0
9488 0.1433205984885858 0.9245202504756411 0
9489 0.1415659797777706 0.9257804303742078 0
9490 0.1398110706576192 0.9270387613238553 0
9491 0.1380558751282878 0.9282952427007227 0
9492 0.1363003971912717 0.9295498738896031 0
9493 0.1345446408493884 0.9308026542839464 0
9494 0.1327886101067581 0.9320535832858632 0
9495 0.1310323089687851 0.9333026603061256 0
9496 0.1292757414421377 0.9345498847641726 0
9497 0.1275189115347317 0.935795256088111 0
9498 0.1257618232557109 0.937038773714718 0
9499 0.1240044806154268 0.9382804370894444 0
9500 0.1222468876254221 0.9395202456664177 0
9501 0.1204890482984108 0.9407581989084434 0
9502 0.1187309666482588 0.9419942962870089 0
9503 0.1169726466899663 0.9432285372822848 0
9504 0.1152140924396489 0.9444609213831278 0
9505 0.1134553079145184 0.9456914480870829 0
9506 0.1116962971328631 0.9469201169003867 0
9507 0.109937064114031 0.9481469273379681 0
9508 0.1081776128784094 0.9493718789234519 0
9509 0.1064179474474076 0.9505949711891605 0
9510 0.1046580718434356 0.9518162036761155 0
9511 0.1028979900898878 0.953035575934042 0
9512 0.1011377062111236 0.9542530875213674 0
9513 0.09937722423244649 0.9554687380052266 0
9514 0.09761654818008852 0.9566825269614618 0
9515 0.09585568208118905 0.957894453974626 0
9516 0.09409462996377738 0.9591045186379837 0
9517 0.09233339585675193 0.9603127205535144 0
9518 0.0905719837898637 0.9615190593319121 0
9519 0.08881039779369643 0.9627235345925895 0
9520 0.08704864189964662 0.9639261459636789 0
9521 0.08528672013990674 0.9651268930820325 0
9522 0.08352463654744535 0.9663257755932272 0
9523 0.08176239515598777 0.9675227931515634 0
9524 0.2200994576795356 0.8741535581681247 0
9525 0.2183412245712306 0.8754478614472364 0
9526 0.2165824921722032 0.8767401995776385 0
9527 0.2148232647344507 0.878030571483909 0
9528 0.2130635465122871 0.8793189760998251 0
9529 0.2113033417623223 0.8806054123683701 0
9530 0.2095426547434422 0.8818898792417367 0
9531 0.2077814897167899 0.8831723756813324 0
9532 0.2060198509457455 0.8844529006577846 0
9533 0.2042577426959046 0.8857314531509453 0
9534 0.2024951692350603 0.8870080321498959 0
9535 0.2007321348331824 0.8882826366529514 0
9536 0.1989686437623977 0.8895552656676662 0
9537 0.1972047002969688 0.8908259182108376 0
9538 0.195440308713276 0.8920945933085113 0
9539 0.1936754732897963 0.8933612899959849 0
9540 0.1919101983070829 0.8946260073178138 0
9541 0.1901444880477459 0.8958887443278147 0
9542 0.1883783467964329 0.8971495000890701 0
9543 0.1866117788398066 0.8984082736739327 0
9544 0.1848447884665275 0.8996650641640304 0
9545 0.1830773799672323 0.9009198706502698 0
9546 0.1813095576345141 0.9021726922328406 0
9547 0.179541325762902 0.9034235280212202 0
9548 0.1777726886488417 0.9046723771341774 0
9549 0.1760036505906755 0.9059192386997769 0
9550 0.1742342158886203 0.9071641118553833 0
9551 0.1724643888447505 0.9084069957476648 0
9552 0.1706941737629754 0.9096478895325975 0
9553 0.1689235749490206 0.9108867923754692 0
9554 0.167152596710406 0.912123703450884 0
9555 0.165381243356428 0.9133586219427648 0
9556 0.1636095191981382 0.9145915470443583 0
9557 0.1618374285483219 0.9158224779582382 0
9558 0.1600649757214807 0.9170514138963094 0
9559 0.1582921650338101 0.9182783540798108 0
9560 0.1565190008031808 0.91950329773932 0
9561 0.1547454873491162 0.9207262441147565 0
9562 0.1529716289927752 0.9219471924553844 0
9563 0.1511974300569301 0.9231661420198177 0
9564 0.1494228948659464 0.924383092076022 0
9565 0.1476480277457633 0.9255980419013191 0
9566 0.145872833023873 0.9268109907823903 0
9567 0.1440973150293012 0.928021938015278 0
9568 0.1423214780925848 0.9292308829053919 0
9569 0.1405453265457542 0.9304378247675104 0
9570 0.1387688647223119 0.9316427629257831 0
9571 0.1369920969572111 0.9328456967137367 0
9572 0.1352150275868376 0.9340466254742754 0
9573 0.133437660948988 0.935245548559685 0
9574 0.1316600013828506 0.9364424653316362 0
9575 0.1298820532289824 0.9376373751611872 0
9576 0.1281038208292927 0.938830277428787 0
9577 0.1263253085270201 0.9400211715242777 0
9578 0.1245465206667124 0.941210056846898 0
9579 0.1227674615942072 0.9423969328052857 0
9580 0.1209881356566117 0.9435817988174805 0
9581 0.1192085472022802 0.9447646543109265 0
9582 0.1174287005807969 0.9459454987224752 0
9583 0.1156486001429529 0.9471243314983885 0
9584 0.1138682502407283 0.94830115209434 0
9585 0.1120876552272683 0.9494759599754189 0
9586 0.1103068194568668 0.9506487546161321 0
9587 0.1085257472849436 0.9518195355004062 0
9588 0.106744443068025 0.9529883021215904 0
9589 0.104962911163722 0.9541550539824587 0
9590 0.1031811559307118 0.955319790595212 0
9591 0.1013991817287173 0.9564825114814813 0
9592 0.09961699291848375 0.9576432161723287 0
9593 0.09783459386176258 0.9588019042082504 0
9594 0.09605198892128813 0.9599585751391784 0
9595 0.09426918246075888 0.9611132285244822 0
9596 0.09248617884481464 0.962265863932974 0
9597 0.09070298243901903 0.9634164809429046 0
9598 0.08891959760983786 0.9645650791419721 0
9599 0.08713602872461718 0.9657116581273185 0
9600 0.08535228015156576 0.9668562175055354 0
9601 0.08356835625973241 0.9679987568926628 0
9602 0.0817842614189867 0.9691392759141938 0
9603 0.2217609544241154 0.8797134472579806 0
9604 0.2199828572305561 0.8809630815585621 0
9605 0.2182042223392957 0.8822105995451492 0
9606 0.2164250543294086 0.8834560000595941 0
9607 0.214645357782463 0.8846992819536579 0
9608 0.2128651372825009 0.885940444089014 0
9609 0.2110843974160147 0.8871794853372548 0
9610 0.2093031427719276 0.8884164045798966 0
9611 0.2075213779415722 0.8896512007083835 0
9612 0.2057391075186665 0.890883872624095 0
9613 0.2039563360992957 0.8921144192383494 0
9614 0.2021730682818888 0.8933428394724094 0
9615 0.2003893086671975 0.8945691322574867 0
9616 0.1986050618582741 0.8957932965347483 0
9617 0.1968203324604511 0.8970153312553198 0
9618 0.1950351250813192 0.8982352353802914 0
9619 0.1932494443307046 0.8994530078807225 0
9620 0.1914632948206495 0.9006686477376464 0
9621 0.1896766811653894 0.9018821539420754 0
9622 0.1878896079813302 0.9030935254950044 0
9623 0.1861020798870297 0.9043027614074175 0
9624 0.1843141015031733 0.9055098607002905 0
9625 0.1825256774525538 0.9067148224045976 0
9626 0.1807368123600483 0.907917645561314 0
9627 0.1789475108525988 0.9091183292214219 0
9628 0.177157777559189 0.9103168724459136 0
9629 0.1753676171108219 0.9115132743057972 0
9630 0.1735770341405005 0.9127075338821004 0
9631 0.1717860332832043 0.9138996502658739 0
9632 0.1699946191758683 0.9150896225581975 0
9633 0.1682027964573603 0.9162774498701828 0
9634 0.1664105697684609 0.9174631313229775 0
9635 0.1646179437518411 0.9186466660477703 0
9636 0.1628249230520389 0.9198280531857949 0
9637 0.1610315123154408 0.9210072918883331 0
9638 0.1592377161902571 0.9221843813167193 0
9639 0.1574435393265024 0.9233593206423446 0
9640 0.1556489863759712 0.9245321090466607 0
9641 0.1538540619922193 0.9257027457211832 0
9642 0.1520587708305403 0.9268712298674958 0
9643 0.1502631175479423 0.9280375606972544 0
9644 0.1484671068031297 0.9292017374321898 0
9645 0.1466707432564787 0.9303637593041124 0
9646 0.1448740315700168 0.9315236255549146 0
9647 0.143076976407399 0.9326813354365758 0
9648 0.1412795824338891 0.9338368882111648 0
9649 0.1394818543163358 0.9349902831508432 0
9650 0.1376837967231503 0.9361415195378703 0
9651 0.1358854143242866 0.937290596664604 0
9652 0.1340867117912179 0.9384375138335068 0
9653 0.132287693796916 0.9395822703571467 0
9654 0.1304883650158272 0.9407248655582016 0
9655 0.1286887301238537 0.941865298769463 0
9656 0.1268887937983294 0.9430035693338376 0
9657 0.125088560717998 0.9441396766043517 0
9658 0.1232880355629924 0.9452736199441538 0
9659 0.1214872230148126 0.9464053987265174 0
9660 0.1196861277563019 0.9475350123348438 0
9661 0.1178847544716273 0.9486624601626656 0
9662 0.116083107846257 0.9497877416136488 0
9663 0.1142811925669382 0.9509108561015968 0
9664 0.1124790133216736 0.952031803050451 0
9665 0.1106765747997028 0.9531505818942961 0
9666 0.1088738816914778 0.9542671920773604 0
9667 0.1070709386886423 0.9553816330540205 0
9668 0.1052677504840082 0.9564939042888013 0
9669 0.1034643217715358 0.9576040052563823 0
9670 0.1016606572463108 0.9587119354415955 0
9671 0.09985676160452089 0.959817694339431 0
9672 0.09805263954343652 0.9609212814550387 0
9673 0.09624829576138727 0.9620226963037303 0
9674 0.09444373495774033 0.9631219384109811 0
9675 0.09263896183287718 0.9642190073124334 0
9676 0.09083398108817436 0.9653139025538974 0
9677 0.08902879742597924 0.9664066236913543 0
9678 0.08722341554958785 0.9674971702909583 0
9679 0.08541784016322462 0.968585541929038 0
9680 0.08361207597201947 0.9696717381920984 0
9681 0.08180612768198564 0.9707557586768238 0
9682 0.223422451168695 0.8852733363478364 0
9683 0.2216244898898815 0.8864783016698881 0
9684 0.2198259525063883 0.8876809995126598 0
9685 0.2180268439243663 0.8888814286352793 0
9686 0.216227169052639 0.8900795878074905 0
9687 0.2144269328026796 0.8912754758096577 0
9688 0.2126261400885871 0.892469091432773 0
9689 0.2108247958270653 0.8936604334784605 0
9690 0.2090229049373988 0.8948495007589823 0
9691 0.2072204723414284 0.8960362920972448 0
9692 0.2054175029635311 0.8972208063268031 0
9693 0.2036140017305951 0.8984030422918672 0
9694 0.2018099735719973 0.8995829988473072 0
9695 0.2000054234195794 0.900760674858659 0
9696 0.1982003562076261 0.9019360692021283 0
9697 0.196394776872842 0.9031091807645979 0
9698 0.1945886903543264 0.9042800084436314 0
9699 0.192782101593553 0.9054485511474786 0
9700 0.1909750155343458 0.9066148077950806 0
9701 0.1891674371228538 0.9077787773160761 0
9702 0.1873593713075317 0.9089404586508043 0
9703 0.1855508230391141 0.9100998507503113 0
9704 0.1837417972705933 0.9112569525763544 0
9705 0.1819322989571946 0.9124117631014079 0
9706 0.1801223330563558 0.9135642813086663 0
9707 0.1783119045277025 0.9147145061920502 0
9708 0.1765010183330235 0.9158624367562113 0
9709 0.1746896794362506 0.9170080720165361 0
9710 0.1728778928034331 0.9181514109991509 0
9711 0.1710656634027161 0.919292452740926 0
9712 0.1692529962043147 0.9204311962894814 0
9713 0.1674398961804938 0.9215676407031902 0
9714 0.165626368305544 0.9227017850511826 0
9715 0.163812417555756 0.9238336284133517 0
9716 0.1619980489094008 0.9249631698803569 0
9717 0.1601832673467039 0.9260904085536278 0
9718 0.158368077849824 0.9272153435453691 0
9719 0.1565524854028264 0.928337973978565 0
9720 0.1547364949916636 0.929458298986982 0
9721 0.1529201116041503 0.9305763177151741 0
9722 0.1511033402299383 0.9316920293184869 0
9723 0.1492861858604961 0.9328054329630605 0
9724 0.1474686534890843 0.9339165278258347 0
9725 0.1456507481107323 0.9350253130945513 0
9726 0.1438324747222133 0.9361317879677599 0
9727 0.1420138383220241 0.9372359516548194 0
9728 0.1401948439103599 0.9383378033759036 0
9729 0.1383754964890897 0.939437342362004 0
9730 0.1365558010617355 0.9405345678549332 0
9731 0.1347357626334477 0.9416294791073289 0
9732 0.1329153862109814 0.942722075382657 0
9733 0.1310946768026721 0.943812355955216 0
9734 0.1292736394184147 0.9449003201101387 0
9735 0.1274522790696387 0.9459859671433974 0
9736 0.1256306007692835 0.9470692963618056 0
9737 0.1238086095317776 0.9481503070830221 0
9738 0.1219863103730135 0.9492289986355543 0
9739 0.1201637083103233 0.9503053703587613 0
9740 0.1183408083624579 0.9513794216028562 0
9741 0.1165176155495611 0.9524511517289096 0
9742 0.114694134893148 0.9535205601088538 0
9743 0.1128703714160789 0.9545876461254833 0
9744 0.1110463301425387 0.95565240917246 0
9745 0.1092220160980119 0.9567148486543148 0
9746 0.1073974343092597 0.9577749639864506 0
9747 0.1055725898042946 0.9588327545951445 0
9748 0.1037474876123598 0.9598882199175525 0
9749 0.1019221327639044 0.9609413594017094 0
9750 0.1000965302905581 0.9619921725065331 0
9751 0.09827068522511057 0.9630406587018271 0
9752 0.09644460260148641 0.9640868174682825 0
9753 0.09461828745472178 0.9651306482974797 0
9754 0.09279174482093994 0.9661721506918928 0
9755 0.09096497973732959 0.9672113241648902 0
9756 0.08913799724212057 0.968248168240737 0
9757 0.08731080237455835 0.9692826824545985 0
9758 0.08548340017488354 0.9703148663525409 0
9759 0.08365579568430653 0.9713447194915343 0
9760 0.08182799394498469 0.9723722414394544 0
9761 0.2250839479132746 0.8908332254376921 0
9762 0.2232661225492069 0.891993521781214 0
9763 0.2214476826734808 0.8931513994801705 0
9764 0.2196286335193241 0.8943068572109648 0
9765 0.2178089803228149 0.8954598936613234 0
9766 0.2159887283228582 0.8966105075303017 0
9767 0.2141678827611596 0.8977586975282913 0
9768 0.212346448882203 0.8989044623770246 0
9769 0.2105244319332253 0.9000478008095811 0
9770 0.2087018371641902 0.9011887115703944 0
9771 0.2068786698277665 0.9023271934152566 0
9772 0.2050549351793014 0.9034632451113249 0
9773 0.2032306384767971 0.9045968654371275 0
9774 0.2014057849808847 0.9057280531825693 0
9775 0.1995803799548012 0.9068568071489369 0
9776 0.1977544286643648 0.9079831261489044 0
9777 0.1959279363779482 0.9091070090065401 0
9778 0.1941009083664565 0.9102284545573103 0
9779 0.1922733499033021 0.9113474616480861 0
9780 0.1904452662643775 0.9124640291371477 0
9781 0.1886166627280339 0.9135781558941911 0
9782 0.1867875445750551 0.9146898408003321 0
9783 0.1849579170886329 0.9157990827481115 0
9784 0.1831277855543409 0.9169058806415016 0
9785 0.1812971552601129 0.9180102333959107 0
9786 0.179466031496216 0.9191121399381869 0
9787 0.1776344195552251 0.9202115992066255 0
9788 0.1758023247320006 0.9213086101509717 0
9789 0.173969752323662 0.9224031717324274 0
9790 0.1721367076295638 0.9234952829236543 0
9791 0.1703031959512689 0.9245849427087801 0
9792 0.1684692225925267 0.9256721500834028 0
9793 0.166634792859247 0.9267569040545948 0
9794 0.1647999120594732 0.9278392036409085 0
9795 0.1629645855033609 0.9289190478723807 0
9796 0.161128818503151 0.9299964357905363 0
9797 0.1592926163731456 0.9310713664483937 0
9798 0.1574559844296815 0.9321438389104694 0
9799 0.1556189279911078 0.9332138522527808 0
9800 0.1537814523777603 0.9342814055628524 0
9801 0.1519435629119341 0.9353464979397194 0
9802 0.1501052649178625 0.9364091284939314 0
9803 0.1482665637216899 0.9374692963475568 0
9804 0.1464274646514477 0.9385270006341881 0
9805 0.1445879730370275 0.9395822404989438 0
9806 0.1427480942101589 0.940635015098474 0
9807 0.1409078335043839 0.9416853236009639 0
9808 0.139067196255029 0.9427331651861375 0
9809 0.1372261877991847 0.9437785390452619 0
9810 0.1353848134756775 0.9448214443811507 0
9811 0.1335430786250467 0.9458618804081675 0
9812 0.1317009885895168 0.9468998463522305 0
9813 0.1298585487129756 0.9479353414508147 0
9814 0.1280157643409479 0.9489683649529571 0
9815 0.1261726408205691 0.9499989161192592 0
9816 0.1243291835005628 0.9510269942218901 0
9817 0.1224853977312144 0.9520525985445913 0
9818 0.1206412888643449 0.9530757283826787 0
9819 0.1187968622532884 0.9540963830430464 0
9820 0.1169521232528652 0.9551145618441702 0
9821 0.1151070772193579 0.9561302641161104 0
9822 0.1132617295104841 0.9571434892005156 0
9823 0.1114160854853745 0.9581542364506238 0
9824 0.1095701505045458 0.959162505231269 0
9825 0.1077239299298769 0.9601682949188804 0
9826 0.105877429124581 0.9611716049014875 0
9827 0.1040306534531839 0.9621724345787227 0
9828 0.102183608281498 0.9631707833618234 0
9829 0.1003362989765952 0.9641666506736354 0
9830 0.09848873090678456 0.9651600359486157 0
9831 0.09664090944158549 0.9661509386328347 0
9832 0.09479283995170323 0.9671393581839783 0
9833 0.09294452780900259 0.9681252940713523 0
9834 0.09109597838648498 0.9691087457758825 0
9835 0.0892471970582619 0.9700897127901195 0
9836 0.08739818919952885 0.9710681946182381 0
9837 0.08554896018654246 0.9720441907760435 0
9838 0.08369951539659365 0.9730177007909698 0
9839 0.08184986020798363 0.9739887242020844 0
9840 0.2267454446578543 0.8963931145275479 0
9841 0.2249077552085323 0.8975087418925399 0
9842 0.2230694128405734 0.8986217994476813 0
9843 0.2212304231142818 0.8997322857866501 0
9844 0.2193907915929909 0.900840199515156 0
9845 0.2175505238430369 0.9019455392509456 0
9846 0.215709625433732 0.9030483036238095 0
9847 0.2138681019373407 0.9041484912755886 0
9848 0.212025958929052 0.9052461008601798 0
9849 0.2101832019869521 0.9063411310435439 0
9850 0.208339836692002 0.90743358050371 0
9851 0.2064958686280077 0.9085234479307827 0
9852 0.204651303381597 0.909610732026948 0
9853 0.2028061465421899 0.9106954315064799 0
9854 0.2009604037019763 0.9117775450957455 0
9855 0.1991140804558876 0.9128570715332109 0
9856 0.1972671824015699 0.9139340095694487 0
9857 0.1954197151393601 0.9150083579671424 0
9858 0.1935716842722585 0.9160801155010915 0
9859 0.191723095405901 0.9171492809582197 0
9860 0.1898739541485361 0.9182158531375781 0
9861 0.188024266110996 0.9192798308503527 0
9862 0.1861740369066724 0.9203412129198684 0
9863 0.1843232721514872 0.9213999981815956 0
9864 0.1824719774638699 0.9224561854831552 0
9865 0.1806201584647295 0.9235097736843237 0
9866 0.1787678207774266 0.9245607616570396 0
9867 0.1769149700277507 0.9256091482854077 0
9868 0.1750616118438909 0.9266549324657043 0
9869 0.1732077518564115 0.9276981131063827 0
9870 0.1713533956982232 0.9287386891280789 0
9871 0.1694985490045597 0.9297766594636155 0
9872 0.1676432174129499 0.9308120230580068 0
9873 0.1657874065631902 0.9318447788684654 0
9874 0.1639311220973209 0.9328749258644043 0
9875 0.1620743696595979 0.9339024630274447 0
9876 0.1602171548964672 0.9349273893514184 0
9877 0.1583594834565366 0.9359497038423739 0
9878 0.1565013609905521 0.9369694055185795 0
9879 0.1546427931513703 0.9379864934105305 0
9880 0.15278378559393 0.9390009665609519 0
9881 0.1509243439752289 0.9400128240248018 0
9882 0.1490644739542956 0.9410220648692795 0
9883 0.1472041811921633 0.9420286881738249 0
9884 0.1453434713518417 0.9430326930301277 0
9885 0.143482350098294 0.9440340785421284 0
9886 0.1416208230984078 0.945032843826024 0
9887 0.1397588960209684 0.9460289880102709 0
9888 0.1378965745366338 0.9470225102355908 0
9889 0.1360338643179075 0.9480134096549725 0
9890 0.1341707710391122 0.949001685433678 0
9891 0.1323073003763617 0.9499873367492448 0
9892 0.1304434580075365 0.9509703627914906 0
9893 0.1285792496122572 0.9519507627625171 0
9894 0.1267146808718546 0.9529285358767129 0
9895 0.1248497574693479 0.9539036813607584 0
9896 0.1229844850894152 0.9548761984536281 0
9897 0.1211188694183665 0.955846086406596 0
9898 0.1192529161441189 0.9568133444832368 0
9899 0.1173866309561692 0.9577779719594309 0
9900 0.1155200195455678 0.9587399681233675 0
9901 0.1136530876048893 0.9596993322755477 0
9902 0.1117858408282106 0.9606560637287881 0
9903 0.1099182849110801 0.9616101618082237 0
9904 0.1080504255504942 0.9625616258513103 0
9905 0.1061822684448672 0.9635104552078306 0
9906 0.1043138192940078 0.9644566492398926 0
9907 0.1024450837990918 0.9654002073219373 0
9908 0.1005760676626326 0.9663411288407375 0
9909 0.09870677658845867 0.9672794131954043 0
9910 0.09683721628168457 0.9682150597973868 0
9911 0.09496739244868463 0.9691480680704773 0
9912 0.09309731079706524 0.9700784374508121 0
9913 0.09122697703564026 0.9710061673868752 0
9914 0.08935639687440328 0.9719312573395019 0
9915 0.08748557602449936 0.9728537067818781 0
9916 0.08561452019820132 0.9737735151995461 0
9917 0.08374323510888076 0.9746906820904051 0
9918 0.08187172647098262 0.9756052069647146 0
9919 0.2284069414024339 0.9019530036174035 0
9920 0.2265493878678577 0.9030239620038658 0
9921 0.2246911430076659 0.9040921994151918 0
9922 0.2228322127092396 0.9051577143623351 0
9923 0.2209726028631667 0.9062205053689887 0
9924 0.2191123193632155 0.9072805709715893 0
9925 0.2172513681063045 0.9083379097193276 0
9926 0.2153897549924784 0.9093925201741524 0
9927 0.2135274859248785 0.9104444009107786 0
9928 0.2116645668097141 0.9114935505166936 0
9929 0.2098010035562373 0.9125399675921635 0
9930 0.207936802076714 0.9135836507502403 0
9931 0.2060719682863968 0.9146245986167687 0
9932 0.2042065081034952 0.9156628098303905 0
9933 0.2023404274491514 0.9166982830425539 0
9934 0.2004737322474104 0.9177310169175176 0
9935 0.1986064284251916 0.9187610101323576 0
9936 0.1967385219122636 0.9197882613769742 0
9937 0.1948700186412148 0.9208127693540968 0
9938 0.1930009245474246 0.9218345327792913 0
9939 0.1911312455690381 0.9228535503809651 0
9940 0.1892609876469369 0.9238698209003735 0
9941 0.1873901567247119 0.9248833430916253 0
9942 0.1855187587486335 0.9258941157216893 0
9943 0.183646799667627 0.9269021375703995 0
9944 0.181774285433243 0.9279074074304603 0
9945 0.1799012219996282 0.9289099241074538 0
9946 0.1780276153235007 0.9299096864198434 0
9947 0.1761534713641198 0.9309066931989809 0
9948 0.1742787960832594 0.9319009432891111 0
9949 0.1724035954451776 0.9328924355473776 0
9950 0.1705278754165926 0.9338811688438281 0
9951 0.1686516419666529 0.9348671420614192 0
9952 0.1667749010669073 0.9358503540960221 0
9953 0.164897658691281 0.9368308038564285 0
9954 0.1630199208160448 0.9378084902643533 0
9955 0.1611416934197888 0.9387834122544431 0
9956 0.1592629824833917 0.939755568774278 0
9957 0.1573837939899964 0.9407249587843781 0
9958 0.1555041339249802 0.941691581258209 0
9959 0.1536240082759258 0.9426554351821842 0
9960 0.1517434230325953 0.9436165195556726 0
9961 0.1498623841869011 0.9445748333910018 0
9962 0.1479808977328787 0.9455303757134618 0
9963 0.146098969666656 0.9464831455613116 0
9964 0.1442166059864289 0.9474331419857832 0
9965 0.1423338126924317 0.9483803640510842 0
9966 0.1404505957869076 0.9493248108344045 0
9967 0.1385669612740827 0.9502664814259197 0
9968 0.1366829151601373 0.9512053749287945 0
9969 0.1347984634531776 0.9521414904591884 0
9970 0.1329136121632064 0.9530748271462591 0
9971 0.1310283673020975 0.9540053841321667 0
9972 0.1291427348835664 0.9549331605720768 0
9973 0.1272567209231402 0.9558581556341665 0
9974 0.125370331438133 0.9567803684996264 0
9975 0.1234835724476162 0.9576997983626654 0
9976 0.1215964499723881 0.9586164444305135 0
9977 0.1197089700349494 0.9595303059234271 0
9978 0.1178211386594734 0.9604413820746915 0
9979 0.1159329618717777 0.9613496721306244 0
9980 0.1140444456992947 0.9622551753505799 0
9981 0.1121555961710464 0.9631578910069521 0
9982 0.1102664193176143 0.9640578183851779 0
9983 0.1083769211711116 0.9649549567837404 0
9984 0.1064871077651536 0.9658493055141736 0
9985 0.1045969851348318 0.9667408639010631 0
9986 0.1027065593166854 0.9676296312820513 0
9987 0.1008158363486698 0.9685156070078398 0
9988 0.09892482227013272 0.9693987904421929 0
9989 0.0970335231217837 0.9702791809619389 0
9990 0.09514194494566625 0.9711567779569757 0
9991 0.09325009378512789 0.9720315808302714 0
9992 0.09135797568479553 0.9729035889978681 0
9993 0.08946559669054466 0.9737728018888842 0
9994 0.08757296284947008 0.9746392189455181 0
9995 0.08568008020986029 0.9755028396230488 0
9996 0.08378695482116788 0.9763636633898409 0
9997 0.08189359273398167 0.9772216897273452 0
9998 0.2300684381470136 0.9075128927072593 0
9999 0.2281910205271832 0.9085391821151917 0
10000 0.2263128731747584 0.9095625993827023 0
10001 0.2244340023041974 0.9105831429380207 0
10002 0.2225544141333427 0.9116008112228213 0
10003 0.2206741148833941 0.9126156026922332 0
10004 0.218793110778877 0.9136275158148459 0
10005 0.216911408047616 0.9146365490727167 0
10006 0.215029012920705 0.9156427009613776 0
10007 0.2131459316324759 0.916645969989843 0
10008 0.2112621704204727 0.9176463546806171 0
10009 0.2093777355254204 0.9186438535696981 0
10010 0.2074926331911966 0.9196384652065889 0
10011 0.2056068696648005 0.9206301881543011 0
10012 0.2037204511963264 0.9216190209893625 0
10013 0.2018333840389332 0.9226049623018241 0
10014 0.1999456744488134 0.9235880106952663 0
10015 0.1980573286851672 0.924568164786806 0
10016 0.1961683530101712 0.9255454232071022 0
10017 0.1942787536889482 0.926519784600363 0
10018 0.1923885369895402 0.9274912476243521 0
10019 0.1904977091828779 0.9284598109503943 0
10020 0.1886062765427515 0.9294254732633822 0
10021 0.1867142453457799 0.9303882332617833 0
10022 0.1848216218713841 0.9313480896576438 0
10023 0.1829284124017564 0.932305041176597 0
10024 0.1810346232218298 0.9332590865578677 0
10025 0.1791402606192508 0.9342102245542789 0
10026 0.1772453308843487 0.9351584539322576 0
10027 0.175349840310107 0.9361037734718395 0
10028 0.1734537951921319 0.9370461819666764 0
10029 0.1715572018286255 0.9379856782240407 0
10030 0.1696600665203558 0.9389222610648313 0
10031 0.1677623955706244 0.9398559293235788 0
10032 0.1658641952852411 0.9407866818484523 0
10033 0.1639654719724918 0.9417145175012619 0
10034 0.1620662319431104 0.9426394351574677 0
10035 0.1601664815102466 0.9435614337061822 0
10036 0.1582662269894407 0.944480512050177 0
10037 0.1563654746985902 0.9453966691058872 0
10038 0.1544642309579217 0.9463099038034166 0
10039 0.1525625020899617 0.9472202150865433 0
10040 0.1506602944195067 0.948127601912724 0
10041 0.1487576142735942 0.9490320632530982 0
10042 0.1468544679814701 0.9499335980924956 0
10043 0.1449508618745638 0.9508322054294378 0
10044 0.1430468022864558 0.9517278842761444 0
10045 0.1411422955528469 0.9526206336585382 0
10046 0.1392373480115318 0.9535104526162486 0
10047 0.1373319660023672 0.9543973402026164 0
10048 0.135426155867243 0.9552812954846986 0
10049 0.1335199239500512 0.9561623175432734 0
10050 0.1316132765966586 0.9570404054728424 0
10051 0.1297062201548756 0.9579155583816366 0
10052 0.1277987609744257 0.9587877753916204 0
10053 0.1258909054069183 0.9596570556384945 0
10054 0.1239826598058171 0.9605233982717021 0
10055 0.1220740305264095 0.9613868024544309 0
10056 0.12016502392578 0.9622472673636175 0
10057 0.1182556463627774 0.9631047921899522 0
10058 0.1163459041979876 0.9639593761378812 0
10059 0.1144358037936999 0.9648110184256121 0
10060 0.1125253515138823 0.965659718285116 0
10061 0.1106145537241483 0.966505474962132 0
10062 0.108703416791729 0.9673482877161707 0
10063 0.1067919470854398 0.9681881558205163 0
10064 0.1048801509756558 0.9690250785622333 0
10065 0.102968034834279 0.9698590552421651 0
10066 0.101055605034707 0.9706900851749419 0
10067 0.09914286795180671 0.9715181676889814 0
10068 0.09722982996188273 0.9723433021264911 0
10069 0.09531649744264747 0.9731654878434743 0
10070 0.09340287677319054 0.9739847242097311 0
10071 0.09148897433395087 0.9748010106088609 0
10072 0.08957479650668604 0.9756143464382667 0
10073 0.08766034967444053 0.976424731109158 0
10074 0.08574564022151909 0.9772321640465514 0
10075 0.083830674533455 0.9780366446892766 0
10076 0.08191545899698066 0.9788381724899754 0
10077 0.2317299348915932 0.9130727817971153 0
10078 0.2298326531865086 0.9140544022265175 0
10079 0.2279346033418509 0.915032999350213 0
10080 0.2260357918991551 0.9160085715137058 0
10081 0.2241362254035185 0.9169811170766541 0
10082 0.2222359104035728 0.9179506344128771 0
10083 0.2203348534514495 0.9189171219103642 0
10084 0.2184330611027537 0.9198805779712806 0
10085 0.2165305399165317 0.9208410010119762 0
10086 0.2146272964552378 0.9217983894629929 0
10087 0.2127233372847081 0.9227527417690705 0
10088 0.2108186689741267 0.9237040563891559 0
10089 0.2089132980959964 0.9246523317964094 0
10090 0.2070072312261058 0.9255975664782117 0
10091 0.2051004749435015 0.9265397589361711 0
10092 0.203193035830456 0.9274789076861305 0
10093 0.2012849204724352 0.9284150112581752 0
10094 0.1993761354580707 0.9293480681966378 0
10095 0.1974666873791276 0.9302780770601078 0
10096 0.1955565828304717 0.9312050364214349 0
10097 0.1936458284100423 0.932128944867739 0
10098 0.1917344307188188 0.9330498010004151 0
10099 0.1898223963607911 0.9339676034351393 0
10100 0.1879097319429261 0.934882350801877 0
10101 0.185996444075141 0.9357940417448882 0
10102 0.18408253937027 0.9367026749227337 0
10103 0.1821680244440314 0.9376082490082819 0
10104 0.1802529059150007 0.938510762688715 0
10105 0.1783371904045775 0.9394102146655342 0
10106 0.1764208845369548 0.940306603654568 0
10107 0.1745039949390861 0.9411999283859752 0
10108 0.1725865282406585 0.9420901876042534 0
10109 0.1706684910740587 0.9429773800682434 0
10110 0.1687498900743414 0.9438615045511355 0
10111 0.1668307318792011 0.9447425598404759 0
10112 0.1649110231289388 0.9456205447381703 0
10113 0.162990770466432 0.9464954580604922 0
10114 0.1610699805371019 0.9473672986380867 0
10115 0.1591486599888848 0.9482360653159758 0
10116 0.1572268154722004 0.9491017569535655 0
10117 0.1553044536399176 0.9499643724246493 0
10118 0.1533815811473281 0.9508239106174142 0
10119 0.1514582046521123 0.9516803704344462 0
10120 0.1495343308143096 0.9525337507927351 0
10121 0.1476099662962843 0.9533840506236797 0
10122 0.1456851177626988 0.9542312688730925 0
10123 0.1437597918804797 0.9550754045012048 0
10124 0.1418339953187862 0.955916456482672 0
10125 0.1399077347489809 0.9567544238065776 0
10126 0.137981016844597 0.9575893054764385 0
10127 0.1360538482813085 0.9584211005102095 0
10128 0.134126235736896 0.9592498079402881 0
10129 0.1321981858912195 0.9600754268135184 0
10130 0.1302697054261849 0.9608979561911964 0
10131 0.1283408010257114 0.9617173951490741 0
10132 0.1264114793757035 0.9625337427773628 0
10133 0.1244817471640179 0.9633469981807391 0
10134 0.1225516110804311 0.9641571604783484 0
10135 0.1206210778166106 0.9649642288038079 0
10136 0.1186901540660815 0.9657682023052128 0
10137 0.1167588465241973 0.9665690801451382 0
10138 0.1148271618881052 0.9673668615006444 0
10139 0.1128951068567182 0.9681615455632802 0
10140 0.1109626881306825 0.9689531315390864 0
10141 0.1090299124123462 0.9697416186486005 0
10142 0.1070967864057261 0.9705270061268594 0
10143 0.1051633168164798 0.9713092932234034 0
10144 0.1032295103518726 0.9720884792022791 0
10145 0.1012953737207442 0.9728645633420442 0
10146 0.09936091363348082 0.9736375449357699 0
10147 0.09742613680198181 0.9744074232910435 0
10148 0.09549104993962904 0.9751741977299733 0
10149 0.09355565976125324 0.9759378675891904 0
10150 0.0916199729831062 0.9766984322198536 0
10151 0.08968399632282748 0.9774558909876493 0
10152 0.08774773649941103 0.9782102432727979 0
10153 0.08581120023317812 0.9789614884700547 0
10154 0.08387439424574217 0.9797096259887123 0
10155 0.0819373252599796 0.9804546552526057 0
10156 0.2333914316361729 0.9186326708869709 0
10157 0.231474285845834 0.9195696223378435 0
10158 0.2295563335089435 0.920503399317724 0
10159 0.2276375814941128 0.9214340000893911 0
10160 0.2257180366736945 0.9223614229304867 0
10161 0.2237977059237515 0.923285666133521 0
10162 0.221876596124022 0.9242067280058824 0
10163 0.2199547141578914 0.9251246068698448 0
10164 0.2180320669123582 0.9260393010625751 0
10165 0.2161086612779997 0.9269508089361425 0
10166 0.2141845041489435 0.9278591288575241 0
10167 0.2122596024228331 0.9287642592086137 0
10168 0.2103339630007963 0.9296661983862298 0
10169 0.2084075927874111 0.9305649448021224 0
10170 0.2064804986906766 0.9314604968829797 0
10171 0.2045526876219788 0.9323528530704369 0
10172 0.202624166496057 0.9332420118210838 0
10173 0.2006949422309743 0.9341279716064698 0
10174 0.198765021748084 0.9350107309131129 0
10175 0.1968344119719954 0.9358902882425065 0
10176 0.1949031198305445 0.9367666421111259 0
10177 0.1929711522547598 0.9376397910504358 0
10178 0.1910385161788306 0.9385097336068964 0
10179 0.1891052185400724 0.9393764683419711 0
10180 0.1871712662788982 0.9402399938321327 0
10181 0.1852366663387835 0.9411003086688703 0
10182 0.1833014256662329 0.941957411458696 0
10183 0.1813655512107508 0.9428113008231506 0
10184 0.1794290499248064 0.943661975398811 0
10185 0.1774919287638025 0.9445094338372961 0
10186 0.1755541946860405 0.9453536748052738 0
10187 0.1736158546526914 0.946194696984466 0
10188 0.1716769156277616 0.9470324990716555 0
10189 0.1697373845780585 0.9478670797786924 0
10190 0.1677972684731612 0.9486984378324997 0
10191 0.1658565742853856 0.9495265719750792 0
10192 0.1639153089897536 0.9503514809635168 0
10193 0.161973479563957 0.951173163569991 0
10194 0.1600310929883291 0.9519916185817749 0
10195 0.1580881562458104 0.9528068448012437 0
10196 0.1561446763219134 0.9536188410458818 0
10197 0.1542006602046945 0.9544276061482847 0
10198 0.1522561148847181 0.9552331389561685 0
10199 0.1503110473550252 0.9560354383323718 0
10200 0.1483654646110986 0.9568345031548636 0
10201 0.1464193736508337 0.9576303323167471 0
10202 0.1444727814745038 0.9584229247262649 0
10203 0.1425256950847256 0.9592122793068055 0
10204 0.1405781214864298 0.9599983949969063 0
10205 0.1386300676868269 0.9607812707502602 0
10206 0.136681540695374 0.9615609055357198 0
10207 0.1347325475237408 0.9623372983373022 0
10208 0.1327830951857805 0.9631104481541942 0
10209 0.1308331906974942 0.9638803540007562 0
10210 0.1288828410769969 0.9646470149065277 0
10211 0.1269320533444886 0.9654104299162308 0
10212 0.1249808345222189 0.9661705980897762 0
10213 0.1230291916344526 0.9669275185022658 0
10214 0.121077131707441 0.9676811902439985 0
10215 0.1191246617693856 0.9684316124204734 0
10216 0.1171717888504072 0.9691787841523949 0
10217 0.1152185199825105 0.9699227045756765 0
10218 0.1132648621995541 0.9706633728414441 0
10219 0.1113108225372167 0.9714007881160406 0
10220 0.1093564080329635 0.9721349495810306 0
10221 0.1074016257260125 0.9728658564332023 0
10222 0.1054464826573038 0.9735935078845736 0
10223 0.1034909858694663 0.974317903162393 0
10224 0.1015351424067814 0.9750390415091464 0
10225 0.09957895931515487 0.9757569221825583 0
10226 0.09762244364208089 0.9764715444555955 0
10227 0.09566560243661043 0.9771829076164716 0
10228 0.09370844274931583 0.9778910109686499 0
10229 0.09175097163226154 0.9785958538308462 0
10230 0.08979319613896874 0.9792974355370316 0
10231 0.0878351233243817 0.9799957554364379 0
10232 0.08587676024483692 0.9806908128935569 0
10233 0.08391811395802923 0.9813826072881476 0
10234 0.08195919152297854 0.9820711380152358 0
10235 0.2350529283807526 0.9241925599768265 0
10236 0.2331159185051594 0.9250848424491693 0
10237 0.231178063676036 0.9259737992852344 0
10238 0.2292393710890706 0.9268594286650764 0
10239 0.2272998479438704 0.9277417287843194 0
10240 0.22535950144393 0.9286206978541648 0
10241 0.2234183387965945 0.9294963341014005 0
10242 0.2214763672130291 0.9303686357684087 0
10243 0.2195335939081847 0.9312376011131739 0
10244 0.2175900261007616 0.9321032284092923 0
10245 0.2156456710131789 0.9329655159459777 0
10246 0.2137005358715394 0.9338244620280717 0
10247 0.2117546279055961 0.9346800649760505 0
10248 0.2098079543487164 0.9355323231260331 0
10249 0.2078605224378516 0.9363812348297882 0
10250 0.2059123394135016 0.9372267984547437 0
10251 0.2039634125196786 0.9380690123839927 0
10252 0.2020137490038777 0.9389078750163018 0
10253 0.2000633561170404 0.9397433847661183 0
10254 0.1981122411135189 0.9405755400635781 0
10255 0.1961604112510466 0.9414043393545131 0
10256 0.1942078737907007 0.9422297811004564 0
10257 0.1922546359968701 0.9430518637786531 0
10258 0.1903007051372188 0.9438705858820648 0
10259 0.1883460884826552 0.9446859459193772 0
10260 0.186390793307297 0.9454979424150071 0
10261 0.1844348268884345 0.94630657390911 0
10262 0.1824781965065009 0.9471118389575864 0
10263 0.1805209094450353 0.947913736132088 0
10264 0.1785629729906502 0.9487122640200246 0
10265 0.1766043944329948 0.9495074212245725 0
10266 0.1746451810647243 0.9502992063646788 0
10267 0.1726853401814646 0.9510876180750676 0
10268 0.1707248790817755 0.9518726550062494 0
10269 0.1687638050671212 0.9526543158245235 0
10270 0.1668021254418326 0.9534325992119876 0
10271 0.1648398475130752 0.9542075038665415 0
10272 0.162876978590812 0.9549790285018951 0
10273 0.1609135259877733 0.9557471718475735 0
10274 0.1589494970194203 0.9565119326489219 0
10275 0.1569848990039093 0.9572733096671141 0
10276 0.155019739262061 0.9580313016791554 0
10277 0.1530540251173236 0.9587859074778909 0
10278 0.1510877638957406 0.9595371258720088 0
10279 0.1491209629259128 0.9602849556860478 0
10280 0.1471536295389687 0.9610293957604017 0
10281 0.1451857710685277 0.9617704449513251 0
10282 0.1432173948506649 0.9625081021309391 0
10283 0.141248508223879 0.9632423661872351 0
10284 0.1392791185290567 0.963973236024082 0
10285 0.1373092331094393 0.9647007105612304 0
10286 0.1353388593105857 0.9654247887343167 0
10287 0.1333680044803415 0.9661454694948702 0
10288 0.1313966759688034 0.9668627518103162 0
10289 0.1294248811282825 0.9675766346639814 0
10290 0.1274526273132739 0.9682871170550988 0
10291 0.1254799218804198 0.9689941979988131 0
10292 0.1235067721884742 0.9696978765261831 0
10293 0.1215331855982715 0.9703981516841887 0
10294 0.1195591694726896 0.971095022535734 0
10295 0.117584731176617 0.9717884881596521 0
10296 0.1156098780769156 0.9724785476507088 0
10297 0.11363461754239 0.9731652001196082 0
10298 0.1116589569437507 0.973848444692995 0
10299 0.1096829036535807 0.9745282805134605 0
10300 0.1077064650462987 0.9752047067395453 0
10301 0.1057296484981278 0.9758777225457438 0
10302 0.1037524613870598 0.976547327122507 0
10303 0.1017749110928186 0.9772135196762486 0
10304 0.09979700499682892 0.9778762994293466 0
10305 0.09781875048217986 0.9785356656201478 0
10306 0.09584015493359188 0.9791916175029703 0
10307 0.0938612257373786 0.9798441543481097 0
10308 0.09188197028141687 0.9804932754418388 0
10309 0.08990239595511024 0.9811389800864141 0
10310 0.08792251014935221 0.9817812676000778 0
10311 0.08594232025649584 0.9824201373170597 0
10312 0.08396183367031629 0.9830555885875835 0
10313 0.08198105778597747 0.9836876207778662 0
10314 0.2367144251253323 0.9297524490666826 0
10315 0.2347575511644849 0.9306000625604951 0
10316 0.2327997938431287 0.931444199252745 0
10317 0.2308411606840283 0.9322848572407618 0
10318 0.2288816592140464 0.9331220346381521 0
10319 0.2269212969641087 0.9339557295748085 0
10320 0.2249600814691669 0.9347859401969185 0
10321 0.2229980202681668 0.9356126646669727 0
10322 0.2210351209040114 0.9364359011637726 0
10323 0.2190713909235235 0.9372556478824419 0
10324 0.2171068378774143 0.9380719030344311 0
10325 0.2151414693202458 0.9388846648475293 0
10326 0.2131752928103959 0.9396939315658709 0
10327 0.2112083159100217 0.9404997014499432 0
10328 0.2092405461850267 0.9413019727765966 0
10329 0.2072719912050244 0.94210074383905 0
10330 0.2053026585433004 0.9428960129469013 0
10331 0.2033325557767813 0.9436877784261337 0
10332 0.2013616904859968 0.9444760386191237 0
10333 0.1993900702550425 0.94526079188465 0
10334 0.1974177026715487 0.9460420365979 0
10335 0.1954445953266416 0.9468197711504772 0
10336 0.1934707558149097 0.9475939939504101 0
10337 0.1914961917343651 0.9483647034221586 0
10338 0.1895209106864122 0.9491318980066216 0
10339 0.1875449202758105 0.9498955761611438 0
10340 0.1855682281106361 0.9506557363595241 0
10341 0.1835908418022509 0.951412377092022 0
10342 0.1816127689652642 0.9521654968653644 0
10343 0.179634017217498 0.9529150942027531 0
10344 0.1776545941799491 0.9536611676438714 0
10345 0.1756745074767573 0.9544037157448916 0
10346 0.1736937647351675 0.9551427370784799 0
10347 0.1717123735854927 0.9558782302338059 0
10348 0.1697303416610812 0.9566101938165472 0
10349 0.1677476765982795 0.9573386264488959 0
10350 0.1657643860363968 0.9580635267695662 0
10351 0.1637804776176671 0.9587848934337997 0
10352 0.1617959589872175 0.9595027251133723 0
10353 0.1598108377930303 0.9602170204966001 0
10354 0.1578251216859052 0.9609277782883464 0
10355 0.1558388183194273 0.9616349972100263 0
10356 0.1538519353499292 0.9623386759996131 0
10357 0.1518644804364561 0.9630388134116453 0
10358 0.1498764612407271 0.9637354082172317 0
10359 0.1478878854271036 0.9644284592040562 0
10360 0.1458987606625518 0.9651179651763853 0
10361 0.1439090946166043 0.9658039249550728 0
10362 0.141918894961328 0.9664863373775641 0
10363 0.1399281693712866 0.9671652012979041 0
10364 0.1379369255235047 0.9678405155867406 0
10365 0.1359451710974304 0.9685122791313311 0
10366 0.1339529137749024 0.9691804908355462 0
10367 0.1319601612401126 0.969845149619876 0
10368 0.129966921179568 0.9705062544214352 0
10369 0.1279732012820589 0.9711638041939673 0
10370 0.1259790092386207 0.9718177979078501 0
10371 0.1239843527424959 0.9724682345501005 0
10372 0.121989239489102 0.9731151131243791 0
10373 0.1199936771759937 0.9737584326509946 0
10374 0.1179976735028268 0.974398192166909 0
10375 0.1160012361713209 0.9750343907257409 0
10376 0.1140043728852259 0.975667027397772 0
10377 0.1120070913502849 0.9762961012699495 0
10378 0.1100093992741981 0.9769216114458907 0
10379 0.108011304366585 0.9775435570458882 0
10380 0.1060128143389517 0.9781619372069137 0
10381 0.1040139369046536 0.978776751082621 0
10382 0.1020146797788558 0.9793879978433508 0
10383 0.1000150506785029 0.9799956766761352 0
10384 0.09801505732227905 0.9805997867846999 0
10385 0.09601470743057344 0.9812003273894692 0
10386 0.09401400872544119 0.9817972977275692 0
10387 0.09201296893057209 0.9823906970528316 0
10388 0.09001159577125156 0.9829805246357967 0
10389 0.08800989697432271 0.9835667797637176 0
10390 0.08600788026815481 0.9841494617405626 0
10391 0.08400555338260329 0.9847285698870188 0
10392 0.08200292404897647 0.9853041035404964 0
10393 0.2383759218699119 0.9353123381565382 0
10394 0.2363991838238103 0.9361152826718208 0
10395 0.2344215240102211 0.9369145992202554 0
10396 0.232442950278986 0.9377102858164469 0
10397 0.2304634704842223 0.9385023404919849 0
10398 0.2284830924842873 0.9392907612954525 0
10399 0.2265018241417394 0.9400755462924368 0
10400 0.2245196733233044 0.9408566935655369 0
10401 0.2225366478998379 0.9416342012143716 0
10402 0.2205527557462853 0.9424080673555916 0
10403 0.2185680047416497 0.9431782901228846 0
10404 0.216582402768952 0.9439448676669872 0
10405 0.2145959577151957 0.9447077981556913 0
10406 0.212608677471327 0.945467079773854 0
10407 0.2106205699322018 0.9462227107234049 0
10408 0.2086316429965472 0.9469746892233565 0
10409 0.2066419045669222 0.9477230135098101 0
10410 0.2046513625496849 0.9484676818359655 0
10411 0.2026600248549531 0.949208692472129 0
10412 0.2006678993965662 0.9499460437057217 0
10413 0.1986749940920509 0.9506797338412868 0
10414 0.1966813168625826 0.9514097612004979 0
10415 0.1946868756329493 0.9521361241221669 0
10416 0.1926916783315114 0.9528588209622524 0
10417 0.1906957328901693 0.953577850093866 0
10418 0.188699047244324 0.9542932099072805 0
10419 0.1867016293328376 0.9550048988099382 0
10420 0.1847034870980009 0.9557129152264578 0
10421 0.182704628485493 0.9564172575986412 0
10422 0.1807050614443457 0.9571179243854816 0
10423 0.1787047939269034 0.9578149140631701 0
10424 0.1767038338887902 0.9585082251251041 0
10425 0.1747021892888704 0.959197856081892 0
10426 0.1726998680892098 0.9598838054613629 0
10427 0.1706968782550413 0.9605660718085711 0
10428 0.1686932277547264 0.9612446536858045 0
10429 0.1666889245597184 0.9619195496725906 0
10430 0.1646839766445222 0.9625907583657041 0
10431 0.1626783919866618 0.9632582783791712 0
10432 0.1606721785666405 0.9639221083442785 0
10433 0.1586653443679011 0.9645822469095791 0
10434 0.1566578973767938 0.9652386927408968 0
10435 0.1546498455825349 0.9658914445213354 0
10436 0.1526411969771715 0.9665405009512821 0
10437 0.1506319595555413 0.9671858607484156 0
10438 0.1486221413152385 0.9678275226477108 0
10439 0.1466117502565756 0.9684654854014454 0
10440 0.1446007943825435 0.9690997477792063 0
10441 0.142589281698777 0.9697303085678929 0
10442 0.1405772202135164 0.9703571665717259 0
10443 0.1385646179375702 0.9709803206122513 0
10444 0.1365514828842753 0.9715997695283456 0
10445 0.1345378230694634 0.972215512176222 0
10446 0.1325236465114218 0.9728275474294358 0
10447 0.1305089612308536 0.9734358741788887 0
10448 0.1284937752508442 0.9740404913328352 0
10449 0.1264780965968216 0.974641397816887 0
10450 0.1244619332965173 0.975238592574018 0
10451 0.1224452933799326 0.9758320745645693 0
10452 0.1204281848792978 0.9764218427662553 0
10453 0.1184106158290367 0.9770078961741658 0
10454 0.116392594265726 0.9775902338007731 0
10455 0.1143741282280618 0.9781688546759361 0
10456 0.1123552257568189 0.9787437578469036 0
10457 0.1103358948948154 0.9793149423783206 0
10458 0.1083161436868713 0.9798824073522312 0
10459 0.1062959801797758 0.9804461518680838 0
10460 0.1042754124222472 0.9810061750427348 0
10461 0.1022544484648929 0.9815624760104531 0
10462 0.1002330963601769 0.9821150539229236 0
10463 0.09821136416237813 0.9826639079492521 0
10464 0.09618925992755473 0.9832090372759676 0
10465 0.09416679171350378 0.9837504411070286 0
10466 0.09214396757972731 0.9842881186638239 0
10467 0.09012079558739294 0.9848220691851791 0
10468 0.08809728379929321 0.9853522919273576 0
10469 0.08607344027981373 0.9858787861640653 0
10470 0.08404927309489046 0.9864015511864546 0
10471 0.08202479031197546 0.9869205863031267 0
10472 0.2400374186144915 0.940872227246394 0
10473 0.2380408164831357 0.9416305027831468 0
10474 0.2360432541773137 0.9423849991877663 0
10475 0.2340447398739438 0.9431357143921324 0
10476 0.2320452817543982 0.9438826463458175 0
10477 0.230044888004466 0.9446257930160963 0
10478 0.2280435668143119 0.9453651523879548 0
10479 0.2260413263784422 0.9461007224641007 0
10480 0.2240381748956646 0.9468325012649702 0
10481 0.2220341205690472 0.9475604868287408 0
10482 0.2200291716058851 0.9482846772113381 0
10483 0.2180233362176584 0.9490050704864448 0
10484 0.2160166226199955 0.9497216647455117 0
10485 0.2140090390326323 0.9504344580977644 0
10486 0.2120005936793768 0.9511434486702137 0
10487 0.20999129478807 0.951848634607663 0
10488 0.207981150590544 0.9525500140727188 0
10489 0.2059701693225884 0.9532475852457973 0
10490 0.2039583592239095 0.9539413463251343 0
10491 0.2019457285380896 0.9546312955267933 0
10492 0.199932285512553 0.9553174310846737 0
10493 0.1979180383985236 0.9559997512505187 0
10494 0.1959029954509888 0.9566782542939241 0
10495 0.1938871649286577 0.9573529385023464 0
10496 0.1918705550939264 0.9580238021811102 0
10497 0.1898531742128375 0.9586908436534168 0
10498 0.1878350305550392 0.9593540612603522 0
10499 0.185816132393751 0.9600134533608937 0
10500 0.183796488005722 0.9606690183319179 0
10501 0.1817761056711935 0.9613207545682098 0
10502 0.1797549936738577 0.9619686604824688 0
10503 0.1777331603008231 0.9626127345053167 0
10504 0.1757106138425733 0.9632529750853041 0
10505 0.1736873625929268 0.9638893806889195 0
10506 0.1716634148490014 0.9645219498005947 0
10507 0.1696387789111734 0.9651506809227129 0
10508 0.16761346308304 0.9657755725756153 0
10509 0.1655874756713773 0.9663966232976081 0
10510 0.1635608249861061 0.9670138316449699 0
10511 0.1615335193402504 0.9676271961919567 0
10512 0.159505567049897 0.9682367155308115 0
10513 0.1574769764341602 0.9688423882717675 0
10514 0.1554477558151405 0.9694442130430578 0
10515 0.1534179135178871 0.9700421884909189 0
10516 0.1513874578703554 0.9706363132795995 0
10517 0.1493563972033734 0.9712265860913656 0
10518 0.1473247398505997 0.9718130056265059 0
10519 0.1452924941484828 0.9723955706033398 0
10520 0.143259668436226 0.9729742797582217 0
10521 0.1412262710557463 0.973549131845548 0
10522 0.1391923103516355 0.9741201256377617 0
10523 0.13715779467112 0.97468725992536 0
10524 0.1351227323640244 0.9752505335168979 0
10525 0.1330871317827311 0.9758099452389957 0
10526 0.1310510012821391 0.9763654939363423 0
10527 0.1290143492196294 0.9769171784717035 0
10528 0.1269771839550225 0.977464997725924 0
10529 0.124939513850539 0.9780089505979351 0
10530 0.1229013472707632 0.9785490360047601 0
10531 0.1208626925826018 0.9790852528815158 0
10532 0.1188235581552466 0.9796176001814227 0
10533 0.1167839523601314 0.9801460768758055 0
10534 0.1147438835708978 0.9806706819541001 0
10535 0.1127033601633531 0.981191414423858 0
10536 0.1106623905154328 0.9817082733107506 0
10537 0.1086209830071576 0.9822212576585743 0
10538 0.1065791460205998 0.9827303665292541 0
10539 0.1045368879398407 0.9832355990028491 0
10540 0.1024942171509302 0.9837369541775552 0
10541 0.100451142041851 0.9842344311697122 0
10542 0.09840767100247727 0.9847280291138042 0
10543 0.09636381242453629 0.9852177471624665 0
10544 0.09431957470156649 0.9857035844864882 0
10545 0.09227496622888259 0.9861855402748169 0
10546 0.09022999540353427 0.9866636137345615 0
10547 0.08818467062426383 0.9871378040909973 0
10548 0.08613900029147264 0.9876081105875679 0
10549 0.08409299280717758 0.9880745324858902 0
10550 0.08204665657497445 0.9885370690657571 0
10551 0.2416989153590712 0.9464321163362496 0
10552 0.2396824491424611 0.9471457228944723 0
10553 0.2376649843444063 0.9478553991552769 0
10554 0.2356465294689015 0.9485611429678177 0
10555 0.2336270930245742 0.9492629521996502 0
10556 0.2316066835246446 0.9499608247367403 0
10557 0.2295853094868843 0.9506547584834731 0
10558 0.2275629794335798 0.9513447513626646 0
10559 0.2255397018914911 0.9520308013155689 0
10560 0.2235154853918091 0.9527129063018905 0
10561 0.2214903384701205 0.9533910642997915 0
10562 0.2194642696663648 0.9540652733059027 0
10563 0.2174372875247955 0.9547355313353321 0
10564 0.2154094005939376 0.9554018364216751 0
10565 0.2133806174265519 0.9560641866170222 0
10566 0.2113509465795928 0.9567225799919695 0
10567 0.2093203966141657 0.9573770146356276 0
10568 0.2072889760954919 0.9580274886556293 0
10569 0.2052566935928659 0.9586740001781396 0
10570 0.2032235576796133 0.9593165473478652 0
10571 0.2011895769330551 0.9599551283280607 0
10572 0.1991547599344645 0.9605897413005395 0
10573 0.1971191152690283 0.9612203844656807 0
10574 0.195082651525804 0.9618470560424401 0
10575 0.1930453772976834 0.9624697542683548 0
10576 0.191007301181351 0.9630884773995536 0
10577 0.1889684317772408 0.9637032237107663 0
10578 0.186928777689501 0.9643139914953291 0
10579 0.1848883475259508 0.9649207790651947 0
10580 0.1828471498980412 0.9655235847509382 0
10581 0.1808051934208121 0.9661224069017675 0
10582 0.1787624867128559 0.9667172438855293 0
10583 0.1767190383962763 0.9673080940887162 0
10584 0.1746748570966439 0.9678949559164763 0
10585 0.1726299514429614 0.9684778277926186 0
10586 0.1705843300676204 0.9690567081596217 0
10587 0.1685380016063616 0.96963159547864 0
10588 0.1664909746982324 0.9702024882295125 0
10589 0.1644432579855503 0.9707693849107685 0
10590 0.1623948601138603 0.9713322840396351 0
10591 0.1603457897318928 0.9718911841520438 0
10592 0.1582960554915266 0.9724460838026382 0
10593 0.1562456660477461 0.9729969815647801 0
10594 0.1541946300586025 0.9735438760305556 0
10595 0.1521429561851697 0.9740867658107834 0
10596 0.1500906530915084 0.9746256495350201 0
10597 0.1480377294446236 0.9751605258515661 0
10598 0.1459841939144221 0.9756913934274736 0
10599 0.1439300551736752 0.9762182509485505 0
10600 0.1418753218979761 0.9767410971193698 0
10601 0.1398200027657011 0.9772599306632721 0
10602 0.1377641064579649 0.9777747503223744 0
10603 0.1357076416585853 0.9782855548575738 0
10604 0.1336506170540403 0.9787923430485554 0
10605 0.1315930413334248 0.979295113693796 0
10606 0.1295349231884144 0.9797938656105716 0
10607 0.1274762713132235 0.9802885976349609 0
10608 0.1254170944045604 0.9807793086218528 0
10609 0.1233574011615937 0.9812659974449504 0
10610 0.121297200285906 0.9817486629967764 0
10611 0.1192365004814565 0.9822273041886798 0
10612 0.1171753104545366 0.9827019199508377 0
10613 0.1151136389137337 0.983172509232264 0
10614 0.1130514945698872 0.9836390710008122 0
10615 0.1109888861360501 0.9841016042431808 0
10616 0.108925822327444 0.984560107964917 0
10617 0.1068623118614237 0.9850145811904242 0
10618 0.1047983634574343 0.9854650229629628 0
10619 0.1027339858369673 0.9859114323446575 0
10620 0.1006691877235251 0.9863538084165006 0
10621 0.09860397784257635 0.9867921502783563 0
10622 0.09653836492151774 0.9872264570489649 0
10623 0.09447235768962919 0.9876567278659476 0
10624 0.09240596487803798 0.9880829618858097 0
10625 0.09033919521967571 0.988505158283944 0
10626 0.08827205744923439 0.988923316254637 0
10627 0.08620456030313139 0.9893374350110706 0
10628 0.08413671251946464 0.9897475137853259 0
10629 0.08206852283797345 0.9901535518283875 0
10630 0.2433604121036509 0.9519920054261053 0
10631 0.2413240818017866 0.9526609430057986 0
10632 0.2392867145114988 0.9533257991227875 0
10633 0.2372483190638592 0.9539865715435027 0
10634 0.2352089042947501 0.9546432580534828 0
10635 0.2331684790448232 0.955295856457384 0
10636 0.2311270521594567 0.9559443645789915 0
10637 0.2290846324887175 0.9565887802612288 0
10638 0.2270412288873177 0.9572291013661679 0
10639 0.2249968502145709 0.9578653257750404 0
10640 0.2229515053343559 0.958497451388245 0
10641 0.220905203115071 0.9591254761253605 0
10642 0.2188579524295952 0.9597493979251527 0
10643 0.2168097621552429 0.9603692147455856 0
10644 0.214760641173727 0.9609849245638307 0
10645 0.2127105983711156 0.9615965253762762 0
10646 0.2106596426377875 0.9622040151985362 0
10647 0.2086077828683954 0.9628073920654613 0
10648 0.2065550279618222 0.9634066540311452 0
10649 0.2045013868211368 0.9640017991689369 0
10650 0.2024468683535571 0.9645928255714478 0
10651 0.2003914814704054 0.9651797313505602 0
10652 0.1983352350870679 0.9657625146374379 0
10653 0.1962781381229503 0.9663411735825338 0
10654 0.1942201995014405 0.9669157063555992 0
10655 0.1921614281498645 0.9674861111456905 0
10656 0.1901018329994423 0.9680523861611803 0
10657 0.1880414229852511 0.968614529629765 0
10658 0.1859802070461797 0.9691725397984711 0
10659 0.1839181941248889 0.9697264149336667 0
10660 0.1818553931677663 0.9702761533210665 0
10661 0.1797918131248889 0.9708217532657419 0
10662 0.1777274629499792 0.9713632130921286 0
10663 0.1756623516003609 0.971900531144033 0
10664 0.1735964880369215 0.9724337057846424 0
10665 0.1715298812240672 0.9729627353965301 0
10666 0.1694625401296832 0.9734876183816644 0
10667 0.1673944737250875 0.974008353161417 0
10668 0.1653256909849945 0.9745249381765674 0
10669 0.1632562008874704 0.9750373718873133 0
10670 0.1611860124138887 0.9755456527732764 0
10671 0.159115134548893 0.9760497793335089 0
10672 0.1570435762803517 0.9765497500865024 0
10673 0.154971346599318 0.9770455635701922 0
10674 0.1528984544999839 0.9775372183419676 0
10675 0.1508249089796434 0.9780247129786748 0
10676 0.1487507190386477 0.9785080460766261 0
10677 0.1466758936803615 0.9789872162516071 0
10678 0.1446004419111242 0.9794622221388796 0
10679 0.1425243727402059 0.9799330623931919 0
10680 0.1404476951797666 0.9803997356887826 0
10681 0.1383704182448097 0.9808622407193888 0
10682 0.1362925509531463 0.9813205761982497 0
10683 0.1342141023253496 0.9817747408581151 0
10684 0.1321350813847103 0.9822247334512499 0
10685 0.1300554971571997 0.9826705527494396 0
10686 0.1279753586714243 0.9831121975439978 0
10687 0.1258946749585821 0.9835496666457701 0
10688 0.1238134550524241 0.9839829588851408 0
10689 0.12173170798921 0.9844120731120373 0
10690 0.1196494428076664 0.9848370081959364 0
10691 0.1175666685489419 0.98525776302587 0
10692 0.1154833942565696 0.985674336510428 0
10693 0.1133996289764214 0.9860867275777669 0
10694 0.1113153817566673 0.9864949351756106 0
10695 0.1092306616477303 0.9868989582712602 0
10696 0.1071454777022477 0.9872987958515944 0
10697 0.105059838975028 0.987694446923077 0
10698 0.1029737545230046 0.9880859105117599 0
10699 0.100887233405199 0.988473185663289 0
10700 0.09880028468267543 0.9888562714429084 0
10701 0.09671291741849919 0.9892351669354635 0
10702 0.09462514067769184 0.9896098712454069 0
10703 0.09253696352719326 0.9899803834968022 0
10704 0.09044839503581692 0.9903467028333264 0
10705 0.08835944427420489 0.9907088284182772 0
10706 0.08627012031479042 0.9910667594345733 0
10707 0.08418043223175181 0.9914204950847614 0
10708 0.08209038910097238 0.9917700345910179 0
10709 0.2450219088482306 0.9575518945159612 0
10710 0.242965714461112 0.9581761631171243 0
10711 0.2409084446785913 0.958796199090298 0
10712 0.2388501086588171 0.9594120001191879 0
10713 0.236790715564926 0.9600235639073157 0
10714 0.2347302745650019 0.960630888178028 0
10715 0.2326687948320293 0.9612339706745097 0
10716 0.2306062855438552 0.9618328091597927 0
10717 0.2285427558831443 0.9624274014167669 0
10718 0.2264782150373329 0.9630177452481901 0
10719 0.2244126721985914 0.9636038384766987 0
10720 0.2223461365637774 0.9641856789448183 0
10721 0.2202786173343951 0.9647632645149732 0
10722 0.2182101237165482 0.9653365930694962 0
10723 0.2161406649209021 0.9659056625106394 0
10724 0.2140702501626384 0.9664704707605827 0
10725 0.2119988886614092 0.9670310157614452 0
10726 0.209926589641299 0.9675872954752931 0
10727 0.2078533623307786 0.9681393078841505 0
10728 0.2057792159626604 0.9686870509900086 0
10729 0.2037041597740593 0.9692305228148347 0
10730 0.2016282030063464 0.9697697214005812 0
10731 0.1995513549051075 0.9703046448091945 0
10732 0.1974736247200966 0.970835291122628 0
10733 0.1953950217051975 0.9713616584428437 0
10734 0.193315555118378 0.9718837448918272 0
10735 0.1912352342216439 0.9724015486115944 0
10736 0.1891540682810011 0.9729150677642009 0
10737 0.1870720665664085 0.9734243005317481 0
10738 0.1849892383517366 0.9739292451163952 0
10739 0.1829055929147207 0.9744298997403651 0
10740 0.1808211395369218 0.9749262626459547 0
10741 0.1787358875036821 0.9754183320955407 0
10742 0.176649846104078 0.9759061063715897 0
10743 0.1745630246308815 0.9763895837766661 0
10744 0.1724754323805142 0.9768687626334385 0
10745 0.1703870786530048 0.9773436412846891 0
10746 0.1682979727519426 0.9778142180933211 0
10747 0.1662081239844388 0.9782804914423662 0
10748 0.1641175416610805 0.9787424597349917 0
10749 0.1620262350958846 0.9792001213945088 0
10750 0.1599342136062594 0.9796534748643796 0
10751 0.1578414865129574 0.9801025186082247 0
10752 0.1557480631400336 0.9805472511098292 0
10753 0.1536539528147982 0.9809876708731514 0
10754 0.1515591648677783 0.9814237764223294 0
10755 0.1494637086326716 0.9818555663016865 0
10756 0.1473675934463007 0.9822830390757405 0
10757 0.1452708286485732 0.9827061933292084 0
10758 0.1431734235824358 0.9831250276670137 0
10759 0.1410753875938319 0.9835395407142934 0
10760 0.1389767300316545 0.9839497311164033 0
10761 0.1368774602477073 0.9843555975389259 0
10762 0.1347775875966589 0.9847571386676751 0
10763 0.1326771214359958 0.9851543532087035 0
10764 0.1305760711259849 0.9855472398883078 0
10765 0.1284744460296253 0.9859357974530348 0
10766 0.1263722555126036 0.9863200246696875 0
10767 0.1242695089432546 0.9866999203253312 0
10768 0.1221662156925141 0.9870754832272978 0
10769 0.1200623851338763 0.9874467122031936 0
10770 0.1179580266433471 0.9878136061009022 0
10771 0.1158531495994055 0.9881761637885921 0
10772 0.1137477633829554 0.9885343841547211 0
10773 0.1116418773772846 0.9888882661080407 0
10774 0.1095355009680166 0.9892378085776032 0
10775 0.1074286435430718 0.9895830105127648 0
10776 0.1053213144926217 0.9899238708831907 0
10777 0.1032135232090418 0.990260388678862 0
10778 0.1011052790868732 0.9905925629100776 0
10779 0.09899659152277462 0.9909203926074607 0
10780 0.09688746991548075 0.9912438768219622 0
10781 0.09477792366575444 0.9915630146248666 0
10782 0.09266796217634865 0.991877805107795 0
10783 0.09055759485195836 0.9921882473827091 0
10784 0.0884468310991755 0.9924943405819171 0
10785 0.08633568032644923 0.9927960838580762 0
10786 0.08422415194403898 0.9930934763841971 0
10787 0.08211225536397138 0.993386517353648 0
10788 0.2466834055928102 0.9631117836058166 0
10789 0.2446073471204375 0.9636913832284503 0
10790 0.2425301748456839 0.9642665990578089 0
10791 0.2404518982537747 0.9648374286948733 0
10792 0.2383725268351019 0.9654038697611481 0
10793 0.2362920700851805 0.9659659198986715 0
10794 0.2342105375046017 0.9665235767700278 0
10795 0.2321279385989928 0.9670768380583568 0
10796 0.2300442828789709 0.9676257014673656 0
10797 0.2279595798600947 0.9681701647213395 0
10798 0.2258738390628267 0.9687102255651523 0
10799 0.2237870700124838 0.9692458817642761 0
10800 0.2216992822391949 0.9697771311047935 0
10801 0.2196104852778535 0.9703039713934065 0
10802 0.2175206886680771 0.9708264004574478 0
10803 0.2154299019541611 0.9713444161448891 0
10804 0.213338134685031 0.9718580163243536 0
10805 0.2112453964142025 0.972367198885125 0
10806 0.209151696699735 0.9728719617371557 0
10807 0.207057045104184 0.97337230281108 0
10808 0.2049614511945614 0.9738682200582215 0
10809 0.2028649245422873 0.9743597114506015 0
10810 0.200767474723147 0.9748467749809517 0
10811 0.1986691113172429 0.9753294086627217 0
10812 0.1965698439089546 0.9758076105300878 0
10813 0.1944696820868914 0.9762813786379637 0
10814 0.1923686354438455 0.9767507110620086 0
10815 0.1902667135767511 0.9772156058986364 0
10816 0.1881639260866375 0.9776760612650246 0
10817 0.1860602825785844 0.9781320752991232 0
10818 0.1839557926616749 0.9785836461596638 0
10819 0.1818504659489547 0.9790307720261674 0
10820 0.1797443120573851 0.9794734510989527 0
10821 0.177637340607795 0.9799116815991468 0
10822 0.1755295612248416 0.9803454617686899 0
10823 0.1734209835369611 0.9807747898703471 0
10824 0.1713116171763264 0.9811996641877136 0
10825 0.1692014717787976 0.9816200830252255 0
10826 0.167090556983883 0.9820360447081651 0
10827 0.1649788824346905 0.9824475475826698 0
10828 0.1628664577778806 0.9828545900157413 0
10829 0.1607532926636258 0.9832571703952504 0
10830 0.1586393967455631 0.983655287129947 0
10831 0.156524779680749 0.984048938649466 0
10832 0.1544094511296124 0.9844381234043353 0
10833 0.1522934207559133 0.9848228398659838 0
10834 0.1501766982266957 0.9852030865267467 0
10835 0.14805929321224 0.9855788618998741 0
10836 0.1459412153860222 0.985950164519537 0
10837 0.1438224744246657 0.9863169929408355 0
10838 0.1417030800078973 0.9866793457398035 0
10839 0.1395830418184993 0.9870372215134174 0
10840 0.1374623695422683 0.9873906188796016 0
10841 0.1353410728679681 0.9877395364772349 0
10842 0.1332191614872814 0.9880839729661569 0
10843 0.13109664509477 0.9884239270271759 0
10844 0.1289735333878261 0.9887593973620717 0
10845 0.1268498360666251 0.9890903826936049 0
10846 0.1247255628340851 0.9894168817655216 0
10847 0.1226007233958181 0.9897388933425585 0
10848 0.1204753274600862 0.9900564162104503 0
10849 0.1183493847377524 0.9903694491759343 0
10850 0.1162229049422414 0.990677991066756 0
10851 0.1140958977894895 0.9909820407316752 0
10852 0.111968372997902 0.9912815970404708 0
10853 0.1098403402883029 0.9915766588839461 0
10854 0.1077118093838957 0.9918672251739349 0
10855 0.1055827900102154 0.9921532948433046 0
10856 0.103453291895079 0.9924348668459642 0
10857 0.1013233247685471 0.9927119401568663 0
10858 0.09919289836287359 0.9929845137720128 0
10859 0.09706202241246209 0.9932525867084611 0
10860 0.0949307066538172 0.9935161580043264 0
10861 0.09279896082550393 0.9937752267187876 0
10862 0.09066679466809985 0.9940297919320915 0
10863 0.08853421792414612 0.9942798527455569 0
10864 0.08640124033810825 0.9945254082815788 0
10865 0.08426787165632599 0.9947664576836328 0
10866 0.08213412162697037 0.9950030001162782 0
10867 0.007499999999999951 1.05001 0
10868 0.01500000000000012 1.05001 0
10869 0.02249999999999996 1.05001 0
10870 0.0299999999999998 1.05001 0
10871 0.03750000000000009 1.05001 0
10872 0.04499999999999993 1.05001 0
10873 0.05249999999999977 1.05001 0
10874 0.06000000000000005 1.05001 0
10875 0.06749999999999989 1.05001 0
10876 0.07499999999999973 1.05001 0
10877 0.08250000000000002 1.05001 0
10878 0.08999999999999986 1.05001 0
10879 0.0974999999999997 1.05001 0
10880 0.105 1.05001 0
10881 0.1124999999999998 1.05001 0
10882 0.1199999999999999 1.05001 0
10883 0.1274999999999997 1.05001 0
10884 0.1349999999999998 1.05001 0
10885 0.1424999999999996 1.05001 0
10886 0.1499999999999998 1.05001 0
10887 0.1574999999999998 1.05001 0
10888 0.1649999999999998 1.05001 0
10889 0.1724999999999997 1.05001 0
10890 0.1799999999999997 1.05001 0
10891 0.1874999999999997 1.05001 0
10892 0.1949999999999998 1.05001 0
10893 0.2024999999999997 1.05001 0
10894 0.2099999999999999 1.05001 0
10895 0.2174999999999999 1.05001 0
10896 0.225 1.05001 0
10897 0.2324999999999999 1.05001 0
10898 0.2399999999999999 1.05001 0
10899 0.2474999999999999 1.05001 0
10900 0.2549999999999998 1.05001 0
10901 0.2625 1.05001 0
10902 0.2700000000000001 1.05001 0
10903 0.2774999999999999 1.05001 0
10904 0.2849999999999999 1.05001 0
10905 0.2924999999999999 1.05001 0
10906 0.34 1.05001 0
10907 0.3799999999999999 1.05001 0
10908 0.4199999999999999 1.05001 0
10909 0.46 1.05001 0
10910 0.4999999999999999 1.05001 0
10911 0.5399999999999999 1.05001 0
10912 0.5799999999999998 1.05001 0
10913 0.6199999999999999 1.05001 0
10914 0.6599999999999999 1.05001 0
10915 0.7 1.05001 0
10916 0.74 1.05001 0
10917 0.78 1.05001 0
10918 0.8200000000000001 1.05001 0
10919 0.8600000000000001 1.05001 0
10920 0.9000000000000001 1.05001 0
10921 0.9400000000000001 1.05001 0
10922 0.9800000000000002 1.05001 0
10923 1.02 1.05001 0
10924 1.06 1.05001 0
10925 1.1 1.05001 0
10926 1.14 1.05001 0
10927 1.18 1.05001 0
10928 1.22 1.05001 0
10929 1.26 1.05001 0
10930 1.3 1.05001 0
10931 1.34 1.05001 0
10932 1.38 1.05001 0
10933 1.42 1.05001 0
10934 1.46 1.05001 0
$EndNodes
$Elements
11222
1 1 2 8 10 3 233
2 1 2 8 10 233 234
3 1 2 8 10 234 235
4 1 2 8 10 235 236
5 1 2 8 10 236 237
6 1 2 8 10 237 238
7 1 2 8 10 238 239
8 1 2 8 10 239 240
9 1 2 8 10 240 241
10 1 2 8 10 241 242
11 1 2 8 10 242 243
12 1 2 8 10 243 244
13 1 2 8 10 244 245
14 1 2 8 10 245 246
15 1 2 8 10 246 247
16 1 2 8 10 247 248
17 1 2 8 10 248 249
18 1 2 8 10 249 250
19 1 2 8 10 250 251
20 1 2 8 10 251 252
21 1 2 8 10 252 253
22 1 2 8 10 253 254
23 1 2 8 10 254 255
24 1 2 8 10 255 256
25 1 2 8 10 256 257
26 1 2 8 10 257 258
27 1 2 8 10 258 259
28 1 2 8 10 259 260
29 1 2 8 10 260 261
30 1 2 8 10 261 4
31 1 2 7 11 4 262
32 1 2 7 11 262 263
33 1 2 7 11 263 264
34 1 2 7 11 264 265
35 1 2 7 11 265 266
36 1 2 7 11 266 267
37 1 2 7 11 267 268
38 1 2 7 11 268 269
39 1 2 7 11 269 270
40 1 2 7 11 270 271
41 1 2 7 11 271 272
42 1 2 7 11 272 273
43 1 2 7 11 273 274
44 1 2 7 11 274 275
45 1 2 7 11 275 276
46 1 2 7 11 276 277
47 1 2 7 11 277 278
48 1 2 7 11 278 279
49 1 2 7 11 279 280
50 1 2 7 11 280 281
51 1 2 7 11 281 282
52 1 2 7 11 282 283
53 1 2 7 11 283 284
54 1 2 7 11 284 285
55 1 2 7 11 285 286
56 1 2 7 11 286 287
57 1 2 7 11 287 288
58 1 2 7 11 288 289
59 1 2 7 11 289 290
60 1 2 7 11 290 291
61 1 2 7 11 291 292
62 1 2 7 11 292 293
63 1 2 7 11 293 294
64 1 2 7 11 294 295
65 1 2 7 11 295 296
66 1 2 7 11 296 297
67 1 2 7 11 297 298
68 1 2 7 11 298 299
69 1 2 7 11 299 300
70 1 2 7 11 300 301
71 1 2 7 11 301 302
72 1 2 7 11 302 303
73 1 2 7 11 303 304
74 1 2 7 11 304 305
75 1 2 7 11 305 306
76 1 2 7 11 306 307
77 1 2 7 11 307 308
78 1 2 7 11 308 309
79 1 2 7 11 309 310
80 1 2 7 11 310 311
81 1 2 7 11 311 312
82 1 2 7 11 312 313
83 1 2 7 11 313 314
84 1 2 7 11 314 315
85 1 2 7 11 315 316
86 1 2 7 11 316 317
87 1 2 7 11 317 318
88 1 2 7 11 318 319
89 1 2 7 11 319 320
90 1 2 7 11 320 321
91 1 2 7 11 321 322
92 1 2 7 11 322 323
93 1 2 7 11 323 324
94 1 2 7 11 324 325
95 1 2 7 11 325 326
96 1 2 7 11 326 327
97 1 2 7 11 327 328
98 1 2 7 11 328 329
99 1 2 7 11 329 330
100 1 2 7 11 330 331
101 1 2 7 11 331 332
102 1 2 7 11 332 333
103 1 2 7 11 333 334
104 1 2 7 11 334 335
105 1 2 7 11 335 336
106 1 2 7 11 336 337
107 1 2 7 11 337 338
108 1 2 7 11 338 339
109 1 2 7 11 339 340
110 1 2 7 11 340 5
111 1 2 7 12 5 341
112 1 2 7 12 341 342
113 1 2 7 12 342 343
114 1 2 7 12 343 344
115 1 2 7 12 344 345
116 1 2 7 12 345 346
117 1 2 7 12 346 347
118 1 2 7 12 347 348
119 1 2 7 12 348 349
120 1 2 7 12 349 350
121 1 2 7 12 350 351
122 1 2 7 12 351 352
123 1 2 7 12 352 353
124 1 2 7 12 353 354
125 1 2 7 12 354 355
126 1 2 7 12 355 356
127 1 2 7 12 356 357
128 1 2 7 12 357 358
129 1 2 7 12 358 359
130 1 2 7 12 359 360
131 1 2 7 12 360 361
132 1 2 7 12 361 362
133 1 2 7 12 362 363
134 1 2 7 12 363 364
135 1 2 7 12 364 365
136 1 2 7 12 365 366
137 1 2 7 12 366 367
138 1 2 7 12 367 368
139 1 2 7 12 368 369
140 1 2 7 12 369 370
141 1 2 7 12 370 371
142 1 2 7 12 371 372
143 1 2 7 12 372 373
144 1 2 7 12 373 374
145 1 2 7 12 374 375
146 1 2 7 12 375 376
147 1 2 7 12 376 377
148 1 2 7 12 377 378
149 1 2 7 12 378 379
150 1 2 7 12 379 380
151 1 2 7 12 380 381
152 1 2 7 12 381 382
153 1 2 7 12 382 383
154 1 2 7 12 383 384
155 1 2 7 12 384 385
156 1 2 7 12 385 386
157 1 2 7 12 386 387
158 1 2 7 12 387 388
159 1 2 7 12 388 389
160 1 2 7 12 389 390
161 1 2 7 12 390 391
162 1 2 7 12 391 392
163 1 2 7 12 392 393
164 1 2 7 12 393 394
165 1 2 7 12 394 395
166 1 2 7 12 395 396
167 1 2 7 12 396 397
168 1 2 7 12 397 398
169 1 2 7 12 398 399
170 1 2 7 12 399 400
171 1 2 7 12 400 401
172 1 2 7 12 401 402
173 1 2 7 12 402 403
174 1 2 7 12 403 404
175 1 2 7 12 404 405
176 1 2 7 12 405 406
177 1 2 7 12 406 407
178 1 2 7 12 407 408
179 1 2 7 12 408 409
180 1 2 7 12 409 410
181 1 2 7 12 410 411
182 1 2 7 12 411 412
183 1 2 7 12 412 413
184 1 2 7 12 413 414
185 1 2 7 12 414 415
186 1 2 7 12 415 416
187 1 2 7 12 416 417
188 1 2 7 12 417 418
189 1 2 7 12 418 419
190 1 2 7 12 419 6
191 1 2 8 13 7 420
192 1 2 8 13 420 421
193 1 2 8 13 421 422
194 1 2 8 13 422 423
195 1 2 8 13 423 424
196 1 2 8 13 424 425
197 1 2 8 13 425 426
198 1 2 8 13 426 427
199 1 2 8 13 427 428
200 1 2 8 13 428 429
201 1 2 8 13 429 430
202 1 2 8 13 430 431
203 1 2 8 13 431 432
204 1 2 8 13 432 433
205 1 2 8 13 433 434
206 1 2 8 13 434 435
207 1 2 8 13 435 436
208 1 2 8 13 436 437
209 1 2 8 13 437 438
210 1 2 8 13 438 439
211 1 2 8 13 439 440
212 1 2 8 13 440 441
213 1 2 8 13 441 442
214 1 2 8 13 442 443
215 1 2 8 13 443 444
216 1 2 8 13 444 445
217 1 2 8 13 445 446
218 1 2 8 13 446 447
219 1 2 8 13 447 448
220 1 2 8 13 448 3
221 1 2 6 14 8 449
222 1 2 6 14 449 450
223 1 2 6 14 450 451
224 1 2 6 14 451 452
225 1 2 6 14 452 453
226 1 2 6 14 453 454
227 1 2 6 14 454 455
228 1 2 6 14 455 456
229 1 2 6 14 456 457
230 1 2 6 14 457 458
231 1 2 6 14 458 459
232 1 2 6 14 459 460
233 1 2 6 14 460 461
234 1 2 6 14 461 462
235 1 2 6 14 462 463
236 1 2 6 14 463 464
237 1 2 6 14 464 465
238 1 2 6 14 465 466
239 1 2 6 14 466 467
240 1 2 6 14 467 468
241 1 2 6 14 468 469
242 1 2 6 14 469 470
243 1 2 6 14 470 471
244 1 2 6 14 471 472
245 1 2 6 14 472 473
246 1 2 6 14 473 474
247 1 2 6 14 474 475
248 1 2 6 14 475 476
249 1 2 6 14 476 477
250 1 2 6 14 477 478
251 1 2 6 14 478 479
252 1 2 6 14 479 480
253 1 2 6 14 480 481
254 1 2 6 14 481 482
255 1 2 6 14 482 483
256 1 2 6 14 483 484
257 1 2 6 14 484 485
258 1 2 6 14 485 486
259 1 2 6 14 486 487
260 1 2 6 14 487 488
261 1 2 6 14 488 489
262 1 2 6 14 489 490
263 1 2 6 14 490 491
264 1 2 6 14 491 492
265 1 2 6 14 492 493
266 1 2 6 14 493 494
267 1 2 6 14 494 495
268 1 2 6 14 495 496
269 1 2 6 14 496 497
270 1 2 6 14 497 498
271 1 2 6 14 498 499
272 1 2 6 14 499 500
273 1 2 6 14 500 501
274 1 2 6 14 501 502
275 1 2 6 14 502 503
276 1 2 6 14 503 504
277 1 2 6 14 504 505
278 1 2 6 14 505 506
279 1 2 6 14 506 507
280 1 2 6 14 507 508
281 1 2 6 14 508 509
282 1 2 6 14 509 510
283 1 2 6 14 510 511
284 1 2 6 14 511 512
285 1 2 6 14 512 513
286 1 2 6 14 513 514
287 1 2 6 14 514 515
288 1 2 6 14 515 516
289 1 2 6 14 516 517
290 1 2 6 14 517 518
291 1 2 6 14 518 519
292 1 2 6 14 519 520
293 1 2 6 14 520 521
294 1 2 6 14 521 522
295 1 2 6 14 522 523
296 1 2 6 14 523 524
297 1 2 6 14 524 525
298 1 2 6 14 525 526
299 1 2 6 14 526 527
300 1 2 6 14 527 7
301 1 2 6 17 10 586
302 1 2 6 17 586 587
303 1 2 6 17 587 588
304 1 2 6 17 588 589
305 1 2 6 17 589 590
306 1 2 6 17 590 591
307 1 2 6 17 591 592
308 1 2 6 17 592 593
309 1 2 6 17 593 594
310 1 2 6 17 594 595
311 1 2 6 17 595 596
312 1 2 6 17 596 597
313 1 2 6 17 597 598
314 1 2 6 17 598 599
315 1 2 6 17 599 600
316 1 2 6 17 600 601
317 1 2 6 17 601 602
318 1 2 6 17 602 603
319 1 2 6 17 603 604
320 1 2 6 17 604 605
321 1 2 6 17 605 606
322 1 2 6 17 606 607
323 1 2 6 17 607 608
324 1 2 6 17 608 609
325 1 2 6 17 609 610
326 1 2 6 17 610 611
327 1 2 6 17 611 612
328 1 2 6 17 612 613
329 1 2 6 17 613 614
330 1 2 6 17 614 9
331 1 2 7 18 6 615
332 1 2 7 18 615 616
333 1 2 7 18 616 617
334 1 2 7 18 617 618
335 1 2 7 18 618 619
336 1 2 7 18 619 620
337 1 2 7 18 620 621
338 1 2 7 18 621 622
339 1 2 7 18 622 623
340 1 2 7 18 623 624
341 1 2 7 18 624 625
342 1 2 7 18 625 626
343 1 2 7 18 626 627
344 1 2 7 18 627 628
345 1 2 7 18 628 629
346 1 2 7 18 629 630
347 1 2 7 18 630 631
348 1 2 7 18 631 632
349 1 2 7 18 632 633
350 1 2 7 18 633 634
351 1 2 7 18 634 635
352 1 2 7 18 635 636
353 1 2 7 18 636 637
354 1 2 7 18 637 638
355 1 2 7 18 638 639
356 1 2 7 18 639 640
357 1 2 7 18 640 641
358 1 2 7 18 641 642
359 1 2 7 18 642 643
360 1 2 7 18 643 10
361 1 2 6 19 9 644
362 1 2 6 19 644 645
363 1 2 6 19 645 646
364 1 2 6 19 646 647
365 1 2 6 19 647 648
366 1 2 6 19 648 649
367 1 2 6 19 649 650
368 1 2 6 19 650 651
369 1 2 6 19 651 652
370 1 2 6 19 652 653
371 1 2 6 19 653 654
372 1 2 6 19 654 655
373 1 2 6 19 655 656
374 1 2 6 19 656 657
375 1 2 6 19 657 658
376 1 2 6 19 658 659
377 1 2 6 19 659 660
378 1 2 6 19 660 661
379 1 2 6 19 661 662
380 1 2 6 19 662 663
381 1 2 6 19 663 664
382 1 2 6 19 664 665
383 1 2 6 19 665 666
384 1 2 6 19 666 667
385 1 2 6 19 667 668
386 1 2 6 19 668 669
387 1 2 6 19 669 670
388 1 2 6 19 670 671
389 1 2 6 19 671 672
390 1 2 6 19 672 673
391 1 2 6 19 673 674
392 1 2 6 19 674 675
393 1 2 6 19 675 676
394 1 2 6 19 676 677
395 1 2 6 19 677 678
396 1 2 6 19 678 679
397 1 2 6 19 679 680
398 1 2 6 19 680 681
399 1 2 6 19 681 682
400 1 2 6 19 682 683
401 1 2 6 19 683 684
402 1 2 6 19 684 685
403 1 2 6 19 685 686
404 1 2 6 19 686 687
405 1 2 6 19 687 688
406 1 2 6 19 688 689
407 1 2 6 19 689 690
408 1 2 6 19 690 691
409 1 2 6 19 691 692
410 1 2 6 19 692 693
411 1 2 6 19 693 694
412 1 2 6 19 694 695
413 1 2 6 19 695 696
414 1 2 6 19 696 697
415 1 2 6 19 697 698
416 1 2 6 19 698 699
417 1 2 6 19 699 700
418 1 2 6 19 700 701
419 1 2 6 19 701 702
420 1 2 6 19 702 703
421 1 2 6 19 703 704
422 1 2 6 19 704 705
423 1 2 6 19 705 706
424 1 2 6 19 706 707
425 1 2 6 19 707 708
426 1 2 6 19 708 709
427 1 2 6 19 709 710
428 1 2 6 19 710 711
429 1 2 6 19 711 712
430 1 2 6 19 712 713
431 1 2 6 19 713 714
432 1 2 6 19 714 715
433 1 2 6 19 715 716
434 1 2 6 19 716 717
435 1 2 6 19 717 718
436 1 2 6 19 718 719
437 1 2 6 19 719 720
438 1 2 6 19 720 721
439 1 2 6 19 721 722
440 1 2 6 19 722 8
441 1 2 4 22 11 723
442 1 2 4 22 723 12
443 1 2 3 23 13 724
444 1 2 3 23 724 725
445 1 2 3 23 725 726
446 1 2 3 23 726 727
447 1 2 3 23 727 728
448 1 2 3 23 728 729
449 1 2 3 23 729 730
450 1 2 3 23 730 731
451 1 2 3 23 731 732
452 1 2 3 23 732 733
453 1 2 3 23 733 734
454 1 2 3 23 734 735
455 1 2 3 23 735 736
456 1 2 3 23 736 737
457 1 2 3 23 737 738
458 1 2 3 23 738 739
459 1 2 3 23 739 740
460 1 2 3 23 740 741
461 1 2 3 23 741 742
462 1 2 3 23 742 743
463 1 2 3 23 743 744
464 1 2 3 23 744 745
465 1 2 3 23 745 746
466 1 2 3 23 746 747
467 1 2 3 23 747 748
468 1 2 3 23 748 749
469 1 2 3 23 749 750
470 1 2 3 23 750 751
471 1 2 3 23 751 752
472 1 2 3 23 752 753
473 1 2 3 23 753 754
474 1 2 3 23 754 755
475 1 2 3 23 755 756
476 1 2 3 23 756 757
477 1 2 3 23 757 758
478 1 2 3 23 758 759
479 1 2 3 23 759 760
480 1 2 3 23 760 761
481 1 2 3 23 761 762
482 1 2 3 23 762 11
483 1 2 5 25 12 764
484 1 2 5 25 764 765
485 1 2 5 25 765 766
486 1 2 5 25 766 767
487 1 2 5 25 767 768
488 1 2 5 25 768 769
489 1 2 5 25 769 770
490 1 2 5 25 770 771
491 1 2 5 25 771 772
492 1 2 5 25 772 773
493 1 2 5 25 773 774
494 1 2 5 25 774 775
495 1 2 5 25 775 776
496 1 2 5 25 776 777
497 1 2 5 25 777 778
498 1 2 5 25 778 779
499 1 2 5 25 779 780
500 1 2 5 25 780 781
501 1 2 5 25 781 782
502 1 2 5 25 782 783
503 1 2 5 25 783 784
504 1 2 5 25 784 785
505 1 2 5 25 785 786
506 1 2 5 25 786 787
507 1 2 5 25 787 788
508 1 2 5 25 788 789
509 1 2 5 25 789 790
510 1 2 5 25 790 791
511 1 2 5 25 791 792
512 1 2 5 25 792 793
513 1 2 5 25 793 794
514 1 2 5 25 794 795
515 1 2 5 25 795 796
516 1 2 5 25 796 797
517 1 2 5 25 797 798
518 1 2 5 25 798 799
519 1 2 5 25 799 800
520 1 2 5 25 800 801
521 1 2 5 25 801 802
522 1 2 5 25 802 14
523 1 2 3 26 15 803
524 1 2 3 26 803 804
525 1 2 3 26 804 805
526 1 2 3 26 805 806
527 1 2 3 26 806 807
528 1 2 3 26 807 808
529 1 2 3 26 808 809
530 1 2 3 26 809 810
531 1 2 3 26 810 811
532 1 2 3 26 811 812
533 1 2 3 26 812 813
534 1 2 3 26 813 814
535 1 2 3 26 814 815
536 1 2 3 26 815 816
537 1 2 3 26 816 817
538 1 2 3 26 817 818
539 1 2 3 26 818 819
540 1 2 3 26 819 820
541 1 2 3 26 820 821
542 1 2 3 26 821 822
543 1 2 3 26 822 823
544 1 2 3 26 823 824
545 1 2 3 26 824 825
546 1 2 3 26 825 826
547 1 2 3 26 826 827
548 1 2 3 26 827 828
549 1 2 3 26 828 829
550 1 2 3 26 829 830
551 1 2 3 26 830 831
552 1 2 3 26 831 13
553 1 2 5 28 14 833
554 1 2 5 28 833 834
555 1 2 5 28 834 835
556 1 2 5 28 835 836
557 1 2 5 28 836 837
558 1 2 5 28 837 838
559 1 2 5 28 838 839
560 1 2 5 28 839 840
561 1 2 5 28 840 841
562 1 2 5 28 841 842
563 1 2 5 28 842 843
564 1 2 5 28 843 844
565 1 2 5 28 844 845
566 1 2 5 28 845 846
567 1 2 5 28 846 847
568 1 2 5 28 847 848
569 1 2 5 28 848 849
570 1 2 5 28 849 850
571 1 2 5 28 850 851
572 1 2 5 28 851 852
573 1 2 5 28 852 853
574 1 2 5 28 853 854
575 1 2 5 28 854 855
576 1 2 5 28 855 856
577 1 2 5 28 856 857
578 1 2 5 28 857 858
579 1 2 5 28 858 859
580 1 2 5 28 859 860
581 1 2 5 28 860 861
582 1 2 5 28 861 16
583 3 2 1 1 3 233 862 232
584 3 2 1 1 232 862 863 231
585 3 2 1 1 231 863 864 230
586 3 2 1 1 230 864 865 229
587 3 2 1 1 229 865 866 228
588 3 2 1 1 228 866 867 227
589 3 2 1 1 227 867 868 226
590 3 2 1 1 226 868 869 225
591 3 2 1 1 225 869 870 224
592 3 2 1 1 224 870 871 223
593 3 2 1 1 223 871 872 222
594 3 2 1 1 222 872 873 221
595 3 2 1 1 221 873 874 220
596 3 2 1 1 220 874 875 219
597 3 2 1 1 219 875 876 218
598 3 2 1 1 218 876 877 217
599 3 2 1 1 217 877 878 216
600 3 2 1 1 216 878 879 215
601 3 2 1 1 215 879 880 214
602 3 2 1 1 214 880 881 213
603 3 2 1 1 213 881 882 212
604 3 2 1 1 212 882 883 211
605 3 2 1 1 211 883 884 210
606 3 2 1 1 210 884 885 209
607 3 2 1 1 209 885 886 208
608 3 2 1 1 208 886 887 207
609 3 2 1 1 207 887 888 206
610 3 2 1 1 206 888 889 205
611 3 2 1 1 205 889 890 204
612 3 2 1 1 204 890 891 203
613 3 2 1 1 203 891 892 202
614 3 2 1 1 202 892 893 201
615 3 2 1 1 201 893 894 200
616 3 2 1 1 200 894 895 199
617 3 2 1 1 199 895 896 198
618 3 2 1 1 198 896 897 197
619 3 2 1 1 197 897 898 196
620 3 2 1 1 196 898 899 195
621 3 2 1 1 195 899 900 194
622 3 2 1 1 194 900 901 193
623 3 2 1 1 193 901 902 192
624 3 2 1 1 192 902 903 191
625 3 2 1 1 191 903 904 190
626 3 2 1 1 190 904 905 189
627 3 2 1 1 189 905 906 188
628 3 2 1 1 188 906 907 187
629 3 2 1 1 187 907 908 186
630 3 2 1 1 186 908 909 185
631 3 2 1 1 185 909 910 184
632 3 2 1 1 184 910 911 183
633 3 2 1 1 183 911 912 182
634 3 2 1 1 182 912 913 181
635 3 2 1 1 181 913 914 180
636 3 2 1 1 180 914 915 179
637 3 2 1 1 179 915 916 178
638 3 2 1 1 178 916 917 177
639 3 2 1 1 177 917 918 176
640 3 2 1 1 176 918 919 175
641 3 2 1 1 175 919 920 174
642 3 2 1 1 174 920 921 173
643 3 2 1 1 173 921 922 172
644 3 2 1 1 172 922 923 171
645 3 2 1 1 171 923 924 170
646 3 2 1 1 170 924 925 169
647 3 2 1 1 169 925 926 168
648 3 2 1 1 168 926 927 167
649 3 2 1 1 167 927 928 166
650 3 2 1 1 166 928 929 165
651 3 2 1 1 165 929 930 164
652 3 2 1 1 164 930 931 163
653 3 2 1 1 163 931 932 162
654 3 2 1 1 162 932 933 161
655 3 2 1 1 161 933 934 160
656 3 2 1 1 160 934 935 159
657 3 2 1 1 159 935 936 158
658 3 2 1 1 158 936 937 157
659 3 2 1 1 157 937 938 156
660 3 2 1 1 156 938 939 155
661 3 2 1 1 155 939 940 154
662 3 2 1 1 154 940 153 2
663 3 2 1 1 233 234 941 862
664 3 2 1 1 862 941 942 863
665 3 2 1 1 863 942 943 864
666 3 2 1 1 864 943 944 865
667 3 2 1 1 865 944 945 866
668 3 2 1 1 866 945 946 867
669 3 2 1 1 867 946 947 868
670 3 2 1 1 868 947 948 869
671 3 2 1 1 869 948 949 870
672 3 2 1 1 870 949 950 871
673 3 2 1 1 871 950 951 872
674 3 2 1 1 872 951 952 873
675 3 2 1 1 873 952 953 874
676 3 2 1 1 874 953 954 875
677 3 2 1 1 875 954 955 876
678 3 2 1 1 876 955 956 877
679 3 2 1 1 877 956 957 878
680 3 2 1 1 878 957 958 879
681 3 2 1 1 879 958 959 880
682 3 2 1 1 880 959 960 881
683 3 2 1 1 881 960 961 882
684 3 2 1 1 882 961 962 883
685 3 2 1 1 883 962 963 884
686 3 2 1 1 884 963 964 885
687 3 2 1 1 885 964 965 886
688 3 2 1 1 886 965 966 887
689 3 2 1 1 887 966 967 888
690 3 2 1 1 888 967 968 889
691 3 2 1 1 889 968 969 890
692 3 2 1 1 890 969 970 891
693 3 2 1 1 891 970 971 892
694 3 2 1 1 892 971 972 893
695 3 2 1 1 893 972 973 894
696 3 2 1 1 894 973 974 895
697 3 2 1 1 895 974 975 896
698 3 2 1 1 896 975 976 897
699 3 2 1 1 897 976 977 898
700 3 2 1 1 898 977 978 899
701 3 2 1 1 899 978 979 900
702 3 2 1 1 900 979 980 901
703 3 2 1 1 901 980 981 902
704 3 2 1 1 902 981 982 903
705 3 2 1 1 903 982 983 904
706 3 2 1 1 904 983 984 905
707 3 2 1 1 905 984 985 906
708 3 2 1 1 906 985 986 907
709 3 2 1 1 907 986 987 908
710 3 2 1 1 908 987 988 909
711 3 2 1 1 909 988 989 910
712 3 2 1 1 910 989 990 911
713 3 2 1 1 911 990 991 912
714 3 2 1 1 912 991 992 913
715 3 2 1 1 913 992 993 914
716 3 2 1 1 914 993 994 915
717 3 2 1 1 915 994 995 916
718 3 2 1 1 916 995 996 917
719 3 2 1 1 917 996 997 918
720 3 2 1 1 918 997 998 919
721 3 2 1 1 919 998 999 920
722 3 2 1 1 920 999 1000 921
723 3 2 1 1 921 1000 1001 922
724 3 2 1 1 922 1001 1002 923
725 3 2 1 1 923 1002 1003 924
726 3 2 1 1 924 1003 1004 925
727 3 2 1 1 925 1004 1005 926
728 3 2 1 1 926 1005 1006 927
729 3 2 1 1 927 1006 1007 928
730 3 2 1 1 928 1007 1008 929
731 3 2 1 1 929 1008 1009 930
732 3 2 1 1 930 1009 1010 931
733 3 2 1 1 931 1010 1011 932
734 3 2 1 1 932 1011 1012 933
735 3 2 1 1 933 1012 1013 934
736 3 2 1 1 934 1013 1014 935
737 3 2 1 1 935 1014 1015 936
738 3 2 1 1 936 1015 1016 937
739 3 2 1 1 937 1016 1017 938
740 3 2 1 1 938 1017 1018 939
741 3 2 1 1 939 1018 1019 940
742 3 2 1 1 940 1019 152 153
743 3 2 1 1 234 235 1020 941
744 3 2 1 1 941 1020 1021 942
745 3 2 1 1 942 1021 1022 943
746 3 2 1 1 943 1022 1023 944
747 3 2 1 1 944 1023 1024 945
748 3 2 1 1 945 1024 1025 946
749 3 2 1 1 946 1025 1026 947
750 3 2 1 1 947 1026 1027 948
751 3 2 1 1 948 1027 1028 949
752 3 2 1 1 949 1028 1029 950
753 3 2 1 1 950 1029 1030 951
754 3 2 1 1 951 1030 1031 952
755 3 2 1 1 952 1031 1032 953
756 3 2 1 1 953 1032 1033 954
757 3 2 1 1 954 1033 1034 955
758 3 2 1 1 955 1034 1035 956
759 3 2 1 1 956 1035 1036 957
760 3 2 1 1 957 1036 1037 958
761 3 2 1 1 958 1037 1038 959
762 3 2 1 1 959 1038 1039 960
763 3 2 1 1 960 1039 1040 961
764 3 2 1 1 961 1040 1041 962
765 3 2 1 1 962 1041 1042 963
766 3 2 1 1 963 1042 1043 964
767 3 2 1 1 964 1043 1044 965
768 3 2 1 1 965 1044 1045 966
769 3 2 1 1 966 1045 1046 967
770 3 2 1 1 967 1046 1047 968
771 3 2 1 1 968 1047 1048 969
772 3 2 1 1 969 1048 1049 970
773 3 2 1 1 970 1049 1050 971
774 3 2 1 1 971 1050 1051 972
775 3 2 1 1 972 1051 1052 973
776 3 2 1 1 973 1052 1053 974
777 3 2 1 1 974 1053 1054 975
778 3 2 1 1 975 1054 1055 976
779 3 2 1 1 976 1055 1056 977
780 3 2 1 1 977 1056 1057 978
781 3 2 1 1 978 1057 1058 979
782 3 2 1 1 979 1058 1059 980
783 3 2 1 1 980 1059 1060 981
784 3 2 1 1 981 1060 1061 982
785 3 2 1 1 982 1061 1062 983
786 3 2 1 1 983 1062 1063 984
787 3 2 1 1 984 1063 1064 985
788 3 2 1 1 985 1064 1065 986
789 3 2 1 1 986 1065 1066 987
790 3 2 1 1 987 1066 1067 988
791 3 2 1 1 988 1067 1068 989
792 3 2 1 1 989 1068 1069 990
793 3 2 1 1 990 1069 1070 991
794 3 2 1 1 991 1070 1071 992
795 3 2 1 1 992 1071 1072 993
796 3 2 1 1 993 1072 1073 994
797 3 2 1 1 994 1073 1074 995
798 3 2 1 1 995 1074 1075 996
799 3 2 1 1 996 1075 1076 997
800 3 2 1 1 997 1076 1077 998
801 3 2 1 1 998 1077 1078 999
802 3 2 1 1 999 1078 1079 1000
803 3 2 1 1 1000 1079 1080 1001
804 3 2 1 1 1001 1080 1081 1002
805 3 2 1 1 1002 1081 1082 1003
806 3 2 1 1 1003 1082 1083 1004
807 3 2 1 1 1004 1083 1084 1005
808 3 2 1 1 1005 1084 1085 1006
809 3 2 1 1 1006 1085 1086 1007
810 3 2 1 1 1007 1086 1087 1008
811 3 2 1 1 1008 1087 1088 1009
812 3 2 1 1 1009 1088 1089 1010
813 3 2 1 1 1010 1089 1090 1011
814 3 2 1 1 1011 1090 1091 1012
815 3 2 1 1 1012 1091 1092 1013
816 3 2 1 1 1013 1092 1093 1014
817 3 2 1 1 1014 1093 1094 1015
818 3 2 1 1 1015 1094 1095 1016
819 3 2 1 1 1016 1095 1096 1017
820 3 2 1 1 1017 1096 1097 1018
821 3 2 1 1 1018 1097 1098 1019
822 3 2 1 1 1019 1098 151 152
823 3 2 1 1 235 236 1099 1020
824 3 2 1 1 1020 1099 1100 1021
825 3 2 1 1 1021 1100 1101 1022
826 3 2 1 1 1022 1101 1102 1023
827 3 2 1 1 1023 1102 1103 1024
828 3 2 1 1 1024 1103 1104 1025
829 3 2 1 1 1025 1104 1105 1026
830 3 2 1 1 1026 1105 1106 1027
831 3 2 1 1 1027 1106 1107 1028
832 3 2 1 1 1028 1107 1108 1029
833 3 2 1 1 1029 1108 1109 1030
834 3 2 1 1 1030 1109 1110 1031
835 3 2 1 1 1031 1110 1111 1032
836 3 2 1 1 1032 1111 1112 1033
837 3 2 1 1 1033 1112 1113 1034
838 3 2 1 1 1034 1113 1114 1035
839 3 2 1 1 1035 1114 1115 1036
840 3 2 1 1 1036 1115 1116 1037
841 3 2 1 1 1037 1116 1117 1038
842 3 2 1 1 1038 1117 1118 1039
843 3 2 1 1 1039 1118 1119 1040
844 3 2 1 1 1040 1119 1120 1041
845 3 2 1 1 1041 1120 1121 1042
846 3 2 1 1 1042 1121 1122 1043
847 3 2 1 1 1043 1122 1123 1044
848 3 2 1 1 1044 1123 1124 1045
849 3 2 1 1 1045 1124 1125 1046
850 3 2 1 1 1046 1125 1126 1047
851 3 2 1 1 1047 1126 1127 1048
852 3 2 1 1 1048 1127 1128 1049
853 3 2 1 1 1049 1128 1129 1050
854 3 2 1 1 1050 1129 1130 1051
855 3 2 1 1 1051 1130 1131 1052
856 3 2 1 1 1052 1131 1132 1053
857 3 2 1 1 1053 1132 1133 1054
858 3 2 1 1 1054 1133 1134 1055
859 3 2 1 1 1055 1134 1135 1056
860 3 2 1 1 1056 1135 1136 1057
861 3 2 1 1 1057 1136 1137 1058
862 3 2 1 1 1058 1137 1138 1059
863 3 2 1 1 1059 1138 1139 1060
864 3 2 1 1 1060 1139 1140 1061
865 3 2 1 1 1061 1140 1141 1062
866 3 2 1 1 1062 1141 1142 1063
867 3 2 1 1 1063 1142 1143 1064
868 3 2 1 1 1064 1143 1144 1065
869 3 2 1 1 1065 1144 1145 1066
870 3 2 1 1 1066 1145 1146 1067
871 3 2 1 1 1067 1146 1147 1068
872 3 2 1 1 1068 1147 1148 1069
873 3 2 1 1 1069 1148 1149 1070
874 3 2 1 1 1070 1149 1150 1071
875 3 2 1 1 1071 1150 1151 1072
876 3 2 1 1 1072 1151 1152 1073
877 3 2 1 1 1073 1152 1153 1074
878 3 2 1 1 1074 1153 1154 1075
879 3 2 1 1 1075 1154 1155 1076
880 3 2 1 1 1076 1155 1156 1077
881 3 2 1 1 1077 1156 1157 1078
882 3 2 1 1 1078 1157 1158 1079
883 3 2 1 1 1079 1158 1159 1080
884 3 2 1 1 1080 1159 1160 1081
885 3 2 1 1 1081 1160 1161 1082
886 3 2 1 1 1082 1161 1162 1083
887 3 2 1 1 1083 1162 1163 1084
888 3 2 1 1 1084 1163 1164 1085
889 3 2 1 1 1085 1164 1165 1086
890 3 2 1 1 1086 1165 1166 1087
891 3 2 1 1 1087 1166 1167 1088
892 3 2 1 1 1088 1167 1168 1089
893 3 2 1 1 1089 1168 1169 1090
894 3 2 1 1 1090 1169 1170 1091
895 3 2 1 1 1091 1170 1171 1092
896 3 2 1 1 1092 1171 1172 1093
897 3 2 1 1 1093 1172 1173 1094
898 3 2 1 1 1094 1173 1174 1095
899 3 2 1 1 1095 1174 1175 1096
900 3 2 1 1 1096 1175 1176 1097
901 3 2 1 1 1097 1176 1177 1098
902 3 2 1 1 1098 1177 150 151
903 3 2 1 1 236 237 1178 1099
904 3 2 1 1 1099 1178 1179 1100
905 3 2 1 1 1100 1179 1180 1101
906 3 2 1 1 1101 1180 1181 1102
907 3 2 1 1 1102 1181 1182 1103
908 3 2 1 1 1103 1182 1183 1104
909 3 2 1 1 1104 1183 1184 1105
910 3 2 1 1 1105 1184 1185 1106
911 3 2 1 1 1106 1185 1186 1107
912 3 2 1 1 1107 1186 1187 1108
913 3 2 1 1 1108 1187 1188 1109
914 3 2 1 1 1109 1188 1189 1110
915 3 2 1 1 1110 1189 1190 1111
916 3 2 1 1 1111 1190 1191 1112
917 3 2 1 1 1112 1191 1192 1113
918 3 2 1 1 1113 1192 1193 1114
919 3 2 1 1 1114 1193 1194 1115
920 3 2 1 1 1115 1194 1195 1116
921 3 2 1 1 1116 1195 1196 1117
922 3 2 1 1 1117 1196 1197 1118
923 3 2 1 1 1118 1197 1198 1119
924 3 2 1 1 1119 1198 1199 1120
925 3 2 1 1 1120 1199 1200 1121
926 3 2 1 1 1121 1200 1201 1122
927 3 2 1 1 1122 1201 1202 1123
928 3 2 1 1 1123 1202 1203 1124
929 3 2 1 1 1124 1203 1204 1125
930 3 2 1 1 1125 1204 1205 1126
931 3 2 1 1 1126 1205 1206 1127
932 3 2 1 1 1127 1206 1207 1128
933 3 2 1 1 1128 1207 1208 1129
934 3 2 1 1 1129 1208 1209 1130
935 3 2 1 1 1130 1209 1210 1131
936 3 2 1 1 1131 1210 1211 1132
937 3 2 1 1 1132 1211 1212 1133
938 3 2 1 1 1133 1212 1213 1134
939 3 2 1 1 1134 1213 1214 1135
940 3 2 1 1 1135 1214 1215 1136
941 3 2 1 1 1136 1215 1216 1137
942 3 2 1 1 1137 1216 1217 1138
943 3 2 1 1 1138 1217 1218 1139
944 3 2 1 1 1139 1218 1219 1140
945 3 2 1 1 1140 1219 1220 1141
946 3 2 1 1 1141 1220 1221 1142
947 3 2 1 1 1142 1221 1222 1143
948 3 2 1 1 1143 1222 1223 1144
949 3 2 1 1 1144 1223 1224 1145
950 3 2 1 1 1145 1224 1225 1146
951 3 2 1 1 1146 1225 1226 1147
952 3 2 1 1 1147 1226 1227 1148
953 3 2 1 1 1148 1227 1228 1149
954 3 2 1 1 1149 1228 1229 1150
955 3 2 1 1 1150 1229 1230 1151
956 3 2 1 1 1151 1230 1231 1152
957 3 2 1 1 1152 1231 1232 1153
958 3 2 1 1 1153 1232 1233 1154
959 3 2 1 1 1154 1233 1234 1155
960 3 2 1 1 1155 1234 1235 1156
961 3 2 1 1 1156 1235 1236 1157
962 3 2 1 1 1157 1236 1237 1158
963 3 2 1 1 1158 1237 1238 1159
964 3 2 1 1 1159 1238 1239 1160
965 3 2 1 1 1160 1239 1240 1161
966 3 2 1 1 1161 1240 1241 1162
967 3 2 1 1 1162 1241 1242 1163
968 3 2 1 1 1163 1242 1243 1164
969 3 2 1 1 1164 1243 1244 1165
970 3 2 1 1 1165 1244 1245 1166
971 3 2 1 1 1166 1245 1246 1167
972 3 2 1 1 1167 1246 1247 1168
973 3 2 1 1 1168 1247 1248 1169
974 3 2 1 1 1169 1248 1249 1170
975 3 2 1 1 1170 1249 1250 1171
976 3 2 1 1 1171 1250 1251 1172
977 3 2 1 1 1172 1251 1252 1173
978 3 2 1 1 1173 1252 1253 1174
979 3 2 1 1 1174 1253 1254 1175
980 3 2 1 1 1175 1254 1255 1176
981 3 2 1 1 1176 1255 1256 1177
982 3 2 1 1 1177 1256 149 150
983 3 2 1 1 237 238 1257 1178
984 3 2 1 1 1178 1257 1258 1179
985 3 2 1 1 1179 1258 1259 1180
986 3 2 1 1 1180 1259 1260 1181
987 3 2 1 1 1181 1260 1261 1182
988 3 2 1 1 1182 1261 1262 1183
989 3 2 1 1 1183 1262 1263 1184
990 3 2 1 1 1184 1263 1264 1185
991 3 2 1 1 1185 1264 1265 1186
992 3 2 1 1 1186 1265 1266 1187
993 3 2 1 1 1187 1266 1267 1188
994 3 2 1 1 1188 1267 1268 1189
995 3 2 1 1 1189 1268 1269 1190
996 3 2 1 1 1190 1269 1270 1191
997 3 2 1 1 1191 1270 1271 1192
998 3 2 1 1 1192 1271 1272 1193
999 3 2 1 1 1193 1272 1273 1194
1000 3 2 1 1 1194 1273 1274 1195
1001 3 2 1 1 1195 1274 1275 1196
1002 3 2 1 1 1196 1275 1276 1197
1003 3 2 1 1 1197 1276 1277 1198
1004 3 2 1 1 1198 1277 1278 1199
1005 3 2 1 1 1199 1278 1279 1200
1006 3 2 1 1 1200 1279 1280 1201
1007 3 2 1 1 1201 1280 1281 1202
1008 3 2 1 1 1202 1281 1282 1203
1009 3 2 1 1 1203 1282 1283 1204
1010 3 2 1 1 1204 1283 1284 1205
1011 3 2 1 1 1205 1284 1285 1206
1012 3 2 1 1 1206 1285 1286 1207
1013 3 2 1 1 1207 1286 1287 1208
1014 3 2 1 1 1208 1287 1288 1209
1015 3 2 1 1 1209 1288 1289 1210
1016 3 2 1 1 1210 1289 1290 1211
1017 3 2 1 1 1211 1290 1291 1212
1018 3 2 1 1 1212 1291 1292 1213
1019 3 2 1 1 1213 1292 1293 1214
1020 3 2 1 1 1214 1293 1294 1215
1021 3 2 1 1 1215 1294 1295 1216
1022 3 2 1 1 1216 1295 1296 1217
1023 3 2 1 1 1217 1296 1297 1218
1024 3 2 1 1 1218 1297 1298 1219
1025 3 2 1 1 1219 1298 1299 1220
1026 3 2 1 1 1220 1299 1300 1221
1027 3 2 1 1 1221 1300 1301 1222
1028 3 2 1 1 1222 1301 1302 1223
1029 3 2 1 1 1223 1302 1303 1224
1030 3 2 1 1 1224 1303 1304 1225
1031 3 2 1 1 1225 1304 1305 1226
1032 3 2 1 1 1226 1305 1306 1227
1033 3 2 1 1 1227 1306 1307 1228
1034 3 2 1 1 1228 1307 1308 1229
1035 3 2 1 1 1229 1308 1309 1230
1036 3 2 1 1 1230 1309 1310 1231
1037 3 2 1 1 1231 1310 1311 1232
1038 3 2 1 1 1232 1311 1312 1233
1039 3 2 1 1 1233 1312 1313 1234
1040 3 2 1 1 1234 1313 1314 1235
1041 3 2 1 1 1235 1314 1315 1236
1042 3 2 1 1 1236 1315 1316 1237
1043 3 2 1 1 1237 1316 1317 1238
1044 3 2 1 1 1238 1317 1318 1239
1045 3 2 1 1 1239 1318 1319 1240
1046 3 2 1 1 1240 1319 1320 1241
1047 3 2 1 1 1241 1320 1321 1242
1048 3 2 1 1 1242 1321 1322 1243
1049 3 2 1 1 1243 1322 1323 1244
1050 3 2 1 1 1244 1323 1324 1245
1051 3 2 1 1 1245 1324 1325 1246
1052 3 2 1 1 1246 1325 1326 1247
1053 3 2 1 1 1247 1326 1327 1248
1054 3 2 1 1 1248 1327 1328 1249
1055 3 2 1 1 1249 1328 1329 1250
1056 3 2 1 1 1250 1329 1330 1251
1057 3 2 1 1 1251 1330 1331 1252
1058 3 2 1 1 1252 1331 1332 1253
1059 3 2 1 1 1253 1332 1333 1254
1060 3 2 1 1 1254 1333 1334 1255
1061 3 2 1 1 1255 1334 1335 1256
1062 3 2 1 1 1256 1335 148 149
1063 3 2 1 1 238 239 1336 1257
1064 3 2 1 1 1257 1336 1337 1258
1065 3 2 1 1 1258 1337 1338 1259
1066 3 2 1 1 1259 1338 1339 1260
1067 3 2 1 1 1260 1339 1340 1261
1068 3 2 1 1 1261 1340 1341 1262
1069 3 2 1 1 1262 1341 1342 1263
1070 3 2 1 1 1263 1342 1343 1264
1071 3 2 1 1 1264 1343 1344 1265
1072 3 2 1 1 1265 1344 1345 1266
1073 3 2 1 1 1266 1345 1346 1267
1074 3 2 1 1 1267 1346 1347 1268
1075 3 2 1 1 1268 1347 1348 1269
1076 3 2 1 1 1269 1348 1349 1270
1077 3 2 1 1 1270 1349 1350 1271
1078 3 2 1 1 1271 1350 1351 1272
1079 3 2 1 1 1272 1351 1352 1273
1080 3 2 1 1 1273 1352 1353 1274
1081 3 2 1 1 1274 1353 1354 1275
1082 3 2 1 1 1275 1354 1355 1276
1083 3 2 1 1 1276 1355 1356 1277
1084 3 2 1 1 1277 1356 1357 1278
1085 3 2 1 1 1278 1357 1358 1279
1086 3 2 1 1 1279 1358 1359 1280
1087 3 2 1 1 1280 1359 1360 1281
1088 3 2 1 1 1281 1360 1361 1282
1089 3 2 1 1 1282 1361 1362 1283
1090 3 2 1 1 1283 1362 1363 1284
1091 3 2 1 1 1284 1363 1364 1285
1092 3 2 1 1 1285 1364 1365 1286
1093 3 2 1 1 1286 1365 1366 1287
1094 3 2 1 1 1287 1366 1367 1288
1095 3 2 1 1 1288 1367 1368 1289
1096 3 2 1 1 1289 1368 1369 1290
1097 3 2 1 1 1290 1369 1370 1291
1098 3 2 1 1 1291 1370 1371 1292
1099 3 2 1 1 1292 1371 1372 1293
1100 3 2 1 1 1293 1372 1373 1294
1101 3 2 1 1 1294 1373 1374 1295
1102 3 2 1 1 1295 1374 1375 1296
1103 3 2 1 1 1296 1375 1376 1297
1104 3 2 1 1 1297 1376 1377 1298
1105 3 2 1 1 1298 1377 1378 1299
1106 3 2 1 1 1299 1378 1379 1300
1107 3 2 1 1 1300 1379 1380 1301
1108 3 2 1 1 1301 1380 1381 1302
1109 3 2 1 1 1302 1381 1382 1303
1110 3 2 1 1 1303 1382 1383 1304
1111 3 2 1 1 1304 1383 1384 1305
1112 3 2 1 1 1305 1384 1385 1306
1113 3 2 1 1 1306 1385 1386 1307
1114 3 2 1 1 1307 1386 1387 1308
1115 3 2 1 1 1308 1387 1388 1309
1116 3 2 1 1 1309 1388 1389 1310
1117 3 2 1 1 1310 1389 1390 1311
1118 3 2 1 1 1311 1390 1391 1312
1119 3 2 1 1 1312 1391 1392 1313
1120 3 2 1 1 1313 1392 1393 1314
1121 3 2 1 1 1314 1393 1394 1315
1122 3 2 1 1 1315 1394 1395 1316
1123 3 2 1 1 1316 1395 1396 1317
1124 3 2 1 1 1317 1396 1397 1318
1125 3 2 1 1 1318 1397 1398 1319
1126 3 2 1 1 1319 1398 1399 1320
1127 3 2 1 1 1320 1399 1400 1321
1128 3 2 1 1 1321 1400 1401 1322
1129 3 2 1 1 1322 1401 1402 1323
1130 3 2 1 1 1323 1402 1403 1324
1131 3 2 1 1 1324 1403 1404 1325
1132 3 2 1 1 1325 1404 1405 1326
1133 3 2 1 1 1326 1405 1406 1327
1134 3 2 1 1 1327 1406 1407 1328
1135 3 2 1 1 1328 1407 1408 1329
1136 3 2 1 1 1329 1408 1409 1330
1137 3 2 1 1 1330 1409 1410 1331
1138 3 2 1 1 1331 1410 1411 1332
1139 3 2 1 1 1332 1411 1412 1333
1140 3 2 1 1 1333 1412 1413 1334
1141 3 2 1 1 1334 1413 1414 1335
1142 3 2 1 1 1335 1414 147 148
1143 3 2 1 1 239 240 1415 1336
1144 3 2 1 1 1336 1415 1416 1337
1145 3 2 1 1 1337 1416 1417 1338
1146 3 2 1 1 1338 1417 1418 1339
1147 3 2 1 1 1339 1418 1419 1340
1148 3 2 1 1 1340 1419 1420 1341
1149 3 2 1 1 1341 1420 1421 1342
1150 3 2 1 1 1342 1421 1422 1343
1151 3 2 1 1 1343 1422 1423 1344
1152 3 2 1 1 1344 1423 1424 1345
1153 3 2 1 1 1345 1424 1425 1346
1154 3 2 1 1 1346 1425 1426 1347
1155 3 2 1 1 1347 1426 1427 1348
1156 3 2 1 1 1348 1427 1428 1349
1157 3 2 1 1 1349 1428 1429 1350
1158 3 2 1 1 1350 1429 1430 1351
1159 3 2 1 1 1351 1430 1431 1352
1160 3 2 1 1 1352 1431 1432 1353
1161 3 2 1 1 1353 1432 1433 1354
1162 3 2 1 1 1354 1433 1434 1355
1163 3 2 1 1 1355 1434 1435 1356
1164 3 2 1 1 1356 1435 1436 1357
1165 3 2 1 1 1357 1436 1437 1358
1166 3 2 1 1 1358 1437 1438 1359
1167 3 2 1 1 1359 1438 1439 1360
1168 3 2 1 1 1360 1439 1440 1361
1169 3 2 1 1 1361 1440 1441 1362
1170 3 2 1 1 1362 1441 1442 1363
1171 3 2 1 1 1363 1442 1443 1364
1172 3 2 1 1 1364 1443 1444 1365
1173 3 2 1 1 1365 1444 1445 1366
1174 3 2 1 1 1366 1445 1446 1367
1175 3 2 1 1 1367 1446 1447 1368
1176 3 2 1 1 1368 1447 1448 1369
1177 3 2 1 1 1369 1448 1449 1370
1178 3 2 1 1 1370 1449 1450 1371
1179 3 2 1 1 1371 1450 1451 1372
1180 3 2 1 1 1372 1451 1452 1373
1181 3 2 1 1 1373 1452 1453 1374
1182 3 2 1 1 1374 1453 1454 1375
1183 3 2 1 1 1375 1454 1455 1376
1184 3 2 1 1 1376 1455 1456 1377
1185 3 2 1 1 1377 1456 1457 1378
1186 3 2 1 1 1378 1457 1458 1379
1187 3 2 1 1 1379 1458 1459 1380
1188 3 2 1 1 1380 1459 1460 1381
1189 3 2 1 1 1381 1460 1461 1382
1190 3 2 1 1 1382 1461 1462 1383
1191 3 2 1 1 1383 1462 1463 1384
1192 3 2 1 1 1384 1463 1464 1385
1193 3 2 1 1 1385 1464 1465 1386
1194 3 2 1 1 1386 1465 1466 1387
1195 3 2 1 1 1387 1466 1467 1388
1196 3 2 1 1 1388 1467 1468 1389
1197 3 2 1 1 1389 1468 1469 1390
1198 3 2 1 1 1390 1469 1470 1391
1199 3 2 1 1 1391 1470 1471 1392
1200 3 2 1 1 1392 1471 1472 1393
1201 3 2 1 1 1393 1472 1473 1394
1202 3 2 1 1 1394 1473 1474 1395
1203 3 2 1 1 1395 1474 1475 1396
1204 3 2 1 1 1396 1475 1476 1397
1205 3 2 1 1 1397 1476 1477 1398
1206 3 2 1 1 1398 1477 1478 1399
1207 3 2 1 1 1399 1478 1479 1400
1208 3 2 1 1 1400 1479 1480 1401
1209 3 2 1 1 1401 1480 1481 1402
1210 3 2 1 1 1402 1481 1482 1403
1211 3 2 1 1 1403 1482 1483 1404
1212 3 2 1 1 1404 1483 1484 1405
1213 3 2 1 1 1405 1484 1485 1406
1214 3 2 1 1 1406 1485 1486 1407
1215 3 2 1 1 1407 1486 1487 1408
1216 3 2 1 1 1408 1487 1488 1409
1217 3 2 1 1 1409 1488 1489 1410
1218 3 2 1 1 1410 1489 1490 1411
1219 3 2 1 1 1411 1490 1491 1412
1220 3 2 1 1 1412 1491 1492 1413
1221 3 2 1 1 1413 1492 1493 1414
1222 3 2 1 1 1414 1493 146 147
1223 3 2 1 1 240 241 1494 1415
1224 3 2 1 1 1415 1494 1495 1416
1225 3 2 1 1 1416 1495 1496 1417
1226 3 2 1 1 1417 1496 1497 1418
1227 3 2 1 1 1418 1497 1498 1419
1228 3 2 1 1 1419 1498 1499 1420
1229 3 2 1 1 1420 1499 1500 1421
1230 3 2 1 1 1421 1500 1501 1422
1231 3 2 1 1 1422 1501 1502 1423
1232 3 2 1 1 1423 1502 1503 1424
1233 3 2 1 1 1424 1503 1504 1425
1234 3 2 1 1 1425 1504 1505 1426
1235 3 2 1 1 1426 1505 1506 1427
1236 3 2 1 1 1427 1506 1507 1428
1237 3 2 1 1 1428 1507 1508 1429
1238 3 2 1 1 1429 1508 1509 1430
1239 3 2 1 1 1430 1509 1510 1431
1240 3 2 1 1 1431 1510 1511 1432
1241 3 2 1 1 1432 1511 1512 1433
1242 3 2 1 1 1433 1512 1513 1434
1243 3 2 1 1 1434 1513 1514 1435
1244 3 2 1 1 1435 1514 1515 1436
1245 3 2 1 1 1436 1515 1516 1437
1246 3 2 1 1 1437 1516 1517 1438
1247 3 2 1 1 1438 1517 1518 1439
1248 3 2 1 1 1439 1518 1519 1440
1249 3 2 1 1 1440 1519 1520 1441
1250 3 2 1 1 1441 1520 1521 1442
1251 3 2 1 1 1442 1521 1522 1443
1252 3 2 1 1 1443 1522 1523 1444
1253 3 2 1 1 1444 1523 1524 1445
1254 3 2 1 1 1445 1524 1525 1446
1255 3 2 1 1 1446 1525 1526 1447
1256 3 2 1 1 1447 1526 1527 1448
1257 3 2 1 1 1448 1527 1528 1449
1258 3 2 1 1 1449 1528 1529 1450
1259 3 2 1 1 1450 1529 1530 1451
1260 3 2 1 1 1451 1530 1531 1452
1261 3 2 1 1 1452 1531 1532 1453
1262 3 2 1 1 1453 1532 1533 1454
1263 3 2 1 1 1454 1533 1534 1455
1264 3 2 1 1 1455 1534 1535 1456
1265 3 2 1 1 1456 1535 1536 1457
1266 3 2 1 1 1457 1536 1537 1458
1267 3 2 1 1 1458 1537 1538 1459
1268 3 2 1 1 1459 1538 1539 1460
1269 3 2 1 1 1460 1539 1540 1461
1270 3 2 1 1 1461 1540 1541 1462
1271 3 2 1 1 1462 1541 1542 1463
1272 3 2 1 1 1463 1542 1543 1464
1273 3 2 1 1 1464 1543 1544 1465
1274 3 2 1 1 1465 1544 1545 1466
1275 3 2 1 1 1466 1545 1546 1467
1276 3 2 1 1 1467 1546 1547 1468
1277 3 2 1 1 1468 1547 1548 1469
1278 3 2 1 1 1469 1548 1549 1470
1279 3 2 1 1 1470 1549 1550 1471
1280 3 2 1 1 1471 1550 1551 1472
1281 3 2 1 1 1472 1551 1552 1473
1282 3 2 1 1 1473 1552 1553 1474
1283 3 2 1 1 1474 1553 1554 1475
1284 3 2 1 1 1475 1554 1555 1476
1285 3 2 1 1 1476 1555 1556 1477
1286 3 2 1 1 1477 1556 1557 1478
1287 3 2 1 1 1478 1557 1558 1479
1288 3 2 1 1 1479 1558 1559 1480
1289 3 2 1 1 1480 1559 1560 1481
1290 3 2 1 1 1481 1560 1561 1482
1291 3 2 1 1 1482 1561 1562 1483
1292 3 2 1 1 1483 1562 1563 1484
1293 3 2 1 1 1484 1563 1564 1485
1294 3 2 1 1 1485 1564 1565 1486
1295 3 2 1 1 1486 1565 1566 1487
1296 3 2 1 1 1487 1566 1567 1488
1297 3 2 1 1 1488 1567 1568 1489
1298 3 2 1 1 1489 1568 1569 1490
1299 3 2 1 1 1490 1569 1570 1491
1300 3 2 1 1 1491 1570 1571 1492
1301 3 2 1 1 1492 1571 1572 1493
1302 3 2 1 1 1493 1572 145 146
1303 3 2 1 1 241 242 1573 1494
1304 3 2 1 1 1494 1573 1574 1495
1305 3 2 1 1 1495 1574 1575 1496
1306 3 2 1 1 1496 1575 1576 1497
1307 3 2 1 1 1497 1576 1577 1498
1308 3 2 1 1 1498 1577 1578 1499
1309 3 2 1 1 1499 1578 1579 1500
1310 3 2 1 1 1500 1579 1580 1501
1311 3 2 1 1 1501 1580 1581 1502
1312 3 2 1 1 1502 1581 1582 1503
1313 3 2 1 1 1503 1582 1583 1504
1314 3 2 1 1 1504 1583 1584 1505
1315 3 2 1 1 1505 1584 1585 1506
1316 3 2 1 1 1506 1585 1586 1507
1317 3 2 1 1 1507 1586 1587 1508
1318 3 2 1 1 1508 1587 1588 1509
1319 3 2 1 1 1509 1588 1589 1510
1320 3 2 1 1 1510 1589 1590 1511
1321 3 2 1 1 1511 1590 1591 1512
1322 3 2 1 1 1512 1591 1592 1513
1323 3 2 1 1 1513 1592 1593 1514
1324 3 2 1 1 1514 1593 1594 1515
1325 3 2 1 1 1515 1594 1595 1516
1326 3 2 1 1 1516 1595 1596 1517
1327 3 2 1 1 1517 1596 1597 1518
1328 3 2 1 1 1518 1597 1598 1519
1329 3 2 1 1 1519 1598 1599 1520
1330 3 2 1 1 1520 1599 1600 1521
1331 3 2 1 1 1521 1600 1601 1522
1332 3 2 1 1 1522 1601 1602 1523
1333 3 2 1 1 1523 1602 1603 1524
1334 3 2 1 1 1524 1603 1604 1525
1335 3 2 1 1 1525 1604 1605 1526
1336 3 2 1 1 1526 1605 1606 1527
1337 3 2 1 1 1527 1606 1607 1528
1338 3 2 1 1 1528 1607 1608 1529
1339 3 2 1 1 1529 1608 1609 1530
1340 3 2 1 1 1530 1609 1610 1531
1341 3 2 1 1 1531 1610 1611 1532
1342 3 2 1 1 1532 1611 1612 1533
1343 3 2 1 1 1533 1612 1613 1534
1344 3 2 1 1 1534 1613 1614 1535
1345 3 2 1 1 1535 1614 1615 1536
1346 3 2 1 1 1536 1615 1616 1537
1347 3 2 1 1 1537 1616 1617 1538
1348 3 2 1 1 1538 1617 1618 1539
1349 3 2 1 1 1539 1618 1619 1540
1350 3 2 1 1 1540 1619 1620 1541
1351 3 2 1 1 1541 1620 1621 1542
1352 3 2 1 1 1542 1621 1622 1543
1353 3 2 1 1 1543 1622 1623 1544
1354 3 2 1 1 1544 1623 1624 1545
1355 3 2 1 1 1545 1624 1625 1546
1356 3 2 1 1 1546 1625 1626 1547
1357 3 2 1 1 1547 1626 1627 1548
1358 3 2 1 1 1548 1627 1628 1549
1359 3 2 1 1 1549 1628 1629 1550
1360 3 2 1 1 1550 1629 1630 1551
1361 3 2 1 1 1551 1630 1631 1552
1362 3 2 1 1 1552 1631 1632 1553
1363 3 2 1 1 1553 1632 1633 1554
1364 3 2 1 1 1554 1633 1634 1555
1365 3 2 1 1 1555 1634 1635 1556
1366 3 2 1 1 1556 1635 1636 1557
1367 3 2 1 1 1557 1636 1637 1558
1368 3 2 1 1 1558 1637 1638 1559
1369 3 2 1 1 1559 1638 1639 1560
1370 3 2 1 1 1560 1639 1640 1561
1371 3 2 1 1 1561 1640 1641 1562
1372 3 2 1 1 1562 1641 1642 1563
1373 3 2 1 1 1563 1642 1643 1564
1374 3 2 1 1 1564 1643 1644 1565
1375 3 2 1 1 1565 1644 1645 1566
1376 3 2 1 1 1566 1645 1646 1567
1377 3 2 1 1 1567 1646 1647 1568
1378 3 2 1 1 1568 1647 1648 1569
1379 3 2 1 1 1569 1648 1649 1570
1380 3 2 1 1 1570 1649 1650 1571
1381 3 2 1 1 1571 1650 1651 1572
1382 3 2 1 1 1572 1651 144 145
1383 3 2 1 1 242 243 1652 1573
1384 3 2 1 1 1573 1652 1653 1574
1385 3 2 1 1 1574 1653 1654 1575
1386 3 2 1 1 1575 1654 1655 1576
1387 3 2 1 1 1576 1655 1656 1577
1388 3 2 1 1 1577 1656 1657 1578
1389 3 2 1 1 1578 1657 1658 1579
1390 3 2 1 1 1579 1658 1659 1580
1391 3 2 1 1 1580 1659 1660 1581
1392 3 2 1 1 1581 1660 1661 1582
1393 3 2 1 1 1582 1661 1662 1583
1394 3 2 1 1 1583 1662 1663 1584
1395 3 2 1 1 1584 1663 1664 1585
1396 3 2 1 1 1585 1664 1665 1586
1397 3 2 1 1 1586 1665 1666 1587
1398 3 2 1 1 1587 1666 1667 1588
1399 3 2 1 1 1588 1667 1668 1589
1400 3 2 1 1 1589 1668 1669 1590
1401 3 2 1 1 1590 1669 1670 1591
1402 3 2 1 1 1591 1670 1671 1592
1403 3 2 1 1 1592 1671 1672 1593
1404 3 2 1 1 1593 1672 1673 1594
1405 3 2 1 1 1594 1673 1674 1595
1406 3 2 1 1 1595 1674 1675 1596
1407 3 2 1 1 1596 1675 1676 1597
1408 3 2 1 1 1597 1676 1677 1598
1409 3 2 1 1 1598 1677 1678 1599
1410 3 2 1 1 1599 1678 1679 1600
1411 3 2 1 1 1600 1679 1680 1601
1412 3 2 1 1 1601 1680 1681 1602
1413 3 2 1 1 1602 1681 1682 1603
1414 3 2 1 1 1603 1682 1683 1604
1415 3 2 1 1 1604 1683 1684 1605
1416 3 2 1 1 1605 1684 1685 1606
1417 3 2 1 1 1606 1685 1686 1607
1418 3 2 1 1 1607 1686 1687 1608
1419 3 2 1 1 1608 1687 1688 1609
1420 3 2 1 1 1609 1688 1689 1610
1421 3 2 1 1 1610 1689 1690 1611
1422 3 2 1 1 1611 1690 1691 1612
1423 3 2 1 1 1612 1691 1692 1613
1424 3 2 1 1 1613 1692 1693 1614
1425 3 2 1 1 1614 1693 1694 1615
1426 3 2 1 1 1615 1694 1695 1616
1427 3 2 1 1 1616 1695 1696 1617
1428 3 2 1 1 1617 1696 1697 1618
1429 3 2 1 1 1618 1697 1698 1619
1430 3 2 1 1 1619 1698 1699 1620
1431 3 2 1 1 1620 1699 1700 1621
1432 3 2 1 1 1621 1700 1701 1622
1433 3 2 1 1 1622 1701 1702 1623
1434 3 2 1 1 1623 1702 1703 1624
1435 3 2 1 1 1624 1703 1704 1625
1436 3 2 1 1 1625 1704 1705 1626
1437 3 2 1 1 1626 1705 1706 1627
1438 3 2 1 1 1627 1706 1707 1628
1439 3 2 1 1 1628 1707 1708 1629
1440 3 2 1 1 1629 1708 1709 1630
1441 3 2 1 1 1630 1709 1710 1631
1442 3 2 1 1 1631 1710 1711 1632
1443 3 2 1 1 1632 1711 1712 1633
1444 3 2 1 1 1633 1712 1713 1634
1445 3 2 1 1 1634 1713 1714 1635
1446 3 2 1 1 1635 1714 1715 1636
1447 3 2 1 1 1636 1715 1716 1637
1448 3 2 1 1 1637 1716 1717 1638
1449 3 2 1 1 1638 1717 1718 1639
1450 3 2 1 1 1639 1718 1719 1640
1451 3 2 1 1 1640 1719 1720 1641
1452 3 2 1 1 1641 1720 1721 1642
1453 3 2 1 1 1642 1721 1722 1643
1454 3 2 1 1 1643 1722 1723 1644
1455 3 2 1 1 1644 1723 1724 1645
1456 3 2 1 1 1645 1724 1725 1646
1457 3 2 1 1 1646 1725 1726 1647
1458 3 2 1 1 1647 1726 1727 1648
1459 3 2 1 1 1648 1727 1728 1649
1460 3 2 1 1 1649 1728 1729 1650
1461 3 2 1 1 1650 1729 1730 1651
1462 3 2 1 1 1651 1730 143 144
1463 3 2 1 1 243 244 1731 1652
1464 3 2 1 1 1652 1731 1732 1653
1465 3 2 1 1 1653 1732 1733 1654
1466 3 2 1 1 1654 1733 1734 1655
1467 3 2 1 1 1655 1734 1735 1656
1468 3 2 1 1 1656 1735 1736 1657
1469 3 2 1 1 1657 1736 1737 1658
1470 3 2 1 1 1658 1737 1738 1659
1471 3 2 1 1 1659 1738 1739 1660
1472 3 2 1 1 1660 1739 1740 1661
1473 3 2 1 1 1661 1740 1741 1662
1474 3 2 1 1 1662 1741 1742 1663
1475 3 2 1 1 1663 1742 1743 1664
1476 3 2 1 1 1664 1743 1744 1665
1477 3 2 1 1 1665 1744 1745 1666
1478 3 2 1 1 1666 1745 1746 1667
1479 3 2 1 1 1667 1746 1747 1668
1480 3 2 1 1 1668 1747 1748 1669
1481 3 2 1 1 1669 1748 1749 1670
1482 3 2 1 1 1670 1749 1750 1671
1483 3 2 1 1 1671 1750 1751 1672
1484 3 2 1 1 1672 1751 1752 1673
1485 3 2 1 1 1673 1752 1753 1674
1486 3 2 1 1 1674 1753 1754 1675
1487 3 2 1 1 1675 1754 1755 1676
1488 3 2 1 1 1676 1755 1756 1677
1489 3 2 1 1 1677 1756 1757 1678
1490 3 2 1 1 1678 1757 1758 1679
1491 3 2 1 1 1679 1758 1759 1680
1492 3 2 1 1 1680 1759 1760 1681
1493 3 2 1 1 1681 1760 1761 1682
1494 3 2 1 1 1682 1761 1762 1683
1495 3 2 1 1 1683 1762 1763 1684
1496 3 2 1 1 1684 1763 1764 1685
1497 3 2 1 1 1685 1764 1765 1686
1498 3 2 1 1 1686 1765 1766 1687
1499 3 2 1 1 1687 1766 1767 1688
1500 3 2 1 1 1688 1767 1768 1689
1501 3 2 1 1 1689 1768 1769 1690
1502 3 2 1 1 1690 1769 1770 1691
1503 3 2 1 1 1691 1770 1771 1692
1504 3 2 1 1 1692 1771 1772 1693
1505 3 2 1 1 1693 1772 1773 1694
1506 3 2 1 1 1694 1773 1774 1695
1507 3 2 1 1 1695 1774 1775 1696
1508 3 2 1 1 1696 1775 1776 1697
1509 3 2 1 1 1697 1776 1777 1698
1510 3 2 1 1 1698 1777 1778 1699
1511 3 2 1 1 1699 1778 1779 1700
1512 3 2 1 1 1700 1779 1780 1701
1513 3 2 1 1 1701 1780 1781 1702
1514 3 2 1 1 1702 1781 1782 1703
1515 3 2 1 1 1703 1782 1783 1704
1516 3 2 1 1 1704 1783 1784 1705
1517 3 2 1 1 1705 1784 1785 1706
1518 3 2 1 1 1706 1785 1786 1707
1519 3 2 1 1 1707 1786 1787 1708
1520 3 2 1 1 1708 1787 1788 1709
1521 3 2 1 1 1709 1788 1789 1710
1522 3 2 1 1 1710 1789 1790 1711
1523 3 2 1 1 1711 1790 1791 1712
1524 3 2 1 1 1712 1791 1792 1713
1525 3 2 1 1 1713 1792 1793 1714
1526 3 2 1 1 1714 1793 1794 1715
1527 3 2 1 1 1715 1794 1795 1716
1528 3 2 1 1 1716 1795 1796 1717
1529 3 2 1 1 1717 1796 1797 1718
1530 3 2 1 1 1718 1797 1798 1719
1531 3 2 1 1 1719 1798 1799 1720
1532 3 2 1 1 1720 1799 1800 1721
1533 3 2 1 1 1721 1800 1801 1722
1534 3 2 1 1 1722 1801 1802 1723
1535 3 2 1 1 1723 1802 1803 1724
1536 3 2 1 1 1724 1803 1804 1725
1537 3 2 1 1 1725 1804 1805 1726
1538 3 2 1 1 1726 1805 1806 1727
1539 3 2 1 1 1727 1806 1807 1728
1540 3 2 1 1 1728 1807 1808 1729
1541 3 2 1 1 1729 1808 1809 1730
1542 3 2 1 1 1730 1809 142 143
1543 3 2 1 1 244 245 1810 1731
1544 3 2 1 1 1731 1810 1811 1732
1545 3 2 1 1 1732 1811 1812 1733
1546 3 2 1 1 1733 1812 1813 1734
1547 3 2 1 1 1734 1813 1814 1735
1548 3 2 1 1 1735 1814 1815 1736
1549 3 2 1 1 1736 1815 1816 1737
1550 3 2 1 1 1737 1816 1817 1738
1551 3 2 1 1 1738 1817 1818 1739
1552 3 2 1 1 1739 1818 1819 1740
1553 3 2 1 1 1740 1819 1820 1741
1554 3 2 1 1 1741 1820 1821 1742
1555 3 2 1 1 1742 1821 1822 1743
1556 3 2 1 1 1743 1822 1823 1744
1557 3 2 1 1 1744 1823 1824 1745
1558 3 2 1 1 1745 1824 1825 1746
1559 3 2 1 1 1746 1825 1826 1747
1560 3 2 1 1 1747 1826 1827 1748
1561 3 2 1 1 1748 1827 1828 1749
1562 3 2 1 1 1749 1828 1829 1750
1563 3 2 1 1 1750 1829 1830 1751
1564 3 2 1 1 1751 1830 1831 1752
1565 3 2 1 1 1752 1831 1832 1753
1566 3 2 1 1 1753 1832 1833 1754
1567 3 2 1 1 1754 1833 1834 1755
1568 3 2 1 1 1755 1834 1835 1756
1569 3 2 1 1 1756 1835 1836 1757
1570 3 2 1 1 1757 1836 1837 1758
1571 3 2 1 1 1758 1837 1838 1759
1572 3 2 1 1 1759 1838 1839 1760
1573 3 2 1 1 1760 1839 1840 1761
1574 3 2 1 1 1761 1840 1841 1762
1575 3 2 1 1 1762 1841 1842 1763
1576 3 2 1 1 1763 1842 1843 1764
1577 3 2 1 1 1764 1843 1844 1765
1578 3 2 1 1 1765 1844 1845 1766
1579 3 2 1 1 1766 1845 1846 1767
1580 3 2 1 1 1767 1846 1847 1768
1581 3 2 1 1 1768 1847 1848 1769
1582 3 2 1 1 1769 1848 1849 1770
1583 3 2 1 1 1770 1849 1850 1771
1584 3 2 1 1 1771 1850 1851 1772
1585 3 2 1 1 1772 1851 1852 1773
1586 3 2 1 1 1773 1852 1853 1774
1587 3 2 1 1 1774 1853 1854 1775
1588 3 2 1 1 1775 1854 1855 1776
1589 3 2 1 1 1776 1855 1856 1777
1590 3 2 1 1 1777 1856 1857 1778
1591 3 2 1 1 1778 1857 1858 1779
1592 3 2 1 1 1779 1858 1859 1780
1593 3 2 1 1 1780 1859 1860 1781
1594 3 2 1 1 1781 1860 1861 1782
1595 3 2 1 1 1782 1861 1862 1783
1596 3 2 1 1 1783 1862 1863 1784
1597 3 2 1 1 1784 1863 1864 1785
1598 3 2 1 1 1785 1864 1865 1786
1599 3 2 1 1 1786 1865 1866 1787
1600 3 2 1 1 1787 1866 1867 1788
1601 3 2 1 1 1788 1867 1868 1789
1602 3 2 1 1 1789 1868 1869 1790
1603 3 2 1 1 1790 1869 1870 1791
1604 3 2 1 1 1791 1870 1871 1792
1605 3 2 1 1 1792 1871 1872 1793
1606 3 2 1 1 1793 1872 1873 1794
1607 3 2 1 1 1794 1873 1874 1795
1608 3 2 1 1 1795 1874 1875 1796
1609 3 2 1 1 1796 1875 1876 1797
1610 3 2 1 1 1797 1876 1877 1798
1611 3 2 1 1 1798 1877 1878 1799
1612 3 2 1 1 1799 1878 1879 1800
1613 3 2 1 1 1800 1879 1880 1801
1614 3 2 1 1 1801 1880 1881 1802
1615 3 2 1 1 1802 1881 1882 1803
1616 3 2 1 1 1803 1882 1883 1804
1617 3 2 1 1 1804 1883 1884 1805
1618 3 2 1 1 1805 1884 1885 1806
1619 3 2 1 1 1806 1885 1886 1807
1620 3 2 1 1 1807 1886 1887 1808
1621 3 2 1 1 1808 1887 1888 1809
1622 3 2 1 1 1809 1888 141 142
1623 3 2 1 1 245 246 1889 1810
1624 3 2 1 1 1810 1889 1890 1811
1625 3 2 1 1 1811 1890 1891 1812
1626 3 2 1 1 1812 1891 1892 1813
1627 3 2 1 1 1813 1892 1893 1814
1628 3 2 1 1 1814 1893 1894 1815
1629 3 2 1 1 1815 1894 1895 1816
1630 3 2 1 1 1816 1895 1896 1817
1631 3 2 1 1 1817 1896 1897 1818
1632 3 2 1 1 1818 1897 1898 1819
1633 3 2 1 1 1819 1898 1899 1820
1634 3 2 1 1 1820 1899 1900 1821
1635 3 2 1 1 1821 1900 1901 1822
1636 3 2 1 1 1822 1901 1902 1823
1637 3 2 1 1 1823 1902 1903 1824
1638 3 2 1 1 1824 1903 1904 1825
1639 3 2 1 1 1825 1904 1905 1826
1640 3 2 1 1 1826 1905 1906 1827
1641 3 2 1 1 1827 1906 1907 1828
1642 3 2 1 1 1828 1907 1908 1829
1643 3 2 1 1 1829 1908 1909 1830
1644 3 2 1 1 1830 1909 1910 1831
1645 3 2 1 1 1831 1910 1911 1832
1646 3 2 1 1 1832 1911 1912 1833
1647 3 2 1 1 1833 1912 1913 1834
1648 3 2 1 1 1834 1913 1914 1835
1649 3 2 1 1 1835 1914 1915 1836
1650 3 2 1 1 1836 1915 1916 1837
1651 3 2 1 1 1837 1916 1917 1838
1652 3 2 1 1 1838 1917 1918 1839
1653 3 2 1 1 1839 1918 1919 1840
1654 3 2 1 1 1840 1919 1920 1841
1655 3 2 1 1 1841 1920 1921 1842
1656 3 2 1 1 1842 1921 1922 1843
1657 3 2 1 1 1843 1922 1923 1844
1658 3 2 1 1 1844 1923 1924 1845
1659 3 2 1 1 1845 1924 1925 1846
1660 3 2 1 1 1846 1925 1926 1847
1661 3 2 1 1 1847 1926 1927 1848
1662 3 2 1 1 1848 1927 1928 1849
1663 3 2 1 1 1849 1928 1929 1850
1664 3 2 1 1 1850 1929 1930 1851
1665 3 2 1 1 1851 1930 1931 1852
1666 3 2 1 1 1852 1931 1932 1853
1667 3 2 1 1 1853 1932 1933 1854
1668 3 2 1 1 1854 1933 1934 1855
1669 3 2 1 1 1855 1934 1935 1856
1670 3 2 1 1 1856 1935 1936 1857
1671 3 2 1 1 1857 1936 1937 1858
1672 3 2 1 1 1858 1937 1938 1859
1673 3 2 1 1 1859 1938 1939 1860
1674 3 2 1 1 1860 1939 1940 1861
1675 3 2 1 1 1861 1940 1941 1862
1676 3 2 1 1 1862 1941 1942 1863
1677 3 2 1 1 1863 1942 1943 1864
1678 3 2 1 1 1864 1943 1944 1865
1679 3 2 1 1 1865 1944 1945 1866
1680 3 2 1 1 1866 1945 1946 1867
1681 3 2 1 1 1867 1946 1947 1868
1682 3 2 1 1 1868 1947 1948 1869
1683 3 2 1 1 1869 1948 1949 1870
1684 3 2 1 1 1870 1949 1950 1871
1685 3 2 1 1 1871 1950 1951 1872
1686 3 2 1 1 1872 1951 1952 1873
1687 3 2 1 1 1873 1952 1953 1874
1688 3 2 1 1 1874 1953 1954 1875
1689 3 2 1 1 1875 1954 1955 1876
1690 3 2 1 1 1876 1955 1956 1877
1691 3 2 1 1 1877 1956 1957 1878
1692 3 2 1 1 1878 1957 1958 1879
1693 3 2 1 1 1879 1958 1959 1880
1694 3 2 1 1 1880 1959 1960 1881
1695 3 2 1 1 1881 1960 1961 1882
1696 3 2 1 1 1882 1961 1962 1883
1697 3 2 1 1 1883 1962 1963 1884
1698 3 2 1 1 1884 1963 1964 1885
1699 3 2 1 1 1885 1964 1965 1886
1700 3 2 1 1 1886 1965 1966 1887
1701 3 2 1 1 1887 1966 1967 1888
1702 3 2 1 1 1888 1967 140 141
1703 3 2 1 1 246 247 1968 1889
1704 3 2 1 1 1889 1968 1969 1890
1705 3 2 1 1 1890 1969 1970 1891
1706 3 2 1 1 1891 1970 1971 1892
1707 3 2 1 1 1892 1971 1972 1893
1708 3 2 1 1 1893 1972 1973 1894
1709 3 2 1 1 1894 1973 1974 1895
1710 3 2 1 1 1895 1974 1975 1896
1711 3 2 1 1 1896 1975 1976 1897
1712 3 2 1 1 1897 1976 1977 1898
1713 3 2 1 1 1898 1977 1978 1899
1714 3 2 1 1 1899 1978 1979 1900
1715 3 2 1 1 1900 1979 1980 1901
1716 3 2 1 1 1901 1980 1981 1902
1717 3 2 1 1 1902 1981 1982 1903
1718 3 2 1 1 1903 1982 1983 1904
1719 3 2 1 1 1904 1983 1984 1905
1720 3 2 1 1 1905 1984 1985 1906
1721 3 2 1 1 1906 1985 1986 1907
1722 3 2 1 1 1907 1986 1987 1908
1723 3 2 1 1 1908 1987 1988 1909
1724 3 2 1 1 1909 1988 1989 1910
1725 3 2 1 1 1910 1989 1990 1911
1726 3 2 1 1 1911 1990 1991 1912
1727 3 2 1 1 1912 1991 1992 1913
1728 3 2 1 1 1913 1992 1993 1914
1729 3 2 1 1 1914 1993 1994 1915
1730 3 2 1 1 1915 1994 1995 1916
1731 3 2 1 1 1916 1995 1996 1917
1732 3 2 1 1 1917 1996 1997 1918
1733 3 2 1 1 1918 1997 1998 1919
1734 3 2 1 1 1919 1998 1999 1920
1735 3 2 1 1 1920 1999 2000 1921
1736 3 2 1 1 1921 2000 2001 1922
1737 3 2 1 1 1922 2001 2002 1923
1738 3 2 1 1 1923 2002 2003 1924
1739 3 2 1 1 1924 2003 2004 1925
1740 3 2 1 1 1925 2004 2005 1926
1741 3 2 1 1 1926 2005 2006 1927
1742 3 2 1 1 1927 2006 2007 1928
1743 3 2 1 1 1928 2007 2008 1929
1744 3 2 1 1 1929 2008 2009 1930
1745 3 2 1 1 1930 2009 2010 1931
1746 3 2 1 1 1931 2010 2011 1932
1747 3 2 1 1 1932 2011 2012 1933
1748 3 2 1 1 1933 2012 2013 1934
1749 3 2 1 1 1934 2013 2014 1935
1750 3 2 1 1 1935 2014 2015 1936
1751 3 2 1 1 1936 2015 2016 1937
1752 3 2 1 1 1937 2016 2017 1938
1753 3 2 1 1 1938 2017 2018 1939
1754 3 2 1 1 1939 2018 2019 1940
1755 3 2 1 1 1940 2019 2020 1941
1756 3 2 1 1 1941 2020 2021 1942
1757 3 2 1 1 1942 2021 2022 1943
1758 3 2 1 1 1943 2022 2023 1944
1759 3 2 1 1 1944 2023 2024 1945
1760 3 2 1 1 1945 2024 2025 1946
1761 3 2 1 1 1946 2025 2026 1947
1762 3 2 1 1 1947 2026 2027 1948
1763 3 2 1 1 1948 2027 2028 1949
1764 3 2 1 1 1949 2028 2029 1950
1765 3 2 1 1 1950 2029 2030 1951
1766 3 2 1 1 1951 2030 2031 1952
1767 3 2 1 1 1952 2031 2032 1953
1768 3 2 1 1 1953 2032 2033 1954
1769 3 2 1 1 1954 2033 2034 1955
1770 3 2 1 1 1955 2034 2035 1956
1771 3 2 1 1 1956 2035 2036 1957
1772 3 2 1 1 1957 2036 2037 1958
1773 3 2 1 1 1958 2037 2038 1959
1774 3 2 1 1 1959 2038 2039 1960
1775 3 2 1 1 1960 2039 2040 1961
1776 3 2 1 1 1961 2040 2041 1962
1777 3 2 1 1 1962 2041 2042 1963
1778 3 2 1 1 1963 2042 2043 1964
1779 3 2 1 1 1964 2043 2044 1965
1780 3 2 1 1 1965 2044 2045 1966
1781 3 2 1 1 1966 2045 2046 1967
1782 3 2 1 1 1967 2046 139 140
1783 3 2 1 1 247 248 2047 1968
1784 3 2 1 1 1968 2047 2048 1969
1785 3 2 1 1 1969 2048 2049 1970
1786 3 2 1 1 1970 2049 2050 1971
1787 3 2 1 1 1971 2050 2051 1972
1788 3 2 1 1 1972 2051 2052 1973
1789 3 2 1 1 1973 2052 2053 1974
1790 3 2 1 1 1974 2053 2054 1975
1791 3 2 1 1 1975 2054 2055 1976
1792 3 2 1 1 1976 2055 2056 1977
1793 3 2 1 1 1977 2056 2057 1978
1794 3 2 1 1 1978 2057 2058 1979
1795 3 2 1 1 1979 2058 2059 1980
1796 3 2 1 1 1980 2059 2060 1981
1797 3 2 1 1 1981 2060 2061 1982
1798 3 2 1 1 1982 2061 2062 1983
1799 3 2 1 1 1983 2062 2063 1984
1800 3 2 1 1 1984 2063 2064 1985
1801 3 2 1 1 1985 2064 2065 1986
1802 3 2 1 1 1986 2065 2066 1987
1803 3 2 1 1 1987 2066 2067 1988
1804 3 2 1 1 1988 2067 2068 1989
1805 3 2 1 1 1989 2068 2069 1990
1806 3 2 1 1 1990 2069 2070 1991
1807 3 2 1 1 1991 2070 2071 1992
1808 3 2 1 1 1992 2071 2072 1993
1809 3 2 1 1 1993 2072 2073 1994
1810 3 2 1 1 1994 2073 2074 1995
1811 3 2 1 1 1995 2074 2075 1996
1812 3 2 1 1 1996 2075 2076 1997
1813 3 2 1 1 1997 2076 2077 1998
1814 3 2 1 1 1998 2077 2078 1999
1815 3 2 1 1 1999 2078 2079 2000
1816 3 2 1 1 2000 2079 2080 2001
1817 3 2 1 1 2001 2080 2081 2002
1818 3 2 1 1 2002 2081 2082 2003
1819 3 2 1 1 2003 2082 2083 2004
1820 3 2 1 1 2004 2083 2084 2005
1821 3 2 1 1 2005 2084 2085 2006
1822 3 2 1 1 2006 2085 2086 2007
1823 3 2 1 1 2007 2086 2087 2008
1824 3 2 1 1 2008 2087 2088 2009
1825 3 2 1 1 2009 2088 2089 2010
1826 3 2 1 1 2010 2089 2090 2011
1827 3 2 1 1 2011 2090 2091 2012
1828 3 2 1 1 2012 2091 2092 2013
1829 3 2 1 1 2013 2092 2093 2014
1830 3 2 1 1 2014 2093 2094 2015
1831 3 2 1 1 2015 2094 2095 2016
1832 3 2 1 1 2016 2095 2096 2017
1833 3 2 1 1 2017 2096 2097 2018
1834 3 2 1 1 2018 2097 2098 2019
1835 3 2 1 1 2019 2098 2099 2020
1836 3 2 1 1 2020 2099 2100 2021
1837 3 2 1 1 2021 2100 2101 2022
1838 3 2 1 1 2022 2101 2102 2023
1839 3 2 1 1 2023 2102 2103 2024
1840 3 2 1 1 2024 2103 2104 2025
1841 3 2 1 1 2025 2104 2105 2026
1842 3 2 1 1 2026 2105 2106 2027
1843 3 2 1 1 2027 2106 2107 2028
1844 3 2 1 1 2028 2107 2108 2029
1845 3 2 1 1 2029 2108 2109 2030
1846 3 2 1 1 2030 2109 2110 2031
1847 3 2 1 1 2031 2110 2111 2032
1848 3 2 1 1 2032 2111 2112 2033
1849 3 2 1 1 2033 2112 2113 2034
1850 3 2 1 1 2034 2113 2114 2035
1851 3 2 1 1 2035 2114 2115 2036
1852 3 2 1 1 2036 2115 2116 2037
1853 3 2 1 1 2037 2116 2117 2038
1854 3 2 1 1 2038 2117 2118 2039
1855 3 2 1 1 2039 2118 2119 2040
1856 3 2 1 1 2040 2119 2120 2041
1857 3 2 1 1 2041 2120 2121 2042
1858 3 2 1 1 2042 2121 2122 2043
1859 3 2 1 1 2043 2122 2123 2044
1860 3 2 1 1 2044 2123 2124 2045
1861 3 2 1 1 2045 2124 2125 2046
1862 3 2 1 1 2046 2125 138 139
1863 3 2 1 1 248 249 2126 2047
1864 3 2 1 1 2047 2126 2127 2048
1865 3 2 1 1 2048 2127 2128 2049
1866 3 2 1 1 2049 2128 2129 2050
1867 3 2 1 1 2050 2129 2130 2051
1868 3 2 1 1 2051 2130 2131 2052
1869 3 2 1 1 2052 2131 2132 2053
1870 3 2 1 1 2053 2132 2133 2054
1871 3 2 1 1 2054 2133 2134 2055
1872 3 2 1 1 2055 2134 2135 2056
1873 3 2 1 1 2056 2135 2136 2057
1874 3 2 1 1 2057 2136 2137 2058
1875 3 2 1 1 2058 2137 2138 2059
1876 3 2 1 1 2059 2138 2139 2060
1877 3 2 1 1 2060 2139 2140 2061
1878 3 2 1 1 2061 2140 2141 2062
1879 3 2 1 1 2062 2141 2142 2063
1880 3 2 1 1 2063 2142 2143 2064
1881 3 2 1 1 2064 2143 2144 2065
1882 3 2 1 1 2065 2144 2145 2066
1883 3 2 1 1 2066 2145 2146 2067
1884 3 2 1 1 2067 2146 2147 2068
1885 3 2 1 1 2068 2147 2148 2069
1886 3 2 1 1 2069 2148 2149 2070
1887 3 2 1 1 2070 2149 2150 2071
1888 3 2 1 1 2071 2150 2151 2072
1889 3 2 1 1 2072 2151 2152 2073
1890 3 2 1 1 2073 2152 2153 2074
1891 3 2 1 1 2074 2153 2154 2075
1892 3 2 1 1 2075 2154 2155 2076
1893 3 2 1 1 2076 2155 2156 2077
1894 3 2 1 1 2077 2156 2157 2078
1895 3 2 1 1 2078 2157 2158 2079
1896 3 2 1 1 2079 2158 2159 2080
1897 3 2 1 1 2080 2159 2160 2081
1898 3 2 1 1 2081 2160 2161 2082
1899 3 2 1 1 2082 2161 2162 2083
1900 3 2 1 1 2083 2162 2163 2084
1901 3 2 1 1 2084 2163 2164 2085
1902 3 2 1 1 2085 2164 2165 2086
1903 3 2 1 1 2086 2165 2166 2087
1904 3 2 1 1 2087 2166 2167 2088
1905 3 2 1 1 2088 2167 2168 2089
1906 3 2 1 1 2089 2168 2169 2090
1907 3 2 1 1 2090 2169 2170 2091
1908 3 2 1 1 2091 2170 2171 2092
1909 3 2 1 1 2092 2171 2172 2093
1910 3 2 1 1 2093 2172 2173 2094
1911 3 2 1 1 2094 2173 2174 2095
1912 3 2 1 1 2095 2174 2175 2096
1913 3 2 1 1 2096 2175 2176 2097
1914 3 2 1 1 2097 2176 2177 2098
1915 3 2 1 1 2098 2177 2178 2099
1916 3 2 1 1 2099 2178 2179 2100
1917 3 2 1 1 2100 2179 2180 2101
1918 3 2 1 1 2101 2180 2181 2102
1919 3 2 1 1 2102 2181 2182 2103
1920 3 2 1 1 2103 2182 2183 2104
1921 3 2 1 1 2104 2183 2184 2105
1922 3 2 1 1 2105 2184 2185 2106
1923 3 2 1 1 2106 2185 2186 2107
1924 3 2 1 1 2107 2186 2187 2108
1925 3 2 1 1 2108 2187 2188 2109
1926 3 2 1 1 2109 2188 2189 2110
1927 3 2 1 1 2110 2189 2190 2111
1928 3 2 1 1 2111 2190 2191 2112
1929 3 2 1 1 2112 2191 2192 2113
1930 3 2 1 1 2113 2192 2193 2114
1931 3 2 1 1 2114 2193 2194 2115
1932 3 2 1 1 2115 2194 2195 2116
1933 3 2 1 1 2116 2195 2196 2117
1934 3 2 1 1 2117 2196 2197 2118
1935 3 2 1 1 2118 2197 2198 2119
1936 3 2 1 1 2119 2198 2199 2120
1937 3 2 1 1 2120 2199 2200 2121
1938 3 2 1 1 2121 2200 2201 2122
1939 3 2 1 1 2122 2201 2202 2123
1940 3 2 1 1 2123 2202 2203 2124
1941 3 2 1 1 2124 2203 2204 2125
1942 3 2 1 1 2125 2204 137 138
1943 3 2 1 1 249 250 2205 2126
1944 3 2 1 1 2126 2205 2206 2127
1945 3 2 1 1 2127 2206 2207 2128
1946 3 2 1 1 2128 2207 2208 2129
1947 3 2 1 1 2129 2208 2209 2130
1948 3 2 1 1 2130 2209 2210 2131
1949 3 2 1 1 2131 2210 2211 2132
1950 3 2 1 1 2132 2211 2212 2133
1951 3 2 1 1 2133 2212 2213 2134
1952 3 2 1 1 2134 2213 2214 2135
1953 3 2 1 1 2135 2214 2215 2136
1954 3 2 1 1 2136 2215 2216 2137
1955 3 2 1 1 2137 2216 2217 2138
1956 3 2 1 1 2138 2217 2218 2139
1957 3 2 1 1 2139 2218 2219 2140
1958 3 2 1 1 2140 2219 2220 2141
1959 3 2 1 1 2141 2220 2221 2142
1960 3 2 1 1 2142 2221 2222 2143
1961 3 2 1 1 2143 2222 2223 2144
1962 3 2 1 1 2144 2223 2224 2145
1963 3 2 1 1 2145 2224 2225 2146
1964 3 2 1 1 2146 2225 2226 2147
1965 3 2 1 1 2147 2226 2227 2148
1966 3 2 1 1 2148 2227 2228 2149
1967 3 2 1 1 2149 2228 2229 2150
1968 3 2 1 1 2150 2229 2230 2151
1969 3 2 1 1 2151 2230 2231 2152
1970 3 2 1 1 2152 2231 2232 2153
1971 3 2 1 1 2153 2232 2233 2154
1972 3 2 1 1 2154 2233 2234 2155
1973 3 2 1 1 2155 2234 2235 2156
1974 3 2 1 1 2156 2235 2236 2157
1975 3 2 1 1 2157 2236 2237 2158
1976 3 2 1 1 2158 2237 2238 2159
1977 3 2 1 1 2159 2238 2239 2160
1978 3 2 1 1 2160 2239 2240 2161
1979 3 2 1 1 2161 2240 2241 2162
1980 3 2 1 1 2162 2241 2242 2163
1981 3 2 1 1 2163 2242 2243 2164
1982 3 2 1 1 2164 2243 2244 2165
1983 3 2 1 1 2165 2244 2245 2166
1984 3 2 1 1 2166 2245 2246 2167
1985 3 2 1 1 2167 2246 2247 2168
1986 3 2 1 1 2168 2247 2248 2169
1987 3 2 1 1 2169 2248 2249 2170
1988 3 2 1 1 2170 2249 2250 2171
1989 3 2 1 1 2171 2250 2251 2172
1990 3 2 1 1 2172 2251 2252 2173
1991 3 2 1 1 2173 2252 2253 2174
1992 3 2 1 1 2174 2253 2254 2175
1993 3 2 1 1 2175 2254 2255 2176
1994 3 2 1 1 2176 2255 2256 2177
1995 3 2 1 1 2177 2256 2257 2178
1996 3 2 1 1 2178 2257 2258 2179
1997 3 2 1 1 2179 2258 2259 2180
1998 3 2 1 1 2180 2259 2260 2181
1999 3 2 1 1 2181 2260 2261 2182
2000 3 2 1 1 2182 2261 2262 2183
2001 3 2 1 1 2183 2262 2263 2184
2002 3 2 1 1 2184 2263 2264 2185
2003 3 2 1 1 2185 2264 2265 2186
2004 3 2 1 1 2186 2265 2266 2187
2005 3 2 1 1 2187 2266 2267 2188
2006 3 2 1 1 2188 2267 2268 2189
2007 3 2 1 1 2189 2268 2269 2190
2008 3 2 1 1 2190 2269 2270 2191
2009 3 2 1 1 2191 2270 2271 2192
2010 3 2 1 1 2192 2271 2272 2193
2011 3 2 1 1 2193 2272 2273 2194
2012 3 2 1 1 2194 2273 2274 2195
2013 3 2 1 1 2195 2274 2275 2196
2014 3 2 1 1 2196 2275 2276 2197
2015 3 2 1 1 2197 2276 2277 2198
2016 3 2 1 1 2198 2277 2278 2199
2017 3 2 1 1 2199 2278 2279 2200
2018 3 2 1 1 2200 2279 2280 2201
2019 3 2 1 1 2201 2280 2281 2202
2020 3 2 1 1 2202 2281 2282 2203
2021 3 2 1 1 2203 2282 2283 2204
2022 3 2 1 1 2204 2283 136 137
2023 3 2 1 1 250 251 2284 2205
2024 3 2 1 1 2205 2284 2285 2206
2025 3 2 1 1 2206 2285 2286 2207
2026 3 2 1 1 2207 2286 2287 2208
2027 3 2 1 1 2208 2287 2288 2209
2028 3 2 1 1 2209 2288 2289 2210
2029 3 2 1 1 2210 2289 2290 2211
2030 3 2 1 1 2211 2290 2291 2212
2031 3 2 1 1 2212 2291 2292 2213
2032 3 2 1 1 2213 2292 2293 2214
2033 3 2 1 1 2214 2293 2294 2215
2034 3 2 1 1 2215 2294 2295 2216
2035 3 2 1 1 2216 2295 2296 2217
2036 3 2 1 1 2217 2296 2297 2218
2037 3 2 1 1 2218 2297 2298 2219
2038 3 2 1 1 2219 2298 2299 2220
2039 3 2 1 1 2220 2299 2300 2221
2040 3 2 1 1 2221 2300 2301 2222
2041 3 2 1 1 2222 2301 2302 2223
2042 3 2 1 1 2223 2302 2303 2224
2043 3 2 1 1 2224 2303 2304 2225
2044 3 2 1 1 2225 2304 2305 2226
2045 3 2 1 1 2226 2305 2306 2227
2046 3 2 1 1 2227 2306 2307 2228
2047 3 2 1 1 2228 2307 2308 2229
2048 3 2 1 1 2229 2308 2309 2230
2049 3 2 1 1 2230 2309 2310 2231
2050 3 2 1 1 2231 2310 2311 2232
2051 3 2 1 1 2232 2311 2312 2233
2052 3 2 1 1 2233 2312 2313 2234
2053 3 2 1 1 2234 2313 2314 2235
2054 3 2 1 1 2235 2314 2315 2236
2055 3 2 1 1 2236 2315 2316 2237
2056 3 2 1 1 2237 2316 2317 2238
2057 3 2 1 1 2238 2317 2318 2239
2058 3 2 1 1 2239 2318 2319 2240
2059 3 2 1 1 2240 2319 2320 2241
2060 3 2 1 1 2241 2320 2321 2242
2061 3 2 1 1 2242 2321 2322 2243
2062 3 2 1 1 2243 2322 2323 2244
2063 3 2 1 1 2244 2323 2324 2245
2064 3 2 1 1 2245 2324 2325 2246
2065 3 2 1 1 2246 2325 2326 2247
2066 3 2 1 1 2247 2326 2327 2248
2067 3 2 1 1 2248 2327 2328 2249
2068 3 2 1 1 2249 2328 2329 2250
2069 3 2 1 1 2250 2329 2330 2251
2070 3 2 1 1 2251 2330 2331 2252
2071 3 2 1 1 2252 2331 2332 2253
2072 3 2 1 1 2253 2332 2333 2254
2073 3 2 1 1 2254 2333 2334 2255
2074 3 2 1 1 2255 2334 2335 2256
2075 3 2 1 1 2256 2335 2336 2257
2076 3 2 1 1 2257 2336 2337 2258
2077 3 2 1 1 2258 2337 2338 2259
2078 3 2 1 1 2259 2338 2339 2260
2079 3 2 1 1 2260 2339 2340 2261
2080 3 2 1 1 2261 2340 2341 2262
2081 3 2 1 1 2262 2341 2342 2263
2082 3 2 1 1 2263 2342 2343 2264
2083 3 2 1 1 2264 2343 2344 2265
2084 3 2 1 1 2265 2344 2345 2266
2085 3 2 1 1 2266 2345 2346 2267
2086 3 2 1 1 2267 2346 2347 2268
2087 3 2 1 1 2268 2347 2348 2269
2088 3 2 1 1 2269 2348 2349 2270
2089 3 2 1 1 2270 2349 2350 2271
2090 3 2 1 1 2271 2350 2351 2272
2091 3 2 1 1 2272 2351 2352 2273
2092 3 2 1 1 2273 2352 2353 2274
2093 3 2 1 1 2274 2353 2354 2275
2094 3 2 1 1 2275 2354 2355 2276
2095 3 2 1 1 2276 2355 2356 2277
2096 3 2 1 1 2277 2356 2357 2278
2097 3 2 1 1 2278 2357 2358 2279
2098 3 2 1 1 2279 2358 2359 2280
2099 3 2 1 1 2280 2359 2360 2281
2100 3 2 1 1 2281 2360 2361 2282
2101 3 2 1 1 2282 2361 2362 2283
2102 3 2 1 1 2283 2362 135 136
2103 3 2 1 1 251 252 2363 2284
2104 3 2 1 1 2284 2363 2364 2285
2105 3 2 1 1 2285 2364 2365 2286
2106 3 2 1 1 2286 2365 2366 2287
2107 3 2 1 1 2287 2366 2367 2288
2108 3 2 1 1 2288 2367 2368 2289
2109 3 2 1 1 2289 2368 2369 2290
2110 3 2 1 1 2290 2369 2370 2291
2111 3 2 1 1 2291 2370 2371 2292
2112 3 2 1 1 2292 2371 2372 2293
2113 3 2 1 1 2293 2372 2373 2294
2114 3 2 1 1 2294 2373 2374 2295
2115 3 2 1 1 2295 2374 2375 2296
2116 3 2 1 1 2296 2375 2376 2297
2117 3 2 1 1 2297 2376 2377 2298
2118 3 2 1 1 2298 2377 2378 2299
2119 3 2 1 1 2299 2378 2379 2300
2120 3 2 1 1 2300 2379 2380 2301
2121 3 2 1 1 2301 2380 2381 2302
2122 3 2 1 1 2302 2381 2382 2303
2123 3 2 1 1 2303 2382 2383 2304
2124 3 2 1 1 2304 2383 2384 2305
2125 3 2 1 1 2305 2384 2385 2306
2126 3 2 1 1 2306 2385 2386 2307
2127 3 2 1 1 2307 2386 2387 2308
2128 3 2 1 1 2308 2387 2388 2309
2129 3 2 1 1 2309 2388 2389 2310
2130 3 2 1 1 2310 2389 2390 2311
2131 3 2 1 1 2311 2390 2391 2312
2132 3 2 1 1 2312 2391 2392 2313
2133 3 2 1 1 2313 2392 2393 2314
2134 3 2 1 1 2314 2393 2394 2315
2135 3 2 1 1 2315 2394 2395 2316
2136 3 2 1 1 2316 2395 2396 2317
2137 3 2 1 1 2317 2396 2397 2318
2138 3 2 1 1 2318 2397 2398 2319
2139 3 2 1 1 2319 2398 2399 2320
2140 3 2 1 1 2320 2399 2400 2321
2141 3 2 1 1 2321 2400 2401 2322
2142 3 2 1 1 2322 2401 2402 2323
2143 3 2 1 1 2323 2402 2403 2324
2144 3 2 1 1 2324 2403 2404 2325
2145 3 2 1 1 2325 2404 2405 2326
2146 3 2 1 1 2326 2405 2406 2327
2147 3 2 1 1 2327 2406 2407 2328
2148 3 2 1 1 2328 2407 2408 2329
2149 3 2 1 1 2329 2408 2409 2330
2150 3 2 1 1 2330 2409 2410 2331
2151 3 2 1 1 2331 2410 2411 2332
2152 3 2 1 1 2332 2411 2412 2333
2153 3 2 1 1 2333 2412 2413 2334
2154 3 2 1 1 2334 2413 2414 2335
2155 3 2 1 1 2335 2414 2415 2336
2156 3 2 1 1 2336 2415 2416 2337
2157 3 2 1 1 2337 2416 2417 2338
2158 3 2 1 1 2338 2417 2418 2339
2159 3 2 1 1 2339 2418 2419 2340
2160 3 2 1 1 2340 2419 2420 2341
2161 3 2 1 1 2341 2420 2421 2342
2162 3 2 1 1 2342 2421 2422 2343
2163 3 2 1 1 2343 2422 2423 2344
2164 3 2 1 1 2344 2423 2424 2345
2165 3 2 1 1 2345 2424 2425 2346
2166 3 2 1 1 2346 2425 2426 2347
2167 3 2 1 1 2347 2426 2427 2348
2168 3 2 1 1 2348 2427 2428 2349
2169 3 2 1 1 2349 2428 2429 2350
2170 3 2 1 1 2350 2429 2430 2351
2171 3 2 1 1 2351 2430 2431 2352
2172 3 2 1 1 2352 2431 2432 2353
2173 3 2 1 1 2353 2432 2433 2354
2174 3 2 1 1 2354 2433 2434 2355
2175 3 2 1 1 2355 2434 2435 2356
2176 3 2 1 1 2356 2435 2436 2357
2177 3 2 1 1 2357 2436 2437 2358
2178 3 2 1 1 2358 2437 2438 2359
2179 3 2 1 1 2359 2438 2439 2360
2180 3 2 1 1 2360 2439 2440 2361
2181 3 2 1 1 2361 2440 2441 2362
2182 3 2 1 1 2362 2441 134 135
2183 3 2 1 1 252 253 2442 2363
2184 3 2 1 1 2363 2442 2443 2364
2185 3 2 1 1 2364 2443 2444 2365
2186 3 2 1 1 2365 2444 2445 2366
2187 3 2 1 1 2366 2445 2446 2367
2188 3 2 1 1 2367 2446 2447 2368
2189 3 2 1 1 2368 2447 2448 2369
2190 3 2 1 1 2369 2448 2449 2370
2191 3 2 1 1 2370 2449 2450 2371
2192 3 2 1 1 2371 2450 2451 2372
2193 3 2 1 1 2372 2451 2452 2373
2194 3 2 1 1 2373 2452 2453 2374
2195 3 2 1 1 2374 2453 2454 2375
2196 3 2 1 1 2375 2454 2455 2376
2197 3 2 1 1 2376 2455 2456 2377
2198 3 2 1 1 2377 2456 2457 2378
2199 3 2 1 1 2378 2457 2458 2379
2200 3 2 1 1 2379 2458 2459 2380
2201 3 2 1 1 2380 2459 2460 2381
2202 3 2 1 1 2381 2460 2461 2382
2203 3 2 1 1 2382 2461 2462 2383
2204 3 2 1 1 2383 2462 2463 2384
2205 3 2 1 1 2384 2463 2464 2385
2206 3 2 1 1 2385 2464 2465 2386
2207 3 2 1 1 2386 2465 2466 2387
2208 3 2 1 1 2387 2466 2467 2388
2209 3 2 1 1 2388 2467 2468 2389
2210 3 2 1 1 2389 2468 2469 2390
2211 3 2 1 1 2390 2469 2470 2391
2212 3 2 1 1 2391 2470 2471 2392
2213 3 2 1 1 2392 2471 2472 2393
2214 3 2 1 1 2393 2472 2473 2394
2215 3 2 1 1 2394 2473 2474 2395
2216 3 2 1 1 2395 2474 2475 2396
2217 3 2 1 1 2396 2475 2476 2397
2218 3 2 1 1 2397 2476 2477 2398
2219 3 2 1 1 2398 2477 2478 2399
2220 3 2 1 1 2399 2478 2479 2400
2221 3 2 1 1 2400 2479 2480 2401
2222 3 2 1 1 2401 2480 2481 2402
2223 3 2 1 1 2402 2481 2482 2403
2224 3 2 1 1 2403 2482 2483 2404
2225 3 2 1 1 2404 2483 2484 2405
2226 3 2 1 1 2405 2484 2485 2406
2227 3 2 1 1 2406 2485 2486 2407
2228 3 2 1 1 2407 2486 2487 2408
2229 3 2 1 1 2408 2487 2488 2409
2230 3 2 1 1 2409 2488 2489 2410
2231 3 2 1 1 2410 2489 2490 2411
2232 3 2 1 1 2411 2490 2491 2412
2233 3 2 1 1 2412 2491 2492 2413
2234 3 2 1 1 2413 2492 2493 2414
2235 3 2 1 1 2414 2493 2494 2415
2236 3 2 1 1 2415 2494 2495 2416
2237 3 2 1 1 2416 2495 2496 2417
2238 3 2 1 1 2417 2496 2497 2418
2239 3 2 1 1 2418 2497 2498 2419
2240 3 2 1 1 2419 2498 2499 2420
2241 3 2 1 1 2420 2499 2500 2421
2242 3 2 1 1 2421 2500 2501 2422
2243 3 2 1 1 2422 2501 2502 2423
2244 3 2 1 1 2423 2502 2503 2424
2245 3 2 1 1 2424 2503 2504 2425
2246 3 2 1 1 2425 2504 2505 2426
2247 3 2 1 1 2426 2505 2506 2427
2248 3 2 1 1 2427 2506 2507 2428
2249 3 2 1 1 2428 2507 2508 2429
2250 3 2 1 1 2429 2508 2509 2430
2251 3 2 1 1 2430 2509 2510 2431
2252 3 2 1 1 2431 2510 2511 2432
2253 3 2 1 1 2432 2511 2512 2433
2254 3 2 1 1 2433 2512 2513 2434
2255 3 2 1 1 2434 2513 2514 2435
2256 3 2 1 1 2435 2514 2515 2436
2257 3 2 1 1 2436 2515 2516 2437
2258 3 2 1 1 2437 2516 2517 2438
2259 3 2 1 1 2438 2517 2518 2439
2260 3 2 1 1 2439 2518 2519 2440
2261 3 2 1 1 2440 2519 2520 2441
2262 3 2 1 1 2441 2520 133 134
2263 3 2 1 1 253 254 2521 2442
2264 3 2 1 1 2442 2521 2522 2443
2265 3 2 1 1 2443 2522 2523 2444
2266 3 2 1 1 2444 2523 2524 2445
2267 3 2 1 1 2445 2524 2525 2446
2268 3 2 1 1 2446 2525 2526 2447
2269 3 2 1 1 2447 2526 2527 2448
2270 3 2 1 1 2448 2527 2528 2449
2271 3 2 1 1 2449 2528 2529 2450
2272 3 2 1 1 2450 2529 2530 2451
2273 3 2 1 1 2451 2530 2531 2452
2274 3 2 1 1 2452 2531 2532 2453
2275 3 2 1 1 2453 2532 2533 2454
2276 3 2 1 1 2454 2533 2534 2455
2277 3 2 1 1 2455 2534 2535 2456
2278 3 2 1 1 2456 2535 2536 2457
2279 3 2 1 1 2457 2536 2537 2458
2280 3 2 1 1 2458 2537 2538 2459
2281 3 2 1 1 2459 2538 2539 2460
2282 3 2 1 1 2460 2539 2540 2461
2283 3 2 1 1 2461 2540 2541 2462
2284 3 2 1 1 2462 2541 2542 2463
2285 3 2 1 1 2463 2542 2543 2464
2286 3 2 1 1 2464 2543 2544 2465
2287 3 2 1 1 2465 2544 2545 2466
2288 3 2 1 1 2466 2545 2546 2467
2289 3 2 1 1 2467 2546 2547 2468
2290 3 2 1 1 2468 2547 2548 2469
2291 3 2 1 1 2469 2548 2549 2470
2292 3 2 1 1 2470 2549 2550 2471
2293 3 2 1 1 2471 2550 2551 2472
2294 3 2 1 1 2472 2551 2552 2473
2295 3 2 1 1 2473 2552 2553 2474
2296 3 2 1 1 2474 2553 2554 2475
2297 3 2 1 1 2475 2554 2555 2476
2298 3 2 1 1 2476 2555 2556 2477
2299 3 2 1 1 2477 2556 2557 2478
2300 3 2 1 1 2478 2557 2558 2479
2301 3 2 1 1 2479 2558 2559 2480
2302 3 2 1 1 2480 2559 2560 2481
2303 3 2 1 1 2481 2560 2561 2482
2304 3 2 1 1 2482 2561 2562 2483
2305 3 2 1 1 2483 2562 2563 2484
2306 3 2 1 1 2484 2563 2564 2485
2307 3 2 1 1 2485 2564 2565 2486
2308 3 2 1 1 2486 2565 2566 2487
2309 3 2 1 1 2487 2566 2567 2488
2310 3 2 1 1 2488 2567 2568 2489
2311 3 2 1 1 2489 2568 2569 2490
2312 3 2 1 1 2490 2569 2570 2491
2313 3 2 1 1 2491 2570 2571 2492
2314 3 2 1 1 2492 2571 2572 2493
2315 3 2 1 1 2493 2572 2573 2494
2316 3 2 1 1 2494 2573 2574 2495
2317 3 2 1 1 2495 2574 2575 2496
2318 3 2 1 1 2496 2575 2576 2497
2319 3 2 1 1 2497 2576 2577 2498
2320 3 2 1 1 2498 2577 2578 2499
2321 3 2 1 1 2499 2578 2579 2500
2322 3 2 1 1 2500 2579 2580 2501
2323 3 2 1 1 2501 2580 2581 2502
2324 3 2 1 1 2502 2581 2582 2503
2325 3 2 1 1 2503 2582 2583 2504
2326 3 2 1 1 2504 2583 2584 2505
2327 3 2 1 1 2505 2584 2585 2506
2328 3 2 1 1 2506 2585 2586 2507
2329 3 2 1 1 2507 2586 2587 2508
2330 3 2 1 1 2508 2587 2588 2509
2331 3 2 1 1 2509 2588 2589 2510
2332 3 2 1 1 2510 2589 2590 2511
2333 3 2 1 1 2511 2590 2591 2512
2334 3 2 1 1 2512 2591 2592 2513
2335 3 2 1 1 2513 2592 2593 2514
2336 3 2 1 1 2514 2593 2594 2515
2337 3 2 1 1 2515 2594 2595 2516
2338 3 2 1 1 2516 2595 2596 2517
2339 3 2 1 1 2517 2596 2597 2518
2340 3 2 1 1 2518 2597 2598 2519
2341 3 2 1 1 2519 2598 2599 2520
2342 3 2 1 1 2520 2599 132 133
2343 3 2 1 1 254 255 2600 2521
2344 3 2 1 1 2521 2600 2601 2522
2345 3 2 1 1 2522 2601 2602 2523
2346 3 2 1 1 2523 2602 2603 2524
2347 3 2 1 1 2524 2603 2604 2525
2348 3 2 1 1 2525 2604 2605 2526
2349 3 2 1 1 2526 2605 2606 2527
2350 3 2 1 1 2527 2606 2607 2528
2351 3 2 1 1 2528 2607 2608 2529
2352 3 2 1 1 2529 2608 2609 2530
2353 3 2 1 1 2530 2609 2610 2531
2354 3 2 1 1 2531 2610 2611 2532
2355 3 2 1 1 2532 2611 2612 2533
2356 3 2 1 1 2533 2612 2613 2534
2357 3 2 1 1 2534 2613 2614 2535
2358 3 2 1 1 2535 2614 2615 2536
2359 3 2 1 1 2536 2615 2616 2537
2360 3 2 1 1 2537 2616 2617 2538
2361 3 2 1 1 2538 2617 2618 2539
2362 3 2 1 1 2539 2618 2619 2540
2363 3 2 1 1 2540 2619 2620 2541
2364 3 2 1 1 2541 2620 2621 2542
2365 3 2 1 1 2542 2621 2622 2543
2366 3 2 1 1 2543 2622 2623 2544
2367 3 2 1 1 2544 2623 2624 2545
2368 3 2 1 1 2545 2624 2625 2546
2369 3 2 1 1 2546 2625 2626 2547
2370 3 2 1 1 2547 2626 2627 2548
2371 3 2 1 1 2548 2627 2628 2549
2372 3 2 1 1 2549 2628 2629 2550
2373 3 2 1 1 2550 2629 2630 2551
2374 3 2 1 1 2551 2630 2631 2552
2375 3 2 1 1 2552 2631 2632 2553
2376 3 2 1 1 2553 2632 2633 2554
2377 3 2 1 1 2554 2633 2634 2555
2378 3 2 1 1 2555 2634 2635 2556
2379 3 2 1 1 2556 2635 2636 2557
2380 3 2 1 1 2557 2636 2637 2558
2381 3 2 1 1 2558 2637 2638 2559
2382 3 2 1 1 2559 2638 2639 2560
2383 3 2 1 1 2560 2639 2640 2561
2384 3 2 1 1 2561 2640 2641 2562
2385 3 2 1 1 2562 2641 2642 2563
2386 3 2 1 1 2563 2642 2643 2564
2387 3 2 1 1 2564 2643 2644 2565
2388 3 2 1 1 2565 2644 2645 2566
2389 3 2 1 1 2566 2645 2646 2567
2390 3 2 1 1 2567 2646 2647 2568
2391 3 2 1 1 2568 2647 2648 2569
2392 3 2 1 1 2569 2648 2649 2570
2393 3 2 1 1 2570 2649 2650 2571
2394 3 2 1 1 2571 2650 2651 2572
2395 3 2 1 1 2572 2651 2652 2573
2396 3 2 1 1 2573 2652 2653 2574
2397 3 2 1 1 2574 2653 2654 2575
2398 3 2 1 1 2575 2654 2655 2576
2399 3 2 1 1 2576 2655 2656 2577
2400 3 2 1 1 2577 2656 2657 2578
2401 3 2 1 1 2578 2657 2658 2579
2402 3 2 1 1 2579 2658 2659 2580
2403 3 2 1 1 2580 2659 2660 2581
2404 3 2 1 1 2581 2660 2661 2582
2405 3 2 1 1 2582 2661 2662 2583
2406 3 2 1 1 2583 2662 2663 2584
2407 3 2 1 1 2584 2663 2664 2585
2408 3 2 1 1 2585 2664 2665 2586
2409 3 2 1 1 2586 2665 2666 2587
2410 3 2 1 1 2587 2666 2667 2588
2411 3 2 1 1 2588 2667 2668 2589
2412 3 2 1 1 2589 2668 2669 2590
2413 3 2 1 1 2590 2669 2670 2591
2414 3 2 1 1 2591 2670 2671 2592
2415 3 2 1 1 2592 2671 2672 2593
2416 3 2 1 1 2593 2672 2673 2594
2417 3 2 1 1 2594 2673 2674 2595
2418 3 2 1 1 2595 2674 2675 2596
2419 3 2 1 1 2596 2675 2676 2597
2420 3 2 1 1 2597 2676 2677 2598
2421 3 2 1 1 2598 2677 2678 2599
2422 3 2 1 1 2599 2678 131 132
2423 3 2 1 1 255 256 2679 2600
2424 3 2 1 1 2600 2679 2680 2601
2425 3 2 1 1 2601 2680 2681 2602
2426 3 2 1 1 2602 2681 2682 2603
2427 3 2 1 1 2603 2682 2683 2604
2428 3 2 1 1 2604 2683 2684 2605
2429 3 2 1 1 2605 2684 2685 2606
2430 3 2 1 1 2606 2685 2686 2607
2431 3 2 1 1 2607 2686 2687 2608
2432 3 2 1 1 2608 2687 2688 2609
2433 3 2 1 1 2609 2688 2689 2610
2434 3 2 1 1 2610 2689 2690 2611
2435 3 2 1 1 2611 2690 2691 2612
2436 3 2 1 1 2612 2691 2692 2613
2437 3 2 1 1 2613 2692 2693 2614
2438 3 2 1 1 2614 2693 2694 2615
2439 3 2 1 1 2615 2694 2695 2616
2440 3 2 1 1 2616 2695 2696 2617
2441 3 2 1 1 2617 2696 2697 2618
2442 3 2 1 1 2618 2697 2698 2619
2443 3 2 1 1 2619 2698 2699 2620
2444 3 2 1 1 2620 2699 2700 2621
2445 3 2 1 1 2621 2700 2701 2622
2446 3 2 1 1 2622 2701 2702 2623
2447 3 2 1 1 2623 2702 2703 2624
2448 3 2 1 1 2624 2703 2704 2625
2449 3 2 1 1 2625 2704 2705 2626
2450 3 2 1 1 2626 2705 2706 2627
2451 3 2 1 1 2627 2706 2707 2628
2452 3 2 1 1 2628 2707 2708 2629
2453 3 2 1 1 2629 2708 2709 2630
2454 3 2 1 1 2630 2709 2710 2631
2455 3 2 1 1 2631 2710 2711 2632
2456 3 2 1 1 2632 2711 2712 2633
2457 3 2 1 1 2633 2712 2713 2634
2458 3 2 1 1 2634 2713 2714 2635
2459 3 2 1 1 2635 2714 2715 2636
2460 3 2 1 1 2636 2715 2716 2637
2461 3 2 1 1 2637 2716 2717 2638
2462 3 2 1 1 2638 2717 2718 2639
2463 3 2 1 1 2639 2718 2719 2640
2464 3 2 1 1 2640 2719 2720 2641
2465 3 2 1 1 2641 2720 2721 2642
2466 3 2 1 1 2642 2721 2722 2643
2467 3 2 1 1 2643 2722 2723 2644
2468 3 2 1 1 2644 2723 2724 2645
2469 3 2 1 1 2645 2724 2725 2646
2470 3 2 1 1 2646 2725 2726 2647
2471 3 2 1 1 2647 2726 2727 2648
2472 3 2 1 1 2648 2727 2728 2649
2473 3 2 1 1 2649 2728 2729 2650
2474 3 2 1 1 2650 2729 2730 2651
2475 3 2 1 1 2651 2730 2731 2652
2476 3 2 1 1 2652 2731 2732 2653
2477 3 2 1 1 2653 2732 2733 2654
2478 3 2 1 1 2654 2733 2734 2655
2479 3 2 1 1 2655 2734 2735 2656
2480 3 2 1 1 2656 2735 2736 2657
2481 3 2 1 1 2657 2736 2737 2658
2482 3 2 1 1 2658 2737 2738 2659
2483 3 2 1 1 2659 2738 2739 2660
2484 3 2 1 1 2660 2739 2740 2661
2485 3 2 1 1 2661 2740 2741 2662
2486 3 2 1 1 2662 2741 2742 2663
2487 3 2 1 1 2663 2742 2743 2664
2488 3 2 1 1 2664 2743 2744 2665
2489 3 2 1 1 2665 2744 2745 2666
2490 3 2 1 1 2666 2745 2746 2667
2491 3 2 1 1 2667 2746 2747 2668
2492 3 2 1 1 2668 2747 2748 2669
2493 3 2 1 1 2669 2748 2749 2670
2494 3 2 1 1 2670 2749 2750 2671
2495 3 2 1 1 2671 2750 2751 2672
2496 3 2 1 1 2672 2751 2752 2673
2497 3 2 1 1 2673 2752 2753 2674
2498 3 2 1 1 2674 2753 2754 2675
2499 3 2 1 1 2675 2754 2755 2676
2500 3 2 1 1 2676 2755 2756 2677
2501 3 2 1 1 2677 2756 2757 2678
2502 3 2 1 1 2678 2757 130 131
2503 3 2 1 1 256 257 2758 2679
2504 3 2 1 1 2679 2758 2759 2680
2505 3 2 1 1 2680 2759 2760 2681
2506 3 2 1 1 2681 2760 2761 2682
2507 3 2 1 1 2682 2761 2762 2683
2508 3 2 1 1 2683 2762 2763 2684
2509 3 2 1 1 2684 2763 2764 2685
2510 3 2 1 1 2685 2764 2765 2686
2511 3 2 1 1 2686 2765 2766 2687
2512 3 2 1 1 2687 2766 2767 2688
2513 3 2 1 1 2688 2767 2768 2689
2514 3 2 1 1 2689 2768 2769 2690
2515 3 2 1 1 2690 2769 2770 2691
2516 3 2 1 1 2691 2770 2771 2692
2517 3 2 1 1 2692 2771 2772 2693
2518 3 2 1 1 2693 2772 2773 2694
2519 3 2 1 1 2694 2773 2774 2695
2520 3 2 1 1 2695 2774 2775 2696
2521 3 2 1 1 2696 2775 2776 2697
2522 3 2 1 1 2697 2776 2777 2698
2523 3 2 1 1 2698 2777 2778 2699
2524 3 2 1 1 2699 2778 2779 2700
2525 3 2 1 1 2700 2779 2780 2701
2526 3 2 1 1 2701 2780 2781 2702
2527 3 2 1 1 2702 2781 2782 2703
2528 3 2 1 1 2703 2782 2783 2704
2529 3 2 1 1 2704 2783 2784 2705
2530 3 2 1 1 2705 2784 2785 2706
2531 3 2 1 1 2706 2785 2786 2707
2532 3 2 1 1 2707 2786 2787 2708
2533 3 2 1 1 2708 2787 2788 2709
2534 3 2 1 1 2709 2788 2789 2710
2535 3 2 1 1 2710 2789 2790 2711
2536 3 2 1 1 2711 2790 2791 2712
2537 3 2 1 1 2712 2791 2792 2713
2538 3 2 1 1 2713 2792 2793 2714
2539 3 2 1 1 2714 2793 2794 2715
2540 3 2 1 1 2715 2794 2795 2716
2541 3 2 1 1 2716 2795 2796 2717
2542 3 2 1 1 2717 2796 2797 2718
2543 3 2 1 1 2718 2797 2798 2719
2544 3 2 1 1 2719 2798 2799 2720
2545 3 2 1 1 2720 2799 2800 2721
2546 3 2 1 1 2721 2800 2801 2722
2547 3 2 1 1 2722 2801 2802 2723
2548 3 2 1 1 2723 2802 2803 2724
2549 3 2 1 1 2724 2803 2804 2725
2550 3 2 1 1 2725 2804 2805 2726
2551 3 2 1 1 2726 2805 2806 2727
2552 3 2 1 1 2727 2806 2807 2728
2553 3 2 1 1 2728 2807 2808 2729
2554 3 2 1 1 2729 2808 2809 2730
2555 3 2 1 1 2730 2809 2810 2731
2556 3 2 1 1 2731 2810 2811 2732
2557 3 2 1 1 2732 2811 2812 2733
2558 3 2 1 1 2733 2812 2813 2734
2559 3 2 1 1 2734 2813 2814 2735
2560 3 2 1 1 2735 2814 2815 2736
2561 3 2 1 1 2736 2815 2816 2737
2562 3 2 1 1 2737 2816 2817 2738
2563 3 2 1 1 2738 2817 2818 2739
2564 3 2 1 1 2739 2818 2819 2740
2565 3 2 1 1 2740 2819 2820 2741
2566 3 2 1 1 2741 2820 2821 2742
2567 3 2 1 1 2742 2821 2822 2743
2568 3 2 1 1 2743 2822 2823 2744
2569 3 2 1 1 2744 2823 2824 2745
2570 3 2 1 1 2745 2824 2825 2746
2571 3 2 1 1 2746 2825 2826 2747
2572 3 2 1 1 2747 2826 2827 2748
2573 3 2 1 1 2748 2827 2828 2749
2574 3 2 1 1 2749 2828 2829 2750
2575 3 2 1 1 2750 2829 2830 2751
2576 3 2 1 1 2751 2830 2831 2752
2577 3 2 1 1 2752 2831 2832 2753
2578 3 2 1 1 2753 2832 2833 2754
2579 3 2 1 1 2754 2833 2834 2755
2580 3 2 1 1 2755 2834 2835 2756
2581 3 2 1 1 2756 2835 2836 2757
2582 3 2 1 1 2757 2836 129 130
2583 3 2 1 1 257 258 2837 2758
2584 3 2 1 1 2758 2837 2838 2759
2585 3 2 1 1 2759 2838 2839 2760
2586 3 2 1 1 2760 2839 2840 2761
2587 3 2 1 1 2761 2840 2841 2762
2588 3 2 1 1 2762 2841 2842 2763
2589 3 2 1 1 2763 2842 2843 2764
2590 3 2 1 1 2764 2843 2844 2765
2591 3 2 1 1 2765 2844 2845 2766
2592 3 2 1 1 2766 2845 2846 2767
2593 3 2 1 1 2767 2846 2847 2768
2594 3 2 1 1 2768 2847 2848 2769
2595 3 2 1 1 2769 2848 2849 2770
2596 3 2 1 1 2770 2849 2850 2771
2597 3 2 1 1 2771 2850 2851 2772
2598 3 2 1 1 2772 2851 2852 2773
2599 3 2 1 1 2773 2852 2853 2774
2600 3 2 1 1 2774 2853 2854 2775
2601 3 2 1 1 2775 2854 2855 2776
2602 3 2 1 1 2776 2855 2856 2777
2603 3 2 1 1 2777 2856 2857 2778
2604 3 2 1 1 2778 2857 2858 2779
2605 3 2 1 1 2779 2858 2859 2780
2606 3 2 1 1 2780 2859 2860 2781
2607 3 2 1 1 2781 2860 2861 2782
2608 3 2 1 1 2782 2861 2862 2783
2609 3 2 1 1 2783 2862 2863 2784
2610 3 2 1 1 2784 2863 2864 2785
2611 3 2 1 1 2785 2864 2865 2786
2612 3 2 1 1 2786 2865 2866 2787
2613 3 2 1 1 2787 2866 2867 2788
2614 3 2 1 1 2788 2867 2868 2789
2615 3 2 1 1 2789 2868 2869 2790
2616 3 2 1 1 2790 2869 2870 2791
2617 3 2 1 1 2791 2870 2871 2792
2618 3 2 1 1 2792 2871 2872 2793
2619 3 2 1 1 2793 2872 2873 2794
2620 3 2 1 1 2794 2873 2874 2795
2621 3 2 1 1 2795 2874 2875 2796
2622 3 2 1 1 2796 2875 2876 2797
2623 3 2 1 1 2797 2876 2877 2798
2624 3 2 1 1 2798 2877 2878 2799
2625 3 2 1 1 2799 2878 2879 2800
2626 3 2 1 1 2800 2879 2880 2801
2627 3 2 1 1 2801 2880 2881 2802
2628 3 2 1 1 2802 2881 2882 2803
2629 3 2 1 1 2803 2882 2883 2804
2630 3 2 1 1 2804 2883 2884 2805
2631 3 2 1 1 2805 2884 2885 2806
2632 3 2 1 1 2806 2885 2886 2807
2633 3 2 1 1 2807 2886 2887 2808
2634 3 2 1 1 2808 2887 2888 2809
2635 3 2 1 1 2809 2888 2889 2810
2636 3 2 1 1 2810 2889 2890 2811
2637 3 2 1 1 2811 2890 2891 2812
2638 3 2 1 1 2812 2891 2892 2813
2639 3 2 1 1 2813 2892 2893 2814
2640 3 2 1 1 2814 2893 2894 2815
2641 3 2 1 1 2815 2894 2895 2816
2642 3 2 1 1 2816 2895 2896 2817
2643 3 2 1 1 2817 2896 2897 2818
2644 3 2 1 1 2818 2897 2898 2819
2645 3 2 1 1 2819 2898 2899 2820
2646 3 2 1 1 2820 2899 2900 2821
2647 3 2 1 1 2821 2900 2901 2822
2648 3 2 1 1 2822 2901 2902 2823
2649 3 2 1 1 2823 2902 2903 2824
2650 3 2 1 1 2824 2903 2904 2825
2651 3 2 1 1 2825 2904 2905 2826
2652 3 2 1 1 2826 2905 2906 2827
2653 3 2 1 1 2827 2906 2907 2828
2654 3 2 1 1 2828 2907 2908 2829
2655 3 2 1 1 2829 2908 2909 2830
2656 3 2 1 1 2830 2909 2910 2831
2657 3 2 1 1 2831 2910 2911 2832
2658 3 2 1 1 2832 2911 2912 2833
2659 3 2 1 1 2833 2912 2913 2834
2660 3 2 1 1 2834 2913 2914 2835
2661 3 2 1 1 2835 2914 2915 2836
2662 3 2 1 1 2836 2915 128 129
2663 3 2 1 1 258 259 2916 2837
2664 3 2 1 1 2837 2916 2917 2838
2665 3 2 1 1 2838 2917 2918 2839
2666 3 2 1 1 2839 2918 2919 2840
2667 3 2 1 1 2840 2919 2920 2841
2668 3 2 1 1 2841 2920 2921 2842
2669 3 2 1 1 2842 2921 2922 2843
2670 3 2 1 1 2843 2922 2923 2844
2671 3 2 1 1 2844 2923 2924 2845
2672 3 2 1 1 2845 2924 2925 2846
2673 3 2 1 1 2846 2925 2926 2847
2674 3 2 1 1 2847 2926 2927 2848
2675 3 2 1 1 2848 2927 2928 2849
2676 3 2 1 1 2849 2928 2929 2850
2677 3 2 1 1 2850 2929 2930 2851
2678 3 2 1 1 2851 2930 2931 2852
2679 3 2 1 1 2852 2931 2932 2853
2680 3 2 1 1 2853 2932 2933 2854
2681 3 2 1 1 2854 2933 2934 2855
2682 3 2 1 1 2855 2934 2935 2856
2683 3 2 1 1 2856 2935 2936 2857
2684 3 2 1 1 2857 2936 2937 2858
2685 3 2 1 1 2858 2937 2938 2859
2686 3 2 1 1 2859 2938 2939 2860
2687 3 2 1 1 2860 2939 2940 2861
2688 3 2 1 1 2861 2940 2941 2862
2689 3 2 1 1 2862 2941 2942 2863
2690 3 2 1 1 2863 2942 2943 2864
2691 3 2 1 1 2864 2943 2944 2865
2692 3 2 1 1 2865 2944 2945 2866
2693 3 2 1 1 2866 2945 2946 2867
2694 3 2 1 1 2867 2946 2947 2868
2695 3 2 1 1 2868 2947 2948 2869
2696 3 2 1 1 2869 2948 2949 2870
2697 3 2 1 1 2870 2949 2950 2871
2698 3 2 1 1 2871 2950 2951 2872
2699 3 2 1 1 2872 2951 2952 2873
2700 3 2 1 1 2873 2952 2953 2874
2701 3 2 1 1 2874 2953 2954 2875
2702 3 2 1 1 2875 2954 2955 2876
2703 3 2 1 1 2876 2955 2956 2877
2704 3 2 1 1 2877 2956 2957 2878
2705 3 2 1 1 2878 2957 2958 2879
2706 3 2 1 1 2879 2958 2959 2880
2707 3 2 1 1 2880 2959 2960 2881
2708 3 2 1 1 2881 2960 2961 2882
2709 3 2 1 1 2882 2961 2962 2883
2710 3 2 1 1 2883 2962 2963 2884
2711 3 2 1 1 2884 2963 2964 2885
2712 3 2 1 1 2885 2964 2965 2886
2713 3 2 1 1 2886 2965 2966 2887
2714 3 2 1 1 2887 2966 2967 2888
2715 3 2 1 1 2888 2967 2968 2889
2716 3 2 1 1 2889 2968 2969 2890
2717 3 2 1 1 2890 2969 2970 2891
2718 3 2 1 1 2891 2970 2971 2892
2719 3 2 1 1 2892 2971 2972 2893
2720 3 2 1 1 2893 2972 2973 2894
2721 3 2 1 1 2894 2973 2974 2895
2722 3 2 1 1 2895 2974 2975 2896
2723 3 2 1 1 2896 2975 2976 2897
2724 3 2 1 1 2897 2976 2977 2898
2725 3 2 1 1 2898 2977 2978 2899
2726 3 2 1 1 2899 2978 2979 2900
2727 3 2 1 1 2900 2979 2980 2901
2728 3 2 1 1 2901 2980 2981 2902
2729 3 2 1 1 2902 2981 2982 2903
2730 3 2 1 1 2903 2982 2983 2904
2731 3 2 1 1 2904 2983 2984 2905
2732 3 2 1 1 2905 2984 2985 2906
2733 3 2 1 1 2906 2985 2986 2907
2734 3 2 1 1 2907 2986 2987 2908
2735 3 2 1 1 2908 2987 2988 2909
2736 3 2 1 1 2909 2988 2989 2910
2737 3 2 1 1 2910 2989 2990 2911
2738 3 2 1 1 2911 2990 2991 2912
2739 3 2 1 1 2912 2991 2992 2913
2740 3 2 1 1 2913 2992 2993 2914
2741 3 2 1 1 2914 2993 2994 2915
2742 3 2 1 1 2915 2994 127 128
2743 3 2 1 1 259 260 2995 2916
2744 3 2 1 1 2916 2995 2996 2917
2745 3 2 1 1 2917 2996 2997 2918
2746 3 2 1 1 2918 2997 2998 2919
2747 3 2 1 1 2919 2998 2999 2920
2748 3 2 1 1 2920 2999 3000 2921
2749 3 2 1 1 2921 3000 3001 2922
2750 3 2 1 1 2922 3001 3002 2923
2751 3 2 1 1 2923 3002 3003 2924
2752 3 2 1 1 2924 3003 3004 2925
2753 3 2 1 1 2925 3004 3005 2926
2754 3 2 1 1 2926 3005 3006 2927
2755 3 2 1 1 2927 3006 3007 2928
2756 3 2 1 1 2928 3007 3008 2929
2757 3 2 1 1 2929 3008 3009 2930
2758 3 2 1 1 2930 3009 3010 2931
2759 3 2 1 1 2931 3010 3011 2932
2760 3 2 1 1 2932 3011 3012 2933
2761 3 2 1 1 2933 3012 3013 2934
2762 3 2 1 1 2934 3013 3014 2935
2763 3 2 1 1 2935 3014 3015 2936
2764 3 2 1 1 2936 3015 3016 2937
2765 3 2 1 1 2937 3016 3017 2938
2766 3 2 1 1 2938 3017 3018 2939
2767 3 2 1 1 2939 3018 3019 2940
2768 3 2 1 1 2940 3019 3020 2941
2769 3 2 1 1 2941 3020 3021 2942
2770 3 2 1 1 2942 3021 3022 2943
2771 3 2 1 1 2943 3022 3023 2944
2772 3 2 1 1 2944 3023 3024 2945
2773 3 2 1 1 2945 3024 3025 2946
2774 3 2 1 1 2946 3025 3026 2947
2775 3 2 1 1 2947 3026 3027 2948
2776 3 2 1 1 2948 3027 3028 2949
2777 3 2 1 1 2949 3028 3029 2950
2778 3 2 1 1 2950 3029 3030 2951
2779 3 2 1 1 2951 3030 3031 2952
2780 3 2 1 1 2952 3031 3032 2953
2781 3 2 1 1 2953 3032 3033 2954
2782 3 2 1 1 2954 3033 3034 2955
2783 3 2 1 1 2955 3034 3035 2956
2784 3 2 1 1 2956 3035 3036 2957
2785 3 2 1 1 2957 3036 3037 2958
2786 3 2 1 1 2958 3037 3038 2959
2787 3 2 1 1 2959 3038 3039 2960
2788 3 2 1 1 2960 3039 3040 2961
2789 3 2 1 1 2961 3040 3041 2962
2790 3 2 1 1 2962 3041 3042 2963
2791 3 2 1 1 2963 3042 3043 2964
2792 3 2 1 1 2964 3043 3044 2965
2793 3 2 1 1 2965 3044 3045 2966
2794 3 2 1 1 2966 3045 3046 2967
2795 3 2 1 1 2967 3046 3047 2968
2796 3 2 1 1 2968 3047 3048 2969
2797 3 2 1 1 2969 3048 3049 2970
2798 3 2 1 1 2970 3049 3050 2971
2799 3 2 1 1 2971 3050 3051 2972
2800 3 2 1 1 2972 3051 3052 2973
2801 3 2 1 1 2973 3052 3053 2974
2802 3 2 1 1 2974 3053 3054 2975
2803 3 2 1 1 2975 3054 3055 2976
2804 3 2 1 1 2976 3055 3056 2977
2805 3 2 1 1 2977 3056 3057 2978
2806 3 2 1 1 2978 3057 3058 2979
2807 3 2 1 1 2979 3058 3059 2980
2808 3 2 1 1 2980 3059 3060 2981
2809 3 2 1 1 2981 3060 3061 2982
2810 3 2 1 1 2982 3061 3062 2983
2811 3 2 1 1 2983 3062 3063 2984
2812 3 2 1 1 2984 3063 3064 2985
2813 3 2 1 1 2985 3064 3065 2986
2814 3 2 1 1 2986 3065 3066 2987
2815 3 2 1 1 2987 3066 3067 2988
2816 3 2 1 1 2988 3067 3068 2989
2817 3 2 1 1 2989 3068 3069 2990
2818 3 2 1 1 2990 3069 3070 2991
2819 3 2 1 1 2991 3070 3071 2992
2820 3 2 1 1 2992 3071 3072 2993
2821 3 2 1 1 2993 3072 3073 2994
2822 3 2 1 1 2994 3073 126 127
2823 3 2 1 1 260 261 3074 2995
2824 3 2 1 1 2995 3074 3075 2996
2825 3 2 1 1 2996 3075 3076 2997
2826 3 2 1 1 2997 3076 3077 2998
2827 3 2 1 1 2998 3077 3078 2999
2828 3 2 1 1 2999 3078 3079 3000
2829 3 2 1 1 3000 3079 3080 3001
2830 3 2 1 1 3001 3080 3081 3002
2831 3 2 1 1 3002 3081 3082 3003
2832 3 2 1 1 3003 3082 3083 3004
2833 3 2 1 1 3004 3083 3084 3005
2834 3 2 1 1 3005 3084 3085 3006
2835 3 2 1 1 3006 3085 3086 3007
2836 3 2 1 1 3007 3086 3087 3008
2837 3 2 1 1 3008 3087 3088 3009
2838 3 2 1 1 3009 3088 3089 3010
2839 3 2 1 1 3010 3089 3090 3011
2840 3 2 1 1 3011 3090 3091 3012
2841 3 2 1 1 3012 3091 3092 3013
2842 3 2 1 1 3013 3092 3093 3014
2843 3 2 1 1 3014 3093 3094 3015
2844 3 2 1 1 3015 3094 3095 3016
2845 3 2 1 1 3016 3095 3096 3017
2846 3 2 1 1 3017 3096 3097 3018
2847 3 2 1 1 3018 3097 3098 3019
2848 3 2 1 1 3019 3098 3099 3020
2849 3 2 1 1 3020 3099 3100 3021
2850 3 2 1 1 3021 3100 3101 3022
2851 3 2 1 1 3022 3101 3102 3023
2852 3 2 1 1 3023 3102 3103 3024
2853 3 2 1 1 3024 3103 3104 3025
2854 3 2 1 1 3025 3104 3105 3026
2855 3 2 1 1 3026 3105 3106 3027
2856 3 2 1 1 3027 3106 3107 3028
2857 3 2 1 1 3028 3107 3108 3029
2858 3 2 1 1 3029 3108 3109 3030
2859 3 2 1 1 3030 3109 3110 3031
2860 3 2 1 1 3031 3110 3111 3032
2861 3 2 1 1 3032 3111 3112 3033
2862 3 2 1 1 3033 3112 3113 3034
2863 3 2 1 1 3034 3113 3114 3035
2864 3 2 1 1 3035 3114 3115 3036
2865 3 2 1 1 3036 3115 3116 3037
2866 3 2 1 1 3037 3116 3117 3038
2867 3 2 1 1 3038 3117 3118 3039
2868 3 2 1 1 3039 3118 3119 3040
2869 3 2 1 1 3040 3119 3120 3041
2870 3 2 1 1 3041 3120 3121 3042
2871 3 2 1 1 3042 3121 3122 3043
2872 3 2 1 1 3043 3122 3123 3044
2873 3 2 1 1 3044 3123 3124 3045
2874 3 2 1 1 3045 3124 3125 3046
2875 3 2 1 1 3046 3125 3126 3047
2876 3 2 1 1 3047 3126 3127 3048
2877 3 2 1 1 3048 3127 3128 3049
2878 3 2 1 1 3049 3128 3129 3050
2879 3 2 1 1 3050 3129 3130 3051
2880 3 2 1 1 3051 3130 3131 3052
2881 3 2 1 1 3052 3131 3132 3053
2882 3 2 1 1 3053 3132 3133 3054
2883 3 2 1 1 3054 3133 3134 3055
2884 3 2 1 1 3055 3134 3135 3056
2885 3 2 1 1 3056 3135 3136 3057
2886 3 2 1 1 3057 3136 3137 3058
2887 3 2 1 1 3058 3137 3138 3059
2888 3 2 1 1 3059 3138 3139 3060
2889 3 2 1 1 3060 3139 3140 3061
2890 3 2 1 1 3061 3140 3141 3062
2891 3 2 1 1 3062 3141 3142 3063
2892 3 2 1 1 3063 3142 3143 3064
2893 3 2 1 1 3064 3143 3144 3065
2894 3 2 1 1 3065 3144 3145 3066
2895 3 2 1 1 3066 3145 3146 3067
2896 3 2 1 1 3067 3146 3147 3068
2897 3 2 1 1 3068 3147 3148 3069
2898 3 2 1 1 3069 3148 3149 3070
2899 3 2 1 1 3070 3149 3150 3071
2900 3 2 1 1 3071 3150 3151 3072
2901 3 2 1 1 3072 3151 3152 3073
2902 3 2 1 1 3073 3152 125 126
2903 3 2 1 1 261 4 262 3074
2904 3 2 1 1 3074 262 263 3075
2905 3 2 1 1 3075 263 264 3076
2906 3 2 1 1 3076 264 265 3077
2907 3 2 1 1 3077 265 266 3078
2908 3 2 1 1 3078 266 267 3079
2909 3 2 1 1 3079 267 268 3080
2910 3 2 1 1 3080 268 269 3081
2911 3 2 1 1 3081 269 270 3082
2912 3 2 1 1 3082 270 271 3083
2913 3 2 1 1 3083 271 272 3084
2914 3 2 1 1 3084 272 273 3085
2915 3 2 1 1 3085 273 274 3086
2916 3 2 1 1 3086 274 275 3087
2917 3 2 1 1 3087 275 276 3088
2918 3 2 1 1 3088 276 277 3089
2919 3 2 1 1 3089 277 278 3090
2920 3 2 1 1 3090 278 279 3091
2921 3 2 1 1 3091 279 280 3092
2922 3 2 1 1 3092 280 281 3093
2923 3 2 1 1 3093 281 282 3094
2924 3 2 1 1 3094 282 283 3095
2925 3 2 1 1 3095 283 284 3096
2926 3 2 1 1 3096 284 285 3097
2927 3 2 1 1 3097 285 286 3098
2928 3 2 1 1 3098 286 287 3099
2929 3 2 1 1 3099 287 288 3100
2930 3 2 1 1 3100 288 289 3101
2931 3 2 1 1 3101 289 290 3102
2932 3 2 1 1 3102 290 291 3103
2933 3 2 1 1 3103 291 292 3104
2934 3 2 1 1 3104 292 293 3105
2935 3 2 1 1 3105 293 294 3106
2936 3 2 1 1 3106 294 295 3107
2937 3 2 1 1 3107 295 296 3108
2938 3 2 1 1 3108 296 297 3109
2939 3 2 1 1 3109 297 298 3110
2940 3 2 1 1 3110 298 299 3111
2941 3 2 1 1 3111 299 300 3112
2942 3 2 1 1 3112 300 301 3113
2943 3 2 1 1 3113 301 302 3114
2944 3 2 1 1 3114 302 303 3115
2945 3 2 1 1 3115 303 304 3116
2946 3 2 1 1 3116 304 305 3117
2947 3 2 1 1 3117 305 306 3118
2948 3 2 1 1 3118 306 307 3119
2949 3 2 1 1 3119 307 308 3120
2950 3 2 1 1 3120 308 309 3121
2951 3 2 1 1 3121 309 310 3122
2952 3 2 1 1 3122 310 311 3123
2953 3 2 1 1 3123 311 312 3124
2954 3 2 1 1 3124 312 313 3125
2955 3 2 1 1 3125 313 314 3126
2956 3 2 1 1 3126 314 315 3127
2957 3 2 1 1 3127 315 316 3128
2958 3 2 1 1 3128 316 317 3129
2959 3 2 1 1 3129 317 318 3130
2960 3 2 1 1 3130 318 319 3131
2961 3 2 1 1 3131 319 320 3132
2962 3 2 1 1 3132 320 321 3133
2963 3 2 1 1 3133 321 322 3134
2964 3 2 1 1 3134 322 323 3135
2965 3 2 1 1 3135 323 324 3136
2966 3 2 1 1 3136 324 325 3137
2967 3 2 1 1 3137 325 326 3138
2968 3 2 1 1 3138 326 327 3139
2969 3 2 1 1 3139 327 328 3140
2970 3 2 1 1 3140 328 329 3141
2971 3 2 1 1 3141 329 330 3142
2972 3 2 1 1 3142 330 331 3143
2973 3 2 1 1 3143 331 332 3144
2974 3 2 1 1 3144 332 333 3145
2975 3 2 1 1 3145 333 334 3146
2976 3 2 1 1 3146 334 335 3147
2977 3 2 1 1 3147 335 336 3148
2978 3 2 1 1 3148 336 337 3149
2979 3 2 1 1 3149 337 338 3150
2980 3 2 1 1 3150 338 339 3151
2981 3 2 1 1 3151 339 340 3152
2982 3 2 1 1 3152 340 5 125
2983 3 2 1 2 5 341 3153 125
2984 3 2 1 2 341 342 3154 3153
2985 3 2 1 2 342 343 3155 3154
2986 3 2 1 2 343 344 3156 3155
2987 3 2 1 2 344 345 3157 3156
2988 3 2 1 2 345 346 3158 3157
2989 3 2 1 2 346 347 3159 3158
2990 3 2 1 2 347 348 3160 3159
2991 3 2 1 2 348 349 3161 3160
2992 3 2 1 2 349 350 3162 3161
2993 3 2 1 2 350 351 3163 3162
2994 3 2 1 2 351 352 3164 3163
2995 3 2 1 2 352 353 3165 3164
2996 3 2 1 2 353 354 3166 3165
2997 3 2 1 2 354 355 3167 3166
2998 3 2 1 2 355 356 3168 3167
2999 3 2 1 2 356 357 3169 3168
3000 3 2 1 2 357 358 3170 3169
3001 3 2 1 2 358 359 3171 3170
3002 3 2 1 2 359 360 3172 3171
3003 3 2 1 2 360 361 3173 3172
3004 3 2 1 2 361 362 3174 3173
3005 3 2 1 2 362 363 3175 3174
3006 3 2 1 2 363 364 3176 3175
3007 3 2 1 2 364 365 3177 3176
3008 3 2 1 2 365 366 3178 3177
3009 3 2 1 2 366 367 3179 3178
3010 3 2 1 2 367 368 3180 3179
3011 3 2 1 2 368 369 3181 3180
3012 3 2 1 2 369 370 3182 3181
3013 3 2 1 2 370 371 3183 3182
3014 3 2 1 2 371 372 3184 3183
3015 3 2 1 2 372 373 3185 3184
3016 3 2 1 2 373 374 3186 3185
3017 3 2 1 2 374 375 3187 3186
3018 3 2 1 2 375 376 3188 3187
3019 3 2 1 2 376 377 3189 3188
3020 3 2 1 2 377 378 3190 3189
3021 3 2 1 2 378 379 3191 3190
3022 3 2 1 2 379 380 3192 3191
3023 3 2 1 2 380 381 3193 3192
3024 3 2 1 2 381 382 3194 3193
3025 3 2 1 2 382 383 3195 3194
3026 3 2 1 2 383 384 3196 3195
3027 3 2 1 2 384 385 3197 3196
3028 3 2 1 2 385 386 3198 3197
3029 3 2 1 2 386 387 3199 3198
3030 3 2 1 2 387 388 3200 3199
3031 3 2 1 2 388 389 3201 3200
3032 3 2 1 2 389 390 3202 3201
3033 3 2 1 2 390 391 3203 3202
3034 3 2 1 2 391 392 3204 3203
3035 3 2 1 2 392 393 3205 3204
3036 3 2 1 2 393 394 3206 3205
3037 3 2 1 2 394 395 3207 3206
3038 3 2 1 2 395 396 3208 3207
3039 3 2 1 2 396 397 3209 3208
3040 3 2 1 2 397 398 3210 3209
3041 3 2 1 2 398 399 3211 3210
3042 3 2 1 2 399 400 3212 3211
3043 3 2 1 2 400 401 3213 3212
3044 3 2 1 2 401 402 3214 3213
3045 3 2 1 2 402 403 3215 3214
3046 3 2 1 2 403 404 3216 3215
3047 3 2 1 2 404 405 3217 3216
3048 3 2 1 2 405 406 3218 3217
3049 3 2 1 2 406 407 3219 3218
3050 3 2 1 2 407 408 3220 3219
3051 3 2 1 2 408 409 3221 3220
3052 3 2 1 2 409 410 3222 3221
3053 3 2 1 2 410 411 3223 3222
3054 3 2 1 2 411 412 3224 3223
3055 3 2 1 2 412 413 3225 3224
3056 3 2 1 2 413 414 3226 3225
3057 3 2 1 2 414 415 3227 3226
3058 3 2 1 2 415 416 3228 3227
3059 3 2 1 2 416 417 3229 3228
3060 3 2 1 2 417 418 3230 3229
3061 3 2 1 2 418 419 3231 3230
3062 3 2 1 2 419 6 17 3231
3063 3 2 1 2 125 3153 3232 126
3064 3 2 1 2 3153 3154 3233 3232
3065 3 2 1 2 3154 3155 3234 3233
3066 3 2 1 2 3155 3156 3235 3234
3067 3 2 1 2 3156 3157 3236 3235
3068 3 2 1 2 3157 3158 3237 3236
3069 3 2 1 2 3158 3159 3238 3237
3070 3 2 1 2 3159 3160 3239 3238
3071 3 2 1 2 3160 3161 3240 3239
3072 3 2 1 2 3161 3162 3241 3240
3073 3 2 1 2 3162 3163 3242 3241
3074 3 2 1 2 3163 3164 3243 3242
3075 3 2 1 2 3164 3165 3244 3243
3076 3 2 1 2 3165 3166 3245 3244
3077 3 2 1 2 3166 3167 3246 3245
3078 3 2 1 2 3167 3168 3247 3246
3079 3 2 1 2 3168 3169 3248 3247
3080 3 2 1 2 3169 3170 3249 3248
3081 3 2 1 2 3170 3171 3250 3249
3082 3 2 1 2 3171 3172 3251 3250
3083 3 2 1 2 3172 3173 3252 3251
3084 3 2 1 2 3173 3174 3253 3252
3085 3 2 1 2 3174 3175 3254 3253
3086 3 2 1 2 3175 3176 3255 3254
3087 3 2 1 2 3176 3177 3256 3255
3088 3 2 1 2 3177 3178 3257 3256
3089 3 2 1 2 3178 3179 3258 3257
3090 3 2 1 2 3179 3180 3259 3258
3091 3 2 1 2 3180 3181 3260 3259
3092 3 2 1 2 3181 3182 3261 3260
3093 3 2 1 2 3182 3183 3262 3261
3094 3 2 1 2 3183 3184 3263 3262
3095 3 2 1 2 3184 3185 3264 3263
3096 3 2 1 2 3185 3186 3265 3264
3097 3 2 1 2 3186 3187 3266 3265
3098 3 2 1 2 3187 3188 3267 3266
3099 3 2 1 2 3188 3189 3268 3267
3100 3 2 1 2 3189 3190 3269 3268
3101 3 2 1 2 3190 3191 3270 3269
3102 3 2 1 2 3191 3192 3271 3270
3103 3 2 1 2 3192 3193 3272 3271
3104 3 2 1 2 3193 3194 3273 3272
3105 3 2 1 2 3194 3195 3274 3273
3106 3 2 1 2 3195 3196 3275 3274
3107 3 2 1 2 3196 3197 3276 3275
3108 3 2 1 2 3197 3198 3277 3276
3109 3 2 1 2 3198 3199 3278 3277
3110 3 2 1 2 3199 3200 3279 3278
3111 3 2 1 2 3200 3201 3280 3279
3112 3 2 1 2 3201 3202 3281 3280
3113 3 2 1 2 3202 3203 3282 3281
3114 3 2 1 2 3203 3204 3283 3282
3115 3 2 1 2 3204 3205 3284 3283
3116 3 2 1 2 3205 3206 3285 3284
3117 3 2 1 2 3206 3207 3286 3285
3118 3 2 1 2 3207 3208 3287 3286
3119 3 2 1 2 3208 3209 3288 3287
3120 3 2 1 2 3209 3210 3289 3288
3121 3 2 1 2 3210 3211 3290 3289
3122 3 2 1 2 3211 3212 3291 3290
3123 3 2 1 2 3212 3213 3292 3291
3124 3 2 1 2 3213 3214 3293 3292
3125 3 2 1 2 3214 3215 3294 3293
3126 3 2 1 2 3215 3216 3295 3294
3127 3 2 1 2 3216 3217 3296 3295
3128 3 2 1 2 3217 3218 3297 3296
3129 3 2 1 2 3218 3219 3298 3297
3130 3 2 1 2 3219 3220 3299 3298
3131 3 2 1 2 3220 3221 3300 3299
3132 3 2 1 2 3221 3222 3301 3300
3133 3 2 1 2 3222 3223 3302 3301
3134 3 2 1 2 3223 3224 3303 3302
3135 3 2 1 2 3224 3225 3304 3303
3136 3 2 1 2 3225 3226 3305 3304
3137 3 2 1 2 3226 3227 3306 3305
3138 3 2 1 2 3227 3228 3307 3306
3139 3 2 1 2 3228 3229 3308 3307
3140 3 2 1 2 3229 3230 3309 3308
3141 3 2 1 2 3230 3231 3310 3309
3142 3 2 1 2 3231 17 18 3310
3143 3 2 1 2 126 3232 3311 127
3144 3 2 1 2 3232 3233 3312 3311
3145 3 2 1 2 3233 3234 3313 3312
3146 3 2 1 2 3234 3235 3314 3313
3147 3 2 1 2 3235 3236 3315 3314
3148 3 2 1 2 3236 3237 3316 3315
3149 3 2 1 2 3237 3238 3317 3316
3150 3 2 1 2 3238 3239 3318 3317
3151 3 2 1 2 3239 3240 3319 3318
3152 3 2 1 2 3240 3241 3320 3319
3153 3 2 1 2 3241 3242 3321 3320
3154 3 2 1 2 3242 3243 3322 3321
3155 3 2 1 2 3243 3244 3323 3322
3156 3 2 1 2 3244 3245 3324 3323
3157 3 2 1 2 3245 3246 3325 3324
3158 3 2 1 2 3246 3247 3326 3325
3159 3 2 1 2 3247 3248 3327 3326
3160 3 2 1 2 3248 3249 3328 3327
3161 3 2 1 2 3249 3250 3329 3328
3162 3 2 1 2 3250 3251 3330 3329
3163 3 2 1 2 3251 3252 3331 3330
3164 3 2 1 2 3252 3253 3332 3331
3165 3 2 1 2 3253 3254 3333 3332
3166 3 2 1 2 3254 3255 3334 3333
3167 3 2 1 2 3255 3256 3335 3334
3168 3 2 1 2 3256 3257 3336 3335
3169 3 2 1 2 3257 3258 3337 3336
3170 3 2 1 2 3258 3259 3338 3337
3171 3 2 1 2 3259 3260 3339 3338
3172 3 2 1 2 3260 3261 3340 3339
3173 3 2 1 2 3261 3262 3341 3340
3174 3 2 1 2 3262 3263 3342 3341
3175 3 2 1 2 3263 3264 3343 3342
3176 3 2 1 2 3264 3265 3344 3343
3177 3 2 1 2 3265 3266 3345 3344
3178 3 2 1 2 3266 3267 3346 3345
3179 3 2 1 2 3267 3268 3347 3346
3180 3 2 1 2 3268 3269 3348 3347
3181 3 2 1 2 3269 3270 3349 3348
3182 3 2 1 2 3270 3271 3350 3349
3183 3 2 1 2 3271 3272 3351 3350
3184 3 2 1 2 3272 3273 3352 3351
3185 3 2 1 2 3273 3274 3353 3352
3186 3 2 1 2 3274 3275 3354 3353
3187 3 2 1 2 3275 3276 3355 3354
3188 3 2 1 2 3276 3277 3356 3355
3189 3 2 1 2 3277 3278 3357 3356
3190 3 2 1 2 3278 3279 3358 3357
3191 3 2 1 2 3279 3280 3359 3358
3192 3 2 1 2 3280 3281 3360 3359
3193 3 2 1 2 3281 3282 3361 3360
3194 3 2 1 2 3282 3283 3362 3361
3195 3 2 1 2 3283 3284 3363 3362
3196 3 2 1 2 3284 3285 3364 3363
3197 3 2 1 2 3285 3286 3365 3364
3198 3 2 1 2 3286 3287 3366 3365
3199 3 2 1 2 3287 3288 3367 3366
3200 3 2 1 2 3288 3289 3368 3367
3201 3 2 1 2 3289 3290 3369 3368
3202 3 2 1 2 3290 3291 3370 3369
3203 3 2 1 2 3291 3292 3371 3370
3204 3 2 1 2 3292 3293 3372 3371
3205 3 2 1 2 3293 3294 3373 3372
3206 3 2 1 2 3294 3295 3374 3373
3207 3 2 1 2 3295 3296 3375 3374
3208 3 2 1 2 3296 3297 3376 3375
3209 3 2 1 2 3297 3298 3377 3376
3210 3 2 1 2 3298 3299 3378 3377
3211 3 2 1 2 3299 3300 3379 3378
3212 3 2 1 2 3300 3301 3380 3379
3213 3 2 1 2 3301 3302 3381 3380
3214 3 2 1 2 3302 3303 3382 3381
3215 3 2 1 2 3303 3304 3383 3382
3216 3 2 1 2 3304 3305 3384 3383
3217 3 2 1 2 3305 3306 3385 3384
3218 3 2 1 2 3306 3307 3386 3385
3219 3 2 1 2 3307 3308 3387 3386
3220 3 2 1 2 3308 3309 3388 3387
3221 3 2 1 2 3309 3310 3389 3388
3222 3 2 1 2 3310 18 19 3389
3223 3 2 1 2 127 3311 3390 128
3224 3 2 1 2 3311 3312 3391 3390
3225 3 2 1 2 3312 3313 3392 3391
3226 3 2 1 2 3313 3314 3393 3392
3227 3 2 1 2 3314 3315 3394 3393
3228 3 2 1 2 3315 3316 3395 3394
3229 3 2 1 2 3316 3317 3396 3395
3230 3 2 1 2 3317 3318 3397 3396
3231 3 2 1 2 3318 3319 3398 3397
3232 3 2 1 2 3319 3320 3399 3398
3233 3 2 1 2 3320 3321 3400 3399
3234 3 2 1 2 3321 3322 3401 3400
3235 3 2 1 2 3322 3323 3402 3401
3236 3 2 1 2 3323 3324 3403 3402
3237 3 2 1 2 3324 3325 3404 3403
3238 3 2 1 2 3325 3326 3405 3404
3239 3 2 1 2 3326 3327 3406 3405
3240 3 2 1 2 3327 3328 3407 3406
3241 3 2 1 2 3328 3329 3408 3407
3242 3 2 1 2 3329 3330 3409 3408
3243 3 2 1 2 3330 3331 3410 3409
3244 3 2 1 2 3331 3332 3411 3410
3245 3 2 1 2 3332 3333 3412 3411
3246 3 2 1 2 3333 3334 3413 3412
3247 3 2 1 2 3334 3335 3414 3413
3248 3 2 1 2 3335 3336 3415 3414
3249 3 2 1 2 3336 3337 3416 3415
3250 3 2 1 2 3337 3338 3417 3416
3251 3 2 1 2 3338 3339 3418 3417
3252 3 2 1 2 3339 3340 3419 3418
3253 3 2 1 2 3340 3341 3420 3419
3254 3 2 1 2 3341 3342 3421 3420
3255 3 2 1 2 3342 3343 3422 3421
3256 3 2 1 2 3343 3344 3423 3422
3257 3 2 1 2 3344 3345 3424 3423
3258 3 2 1 2 3345 3346 3425 3424
3259 3 2 1 2 3346 3347 3426 3425
3260 3 2 1 2 3347 3348 3427 3426
3261 3 2 1 2 3348 3349 3428 3427
3262 3 2 1 2 3349 3350 3429 3428
3263 3 2 1 2 3350 3351 3430 3429
3264 3 2 1 2 3351 3352 3431 3430
3265 3 2 1 2 3352 3353 3432 3431
3266 3 2 1 2 3353 3354 3433 3432
3267 3 2 1 2 3354 3355 3434 3433
3268 3 2 1 2 3355 3356 3435 3434
3269 3 2 1 2 3356 3357 3436 3435
3270 3 2 1 2 3357 3358 3437 3436
3271 3 2 1 2 3358 3359 3438 3437
3272 3 2 1 2 3359 3360 3439 3438
3273 3 2 1 2 3360 3361 3440 3439
3274 3 2 1 2 3361 3362 3441 3440
3275 3 2 1 2 3362 3363 3442 3441
3276 3 2 1 2 3363 3364 3443 3442
3277 3 2 1 2 3364 3365 3444 3443
3278 3 2 1 2 3365 3366 3445 3444
3279 3 2 1 2 3366 3367 3446 3445
3280 3 2 1 2 3367 3368 3447 3446
3281 3 2 1 2 3368 3369 3448 3447
3282 3 2 1 2 3369 3370 3449 3448
3283 3 2 1 2 3370 3371 3450 3449
3284 3 2 1 2 3371 3372 3451 3450
3285 3 2 1 2 3372 3373 3452 3451
3286 3 2 1 2 3373 3374 3453 3452
3287 3 2 1 2 3374 3375 3454 3453
3288 3 2 1 2 3375 3376 3455 3454
3289 3 2 1 2 3376 3377 3456 3455
3290 3 2 1 2 3377 3378 3457 3456
3291 3 2 1 2 3378 3379 3458 3457
3292 3 2 1 2 3379 3380 3459 3458
3293 3 2 1 2 3380 3381 3460 3459
3294 3 2 1 2 3381 3382 3461 3460
3295 3 2 1 2 3382 3383 3462 3461
3296 3 2 1 2 3383 3384 3463 3462
3297 3 2 1 2 3384 3385 3464 3463
3298 3 2 1 2 3385 3386 3465 3464
3299 3 2 1 2 3386 3387 3466 3465
3300 3 2 1 2 3387 3388 3467 3466
3301 3 2 1 2 3388 3389 3468 3467
3302 3 2 1 2 3389 19 20 3468
3303 3 2 1 2 128 3390 3469 129
3304 3 2 1 2 3390 3391 3470 3469
3305 3 2 1 2 3391 3392 3471 3470
3306 3 2 1 2 3392 3393 3472 3471
3307 3 2 1 2 3393 3394 3473 3472
3308 3 2 1 2 3394 3395 3474 3473
3309 3 2 1 2 3395 3396 3475 3474
3310 3 2 1 2 3396 3397 3476 3475
3311 3 2 1 2 3397 3398 3477 3476
3312 3 2 1 2 3398 3399 3478 3477
3313 3 2 1 2 3399 3400 3479 3478
3314 3 2 1 2 3400 3401 3480 3479
3315 3 2 1 2 3401 3402 3481 3480
3316 3 2 1 2 3402 3403 3482 3481
3317 3 2 1 2 3403 3404 3483 3482
3318 3 2 1 2 3404 3405 3484 3483
3319 3 2 1 2 3405 3406 3485 3484
3320 3 2 1 2 3406 3407 3486 3485
3321 3 2 1 2 3407 3408 3487 3486
3322 3 2 1 2 3408 3409 3488 3487
3323 3 2 1 2 3409 3410 3489 3488
3324 3 2 1 2 3410 3411 3490 3489
3325 3 2 1 2 3411 3412 3491 3490
3326 3 2 1 2 3412 3413 3492 3491
3327 3 2 1 2 3413 3414 3493 3492
3328 3 2 1 2 3414 3415 3494 3493
3329 3 2 1 2 3415 3416 3495 3494
3330 3 2 1 2 3416 3417 3496 3495
3331 3 2 1 2 3417 3418 3497 3496
3332 3 2 1 2 3418 3419 3498 3497
3333 3 2 1 2 3419 3420 3499 3498
3334 3 2 1 2 3420 3421 3500 3499
3335 3 2 1 2 3421 3422 3501 3500
3336 3 2 1 2 3422 3423 3502 3501
3337 3 2 1 2 3423 3424 3503 3502
3338 3 2 1 2 3424 3425 3504 3503
3339 3 2 1 2 3425 3426 3505 3504
3340 3 2 1 2 3426 3427 3506 3505
3341 3 2 1 2 3427 3428 3507 3506
3342 3 2 1 2 3428 3429 3508 3507
3343 3 2 1 2 3429 3430 3509 3508
3344 3 2 1 2 3430 3431 3510 3509
3345 3 2 1 2 3431 3432 3511 3510
3346 3 2 1 2 3432 3433 3512 3511
3347 3 2 1 2 3433 3434 3513 3512
3348 3 2 1 2 3434 3435 3514 3513
3349 3 2 1 2 3435 3436 3515 3514
3350 3 2 1 2 3436 3437 3516 3515
3351 3 2 1 2 3437 3438 3517 3516
3352 3 2 1 2 3438 3439 3518 3517
3353 3 2 1 2 3439 3440 3519 3518
3354 3 2 1 2 3440 3441 3520 3519
3355 3 2 1 2 3441 3442 3521 3520
3356 3 2 1 2 3442 3443 3522 3521
3357 3 2 1 2 3443 3444 3523 3522
3358 3 2 1 2 3444 3445 3524 3523
3359 3 2 1 2 3445 3446 3525 3524
3360 3 2 1 2 3446 3447 3526 3525
3361 3 2 1 2 3447 3448 3527 3526
3362 3 2 1 2 3448 3449 3528 3527
3363 3 2 1 2 3449 3450 3529 3528
3364 3 2 1 2 3450 3451 3530 3529
3365 3 2 1 2 3451 3452 3531 3530
3366 3 2 1 2 3452 3453 3532 3531
3367 3 2 1 2 3453 3454 3533 3532
3368 3 2 1 2 3454 3455 3534 3533
3369 3 2 1 2 3455 3456 3535 3534
3370 3 2 1 2 3456 3457 3536 3535
3371 3 2 1 2 3457 3458 3537 3536
3372 3 2 1 2 3458 3459 3538 3537
3373 3 2 1 2 3459 3460 3539 3538
3374 3 2 1 2 3460 3461 3540 3539
3375 3 2 1 2 3461 3462 3541 3540
3376 3 2 1 2 3462 3463 3542 3541
3377 3 2 1 2 3463 3464 3543 3542
3378 3 2 1 2 3464 3465 3544 3543
3379 3 2 1 2 3465 3466 3545 3544
3380 3 2 1 2 3466 3467 3546 3545
3381 3 2 1 2 3467 3468 3547 3546
3382 3 2 1 2 3468 20 21 3547
3383 3 2 1 2 129 3469 3548 130
3384 3 2 1 2 3469 3470 3549 3548
3385 3 2 1 2 3470 3471 3550 3549
3386 3 2 1 2 3471 3472 3551 3550
3387 3 2 1 2 3472 3473 3552 3551
3388 3 2 1 2 3473 3474 3553 3552
3389 3 2 1 2 3474 3475 3554 3553
3390 3 2 1 2 3475 3476 3555 3554
3391 3 2 1 2 3476 3477 3556 3555
3392 3 2 1 2 3477 3478 3557 3556
3393 3 2 1 2 3478 3479 3558 3557
3394 3 2 1 2 3479 3480 3559 3558
3395 3 2 1 2 3480 3481 3560 3559
3396 3 2 1 2 3481 3482 3561 3560
3397 3 2 1 2 3482 3483 3562 3561
3398 3 2 1 2 3483 3484 3563 3562
3399 3 2 1 2 3484 3485 3564 3563
3400 3 2 1 2 3485 3486 3565 3564
3401 3 2 1 2 3486 3487 3566 3565
3402 3 2 1 2 3487 3488 3567 3566
3403 3 2 1 2 3488 3489 3568 3567
3404 3 2 1 2 3489 3490 3569 3568
3405 3 2 1 2 3490 3491 3570 3569
3406 3 2 1 2 3491 3492 3571 3570
3407 3 2 1 2 3492 3493 3572 3571
3408 3 2 1 2 3493 3494 3573 3572
3409 3 2 1 2 3494 3495 3574 3573
3410 3 2 1 2 3495 3496 3575 3574
3411 3 2 1 2 3496 3497 3576 3575
3412 3 2 1 2 3497 3498 3577 3576
3413 3 2 1 2 3498 3499 3578 3577
3414 3 2 1 2 3499 3500 3579 3578
3415 3 2 1 2 3500 3501 3580 3579
3416 3 2 1 2 3501 3502 3581 3580
3417 3 2 1 2 3502 3503 3582 3581
3418 3 2 1 2 3503 3504 3583 3582
3419 3 2 1 2 3504 3505 3584 3583
3420 3 2 1 2 3505 3506 3585 3584
3421 3 2 1 2 3506 3507 3586 3585
3422 3 2 1 2 3507 3508 3587 3586
3423 3 2 1 2 3508 3509 3588 3587
3424 3 2 1 2 3509 3510 3589 3588
3425 3 2 1 2 3510 3511 3590 3589
3426 3 2 1 2 3511 3512 3591 3590
3427 3 2 1 2 3512 3513 3592 3591
3428 3 2 1 2 3513 3514 3593 3592
3429 3 2 1 2 3514 3515 3594 3593
3430 3 2 1 2 3515 3516 3595 3594
3431 3 2 1 2 3516 3517 3596 3595
3432 3 2 1 2 3517 3518 3597 3596
3433 3 2 1 2 3518 3519 3598 3597
3434 3 2 1 2 3519 3520 3599 3598
3435 3 2 1 2 3520 3521 3600 3599
3436 3 2 1 2 3521 3522 3601 3600
3437 3 2 1 2 3522 3523 3602 3601
3438 3 2 1 2 3523 3524 3603 3602
3439 3 2 1 2 3524 3525 3604 3603
3440 3 2 1 2 3525 3526 3605 3604
3441 3 2 1 2 3526 3527 3606 3605
3442 3 2 1 2 3527 3528 3607 3606
3443 3 2 1 2 3528 3529 3608 3607
3444 3 2 1 2 3529 3530 3609 3608
3445 3 2 1 2 3530 3531 3610 3609
3446 3 2 1 2 3531 3532 3611 3610
3447 3 2 1 2 3532 3533 3612 3611
3448 3 2 1 2 3533 3534 3613 3612
3449 3 2 1 2 3534 3535 3614 3613
3450 3 2 1 2 3535 3536 3615 3614
3451 3 2 1 2 3536 3537 3616 3615
3452 3 2 1 2 3537 3538 3617 3616
3453 3 2 1 2 3538 3539 3618 3617
3454 3 2 1 2 3539 3540 3619 3618
3455 3 2 1 2 3540 3541 3620 3619
3456 3 2 1 2 3541 3542 3621 3620
3457 3 2 1 2 3542 3543 3622 3621
3458 3 2 1 2 3543 3544 3623 3622
3459 3 2 1 2 3544 3545 3624 3623
3460 3 2 1 2 3545 3546 3625 3624
3461 3 2 1 2 3546 3547 3626 3625
3462 3 2 1 2 3547 21 22 3626
3463 3 2 1 2 130 3548 3627 131
3464 3 2 1 2 3548 3549 3628 3627
3465 3 2 1 2 3549 3550 3629 3628
3466 3 2 1 2 3550 3551 3630 3629
3467 3 2 1 2 3551 3552 3631 3630
3468 3 2 1 2 3552 3553 3632 3631
3469 3 2 1 2 3553 3554 3633 3632
3470 3 2 1 2 3554 3555 3634 3633
3471 3 2 1 2 3555 3556 3635 3634
3472 3 2 1 2 3556 3557 3636 3635
3473 3 2 1 2 3557 3558 3637 3636
3474 3 2 1 2 3558 3559 3638 3637
3475 3 2 1 2 3559 3560 3639 3638
3476 3 2 1 2 3560 3561 3640 3639
3477 3 2 1 2 3561 3562 3641 3640
3478 3 2 1 2 3562 3563 3642 3641
3479 3 2 1 2 3563 3564 3643 3642
3480 3 2 1 2 3564 3565 3644 3643
3481 3 2 1 2 3565 3566 3645 3644
3482 3 2 1 2 3566 3567 3646 3645
3483 3 2 1 2 3567 3568 3647 3646
3484 3 2 1 2 3568 3569 3648 3647
3485 3 2 1 2 3569 3570 3649 3648
3486 3 2 1 2 3570 3571 3650 3649
3487 3 2 1 2 3571 3572 3651 3650
3488 3 2 1 2 3572 3573 3652 3651
3489 3 2 1 2 3573 3574 3653 3652
3490 3 2 1 2 3574 3575 3654 3653
3491 3 2 1 2 3575 3576 3655 3654
3492 3 2 1 2 3576 3577 3656 3655
3493 3 2 1 2 3577 3578 3657 3656
3494 3 2 1 2 3578 3579 3658 3657
3495 3 2 1 2 3579 3580 3659 3658
3496 3 2 1 2 3580 3581 3660 3659
3497 3 2 1 2 3581 3582 3661 3660
3498 3 2 1 2 3582 3583 3662 3661
3499 3 2 1 2 3583 3584 3663 3662
3500 3 2 1 2 3584 3585 3664 3663
3501 3 2 1 2 3585 3586 3665 3664
3502 3 2 1 2 3586 3587 3666 3665
3503 3 2 1 2 3587 3588 3667 3666
3504 3 2 1 2 3588 3589 3668 3667
3505 3 2 1 2 3589 3590 3669 3668
3506 3 2 1 2 3590 3591 3670 3669
3507 3 2 1 2 3591 3592 3671 3670
3508 3 2 1 2 3592 3593 3672 3671
3509 3 2 1 2 3593 3594 3673 3672
3510 3 2 1 2 3594 3595 3674 3673
3511 3 2 1 2 3595 3596 3675 3674
3512 3 2 1 2 3596 3597 3676 3675
3513 3 2 1 2 3597 3598 3677 3676
3514 3 2 1 2 3598 3599 3678 3677
3515 3 2 1 2 3599 3600 3679 3678
3516 3 2 1 2 3600 3601 3680 3679
3517 3 2 1 2 3601 3602 3681 3680
3518 3 2 1 2 3602 3603 3682 3681
3519 3 2 1 2 3603 3604 3683 3682
3520 3 2 1 2 3604 3605 3684 3683
3521 3 2 1 2 3605 3606 3685 3684
3522 3 2 1 2 3606 3607 3686 3685
3523 3 2 1 2 3607 3608 3687 3686
3524 3 2 1 2 3608 3609 3688 3687
3525 3 2 1 2 3609 3610 3689 3688
3526 3 2 1 2 3610 3611 3690 3689
3527 3 2 1 2 3611 3612 3691 3690
3528 3 2 1 2 3612 3613 3692 3691
3529 3 2 1 2 3613 3614 3693 3692
3530 3 2 1 2 3614 3615 3694 3693
3531 3 2 1 2 3615 3616 3695 3694
3532 3 2 1 2 3616 3617 3696 3695
3533 3 2 1 2 3617 3618 3697 3696
3534 3 2 1 2 3618 3619 3698 3697
3535 3 2 1 2 3619 3620 3699 3698
3536 3 2 1 2 3620 3621 3700 3699
3537 3 2 1 2 3621 3622 3701 3700
3538 3 2 1 2 3622 3623 3702 3701
3539 3 2 1 2 3623 3624 3703 3702
3540 3 2 1 2 3624 3625 3704 3703
3541 3 2 1 2 3625 3626 3705 3704
3542 3 2 1 2 3626 22 23 3705
3543 3 2 1 2 131 3627 3706 132
3544 3 2 1 2 3627 3628 3707 3706
3545 3 2 1 2 3628 3629 3708 3707
3546 3 2 1 2 3629 3630 3709 3708
3547 3 2 1 2 3630 3631 3710 3709
3548 3 2 1 2 3631 3632 3711 3710
3549 3 2 1 2 3632 3633 3712 3711
3550 3 2 1 2 3633 3634 3713 3712
3551 3 2 1 2 3634 3635 3714 3713
3552 3 2 1 2 3635 3636 3715 3714
3553 3 2 1 2 3636 3637 3716 3715
3554 3 2 1 2 3637 3638 3717 3716
3555 3 2 1 2 3638 3639 3718 3717
3556 3 2 1 2 3639 3640 3719 3718
3557 3 2 1 2 3640 3641 3720 3719
3558 3 2 1 2 3641 3642 3721 3720
3559 3 2 1 2 3642 3643 3722 3721
3560 3 2 1 2 3643 3644 3723 3722
3561 3 2 1 2 3644 3645 3724 3723
3562 3 2 1 2 3645 3646 3725 3724
3563 3 2 1 2 3646 3647 3726 3725
3564 3 2 1 2 3647 3648 3727 3726
3565 3 2 1 2 3648 3649 3728 3727
3566 3 2 1 2 3649 3650 3729 3728
3567 3 2 1 2 3650 3651 3730 3729
3568 3 2 1 2 3651 3652 3731 3730
3569 3 2 1 2 3652 3653 3732 3731
3570 3 2 1 2 3653 3654 3733 3732
3571 3 2 1 2 3654 3655 3734 3733
3572 3 2 1 2 3655 3656 3735 3734
3573 3 2 1 2 3656 3657 3736 3735
3574 3 2 1 2 3657 3658 3737 3736
3575 3 2 1 2 3658 3659 3738 3737
3576 3 2 1 2 3659 3660 3739 3738
3577 3 2 1 2 3660 3661 3740 3739
3578 3 2 1 2 3661 3662 3741 3740
3579 3 2 1 2 3662 3663 3742 3741
3580 3 2 1 2 3663 3664 3743 3742
3581 3 2 1 2 3664 3665 3744 3743
3582 3 2 1 2 3665 3666 3745 3744
3583 3 2 1 2 3666 3667 3746 3745
3584 3 2 1 2 3667 3668 3747 3746
3585 3 2 1 2 3668 3669 3748 3747
3586 3 2 1 2 3669 3670 3749 3748
3587 3 2 1 2 3670 3671 3750 3749
3588 3 2 1 2 3671 3672 3751 3750
3589 3 2 1 2 3672 3673 3752 3751
3590 3 2 1 2 3673 3674 3753 3752
3591 3 2 1 2 3674 3675 3754 3753
3592 3 2 1 2 3675 3676 3755 3754
3593 3 2 1 2 3676 3677 3756 3755
3594 3 2 1 2 3677 3678 3757 3756
3595 3 2 1 2 3678 3679 3758 3757
3596 3 2 1 2 3679 3680 3759 3758
3597 3 2 1 2 3680 3681 3760 3759
3598 3 2 1 2 3681 3682 3761 3760
3599 3 2 1 2 3682 3683 3762 3761
3600 3 2 1 2 3683 3684 3763 3762
3601 3 2 1 2 3684 3685 3764 3763
3602 3 2 1 2 3685 3686 3765 3764
3603 3 2 1 2 3686 3687 3766 3765
3604 3 2 1 2 3687 3688 3767 3766
3605 3 2 1 2 3688 3689 3768 3767
3606 3 2 1 2 3689 3690 3769 3768
3607 3 2 1 2 3690 3691 3770 3769
3608 3 2 1 2 3691 3692 3771 3770
3609 3 2 1 2 3692 3693 3772 3771
3610 3 2 1 2 3693 3694 3773 3772
3611 3 2 1 2 3694 3695 3774 3773
3612 3 2 1 2 3695 3696 3775 3774
3613 3 2 1 2 3696 3697 3776 3775
3614 3 2 1 2 3697 3698 3777 3776
3615 3 2 1 2 3698 3699 3778 3777
3616 3 2 1 2 3699 3700 3779 3778
3617 3 2 1 2 3700 3701 3780 3779
3618 3 2 1 2 3701 3702 3781 3780
3619 3 2 1 2 3702 3703 3782 3781
3620 3 2 1 2 3703 3704 3783 3782
3621 3 2 1 2 3704 3705 3784 3783
3622 3 2 1 2 3705 23 24 3784
3623 3 2 1 2 132 3706 3785 133
3624 3 2 1 2 3706 3707 3786 3785
3625 3 2 1 2 3707 3708 3787 3786
3626 3 2 1 2 3708 3709 3788 3787
3627 3 2 1 2 3709 3710 3789 3788
3628 3 2 1 2 3710 3711 3790 3789
3629 3 2 1 2 3711 3712 3791 3790
3630 3 2 1 2 3712 3713 3792 3791
3631 3 2 1 2 3713 3714 3793 3792
3632 3 2 1 2 3714 3715 3794 3793
3633 3 2 1 2 3715 3716 3795 3794
3634 3 2 1 2 3716 3717 3796 3795
3635 3 2 1 2 3717 3718 3797 3796
3636 3 2 1 2 3718 3719 3798 3797
3637 3 2 1 2 3719 3720 3799 3798
3638 3 2 1 2 3720 3721 3800 3799
3639 3 2 1 2 3721 3722 3801 3800
3640 3 2 1 2 3722 3723 3802 3801
3641 3 2 1 2 3723 3724 3803 3802
3642 3 2 1 2 3724 3725 3804 3803
3643 3 2 1 2 3725 3726 3805 3804
3644 3 2 1 2 3726 3727 3806 3805
3645 3 2 1 2 3727 3728 3807 3806
3646 3 2 1 2 3728 3729 3808 3807
3647 3 2 1 2 3729 3730 3809 3808
3648 3 2 1 2 3730 3731 3810 3809
3649 3 2 1 2 3731 3732 3811 3810
3650 3 2 1 2 3732 3733 3812 3811
3651 3 2 1 2 3733 3734 3813 3812
3652 3 2 1 2 3734 3735 3814 3813
3653 3 2 1 2 3735 3736 3815 3814
3654 3 2 1 2 3736 3737 3816 3815
3655 3 2 1 2 3737 3738 3817 3816
3656 3 2 1 2 3738 3739 3818 3817
3657 3 2 1 2 3739 3740 3819 3818
3658 3 2 1 2 3740 3741 3820 3819
3659 3 2 1 2 3741 3742 3821 3820
3660 3 2 1 2 3742 3743 3822 3821
3661 3 2 1 2 3743 3744 3823 3822
3662 3 2 1 2 3744 3745 3824 3823
3663 3 2 1 2 3745 3746 3825 3824
3664 3 2 1 2 3746 3747 3826 3825
3665 3 2 1 2 3747 3748 3827 3826
3666 3 2 1 2 3748 3749 3828 3827
3667 3 2 1 2 3749 3750 3829 3828
3668 3 2 1 2 3750 3751 3830 3829
3669 3 2 1 2 3751 3752 3831 3830
3670 3 2 1 2 3752 3753 3832 3831
3671 3 2 1 2 3753 3754 3833 3832
3672 3 2 1 2 3754 3755 3834 3833
3673 3 2 1 2 3755 3756 3835 3834
3674 3 2 1 2 3756 3757 3836 3835
3675 3 2 1 2 3757 3758 3837 3836
3676 3 2 1 2 3758 3759 3838 3837
3677 3 2 1 2 3759 3760 3839 3838
3678 3 2 1 2 3760 3761 3840 3839
3679 3 2 1 2 3761 3762 3841 3840
3680 3 2 1 2 3762 3763 3842 3841
3681 3 2 1 2 3763 3764 3843 3842
3682 3 2 1 2 3764 3765 3844 3843
3683 3 2 1 2 3765 3766 3845 3844
3684 3 2 1 2 3766 3767 3846 3845
3685 3 2 1 2 3767 3768 3847 3846
3686 3 2 1 2 3768 3769 3848 3847
3687 3 2 1 2 3769 3770 3849 3848
3688 3 2 1 2 3770 3771 3850 3849
3689 3 2 1 2 3771 3772 3851 3850
3690 3 2 1 2 3772 3773 3852 3851
3691 3 2 1 2 3773 3774 3853 3852
3692 3 2 1 2 3774 3775 3854 3853
3693 3 2 1 2 3775 3776 3855 3854
3694 3 2 1 2 3776 3777 3856 3855
3695 3 2 1 2 3777 3778 3857 3856
3696 3 2 1 2 3778 3779 3858 3857
3697 3 2 1 2 3779 3780 3859 3858
3698 3 2 1 2 3780 3781 3860 3859
3699 3 2 1 2 3781 3782 3861 3860
3700 3 2 1 2 3782 3783 3862 3861
3701 3 2 1 2 3783 3784 3863 3862
3702 3 2 1 2 3784 24 25 3863
3703 3 2 1 2 133 3785 3864 134
3704 3 2 1 2 3785 3786 3865 3864
3705 3 2 1 2 3786 3787 3866 3865
3706 3 2 1 2 3787 3788 3867 3866
3707 3 2 1 2 3788 3789 3868 3867
3708 3 2 1 2 3789 3790 3869 3868
3709 3 2 1 2 3790 3791 3870 3869
3710 3 2 1 2 3791 3792 3871 3870
3711 3 2 1 2 3792 3793 3872 3871
3712 3 2 1 2 3793 3794 3873 3872
3713 3 2 1 2 3794 3795 3874 3873
3714 3 2 1 2 3795 3796 3875 3874
3715 3 2 1 2 3796 3797 3876 3875
3716 3 2 1 2 3797 3798 3877 3876
3717 3 2 1 2 3798 3799 3878 3877
3718 3 2 1 2 3799 3800 3879 3878
3719 3 2 1 2 3800 3801 3880 3879
3720 3 2 1 2 3801 3802 3881 3880
3721 3 2 1 2 3802 3803 3882 3881
3722 3 2 1 2 3803 3804 3883 3882
3723 3 2 1 2 3804 3805 3884 3883
3724 3 2 1 2 3805 3806 3885 3884
3725 3 2 1 2 3806 3807 3886 3885
3726 3 2 1 2 3807 3808 3887 3886
3727 3 2 1 2 3808 3809 3888 3887
3728 3 2 1 2 3809 3810 3889 3888
3729 3 2 1 2 3810 3811 3890 3889
3730 3 2 1 2 3811 3812 3891 3890
3731 3 2 1 2 3812 3813 3892 3891
3732 3 2 1 2 3813 3814 3893 3892
3733 3 2 1 2 3814 3815 3894 3893
3734 3 2 1 2 3815 3816 3895 3894
3735 3 2 1 2 3816 3817 3896 3895
3736 3 2 1 2 3817 3818 3897 3896
3737 3 2 1 2 3818 3819 3898 3897
3738 3 2 1 2 3819 3820 3899 3898
3739 3 2 1 2 3820 3821 3900 3899
3740 3 2 1 2 3821 3822 3901 3900
3741 3 2 1 2 3822 3823 3902 3901
3742 3 2 1 2 3823 3824 3903 3902
3743 3 2 1 2 3824 3825 3904 3903
3744 3 2 1 2 3825 3826 3905 3904
3745 3 2 1 2 3826 3827 3906 3905
3746 3 2 1 2 3827 3828 3907 3906
3747 3 2 1 2 3828 3829 3908 3907
3748 3 2 1 2 3829 3830 3909 3908
3749 3 2 1 2 3830 3831 3910 3909
3750 3 2 1 2 3831 3832 3911 3910
3751 3 2 1 2 3832 3833 3912 3911
3752 3 2 1 2 3833 3834 3913 3912
3753 3 2 1 2 3834 3835 3914 3913
3754 3 2 1 2 3835 3836 3915 3914
3755 3 2 1 2 3836 3837 3916 3915
3756 3 2 1 2 3837 3838 3917 3916
3757 3 2 1 2 3838 3839 3918 3917
3758 3 2 1 2 3839 3840 3919 3918
3759 3 2 1 2 3840 3841 3920 3919
3760 3 2 1 2 3841 3842 3921 3920
3761 3 2 1 2 3842 3843 3922 3921
3762 3 2 1 2 3843 3844 3923 3922
3763 3 2 1 2 3844 3845 3924 3923
3764 3 2 1 2 3845 3846 3925 3924
3765 3 2 1 2 3846 3847 3926 3925
3766 3 2 1 2 3847 3848 3927 3926
3767 3 2 1 2 3848 3849 3928 3927
3768 3 2 1 2 3849 3850 3929 3928
3769 3 2 1 2 3850 3851 3930 3929
3770 3 2 1 2 3851 3852 3931 3930
3771 3 2 1 2 3852 3853 3932 3931
3772 3 2 1 2 3853 3854 3933 3932
3773 3 2 1 2 3854 3855 3934 3933
3774 3 2 1 2 3855 3856 3935 3934
3775 3 2 1 2 3856 3857 3936 3935
3776 3 2 1 2 3857 3858 3937 3936
3777 3 2 1 2 3858 3859 3938 3937
3778 3 2 1 2 3859 3860 3939 3938
3779 3 2 1 2 3860 3861 3940 3939
3780 3 2 1 2 3861 3862 3941 3940
3781 3 2 1 2 3862 3863 3942 3941
3782 3 2 1 2 3863 25 26 3942
3783 3 2 1 2 134 3864 3943 135
3784 3 2 1 2 3864 3865 3944 3943
3785 3 2 1 2 3865 3866 3945 3944
3786 3 2 1 2 3866 3867 3946 3945
3787 3 2 1 2 3867 3868 3947 3946
3788 3 2 1 2 3868 3869 3948 3947
3789 3 2 1 2 3869 3870 3949 3948
3790 3 2 1 2 3870 3871 3950 3949
3791 3 2 1 2 3871 3872 3951 3950
3792 3 2 1 2 3872 3873 3952 3951
3793 3 2 1 2 3873 3874 3953 3952
3794 3 2 1 2 3874 3875 3954 3953
3795 3 2 1 2 3875 3876 3955 3954
3796 3 2 1 2 3876 3877 3956 3955
3797 3 2 1 2 3877 3878 3957 3956
3798 3 2 1 2 3878 3879 3958 3957
3799 3 2 1 2 3879 3880 3959 3958
3800 3 2 1 2 3880 3881 3960 3959
3801 3 2 1 2 3881 3882 3961 3960
3802 3 2 1 2 3882 3883 3962 3961
3803 3 2 1 2 3883 3884 3963 3962
3804 3 2 1 2 3884 3885 3964 3963
3805 3 2 1 2 3885 3886 3965 3964
3806 3 2 1 2 3886 3887 3966 3965
3807 3 2 1 2 3887 3888 3967 3966
3808 3 2 1 2 3888 3889 3968 3967
3809 3 2 1 2 3889 3890 3969 3968
3810 3 2 1 2 3890 3891 3970 3969
3811 3 2 1 2 3891 3892 3971 3970
3812 3 2 1 2 3892 3893 3972 3971
3813 3 2 1 2 3893 3894 3973 3972
3814 3 2 1 2 3894 3895 3974 3973
3815 3 2 1 2 3895 3896 3975 3974
3816 3 2 1 2 3896 3897 3976 3975
3817 3 2 1 2 3897 3898 3977 3976
3818 3 2 1 2 3898 3899 3978 3977
3819 3 2 1 2 3899 3900 3979 3978
3820 3 2 1 2 3900 3901 3980 3979
3821 3 2 1 2 3901 3902 3981 3980
3822 3 2 1 2 3902 3903 3982 3981
3823 3 2 1 2 3903 3904 3983 3982
3824 3 2 1 2 3904 3905 3984 3983
3825 3 2 1 2 3905 3906 3985 3984
3826 3 2 1 2 3906 3907 3986 3985
3827 3 2 1 2 3907 3908 3987 3986
3828 3 2 1 2 3908 3909 3988 3987
3829 3 2 1 2 3909 3910 3989 3988
3830 3 2 1 2 3910 3911 3990 3989
3831 3 2 1 2 3911 3912 3991 3990
3832 3 2 1 2 3912 3913 3992 3991
3833 3 2 1 2 3913 3914 3993 3992
3834 3 2 1 2 3914 3915 3994 3993
3835 3 2 1 2 3915 3916 3995 3994
3836 3 2 1 2 3916 3917 3996 3995
3837 3 2 1 2 3917 3918 3997 3996
3838 3 2 1 2 3918 3919 3998 3997
3839 3 2 1 2 3919 3920 3999 3998
3840 3 2 1 2 3920 3921 4000 3999
3841 3 2 1 2 3921 3922 4001 4000
3842 3 2 1 2 3922 3923 4002 4001
3843 3 2 1 2 3923 3924 4003 4002
3844 3 2 1 2 3924 3925 4004 4003
3845 3 2 1 2 3925 3926 4005 4004
3846 3 2 1 2 3926 3927 4006 4005
3847 3 2 1 2 3927 3928 4007 4006
3848 3 2 1 2 3928 3929 4008 4007
3849 3 2 1 2 3929 3930 4009 4008
3850 3 2 1 2 3930 3931 4010 4009
3851 3 2 1 2 3931 3932 4011 4010
3852 3 2 1 2 3932 3933 4012 4011
3853 3 2 1 2 3933 3934 4013 4012
3854 3 2 1 2 3934 3935 4014 4013
3855 3 2 1 2 3935 3936 4015 4014
3856 3 2 1 2 3936 3937 4016 4015
3857 3 2 1 2 3937 3938 4017 4016
3858 3 2 1 2 3938 3939 4018 4017
3859 3 2 1 2 3939 3940 4019 4018
3860 3 2 1 2 3940 3941 4020 4019
3861 3 2 1 2 3941 3942 4021 4020
3862 3 2 1 2 3942 26 27 4021
3863 3 2 1 2 135 3943 4022 136
3864 3 2 1 2 3943 3944 4023 4022
3865 3 2 1 2 3944 3945 4024 4023
3866 3 2 1 2 3945 3946 4025 4024
3867 3 2 1 2 3946 3947 4026 4025
3868 3 2 1 2 3947 3948 4027 4026
3869 3 2 1 2 3948 3949 4028 4027
3870 3 2 1 2 3949 3950 4029 4028
3871 3 2 1 2 3950 3951 4030 4029
3872 3 2 1 2 3951 3952 4031 4030
3873 3 2 1 2 3952 3953 4032 4031
3874 3 2 1 2 3953 3954 4033 4032
3875 3 2 1 2 3954 3955 4034 4033
3876 3 2 1 2 3955 3956 4035 4034
3877 3 2 1 2 3956 3957 4036 4035
3878 3 2 1 2 3957 3958 4037 4036
3879 3 2 1 2 3958 3959 4038 4037
3880 3 2 1 2 3959 3960 4039 4038
3881 3 2 1 2 3960 3961 4040 4039
3882 3 2 1 2 3961 3962 4041 4040
3883 3 2 1 2 3962 3963 4042 4041
3884 3 2 1 2 3963 3964 4043 4042
3885 3 2 1 2 3964 3965 4044 4043
3886 3 2 1 2 3965 3966 4045 4044
3887 3 2 1 2 3966 3967 4046 4045
3888 3 2 1 2 3967 3968 4047 4046
3889 3 2 1 2 3968 3969 4048 4047
3890 3 2 1 2 3969 3970 4049 4048
3891 3 2 1 2 3970 3971 4050 4049
3892 3 2 1 2 3971 3972 4051 4050
3893 3 2 1 2 3972 3973 4052 4051
3894 3 2 1 2 3973 3974 4053 4052
3895 3 2 1 2 3974 3975 4054 4053
3896 3 2 1 2 3975 3976 4055 4054
3897 3 2 1 2 3976 3977 4056 4055
3898 3 2 1 2 3977 3978 4057 4056
3899 3 2 1 2 3978 3979 4058 4057
3900 3 2 1 2 3979 3980 4059 4058
3901 3 2 1 2 3980 3981 4060 4059
3902 3 2 1 2 3981 3982 4061 4060
3903 3 2 1 2 3982 3983 4062 4061
3904 3 2 1 2 3983 3984 4063 4062
3905 3 2 1 2 3984 3985 4064 4063
3906 3 2 1 2 3985 3986 4065 4064
3907 3 2 1 2 3986 3987 4066 4065
3908 3 2 1 2 3987 3988 4067 4066
3909 3 2 1 2 3988 3989 4068 4067
3910 3 2 1 2 3989 3990 4069 4068
3911 3 2 1 2 3990 3991 4070 4069
3912 3 2 1 2 3991 3992 4071 4070
3913 3 2 1 2 3992 3993 4072 4071
3914 3 2 1 2 3993 3994 4073 4072
3915 3 2 1 2 3994 3995 4074 4073
3916 3 2 1 2 3995 3996 4075 4074
3917 3 2 1 2 3996 3997 4076 4075
3918 3 2 1 2 3997 3998 4077 4076
3919 3 2 1 2 3998 3999 4078 4077
3920 3 2 1 2 3999 4000 4079 4078
3921 3 2 1 2 4000 4001 4080 4079
3922 3 2 1 2 4001 4002 4081 4080
3923 3 2 1 2 4002 4003 4082 4081
3924 3 2 1 2 4003 4004 4083 4082
3925 3 2 1 2 4004 4005 4084 4083
3926 3 2 1 2 4005 4006 4085 4084
3927 3 2 1 2 4006 4007 4086 4085
3928 3 2 1 2 4007 4008 4087 4086
3929 3 2 1 2 4008 4009 4088 4087
3930 3 2 1 2 4009 4010 4089 4088
3931 3 2 1 2 4010 4011 4090 4089
3932 3 2 1 2 4011 4012 4091 4090
3933 3 2 1 2 4012 4013 4092 4091
3934 3 2 1 2 4013 4014 4093 4092
3935 3 2 1 2 4014 4015 4094 4093
3936 3 2 1 2 4015 4016 4095 4094
3937 3 2 1 2 4016 4017 4096 4095
3938 3 2 1 2 4017 4018 4097 4096
3939 3 2 1 2 4018 4019 4098 4097
3940 3 2 1 2 4019 4020 4099 4098
3941 3 2 1 2 4020 4021 4100 4099
3942 3 2 1 2 4021 27 28 4100
3943 3 2 1 2 136 4022 4101 137
3944 3 2 1 2 4022 4023 4102 4101
3945 3 2 1 2 4023 4024 4103 4102
3946 3 2 1 2 4024 4025 4104 4103
3947 3 2 1 2 4025 4026 4105 4104
3948 3 2 1 2 4026 4027 4106 4105
3949 3 2 1 2 4027 4028 4107 4106
3950 3 2 1 2 4028 4029 4108 4107
3951 3 2 1 2 4029 4030 4109 4108
3952 3 2 1 2 4030 4031 4110 4109
3953 3 2 1 2 4031 4032 4111 4110
3954 3 2 1 2 4032 4033 4112 4111
3955 3 2 1 2 4033 4034 4113 4112
3956 3 2 1 2 4034 4035 4114 4113
3957 3 2 1 2 4035 4036 4115 4114
3958 3 2 1 2 4036 4037 4116 4115
3959 3 2 1 2 4037 4038 4117 4116
3960 3 2 1 2 4038 4039 4118 4117
3961 3 2 1 2 4039 4040 4119 4118
3962 3 2 1 2 4040 4041 4120 4119
3963 3 2 1 2 4041 4042 4121 4120
3964 3 2 1 2 4042 4043 4122 4121
3965 3 2 1 2 4043 4044 4123 4122
3966 3 2 1 2 4044 4045 4124 4123
3967 3 2 1 2 4045 4046 4125 4124
3968 3 2 1 2 4046 4047 4126 4125
3969 3 2 1 2 4047 4048 4127 4126
3970 3 2 1 2 4048 4049 4128 4127
3971 3 2 1 2 4049 4050 4129 4128
3972 3 2 1 2 4050 4051 4130 4129
3973 3 2 1 2 4051 4052 4131 4130
3974 3 2 1 2 4052 4053 4132 4131
3975 3 2 1 2 4053 4054 4133 4132
3976 3 2 1 2 4054 4055 4134 4133
3977 3 2 1 2 4055 4056 4135 4134
3978 3 2 1 2 4056 4057 4136 4135
3979 3 2 1 2 4057 4058 4137 4136
3980 3 2 1 2 4058 4059 4138 4137
3981 3 2 1 2 4059 4060 4139 4138
3982 3 2 1 2 4060 4061 4140 4139
3983 3 2 1 2 4061 4062 4141 4140
3984 3 2 1 2 4062 4063 4142 4141
3985 3 2 1 2 4063 4064 4143 4142
3986 3 2 1 2 4064 4065 4144 4143
3987 3 2 1 2 4065 4066 4145 4144
3988 3 2 1 2 4066 4067 4146 4145
3989 3 2 1 2 4067 4068 4147 4146
3990 3 2 1 2 4068 4069 4148 4147
3991 3 2 1 2 4069 4070 4149 4148
3992 3 2 1 2 4070 4071 4150 4149
3993 3 2 1 2 4071 4072 4151 4150
3994 3 2 1 2 4072 4073 4152 4151
3995 3 2 1 2 4073 4074 4153 4152
3996 3 2 1 2 4074 4075 4154 4153
3997 3 2 1 2 4075 4076 4155 4154
3998 3 2 1 2 4076 4077 4156 4155
3999 3 2 1 2 4077 4078 4157 4156
4000 3 2 1 2 4078 4079 4158 4157
4001 3 2 1 2 4079 4080 4159 4158
4002 3 2 1 2 4080 4081 4160 4159
4003 3 2 1 2 4081 4082 4161 4160
4004 3 2 1 2 4082 4083 4162 4161
4005 3 2 1 2 4083 4084 4163 4162
4006 3 2 1 2 4084 4085 4164 4163
4007 3 2 1 2 4085 4086 4165 4164
4008 3 2 1 2 4086 4087 4166 4165
4009 3 2 1 2 4087 4088 4167 4166
4010 3 2 1 2 4088 4089 4168 4167
4011 3 2 1 2 4089 4090 4169 4168
4012 3 2 1 2 4090 4091 4170 4169
4013 3 2 1 2 4091 4092 4171 4170
4014 3 2 1 2 4092 4093 4172 4171
4015 3 2 1 2 4093 4094 4173 4172
4016 3 2 1 2 4094 4095 4174 4173
4017 3 2 1 2 4095 4096 4175 4174
4018 3 2 1 2 4096 4097 4176 4175
4019 3 2 1 2 4097 4098 4177 4176
4020 3 2 1 2 4098 4099 4178 4177
4021 3 2 1 2 4099 4100 4179 4178
4022 3 2 1 2 4100 28 29 4179
4023 3 2 1 2 137 4101 4180 138
4024 3 2 1 2 4101 4102 4181 4180
4025 3 2 1 2 4102 4103 4182 4181
4026 3 2 1 2 4103 4104 4183 4182
4027 3 2 1 2 4104 4105 4184 4183
4028 3 2 1 2 4105 4106 4185 4184
4029 3 2 1 2 4106 4107 4186 4185
4030 3 2 1 2 4107 4108 4187 4186
4031 3 2 1 2 4108 4109 4188 4187
4032 3 2 1 2 4109 4110 4189 4188
4033 3 2 1 2 4110 4111 4190 4189
4034 3 2 1 2 4111 4112 4191 4190
4035 3 2 1 2 4112 4113 4192 4191
4036 3 2 1 2 4113 4114 4193 4192
4037 3 2 1 2 4114 4115 4194 4193
4038 3 2 1 2 4115 4116 4195 4194
4039 3 2 1 2 4116 4117 4196 4195
4040 3 2 1 2 4117 4118 4197 4196
4041 3 2 1 2 4118 4119 4198 4197
4042 3 2 1 2 4119 4120 4199 4198
4043 3 2 1 2 4120 4121 4200 4199
4044 3 2 1 2 4121 4122 4201 4200
4045 3 2 1 2 4122 4123 4202 4201
4046 3 2 1 2 4123 4124 4203 4202
4047 3 2 1 2 4124 4125 4204 4203
4048 3 2 1 2 4125 4126 4205 4204
4049 3 2 1 2 4126 4127 4206 4205
4050 3 2 1 2 4127 4128 4207 4206
4051 3 2 1 2 4128 4129 4208 4207
4052 3 2 1 2 4129 4130 4209 4208
4053 3 2 1 2 4130 4131 4210 4209
4054 3 2 1 2 4131 4132 4211 4210
4055 3 2 1 2 4132 4133 4212 4211
4056 3 2 1 2 4133 4134 4213 4212
4057 3 2 1 2 4134 4135 4214 4213
4058 3 2 1 2 4135 4136 4215 4214
4059 3 2 1 2 4136 4137 4216 4215
4060 3 2 1 2 4137 4138 4217 4216
4061 3 2 1 2 4138 4139 4218 4217
4062 3 2 1 2 4139 4140 4219 4218
4063 3 2 1 2 4140 4141 4220 4219
4064 3 2 1 2 4141 4142 4221 4220
4065 3 2 1 2 4142 4143 4222 4221
4066 3 2 1 2 4143 4144 4223 4222
4067 3 2 1 2 4144 4145 4224 4223
4068 3 2 1 2 4145 4146 4225 4224
4069 3 2 1 2 4146 4147 4226 4225
4070 3 2 1 2 4147 4148 4227 4226
4071 3 2 1 2 4148 4149 4228 4227
4072 3 2 1 2 4149 4150 4229 4228
4073 3 2 1 2 4150 4151 4230 4229
4074 3 2 1 2 4151 4152 4231 4230
4075 3 2 1 2 4152 4153 4232 4231
4076 3 2 1 2 4153 4154 4233 4232
4077 3 2 1 2 4154 4155 4234 4233
4078 3 2 1 2 4155 4156 4235 4234
4079 3 2 1 2 4156 4157 4236 4235
4080 3 2 1 2 4157 4158 4237 4236
4081 3 2 1 2 4158 4159 4238 4237
4082 3 2 1 2 4159 4160 4239 4238
4083 3 2 1 2 4160 4161 4240 4239
4084 3 2 1 2 4161 4162 4241 4240
4085 3 2 1 2 4162 4163 4242 4241
4086 3 2 1 2 4163 4164 4243 4242
4087 3 2 1 2 4164 4165 4244 4243
4088 3 2 1 2 4165 4166 4245 4244
4089 3 2 1 2 4166 4167 4246 4245
4090 3 2 1 2 4167 4168 4247 4246
4091 3 2 1 2 4168 4169 4248 4247
4092 3 2 1 2 4169 4170 4249 4248
4093 3 2 1 2 4170 4171 4250 4249
4094 3 2 1 2 4171 4172 4251 4250
4095 3 2 1 2 4172 4173 4252 4251
4096 3 2 1 2 4173 4174 4253 4252
4097 3 2 1 2 4174 4175 4254 4253
4098 3 2 1 2 4175 4176 4255 4254
4099 3 2 1 2 4176 4177 4256 4255
4100 3 2 1 2 4177 4178 4257 4256
4101 3 2 1 2 4178 4179 4258 4257
4102 3 2 1 2 4179 29 30 4258
4103 3 2 1 2 138 4180 4259 139
4104 3 2 1 2 4180 4181 4260 4259
4105 3 2 1 2 4181 4182 4261 4260
4106 3 2 1 2 4182 4183 4262 4261
4107 3 2 1 2 4183 4184 4263 4262
4108 3 2 1 2 4184 4185 4264 4263
4109 3 2 1 2 4185 4186 4265 4264
4110 3 2 1 2 4186 4187 4266 4265
4111 3 2 1 2 4187 4188 4267 4266
4112 3 2 1 2 4188 4189 4268 4267
4113 3 2 1 2 4189 4190 4269 4268
4114 3 2 1 2 4190 4191 4270 4269
4115 3 2 1 2 4191 4192 4271 4270
4116 3 2 1 2 4192 4193 4272 4271
4117 3 2 1 2 4193 4194 4273 4272
4118 3 2 1 2 4194 4195 4274 4273
4119 3 2 1 2 4195 4196 4275 4274
4120 3 2 1 2 4196 4197 4276 4275
4121 3 2 1 2 4197 4198 4277 4276
4122 3 2 1 2 4198 4199 4278 4277
4123 3 2 1 2 4199 4200 4279 4278
4124 3 2 1 2 4200 4201 4280 4279
4125 3 2 1 2 4201 4202 4281 4280
4126 3 2 1 2 4202 4203 4282 4281
4127 3 2 1 2 4203 4204 4283 4282
4128 3 2 1 2 4204 4205 4284 4283
4129 3 2 1 2 4205 4206 4285 4284
4130 3 2 1 2 4206 4207 4286 4285
4131 3 2 1 2 4207 4208 4287 4286
4132 3 2 1 2 4208 4209 4288 4287
4133 3 2 1 2 4209 4210 4289 4288
4134 3 2 1 2 4210 4211 4290 4289
4135 3 2 1 2 4211 4212 4291 4290
4136 3 2 1 2 4212 4213 4292 4291
4137 3 2 1 2 4213 4214 4293 4292
4138 3 2 1 2 4214 4215 4294 4293
4139 3 2 1 2 4215 4216 4295 4294
4140 3 2 1 2 4216 4217 4296 4295
4141 3 2 1 2 4217 4218 4297 4296
4142 3 2 1 2 4218 4219 4298 4297
4143 3 2 1 2 4219 4220 4299 4298
4144 3 2 1 2 4220 4221 4300 4299
4145 3 2 1 2 4221 4222 4301 4300
4146 3 2 1 2 4222 4223 4302 4301
4147 3 2 1 2 4223 4224 4303 4302
4148 3 2 1 2 4224 4225 4304 4303
4149 3 2 1 2 4225 4226 4305 4304
4150 3 2 1 2 4226 4227 4306 4305
4151 3 2 1 2 4227 4228 4307 4306
4152 3 2 1 2 4228 4229 4308 4307
4153 3 2 1 2 4229 4230 4309 4308
4154 3 2 1 2 4230 4231 4310 4309
4155 3 2 1 2 4231 4232 4311 4310
4156 3 2 1 2 4232 4233 4312 4311
4157 3 2 1 2 4233 4234 4313 4312
4158 3 2 1 2 4234 4235 4314 4313
4159 3 2 1 2 4235 4236 4315 4314
4160 3 2 1 2 4236 4237 4316 4315
4161 3 2 1 2 4237 4238 4317 4316
4162 3 2 1 2 4238 4239 4318 4317
4163 3 2 1 2 4239 4240 4319 4318
4164 3 2 1 2 4240 4241 4320 4319
4165 3 2 1 2 4241 4242 4321 4320
4166 3 2 1 2 4242 4243 4322 4321
4167 3 2 1 2 4243 4244 4323 4322
4168 3 2 1 2 4244 4245 4324 4323
4169 3 2 1 2 4245 4246 4325 4324
4170 3 2 1 2 4246 4247 4326 4325
4171 3 2 1 2 4247 4248 4327 4326
4172 3 2 1 2 4248 4249 4328 4327
4173 3 2 1 2 4249 4250 4329 4328
4174 3 2 1 2 4250 4251 4330 4329
4175 3 2 1 2 4251 4252 4331 4330
4176 3 2 1 2 4252 4253 4332 4331
4177 3 2 1 2 4253 4254 4333 4332
4178 3 2 1 2 4254 4255 4334 4333
4179 3 2 1 2 4255 4256 4335 4334
4180 3 2 1 2 4256 4257 4336 4335
4181 3 2 1 2 4257 4258 4337 4336
4182 3 2 1 2 4258 30 31 4337
4183 3 2 1 2 139 4259 4338 140
4184 3 2 1 2 4259 4260 4339 4338
4185 3 2 1 2 4260 4261 4340 4339
4186 3 2 1 2 4261 4262 4341 4340
4187 3 2 1 2 4262 4263 4342 4341
4188 3 2 1 2 4263 4264 4343 4342
4189 3 2 1 2 4264 4265 4344 4343
4190 3 2 1 2 4265 4266 4345 4344
4191 3 2 1 2 4266 4267 4346 4345
4192 3 2 1 2 4267 4268 4347 4346
4193 3 2 1 2 4268 4269 4348 4347
4194 3 2 1 2 4269 4270 4349 4348
4195 3 2 1 2 4270 4271 4350 4349
4196 3 2 1 2 4271 4272 4351 4350
4197 3 2 1 2 4272 4273 4352 4351
4198 3 2 1 2 4273 4274 4353 4352
4199 3 2 1 2 4274 4275 4354 4353
4200 3 2 1 2 4275 4276 4355 4354
4201 3 2 1 2 4276 4277 4356 4355
4202 3 2 1 2 4277 4278 4357 4356
4203 3 2 1 2 4278 4279 4358 4357
4204 3 2 1 2 4279 4280 4359 4358
4205 3 2 1 2 4280 4281 4360 4359
4206 3 2 1 2 4281 4282 4361 4360
4207 3 2 1 2 4282 4283 4362 4361
4208 3 2 1 2 4283 4284 4363 4362
4209 3 2 1 2 4284 4285 4364 4363
4210 3 2 1 2 4285 4286 4365 4364
4211 3 2 1 2 4286 4287 4366 4365
4212 3 2 1 2 4287 4288 4367 4366
4213 3 2 1 2 4288 4289 4368 4367
4214 3 2 1 2 4289 4290 4369 4368
4215 3 2 1 2 4290 4291 4370 4369
4216 3 2 1 2 4291 4292 4371 4370
4217 3 2 1 2 4292 4293 4372 4371
4218 3 2 1 2 4293 4294 4373 4372
4219 3 2 1 2 4294 4295 4374 4373
4220 3 2 1 2 4295 4296 4375 4374
4221 3 2 1 2 4296 4297 4376 4375
4222 3 2 1 2 4297 4298 4377 4376
4223 3 2 1 2 4298 4299 4378 4377
4224 3 2 1 2 4299 4300 4379 4378
4225 3 2 1 2 4300 4301 4380 4379
4226 3 2 1 2 4301 4302 4381 4380
4227 3 2 1 2 4302 4303 4382 4381
4228 3 2 1 2 4303 4304 4383 4382
4229 3 2 1 2 4304 4305 4384 4383
4230 3 2 1 2 4305 4306 4385 4384
4231 3 2 1 2 4306 4307 4386 4385
4232 3 2 1 2 4307 4308 4387 4386
4233 3 2 1 2 4308 4309 4388 4387
4234 3 2 1 2 4309 4310 4389 4388
4235 3 2 1 2 4310 4311 4390 4389
4236 3 2 1 2 4311 4312 4391 4390
4237 3 2 1 2 4312 4313 4392 4391
4238 3 2 1 2 4313 4314 4393 4392
4239 3 2 1 2 4314 4315 4394 4393
4240 3 2 1 2 4315 4316 4395 4394
4241 3 2 1 2 4316 4317 4396 4395
4242 3 2 1 2 4317 4318 4397 4396
4243 3 2 1 2 4318 4319 4398 4397
4244 3 2 1 2 4319 4320 4399 4398
4245 3 2 1 2 4320 4321 4400 4399
4246 3 2 1 2 4321 4322 4401 4400
4247 3 2 1 2 4322 4323 4402 4401
4248 3 2 1 2 4323 4324 4403 4402
4249 3 2 1 2 4324 4325 4404 4403
4250 3 2 1 2 4325 4326 4405 4404
4251 3 2 1 2 4326 4327 4406 4405
4252 3 2 1 2 4327 4328 4407 4406
4253 3 2 1 2 4328 4329 4408 4407
4254 3 2 1 2 4329 4330 4409 4408
4255 3 2 1 2 4330 4331 4410 4409
4256 3 2 1 2 4331 4332 4411 4410
4257 3 2 1 2 4332 4333 4412 4411
4258 3 2 1 2 4333 4334 4413 4412
4259 3 2 1 2 4334 4335 4414 4413
4260 3 2 1 2 4335 4336 4415 4414
4261 3 2 1 2 4336 4337 4416 4415
4262 3 2 1 2 4337 31 32 4416
4263 3 2 1 2 140 4338 4417 141
4264 3 2 1 2 4338 4339 4418 4417
4265 3 2 1 2 4339 4340 4419 4418
4266 3 2 1 2 4340 4341 4420 4419
4267 3 2 1 2 4341 4342 4421 4420
4268 3 2 1 2 4342 4343 4422 4421
4269 3 2 1 2 4343 4344 4423 4422
4270 3 2 1 2 4344 4345 4424 4423
4271 3 2 1 2 4345 4346 4425 4424
4272 3 2 1 2 4346 4347 4426 4425
4273 3 2 1 2 4347 4348 4427 4426
4274 3 2 1 2 4348 4349 4428 4427
4275 3 2 1 2 4349 4350 4429 4428
4276 3 2 1 2 4350 4351 4430 4429
4277 3 2 1 2 4351 4352 4431 4430
4278 3 2 1 2 4352 4353 4432 4431
4279 3 2 1 2 4353 4354 4433 4432
4280 3 2 1 2 4354 4355 4434 4433
4281 3 2 1 2 4355 4356 4435 4434
4282 3 2 1 2 4356 4357 4436 4435
4283 3 2 1 2 4357 4358 4437 4436
4284 3 2 1 2 4358 4359 4438 4437
4285 3 2 1 2 4359 4360 4439 4438
4286 3 2 1 2 4360 4361 4440 4439
4287 3 2 1 2 4361 4362 4441 4440
4288 3 2 1 2 4362 4363 4442 4441
4289 3 2 1 2 4363 4364 4443 4442
4290 3 2 1 2 4364 4365 4444 4443
4291 3 2 1 2 4365 4366 4445 4444
4292 3 2 1 2 4366 4367 4446 4445
4293 3 2 1 2 4367 4368 4447 4446
4294 3 2 1 2 4368 4369 4448 4447
4295 3 2 1 2 4369 4370 4449 4448
4296 3 2 1 2 4370 4371 4450 4449
4297 3 2 1 2 4371 4372 4451 4450
4298 3 2 1 2 4372 4373 4452 4451
4299 3 2 1 2 4373 4374 4453 4452
4300 3 2 1 2 4374 4375 4454 4453
4301 3 2 1 2 4375 4376 4455 4454
4302 3 2 1 2 4376 4377 4456 4455
4303 3 2 1 2 4377 4378 4457 4456
4304 3 2 1 2 4378 4379 4458 4457
4305 3 2 1 2 4379 4380 4459 4458
4306 3 2 1 2 4380 4381 4460 4459
4307 3 2 1 2 4381 4382 4461 4460
4308 3 2 1 2 4382 4383 4462 4461
4309 3 2 1 2 4383 4384 4463 4462
4310 3 2 1 2 4384 4385 4464 4463
4311 3 2 1 2 4385 4386 4465 4464
4312 3 2 1 2 4386 4387 4466 4465
4313 3 2 1 2 4387 4388 4467 4466
4314 3 2 1 2 4388 4389 4468 4467
4315 3 2 1 2 4389 4390 4469 4468
4316 3 2 1 2 4390 4391 4470 4469
4317 3 2 1 2 4391 4392 4471 4470
4318 3 2 1 2 4392 4393 4472 4471
4319 3 2 1 2 4393 4394 4473 4472
4320 3 2 1 2 4394 4395 4474 4473
4321 3 2 1 2 4395 4396 4475 4474
4322 3 2 1 2 4396 4397 4476 4475
4323 3 2 1 2 4397 4398 4477 4476
4324 3 2 1 2 4398 4399 4478 4477
4325 3 2 1 2 4399 4400 4479 4478
4326 3 2 1 2 4400 4401 4480 4479
4327 3 2 1 2 4401 4402 4481 4480
4328 3 2 1 2 4402 4403 4482 4481
4329 3 2 1 2 4403 4404 4483 4482
4330 3 2 1 2 4404 4405 4484 4483
4331 3 2 1 2 4405 4406 4485 4484
4332 3 2 1 2 4406 4407 4486 4485
4333 3 2 1 2 4407 4408 4487 4486
4334 3 2 1 2 4408 4409 4488 4487
4335 3 2 1 2 4409 4410 4489 4488
4336 3 2 1 2 4410 4411 4490 4489
4337 3 2 1 2 4411 4412 4491 4490
4338 3 2 1 2 4412 4413 4492 4491
4339 3 2 1 2 4413 4414 4493 4492
4340 3 2 1 2 4414 4415 4494 4493
4341 3 2 1 2 4415 4416 4495 4494
4342 3 2 1 2 4416 32 33 4495
4343 3 2 1 2 141 4417 4496 142
4344 3 2 1 2 4417 4418 4497 4496
4345 3 2 1 2 4418 4419 4498 4497
4346 3 2 1 2 4419 4420 4499 4498
4347 3 2 1 2 4420 4421 4500 4499
4348 3 2 1 2 4421 4422 4501 4500
4349 3 2 1 2 4422 4423 4502 4501
4350 3 2 1 2 4423 4424 4503 4502
4351 3 2 1 2 4424 4425 4504 4503
4352 3 2 1 2 4425 4426 4505 4504
4353 3 2 1 2 4426 4427 4506 4505
4354 3 2 1 2 4427 4428 4507 4506
4355 3 2 1 2 4428 4429 4508 4507
4356 3 2 1 2 4429 4430 4509 4508
4357 3 2 1 2 4430 4431 4510 4509
4358 3 2 1 2 4431 4432 4511 4510
4359 3 2 1 2 4432 4433 4512 4511
4360 3 2 1 2 4433 4434 4513 4512
4361 3 2 1 2 4434 4435 4514 4513
4362 3 2 1 2 4435 4436 4515 4514
4363 3 2 1 2 4436 4437 4516 4515
4364 3 2 1 2 4437 4438 4517 4516
4365 3 2 1 2 4438 4439 4518 4517
4366 3 2 1 2 4439 4440 4519 4518
4367 3 2 1 2 4440 4441 4520 4519
4368 3 2 1 2 4441 4442 4521 4520
4369 3 2 1 2 4442 4443 4522 4521
4370 3 2 1 2 4443 4444 4523 4522
4371 3 2 1 2 4444 4445 4524 4523
4372 3 2 1 2 4445 4446 4525 4524
4373 3 2 1 2 4446 4447 4526 4525
4374 3 2 1 2 4447 4448 4527 4526
4375 3 2 1 2 4448 4449 4528 4527
4376 3 2 1 2 4449 4450 4529 4528
4377 3 2 1 2 4450 4451 4530 4529
4378 3 2 1 2 4451 4452 4531 4530
4379 3 2 1 2 4452 4453 4532 4531
4380 3 2 1 2 4453 4454 4533 4532
4381 3 2 1 2 4454 4455 4534 4533
4382 3 2 1 2 4455 4456 4535 4534
4383 3 2 1 2 4456 4457 4536 4535
4384 3 2 1 2 4457 4458 4537 4536
4385 3 2 1 2 4458 4459 4538 4537
4386 3 2 1 2 4459 4460 4539 4538
4387 3 2 1 2 4460 4461 4540 4539
4388 3 2 1 2 4461 4462 4541 4540
4389 3 2 1 2 4462 4463 4542 4541
4390 3 2 1 2 4463 4464 4543 4542
4391 3 2 1 2 4464 4465 4544 4543
4392 3 2 1 2 4465 4466 4545 4544
4393 3 2 1 2 4466 4467 4546 4545
4394 3 2 1 2 4467 4468 4547 4546
4395 3 2 1 2 4468 4469 4548 4547
4396 3 2 1 2 4469 4470 4549 4548
4397 3 2 1 2 4470 4471 4550 4549
4398 3 2 1 2 4471 4472 4551 4550
4399 3 2 1 2 4472 4473 4552 4551
4400 3 2 1 2 4473 4474 4553 4552
4401 3 2 1 2 4474 4475 4554 4553
4402 3 2 1 2 4475 4476 4555 4554
4403 3 2 1 2 4476 4477 4556 4555
4404 3 2 1 2 4477 4478 4557 4556
4405 3 2 1 2 4478 4479 4558 4557
4406 3 2 1 2 4479 4480 4559 4558
4407 3 2 1 2 4480 4481 4560 4559
4408 3 2 1 2 4481 4482 4561 4560
4409 3 2 1 2 4482 4483 4562 4561
4410 3 2 1 2 4483 4484 4563 4562
4411 3 2 1 2 4484 4485 4564 4563
4412 3 2 1 2 4485 4486 4565 4564
4413 3 2 1 2 4486 4487 4566 4565
4414 3 2 1 2 4487 4488 4567 4566
4415 3 2 1 2 4488 4489 4568 4567
4416 3 2 1 2 4489 4490 4569 4568
4417 3 2 1 2 4490 4491 4570 4569
4418 3 2 1 2 4491 4492 4571 4570
4419 3 2 1 2 4492 4493 4572 4571
4420 3 2 1 2 4493 4494 4573 4572
4421 3 2 1 2 4494 4495 4574 4573
4422 3 2 1 2 4495 33 34 4574
4423 3 2 1 2 142 4496 4575 143
4424 3 2 1 2 4496 4497 4576 4575
4425 3 2 1 2 4497 4498 4577 4576
4426 3 2 1 2 4498 4499 4578 4577
4427 3 2 1 2 4499 4500 4579 4578
4428 3 2 1 2 4500 4501 4580 4579
4429 3 2 1 2 4501 4502 4581 4580
4430 3 2 1 2 4502 4503 4582 4581
4431 3 2 1 2 4503 4504 4583 4582
4432 3 2 1 2 4504 4505 4584 4583
4433 3 2 1 2 4505 4506 4585 4584
4434 3 2 1 2 4506 4507 4586 4585
4435 3 2 1 2 4507 4508 4587 4586
4436 3 2 1 2 4508 4509 4588 4587
4437 3 2 1 2 4509 4510 4589 4588
4438 3 2 1 2 4510 4511 4590 4589
4439 3 2 1 2 4511 4512 4591 4590
4440 3 2 1 2 4512 4513 4592 4591
4441 3 2 1 2 4513 4514 4593 4592
4442 3 2 1 2 4514 4515 4594 4593
4443 3 2 1 2 4515 4516 4595 4594
4444 3 2 1 2 4516 4517 4596 4595
4445 3 2 1 2 4517 4518 4597 4596
4446 3 2 1 2 4518 4519 4598 4597
4447 3 2 1 2 4519 4520 4599 4598
4448 3 2 1 2 4520 4521 4600 4599
4449 3 2 1 2 4521 4522 4601 4600
4450 3 2 1 2 4522 4523 4602 4601
4451 3 2 1 2 4523 4524 4603 4602
4452 3 2 1 2 4524 4525 4604 4603
4453 3 2 1 2 4525 4526 4605 4604
4454 3 2 1 2 4526 4527 4606 4605
4455 3 2 1 2 4527 4528 4607 4606
4456 3 2 1 2 4528 4529 4608 4607
4457 3 2 1 2 4529 4530 4609 4608
4458 3 2 1 2 4530 4531 4610 4609
4459 3 2 1 2 4531 4532 4611 4610
4460 3 2 1 2 4532 4533 4612 4611
4461 3 2 1 2 4533 4534 4613 4612
4462 3 2 1 2 4534 4535 4614 4613
4463 3 2 1 2 4535 4536 4615 4614
4464 3 2 1 2 4536 4537 4616 4615
4465 3 2 1 2 4537 4538 4617 4616
4466 3 2 1 2 4538 4539 4618 4617
4467 3 2 1 2 4539 4540 4619 4618
4468 3 2 1 2 4540 4541 4620 4619
4469 3 2 1 2 4541 4542 4621 4620
4470 3 2 1 2 4542 4543 4622 4621
4471 3 2 1 2 4543 4544 4623 4622
4472 3 2 1 2 4544 4545 4624 4623
4473 3 2 1 2 4545 4546 4625 4624
4474 3 2 1 2 4546 4547 4626 4625
4475 3 2 1 2 4547 4548 4627 4626
4476 3 2 1 2 4548 4549 4628 4627
4477 3 2 1 2 4549 4550 4629 4628
4478 3 2 1 2 4550 4551 4630 4629
4479 3 2 1 2 4551 4552 4631 4630
4480 3 2 1 2 4552 4553 4632 4631
4481 3 2 1 2 4553 4554 4633 4632
4482 3 2 1 2 4554 4555 4634 4633
4483 3 2 1 2 4555 4556 4635 4634
4484 3 2 1 2 4556 4557 4636 4635
4485 3 2 1 2 4557 4558 4637 4636
4486 3 2 1 2 4558 4559 4638 4637
4487 3 2 1 2 4559 4560 4639 4638
4488 3 2 1 2 4560 4561 4640 4639
4489 3 2 1 2 4561 4562 4641 4640
4490 3 2 1 2 4562 4563 4642 4641
4491 3 2 1 2 4563 4564 4643 4642
4492 3 2 1 2 4564 4565 4644 4643
4493 3 2 1 2 4565 4566 4645 4644
4494 3 2 1 2 4566 4567 4646 4645
4495 3 2 1 2 4567 4568 4647 4646
4496 3 2 1 2 4568 4569 4648 4647
4497 3 2 1 2 4569 4570 4649 4648
4498 3 2 1 2 4570 4571 4650 4649
4499 3 2 1 2 4571 4572 4651 4650
4500 3 2 1 2 4572 4573 4652 4651
4501 3 2 1 2 4573 4574 4653 4652
4502 3 2 1 2 4574 34 35 4653
4503 3 2 1 2 143 4575 4654 144
4504 3 2 1 2 4575 4576 4655 4654
4505 3 2 1 2 4576 4577 4656 4655
4506 3 2 1 2 4577 4578 4657 4656
4507 3 2 1 2 4578 4579 4658 4657
4508 3 2 1 2 4579 4580 4659 4658
4509 3 2 1 2 4580 4581 4660 4659
4510 3 2 1 2 4581 4582 4661 4660
4511 3 2 1 2 4582 4583 4662 4661
4512 3 2 1 2 4583 4584 4663 4662
4513 3 2 1 2 4584 4585 4664 4663
4514 3 2 1 2 4585 4586 4665 4664
4515 3 2 1 2 4586 4587 4666 4665
4516 3 2 1 2 4587 4588 4667 4666
4517 3 2 1 2 4588 4589 4668 4667
4518 3 2 1 2 4589 4590 4669 4668
4519 3 2 1 2 4590 4591 4670 4669
4520 3 2 1 2 4591 4592 4671 4670
4521 3 2 1 2 4592 4593 4672 4671
4522 3 2 1 2 4593 4594 4673 4672
4523 3 2 1 2 4594 4595 4674 4673
4524 3 2 1 2 4595 4596 4675 4674
4525 3 2 1 2 4596 4597 4676 4675
4526 3 2 1 2 4597 4598 4677 4676
4527 3 2 1 2 4598 4599 4678 4677
4528 3 2 1 2 4599 4600 4679 4678
4529 3 2 1 2 4600 4601 4680 4679
4530 3 2 1 2 4601 4602 4681 4680
4531 3 2 1 2 4602 4603 4682 4681
4532 3 2 1 2 4603 4604 4683 4682
4533 3 2 1 2 4604 4605 4684 4683
4534 3 2 1 2 4605 4606 4685 4684
4535 3 2 1 2 4606 4607 4686 4685
4536 3 2 1 2 4607 4608 4687 4686
4537 3 2 1 2 4608 4609 4688 4687
4538 3 2 1 2 4609 4610 4689 4688
4539 3 2 1 2 4610 4611 4690 4689
4540 3 2 1 2 4611 4612 4691 4690
4541 3 2 1 2 4612 4613 4692 4691
4542 3 2 1 2 4613 4614 4693 4692
4543 3 2 1 2 4614 4615 4694 4693
4544 3 2 1 2 4615 4616 4695 4694
4545 3 2 1 2 4616 4617 4696 4695
4546 3 2 1 2 4617 4618 4697 4696
4547 3 2 1 2 4618 4619 4698 4697
4548 3 2 1 2 4619 4620 4699 4698
4549 3 2 1 2 4620 4621 4700 4699
4550 3 2 1 2 4621 4622 4701 4700
4551 3 2 1 2 4622 4623 4702 4701
4552 3 2 1 2 4623 4624 4703 4702
4553 3 2 1 2 4624 4625 4704 4703
4554 3 2 1 2 4625 4626 4705 4704
4555 3 2 1 2 4626 4627 4706 4705
4556 3 2 1 2 4627 4628 4707 4706
4557 3 2 1 2 4628 4629 4708 4707
4558 3 2 1 2 4629 4630 4709 4708
4559 3 2 1 2 4630 4631 4710 4709
4560 3 2 1 2 4631 4632 4711 4710
4561 3 2 1 2 4632 4633 4712 4711
4562 3 2 1 2 4633 4634 4713 4712
4563 3 2 1 2 4634 4635 4714 4713
4564 3 2 1 2 4635 4636 4715 4714
4565 3 2 1 2 4636 4637 4716 4715
4566 3 2 1 2 4637 4638 4717 4716
4567 3 2 1 2 4638 4639 4718 4717
4568 3 2 1 2 4639 4640 4719 4718
4569 3 2 1 2 4640 4641 4720 4719
4570 3 2 1 2 4641 4642 4721 4720
4571 3 2 1 2 4642 4643 4722 4721
4572 3 2 1 2 4643 4644 4723 4722
4573 3 2 1 2 4644 4645 4724 4723
4574 3 2 1 2 4645 4646 4725 4724
4575 3 2 1 2 4646 4647 4726 4725
4576 3 2 1 2 4647 4648 4727 4726
4577 3 2 1 2 4648 4649 4728 4727
4578 3 2 1 2 4649 4650 4729 4728
4579 3 2 1 2 4650 4651 4730 4729
4580 3 2 1 2 4651 4652 4731 4730
4581 3 2 1 2 4652 4653 4732 4731
4582 3 2 1 2 4653 35 36 4732
4583 3 2 1 2 144 4654 4733 145
4584 3 2 1 2 4654 4655 4734 4733
4585 3 2 1 2 4655 4656 4735 4734
4586 3 2 1 2 4656 4657 4736 4735
4587 3 2 1 2 4657 4658 4737 4736
4588 3 2 1 2 4658 4659 4738 4737
4589 3 2 1 2 4659 4660 4739 4738
4590 3 2 1 2 4660 4661 4740 4739
4591 3 2 1 2 4661 4662 4741 4740
4592 3 2 1 2 4662 4663 4742 4741
4593 3 2 1 2 4663 4664 4743 4742
4594 3 2 1 2 4664 4665 4744 4743
4595 3 2 1 2 4665 4666 4745 4744
4596 3 2 1 2 4666 4667 4746 4745
4597 3 2 1 2 4667 4668 4747 4746
4598 3 2 1 2 4668 4669 4748 4747
4599 3 2 1 2 4669 4670 4749 4748
4600 3 2 1 2 4670 4671 4750 4749
4601 3 2 1 2 4671 4672 4751 4750
4602 3 2 1 2 4672 4673 4752 4751
4603 3 2 1 2 4673 4674 4753 4752
4604 3 2 1 2 4674 4675 4754 4753
4605 3 2 1 2 4675 4676 4755 4754
4606 3 2 1 2 4676 4677 4756 4755
4607 3 2 1 2 4677 4678 4757 4756
4608 3 2 1 2 4678 4679 4758 4757
4609 3 2 1 2 4679 4680 4759 4758
4610 3 2 1 2 4680 4681 4760 4759
4611 3 2 1 2 4681 4682 4761 4760
4612 3 2 1 2 4682 4683 4762 4761
4613 3 2 1 2 4683 4684 4763 4762
4614 3 2 1 2 4684 4685 4764 4763
4615 3 2 1 2 4685 4686 4765 4764
4616 3 2 1 2 4686 4687 4766 4765
4617 3 2 1 2 4687 4688 4767 4766
4618 3 2 1 2 4688 4689 4768 4767
4619 3 2 1 2 4689 4690 4769 4768
4620 3 2 1 2 4690 4691 4770 4769
4621 3 2 1 2 4691 4692 4771 4770
4622 3 2 1 2 4692 4693 4772 4771
4623 3 2 1 2 4693 4694 4773 4772
4624 3 2 1 2 4694 4695 4774 4773
4625 3 2 1 2 4695 4696 4775 4774
4626 3 2 1 2 4696 4697 4776 4775
4627 3 2 1 2 4697 4698 4777 4776
4628 3 2 1 2 4698 4699 4778 4777
4629 3 2 1 2 4699 4700 4779 4778
4630 3 2 1 2 4700 4701 4780 4779
4631 3 2 1 2 4701 4702 4781 4780
4632 3 2 1 2 4702 4703 4782 4781
4633 3 2 1 2 4703 4704 4783 4782
4634 3 2 1 2 4704 4705 4784 4783
4635 3 2 1 2 4705 4706 4785 4784
4636 3 2 1 2 4706 4707 4786 4785
4637 3 2 1 2 4707 4708 4787 4786
4638 3 2 1 2 4708 4709 4788 4787
4639 3 2 1 2 4709 4710 4789 4788
4640 3 2 1 2 4710 4711 4790 4789
4641 3 2 1 2 4711 4712 4791 4790
4642 3 2 1 2 4712 4713 4792 4791
4643 3 2 1 2 4713 4714 4793 4792
4644 3 2 1 2 4714 4715 4794 4793
4645 3 2 1 2 4715 4716 4795 4794
4646 3 2 1 2 4716 4717 4796 4795
4647 3 2 1 2 4717 4718 4797 4796
4648 3 2 1 2 4718 4719 4798 4797
4649 3 2 1 2 4719 4720 4799 4798
4650 3 2 1 2 4720 4721 4800 4799
4651 3 2 1 2 4721 4722 4801 4800
4652 3 2 1 2 4722 4723 4802 4801
4653 3 2 1 2 4723 4724 4803 4802
4654 3 2 1 2 4724 4725 4804 4803
4655 3 2 1 2 4725 4726 4805 4804
4656 3 2 1 2 4726 4727 4806 4805
4657 3 2 1 2 4727 4728 4807 4806
4658 3 2 1 2 4728 4729 4808 4807
4659 3 2 1 2 4729 4730 4809 4808
4660 3 2 1 2 4730 4731 4810 4809
4661 3 2 1 2 4731 4732 4811 4810
4662 3 2 1 2 4732 36 37 4811
4663 3 2 1 2 145 4733 4812 146
4664 3 2 1 2 4733 4734 4813 4812
4665 3 2 1 2 4734 4735 4814 4813
4666 3 2 1 2 4735 4736 4815 4814
4667 3 2 1 2 4736 4737 4816 4815
4668 3 2 1 2 4737 4738 4817 4816
4669 3 2 1 2 4738 4739 4818 4817
4670 3 2 1 2 4739 4740 4819 4818
4671 3 2 1 2 4740 4741 4820 4819
4672 3 2 1 2 4741 4742 4821 4820
4673 3 2 1 2 4742 4743 4822 4821
4674 3 2 1 2 4743 4744 4823 4822
4675 3 2 1 2 4744 4745 4824 4823
4676 3 2 1 2 4745 4746 4825 4824
4677 3 2 1 2 4746 4747 4826 4825
4678 3 2 1 2 4747 4748 4827 4826
4679 3 2 1 2 4748 4749 4828 4827
4680 3 2 1 2 4749 4750 4829 4828
4681 3 2 1 2 4750 4751 4830 4829
4682 3 2 1 2 4751 4752 4831 4830
4683 3 2 1 2 4752 4753 4832 4831
4684 3 2 1 2 4753 4754 4833 4832
4685 3 2 1 2 4754 4755 4834 4833
4686 3 2 1 2 4755 4756 4835 4834
4687 3 2 1 2 4756 4757 4836 4835
4688 3 2 1 2 4757 4758 4837 4836
4689 3 2 1 2 4758 4759 4838 4837
4690 3 2 1 2 4759 4760 4839 4838
4691 3 2 1 2 4760 4761 4840 4839
4692 3 2 1 2 4761 4762 4841 4840
4693 3 2 1 2 4762 4763 4842 4841
4694 3 2 1 2 4763 4764 4843 4842
4695 3 2 1 2 4764 4765 4844 4843
4696 3 2 1 2 4765 4766 4845 4844
4697 3 2 1 2 4766 4767 4846 4845
4698 3 2 1 2 4767 4768 4847 4846
4699 3 2 1 2 4768 4769 4848 4847
4700 3 2 1 2 4769 4770 4849 4848
4701 3 2 1 2 4770 4771 4850 4849
4702 3 2 1 2 4771 4772 4851 4850
4703 3 2 1 2 4772 4773 4852 4851
4704 3 2 1 2 4773 4774 4853 4852
4705 3 2 1 2 4774 4775 4854 4853
4706 3 2 1 2 4775 4776 4855 4854
4707 3 2 1 2 4776 4777 4856 4855
4708 3 2 1 2 4777 4778 4857 4856
4709 3 2 1 2 4778 4779 4858 4857
4710 3 2 1 2 4779 4780 4859 4858
4711 3 2 1 2 4780 4781 4860 4859
4712 3 2 1 2 4781 4782 4861 4860
4713 3 2 1 2 4782 4783 4862 4861
4714 3 2 1 2 4783 4784 4863 4862
4715 3 2 1 2 4784 4785 4864 4863
4716 3 2 1 2 4785 4786 4865 4864
4717 3 2 1 2 4786 4787 4866 4865
4718 3 2 1 2 4787 4788 4867 4866
4719 3 2 1 2 4788 4789 4868 4867
4720 3 2 1 2 4789 4790 4869 4868
4721 3 2 1 2 4790 4791 4870 4869
4722 3 2 1 2 4791 4792 4871 4870
4723 3 2 1 2 4792 4793 4872 4871
4724 3 2 1 2 4793 4794 4873 4872
4725 3 2 1 2 4794 4795 4874 4873
4726 3 2 1 2 4795 4796 4875 4874
4727 3 2 1 2 4796 4797 4876 4875
4728 3 2 1 2 4797 4798 4877 4876
4729 3 2 1 2 4798 4799 4878 4877
4730 3 2 1 2 4799 4800 4879 4878
4731 3 2 1 2 4800 4801 4880 4879
4732 3 2 1 2 4801 4802 4881 4880
4733 3 2 1 2 4802 4803 4882 4881
4734 3 2 1 2 4803 4804 4883 4882
4735 3 2 1 2 4804 4805 4884 4883
4736 3 2 1 2 4805 4806 4885 4884
4737 3 2 1 2 4806 4807 4886 4885
4738 3 2 1 2 4807 4808 4887 4886
4739 3 2 1 2 4808 4809 4888 4887
4740 3 2 1 2 4809 4810 4889 4888
4741 3 2 1 2 4810 4811 4890 4889
4742 3 2 1 2 4811 37 38 4890
4743 3 2 1 2 146 4812 4891 147
4744 3 2 1 2 4812 4813 4892 4891
4745 3 2 1 2 4813 4814 4893 4892
4746 3 2 1 2 4814 4815 4894 4893
4747 3 2 1 2 4815 4816 4895 4894
4748 3 2 1 2 4816 4817 4896 4895
4749 3 2 1 2 4817 4818 4897 4896
4750 3 2 1 2 4818 4819 4898 4897
4751 3 2 1 2 4819 4820 4899 4898
4752 3 2 1 2 4820 4821 4900 4899
4753 3 2 1 2 4821 4822 4901 4900
4754 3 2 1 2 4822 4823 4902 4901
4755 3 2 1 2 4823 4824 4903 4902
4756 3 2 1 2 4824 4825 4904 4903
4757 3 2 1 2 4825 4826 4905 4904
4758 3 2 1 2 4826 4827 4906 4905
4759 3 2 1 2 4827 4828 4907 4906
4760 3 2 1 2 4828 4829 4908 4907
4761 3 2 1 2 4829 4830 4909 4908
4762 3 2 1 2 4830 4831 4910 4909
4763 3 2 1 2 4831 4832 4911 4910
4764 3 2 1 2 4832 4833 4912 4911
4765 3 2 1 2 4833 4834 4913 4912
4766 3 2 1 2 4834 4835 4914 4913
4767 3 2 1 2 4835 4836 4915 4914
4768 3 2 1 2 4836 4837 4916 4915
4769 3 2 1 2 4837 4838 4917 4916
4770 3 2 1 2 4838 4839 4918 4917
4771 3 2 1 2 4839 4840 4919 4918
4772 3 2 1 2 4840 4841 4920 4919
4773 3 2 1 2 4841 4842 4921 4920
4774 3 2 1 2 4842 4843 4922 4921
4775 3 2 1 2 4843 4844 4923 4922
4776 3 2 1 2 4844 4845 4924 4923
4777 3 2 1 2 4845 4846 4925 4924
4778 3 2 1 2 4846 4847 4926 4925
4779 3 2 1 2 4847 4848 4927 4926
4780 3 2 1 2 4848 4849 4928 4927
4781 3 2 1 2 4849 4850 4929 4928
4782 3 2 1 2 4850 4851 4930 4929
4783 3 2 1 2 4851 4852 4931 4930
4784 3 2 1 2 4852 4853 4932 4931
4785 3 2 1 2 4853 4854 4933 4932
4786 3 2 1 2 4854 4855 4934 4933
4787 3 2 1 2 4855 4856 4935 4934
4788 3 2 1 2 4856 4857 4936 4935
4789 3 2 1 2 4857 4858 4937 4936
4790 3 2 1 2 4858 4859 4938 4937
4791 3 2 1 2 4859 4860 4939 4938
4792 3 2 1 2 4860 4861 4940 4939
4793 3 2 1 2 4861 4862 4941 4940
4794 3 2 1 2 4862 4863 4942 4941
4795 3 2 1 2 4863 4864 4943 4942
4796 3 2 1 2 4864 4865 4944 4943
4797 3 2 1 2 4865 4866 4945 4944
4798 3 2 1 2 4866 4867 4946 4945
4799 3 2 1 2 4867 4868 4947 4946
4800 3 2 1 2 4868 4869 4948 4947
4801 3 2 1 2 4869 4870 4949 4948
4802 3 2 1 2 4870 4871 4950 4949
4803 3 2 1 2 4871 4872 4951 4950
4804 3 2 1 2 4872 4873 4952 4951
4805 3 2 1 2 4873 4874 4953 4952
4806 3 2 1 2 4874 4875 4954 4953
4807 3 2 1 2 4875 4876 4955 4954
4808 3 2 1 2 4876 4877 4956 4955
4809 3 2 1 2 4877 4878 4957 4956
4810 3 2 1 2 4878 4879 4958 4957
4811 3 2 1 2 4879 4880 4959 4958
4812 3 2 1 2 4880 4881 4960 4959
4813 3 2 1 2 4881 4882 4961 4960
4814 3 2 1 2 4882 4883 4962 4961
4815 3 2 1 2 4883 4884 4963 4962
4816 3 2 1 2 4884 4885 4964 4963
4817 3 2 1 2 4885 4886 4965 4964
4818 3 2 1 2 4886 4887 4966 4965
4819 3 2 1 2 4887 4888 4967 4966
4820 3 2 1 2 4888 4889 4968 4967
4821 3 2 1 2 4889 4890 4969 4968
4822 3 2 1 2 4890 38 39 4969
4823 3 2 1 2 147 4891 4970 148
4824 3 2 1 2 4891 4892 4971 4970
4825 3 2 1 2 4892 4893 4972 4971
4826 3 2 1 2 4893 4894 4973 4972
4827 3 2 1 2 4894 4895 4974 4973
4828 3 2 1 2 4895 4896 4975 4974
4829 3 2 1 2 4896 4897 4976 4975
4830 3 2 1 2 4897 4898 4977 4976
4831 3 2 1 2 4898 4899 4978 4977
4832 3 2 1 2 4899 4900 4979 4978
4833 3 2 1 2 4900 4901 4980 4979
4834 3 2 1 2 4901 4902 4981 4980
4835 3 2 1 2 4902 4903 4982 4981
4836 3 2 1 2 4903 4904 4983 4982
4837 3 2 1 2 4904 4905 4984 4983
4838 3 2 1 2 4905 4906 4985 4984
4839 3 2 1 2 4906 4907 4986 4985
4840 3 2 1 2 4907 4908 4987 4986
4841 3 2 1 2 4908 4909 4988 4987
4842 3 2 1 2 4909 4910 4989 4988
4843 3 2 1 2 4910 4911 4990 4989
4844 3 2 1 2 4911 4912 4991 4990
4845 3 2 1 2 4912 4913 4992 4991
4846 3 2 1 2 4913 4914 4993 4992
4847 3 2 1 2 4914 4915 4994 4993
4848 3 2 1 2 4915 4916 4995 4994
4849 3 2 1 2 4916 4917 4996 4995
4850 3 2 1 2 4917 4918 4997 4996
4851 3 2 1 2 4918 4919 4998 4997
4852 3 2 1 2 4919 4920 4999 4998
4853 3 2 1 2 4920 4921 5000 4999
4854 3 2 1 2 4921 4922 5001 5000
4855 3 2 1 2 4922 4923 5002 5001
4856 3 2 1 2 4923 4924 5003 5002
4857 3 2 1 2 4924 4925 5004 5003
4858 3 2 1 2 4925 4926 5005 5004
4859 3 2 1 2 4926 4927 5006 5005
4860 3 2 1 2 4927 4928 5007 5006
4861 3 2 1 2 4928 4929 5008 5007
4862 3 2 1 2 4929 4930 5009 5008
4863 3 2 1 2 4930 4931 5010 5009
4864 3 2 1 2 4931 4932 5011 5010
4865 3 2 1 2 4932 4933 5012 5011
4866 3 2 1 2 4933 4934 5013 5012
4867 3 2 1 2 4934 4935 5014 5013
4868 3 2 1 2 4935 4936 5015 5014
4869 3 2 1 2 4936 4937 5016 5015
4870 3 2 1 2 4937 4938 5017 5016
4871 3 2 1 2 4938 4939 5018 5017
4872 3 2 1 2 4939 4940 5019 5018
4873 3 2 1 2 4940 4941 5020 5019
4874 3 2 1 2 4941 4942 5021 5020
4875 3 2 1 2 4942 4943 5022 5021
4876 3 2 1 2 4943 4944 5023 5022
4877 3 2 1 2 4944 4945 5024 5023
4878 3 2 1 2 4945 4946 5025 5024
4879 3 2 1 2 4946 4947 5026 5025
4880 3 2 1 2 4947 4948 5027 5026
4881 3 2 1 2 4948 4949 5028 5027
4882 3 2 1 2 4949 4950 5029 5028
4883 3 2 1 2 4950 4951 5030 5029
4884 3 2 1 2 4951 4952 5031 5030
4885 3 2 1 2 4952 4953 5032 5031
4886 3 2 1 2 4953 4954 5033 5032
4887 3 2 1 2 4954 4955 5034 5033
4888 3 2 1 2 4955 4956 5035 5034
4889 3 2 1 2 4956 4957 5036 5035
4890 3 2 1 2 4957 4958 5037 5036
4891 3 2 1 2 4958 4959 5038 5037
4892 3 2 1 2 4959 4960 5039 5038
4893 3 2 1 2 4960 4961 5040 5039
4894 3 2 1 2 4961 4962 5041 5040
4895 3 2 1 2 4962 4963 5042 5041
4896 3 2 1 2 4963 4964 5043 5042
4897 3 2 1 2 4964 4965 5044 5043
4898 3 2 1 2 4965 4966 5045 5044
4899 3 2 1 2 4966 4967 5046 5045
4900 3 2 1 2 4967 4968 5047 5046
4901 3 2 1 2 4968 4969 5048 5047
4902 3 2 1 2 4969 39 40 5048
4903 3 2 1 2 148 4970 5049 149
4904 3 2 1 2 4970 4971 5050 5049
4905 3 2 1 2 4971 4972 5051 5050
4906 3 2 1 2 4972 4973 5052 5051
4907 3 2 1 2 4973 4974 5053 5052
4908 3 2 1 2 4974 4975 5054 5053
4909 3 2 1 2 4975 4976 5055 5054
4910 3 2 1 2 4976 4977 5056 5055
4911 3 2 1 2 4977 4978 5057 5056
4912 3 2 1 2 4978 4979 5058 5057
4913 3 2 1 2 4979 4980 5059 5058
4914 3 2 1 2 4980 4981 5060 5059
4915 3 2 1 2 4981 4982 5061 5060
4916 3 2 1 2 4982 4983 5062 5061
4917 3 2 1 2 4983 4984 5063 5062
4918 3 2 1 2 4984 4985 5064 5063
4919 3 2 1 2 4985 4986 5065 5064
4920 3 2 1 2 4986 4987 5066 5065
4921 3 2 1 2 4987 4988 5067 5066
4922 3 2 1 2 4988 4989 5068 5067
4923 3 2 1 2 4989 4990 5069 5068
4924 3 2 1 2 4990 4991 5070 5069
4925 3 2 1 2 4991 4992 5071 5070
4926 3 2 1 2 4992 4993 5072 5071
4927 3 2 1 2 4993 4994 5073 5072
4928 3 2 1 2 4994 4995 5074 5073
4929 3 2 1 2 4995 4996 5075 5074
4930 3 2 1 2 4996 4997 5076 5075
4931 3 2 1 2 4997 4998 5077 5076
4932 3 2 1 2 4998 4999 5078 5077
4933 3 2 1 2 4999 5000 5079 5078
4934 3 2 1 2 5000 5001 5080 5079
4935 3 2 1 2 5001 5002 5081 5080
4936 3 2 1 2 5002 5003 5082 5081
4937 3 2 1 2 5003 5004 5083 5082
4938 3 2 1 2 5004 5005 5084 5083
4939 3 2 1 2 5005 5006 5085 5084
4940 3 2 1 2 5006 5007 5086 5085
4941 3 2 1 2 5007 5008 5087 5086
4942 3 2 1 2 5008 5009 5088 5087
4943 3 2 1 2 5009 5010 5089 5088
4944 3 2 1 2 5010 5011 5090 5089
4945 3 2 1 2 5011 5012 5091 5090
4946 3 2 1 2 5012 5013 5092 5091
4947 3 2 1 2 5013 5014 5093 5092
4948 3 2 1 2 5014 5015 5094 5093
4949 3 2 1 2 5015 5016 5095 5094
4950 3 2 1 2 5016 5017 5096 5095
4951 3 2 1 2 5017 5018 5097 5096
4952 3 2 1 2 5018 5019 5098 5097
4953 3 2 1 2 5019 5020 5099 5098
4954 3 2 1 2 5020 5021 5100 5099
4955 3 2 1 2 5021 5022 5101 5100
4956 3 2 1 2 5022 5023 5102 5101
4957 3 2 1 2 5023 5024 5103 5102
4958 3 2 1 2 5024 5025 5104 5103
4959 3 2 1 2 5025 5026 5105 5104
4960 3 2 1 2 5026 5027 5106 5105
4961 3 2 1 2 5027 5028 5107 5106
4962 3 2 1 2 5028 5029 5108 5107
4963 3 2 1 2 5029 5030 5109 5108
4964 3 2 1 2 5030 5031 5110 5109
4965 3 2 1 2 5031 5032 5111 5110
4966 3 2 1 2 5032 5033 5112 5111
4967 3 2 1 2 5033 5034 5113 5112
4968 3 2 1 2 5034 5035 5114 5113
4969 3 2 1 2 5035 5036 5115 5114
4970 3 2 1 2 5036 5037 5116 5115
4971 3 2 1 2 5037 5038 5117 5116
4972 3 2 1 2 5038 5039 5118 5117
4973 3 2 1 2 5039 5040 5119 5118
4974 3 2 1 2 5040 5041 5120 5119
4975 3 2 1 2 5041 5042 5121 5120
4976 3 2 1 2 5042 5043 5122 5121
4977 3 2 1 2 5043 5044 5123 5122
4978 3 2 1 2 5044 5045 5124 5123
4979 3 2 1 2 5045 5046 5125 5124
4980 3 2 1 2 5046 5047 5126 5125
4981 3 2 1 2 5047 5048 5127 5126
4982 3 2 1 2 5048 40 41 5127
4983 3 2 1 2 149 5049 5128 150
4984 3 2 1 2 5049 5050 5129 5128
4985 3 2 1 2 5050 5051 5130 5129
4986 3 2 1 2 5051 5052 5131 5130
4987 3 2 1 2 5052 5053 5132 5131
4988 3 2 1 2 5053 5054 5133 5132
4989 3 2 1 2 5054 5055 5134 5133
4990 3 2 1 2 5055 5056 5135 5134
4991 3 2 1 2 5056 5057 5136 5135
4992 3 2 1 2 5057 5058 5137 5136
4993 3 2 1 2 5058 5059 5138 5137
4994 3 2 1 2 5059 5060 5139 5138
4995 3 2 1 2 5060 5061 5140 5139
4996 3 2 1 2 5061 5062 5141 5140
4997 3 2 1 2 5062 5063 5142 5141
4998 3 2 1 2 5063 5064 5143 5142
4999 3 2 1 2 5064 5065 5144 5143
5000 3 2 1 2 5065 5066 5145 5144
5001 3 2 1 2 5066 5067 5146 5145
5002 3 2 1 2 5067 5068 5147 5146
5003 3 2 1 2 5068 5069 5148 5147
5004 3 2 1 2 5069 5070 5149 5148
5005 3 2 1 2 5070 5071 5150 5149
5006 3 2 1 2 5071 5072 5151 5150
5007 3 2 1 2 5072 5073 5152 5151
5008 3 2 1 2 5073 5074 5153 5152
5009 3 2 1 2 5074 5075 5154 5153
5010 3 2 1 2 5075 5076 5155 5154
5011 3 2 1 2 5076 5077 5156 5155
5012 3 2 1 2 5077 5078 5157 5156
5013 3 2 1 2 5078 5079 5158 5157
5014 3 2 1 2 5079 5080 5159 5158
5015 3 2 1 2 5080 5081 5160 5159
5016 3 2 1 2 5081 5082 5161 5160
5017 3 2 1 2 5082 5083 5162 5161
5018 3 2 1 2 5083 5084 5163 5162
5019 3 2 1 2 5084 5085 5164 5163
5020 3 2 1 2 5085 5086 5165 5164
5021 3 2 1 2 5086 5087 5166 5165
5022 3 2 1 2 5087 5088 5167 5166
5023 3 2 1 2 5088 5089 5168 5167
5024 3 2 1 2 5089 5090 5169 5168
5025 3 2 1 2 5090 5091 5170 5169
5026 3 2 1 2 5091 5092 5171 5170
5027 3 2 1 2 5092 5093 5172 5171
5028 3 2 1 2 5093 5094 5173 5172
5029 3 2 1 2 5094 5095 5174 5173
5030 3 2 1 2 5095 5096 5175 5174
5031 3 2 1 2 5096 5097 5176 5175
5032 3 2 1 2 5097 5098 5177 5176
5033 3 2 1 2 5098 5099 5178 5177
5034 3 2 1 2 5099 5100 5179 5178
5035 3 2 1 2 5100 5101 5180 5179
5036 3 2 1 2 5101 5102 5181 5180
5037 3 2 1 2 5102 5103 5182 5181
5038 3 2 1 2 5103 5104 5183 5182
5039 3 2 1 2 5104 5105 5184 5183
5040 3 2 1 2 5105 5106 5185 5184
5041 3 2 1 2 5106 5107 5186 5185
5042 3 2 1 2 5107 5108 5187 5186
5043 3 2 1 2 5108 5109 5188 5187
5044 3 2 1 2 5109 5110 5189 5188
5045 3 2 1 2 5110 5111 5190 5189
5046 3 2 1 2 5111 5112 5191 5190
5047 3 2 1 2 5112 5113 5192 5191
5048 3 2 1 2 5113 5114 5193 5192
5049 3 2 1 2 5114 5115 5194 5193
5050 3 2 1 2 5115 5116 5195 5194
5051 3 2 1 2 5116 5117 5196 5195
5052 3 2 1 2 5117 5118 5197 5196
5053 3 2 1 2 5118 5119 5198 5197
5054 3 2 1 2 5119 5120 5199 5198
5055 3 2 1 2 5120 5121 5200 5199
5056 3 2 1 2 5121 5122 5201 5200
5057 3 2 1 2 5122 5123 5202 5201
5058 3 2 1 2 5123 5124 5203 5202
5059 3 2 1 2 5124 5125 5204 5203
5060 3 2 1 2 5125 5126 5205 5204
5061 3 2 1 2 5126 5127 5206 5205
5062 3 2 1 2 5127 41 42 5206
5063 3 2 1 2 150 5128 5207 151
5064 3 2 1 2 5128 5129 5208 5207
5065 3 2 1 2 5129 5130 5209 5208
5066 3 2 1 2 5130 5131 5210 5209
5067 3 2 1 2 5131 5132 5211 5210
5068 3 2 1 2 5132 5133 5212 5211
5069 3 2 1 2 5133 5134 5213 5212
5070 3 2 1 2 5134 5135 5214 5213
5071 3 2 1 2 5135 5136 5215 5214
5072 3 2 1 2 5136 5137 5216 5215
5073 3 2 1 2 5137 5138 5217 5216
5074 3 2 1 2 5138 5139 5218 5217
5075 3 2 1 2 5139 5140 5219 5218
5076 3 2 1 2 5140 5141 5220 5219
5077 3 2 1 2 5141 5142 5221 5220
5078 3 2 1 2 5142 5143 5222 5221
5079 3 2 1 2 5143 5144 5223 5222
5080 3 2 1 2 5144 5145 5224 5223
5081 3 2 1 2 5145 5146 5225 5224
5082 3 2 1 2 5146 5147 5226 5225
5083 3 2 1 2 5147 5148 5227 5226
5084 3 2 1 2 5148 5149 5228 5227
5085 3 2 1 2 5149 5150 5229 5228
5086 3 2 1 2 5150 5151 5230 5229
5087 3 2 1 2 5151 5152 5231 5230
5088 3 2 1 2 5152 5153 5232 5231
5089 3 2 1 2 5153 5154 5233 5232
5090 3 2 1 2 5154 5155 5234 5233
5091 3 2 1 2 5155 5156 5235 5234
5092 3 2 1 2 5156 5157 5236 5235
5093 3 2 1 2 5157 5158 5237 5236
5094 3 2 1 2 5158 5159 5238 5237
5095 3 2 1 2 5159 5160 5239 5238
5096 3 2 1 2 5160 5161 5240 5239
5097 3 2 1 2 5161 5162 5241 5240
5098 3 2 1 2 5162 5163 5242 5241
5099 3 2 1 2 5163 5164 5243 5242
5100 3 2 1 2 5164 5165 5244 5243
5101 3 2 1 2 5165 5166 5245 5244
5102 3 2 1 2 5166 5167 5246 5245
5103 3 2 1 2 5167 5168 5247 5246
5104 3 2 1 2 5168 5169 5248 5247
5105 3 2 1 2 5169 5170 5249 5248
5106 3 2 1 2 5170 5171 5250 5249
5107 3 2 1 2 5171 5172 5251 5250
5108 3 2 1 2 5172 5173 5252 5251
5109 3 2 1 2 5173 5174 5253 5252
5110 3 2 1 2 5174 5175 5254 5253
5111 3 2 1 2 5175 5176 5255 5254
5112 3 2 1 2 5176 5177 5256 5255
5113 3 2 1 2 5177 5178 5257 5256
5114 3 2 1 2 5178 5179 5258 5257
5115 3 2 1 2 5179 5180 5259 5258
5116 3 2 1 2 5180 5181 5260 5259
5117 3 2 1 2 5181 5182 5261 5260
5118 3 2 1 2 5182 5183 5262 5261
5119 3 2 1 2 5183 5184 5263 5262
5120 3 2 1 2 5184 5185 5264 5263
5121 3 2 1 2 5185 5186 5265 5264
5122 3 2 1 2 5186 5187 5266 5265
5123 3 2 1 2 5187 5188 5267 5266
5124 3 2 1 2 5188 5189 5268 5267
5125 3 2 1 2 5189 5190 5269 5268
5126 3 2 1 2 5190 5191 5270 5269
5127 3 2 1 2 5191 5192 5271 5270
5128 3 2 1 2 5192 5193 5272 5271
5129 3 2 1 2 5193 5194 5273 5272
5130 3 2 1 2 5194 5195 5274 5273
5131 3 2 1 2 5195 5196 5275 5274
5132 3 2 1 2 5196 5197 5276 5275
5133 3 2 1 2 5197 5198 5277 5276
5134 3 2 1 2 5198 5199 5278 5277
5135 3 2 1 2 5199 5200 5279 5278
5136 3 2 1 2 5200 5201 5280 5279
5137 3 2 1 2 5201 5202 5281 5280
5138 3 2 1 2 5202 5203 5282 5281
5139 3 2 1 2 5203 5204 5283 5282
5140 3 2 1 2 5204 5205 5284 5283
5141 3 2 1 2 5205 5206 5285 5284
5142 3 2 1 2 5206 42 43 5285
5143 3 2 1 2 151 5207 5286 152
5144 3 2 1 2 5207 5208 5287 5286
5145 3 2 1 2 5208 5209 5288 5287
5146 3 2 1 2 5209 5210 5289 5288
5147 3 2 1 2 5210 5211 5290 5289
5148 3 2 1 2 5211 5212 5291 5290
5149 3 2 1 2 5212 5213 5292 5291
5150 3 2 1 2 5213 5214 5293 5292
5151 3 2 1 2 5214 5215 5294 5293
5152 3 2 1 2 5215 5216 5295 5294
5153 3 2 1 2 5216 5217 5296 5295
5154 3 2 1 2 5217 5218 5297 5296
5155 3 2 1 2 5218 5219 5298 5297
5156 3 2 1 2 5219 5220 5299 5298
5157 3 2 1 2 5220 5221 5300 5299
5158 3 2 1 2 5221 5222 5301 5300
5159 3 2 1 2 5222 5223 5302 5301
5160 3 2 1 2 5223 5224 5303 5302
5161 3 2 1 2 5224 5225 5304 5303
5162 3 2 1 2 5225 5226 5305 5304
5163 3 2 1 2 5226 5227 5306 5305
5164 3 2 1 2 5227 5228 5307 5306
5165 3 2 1 2 5228 5229 5308 5307
5166 3 2 1 2 5229 5230 5309 5308
5167 3 2 1 2 5230 5231 5310 5309
5168 3 2 1 2 5231 5232 5311 5310
5169 3 2 1 2 5232 5233 5312 5311
5170 3 2 1 2 5233 5234 5313 5312
5171 3 2 1 2 5234 5235 5314 5313
5172 3 2 1 2 5235 5236 5315 5314
5173 3 2 1 2 5236 5237 5316 5315
5174 3 2 1 2 5237 5238 5317 5316
5175 3 2 1 2 5238 5239 5318 5317
5176 3 2 1 2 5239 5240 5319 5318
5177 3 2 1 2 5240 5241 5320 5319
5178 3 2 1 2 5241 5242 5321 5320
5179 3 2 1 2 5242 5243 5322 5321
5180 3 2 1 2 5243 5244 5323 5322
5181 3 2 1 2 5244 5245 5324 5323
5182 3 2 1 2 5245 5246 5325 5324
5183 3 2 1 2 5246 5247 5326 5325
5184 3 2 1 2 5247 5248 5327 5326
5185 3 2 1 2 5248 5249 5328 5327
5186 3 2 1 2 5249 5250 5329 5328
5187 3 2 1 2 5250 5251 5330 5329
5188 3 2 1 2 5251 5252 5331 5330
5189 3 2 1 2 5252 5253 5332 5331
5190 3 2 1 2 5253 5254 5333 5332
5191 3 2 1 2 5254 5255 5334 5333
5192 3 2 1 2 5255 5256 5335 5334
5193 3 2 1 2 5256 5257 5336 5335
5194 3 2 1 2 5257 5258 5337 5336
5195 3 2 1 2 5258 5259 5338 5337
5196 3 2 1 2 5259 5260 5339 5338
5197 3 2 1 2 5260 5261 5340 5339
5198 3 2 1 2 5261 5262 5341 5340
5199 3 2 1 2 5262 5263 5342 5341
5200 3 2 1 2 5263 5264 5343 5342
5201 3 2 1 2 5264 5265 5344 5343
5202 3 2 1 2 5265 5266 5345 5344
5203 3 2 1 2 5266 5267 5346 5345
5204 3 2 1 2 5267 5268 5347 5346
5205 3 2 1 2 5268 5269 5348 5347
5206 3 2 1 2 5269 5270 5349 5348
5207 3 2 1 2 5270 5271 5350 5349
5208 3 2 1 2 5271 5272 5351 5350
5209 3 2 1 2 5272 5273 5352 5351
5210 3 2 1 2 5273 5274 5353 5352
5211 3 2 1 2 5274 5275 5354 5353
5212 3 2 1 2 5275 5276 5355 5354
5213 3 2 1 2 5276 5277 5356 5355
5214 3 2 1 2 5277 5278 5357 5356
5215 3 2 1 2 5278 5279 5358 5357
5216 3 2 1 2 5279 5280 5359 5358
5217 3 2 1 2 5280 5281 5360 5359
5218 3 2 1 2 5281 5282 5361 5360
5219 3 2 1 2 5282 5283 5362 5361
5220 3 2 1 2 5283 5284 5363 5362
5221 3 2 1 2 5284 5285 5364 5363
5222 3 2 1 2 5285 43 44 5364
5223 3 2 1 2 152 5286 5365 153
5224 3 2 1 2 5286 5287 5366 5365
5225 3 2 1 2 5287 5288 5367 5366
5226 3 2 1 2 5288 5289 5368 5367
5227 3 2 1 2 5289 5290 5369 5368
5228 3 2 1 2 5290 5291 5370 5369
5229 3 2 1 2 5291 5292 5371 5370
5230 3 2 1 2 5292 5293 5372 5371
5231 3 2 1 2 5293 5294 5373 5372
5232 3 2 1 2 5294 5295 5374 5373
5233 3 2 1 2 5295 5296 5375 5374
5234 3 2 1 2 5296 5297 5376 5375
5235 3 2 1 2 5297 5298 5377 5376
5236 3 2 1 2 5298 5299 5378 5377
5237 3 2 1 2 5299 5300 5379 5378
5238 3 2 1 2 5300 5301 5380 5379
5239 3 2 1 2 5301 5302 5381 5380
5240 3 2 1 2 5302 5303 5382 5381
5241 3 2 1 2 5303 5304 5383 5382
5242 3 2 1 2 5304 5305 5384 5383
5243 3 2 1 2 5305 5306 5385 5384
5244 3 2 1 2 5306 5307 5386 5385
5245 3 2 1 2 5307 5308 5387 5386
5246 3 2 1 2 5308 5309 5388 5387
5247 3 2 1 2 5309 5310 5389 5388
5248 3 2 1 2 5310 5311 5390 5389
5249 3 2 1 2 5311 5312 5391 5390
5250 3 2 1 2 5312 5313 5392 5391
5251 3 2 1 2 5313 5314 5393 5392
5252 3 2 1 2 5314 5315 5394 5393
5253 3 2 1 2 5315 5316 5395 5394
5254 3 2 1 2 5316 5317 5396 5395
5255 3 2 1 2 5317 5318 5397 5396
5256 3 2 1 2 5318 5319 5398 5397
5257 3 2 1 2 5319 5320 5399 5398
5258 3 2 1 2 5320 5321 5400 5399
5259 3 2 1 2 5321 5322 5401 5400
5260 3 2 1 2 5322 5323 5402 5401
5261 3 2 1 2 5323 5324 5403 5402
5262 3 2 1 2 5324 5325 5404 5403
5263 3 2 1 2 5325 5326 5405 5404
5264 3 2 1 2 5326 5327 5406 5405
5265 3 2 1 2 5327 5328 5407 5406
5266 3 2 1 2 5328 5329 5408 5407
5267 3 2 1 2 5329 5330 5409 5408
5268 3 2 1 2 5330 5331 5410 5409
5269 3 2 1 2 5331 5332 5411 5410
5270 3 2 1 2 5332 5333 5412 5411
5271 3 2 1 2 5333 5334 5413 5412
5272 3 2 1 2 5334 5335 5414 5413
5273 3 2 1 2 5335 5336 5415 5414
5274 3 2 1 2 5336 5337 5416 5415
5275 3 2 1 2 5337 5338 5417 5416
5276 3 2 1 2 5338 5339 5418 5417
5277 3 2 1 2 5339 5340 5419 5418
5278 3 2 1 2 5340 5341 5420 5419
5279 3 2 1 2 5341 5342 5421 5420
5280 3 2 1 2 5342 5343 5422 5421
5281 3 2 1 2 5343 5344 5423 5422
5282 3 2 1 2 5344 5345 5424 5423
5283 3 2 1 2 5345 5346 5425 5424
5284 3 2 1 2 5346 5347 5426 5425
5285 3 2 1 2 5347 5348 5427 5426
5286 3 2 1 2 5348 5349 5428 5427
5287 3 2 1 2 5349 5350 5429 5428
5288 3 2 1 2 5350 5351 5430 5429
5289 3 2 1 2 5351 5352 5431 5430
5290 3 2 1 2 5352 5353 5432 5431
5291 3 2 1 2 5353 5354 5433 5432
5292 3 2 1 2 5354 5355 5434 5433
5293 3 2 1 2 5355 5356 5435 5434
5294 3 2 1 2 5356 5357 5436 5435
5295 3 2 1 2 5357 5358 5437 5436
5296 3 2 1 2 5358 5359 5438 5437
5297 3 2 1 2 5359 5360 5439 5438
5298 3 2 1 2 5360 5361 5440 5439
5299 3 2 1 2 5361 5362 5441 5440
5300 3 2 1 2 5362 5363 5442 5441
5301 3 2 1 2 5363 5364 5443 5442
5302 3 2 1 2 5364 44 45 5443
5303 3 2 1 2 153 5365 124 2
5304 3 2 1 2 5365 5366 123 124
5305 3 2 1 2 5366 5367 122 123
5306 3 2 1 2 5367 5368 121 122
5307 3 2 1 2 5368 5369 120 121
5308 3 2 1 2 5369 5370 119 120
5309 3 2 1 2 5370 5371 118 119
5310 3 2 1 2 5371 5372 117 118
5311 3 2 1 2 5372 5373 116 117
5312 3 2 1 2 5373 5374 115 116
5313 3 2 1 2 5374 5375 114 115
5314 3 2 1 2 5375 5376 113 114
5315 3 2 1 2 5376 5377 112 113
5316 3 2 1 2 5377 5378 111 112
5317 3 2 1 2 5378 5379 110 111
5318 3 2 1 2 5379 5380 109 110
5319 3 2 1 2 5380 5381 108 109
5320 3 2 1 2 5381 5382 107 108
5321 3 2 1 2 5382 5383 106 107
5322 3 2 1 2 5383 5384 105 106
5323 3 2 1 2 5384 5385 104 105
5324 3 2 1 2 5385 5386 103 104
5325 3 2 1 2 5386 5387 102 103
5326 3 2 1 2 5387 5388 101 102
5327 3 2 1 2 5388 5389 100 101
5328 3 2 1 2 5389 5390 99 100
5329 3 2 1 2 5390 5391 98 99
5330 3 2 1 2 5391 5392 97 98
5331 3 2 1 2 5392 5393 96 97
5332 3 2 1 2 5393 5394 95 96
5333 3 2 1 2 5394 5395 94 95
5334 3 2 1 2 5395 5396 93 94
5335 3 2 1 2 5396 5397 92 93
5336 3 2 1 2 5397 5398 91 92
5337 3 2 1 2 5398 5399 90 91
5338 3 2 1 2 5399 5400 89 90
5339 3 2 1 2 5400 5401 88 89
5340 3 2 1 2 5401 5402 87 88
5341 3 2 1 2 5402 5403 86 87
5342 3 2 1 2 5403 5404 85 86
5343 3 2 1 2 5404 5405 84 85
5344 3 2 1 2 5405 5406 83 84
5345 3 2 1 2 5406 5407 82 83
5346 3 2 1 2 5407 5408 81 82
5347 3 2 1 2 5408 5409 80 81
5348 3 2 1 2 5409 5410 79 80
5349 3 2 1 2 5410 5411 78 79
5350 3 2 1 2 5411 5412 77 78
5351 3 2 1 2 5412 5413 76 77
5352 3 2 1 2 5413 5414 75 76
5353 3 2 1 2 5414 5415 74 75
5354 3 2 1 2 5415 5416 73 74
5355 3 2 1 2 5416 5417 72 73
5356 3 2 1 2 5417 5418 71 72
5357 3 2 1 2 5418 5419 70 71
5358 3 2 1 2 5419 5420 69 70
5359 3 2 1 2 5420 5421 68 69
5360 3 2 1 2 5421 5422 67 68
5361 3 2 1 2 5422 5423 66 67
5362 3 2 1 2 5423 5424 65 66
5363 3 2 1 2 5424 5425 64 65
5364 3 2 1 2 5425 5426 63 64
5365 3 2 1 2 5426 5427 62 63
5366 3 2 1 2 5427 5428 61 62
5367 3 2 1 2 5428 5429 60 61
5368 3 2 1 2 5429 5430 59 60
5369 3 2 1 2 5430 5431 58 59
5370 3 2 1 2 5431 5432 57 58
5371 3 2 1 2 5432 5433 56 57
5372 3 2 1 2 5433 5434 55 56
5373 3 2 1 2 5434 5435 54 55
5374 3 2 1 2 5435 5436 53 54
5375 3 2 1 2 5436 5437 52 53
5376 3 2 1 2 5437 5438 51 52
5377 3 2 1 2 5438 5439 50 51
5378 3 2 1 2 5439 5440 49 50
5379 3 2 1 2 5440 5441 48 49
5380 3 2 1 2 5441 5442 47 48
5381 3 2 1 2 5442 5443 46 47
5382 3 2 1 2 5443 45 1 46
5383 3 2 1 3 7 420 5444 527
5384 3 2 1 3 527 5444 5445 526
5385 3 2 1 3 526 5445 5446 525
5386 3 2 1 3 525 5446 5447 524
5387 3 2 1 3 524 5447 5448 523
5388 3 2 1 3 523 5448 5449 522
5389 3 2 1 3 522 5449 5450 521
5390 3 2 1 3 521 5450 5451 520
5391 3 2 1 3 520 5451 5452 519
5392 3 2 1 3 519 5452 5453 518
5393 3 2 1 3 518 5453 5454 517
5394 3 2 1 3 517 5454 5455 516
5395 3 2 1 3 516 5455 5456 515
5396 3 2 1 3 515 5456 5457 514
5397 3 2 1 3 514 5457 5458 513
5398 3 2 1 3 513 5458 5459 512
5399 3 2 1 3 512 5459 5460 511
5400 3 2 1 3 511 5460 5461 510
5401 3 2 1 3 510 5461 5462 509
5402 3 2 1 3 509 5462 5463 508
5403 3 2 1 3 508 5463 5464 507
5404 3 2 1 3 507 5464 5465 506
5405 3 2 1 3 506 5465 5466 505
5406 3 2 1 3 505 5466 5467 504
5407 3 2 1 3 504 5467 5468 503
5408 3 2 1 3 503 5468 5469 502
5409 3 2 1 3 502 5469 5470 501
5410 3 2 1 3 501 5470 5471 500
5411 3 2 1 3 500 5471 5472 499
5412 3 2 1 3 499 5472 5473 498
5413 3 2 1 3 498 5473 5474 497
5414 3 2 1 3 497 5474 5475 496
5415 3 2 1 3 496 5475 5476 495
5416 3 2 1 3 495 5476 5477 494
5417 3 2 1 3 494 5477 5478 493
5418 3 2 1 3 493 5478 5479 492
5419 3 2 1 3 492 5479 5480 491
5420 3 2 1 3 491 5480 5481 490
5421 3 2 1 3 490 5481 5482 489
5422 3 2 1 3 489 5482 5483 488
5423 3 2 1 3 488 5483 5484 487
5424 3 2 1 3 487 5484 5485 486
5425 3 2 1 3 486 5485 5486 485
5426 3 2 1 3 485 5486 5487 484
5427 3 2 1 3 484 5487 5488 483
5428 3 2 1 3 483 5488 5489 482
5429 3 2 1 3 482 5489 5490 481
5430 3 2 1 3 481 5490 5491 480
5431 3 2 1 3 480 5491 5492 479
5432 3 2 1 3 479 5492 5493 478
5433 3 2 1 3 478 5493 5494 477
5434 3 2 1 3 477 5494 5495 476
5435 3 2 1 3 476 5495 5496 475
5436 3 2 1 3 475 5496 5497 474
5437 3 2 1 3 474 5497 5498 473
5438 3 2 1 3 473 5498 5499 472
5439 3 2 1 3 472 5499 5500 471
5440 3 2 1 3 471 5500 5501 470
5441 3 2 1 3 470 5501 5502 469
5442 3 2 1 3 469 5502 5503 468
5443 3 2 1 3 468 5503 5504 467
5444 3 2 1 3 467 5504 5505 466
5445 3 2 1 3 466 5505 5506 465
5446 3 2 1 3 465 5506 5507 464
5447 3 2 1 3 464 5507 5508 463
5448 3 2 1 3 463 5508 5509 462
5449 3 2 1 3 462 5509 5510 461
5450 3 2 1 3 461 5510 5511 460
5451 3 2 1 3 460 5511 5512 459
5452 3 2 1 3 459 5512 5513 458
5453 3 2 1 3 458 5513 5514 457
5454 3 2 1 3 457 5514 5515 456
5455 3 2 1 3 456 5515 5516 455
5456 3 2 1 3 455 5516 5517 454
5457 3 2 1 3 454 5517 5518 453
5458 3 2 1 3 453 5518 5519 452
5459 3 2 1 3 452 5519 5520 451
5460 3 2 1 3 451 5520 5521 450
5461 3 2 1 3 450 5521 5522 449
5462 3 2 1 3 449 5522 556 8
5463 3 2 1 3 420 421 5523 5444
5464 3 2 1 3 5444 5523 5524 5445
5465 3 2 1 3 5445 5524 5525 5446
5466 3 2 1 3 5446 5525 5526 5447
5467 3 2 1 3 5447 5526 5527 5448
5468 3 2 1 3 5448 5527 5528 5449
5469 3 2 1 3 5449 5528 5529 5450
5470 3 2 1 3 5450 5529 5530 5451
5471 3 2 1 3 5451 5530 5531 5452
5472 3 2 1 3 5452 5531 5532 5453
5473 3 2 1 3 5453 5532 5533 5454
5474 3 2 1 3 5454 5533 5534 5455
5475 3 2 1 3 5455 5534 5535 5456
5476 3 2 1 3 5456 5535 5536 5457
5477 3 2 1 3 5457 5536 5537 5458
5478 3 2 1 3 5458 5537 5538 5459
5479 3 2 1 3 5459 5538 5539 5460
5480 3 2 1 3 5460 5539 5540 5461
5481 3 2 1 3 5461 5540 5541 5462
5482 3 2 1 3 5462 5541 5542 5463
5483 3 2 1 3 5463 5542 5543 5464
5484 3 2 1 3 5464 5543 5544 5465
5485 3 2 1 3 5465 5544 5545 5466
5486 3 2 1 3 5466 5545 5546 5467
5487 3 2 1 3 5467 5546 5547 5468
5488 3 2 1 3 5468 5547 5548 5469
5489 3 2 1 3 5469 5548 5549 5470
5490 3 2 1 3 5470 5549 5550 5471
5491 3 2 1 3 5471 5550 5551 5472
5492 3 2 1 3 5472 5551 5552 5473
5493 3 2 1 3 5473 5552 5553 5474
5494 3 2 1 3 5474 5553 5554 5475
5495 3 2 1 3 5475 5554 5555 5476
5496 3 2 1 3 5476 5555 5556 5477
5497 3 2 1 3 5477 5556 5557 5478
5498 3 2 1 3 5478 5557 5558 5479
5499 3 2 1 3 5479 5558 5559 5480
5500 3 2 1 3 5480 5559 5560 5481
5501 3 2 1 3 5481 5560 5561 5482
5502 3 2 1 3 5482 5561 5562 5483
5503 3 2 1 3 5483 5562 5563 5484
5504 3 2 1 3 5484 5563 5564 5485
5505 3 2 1 3 5485 5564 5565 5486
5506 3 2 1 3 5486 5565 5566 5487
5507 3 2 1 3 5487 5566 5567 5488
5508 3 2 1 3 5488 5567 5568 5489
5509 3 2 1 3 5489 5568 5569 5490
5510 3 2 1 3 5490 5569 5570 5491
5511 3 2 1 3 5491 5570 5571 5492
5512 3 2 1 3 5492 5571 5572 5493
5513 3 2 1 3 5493 5572 5573 5494
5514 3 2 1 3 5494 5573 5574 5495
5515 3 2 1 3 5495 5574 5575 5496
5516 3 2 1 3 5496 5575 5576 5497
5517 3 2 1 3 5497 5576 5577 5498
5518 3 2 1 3 5498 5577 5578 5499
5519 3 2 1 3 5499 5578 5579 5500
5520 3 2 1 3 5500 5579 5580 5501
5521 3 2 1 3 5501 5580 5581 5502
5522 3 2 1 3 5502 5581 5582 5503
5523 3 2 1 3 5503 5582 5583 5504
5524 3 2 1 3 5504 5583 5584 5505
5525 3 2 1 3 5505 5584 5585 5506
5526 3 2 1 3 5506 5585 5586 5507
5527 3 2 1 3 5507 5586 5587 5508
5528 3 2 1 3 5508 5587 5588 5509
5529 3 2 1 3 5509 5588 5589 5510
5530 3 2 1 3 5510 5589 5590 5511
5531 3 2 1 3 5511 5590 5591 5512
5532 3 2 1 3 5512 5591 5592 5513
5533 3 2 1 3 5513 5592 5593 5514
5534 3 2 1 3 5514 5593 5594 5515
5535 3 2 1 3 5515 5594 5595 5516
5536 3 2 1 3 5516 5595 5596 5517
5537 3 2 1 3 5517 5596 5597 5518
5538 3 2 1 3 5518 5597 5598 5519
5539 3 2 1 3 5519 5598 5599 5520
5540 3 2 1 3 5520 5599 5600 5521
5541 3 2 1 3 5521 5600 5601 5522
5542 3 2 1 3 5522 5601 555 556
5543 3 2 1 3 421 422 5602 5523
5544 3 2 1 3 5523 5602 5603 5524
5545 3 2 1 3 5524 5603 5604 5525
5546 3 2 1 3 5525 5604 5605 5526
5547 3 2 1 3 5526 5605 5606 5527
5548 3 2 1 3 5527 5606 5607 5528
5549 3 2 1 3 5528 5607 5608 5529
5550 3 2 1 3 5529 5608 5609 5530
5551 3 2 1 3 5530 5609 5610 5531
5552 3 2 1 3 5531 5610 5611 5532
5553 3 2 1 3 5532 5611 5612 5533
5554 3 2 1 3 5533 5612 5613 5534
5555 3 2 1 3 5534 5613 5614 5535
5556 3 2 1 3 5535 5614 5615 5536
5557 3 2 1 3 5536 5615 5616 5537
5558 3 2 1 3 5537 5616 5617 5538
5559 3 2 1 3 5538 5617 5618 5539
5560 3 2 1 3 5539 5618 5619 5540
5561 3 2 1 3 5540 5619 5620 5541
5562 3 2 1 3 5541 5620 5621 5542
5563 3 2 1 3 5542 5621 5622 5543
5564 3 2 1 3 5543 5622 5623 5544
5565 3 2 1 3 5544 5623 5624 5545
5566 3 2 1 3 5545 5624 5625 5546
5567 3 2 1 3 5546 5625 5626 5547
5568 3 2 1 3 5547 5626 5627 5548
5569 3 2 1 3 5548 5627 5628 5549
5570 3 2 1 3 5549 5628 5629 5550
5571 3 2 1 3 5550 5629 5630 5551
5572 3 2 1 3 5551 5630 5631 5552
5573 3 2 1 3 5552 5631 5632 5553
5574 3 2 1 3 5553 5632 5633 5554
5575 3 2 1 3 5554 5633 5634 5555
5576 3 2 1 3 5555 5634 5635 5556
5577 3 2 1 3 5556 5635 5636 5557
5578 3 2 1 3 5557 5636 5637 5558
5579 3 2 1 3 5558 5637 5638 5559
5580 3 2 1 3 5559 5638 5639 5560
5581 3 2 1 3 5560 5639 5640 5561
5582 3 2 1 3 5561 5640 5641 5562
5583 3 2 1 3 5562 5641 5642 5563
5584 3 2 1 3 5563 5642 5643 5564
5585 3 2 1 3 5564 5643 5644 5565
5586 3 2 1 3 5565 5644 5645 5566
5587 3 2 1 3 5566 5645 5646 5567
5588 3 2 1 3 5567 5646 5647 5568
5589 3 2 1 3 5568 5647 5648 5569
5590 3 2 1 3 5569 5648 5649 5570
5591 3 2 1 3 5570 5649 5650 5571
5592 3 2 1 3 5571 5650 5651 5572
5593 3 2 1 3 5572 5651 5652 5573
5594 3 2 1 3 5573 5652 5653 5574
5595 3 2 1 3 5574 5653 5654 5575
5596 3 2 1 3 5575 5654 5655 5576
5597 3 2 1 3 5576 5655 5656 5577
5598 3 2 1 3 5577 5656 5657 5578
5599 3 2 1 3 5578 5657 5658 5579
5600 3 2 1 3 5579 5658 5659 5580
5601 3 2 1 3 5580 5659 5660 5581
5602 3 2 1 3 5581 5660 5661 5582
5603 3 2 1 3 5582 5661 5662 5583
5604 3 2 1 3 5583 5662 5663 5584
5605 3 2 1 3 5584 5663 5664 5585
5606 3 2 1 3 5585 5664 5665 5586
5607 3 2 1 3 5586 5665 5666 5587
5608 3 2 1 3 5587 5666 5667 5588
5609 3 2 1 3 5588 5667 5668 5589
5610 3 2 1 3 5589 5668 5669 5590
5611 3 2 1 3 5590 5669 5670 5591
5612 3 2 1 3 5591 5670 5671 5592
5613 3 2 1 3 5592 5671 5672 5593
5614 3 2 1 3 5593 5672 5673 5594
5615 3 2 1 3 5594 5673 5674 5595
5616 3 2 1 3 5595 5674 5675 5596
5617 3 2 1 3 5596 5675 5676 5597
5618 3 2 1 3 5597 5676 5677 5598
5619 3 2 1 3 5598 5677 5678 5599
5620 3 2 1 3 5599 5678 5679 5600
5621 3 2 1 3 5600 5679 5680 5601
5622 3 2 1 3 5601 5680 554 555
5623 3 2 1 3 422 423 5681 5602
5624 3 2 1 3 5602 5681 5682 5603
5625 3 2 1 3 5603 5682 5683 5604
5626 3 2 1 3 5604 5683 5684 5605
5627 3 2 1 3 5605 5684 5685 5606
5628 3 2 1 3 5606 5685 5686 5607
5629 3 2 1 3 5607 5686 5687 5608
5630 3 2 1 3 5608 5687 5688 5609
5631 3 2 1 3 5609 5688 5689 5610
5632 3 2 1 3 5610 5689 5690 5611
5633 3 2 1 3 5611 5690 5691 5612
5634 3 2 1 3 5612 5691 5692 5613
5635 3 2 1 3 5613 5692 5693 5614
5636 3 2 1 3 5614 5693 5694 5615
5637 3 2 1 3 5615 5694 5695 5616
5638 3 2 1 3 5616 5695 5696 5617
5639 3 2 1 3 5617 5696 5697 5618
5640 3 2 1 3 5618 5697 5698 5619
5641 3 2 1 3 5619 5698 5699 5620
5642 3 2 1 3 5620 5699 5700 5621
5643 3 2 1 3 5621 5700 5701 5622
5644 3 2 1 3 5622 5701 5702 5623
5645 3 2 1 3 5623 5702 5703 5624
5646 3 2 1 3 5624 5703 5704 5625
5647 3 2 1 3 5625 5704 5705 5626
5648 3 2 1 3 5626 5705 5706 5627
5649 3 2 1 3 5627 5706 5707 5628
5650 3 2 1 3 5628 5707 5708 5629
5651 3 2 1 3 5629 5708 5709 5630
5652 3 2 1 3 5630 5709 5710 5631
5653 3 2 1 3 5631 5710 5711 5632
5654 3 2 1 3 5632 5711 5712 5633
5655 3 2 1 3 5633 5712 5713 5634
5656 3 2 1 3 5634 5713 5714 5635
5657 3 2 1 3 5635 5714 5715 5636
5658 3 2 1 3 5636 5715 5716 5637
5659 3 2 1 3 5637 5716 5717 5638
5660 3 2 1 3 5638 5717 5718 5639
5661 3 2 1 3 5639 5718 5719 5640
5662 3 2 1 3 5640 5719 5720 5641
5663 3 2 1 3 5641 5720 5721 5642
5664 3 2 1 3 5642 5721 5722 5643
5665 3 2 1 3 5643 5722 5723 5644
5666 3 2 1 3 5644 5723 5724 5645
5667 3 2 1 3 5645 5724 5725 5646
5668 3 2 1 3 5646 5725 5726 5647
5669 3 2 1 3 5647 5726 5727 5648
5670 3 2 1 3 5648 5727 5728 5649
5671 3 2 1 3 5649 5728 5729 5650
5672 3 2 1 3 5650 5729 5730 5651
5673 3 2 1 3 5651 5730 5731 5652
5674 3 2 1 3 5652 5731 5732 5653
5675 3 2 1 3 5653 5732 5733 5654
5676 3 2 1 3 5654 5733 5734 5655
5677 3 2 1 3 5655 5734 5735 5656
5678 3 2 1 3 5656 5735 5736 5657
5679 3 2 1 3 5657 5736 5737 5658
5680 3 2 1 3 5658 5737 5738 5659
5681 3 2 1 3 5659 5738 5739 5660
5682 3 2 1 3 5660 5739 5740 5661
5683 3 2 1 3 5661 5740 5741 5662
5684 3 2 1 3 5662 5741 5742 5663
5685 3 2 1 3 5663 5742 5743 5664
5686 3 2 1 3 5664 5743 5744 5665
5687 3 2 1 3 5665 5744 5745 5666
5688 3 2 1 3 5666 5745 5746 5667
5689 3 2 1 3 5667 5746 5747 5668
5690 3 2 1 3 5668 5747 5748 5669
5691 3 2 1 3 5669 5748 5749 5670
5692 3 2 1 3 5670 5749 5750 5671
5693 3 2 1 3 5671 5750 5751 5672
5694 3 2 1 3 5672 5751 5752 5673
5695 3 2 1 3 5673 5752 5753 5674
5696 3 2 1 3 5674 5753 5754 5675
5697 3 2 1 3 5675 5754 5755 5676
5698 3 2 1 3 5676 5755 5756 5677
5699 3 2 1 3 5677 5756 5757 5678
5700 3 2 1 3 5678 5757 5758 5679
5701 3 2 1 3 5679 5758 5759 5680
5702 3 2 1 3 5680 5759 553 554
5703 3 2 1 3 423 424 5760 5681
5704 3 2 1 3 5681 5760 5761 5682
5705 3 2 1 3 5682 5761 5762 5683
5706 3 2 1 3 5683 5762 5763 5684
5707 3 2 1 3 5684 5763 5764 5685
5708 3 2 1 3 5685 5764 5765 5686
5709 3 2 1 3 5686 5765 5766 5687
5710 3 2 1 3 5687 5766 5767 5688
5711 3 2 1 3 5688 5767 5768 5689
5712 3 2 1 3 5689 5768 5769 5690
5713 3 2 1 3 5690 5769 5770 5691
5714 3 2 1 3 5691 5770 5771 5692
5715 3 2 1 3 5692 5771 5772 5693
5716 3 2 1 3 5693 5772 5773 5694
5717 3 2 1 3 5694 5773 5774 5695
5718 3 2 1 3 5695 5774 5775 5696
5719 3 2 1 3 5696 5775 5776 5697
5720 3 2 1 3 5697 5776 5777 5698
5721 3 2 1 3 5698 5777 5778 5699
5722 3 2 1 3 5699 5778 5779 5700
5723 3 2 1 3 5700 5779 5780 5701
5724 3 2 1 3 5701 5780 5781 5702
5725 3 2 1 3 5702 5781 5782 5703
5726 3 2 1 3 5703 5782 5783 5704
5727 3 2 1 3 5704 5783 5784 5705
5728 3 2 1 3 5705 5784 5785 5706
5729 3 2 1 3 5706 5785 5786 5707
5730 3 2 1 3 5707 5786 5787 5708
5731 3 2 1 3 5708 5787 5788 5709
5732 3 2 1 3 5709 5788 5789 5710
5733 3 2 1 3 5710 5789 5790 5711
5734 3 2 1 3 5711 5790 5791 5712
5735 3 2 1 3 5712 5791 5792 5713
5736 3 2 1 3 5713 5792 5793 5714
5737 3 2 1 3 5714 5793 5794 5715
5738 3 2 1 3 5715 5794 5795 5716
5739 3 2 1 3 5716 5795 5796 5717
5740 3 2 1 3 5717 5796 5797 5718
5741 3 2 1 3 5718 5797 5798 5719
5742 3 2 1 3 5719 5798 5799 5720
5743 3 2 1 3 5720 5799 5800 5721
5744 3 2 1 3 5721 5800 5801 5722
5745 3 2 1 3 5722 5801 5802 5723
5746 3 2 1 3 5723 5802 5803 5724
5747 3 2 1 3 5724 5803 5804 5725
5748 3 2 1 3 5725 5804 5805 5726
5749 3 2 1 3 5726 5805 5806 5727
5750 3 2 1 3 5727 5806 5807 5728
5751 3 2 1 3 5728 5807 5808 5729
5752 3 2 1 3 5729 5808 5809 5730
5753 3 2 1 3 5730 5809 5810 5731
5754 3 2 1 3 5731 5810 5811 5732
5755 3 2 1 3 5732 5811 5812 5733
5756 3 2 1 3 5733 5812 5813 5734
5757 3 2 1 3 5734 5813 5814 5735
5758 3 2 1 3 5735 5814 5815 5736
5759 3 2 1 3 5736 5815 5816 5737
5760 3 2 1 3 5737 5816 5817 5738
5761 3 2 1 3 5738 5817 5818 5739
5762 3 2 1 3 5739 5818 5819 5740
5763 3 2 1 3 5740 5819 5820 5741
5764 3 2 1 3 5741 5820 5821 5742
5765 3 2 1 3 5742 5821 5822 5743
5766 3 2 1 3 5743 5822 5823 5744
5767 3 2 1 3 5744 5823 5824 5745
5768 3 2 1 3 5745 5824 5825 5746
5769 3 2 1 3 5746 5825 5826 5747
5770 3 2 1 3 5747 5826 5827 5748
5771 3 2 1 3 5748 5827 5828 5749
5772 3 2 1 3 5749 5828 5829 5750
5773 3 2 1 3 5750 5829 5830 5751
5774 3 2 1 3 5751 5830 5831 5752
5775 3 2 1 3 5752 5831 5832 5753
5776 3 2 1 3 5753 5832 5833 5754
5777 3 2 1 3 5754 5833 5834 5755
5778 3 2 1 3 5755 5834 5835 5756
5779 3 2 1 3 5756 5835 5836 5757
5780 3 2 1 3 5757 5836 5837 5758
5781 3 2 1 3 5758 5837 5838 5759
5782 3 2 1 3 5759 5838 552 553
5783 3 2 1 3 424 425 5839 5760
5784 3 2 1 3 5760 5839 5840 5761
5785 3 2 1 3 5761 5840 5841 5762
5786 3 2 1 3 5762 5841 5842 5763
5787 3 2 1 3 5763 5842 5843 5764
5788 3 2 1 3 5764 5843 5844 5765
5789 3 2 1 3 5765 5844 5845 5766
5790 3 2 1 3 5766 5845 5846 5767
5791 3 2 1 3 5767 5846 5847 5768
5792 3 2 1 3 5768 5847 5848 5769
5793 3 2 1 3 5769 5848 5849 5770
5794 3 2 1 3 5770 5849 5850 5771
5795 3 2 1 3 5771 5850 5851 5772
5796 3 2 1 3 5772 5851 5852 5773
5797 3 2 1 3 5773 5852 5853 5774
5798 3 2 1 3 5774 5853 5854 5775
5799 3 2 1 3 5775 5854 5855 5776
5800 3 2 1 3 5776 5855 5856 5777
5801 3 2 1 3 5777 5856 5857 5778
5802 3 2 1 3 5778 5857 5858 5779
5803 3 2 1 3 5779 5858 5859 5780
5804 3 2 1 3 5780 5859 5860 5781
5805 3 2 1 3 5781 5860 5861 5782
5806 3 2 1 3 5782 5861 5862 5783
5807 3 2 1 3 5783 5862 5863 5784
5808 3 2 1 3 5784 5863 5864 5785
5809 3 2 1 3 5785 5864 5865 5786
5810 3 2 1 3 5786 5865 5866 5787
5811 3 2 1 3 5787 5866 5867 5788
5812 3 2 1 3 5788 5867 5868 5789
5813 3 2 1 3 5789 5868 5869 5790
5814 3 2 1 3 5790 5869 5870 5791
5815 3 2 1 3 5791 5870 5871 5792
5816 3 2 1 3 5792 5871 5872 5793
5817 3 2 1 3 5793 5872 5873 5794
5818 3 2 1 3 5794 5873 5874 5795
5819 3 2 1 3 5795 5874 5875 5796
5820 3 2 1 3 5796 5875 5876 5797
5821 3 2 1 3 5797 5876 5877 5798
5822 3 2 1 3 5798 5877 5878 5799
5823 3 2 1 3 5799 5878 5879 5800
5824 3 2 1 3 5800 5879 5880 5801
5825 3 2 1 3 5801 5880 5881 5802
5826 3 2 1 3 5802 5881 5882 5803
5827 3 2 1 3 5803 5882 5883 5804
5828 3 2 1 3 5804 5883 5884 5805
5829 3 2 1 3 5805 5884 5885 5806
5830 3 2 1 3 5806 5885 5886 5807
5831 3 2 1 3 5807 5886 5887 5808
5832 3 2 1 3 5808 5887 5888 5809
5833 3 2 1 3 5809 5888 5889 5810
5834 3 2 1 3 5810 5889 5890 5811
5835 3 2 1 3 5811 5890 5891 5812
5836 3 2 1 3 5812 5891 5892 5813
5837 3 2 1 3 5813 5892 5893 5814
5838 3 2 1 3 5814 5893 5894 5815
5839 3 2 1 3 5815 5894 5895 5816
5840 3 2 1 3 5816 5895 5896 5817
5841 3 2 1 3 5817 5896 5897 5818
5842 3 2 1 3 5818 5897 5898 5819
5843 3 2 1 3 5819 5898 5899 5820
5844 3 2 1 3 5820 5899 5900 5821
5845 3 2 1 3 5821 5900 5901 5822
5846 3 2 1 3 5822 5901 5902 5823
5847 3 2 1 3 5823 5902 5903 5824
5848 3 2 1 3 5824 5903 5904 5825
5849 3 2 1 3 5825 5904 5905 5826
5850 3 2 1 3 5826 5905 5906 5827
5851 3 2 1 3 5827 5906 5907 5828
5852 3 2 1 3 5828 5907 5908 5829
5853 3 2 1 3 5829 5908 5909 5830
5854 3 2 1 3 5830 5909 5910 5831
5855 3 2 1 3 5831 5910 5911 5832
5856 3 2 1 3 5832 5911 5912 5833
5857 3 2 1 3 5833 5912 5913 5834
5858 3 2 1 3 5834 5913 5914 5835
5859 3 2 1 3 5835 5914 5915 5836
5860 3 2 1 3 5836 5915 5916 5837
5861 3 2 1 3 5837 5916 5917 5838
5862 3 2 1 3 5838 5917 551 552
5863 3 2 1 3 425 426 5918 5839
5864 3 2 1 3 5839 5918 5919 5840
5865 3 2 1 3 5840 5919 5920 5841
5866 3 2 1 3 5841 5920 5921 5842
5867 3 2 1 3 5842 5921 5922 5843
5868 3 2 1 3 5843 5922 5923 5844
5869 3 2 1 3 5844 5923 5924 5845
5870 3 2 1 3 5845 5924 5925 5846
5871 3 2 1 3 5846 5925 5926 5847
5872 3 2 1 3 5847 5926 5927 5848
5873 3 2 1 3 5848 5927 5928 5849
5874 3 2 1 3 5849 5928 5929 5850
5875 3 2 1 3 5850 5929 5930 5851
5876 3 2 1 3 5851 5930 5931 5852
5877 3 2 1 3 5852 5931 5932 5853
5878 3 2 1 3 5853 5932 5933 5854
5879 3 2 1 3 5854 5933 5934 5855
5880 3 2 1 3 5855 5934 5935 5856
5881 3 2 1 3 5856 5935 5936 5857
5882 3 2 1 3 5857 5936 5937 5858
5883 3 2 1 3 5858 5937 5938 5859
5884 3 2 1 3 5859 5938 5939 5860
5885 3 2 1 3 5860 5939 5940 5861
5886 3 2 1 3 5861 5940 5941 5862
5887 3 2 1 3 5862 5941 5942 5863
5888 3 2 1 3 5863 5942 5943 5864
5889 3 2 1 3 5864 5943 5944 5865
5890 3 2 1 3 5865 5944 5945 5866
5891 3 2 1 3 5866 5945 5946 5867
5892 3 2 1 3 5867 5946 5947 5868
5893 3 2 1 3 5868 5947 5948 5869
5894 3 2 1 3 5869 5948 5949 5870
5895 3 2 1 3 5870 5949 5950 5871
5896 3 2 1 3 5871 5950 5951 5872
5897 3 2 1 3 5872 5951 5952 5873
5898 3 2 1 3 5873 5952 5953 5874
5899 3 2 1 3 5874 5953 5954 5875
5900 3 2 1 3 5875 5954 5955 5876
5901 3 2 1 3 5876 5955 5956 5877
5902 3 2 1 3 5877 5956 5957 5878
5903 3 2 1 3 5878 5957 5958 5879
5904 3 2 1 3 5879 5958 5959 5880
5905 3 2 1 3 5880 5959 5960 5881
5906 3 2 1 3 5881 5960 5961 5882
5907 3 2 1 3 5882 5961 5962 5883
5908 3 2 1 3 5883 5962 5963 5884
5909 3 2 1 3 5884 5963 5964 5885
5910 3 2 1 3 5885 5964 5965 5886
5911 3 2 1 3 5886 5965 5966 5887
5912 3 2 1 3 5887 5966 5967 5888
5913 3 2 1 3 5888 5967 5968 5889
5914 3 2 1 3 5889 5968 5969 5890
5915 3 2 1 3 5890 5969 5970 5891
5916 3 2 1 3 5891 5970 5971 5892
5917 3 2 1 3 5892 5971 5972 5893
5918 3 2 1 3 5893 5972 5973 5894
5919 3 2 1 3 5894 5973 5974 5895
5920 3 2 1 3 5895 5974 5975 5896
5921 3 2 1 3 5896 5975 5976 5897
5922 3 2 1 3 5897 5976 5977 5898
5923 3 2 1 3 5898 5977 5978 5899
5924 3 2 1 3 5899 5978 5979 5900
5925 3 2 1 3 5900 5979 5980 5901
5926 3 2 1 3 5901 5980 5981 5902
5927 3 2 1 3 5902 5981 5982 5903
5928 3 2 1 3 5903 5982 5983 5904
5929 3 2 1 3 5904 5983 5984 5905
5930 3 2 1 3 5905 5984 5985 5906
5931 3 2 1 3 5906 5985 5986 5907
5932 3 2 1 3 5907 5986 5987 5908
5933 3 2 1 3 5908 5987 5988 5909
5934 3 2 1 3 5909 5988 5989 5910
5935 3 2 1 3 5910 5989 5990 5911
5936 3 2 1 3 5911 5990 5991 5912
5937 3 2 1 3 5912 5991 5992 5913
5938 3 2 1 3 5913 5992 5993 5914
5939 3 2 1 3 5914 5993 5994 5915
5940 3 2 1 3 5915 5994 5995 5916
5941 3 2 1 3 5916 5995 5996 5917
5942 3 2 1 3 5917 5996 550 551
5943 3 2 1 3 426 427 5997 5918
5944 3 2 1 3 5918 5997 5998 5919
5945 3 2 1 3 5919 5998 5999 5920
5946 3 2 1 3 5920 5999 6000 5921
5947 3 2 1 3 5921 6000 6001 5922
5948 3 2 1 3 5922 6001 6002 5923
5949 3 2 1 3 5923 6002 6003 5924
5950 3 2 1 3 5924 6003 6004 5925
5951 3 2 1 3 5925 6004 6005 5926
5952 3 2 1 3 5926 6005 6006 5927
5953 3 2 1 3 5927 6006 6007 5928
5954 3 2 1 3 5928 6007 6008 5929
5955 3 2 1 3 5929 6008 6009 5930
5956 3 2 1 3 5930 6009 6010 5931
5957 3 2 1 3 5931 6010 6011 5932
5958 3 2 1 3 5932 6011 6012 5933
5959 3 2 1 3 5933 6012 6013 5934
5960 3 2 1 3 5934 6013 6014 5935
5961 3 2 1 3 5935 6014 6015 5936
5962 3 2 1 3 5936 6015 6016 5937
5963 3 2 1 3 5937 6016 6017 5938
5964 3 2 1 3 5938 6017 6018 5939
5965 3 2 1 3 5939 6018 6019 5940
5966 3 2 1 3 5940 6019 6020 5941
5967 3 2 1 3 5941 6020 6021 5942
5968 3 2 1 3 5942 6021 6022 5943
5969 3 2 1 3 5943 6022 6023 5944
5970 3 2 1 3 5944 6023 6024 5945
5971 3 2 1 3 5945 6024 6025 5946
5972 3 2 1 3 5946 6025 6026 5947
5973 3 2 1 3 5947 6026 6027 5948
5974 3 2 1 3 5948 6027 6028 5949
5975 3 2 1 3 5949 6028 6029 5950
5976 3 2 1 3 5950 6029 6030 5951
5977 3 2 1 3 5951 6030 6031 5952
5978 3 2 1 3 5952 6031 6032 5953
5979 3 2 1 3 5953 6032 6033 5954
5980 3 2 1 3 5954 6033 6034 5955
5981 3 2 1 3 5955 6034 6035 5956
5982 3 2 1 3 5956 6035 6036 5957
5983 3 2 1 3 5957 6036 6037 5958
5984 3 2 1 3 5958 6037 6038 5959
5985 3 2 1 3 5959 6038 6039 5960
5986 3 2 1 3 5960 6039 6040 5961
5987 3 2 1 3 5961 6040 6041 5962
5988 3 2 1 3 5962 6041 6042 5963
5989 3 2 1 3 5963 6042 6043 5964
5990 3 2 1 3 5964 6043 6044 5965
5991 3 2 1 3 5965 6044 6045 5966
5992 3 2 1 3 5966 6045 6046 5967
5993 3 2 1 3 5967 6046 6047 5968
5994 3 2 1 3 5968 6047 6048 5969
5995 3 2 1 3 5969 6048 6049 5970
5996 3 2 1 3 5970 6049 6050 5971
5997 3 2 1 3 5971 6050 6051 5972
5998 3 2 1 3 5972 6051 6052 5973
5999 3 2 1 3 5973 6052 6053 5974
6000 3 2 1 3 5974 6053 6054 5975
6001 3 2 1 3 5975 6054 6055 5976
6002 3 2 1 3 5976 6055 6056 5977
6003 3 2 1 3 5977 6056 6057 5978
6004 3 2 1 3 5978 6057 6058 5979
6005 3 2 1 3 5979 6058 6059 5980
6006 3 2 1 3 5980 6059 6060 5981
6007 3 2 1 3 5981 6060 6061 5982
6008 3 2 1 3 5982 6061 6062 5983
6009 3 2 1 3 5983 6062 6063 5984
6010 3 2 1 3 5984 6063 6064 5985
6011 3 2 1 3 5985 6064 6065 5986
6012 3 2 1 3 5986 6065 6066 5987
6013 3 2 1 3 5987 6066 6067 5988
6014 3 2 1 3 5988 6067 6068 5989
6015 3 2 1 3 5989 6068 6069 5990
6016 3 2 1 3 5990 6069 6070 5991
6017 3 2 1 3 5991 6070 6071 5992
6018 3 2 1 3 5992 6071 6072 5993
6019 3 2 1 3 5993 6072 6073 5994
6020 3 2 1 3 5994 6073 6074 5995
6021 3 2 1 3 5995 6074 6075 5996
6022 3 2 1 3 5996 6075 549 550
6023 3 2 1 3 427 428 6076 5997
6024 3 2 1 3 5997 6076 6077 5998
6025 3 2 1 3 5998 6077 6078 5999
6026 3 2 1 3 5999 6078 6079 6000
6027 3 2 1 3 6000 6079 6080 6001
6028 3 2 1 3 6001 6080 6081 6002
6029 3 2 1 3 6002 6081 6082 6003
6030 3 2 1 3 6003 6082 6083 6004
6031 3 2 1 3 6004 6083 6084 6005
6032 3 2 1 3 6005 6084 6085 6006
6033 3 2 1 3 6006 6085 6086 6007
6034 3 2 1 3 6007 6086 6087 6008
6035 3 2 1 3 6008 6087 6088 6009
6036 3 2 1 3 6009 6088 6089 6010
6037 3 2 1 3 6010 6089 6090 6011
6038 3 2 1 3 6011 6090 6091 6012
6039 3 2 1 3 6012 6091 6092 6013
6040 3 2 1 3 6013 6092 6093 6014
6041 3 2 1 3 6014 6093 6094 6015
6042 3 2 1 3 6015 6094 6095 6016
6043 3 2 1 3 6016 6095 6096 6017
6044 3 2 1 3 6017 6096 6097 6018
6045 3 2 1 3 6018 6097 6098 6019
6046 3 2 1 3 6019 6098 6099 6020
6047 3 2 1 3 6020 6099 6100 6021
6048 3 2 1 3 6021 6100 6101 6022
6049 3 2 1 3 6022 6101 6102 6023
6050 3 2 1 3 6023 6102 6103 6024
6051 3 2 1 3 6024 6103 6104 6025
6052 3 2 1 3 6025 6104 6105 6026
6053 3 2 1 3 6026 6105 6106 6027
6054 3 2 1 3 6027 6106 6107 6028
6055 3 2 1 3 6028 6107 6108 6029
6056 3 2 1 3 6029 6108 6109 6030
6057 3 2 1 3 6030 6109 6110 6031
6058 3 2 1 3 6031 6110 6111 6032
6059 3 2 1 3 6032 6111 6112 6033
6060 3 2 1 3 6033 6112 6113 6034
6061 3 2 1 3 6034 6113 6114 6035
6062 3 2 1 3 6035 6114 6115 6036
6063 3 2 1 3 6036 6115 6116 6037
6064 3 2 1 3 6037 6116 6117 6038
6065 3 2 1 3 6038 6117 6118 6039
6066 3 2 1 3 6039 6118 6119 6040
6067 3 2 1 3 6040 6119 6120 6041
6068 3 2 1 3 6041 6120 6121 6042
6069 3 2 1 3 6042 6121 6122 6043
6070 3 2 1 3 6043 6122 6123 6044
6071 3 2 1 3 6044 6123 6124 6045
6072 3 2 1 3 6045 6124 6125 6046
6073 3 2 1 3 6046 6125 6126 6047
6074 3 2 1 3 6047 6126 6127 6048
6075 3 2 1 3 6048 6127 6128 6049
6076 3 2 1 3 6049 6128 6129 6050
6077 3 2 1 3 6050 6129 6130 6051
6078 3 2 1 3 6051 6130 6131 6052
6079 3 2 1 3 6052 6131 6132 6053
6080 3 2 1 3 6053 6132 6133 6054
6081 3 2 1 3 6054 6133 6134 6055
6082 3 2 1 3 6055 6134 6135 6056
6083 3 2 1 3 6056 6135 6136 6057
6084 3 2 1 3 6057 6136 6137 6058
6085 3 2 1 3 6058 6137 6138 6059
6086 3 2 1 3 6059 6138 6139 6060
6087 3 2 1 3 6060 6139 6140 6061
6088 3 2 1 3 6061 6140 6141 6062
6089 3 2 1 3 6062 6141 6142 6063
6090 3 2 1 3 6063 6142 6143 6064
6091 3 2 1 3 6064 6143 6144 6065
6092 3 2 1 3 6065 6144 6145 6066
6093 3 2 1 3 6066 6145 6146 6067
6094 3 2 1 3 6067 6146 6147 6068
6095 3 2 1 3 6068 6147 6148 6069
6096 3 2 1 3 6069 6148 6149 6070
6097 3 2 1 3 6070 6149 6150 6071
6098 3 2 1 3 6071 6150 6151 6072
6099 3 2 1 3 6072 6151 6152 6073
6100 3 2 1 3 6073 6152 6153 6074
6101 3 2 1 3 6074 6153 6154 6075
6102 3 2 1 3 6075 6154 548 549
6103 3 2 1 3 428 429 6155 6076
6104 3 2 1 3 6076 6155 6156 6077
6105 3 2 1 3 6077 6156 6157 6078
6106 3 2 1 3 6078 6157 6158 6079
6107 3 2 1 3 6079 6158 6159 6080
6108 3 2 1 3 6080 6159 6160 6081
6109 3 2 1 3 6081 6160 6161 6082
6110 3 2 1 3 6082 6161 6162 6083
6111 3 2 1 3 6083 6162 6163 6084
6112 3 2 1 3 6084 6163 6164 6085
6113 3 2 1 3 6085 6164 6165 6086
6114 3 2 1 3 6086 6165 6166 6087
6115 3 2 1 3 6087 6166 6167 6088
6116 3 2 1 3 6088 6167 6168 6089
6117 3 2 1 3 6089 6168 6169 6090
6118 3 2 1 3 6090 6169 6170 6091
6119 3 2 1 3 6091 6170 6171 6092
6120 3 2 1 3 6092 6171 6172 6093
6121 3 2 1 3 6093 6172 6173 6094
6122 3 2 1 3 6094 6173 6174 6095
6123 3 2 1 3 6095 6174 6175 6096
6124 3 2 1 3 6096 6175 6176 6097
6125 3 2 1 3 6097 6176 6177 6098
6126 3 2 1 3 6098 6177 6178 6099
6127 3 2 1 3 6099 6178 6179 6100
6128 3 2 1 3 6100 6179 6180 6101
6129 3 2 1 3 6101 6180 6181 6102
6130 3 2 1 3 6102 6181 6182 6103
6131 3 2 1 3 6103 6182 6183 6104
6132 3 2 1 3 6104 6183 6184 6105
6133 3 2 1 3 6105 6184 6185 6106
6134 3 2 1 3 6106 6185 6186 6107
6135 3 2 1 3 6107 6186 6187 6108
6136 3 2 1 3 6108 6187 6188 6109
6137 3 2 1 3 6109 6188 6189 6110
6138 3 2 1 3 6110 6189 6190 6111
6139 3 2 1 3 6111 6190 6191 6112
6140 3 2 1 3 6112 6191 6192 6113
6141 3 2 1 3 6113 6192 6193 6114
6142 3 2 1 3 6114 6193 6194 6115
6143 3 2 1 3 6115 6194 6195 6116
6144 3 2 1 3 6116 6195 6196 6117
6145 3 2 1 3 6117 6196 6197 6118
6146 3 2 1 3 6118 6197 6198 6119
6147 3 2 1 3 6119 6198 6199 6120
6148 3 2 1 3 6120 6199 6200 6121
6149 3 2 1 3 6121 6200 6201 6122
6150 3 2 1 3 6122 6201 6202 6123
6151 3 2 1 3 6123 6202 6203 6124
6152 3 2 1 3 6124 6203 6204 6125
6153 3 2 1 3 6125 6204 6205 6126
6154 3 2 1 3 6126 6205 6206 6127
6155 3 2 1 3 6127 6206 6207 6128
6156 3 2 1 3 6128 6207 6208 6129
6157 3 2 1 3 6129 6208 6209 6130
6158 3 2 1 3 6130 6209 6210 6131
6159 3 2 1 3 6131 6210 6211 6132
6160 3 2 1 3 6132 6211 6212 6133
6161 3 2 1 3 6133 6212 6213 6134
6162 3 2 1 3 6134 6213 6214 6135
6163 3 2 1 3 6135 6214 6215 6136
6164 3 2 1 3 6136 6215 6216 6137
6165 3 2 1 3 6137 6216 6217 6138
6166 3 2 1 3 6138 6217 6218 6139
6167 3 2 1 3 6139 6218 6219 6140
6168 3 2 1 3 6140 6219 6220 6141
6169 3 2 1 3 6141 6220 6221 6142
6170 3 2 1 3 6142 6221 6222 6143
6171 3 2 1 3 6143 6222 6223 6144
6172 3 2 1 3 6144 6223 6224 6145
6173 3 2 1 3 6145 6224 6225 6146
6174 3 2 1 3 6146 6225 6226 6147
6175 3 2 1 3 6147 6226 6227 6148
6176 3 2 1 3 6148 6227 6228 6149
6177 3 2 1 3 6149 6228 6229 6150
6178 3 2 1 3 6150 6229 6230 6151
6179 3 2 1 3 6151 6230 6231 6152
6180 3 2 1 3 6152 6231 6232 6153
6181 3 2 1 3 6153 6232 6233 6154
6182 3 2 1 3 6154 6233 547 548
6183 3 2 1 3 429 430 6234 6155
6184 3 2 1 3 6155 6234 6235 6156
6185 3 2 1 3 6156 6235 6236 6157
6186 3 2 1 3 6157 6236 6237 6158
6187 3 2 1 3 6158 6237 6238 6159
6188 3 2 1 3 6159 6238 6239 6160
6189 3 2 1 3 6160 6239 6240 6161
6190 3 2 1 3 6161 6240 6241 6162
6191 3 2 1 3 6162 6241 6242 6163
6192 3 2 1 3 6163 6242 6243 6164
6193 3 2 1 3 6164 6243 6244 6165
6194 3 2 1 3 6165 6244 6245 6166
6195 3 2 1 3 6166 6245 6246 6167
6196 3 2 1 3 6167 6246 6247 6168
6197 3 2 1 3 6168 6247 6248 6169
6198 3 2 1 3 6169 6248 6249 6170
6199 3 2 1 3 6170 6249 6250 6171
6200 3 2 1 3 6171 6250 6251 6172
6201 3 2 1 3 6172 6251 6252 6173
6202 3 2 1 3 6173 6252 6253 6174
6203 3 2 1 3 6174 6253 6254 6175
6204 3 2 1 3 6175 6254 6255 6176
6205 3 2 1 3 6176 6255 6256 6177
6206 3 2 1 3 6177 6256 6257 6178
6207 3 2 1 3 6178 6257 6258 6179
6208 3 2 1 3 6179 6258 6259 6180
6209 3 2 1 3 6180 6259 6260 6181
6210 3 2 1 3 6181 6260 6261 6182
6211 3 2 1 3 6182 6261 6262 6183
6212 3 2 1 3 6183 6262 6263 6184
6213 3 2 1 3 6184 6263 6264 6185
6214 3 2 1 3 6185 6264 6265 6186
6215 3 2 1 3 6186 6265 6266 6187
6216 3 2 1 3 6187 6266 6267 6188
6217 3 2 1 3 6188 6267 6268 6189
6218 3 2 1 3 6189 6268 6269 6190
6219 3 2 1 3 6190 6269 6270 6191
6220 3 2 1 3 6191 6270 6271 6192
6221 3 2 1 3 6192 6271 6272 6193
6222 3 2 1 3 6193 6272 6273 6194
6223 3 2 1 3 6194 6273 6274 6195
6224 3 2 1 3 6195 6274 6275 6196
6225 3 2 1 3 6196 6275 6276 6197
6226 3 2 1 3 6197 6276 6277 6198
6227 3 2 1 3 6198 6277 6278 6199
6228 3 2 1 3 6199 6278 6279 6200
6229 3 2 1 3 6200 6279 6280 6201
6230 3 2 1 3 6201 6280 6281 6202
6231 3 2 1 3 6202 6281 6282 6203
6232 3 2 1 3 6203 6282 6283 6204
6233 3 2 1 3 6204 6283 6284 6205
6234 3 2 1 3 6205 6284 6285 6206
6235 3 2 1 3 6206 6285 6286 6207
6236 3 2 1 3 6207 6286 6287 6208
6237 3 2 1 3 6208 6287 6288 6209
6238 3 2 1 3 6209 6288 6289 6210
6239 3 2 1 3 6210 6289 6290 6211
6240 3 2 1 3 6211 6290 6291 6212
6241 3 2 1 3 6212 6291 6292 6213
6242 3 2 1 3 6213 6292 6293 6214
6243 3 2 1 3 6214 6293 6294 6215
6244 3 2 1 3 6215 6294 6295 6216
6245 3 2 1 3 6216 6295 6296 6217
6246 3 2 1 3 6217 6296 6297 6218
6247 3 2 1 3 6218 6297 6298 6219
6248 3 2 1 3 6219 6298 6299 6220
6249 3 2 1 3 6220 6299 6300 6221
6250 3 2 1 3 6221 6300 6301 6222
6251 3 2 1 3 6222 6301 6302 6223
6252 3 2 1 3 6223 6302 6303 6224
6253 3 2 1 3 6224 6303 6304 6225
6254 3 2 1 3 6225 6304 6305 6226
6255 3 2 1 3 6226 6305 6306 6227
6256 3 2 1 3 6227 6306 6307 6228
6257 3 2 1 3 6228 6307 6308 6229
6258 3 2 1 3 6229 6308 6309 6230
6259 3 2 1 3 6230 6309 6310 6231
6260 3 2 1 3 6231 6310 6311 6232
6261 3 2 1 3 6232 6311 6312 6233
6262 3 2 1 3 6233 6312 546 547
6263 3 2 1 3 430 431 6313 6234
6264 3 2 1 3 6234 6313 6314 6235
6265 3 2 1 3 6235 6314 6315 6236
6266 3 2 1 3 6236 6315 6316 6237
6267 3 2 1 3 6237 6316 6317 6238
6268 3 2 1 3 6238 6317 6318 6239
6269 3 2 1 3 6239 6318 6319 6240
6270 3 2 1 3 6240 6319 6320 6241
6271 3 2 1 3 6241 6320 6321 6242
6272 3 2 1 3 6242 6321 6322 6243
6273 3 2 1 3 6243 6322 6323 6244
6274 3 2 1 3 6244 6323 6324 6245
6275 3 2 1 3 6245 6324 6325 6246
6276 3 2 1 3 6246 6325 6326 6247
6277 3 2 1 3 6247 6326 6327 6248
6278 3 2 1 3 6248 6327 6328 6249
6279 3 2 1 3 6249 6328 6329 6250
6280 3 2 1 3 6250 6329 6330 6251
6281 3 2 1 3 6251 6330 6331 6252
6282 3 2 1 3 6252 6331 6332 6253
6283 3 2 1 3 6253 6332 6333 6254
6284 3 2 1 3 6254 6333 6334 6255
6285 3 2 1 3 6255 6334 6335 6256
6286 3 2 1 3 6256 6335 6336 6257
6287 3 2 1 3 6257 6336 6337 6258
6288 3 2 1 3 6258 6337 6338 6259
6289 3 2 1 3 6259 6338 6339 6260
6290 3 2 1 3 6260 6339 6340 6261
6291 3 2 1 3 6261 6340 6341 6262
6292 3 2 1 3 6262 6341 6342 6263
6293 3 2 1 3 6263 6342 6343 6264
6294 3 2 1 3 6264 6343 6344 6265
6295 3 2 1 3 6265 6344 6345 6266
6296 3 2 1 3 6266 6345 6346 6267
6297 3 2 1 3 6267 6346 6347 6268
6298 3 2 1 3 6268 6347 6348 6269
6299 3 2 1 3 6269 6348 6349 6270
6300 3 2 1 3 6270 6349 6350 6271
6301 3 2 1 3 6271 6350 6351 6272
6302 3 2 1 3 6272 6351 6352 6273
6303 3 2 1 3 6273 6352 6353 6274
6304 3 2 1 3 6274 6353 6354 6275
6305 3 2 1 3 6275 6354 6355 6276
6306 3 2 1 3 6276 6355 6356 6277
6307 3 2 1 3 6277 6356 6357 6278
6308 3 2 1 3 6278 6357 6358 6279
6309 3 2 1 3 6279 6358 6359 6280
6310 3 2 1 3 6280 6359 6360 6281
6311 3 2 1 3 6281 6360 6361 6282
6312 3 2 1 3 6282 6361 6362 6283
6313 3 2 1 3 6283 6362 6363 6284
6314 3 2 1 3 6284 6363 6364 6285
6315 3 2 1 3 6285 6364 6365 6286
6316 3 2 1 3 6286 6365 6366 6287
6317 3 2 1 3 6287 6366 6367 6288
6318 3 2 1 3 6288 6367 6368 6289
6319 3 2 1 3 6289 6368 6369 6290
6320 3 2 1 3 6290 6369 6370 6291
6321 3 2 1 3 6291 6370 6371 6292
6322 3 2 1 3 6292 6371 6372 6293
6323 3 2 1 3 6293 6372 6373 6294
6324 3 2 1 3 6294 6373 6374 6295
6325 3 2 1 3 6295 6374 6375 6296
6326 3 2 1 3 6296 6375 6376 6297
6327 3 2 1 3 6297 6376 6377 6298
6328 3 2 1 3 6298 6377 6378 6299
6329 3 2 1 3 6299 6378 6379 6300
6330 3 2 1 3 6300 6379 6380 6301
6331 3 2 1 3 6301 6380 6381 6302
6332 3 2 1 3 6302 6381 6382 6303
6333 3 2 1 3 6303 6382 6383 6304
6334 3 2 1 3 6304 6383 6384 6305
6335 3 2 1 3 6305 6384 6385 6306
6336 3 2 1 3 6306 6385 6386 6307
6337 3 2 1 3 6307 6386 6387 6308
6338 3 2 1 3 6308 6387 6388 6309
6339 3 2 1 3 6309 6388 6389 6310
6340 3 2 1 3 6310 6389 6390 6311
6341 3 2 1 3 6311 6390 6391 6312
6342 3 2 1 3 6312 6391 545 546
6343 3 2 1 3 431 432 6392 6313
6344 3 2 1 3 6313 6392 6393 6314
6345 3 2 1 3 6314 6393 6394 6315
6346 3 2 1 3 6315 6394 6395 6316
6347 3 2 1 3 6316 6395 6396 6317
6348 3 2 1 3 6317 6396 6397 6318
6349 3 2 1 3 6318 6397 6398 6319
6350 3 2 1 3 6319 6398 6399 6320
6351 3 2 1 3 6320 6399 6400 6321
6352 3 2 1 3 6321 6400 6401 6322
6353 3 2 1 3 6322 6401 6402 6323
6354 3 2 1 3 6323 6402 6403 6324
6355 3 2 1 3 6324 6403 6404 6325
6356 3 2 1 3 6325 6404 6405 6326
6357 3 2 1 3 6326 6405 6406 6327
6358 3 2 1 3 6327 6406 6407 6328
6359 3 2 1 3 6328 6407 6408 6329
6360 3 2 1 3 6329 6408 6409 6330
6361 3 2 1 3 6330 6409 6410 6331
6362 3 2 1 3 6331 6410 6411 6332
6363 3 2 1 3 6332 6411 6412 6333
6364 3 2 1 3 6333 6412 6413 6334
6365 3 2 1 3 6334 6413 6414 6335
6366 3 2 1 3 6335 6414 6415 6336
6367 3 2 1 3 6336 6415 6416 6337
6368 3 2 1 3 6337 6416 6417 6338
6369 3 2 1 3 6338 6417 6418 6339
6370 3 2 1 3 6339 6418 6419 6340
6371 3 2 1 3 6340 6419 6420 6341
6372 3 2 1 3 6341 6420 6421 6342
6373 3 2 1 3 6342 6421 6422 6343
6374 3 2 1 3 6343 6422 6423 6344
6375 3 2 1 3 6344 6423 6424 6345
6376 3 2 1 3 6345 6424 6425 6346
6377 3 2 1 3 6346 6425 6426 6347
6378 3 2 1 3 6347 6426 6427 6348
6379 3 2 1 3 6348 6427 6428 6349
6380 3 2 1 3 6349 6428 6429 6350
6381 3 2 1 3 6350 6429 6430 6351
6382 3 2 1 3 6351 6430 6431 6352
6383 3 2 1 3 6352 6431 6432 6353
6384 3 2 1 3 6353 6432 6433 6354
6385 3 2 1 3 6354 6433 6434 6355
6386 3 2 1 3 6355 6434 6435 6356
6387 3 2 1 3 6356 6435 6436 6357
6388 3 2 1 3 6357 6436 6437 6358
6389 3 2 1 3 6358 6437 6438 6359
6390 3 2 1 3 6359 6438 6439 6360
6391 3 2 1 3 6360 6439 6440 6361
6392 3 2 1 3 6361 6440 6441 6362
6393 3 2 1 3 6362 6441 6442 6363
6394 3 2 1 3 6363 6442 6443 6364
6395 3 2 1 3 6364 6443 6444 6365
6396 3 2 1 3 6365 6444 6445 6366
6397 3 2 1 3 6366 6445 6446 6367
6398 3 2 1 3 6367 6446 6447 6368
6399 3 2 1 3 6368 6447 6448 6369
6400 3 2 1 3 6369 6448 6449 6370
6401 3 2 1 3 6370 6449 6450 6371
6402 3 2 1 3 6371 6450 6451 6372
6403 3 2 1 3 6372 6451 6452 6373
6404 3 2 1 3 6373 6452 6453 6374
6405 3 2 1 3 6374 6453 6454 6375
6406 3 2 1 3 6375 6454 6455 6376
6407 3 2 1 3 6376 6455 6456 6377
6408 3 2 1 3 6377 6456 6457 6378
6409 3 2 1 3 6378 6457 6458 6379
6410 3 2 1 3 6379 6458 6459 6380
6411 3 2 1 3 6380 6459 6460 6381
6412 3 2 1 3 6381 6460 6461 6382
6413 3 2 1 3 6382 6461 6462 6383
6414 3 2 1 3 6383 6462 6463 6384
6415 3 2 1 3 6384 6463 6464 6385
6416 3 2 1 3 6385 6464 6465 6386
6417 3 2 1 3 6386 6465 6466 6387
6418 3 2 1 3 6387 6466 6467 6388
6419 3 2 1 3 6388 6467 6468 6389
6420 3 2 1 3 6389 6468 6469 6390
6421 3 2 1 3 6390 6469 6470 6391
6422 3 2 1 3 6391 6470 544 545
6423 3 2 1 3 432 433 6471 6392
6424 3 2 1 3 6392 6471 6472 6393
6425 3 2 1 3 6393 6472 6473 6394
6426 3 2 1 3 6394 6473 6474 6395
6427 3 2 1 3 6395 6474 6475 6396
6428 3 2 1 3 6396 6475 6476 6397
6429 3 2 1 3 6397 6476 6477 6398
6430 3 2 1 3 6398 6477 6478 6399
6431 3 2 1 3 6399 6478 6479 6400
6432 3 2 1 3 6400 6479 6480 6401
6433 3 2 1 3 6401 6480 6481 6402
6434 3 2 1 3 6402 6481 6482 6403
6435 3 2 1 3 6403 6482 6483 6404
6436 3 2 1 3 6404 6483 6484 6405
6437 3 2 1 3 6405 6484 6485 6406
6438 3 2 1 3 6406 6485 6486 6407
6439 3 2 1 3 6407 6486 6487 6408
6440 3 2 1 3 6408 6487 6488 6409
6441 3 2 1 3 6409 6488 6489 6410
6442 3 2 1 3 6410 6489 6490 6411
6443 3 2 1 3 6411 6490 6491 6412
6444 3 2 1 3 6412 6491 6492 6413
6445 3 2 1 3 6413 6492 6493 6414
6446 3 2 1 3 6414 6493 6494 6415
6447 3 2 1 3 6415 6494 6495 6416
6448 3 2 1 3 6416 6495 6496 6417
6449 3 2 1 3 6417 6496 6497 6418
6450 3 2 1 3 6418 6497 6498 6419
6451 3 2 1 3 6419 6498 6499 6420
6452 3 2 1 3 6420 6499 6500 6421
6453 3 2 1 3 6421 6500 6501 6422
6454 3 2 1 3 6422 6501 6502 6423
6455 3 2 1 3 6423 6502 6503 6424
6456 3 2 1 3 6424 6503 6504 6425
6457 3 2 1 3 6425 6504 6505 6426
6458 3 2 1 3 6426 6505 6506 6427
6459 3 2 1 3 6427 6506 6507 6428
6460 3 2 1 3 6428 6507 6508 6429
6461 3 2 1 3 6429 6508 6509 6430
6462 3 2 1 3 6430 6509 6510 6431
6463 3 2 1 3 6431 6510 6511 6432
6464 3 2 1 3 6432 6511 6512 6433
6465 3 2 1 3 6433 6512 6513 6434
6466 3 2 1 3 6434 6513 6514 6435
6467 3 2 1 3 6435 6514 6515 6436
6468 3 2 1 3 6436 6515 6516 6437
6469 3 2 1 3 6437 6516 6517 6438
6470 3 2 1 3 6438 6517 6518 6439
6471 3 2 1 3 6439 6518 6519 6440
6472 3 2 1 3 6440 6519 6520 6441
6473 3 2 1 3 6441 6520 6521 6442
6474 3 2 1 3 6442 6521 6522 6443
6475 3 2 1 3 6443 6522 6523 6444
6476 3 2 1 3 6444 6523 6524 6445
6477 3 2 1 3 6445 6524 6525 6446
6478 3 2 1 3 6446 6525 6526 6447
6479 3 2 1 3 6447 6526 6527 6448
6480 3 2 1 3 6448 6527 6528 6449
6481 3 2 1 3 6449 6528 6529 6450
6482 3 2 1 3 6450 6529 6530 6451
6483 3 2 1 3 6451 6530 6531 6452
6484 3 2 1 3 6452 6531 6532 6453
6485 3 2 1 3 6453 6532 6533 6454
6486 3 2 1 3 6454 6533 6534 6455
6487 3 2 1 3 6455 6534 6535 6456
6488 3 2 1 3 6456 6535 6536 6457
6489 3 2 1 3 6457 6536 6537 6458
6490 3 2 1 3 6458 6537 6538 6459
6491 3 2 1 3 6459 6538 6539 6460
6492 3 2 1 3 6460 6539 6540 6461
6493 3 2 1 3 6461 6540 6541 6462
6494 3 2 1 3 6462 6541 6542 6463
6495 3 2 1 3 6463 6542 6543 6464
6496 3 2 1 3 6464 6543 6544 6465
6497 3 2 1 3 6465 6544 6545 6466
6498 3 2 1 3 6466 6545 6546 6467
6499 3 2 1 3 6467 6546 6547 6468
6500 3 2 1 3 6468 6547 6548 6469
6501 3 2 1 3 6469 6548 6549 6470
6502 3 2 1 3 6470 6549 543 544
6503 3 2 1 3 433 434 6550 6471
6504 3 2 1 3 6471 6550 6551 6472
6505 3 2 1 3 6472 6551 6552 6473
6506 3 2 1 3 6473 6552 6553 6474
6507 3 2 1 3 6474 6553 6554 6475
6508 3 2 1 3 6475 6554 6555 6476
6509 3 2 1 3 6476 6555 6556 6477
6510 3 2 1 3 6477 6556 6557 6478
6511 3 2 1 3 6478 6557 6558 6479
6512 3 2 1 3 6479 6558 6559 6480
6513 3 2 1 3 6480 6559 6560 6481
6514 3 2 1 3 6481 6560 6561 6482
6515 3 2 1 3 6482 6561 6562 6483
6516 3 2 1 3 6483 6562 6563 6484
6517 3 2 1 3 6484 6563 6564 6485
6518 3 2 1 3 6485 6564 6565 6486
6519 3 2 1 3 6486 6565 6566 6487
6520 3 2 1 3 6487 6566 6567 6488
6521 3 2 1 3 6488 6567 6568 6489
6522 3 2 1 3 6489 6568 6569 6490
6523 3 2 1 3 6490 6569 6570 6491
6524 3 2 1 3 6491 6570 6571 6492
6525 3 2 1 3 6492 6571 6572 6493
6526 3 2 1 3 6493 6572 6573 6494
6527 3 2 1 3 6494 6573 6574 6495
6528 3 2 1 3 6495 6574 6575 6496
6529 3 2 1 3 6496 6575 6576 6497
6530 3 2 1 3 6497 6576 6577 6498
6531 3 2 1 3 6498 6577 6578 6499
6532 3 2 1 3 6499 6578 6579 6500
6533 3 2 1 3 6500 6579 6580 6501
6534 3 2 1 3 6501 6580 6581 6502
6535 3 2 1 3 6502 6581 6582 6503
6536 3 2 1 3 6503 6582 6583 6504
6537 3 2 1 3 6504 6583 6584 6505
6538 3 2 1 3 6505 6584 6585 6506
6539 3 2 1 3 6506 6585 6586 6507
6540 3 2 1 3 6507 6586 6587 6508
6541 3 2 1 3 6508 6587 6588 6509
6542 3 2 1 3 6509 6588 6589 6510
6543 3 2 1 3 6510 6589 6590 6511
6544 3 2 1 3 6511 6590 6591 6512
6545 3 2 1 3 6512 6591 6592 6513
6546 3 2 1 3 6513 6592 6593 6514
6547 3 2 1 3 6514 6593 6594 6515
6548 3 2 1 3 6515 6594 6595 6516
6549 3 2 1 3 6516 6595 6596 6517
6550 3 2 1 3 6517 6596 6597 6518
6551 3 2 1 3 6518 6597 6598 6519
6552 3 2 1 3 6519 6598 6599 6520
6553 3 2 1 3 6520 6599 6600 6521
6554 3 2 1 3 6521 6600 6601 6522
6555 3 2 1 3 6522 6601 6602 6523
6556 3 2 1 3 6523 6602 6603 6524
6557 3 2 1 3 6524 6603 6604 6525
6558 3 2 1 3 6525 6604 6605 6526
6559 3 2 1 3 6526 6605 6606 6527
6560 3 2 1 3 6527 6606 6607 6528
6561 3 2 1 3 6528 6607 6608 6529
6562 3 2 1 3 6529 6608 6609 6530
6563 3 2 1 3 6530 6609 6610 6531
6564 3 2 1 3 6531 6610 6611 6532
6565 3 2 1 3 6532 6611 6612 6533
6566 3 2 1 3 6533 6612 6613 6534
6567 3 2 1 3 6534 6613 6614 6535
6568 3 2 1 3 6535 6614 6615 6536
6569 3 2 1 3 6536 6615 6616 6537
6570 3 2 1 3 6537 6616 6617 6538
6571 3 2 1 3 6538 6617 6618 6539
6572 3 2 1 3 6539 6618 6619 6540
6573 3 2 1 3 6540 6619 6620 6541
6574 3 2 1 3 6541 6620 6621 6542
6575 3 2 1 3 6542 6621 6622 6543
6576 3 2 1 3 6543 6622 6623 6544
6577 3 2 1 3 6544 6623 6624 6545
6578 3 2 1 3 6545 6624 6625 6546
6579 3 2 1 3 6546 6625 6626 6547
6580 3 2 1 3 6547 6626 6627 6548
6581 3 2 1 3 6548 6627 6628 6549
6582 3 2 1 3 6549 6628 542 543
6583 3 2 1 3 434 435 6629 6550
6584 3 2 1 3 6550 6629 6630 6551
6585 3 2 1 3 6551 6630 6631 6552
6586 3 2 1 3 6552 6631 6632 6553
6587 3 2 1 3 6553 6632 6633 6554
6588 3 2 1 3 6554 6633 6634 6555
6589 3 2 1 3 6555 6634 6635 6556
6590 3 2 1 3 6556 6635 6636 6557
6591 3 2 1 3 6557 6636 6637 6558
6592 3 2 1 3 6558 6637 6638 6559
6593 3 2 1 3 6559 6638 6639 6560
6594 3 2 1 3 6560 6639 6640 6561
6595 3 2 1 3 6561 6640 6641 6562
6596 3 2 1 3 6562 6641 6642 6563
6597 3 2 1 3 6563 6642 6643 6564
6598 3 2 1 3 6564 6643 6644 6565
6599 3 2 1 3 6565 6644 6645 6566
6600 3 2 1 3 6566 6645 6646 6567
6601 3 2 1 3 6567 6646 6647 6568
6602 3 2 1 3 6568 6647 6648 6569
6603 3 2 1 3 6569 6648 6649 6570
6604 3 2 1 3 6570 6649 6650 6571
6605 3 2 1 3 6571 6650 6651 6572
6606 3 2 1 3 6572 6651 6652 6573
6607 3 2 1 3 6573 6652 6653 6574
6608 3 2 1 3 6574 6653 6654 6575
6609 3 2 1 3 6575 6654 6655 6576
6610 3 2 1 3 6576 6655 6656 6577
6611 3 2 1 3 6577 6656 6657 6578
6612 3 2 1 3 6578 6657 6658 6579
6613 3 2 1 3 6579 6658 6659 6580
6614 3 2 1 3 6580 6659 6660 6581
6615 3 2 1 3 6581 6660 6661 6582
6616 3 2 1 3 6582 6661 6662 6583
6617 3 2 1 3 6583 6662 6663 6584
6618 3 2 1 3 6584 6663 6664 6585
6619 3 2 1 3 6585 6664 6665 6586
6620 3 2 1 3 6586 6665 6666 6587
6621 3 2 1 3 6587 6666 6667 6588
6622 3 2 1 3 6588 6667 6668 6589
6623 3 2 1 3 6589 6668 6669 6590
6624 3 2 1 3 6590 6669 6670 6591
6625 3 2 1 3 6591 6670 6671 6592
6626 3 2 1 3 6592 6671 6672 6593
6627 3 2 1 3 6593 6672 6673 6594
6628 3 2 1 3 6594 6673 6674 6595
6629 3 2 1 3 6595 6674 6675 6596
6630 3 2 1 3 6596 6675 6676 6597
6631 3 2 1 3 6597 6676 6677 6598
6632 3 2 1 3 6598 6677 6678 6599
6633 3 2 1 3 6599 6678 6679 6600
6634 3 2 1 3 6600 6679 6680 6601
6635 3 2 1 3 6601 6680 6681 6602
6636 3 2 1 3 6602 6681 6682 6603
6637 3 2 1 3 6603 6682 6683 6604
6638 3 2 1 3 6604 6683 6684 6605
6639 3 2 1 3 6605 6684 6685 6606
6640 3 2 1 3 6606 6685 6686 6607
6641 3 2 1 3 6607 6686 6687 6608
6642 3 2 1 3 6608 6687 6688 6609
6643 3 2 1 3 6609 6688 6689 6610
6644 3 2 1 3 6610 6689 6690 6611
6645 3 2 1 3 6611 6690 6691 6612
6646 3 2 1 3 6612 6691 6692 6613
6647 3 2 1 3 6613 6692 6693 6614
6648 3 2 1 3 6614 6693 6694 6615
6649 3 2 1 3 6615 6694 6695 6616
6650 3 2 1 3 6616 6695 6696 6617
6651 3 2 1 3 6617 6696 6697 6618
6652 3 2 1 3 6618 6697 6698 6619
6653 3 2 1 3 6619 6698 6699 6620
6654 3 2 1 3 6620 6699 6700 6621
6655 3 2 1 3 6621 6700 6701 6622
6656 3 2 1 3 6622 6701 6702 6623
6657 3 2 1 3 6623 6702 6703 6624
6658 3 2 1 3 6624 6703 6704 6625
6659 3 2 1 3 6625 6704 6705 6626
6660 3 2 1 3 6626 6705 6706 6627
6661 3 2 1 3 6627 6706 6707 6628
6662 3 2 1 3 6628 6707 541 542
6663 3 2 1 3 435 436 6708 6629
6664 3 2 1 3 6629 6708 6709 6630
6665 3 2 1 3 6630 6709 6710 6631
6666 3 2 1 3 6631 6710 6711 6632
6667 3 2 1 3 6632 6711 6712 6633
6668 3 2 1 3 6633 6712 6713 6634
6669 3 2 1 3 6634 6713 6714 6635
6670 3 2 1 3 6635 6714 6715 6636
6671 3 2 1 3 6636 6715 6716 6637
6672 3 2 1 3 6637 6716 6717 6638
6673 3 2 1 3 6638 6717 6718 6639
6674 3 2 1 3 6639 6718 6719 6640
6675 3 2 1 3 6640 6719 6720 6641
6676 3 2 1 3 6641 6720 6721 6642
6677 3 2 1 3 6642 6721 6722 6643
6678 3 2 1 3 6643 6722 6723 6644
6679 3 2 1 3 6644 6723 6724 6645
6680 3 2 1 3 6645 6724 6725 6646
6681 3 2 1 3 6646 6725 6726 6647
6682 3 2 1 3 6647 6726 6727 6648
6683 3 2 1 3 6648 6727 6728 6649
6684 3 2 1 3 6649 6728 6729 6650
6685 3 2 1 3 6650 6729 6730 6651
6686 3 2 1 3 6651 6730 6731 6652
6687 3 2 1 3 6652 6731 6732 6653
6688 3 2 1 3 6653 6732 6733 6654
6689 3 2 1 3 6654 6733 6734 6655
6690 3 2 1 3 6655 6734 6735 6656
6691 3 2 1 3 6656 6735 6736 6657
6692 3 2 1 3 6657 6736 6737 6658
6693 3 2 1 3 6658 6737 6738 6659
6694 3 2 1 3 6659 6738 6739 6660
6695 3 2 1 3 6660 6739 6740 6661
6696 3 2 1 3 6661 6740 6741 6662
6697 3 2 1 3 6662 6741 6742 6663
6698 3 2 1 3 6663 6742 6743 6664
6699 3 2 1 3 6664 6743 6744 6665
6700 3 2 1 3 6665 6744 6745 6666
6701 3 2 1 3 6666 6745 6746 6667
6702 3 2 1 3 6667 6746 6747 6668
6703 3 2 1 3 6668 6747 6748 6669
6704 3 2 1 3 6669 6748 6749 6670
6705 3 2 1 3 6670 6749 6750 6671
6706 3 2 1 3 6671 6750 6751 6672
6707 3 2 1 3 6672 6751 6752 6673
6708 3 2 1 3 6673 6752 6753 6674
6709 3 2 1 3 6674 6753 6754 6675
6710 3 2 1 3 6675 6754 6755 6676
6711 3 2 1 3 6676 6755 6756 6677
6712 3 2 1 3 6677 6756 6757 6678
6713 3 2 1 3 6678 6757 6758 6679
6714 3 2 1 3 6679 6758 6759 6680
6715 3 2 1 3 6680 6759 6760 6681
6716 3 2 1 3 6681 6760 6761 6682
6717 3 2 1 3 6682 6761 6762 6683
6718 3 2 1 3 6683 6762 6763 6684
6719 3 2 1 3 6684 6763 6764 6685
6720 3 2 1 3 6685 6764 6765 6686
6721 3 2 1 3 6686 6765 6766 6687
6722 3 2 1 3 6687 6766 6767 6688
6723 3 2 1 3 6688 6767 6768 6689
6724 3 2 1 3 6689 6768 6769 6690
6725 3 2 1 3 6690 6769 6770 6691
6726 3 2 1 3 6691 6770 6771 6692
6727 3 2 1 3 6692 6771 6772 6693
6728 3 2 1 3 6693 6772 6773 6694
6729 3 2 1 3 6694 6773 6774 6695
6730 3 2 1 3 6695 6774 6775 6696
6731 3 2 1 3 6696 6775 6776 6697
6732 3 2 1 3 6697 6776 6777 6698
6733 3 2 1 3 6698 6777 6778 6699
6734 3 2 1 3 6699 6778 6779 6700
6735 3 2 1 3 6700 6779 6780 6701
6736 3 2 1 3 6701 6780 6781 6702
6737 3 2 1 3 6702 6781 6782 6703
6738 3 2 1 3 6703 6782 6783 6704
6739 3 2 1 3 6704 6783 6784 6705
6740 3 2 1 3 6705 6784 6785 6706
6741 3 2 1 3 6706 6785 6786 6707
6742 3 2 1 3 6707 6786 540 541
6743 3 2 1 3 436 437 6787 6708
6744 3 2 1 3 6708 6787 6788 6709
6745 3 2 1 3 6709 6788 6789 6710
6746 3 2 1 3 6710 6789 6790 6711
6747 3 2 1 3 6711 6790 6791 6712
6748 3 2 1 3 6712 6791 6792 6713
6749 3 2 1 3 6713 6792 6793 6714
6750 3 2 1 3 6714 6793 6794 6715
6751 3 2 1 3 6715 6794 6795 6716
6752 3 2 1 3 6716 6795 6796 6717
6753 3 2 1 3 6717 6796 6797 6718
6754 3 2 1 3 6718 6797 6798 6719
6755 3 2 1 3 6719 6798 6799 6720
6756 3 2 1 3 6720 6799 6800 6721
6757 3 2 1 3 6721 6800 6801 6722
6758 3 2 1 3 6722 6801 6802 6723
6759 3 2 1 3 6723 6802 6803 6724
6760 3 2 1 3 6724 6803 6804 6725
6761 3 2 1 3 6725 6804 6805 6726
6762 3 2 1 3 6726 6805 6806 6727
6763 3 2 1 3 6727 6806 6807 6728
6764 3 2 1 3 6728 6807 6808 6729
6765 3 2 1 3 6729 6808 6809 6730
6766 3 2 1 3 6730 6809 6810 6731
6767 3 2 1 3 6731 6810 6811 6732
6768 3 2 1 3 6732 6811 6812 6733
6769 3 2 1 3 6733 6812 6813 6734
6770 3 2 1 3 6734 6813 6814 6735
6771 3 2 1 3 6735 6814 6815 6736
6772 3 2 1 3 6736 6815 6816 6737
6773 3 2 1 3 6737 6816 6817 6738
6774 3 2 1 3 6738 6817 6818 6739
6775 3 2 1 3 6739 6818 6819 6740
6776 3 2 1 3 6740 6819 6820 6741
6777 3 2 1 3 6741 6820 6821 6742
6778 3 2 1 3 6742 6821 6822 6743
6779 3 2 1 3 6743 6822 6823 6744
6780 3 2 1 3 6744 6823 6824 6745
6781 3 2 1 3 6745 6824 6825 6746
6782 3 2 1 3 6746 6825 6826 6747
6783 3 2 1 3 6747 6826 6827 6748
6784 3 2 1 3 6748 6827 6828 6749
6785 3 2 1 3 6749 6828 6829 6750
6786 3 2 1 3 6750 6829 6830 6751
6787 3 2 1 3 6751 6830 6831 6752
6788 3 2 1 3 6752 6831 6832 6753
6789 3 2 1 3 6753 6832 6833 6754
6790 3 2 1 3 6754 6833 6834 6755
6791 3 2 1 3 6755 6834 6835 6756
6792 3 2 1 3 6756 6835 6836 6757
6793 3 2 1 3 6757 6836 6837 6758
6794 3 2 1 3 6758 6837 6838 6759
6795 3 2 1 3 6759 6838 6839 6760
6796 3 2 1 3 6760 6839 6840 6761
6797 3 2 1 3 6761 6840 6841 6762
6798 3 2 1 3 6762 6841 6842 6763
6799 3 2 1 3 6763 6842 6843 6764
6800 3 2 1 3 6764 6843 6844 6765
6801 3 2 1 3 6765 6844 6845 6766
6802 3 2 1 3 6766 6845 6846 6767
6803 3 2 1 3 6767 6846 6847 6768
6804 3 2 1 3 6768 6847 6848 6769
6805 3 2 1 3 6769 6848 6849 6770
6806 3 2 1 3 6770 6849 6850 6771
6807 3 2 1 3 6771 6850 6851 6772
6808 3 2 1 3 6772 6851 6852 6773
6809 3 2 1 3 6773 6852 6853 6774
6810 3 2 1 3 6774 6853 6854 6775
6811 3 2 1 3 6775 6854 6855 6776
6812 3 2 1 3 6776 6855 6856 6777
6813 3 2 1 3 6777 6856 6857 6778
6814 3 2 1 3 6778 6857 6858 6779
6815 3 2 1 3 6779 6858 6859 6780
6816 3 2 1 3 6780 6859 6860 6781
6817 3 2 1 3 6781 6860 6861 6782
6818 3 2 1 3 6782 6861 6862 6783
6819 3 2 1 3 6783 6862 6863 6784
6820 3 2 1 3 6784 6863 6864 6785
6821 3 2 1 3 6785 6864 6865 6786
6822 3 2 1 3 6786 6865 539 540
6823 3 2 1 3 437 438 6866 6787
6824 3 2 1 3 6787 6866 6867 6788
6825 3 2 1 3 6788 6867 6868 6789
6826 3 2 1 3 6789 6868 6869 6790
6827 3 2 1 3 6790 6869 6870 6791
6828 3 2 1 3 6791 6870 6871 6792
6829 3 2 1 3 6792 6871 6872 6793
6830 3 2 1 3 6793 6872 6873 6794
6831 3 2 1 3 6794 6873 6874 6795
6832 3 2 1 3 6795 6874 6875 6796
6833 3 2 1 3 6796 6875 6876 6797
6834 3 2 1 3 6797 6876 6877 6798
6835 3 2 1 3 6798 6877 6878 6799
6836 3 2 1 3 6799 6878 6879 6800
6837 3 2 1 3 6800 6879 6880 6801
6838 3 2 1 3 6801 6880 6881 6802
6839 3 2 1 3 6802 6881 6882 6803
6840 3 2 1 3 6803 6882 6883 6804
6841 3 2 1 3 6804 6883 6884 6805
6842 3 2 1 3 6805 6884 6885 6806
6843 3 2 1 3 6806 6885 6886 6807
6844 3 2 1 3 6807 6886 6887 6808
6845 3 2 1 3 6808 6887 6888 6809
6846 3 2 1 3 6809 6888 6889 6810
6847 3 2 1 3 6810 6889 6890 6811
6848 3 2 1 3 6811 6890 6891 6812
6849 3 2 1 3 6812 6891 6892 6813
6850 3 2 1 3 6813 6892 6893 6814
6851 3 2 1 3 6814 6893 6894 6815
6852 3 2 1 3 6815 6894 6895 6816
6853 3 2 1 3 6816 6895 6896 6817
6854 3 2 1 3 6817 6896 6897 6818
6855 3 2 1 3 6818 6897 6898 6819
6856 3 2 1 3 6819 6898 6899 6820
6857 3 2 1 3 6820 6899 6900 6821
6858 3 2 1 3 6821 6900 6901 6822
6859 3 2 1 3 6822 6901 6902 6823
6860 3 2 1 3 6823 6902 6903 6824
6861 3 2 1 3 6824 6903 6904 6825
6862 3 2 1 3 6825 6904 6905 6826
6863 3 2 1 3 6826 6905 6906 6827
6864 3 2 1 3 6827 6906 6907 6828
6865 3 2 1 3 6828 6907 6908 6829
6866 3 2 1 3 6829 6908 6909 6830
6867 3 2 1 3 6830 6909 6910 6831
6868 3 2 1 3 6831 6910 6911 6832
6869 3 2 1 3 6832 6911 6912 6833
6870 3 2 1 3 6833 6912 6913 6834
6871 3 2 1 3 6834 6913 6914 6835
6872 3 2 1 3 6835 6914 6915 6836
6873 3 2 1 3 6836 6915 6916 6837
6874 3 2 1 3 6837 6916 6917 6838
6875 3 2 1 3 6838 6917 6918 6839
6876 3 2 1 3 6839 6918 6919 6840
6877 3 2 1 3 6840 6919 6920 6841
6878 3 2 1 3 6841 6920 6921 6842
6879 3 2 1 3 6842 6921 6922 6843
6880 3 2 1 3 6843 6922 6923 6844
6881 3 2 1 3 6844 6923 6924 6845
6882 3 2 1 3 6845 6924 6925 6846
6883 3 2 1 3 6846 6925 6926 6847
6884 3 2 1 3 6847 6926 6927 6848
6885 3 2 1 3 6848 6927 6928 6849
6886 3 2 1 3 6849 6928 6929 6850
6887 3 2 1 3 6850 6929 6930 6851
6888 3 2 1 3 6851 6930 6931 6852
6889 3 2 1 3 6852 6931 6932 6853
6890 3 2 1 3 6853 6932 6933 6854
6891 3 2 1 3 6854 6933 6934 6855
6892 3 2 1 3 6855 6934 6935 6856
6893 3 2 1 3 6856 6935 6936 6857
6894 3 2 1 3 6857 6936 6937 6858
6895 3 2 1 3 6858 6937 6938 6859
6896 3 2 1 3 6859 6938 6939 6860
6897 3 2 1 3 6860 6939 6940 6861
6898 3 2 1 3 6861 6940 6941 6862
6899 3 2 1 3 6862 6941 6942 6863
6900 3 2 1 3 6863 6942 6943 6864
6901 3 2 1 3 6864 6943 6944 6865
6902 3 2 1 3 6865 6944 538 539
6903 3 2 1 3 438 439 6945 6866
6904 3 2 1 3 6866 6945 6946 6867
6905 3 2 1 3 6867 6946 6947 6868
6906 3 2 1 3 6868 6947 6948 6869
6907 3 2 1 3 6869 6948 6949 6870
6908 3 2 1 3 6870 6949 6950 6871
6909 3 2 1 3 6871 6950 6951 6872
6910 3 2 1 3 6872 6951 6952 6873
6911 3 2 1 3 6873 6952 6953 6874
6912 3 2 1 3 6874 6953 6954 6875
6913 3 2 1 3 6875 6954 6955 6876
6914 3 2 1 3 6876 6955 6956 6877
6915 3 2 1 3 6877 6956 6957 6878
6916 3 2 1 3 6878 6957 6958 6879
6917 3 2 1 3 6879 6958 6959 6880
6918 3 2 1 3 6880 6959 6960 6881
6919 3 2 1 3 6881 6960 6961 6882
6920 3 2 1 3 6882 6961 6962 6883
6921 3 2 1 3 6883 6962 6963 6884
6922 3 2 1 3 6884 6963 6964 6885
6923 3 2 1 3 6885 6964 6965 6886
6924 3 2 1 3 6886 6965 6966 6887
6925 3 2 1 3 6887 6966 6967 6888
6926 3 2 1 3 6888 6967 6968 6889
6927 3 2 1 3 6889 6968 6969 6890
6928 3 2 1 3 6890 6969 6970 6891
6929 3 2 1 3 6891 6970 6971 6892
6930 3 2 1 3 6892 6971 6972 6893
6931 3 2 1 3 6893 6972 6973 6894
6932 3 2 1 3 6894 6973 6974 6895
6933 3 2 1 3 6895 6974 6975 6896
6934 3 2 1 3 6896 6975 6976 6897
6935 3 2 1 3 6897 6976 6977 6898
6936 3 2 1 3 6898 6977 6978 6899
6937 3 2 1 3 6899 6978 6979 6900
6938 3 2 1 3 6900 6979 6980 6901
6939 3 2 1 3 6901 6980 6981 6902
6940 3 2 1 3 6902 6981 6982 6903
6941 3 2 1 3 6903 6982 6983 6904
6942 3 2 1 3 6904 6983 6984 6905
6943 3 2 1 3 6905 6984 6985 6906
6944 3 2 1 3 6906 6985 6986 6907
6945 3 2 1 3 6907 6986 6987 6908
6946 3 2 1 3 6908 6987 6988 6909
6947 3 2 1 3 6909 6988 6989 6910
6948 3 2 1 3 6910 6989 6990 6911
6949 3 2 1 3 6911 6990 6991 6912
6950 3 2 1 3 6912 6991 6992 6913
6951 3 2 1 3 6913 6992 6993 6914
6952 3 2 1 3 6914 6993 6994 6915
6953 3 2 1 3 6915 6994 6995 6916
6954 3 2 1 3 6916 6995 6996 6917
6955 3 2 1 3 6917 6996 6997 6918
6956 3 2 1 3 6918 6997 6998 6919
6957 3 2 1 3 6919 6998 6999 6920
6958 3 2 1 3 6920 6999 7000 6921
6959 3 2 1 3 6921 7000 7001 6922
6960 3 2 1 3 6922 7001 7002 6923
6961 3 2 1 3 6923 7002 7003 6924
6962 3 2 1 3 6924 7003 7004 6925
6963 3 2 1 3 6925 7004 7005 6926
6964 3 2 1 3 6926 7005 7006 6927
6965 3 2 1 3 6927 7006 7007 6928
6966 3 2 1 3 6928 7007 7008 6929
6967 3 2 1 3 6929 7008 7009 6930
6968 3 2 1 3 6930 7009 7010 6931
6969 3 2 1 3 6931 7010 7011 6932
6970 3 2 1 3 6932 7011 7012 6933
6971 3 2 1 3 6933 7012 7013 6934
6972 3 2 1 3 6934 7013 7014 6935
6973 3 2 1 3 6935 7014 7015 6936
6974 3 2 1 3 6936 7015 7016 6937
6975 3 2 1 3 6937 7016 7017 6938
6976 3 2 1 3 6938 7017 7018 6939
6977 3 2 1 3 6939 7018 7019 6940
6978 3 2 1 3 6940 7019 7020 6941
6979 3 2 1 3 6941 7020 7021 6942
6980 3 2 1 3 6942 7021 7022 6943
6981 3 2 1 3 6943 7022 7023 6944
6982 3 2 1 3 6944 7023 537 538
6983 3 2 1 3 439 440 7024 6945
6984 3 2 1 3 6945 7024 7025 6946
6985 3 2 1 3 6946 7025 7026 6947
6986 3 2 1 3 6947 7026 7027 6948
6987 3 2 1 3 6948 7027 7028 6949
6988 3 2 1 3 6949 7028 7029 6950
6989 3 2 1 3 6950 7029 7030 6951
6990 3 2 1 3 6951 7030 7031 6952
6991 3 2 1 3 6952 7031 7032 6953
6992 3 2 1 3 6953 7032 7033 6954
6993 3 2 1 3 6954 7033 7034 6955
6994 3 2 1 3 6955 7034 7035 6956
6995 3 2 1 3 6956 7035 7036 6957
6996 3 2 1 3 6957 7036 7037 6958
6997 3 2 1 3 6958 7037 7038 6959
6998 3 2 1 3 6959 7038 7039 6960
6999 3 2 1 3 6960 7039 7040 6961
7000 3 2 1 3 6961 7040 7041 6962
7001 3 2 1 3 6962 7041 7042 6963
7002 3 2 1 3 6963 7042 7043 6964
7003 3 2 1 3 6964 7043 7044 6965
7004 3 2 1 3 6965 7044 7045 6966
7005 3 2 1 3 6966 7045 7046 6967
7006 3 2 1 3 6967 7046 7047 6968
7007 3 2 1 3 6968 7047 7048 6969
7008 3 2 1 3 6969 7048 7049 6970
7009 3 2 1 3 6970 7049 7050 6971
7010 3 2 1 3 6971 7050 7051 6972
7011 3 2 1 3 6972 7051 7052 6973
7012 3 2 1 3 6973 7052 7053 6974
7013 3 2 1 3 6974 7053 7054 6975
7014 3 2 1 3 6975 7054 7055 6976
7015 3 2 1 3 6976 7055 7056 6977
7016 3 2 1 3 6977 7056 7057 6978
7017 3 2 1 3 6978 7057 7058 6979
7018 3 2 1 3 6979 7058 7059 6980
7019 3 2 1 3 6980 7059 7060 6981
7020 3 2 1 3 6981 7060 7061 6982
7021 3 2 1 3 6982 7061 7062 6983
7022 3 2 1 3 6983 7062 7063 6984
7023 3 2 1 3 6984 7063 7064 6985
7024 3 2 1 3 6985 7064 7065 6986
7025 3 2 1 3 6986 7065 7066 6987
7026 3 2 1 3 6987 7066 7067 6988
7027 3 2 1 3 6988 7067 7068 6989
7028 3 2 1 3 6989 7068 7069 6990
7029 3 2 1 3 6990 7069 7070 6991
7030 3 2 1 3 6991 7070 7071 6992
7031 3 2 1 3 6992 7071 7072 6993
7032 3 2 1 3 6993 7072 7073 6994
7033 3 2 1 3 6994 7073 7074 6995
7034 3 2 1 3 6995 7074 7075 6996
7035 3 2 1 3 6996 7075 7076 6997
7036 3 2 1 3 6997 7076 7077 6998
7037 3 2 1 3 6998 7077 7078 6999
7038 3 2 1 3 6999 7078 7079 7000
7039 3 2 1 3 7000 7079 7080 7001
7040 3 2 1 3 7001 7080 7081 7002
7041 3 2 1 3 7002 7081 7082 7003
7042 3 2 1 3 7003 7082 7083 7004
7043 3 2 1 3 7004 7083 7084 7005
7044 3 2 1 3 7005 7084 7085 7006
7045 3 2 1 3 7006 7085 7086 7007
7046 3 2 1 3 7007 7086 7087 7008
7047 3 2 1 3 7008 7087 7088 7009
7048 3 2 1 3 7009 7088 7089 7010
7049 3 2 1 3 7010 7089 7090 7011
7050 3 2 1 3 7011 7090 7091 7012
7051 3 2 1 3 7012 7091 7092 7013
7052 3 2 1 3 7013 7092 7093 7014
7053 3 2 1 3 7014 7093 7094 7015
7054 3 2 1 3 7015 7094 7095 7016
7055 3 2 1 3 7016 7095 7096 7017
7056 3 2 1 3 7017 7096 7097 7018
7057 3 2 1 3 7018 7097 7098 7019
7058 3 2 1 3 7019 7098 7099 7020
7059 3 2 1 3 7020 7099 7100 7021
7060 3 2 1 3 7021 7100 7101 7022
7061 3 2 1 3 7022 7101 7102 7023
7062 3 2 1 3 7023 7102 536 537
7063 3 2 1 3 440 441 7103 7024
7064 3 2 1 3 7024 7103 7104 7025
7065 3 2 1 3 7025 7104 7105 7026
7066 3 2 1 3 7026 7105 7106 7027
7067 3 2 1 3 7027 7106 7107 7028
7068 3 2 1 3 7028 7107 7108 7029
7069 3 2 1 3 7029 7108 7109 7030
7070 3 2 1 3 7030 7109 7110 7031
7071 3 2 1 3 7031 7110 7111 7032
7072 3 2 1 3 7032 7111 7112 7033
7073 3 2 1 3 7033 7112 7113 7034
7074 3 2 1 3 7034 7113 7114 7035
7075 3 2 1 3 7035 7114 7115 7036
7076 3 2 1 3 7036 7115 7116 7037
7077 3 2 1 3 7037 7116 7117 7038
7078 3 2 1 3 7038 7117 7118 7039
7079 3 2 1 3 7039 7118 7119 7040
7080 3 2 1 3 7040 7119 7120 7041
7081 3 2 1 3 7041 7120 7121 7042
7082 3 2 1 3 7042 7121 7122 7043
7083 3 2 1 3 7043 7122 7123 7044
7084 3 2 1 3 7044 7123 7124 7045
7085 3 2 1 3 7045 7124 7125 7046
7086 3 2 1 3 7046 7125 7126 7047
7087 3 2 1 3 7047 7126 7127 7048
7088 3 2 1 3 7048 7127 7128 7049
7089 3 2 1 3 7049 7128 7129 7050
7090 3 2 1 3 7050 7129 7130 7051
7091 3 2 1 3 7051 7130 7131 7052
7092 3 2 1 3 7052 7131 7132 7053
7093 3 2 1 3 7053 7132 7133 7054
7094 3 2 1 3 7054 7133 7134 7055
7095 3 2 1 3 7055 7134 7135 7056
7096 3 2 1 3 7056 7135 7136 7057
7097 3 2 1 3 7057 7136 7137 7058
7098 3 2 1 3 7058 7137 7138 7059
7099 3 2 1 3 7059 7138 7139 7060
7100 3 2 1 3 7060 7139 7140 7061
7101 3 2 1 3 7061 7140 7141 7062
7102 3 2 1 3 7062 7141 7142 7063
7103 3 2 1 3 7063 7142 7143 7064
7104 3 2 1 3 7064 7143 7144 7065
7105 3 2 1 3 7065 7144 7145 7066
7106 3 2 1 3 7066 7145 7146 7067
7107 3 2 1 3 7067 7146 7147 7068
7108 3 2 1 3 7068 7147 7148 7069
7109 3 2 1 3 7069 7148 7149 7070
7110 3 2 1 3 7070 7149 7150 7071
7111 3 2 1 3 7071 7150 7151 7072
7112 3 2 1 3 7072 7151 7152 7073
7113 3 2 1 3 7073 7152 7153 7074
7114 3 2 1 3 7074 7153 7154 7075
7115 3 2 1 3 7075 7154 7155 7076
7116 3 2 1 3 7076 7155 7156 7077
7117 3 2 1 3 7077 7156 7157 7078
7118 3 2 1 3 7078 7157 7158 7079
7119 3 2 1 3 7079 7158 7159 7080
7120 3 2 1 3 7080 7159 7160 7081
7121 3 2 1 3 7081 7160 7161 7082
7122 3 2 1 3 7082 7161 7162 7083
7123 3 2 1 3 7083 7162 7163 7084
7124 3 2 1 3 7084 7163 7164 7085
7125 3 2 1 3 7085 7164 7165 7086
7126 3 2 1 3 7086 7165 7166 7087
7127 3 2 1 3 7087 7166 7167 7088
7128 3 2 1 3 7088 7167 7168 7089
7129 3 2 1 3 7089 7168 7169 7090
7130 3 2 1 3 7090 7169 7170 7091
7131 3 2 1 3 7091 7170 7171 7092
7132 3 2 1 3 7092 7171 7172 7093
7133 3 2 1 3 7093 7172 7173 7094
7134 3 2 1 3 7094 7173 7174 7095
7135 3 2 1 3 7095 7174 7175 7096
7136 3 2 1 3 7096 7175 7176 7097
7137 3 2 1 3 7097 7176 7177 7098
7138 3 2 1 3 7098 7177 7178 7099
7139 3 2 1 3 7099 7178 7179 7100
7140 3 2 1 3 7100 7179 7180 7101
7141 3 2 1 3 7101 7180 7181 7102
7142 3 2 1 3 7102 7181 535 536
7143 3 2 1 3 441 442 7182 7103
7144 3 2 1 3 7103 7182 7183 7104
7145 3 2 1 3 7104 7183 7184 7105
7146 3 2 1 3 7105 7184 7185 7106
7147 3 2 1 3 7106 7185 7186 7107
7148 3 2 1 3 7107 7186 7187 7108
7149 3 2 1 3 7108 7187 7188 7109
7150 3 2 1 3 7109 7188 7189 7110
7151 3 2 1 3 7110 7189 7190 7111
7152 3 2 1 3 7111 7190 7191 7112
7153 3 2 1 3 7112 7191 7192 7113
7154 3 2 1 3 7113 7192 7193 7114
7155 3 2 1 3 7114 7193 7194 7115
7156 3 2 1 3 7115 7194 7195 7116
7157 3 2 1 3 7116 7195 7196 7117
7158 3 2 1 3 7117 7196 7197 7118
7159 3 2 1 3 7118 7197 7198 7119
7160 3 2 1 3 7119 7198 7199 7120
7161 3 2 1 3 7120 7199 7200 7121
7162 3 2 1 3 7121 7200 7201 7122
7163 3 2 1 3 7122 7201 7202 7123
7164 3 2 1 3 7123 7202 7203 7124
7165 3 2 1 3 7124 7203 7204 7125
7166 3 2 1 3 7125 7204 7205 7126
7167 3 2 1 3 7126 7205 7206 7127
7168 3 2 1 3 7127 7206 7207 7128
7169 3 2 1 3 7128 7207 7208 7129
7170 3 2 1 3 7129 7208 7209 7130
7171 3 2 1 3 7130 7209 7210 7131
7172 3 2 1 3 7131 7210 7211 7132
7173 3 2 1 3 7132 7211 7212 7133
7174 3 2 1 3 7133 7212 7213 7134
7175 3 2 1 3 7134 7213 7214 7135
7176 3 2 1 3 7135 7214 7215 7136
7177 3 2 1 3 7136 7215 7216 7137
7178 3 2 1 3 7137 7216 7217 7138
7179 3 2 1 3 7138 7217 7218 7139
7180 3 2 1 3 7139 7218 7219 7140
7181 3 2 1 3 7140 7219 7220 7141
7182 3 2 1 3 7141 7220 7221 7142
7183 3 2 1 3 7142 7221 7222 7143
7184 3 2 1 3 7143 7222 7223 7144
7185 3 2 1 3 7144 7223 7224 7145
7186 3 2 1 3 7145 7224 7225 7146
7187 3 2 1 3 7146 7225 7226 7147
7188 3 2 1 3 7147 7226 7227 7148
7189 3 2 1 3 7148 7227 7228 7149
7190 3 2 1 3 7149 7228 7229 7150
7191 3 2 1 3 7150 7229 7230 7151
7192 3 2 1 3 7151 7230 7231 7152
7193 3 2 1 3 7152 7231 7232 7153
7194 3 2 1 3 7153 7232 7233 7154
7195 3 2 1 3 7154 7233 7234 7155
7196 3 2 1 3 7155 7234 7235 7156
7197 3 2 1 3 7156 7235 7236 7157
7198 3 2 1 3 7157 7236 7237 7158
7199 3 2 1 3 7158 7237 7238 7159
7200 3 2 1 3 7159 7238 7239 7160
7201 3 2 1 3 7160 7239 7240 7161
7202 3 2 1 3 7161 7240 7241 7162
7203 3 2 1 3 7162 7241 7242 7163
7204 3 2 1 3 7163 7242 7243 7164
7205 3 2 1 3 7164 7243 7244 7165
7206 3 2 1 3 7165 7244 7245 7166
7207 3 2 1 3 7166 7245 7246 7167
7208 3 2 1 3 7167 7246 7247 7168
7209 3 2 1 3 7168 7247 7248 7169
7210 3 2 1 3 7169 7248 7249 7170
7211 3 2 1 3 7170 7249 7250 7171
7212 3 2 1 3 7171 7250 7251 7172
7213 3 2 1 3 7172 7251 7252 7173
7214 3 2 1 3 7173 7252 7253 7174
7215 3 2 1 3 7174 7253 7254 7175
7216 3 2 1 3 7175 7254 7255 7176
7217 3 2 1 3 7176 7255 7256 7177
7218 3 2 1 3 7177 7256 7257 7178
7219 3 2 1 3 7178 7257 7258 7179
7220 3 2 1 3 7179 7258 7259 7180
7221 3 2 1 3 7180 7259 7260 7181
7222 3 2 1 3 7181 7260 534 535
7223 3 2 1 3 442 443 7261 7182
7224 3 2 1 3 7182 7261 7262 7183
7225 3 2 1 3 7183 7262 7263 7184
7226 3 2 1 3 7184 7263 7264 7185
7227 3 2 1 3 7185 7264 7265 7186
7228 3 2 1 3 7186 7265 7266 7187
7229 3 2 1 3 7187 7266 7267 7188
7230 3 2 1 3 7188 7267 7268 7189
7231 3 2 1 3 7189 7268 7269 7190
7232 3 2 1 3 7190 7269 7270 7191
7233 3 2 1 3 7191 7270 7271 7192
7234 3 2 1 3 7192 7271 7272 7193
7235 3 2 1 3 7193 7272 7273 7194
7236 3 2 1 3 7194 7273 7274 7195
7237 3 2 1 3 7195 7274 7275 7196
7238 3 2 1 3 7196 7275 7276 7197
7239 3 2 1 3 7197 7276 7277 7198
7240 3 2 1 3 7198 7277 7278 7199
7241 3 2 1 3 7199 7278 7279 7200
7242 3 2 1 3 7200 7279 7280 7201
7243 3 2 1 3 7201 7280 7281 7202
7244 3 2 1 3 7202 7281 7282 7203
7245 3 2 1 3 7203 7282 7283 7204
7246 3 2 1 3 7204 7283 7284 7205
7247 3 2 1 3 7205 7284 7285 7206
7248 3 2 1 3 7206 7285 7286 7207
7249 3 2 1 3 7207 7286 7287 7208
7250 3 2 1 3 7208 7287 7288 7209
7251 3 2 1 3 7209 7288 7289 7210
7252 3 2 1 3 7210 7289 7290 7211
7253 3 2 1 3 7211 7290 7291 7212
7254 3 2 1 3 7212 7291 7292 7213
7255 3 2 1 3 7213 7292 7293 7214
7256 3 2 1 3 7214 7293 7294 7215
7257 3 2 1 3 7215 7294 7295 7216
7258 3 2 1 3 7216 7295 7296 7217
7259 3 2 1 3 7217 7296 7297 7218
7260 3 2 1 3 7218 7297 7298 7219
7261 3 2 1 3 7219 7298 7299 7220
7262 3 2 1 3 7220 7299 7300 7221
7263 3 2 1 3 7221 7300 7301 7222
7264 3 2 1 3 7222 7301 7302 7223
7265 3 2 1 3 7223 7302 7303 7224
7266 3 2 1 3 7224 7303 7304 7225
7267 3 2 1 3 7225 7304 7305 7226
7268 3 2 1 3 7226 7305 7306 7227
7269 3 2 1 3 7227 7306 7307 7228
7270 3 2 1 3 7228 7307 7308 7229
7271 3 2 1 3 7229 7308 7309 7230
7272 3 2 1 3 7230 7309 7310 7231
7273 3 2 1 3 7231 7310 7311 7232
7274 3 2 1 3 7232 7311 7312 7233
7275 3 2 1 3 7233 7312 7313 7234
7276 3 2 1 3 7234 7313 7314 7235
7277 3 2 1 3 7235 7314 7315 7236
7278 3 2 1 3 7236 7315 7316 7237
7279 3 2 1 3 7237 7316 7317 7238
7280 3 2 1 3 7238 7317 7318 7239
7281 3 2 1 3 7239 7318 7319 7240
7282 3 2 1 3 7240 7319 7320 7241
7283 3 2 1 3 7241 7320 7321 7242
7284 3 2 1 3 7242 7321 7322 7243
7285 3 2 1 3 7243 7322 7323 7244
7286 3 2 1 3 7244 7323 7324 7245
7287 3 2 1 3 7245 7324 7325 7246
7288 3 2 1 3 7246 7325 7326 7247
7289 3 2 1 3 7247 7326 7327 7248
7290 3 2 1 3 7248 7327 7328 7249
7291 3 2 1 3 7249 7328 7329 7250
7292 3 2 1 3 7250 7329 7330 7251
7293 3 2 1 3 7251 7330 7331 7252
7294 3 2 1 3 7252 7331 7332 7253
7295 3 2 1 3 7253 7332 7333 7254
7296 3 2 1 3 7254 7333 7334 7255
7297 3 2 1 3 7255 7334 7335 7256
7298 3 2 1 3 7256 7335 7336 7257
7299 3 2 1 3 7257 7336 7337 7258
7300 3 2 1 3 7258 7337 7338 7259
7301 3 2 1 3 7259 7338 7339 7260
7302 3 2 1 3 7260 7339 533 534
7303 3 2 1 3 443 444 7340 7261
7304 3 2 1 3 7261 7340 7341 7262
7305 3 2 1 3 7262 7341 7342 7263
7306 3 2 1 3 7263 7342 7343 7264
7307 3 2 1 3 7264 7343 7344 7265
7308 3 2 1 3 7265 7344 7345 7266
7309 3 2 1 3 7266 7345 7346 7267
7310 3 2 1 3 7267 7346 7347 7268
7311 3 2 1 3 7268 7347 7348 7269
7312 3 2 1 3 7269 7348 7349 7270
7313 3 2 1 3 7270 7349 7350 7271
7314 3 2 1 3 7271 7350 7351 7272
7315 3 2 1 3 7272 7351 7352 7273
7316 3 2 1 3 7273 7352 7353 7274
7317 3 2 1 3 7274 7353 7354 7275
7318 3 2 1 3 7275 7354 7355 7276
7319 3 2 1 3 7276 7355 7356 7277
7320 3 2 1 3 7277 7356 7357 7278
7321 3 2 1 3 7278 7357 7358 7279
7322 3 2 1 3 7279 7358 7359 7280
7323 3 2 1 3 7280 7359 7360 7281
7324 3 2 1 3 7281 7360 7361 7282
7325 3 2 1 3 7282 7361 7362 7283
7326 3 2 1 3 7283 7362 7363 7284
7327 3 2 1 3 7284 7363 7364 7285
7328 3 2 1 3 7285 7364 7365 7286
7329 3 2 1 3 7286 7365 7366 7287
7330 3 2 1 3 7287 7366 7367 7288
7331 3 2 1 3 7288 7367 7368 7289
7332 3 2 1 3 7289 7368 7369 7290
7333 3 2 1 3 7290 7369 7370 7291
7334 3 2 1 3 7291 7370 7371 7292
7335 3 2 1 3 7292 7371 7372 7293
7336 3 2 1 3 7293 7372 7373 7294
7337 3 2 1 3 7294 7373 7374 7295
7338 3 2 1 3 7295 7374 7375 7296
7339 3 2 1 3 7296 7375 7376 7297
7340 3 2 1 3 7297 7376 7377 7298
7341 3 2 1 3 7298 7377 7378 7299
7342 3 2 1 3 7299 7378 7379 7300
7343 3 2 1 3 7300 7379 7380 7301
7344 3 2 1 3 7301 7380 7381 7302
7345 3 2 1 3 7302 7381 7382 7303
7346 3 2 1 3 7303 7382 7383 7304
7347 3 2 1 3 7304 7383 7384 7305
7348 3 2 1 3 7305 7384 7385 7306
7349 3 2 1 3 7306 7385 7386 7307
7350 3 2 1 3 7307 7386 7387 7308
7351 3 2 1 3 7308 7387 7388 7309
7352 3 2 1 3 7309 7388 7389 7310
7353 3 2 1 3 7310 7389 7390 7311
7354 3 2 1 3 7311 7390 7391 7312
7355 3 2 1 3 7312 7391 7392 7313
7356 3 2 1 3 7313 7392 7393 7314
7357 3 2 1 3 7314 7393 7394 7315
7358 3 2 1 3 7315 7394 7395 7316
7359 3 2 1 3 7316 7395 7396 7317
7360 3 2 1 3 7317 7396 7397 7318
7361 3 2 1 3 7318 7397 7398 7319
7362 3 2 1 3 7319 7398 7399 7320
7363 3 2 1 3 7320 7399 7400 7321
7364 3 2 1 3 7321 7400 7401 7322
7365 3 2 1 3 7322 7401 7402 7323
7366 3 2 1 3 7323 7402 7403 7324
7367 3 2 1 3 7324 7403 7404 7325
7368 3 2 1 3 7325 7404 7405 7326
7369 3 2 1 3 7326 7405 7406 7327
7370 3 2 1 3 7327 7406 7407 7328
7371 3 2 1 3 7328 7407 7408 7329
7372 3 2 1 3 7329 7408 7409 7330
7373 3 2 1 3 7330 7409 7410 7331
7374 3 2 1 3 7331 7410 7411 7332
7375 3 2 1 3 7332 7411 7412 7333
7376 3 2 1 3 7333 7412 7413 7334
7377 3 2 1 3 7334 7413 7414 7335
7378 3 2 1 3 7335 7414 7415 7336
7379 3 2 1 3 7336 7415 7416 7337
7380 3 2 1 3 7337 7416 7417 7338
7381 3 2 1 3 7338 7417 7418 7339
7382 3 2 1 3 7339 7418 532 533
7383 3 2 1 3 444 445 7419 7340
7384 3 2 1 3 7340 7419 7420 7341
7385 3 2 1 3 7341 7420 7421 7342
7386 3 2 1 3 7342 7421 7422 7343
7387 3 2 1 3 7343 7422 7423 7344
7388 3 2 1 3 7344 7423 7424 7345
7389 3 2 1 3 7345 7424 7425 7346
7390 3 2 1 3 7346 7425 7426 7347
7391 3 2 1 3 7347 7426 7427 7348
7392 3 2 1 3 7348 7427 7428 7349
7393 3 2 1 3 7349 7428 7429 7350
7394 3 2 1 3 7350 7429 7430 7351
7395 3 2 1 3 7351 7430 7431 7352
7396 3 2 1 3 7352 7431 7432 7353
7397 3 2 1 3 7353 7432 7433 7354
7398 3 2 1 3 7354 7433 7434 7355
7399 3 2 1 3 7355 7434 7435 7356
7400 3 2 1 3 7356 7435 7436 7357
7401 3 2 1 3 7357 7436 7437 7358
7402 3 2 1 3 7358 7437 7438 7359
7403 3 2 1 3 7359 7438 7439 7360
7404 3 2 1 3 7360 7439 7440 7361
7405 3 2 1 3 7361 7440 7441 7362
7406 3 2 1 3 7362 7441 7442 7363
7407 3 2 1 3 7363 7442 7443 7364
7408 3 2 1 3 7364 7443 7444 7365
7409 3 2 1 3 7365 7444 7445 7366
7410 3 2 1 3 7366 7445 7446 7367
7411 3 2 1 3 7367 7446 7447 7368
7412 3 2 1 3 7368 7447 7448 7369
7413 3 2 1 3 7369 7448 7449 7370
7414 3 2 1 3 7370 7449 7450 7371
7415 3 2 1 3 7371 7450 7451 7372
7416 3 2 1 3 7372 7451 7452 7373
7417 3 2 1 3 7373 7452 7453 7374
7418 3 2 1 3 7374 7453 7454 7375
7419 3 2 1 3 7375 7454 7455 7376
7420 3 2 1 3 7376 7455 7456 7377
7421 3 2 1 3 7377 7456 7457 7378
7422 3 2 1 3 7378 7457 7458 7379
7423 3 2 1 3 7379 7458 7459 7380
7424 3 2 1 3 7380 7459 7460 7381
7425 3 2 1 3 7381 7460 7461 7382
7426 3 2 1 3 7382 7461 7462 7383
7427 3 2 1 3 7383 7462 7463 7384
7428 3 2 1 3 7384 7463 7464 7385
7429 3 2 1 3 7385 7464 7465 7386
7430 3 2 1 3 7386 7465 7466 7387
7431 3 2 1 3 7387 7466 7467 7388
7432 3 2 1 3 7388 7467 7468 7389
7433 3 2 1 3 7389 7468 7469 7390
7434 3 2 1 3 7390 7469 7470 7391
7435 3 2 1 3 7391 7470 7471 7392
7436 3 2 1 3 7392 7471 7472 7393
7437 3 2 1 3 7393 7472 7473 7394
7438 3 2 1 3 7394 7473 7474 7395
7439 3 2 1 3 7395 7474 7475 7396
7440 3 2 1 3 7396 7475 7476 7397
7441 3 2 1 3 7397 7476 7477 7398
7442 3 2 1 3 7398 7477 7478 7399
7443 3 2 1 3 7399 7478 7479 7400
7444 3 2 1 3 7400 7479 7480 7401
7445 3 2 1 3 7401 7480 7481 7402
7446 3 2 1 3 7402 7481 7482 7403
7447 3 2 1 3 7403 7482 7483 7404
7448 3 2 1 3 7404 7483 7484 7405
7449 3 2 1 3 7405 7484 7485 7406
7450 3 2 1 3 7406 7485 7486 7407
7451 3 2 1 3 7407 7486 7487 7408
7452 3 2 1 3 7408 7487 7488 7409
7453 3 2 1 3 7409 7488 7489 7410
7454 3 2 1 3 7410 7489 7490 7411
7455 3 2 1 3 7411 7490 7491 7412
7456 3 2 1 3 7412 7491 7492 7413
7457 3 2 1 3 7413 7492 7493 7414
7458 3 2 1 3 7414 7493 7494 7415
7459 3 2 1 3 7415 7494 7495 7416
7460 3 2 1 3 7416 7495 7496 7417
7461 3 2 1 3 7417 7496 7497 7418
7462 3 2 1 3 7418 7497 531 532
7463 3 2 1 3 445 446 7498 7419
7464 3 2 1 3 7419 7498 7499 7420
7465 3 2 1 3 7420 7499 7500 7421
7466 3 2 1 3 7421 7500 7501 7422
7467 3 2 1 3 7422 7501 7502 7423
7468 3 2 1 3 7423 7502 7503 7424
7469 3 2 1 3 7424 7503 7504 7425
7470 3 2 1 3 7425 7504 7505 7426
7471 3 2 1 3 7426 7505 7506 7427
7472 3 2 1 3 7427 7506 7507 7428
7473 3 2 1 3 7428 7507 7508 7429
7474 3 2 1 3 7429 7508 7509 7430
7475 3 2 1 3 7430 7509 7510 7431
7476 3 2 1 3 7431 7510 7511 7432
7477 3 2 1 3 7432 7511 7512 7433
7478 3 2 1 3 7433 7512 7513 7434
7479 3 2 1 3 7434 7513 7514 7435
7480 3 2 1 3 7435 7514 7515 7436
7481 3 2 1 3 7436 7515 7516 7437
7482 3 2 1 3 7437 7516 7517 7438
7483 3 2 1 3 7438 7517 7518 7439
7484 3 2 1 3 7439 7518 7519 7440
7485 3 2 1 3 7440 7519 7520 7441
7486 3 2 1 3 7441 7520 7521 7442
7487 3 2 1 3 7442 7521 7522 7443
7488 3 2 1 3 7443 7522 7523 7444
7489 3 2 1 3 7444 7523 7524 7445
7490 3 2 1 3 7445 7524 7525 7446
7491 3 2 1 3 7446 7525 7526 7447
7492 3 2 1 3 7447 7526 7527 7448
7493 3 2 1 3 7448 7527 7528 7449
7494 3 2 1 3 7449 7528 7529 7450
7495 3 2 1 3 7450 7529 7530 7451
7496 3 2 1 3 7451 7530 7531 7452
7497 3 2 1 3 7452 7531 7532 7453
7498 3 2 1 3 7453 7532 7533 7454
7499 3 2 1 3 7454 7533 7534 7455
7500 3 2 1 3 7455 7534 7535 7456
7501 3 2 1 3 7456 7535 7536 7457
7502 3 2 1 3 7457 7536 7537 7458
7503 3 2 1 3 7458 7537 7538 7459
7504 3 2 1 3 7459 7538 7539 7460
7505 3 2 1 3 7460 7539 7540 7461
7506 3 2 1 3 7461 7540 7541 7462
7507 3 2 1 3 7462 7541 7542 7463
7508 3 2 1 3 7463 7542 7543 7464
7509 3 2 1 3 7464 7543 7544 7465
7510 3 2 1 3 7465 7544 7545 7466
7511 3 2 1 3 7466 7545 7546 7467
7512 3 2 1 3 7467 7546 7547 7468
7513 3 2 1 3 7468 7547 7548 7469
7514 3 2 1 3 7469 7548 7549 7470
7515 3 2 1 3 7470 7549 7550 7471
7516 3 2 1 3 7471 7550 7551 7472
7517 3 2 1 3 7472 7551 7552 7473
7518 3 2 1 3 7473 7552 7553 7474
7519 3 2 1 3 7474 7553 7554 7475
7520 3 2 1 3 7475 7554 7555 7476
7521 3 2 1 3 7476 7555 7556 7477
7522 3 2 1 3 7477 7556 7557 7478
7523 3 2 1 3 7478 7557 7558 7479
7524 3 2 1 3 7479 7558 7559 7480
7525 3 2 1 3 7480 7559 7560 7481
7526 3 2 1 3 7481 7560 7561 7482
7527 3 2 1 3 7482 7561 7562 7483
7528 3 2 1 3 7483 7562 7563 7484
7529 3 2 1 3 7484 7563 7564 7485
7530 3 2 1 3 7485 7564 7565 7486
7531 3 2 1 3 7486 7565 7566 7487
7532 3 2 1 3 7487 7566 7567 7488
7533 3 2 1 3 7488 7567 7568 7489
7534 3 2 1 3 7489 7568 7569 7490
7535 3 2 1 3 7490 7569 7570 7491
7536 3 2 1 3 7491 7570 7571 7492
7537 3 2 1 3 7492 7571 7572 7493
7538 3 2 1 3 7493 7572 7573 7494
7539 3 2 1 3 7494 7573 7574 7495
7540 3 2 1 3 7495 7574 7575 7496
7541 3 2 1 3 7496 7575 7576 7497
7542 3 2 1 3 7497 7576 530 531
7543 3 2 1 3 446 447 7577 7498
7544 3 2 1 3 7498 7577 7578 7499
7545 3 2 1 3 7499 7578 7579 7500
7546 3 2 1 3 7500 7579 7580 7501
7547 3 2 1 3 7501 7580 7581 7502
7548 3 2 1 3 7502 7581 7582 7503
7549 3 2 1 3 7503 7582 7583 7504
7550 3 2 1 3 7504 7583 7584 7505
7551 3 2 1 3 7505 7584 7585 7506
7552 3 2 1 3 7506 7585 7586 7507
7553 3 2 1 3 7507 7586 7587 7508
7554 3 2 1 3 7508 7587 7588 7509
7555 3 2 1 3 7509 7588 7589 7510
7556 3 2 1 3 7510 7589 7590 7511
7557 3 2 1 3 7511 7590 7591 7512
7558 3 2 1 3 7512 7591 7592 7513
7559 3 2 1 3 7513 7592 7593 7514
7560 3 2 1 3 7514 7593 7594 7515
7561 3 2 1 3 7515 7594 7595 7516
7562 3 2 1 3 7516 7595 7596 7517
7563 3 2 1 3 7517 7596 7597 7518
7564 3 2 1 3 7518 7597 7598 7519
7565 3 2 1 3 7519 7598 7599 7520
7566 3 2 1 3 7520 7599 7600 7521
7567 3 2 1 3 7521 7600 7601 7522
7568 3 2 1 3 7522 7601 7602 7523
7569 3 2 1 3 7523 7602 7603 7524
7570 3 2 1 3 7524 7603 7604 7525
7571 3 2 1 3 7525 7604 7605 7526
7572 3 2 1 3 7526 7605 7606 7527
7573 3 2 1 3 7527 7606 7607 7528
7574 3 2 1 3 7528 7607 7608 7529
7575 3 2 1 3 7529 7608 7609 7530
7576 3 2 1 3 7530 7609 7610 7531
7577 3 2 1 3 7531 7610 7611 7532
7578 3 2 1 3 7532 7611 7612 7533
7579 3 2 1 3 7533 7612 7613 7534
7580 3 2 1 3 7534 7613 7614 7535
7581 3 2 1 3 7535 7614 7615 7536
7582 3 2 1 3 7536 7615 7616 7537
7583 3 2 1 3 7537 7616 7617 7538
7584 3 2 1 3 7538 7617 7618 7539
7585 3 2 1 3 7539 7618 7619 7540
7586 3 2 1 3 7540 7619 7620 7541
7587 3 2 1 3 7541 7620 7621 7542
7588 3 2 1 3 7542 7621 7622 7543
7589 3 2 1 3 7543 7622 7623 7544
7590 3 2 1 3 7544 7623 7624 7545
7591 3 2 1 3 7545 7624 7625 7546
7592 3 2 1 3 7546 7625 7626 7547
7593 3 2 1 3 7547 7626 7627 7548
7594 3 2 1 3 7548 7627 7628 7549
7595 3 2 1 3 7549 7628 7629 7550
7596 3 2 1 3 7550 7629 7630 7551
7597 3 2 1 3 7551 7630 7631 7552
7598 3 2 1 3 7552 7631 7632 7553
7599 3 2 1 3 7553 7632 7633 7554
7600 3 2 1 3 7554 7633 7634 7555
7601 3 2 1 3 7555 7634 7635 7556
7602 3 2 1 3 7556 7635 7636 7557
7603 3 2 1 3 7557 7636 7637 7558
7604 3 2 1 3 7558 7637 7638 7559
7605 3 2 1 3 7559 7638 7639 7560
7606 3 2 1 3 7560 7639 7640 7561
7607 3 2 1 3 7561 7640 7641 7562
7608 3 2 1 3 7562 7641 7642 7563
7609 3 2 1 3 7563 7642 7643 7564
7610 3 2 1 3 7564 7643 7644 7565
7611 3 2 1 3 7565 7644 7645 7566
7612 3 2 1 3 7566 7645 7646 7567
7613 3 2 1 3 7567 7646 7647 7568
7614 3 2 1 3 7568 7647 7648 7569
7615 3 2 1 3 7569 7648 7649 7570
7616 3 2 1 3 7570 7649 7650 7571
7617 3 2 1 3 7571 7650 7651 7572
7618 3 2 1 3 7572 7651 7652 7573
7619 3 2 1 3 7573 7652 7653 7574
7620 3 2 1 3 7574 7653 7654 7575
7621 3 2 1 3 7575 7654 7655 7576
7622 3 2 1 3 7576 7655 529 530
7623 3 2 1 3 447 448 7656 7577
7624 3 2 1 3 7577 7656 7657 7578
7625 3 2 1 3 7578 7657 7658 7579
7626 3 2 1 3 7579 7658 7659 7580
7627 3 2 1 3 7580 7659 7660 7581
7628 3 2 1 3 7581 7660 7661 7582
7629 3 2 1 3 7582 7661 7662 7583
7630 3 2 1 3 7583 7662 7663 7584
7631 3 2 1 3 7584 7663 7664 7585
7632 3 2 1 3 7585 7664 7665 7586
7633 3 2 1 3 7586 7665 7666 7587
7634 3 2 1 3 7587 7666 7667 7588
7635 3 2 1 3 7588 7667 7668 7589
7636 3 2 1 3 7589 7668 7669 7590
7637 3 2 1 3 7590 7669 7670 7591
7638 3 2 1 3 7591 7670 7671 7592
7639 3 2 1 3 7592 7671 7672 7593
7640 3 2 1 3 7593 7672 7673 7594
7641 3 2 1 3 7594 7673 7674 7595
7642 3 2 1 3 7595 7674 7675 7596
7643 3 2 1 3 7596 7675 7676 7597
7644 3 2 1 3 7597 7676 7677 7598
7645 3 2 1 3 7598 7677 7678 7599
7646 3 2 1 3 7599 7678 7679 7600
7647 3 2 1 3 7600 7679 7680 7601
7648 3 2 1 3 7601 7680 7681 7602
7649 3 2 1 3 7602 7681 7682 7603
7650 3 2 1 3 7603 7682 7683 7604
7651 3 2 1 3 7604 7683 7684 7605
7652 3 2 1 3 7605 7684 7685 7606
7653 3 2 1 3 7606 7685 7686 7607
7654 3 2 1 3 7607 7686 7687 7608
7655 3 2 1 3 7608 7687 7688 7609
7656 3 2 1 3 7609 7688 7689 7610
7657 3 2 1 3 7610 7689 7690 7611
7658 3 2 1 3 7611 7690 7691 7612
7659 3 2 1 3 7612 7691 7692 7613
7660 3 2 1 3 7613 7692 7693 7614
7661 3 2 1 3 7614 7693 7694 7615
7662 3 2 1 3 7615 7694 7695 7616
7663 3 2 1 3 7616 7695 7696 7617
7664 3 2 1 3 7617 7696 7697 7618
7665 3 2 1 3 7618 7697 7698 7619
7666 3 2 1 3 7619 7698 7699 7620
7667 3 2 1 3 7620 7699 7700 7621
7668 3 2 1 3 7621 7700 7701 7622
7669 3 2 1 3 7622 7701 7702 7623
7670 3 2 1 3 7623 7702 7703 7624
7671 3 2 1 3 7624 7703 7704 7625
7672 3 2 1 3 7625 7704 7705 7626
7673 3 2 1 3 7626 7705 7706 7627
7674 3 2 1 3 7627 7706 7707 7628
7675 3 2 1 3 7628 7707 7708 7629
7676 3 2 1 3 7629 7708 7709 7630
7677 3 2 1 3 7630 7709 7710 7631
7678 3 2 1 3 7631 7710 7711 7632
7679 3 2 1 3 7632 7711 7712 7633
7680 3 2 1 3 7633 7712 7713 7634
7681 3 2 1 3 7634 7713 7714 7635
7682 3 2 1 3 7635 7714 7715 7636
7683 3 2 1 3 7636 7715 7716 7637
7684 3 2 1 3 7637 7716 7717 7638
7685 3 2 1 3 7638 7717 7718 7639
7686 3 2 1 3 7639 7718 7719 7640
7687 3 2 1 3 7640 7719 7720 7641
7688 3 2 1 3 7641 7720 7721 7642
7689 3 2 1 3 7642 7721 7722 7643
7690 3 2 1 3 7643 7722 7723 7644
7691 3 2 1 3 7644 7723 7724 7645
7692 3 2 1 3 7645 7724 7725 7646
7693 3 2 1 3 7646 7725 7726 7647
7694 3 2 1 3 7647 7726 7727 7648
7695 3 2 1 3 7648 7727 7728 7649
7696 3 2 1 3 7649 7728 7729 7650
7697 3 2 1 3 7650 7729 7730 7651
7698 3 2 1 3 7651 7730 7731 7652
7699 3 2 1 3 7652 7731 7732 7653
7700 3 2 1 3 7653 7732 7733 7654
7701 3 2 1 3 7654 7733 7734 7655
7702 3 2 1 3 7655 7734 528 529
7703 3 2 1 3 448 3 232 7656
7704 3 2 1 3 7656 232 231 7657
7705 3 2 1 3 7657 231 230 7658
7706 3 2 1 3 7658 230 229 7659
7707 3 2 1 3 7659 229 228 7660
7708 3 2 1 3 7660 228 227 7661
7709 3 2 1 3 7661 227 226 7662
7710 3 2 1 3 7662 226 225 7663
7711 3 2 1 3 7663 225 224 7664
7712 3 2 1 3 7664 224 223 7665
7713 3 2 1 3 7665 223 222 7666
7714 3 2 1 3 7666 222 221 7667
7715 3 2 1 3 7667 221 220 7668
7716 3 2 1 3 7668 220 219 7669
7717 3 2 1 3 7669 219 218 7670
7718 3 2 1 3 7670 218 217 7671
7719 3 2 1 3 7671 217 216 7672
7720 3 2 1 3 7672 216 215 7673
7721 3 2 1 3 7673 215 214 7674
7722 3 2 1 3 7674 214 213 7675
7723 3 2 1 3 7675 213 212 7676
7724 3 2 1 3 7676 212 211 7677
7725 3 2 1 3 7677 211 210 7678
7726 3 2 1 3 7678 210 209 7679
7727 3 2 1 3 7679 209 208 7680
7728 3 2 1 3 7680 208 207 7681
7729 3 2 1 3 7681 207 206 7682
7730 3 2 1 3 7682 206 205 7683
7731 3 2 1 3 7683 205 204 7684
7732 3 2 1 3 7684 204 203 7685
7733 3 2 1 3 7685 203 202 7686
7734 3 2 1 3 7686 202 201 7687
7735 3 2 1 3 7687 201 200 7688
7736 3 2 1 3 7688 200 199 7689
7737 3 2 1 3 7689 199 198 7690
7738 3 2 1 3 7690 198 197 7691
7739 3 2 1 3 7691 197 196 7692
7740 3 2 1 3 7692 196 195 7693
7741 3 2 1 3 7693 195 194 7694
7742 3 2 1 3 7694 194 193 7695
7743 3 2 1 3 7695 193 192 7696
7744 3 2 1 3 7696 192 191 7697
7745 3 2 1 3 7697 191 190 7698
7746 3 2 1 3 7698 190 189 7699
7747 3 2 1 3 7699 189 188 7700
7748 3 2 1 3 7700 188 187 7701
7749 3 2 1 3 7701 187 186 7702
7750 3 2 1 3 7702 186 185 7703
7751 3 2 1 3 7703 185 184 7704
7752 3 2 1 3 7704 184 183 7705
7753 3 2 1 3 7705 183 182 7706
7754 3 2 1 3 7706 182 181 7707
7755 3 2 1 3 7707 181 180 7708
7756 3 2 1 3 7708 180 179 7709
7757 3 2 1 3 7709 179 178 7710
7758 3 2 1 3 7710 178 177 7711
7759 3 2 1 3 7711 177 176 7712
7760 3 2 1 3 7712 176 175 7713
7761 3 2 1 3 7713 175 174 7714
7762 3 2 1 3 7714 174 173 7715
7763 3 2 1 3 7715 173 172 7716
7764 3 2 1 3 7716 172 171 7717
7765 3 2 1 3 7717 171 170 7718
7766 3 2 1 3 7718 170 169 7719
7767 3 2 1 3 7719 169 168 7720
7768 3 2 1 3 7720 168 167 7721
7769 3 2 1 3 7721 167 166 7722
7770 3 2 1 3 7722 166 165 7723
7771 3 2 1 3 7723 165 164 7724
7772 3 2 1 3 7724 164 163 7725
7773 3 2 1 3 7725 163 162 7726
7774 3 2 1 3 7726 162 161 7727
7775 3 2 1 3 7727 161 160 7728
7776 3 2 1 3 7728 160 159 7729
7777 3 2 1 3 7729 159 158 7730
7778 3 2 1 3 7730 158 157 7731
7779 3 2 1 3 7731 157 156 7732
7780 3 2 1 3 7732 156 155 7733
7781 3 2 1 3 7733 155 154 7734
7782 3 2 1 3 7734 154 2 528
7783 3 2 1 4 6 615 7735 17
7784 3 2 1 4 615 616 7736 7735
7785 3 2 1 4 616 617 7737 7736
7786 3 2 1 4 617 618 7738 7737
7787 3 2 1 4 618 619 7739 7738
7788 3 2 1 4 619 620 7740 7739
7789 3 2 1 4 620 621 7741 7740
7790 3 2 1 4 621 622 7742 7741
7791 3 2 1 4 622 623 7743 7742
7792 3 2 1 4 623 624 7744 7743
7793 3 2 1 4 624 625 7745 7744
7794 3 2 1 4 625 626 7746 7745
7795 3 2 1 4 626 627 7747 7746
7796 3 2 1 4 627 628 7748 7747
7797 3 2 1 4 628 629 7749 7748
7798 3 2 1 4 629 630 7750 7749
7799 3 2 1 4 630 631 7751 7750
7800 3 2 1 4 631 632 7752 7751
7801 3 2 1 4 632 633 7753 7752
7802 3 2 1 4 633 634 7754 7753
7803 3 2 1 4 634 635 7755 7754
7804 3 2 1 4 635 636 7756 7755
7805 3 2 1 4 636 637 7757 7756
7806 3 2 1 4 637 638 7758 7757
7807 3 2 1 4 638 639 7759 7758
7808 3 2 1 4 639 640 7760 7759
7809 3 2 1 4 640 641 7761 7760
7810 3 2 1 4 641 642 7762 7761
7811 3 2 1 4 642 643 7763 7762
7812 3 2 1 4 643 10 586 7763
7813 3 2 1 4 17 7735 7764 18
7814 3 2 1 4 7735 7736 7765 7764
7815 3 2 1 4 7736 7737 7766 7765
7816 3 2 1 4 7737 7738 7767 7766
7817 3 2 1 4 7738 7739 7768 7767
7818 3 2 1 4 7739 7740 7769 7768
7819 3 2 1 4 7740 7741 7770 7769
7820 3 2 1 4 7741 7742 7771 7770
7821 3 2 1 4 7742 7743 7772 7771
7822 3 2 1 4 7743 7744 7773 7772
7823 3 2 1 4 7744 7745 7774 7773
7824 3 2 1 4 7745 7746 7775 7774
7825 3 2 1 4 7746 7747 7776 7775
7826 3 2 1 4 7747 7748 7777 7776
7827 3 2 1 4 7748 7749 7778 7777
7828 3 2 1 4 7749 7750 7779 7778
7829 3 2 1 4 7750 7751 7780 7779
7830 3 2 1 4 7751 7752 7781 7780
7831 3 2 1 4 7752 7753 7782 7781
7832 3 2 1 4 7753 7754 7783 7782
7833 3 2 1 4 7754 7755 7784 7783
7834 3 2 1 4 7755 7756 7785 7784
7835 3 2 1 4 7756 7757 7786 7785
7836 3 2 1 4 7757 7758 7787 7786
7837 3 2 1 4 7758 7759 7788 7787
7838 3 2 1 4 7759 7760 7789 7788
7839 3 2 1 4 7760 7761 7790 7789
7840 3 2 1 4 7761 7762 7791 7790
7841 3 2 1 4 7762 7763 7792 7791
7842 3 2 1 4 7763 586 587 7792
7843 3 2 1 4 18 7764 7793 19
7844 3 2 1 4 7764 7765 7794 7793
7845 3 2 1 4 7765 7766 7795 7794
7846 3 2 1 4 7766 7767 7796 7795
7847 3 2 1 4 7767 7768 7797 7796
7848 3 2 1 4 7768 7769 7798 7797
7849 3 2 1 4 7769 7770 7799 7798
7850 3 2 1 4 7770 7771 7800 7799
7851 3 2 1 4 7771 7772 7801 7800
7852 3 2 1 4 7772 7773 7802 7801
7853 3 2 1 4 7773 7774 7803 7802
7854 3 2 1 4 7774 7775 7804 7803
7855 3 2 1 4 7775 7776 7805 7804
7856 3 2 1 4 7776 7777 7806 7805
7857 3 2 1 4 7777 7778 7807 7806
7858 3 2 1 4 7778 7779 7808 7807
7859 3 2 1 4 7779 7780 7809 7808
7860 3 2 1 4 7780 7781 7810 7809
7861 3 2 1 4 7781 7782 7811 7810
7862 3 2 1 4 7782 7783 7812 7811
7863 3 2 1 4 7783 7784 7813 7812
7864 3 2 1 4 7784 7785 7814 7813
7865 3 2 1 4 7785 7786 7815 7814
7866 3 2 1 4 7786 7787 7816 7815
7867 3 2 1 4 7787 7788 7817 7816
7868 3 2 1 4 7788 7789 7818 7817
7869 3 2 1 4 7789 7790 7819 7818
7870 3 2 1 4 7790 7791 7820 7819
7871 3 2 1 4 7791 7792 7821 7820
7872 3 2 1 4 7792 587 588 7821
7873 3 2 1 4 19 7793 7822 20
7874 3 2 1 4 7793 7794 7823 7822
7875 3 2 1 4 7794 7795 7824 7823
7876 3 2 1 4 7795 7796 7825 7824
7877 3 2 1 4 7796 7797 7826 7825
7878 3 2 1 4 7797 7798 7827 7826
7879 3 2 1 4 7798 7799 7828 7827
7880 3 2 1 4 7799 7800 7829 7828
7881 3 2 1 4 7800 7801 7830 7829
7882 3 2 1 4 7801 7802 7831 7830
7883 3 2 1 4 7802 7803 7832 7831
7884 3 2 1 4 7803 7804 7833 7832
7885 3 2 1 4 7804 7805 7834 7833
7886 3 2 1 4 7805 7806 7835 7834
7887 3 2 1 4 7806 7807 7836 7835
7888 3 2 1 4 7807 7808 7837 7836
7889 3 2 1 4 7808 7809 7838 7837
7890 3 2 1 4 7809 7810 7839 7838
7891 3 2 1 4 7810 7811 7840 7839
7892 3 2 1 4 7811 7812 7841 7840
7893 3 2 1 4 7812 7813 7842 7841
7894 3 2 1 4 7813 7814 7843 7842
7895 3 2 1 4 7814 7815 7844 7843
7896 3 2 1 4 7815 7816 7845 7844
7897 3 2 1 4 7816 7817 7846 7845
7898 3 2 1 4 7817 7818 7847 7846
7899 3 2 1 4 7818 7819 7848 7847
7900 3 2 1 4 7819 7820 7849 7848
7901 3 2 1 4 7820 7821 7850 7849
7902 3 2 1 4 7821 588 589 7850
7903 3 2 1 4 20 7822 7851 21
7904 3 2 1 4 7822 7823 7852 7851
7905 3 2 1 4 7823 7824 7853 7852
7906 3 2 1 4 7824 7825 7854 7853
7907 3 2 1 4 7825 7826 7855 7854
7908 3 2 1 4 7826 7827 7856 7855
7909 3 2 1 4 7827 7828 7857 7856
7910 3 2 1 4 7828 7829 7858 7857
7911 3 2 1 4 7829 7830 7859 7858
7912 3 2 1 4 7830 7831 7860 7859
7913 3 2 1 4 7831 7832 7861 7860
7914 3 2 1 4 7832 7833 7862 7861
7915 3 2 1 4 7833 7834 7863 7862
7916 3 2 1 4 7834 7835 7864 7863
7917 3 2 1 4 7835 7836 7865 7864
7918 3 2 1 4 7836 7837 7866 7865
7919 3 2 1 4 7837 7838 7867 7866
7920 3 2 1 4 7838 7839 7868 7867
7921 3 2 1 4 7839 7840 7869 7868
7922 3 2 1 4 7840 7841 7870 7869
7923 3 2 1 4 7841 7842 7871 7870
7924 3 2 1 4 7842 7843 7872 7871
7925 3 2 1 4 7843 7844 7873 7872
7926 3 2 1 4 7844 7845 7874 7873
7927 3 2 1 4 7845 7846 7875 7874
7928 3 2 1 4 7846 7847 7876 7875
7929 3 2 1 4 7847 7848 7877 7876
7930 3 2 1 4 7848 7849 7878 7877
7931 3 2 1 4 7849 7850 7879 7878
7932 3 2 1 4 7850 589 590 7879
7933 3 2 1 4 21 7851 7880 22
7934 3 2 1 4 7851 7852 7881 7880
7935 3 2 1 4 7852 7853 7882 7881
7936 3 2 1 4 7853 7854 7883 7882
7937 3 2 1 4 7854 7855 7884 7883
7938 3 2 1 4 7855 7856 7885 7884
7939 3 2 1 4 7856 7857 7886 7885
7940 3 2 1 4 7857 7858 7887 7886
7941 3 2 1 4 7858 7859 7888 7887
7942 3 2 1 4 7859 7860 7889 7888
7943 3 2 1 4 7860 7861 7890 7889
7944 3 2 1 4 7861 7862 7891 7890
7945 3 2 1 4 7862 7863 7892 7891
7946 3 2 1 4 7863 7864 7893 7892
7947 3 2 1 4 7864 7865 7894 7893
7948 3 2 1 4 7865 7866 7895 7894
7949 3 2 1 4 7866 7867 7896 7895
7950 3 2 1 4 7867 7868 7897 7896
7951 3 2 1 4 7868 7869 7898 7897
7952 3 2 1 4 7869 7870 7899 7898
7953 3 2 1 4 7870 7871 7900 7899
7954 3 2 1 4 7871 7872 7901 7900
7955 3 2 1 4 7872 7873 7902 7901
7956 3 2 1 4 7873 7874 7903 7902
7957 3 2 1 4 7874 7875 7904 7903
7958 3 2 1 4 7875 7876 7905 7904
7959 3 2 1 4 7876 7877 7906 7905
7960 3 2 1 4 7877 7878 7907 7906
7961 3 2 1 4 7878 7879 7908 7907
7962 3 2 1 4 7879 590 591 7908
7963 3 2 1 4 22 7880 7909 23
7964 3 2 1 4 7880 7881 7910 7909
7965 3 2 1 4 7881 7882 7911 7910
7966 3 2 1 4 7882 7883 7912 7911
7967 3 2 1 4 7883 7884 7913 7912
7968 3 2 1 4 7884 7885 7914 7913
7969 3 2 1 4 7885 7886 7915 7914
7970 3 2 1 4 7886 7887 7916 7915
7971 3 2 1 4 7887 7888 7917 7916
7972 3 2 1 4 7888 7889 7918 7917
7973 3 2 1 4 7889 7890 7919 7918
7974 3 2 1 4 7890 7891 7920 7919
7975 3 2 1 4 7891 7892 7921 7920
7976 3 2 1 4 7892 7893 7922 7921
7977 3 2 1 4 7893 7894 7923 7922
7978 3 2 1 4 7894 7895 7924 7923
7979 3 2 1 4 7895 7896 7925 7924
7980 3 2 1 4 7896 7897 7926 7925
7981 3 2 1 4 7897 7898 7927 7926
7982 3 2 1 4 7898 7899 7928 7927
7983 3 2 1 4 7899 7900 7929 7928
7984 3 2 1 4 7900 7901 7930 7929
7985 3 2 1 4 7901 7902 7931 7930
7986 3 2 1 4 7902 7903 7932 7931
7987 3 2 1 4 7903 7904 7933 7932
7988 3 2 1 4 7904 7905 7934 7933
7989 3 2 1 4 7905 7906 7935 7934
7990 3 2 1 4 7906 7907 7936 7935
7991 3 2 1 4 7907 7908 7937 7936
7992 3 2 1 4 7908 591 592 7937
7993 3 2 1 4 23 7909 7938 24
7994 3 2 1 4 7909 7910 7939 7938
7995 3 2 1 4 7910 7911 7940 7939
7996 3 2 1 4 7911 7912 7941 7940
7997 3 2 1 4 7912 7913 7942 7941
7998 3 2 1 4 7913 7914 7943 7942
7999 3 2 1 4 7914 7915 7944 7943
8000 3 2 1 4 7915 7916 7945 7944
8001 3 2 1 4 7916 7917 7946 7945
8002 3 2 1 4 7917 7918 7947 7946
8003 3 2 1 4 7918 7919 7948 7947
8004 3 2 1 4 7919 7920 7949 7948
8005 3 2 1 4 7920 7921 7950 7949
8006 3 2 1 4 7921 7922 7951 7950
8007 3 2 1 4 7922 7923 7952 7951
8008 3 2 1 4 7923 7924 7953 7952
8009 3 2 1 4 7924 7925 7954 7953
8010 3 2 1 4 7925 7926 7955 7954
8011 3 2 1 4 7926 7927 7956 7955
8012 3 2 1 4 7927 7928 7957 7956
8013 3 2 1 4 7928 7929 7958 7957
8014 3 2 1 4 7929 7930 7959 7958
8015 3 2 1 4 7930 7931 7960 7959
8016 3 2 1 4 7931 7932 7961 7960
8017 3 2 1 4 7932 7933 7962 7961
8018 3 2 1 4 7933 7934 7963 7962
8019 3 2 1 4 7934 7935 7964 7963
8020 3 2 1 4 7935 7936 7965 7964
8021 3 2 1 4 7936 7937 7966 7965
8022 3 2 1 4 7937 592 593 7966
8023 3 2 1 4 24 7938 7967 25
8024 3 2 1 4 7938 7939 7968 7967
8025 3 2 1 4 7939 7940 7969 7968
8026 3 2 1 4 7940 7941 7970 7969
8027 3 2 1 4 7941 7942 7971 7970
8028 3 2 1 4 7942 7943 7972 7971
8029 3 2 1 4 7943 7944 7973 7972
8030 3 2 1 4 7944 7945 7974 7973
8031 3 2 1 4 7945 7946 7975 7974
8032 3 2 1 4 7946 7947 7976 7975
8033 3 2 1 4 7947 7948 7977 7976
8034 3 2 1 4 7948 7949 7978 7977
8035 3 2 1 4 7949 7950 7979 7978
8036 3 2 1 4 7950 7951 7980 7979
8037 3 2 1 4 7951 7952 7981 7980
8038 3 2 1 4 7952 7953 7982 7981
8039 3 2 1 4 7953 7954 7983 7982
8040 3 2 1 4 7954 7955 7984 7983
8041 3 2 1 4 7955 7956 7985 7984
8042 3 2 1 4 7956 7957 7986 7985
8043 3 2 1 4 7957 7958 7987 7986
8044 3 2 1 4 7958 7959 7988 7987
8045 3 2 1 4 7959 7960 7989 7988
8046 3 2 1 4 7960 7961 7990 7989
8047 3 2 1 4 7961 7962 7991 7990
8048 3 2 1 4 7962 7963 7992 7991
8049 3 2 1 4 7963 7964 7993 7992
8050 3 2 1 4 7964 7965 7994 7993
8051 3 2 1 4 7965 7966 7995 7994
8052 3 2 1 4 7966 593 594 7995
8053 3 2 1 4 25 7967 7996 26
8054 3 2 1 4 7967 7968 7997 7996
8055 3 2 1 4 7968 7969 7998 7997
8056 3 2 1 4 7969 7970 7999 7998
8057 3 2 1 4 7970 7971 8000 7999
8058 3 2 1 4 7971 7972 8001 8000
8059 3 2 1 4 7972 7973 8002 8001
8060 3 2 1 4 7973 7974 8003 8002
8061 3 2 1 4 7974 7975 8004 8003
8062 3 2 1 4 7975 7976 8005 8004
8063 3 2 1 4 7976 7977 8006 8005
8064 3 2 1 4 7977 7978 8007 8006
8065 3 2 1 4 7978 7979 8008 8007
8066 3 2 1 4 7979 7980 8009 8008
8067 3 2 1 4 7980 7981 8010 8009
8068 3 2 1 4 7981 7982 8011 8010
8069 3 2 1 4 7982 7983 8012 8011
8070 3 2 1 4 7983 7984 8013 8012
8071 3 2 1 4 7984 7985 8014 8013
8072 3 2 1 4 7985 7986 8015 8014
8073 3 2 1 4 7986 7987 8016 8015
8074 3 2 1 4 7987 7988 8017 8016
8075 3 2 1 4 7988 7989 8018 8017
8076 3 2 1 4 7989 7990 8019 8018
8077 3 2 1 4 7990 7991 8020 8019
8078 3 2 1 4 7991 7992 8021 8020
8079 3 2 1 4 7992 7993 8022 8021
8080 3 2 1 4 7993 7994 8023 8022
8081 3 2 1 4 7994 7995 8024 8023
8082 3 2 1 4 7995 594 595 8024
8083 3 2 1 4 26 7996 8025 27
8084 3 2 1 4 7996 7997 8026 8025
8085 3 2 1 4 7997 7998 8027 8026
8086 3 2 1 4 7998 7999 8028 8027
8087 3 2 1 4 7999 8000 8029 8028
8088 3 2 1 4 8000 8001 8030 8029
8089 3 2 1 4 8001 8002 8031 8030
8090 3 2 1 4 8002 8003 8032 8031
8091 3 2 1 4 8003 8004 8033 8032
8092 3 2 1 4 8004 8005 8034 8033
8093 3 2 1 4 8005 8006 8035 8034
8094 3 2 1 4 8006 8007 8036 8035
8095 3 2 1 4 8007 8008 8037 8036
8096 3 2 1 4 8008 8009 8038 8037
8097 3 2 1 4 8009 8010 8039 8038
8098 3 2 1 4 8010 8011 8040 8039
8099 3 2 1 4 8011 8012 8041 8040
8100 3 2 1 4 8012 8013 8042 8041
8101 3 2 1 4 8013 8014 8043 8042
8102 3 2 1 4 8014 8015 8044 8043
8103 3 2 1 4 8015 8016 8045 8044
8104 3 2 1 4 8016 8017 8046 8045
8105 3 2 1 4 8017 8018 8047 8046
8106 3 2 1 4 8018 8019 8048 8047
8107 3 2 1 4 8019 8020 8049 8048
8108 3 2 1 4 8020 8021 8050 8049
8109 3 2 1 4 8021 8022 8051 8050
8110 3 2 1 4 8022 8023 8052 8051
8111 3 2 1 4 8023 8024 8053 8052
8112 3 2 1 4 8024 595 596 8053
8113 3 2 1 4 27 8025 8054 28
8114 3 2 1 4 8025 8026 8055 8054
8115 3 2 1 4 8026 8027 8056 8055
8116 3 2 1 4 8027 8028 8057 8056
8117 3 2 1 4 8028 8029 8058 8057
8118 3 2 1 4 8029 8030 8059 8058
8119 3 2 1 4 8030 8031 8060 8059
8120 3 2 1 4 8031 8032 8061 8060
8121 3 2 1 4 8032 8033 8062 8061
8122 3 2 1 4 8033 8034 8063 8062
8123 3 2 1 4 8034 8035 8064 8063
8124 3 2 1 4 8035 8036 8065 8064
8125 3 2 1 4 8036 8037 8066 8065
8126 3 2 1 4 8037 8038 8067 8066
8127 3 2 1 4 8038 8039 8068 8067
8128 3 2 1 4 8039 8040 8069 8068
8129 3 2 1 4 8040 8041 8070 8069
8130 3 2 1 4 8041 8042 8071 8070
8131 3 2 1 4 8042 8043 8072 8071
8132 3 2 1 4 8043 8044 8073 8072
8133 3 2 1 4 8044 8045 8074 8073
8134 3 2 1 4 8045 8046 8075 8074
8135 3 2 1 4 8046 8047 8076 8075
8136 3 2 1 4 8047 8048 8077 8076
8137 3 2 1 4 8048 8049 8078 8077
8138 3 2 1 4 8049 8050 8079 8078
8139 3 2 1 4 8050 8051 8080 8079
8140 3 2 1 4 8051 8052 8081 8080
8141 3 2 1 4 8052 8053 8082 8081
8142 3 2 1 4 8053 596 597 8082
8143 3 2 1 4 28 8054 8083 29
8144 3 2 1 4 8054 8055 8084 8083
8145 3 2 1 4 8055 8056 8085 8084
8146 3 2 1 4 8056 8057 8086 8085
8147 3 2 1 4 8057 8058 8087 8086
8148 3 2 1 4 8058 8059 8088 8087
8149 3 2 1 4 8059 8060 8089 8088
8150 3 2 1 4 8060 8061 8090 8089
8151 3 2 1 4 8061 8062 8091 8090
8152 3 2 1 4 8062 8063 8092 8091
8153 3 2 1 4 8063 8064 8093 8092
8154 3 2 1 4 8064 8065 8094 8093
8155 3 2 1 4 8065 8066 8095 8094
8156 3 2 1 4 8066 8067 8096 8095
8157 3 2 1 4 8067 8068 8097 8096
8158 3 2 1 4 8068 8069 8098 8097
8159 3 2 1 4 8069 8070 8099 8098
8160 3 2 1 4 8070 8071 8100 8099
8161 3 2 1 4 8071 8072 8101 8100
8162 3 2 1 4 8072 8073 8102 8101
8163 3 2 1 4 8073 8074 8103 8102
8164 3 2 1 4 8074 8075 8104 8103
8165 3 2 1 4 8075 8076 8105 8104
8166 3 2 1 4 8076 8077 8106 8105
8167 3 2 1 4 8077 8078 8107 8106
8168 3 2 1 4 8078 8079 8108 8107
8169 3 2 1 4 8079 8080 8109 8108
8170 3 2 1 4 8080 8081 8110 8109
8171 3 2 1 4 8081 8082 8111 8110
8172 3 2 1 4 8082 597 598 8111
8173 3 2 1 4 29 8083 8112 30
8174 3 2 1 4 8083 8084 8113 8112
8175 3 2 1 4 8084 8085 8114 8113
8176 3 2 1 4 8085 8086 8115 8114
8177 3 2 1 4 8086 8087 8116 8115
8178 3 2 1 4 8087 8088 8117 8116
8179 3 2 1 4 8088 8089 8118 8117
8180 3 2 1 4 8089 8090 8119 8118
8181 3 2 1 4 8090 8091 8120 8119
8182 3 2 1 4 8091 8092 8121 8120
8183 3 2 1 4 8092 8093 8122 8121
8184 3 2 1 4 8093 8094 8123 8122
8185 3 2 1 4 8094 8095 8124 8123
8186 3 2 1 4 8095 8096 8125 8124
8187 3 2 1 4 8096 8097 8126 8125
8188 3 2 1 4 8097 8098 8127 8126
8189 3 2 1 4 8098 8099 8128 8127
8190 3 2 1 4 8099 8100 8129 8128
8191 3 2 1 4 8100 8101 8130 8129
8192 3 2 1 4 8101 8102 8131 8130
8193 3 2 1 4 8102 8103 8132 8131
8194 3 2 1 4 8103 8104 8133 8132
8195 3 2 1 4 8104 8105 8134 8133
8196 3 2 1 4 8105 8106 8135 8134
8197 3 2 1 4 8106 8107 8136 8135
8198 3 2 1 4 8107 8108 8137 8136
8199 3 2 1 4 8108 8109 8138 8137
8200 3 2 1 4 8109 8110 8139 8138
8201 3 2 1 4 8110 8111 8140 8139
8202 3 2 1 4 8111 598 599 8140
8203 3 2 1 4 30 8112 8141 31
8204 3 2 1 4 8112 8113 8142 8141
8205 3 2 1 4 8113 8114 8143 8142
8206 3 2 1 4 8114 8115 8144 8143
8207 3 2 1 4 8115 8116 8145 8144
8208 3 2 1 4 8116 8117 8146 8145
8209 3 2 1 4 8117 8118 8147 8146
8210 3 2 1 4 8118 8119 8148 8147
8211 3 2 1 4 8119 8120 8149 8148
8212 3 2 1 4 8120 8121 8150 8149
8213 3 2 1 4 8121 8122 8151 8150
8214 3 2 1 4 8122 8123 8152 8151
8215 3 2 1 4 8123 8124 8153 8152
8216 3 2 1 4 8124 8125 8154 8153
8217 3 2 1 4 8125 8126 8155 8154
8218 3 2 1 4 8126 8127 8156 8155
8219 3 2 1 4 8127 8128 8157 8156
8220 3 2 1 4 8128 8129 8158 8157
8221 3 2 1 4 8129 8130 8159 8158
8222 3 2 1 4 8130 8131 8160 8159
8223 3 2 1 4 8131 8132 8161 8160
8224 3 2 1 4 8132 8133 8162 8161
8225 3 2 1 4 8133 8134 8163 8162
8226 3 2 1 4 8134 8135 8164 8163
8227 3 2 1 4 8135 8136 8165 8164
8228 3 2 1 4 8136 8137 8166 8165
8229 3 2 1 4 8137 8138 8167 8166
8230 3 2 1 4 8138 8139 8168 8167
8231 3 2 1 4 8139 8140 8169 8168
8232 3 2 1 4 8140 599 600 8169
8233 3 2 1 4 31 8141 8170 32
8234 3 2 1 4 8141 8142 8171 8170
8235 3 2 1 4 8142 8143 8172 8171
8236 3 2 1 4 8143 8144 8173 8172
8237 3 2 1 4 8144 8145 8174 8173
8238 3 2 1 4 8145 8146 8175 8174
8239 3 2 1 4 8146 8147 8176 8175
8240 3 2 1 4 8147 8148 8177 8176
8241 3 2 1 4 8148 8149 8178 8177
8242 3 2 1 4 8149 8150 8179 8178
8243 3 2 1 4 8150 8151 8180 8179
8244 3 2 1 4 8151 8152 8181 8180
8245 3 2 1 4 8152 8153 8182 8181
8246 3 2 1 4 8153 8154 8183 8182
8247 3 2 1 4 8154 8155 8184 8183
8248 3 2 1 4 8155 8156 8185 8184
8249 3 2 1 4 8156 8157 8186 8185
8250 3 2 1 4 8157 8158 8187 8186
8251 3 2 1 4 8158 8159 8188 8187
8252 3 2 1 4 8159 8160 8189 8188
8253 3 2 1 4 8160 8161 8190 8189
8254 3 2 1 4 8161 8162 8191 8190
8255 3 2 1 4 8162 8163 8192 8191
8256 3 2 1 4 8163 8164 8193 8192
8257 3 2 1 4 8164 8165 8194 8193
8258 3 2 1 4 8165 8166 8195 8194
8259 3 2 1 4 8166 8167 8196 8195
8260 3 2 1 4 8167 8168 8197 8196
8261 3 2 1 4 8168 8169 8198 8197
8262 3 2 1 4 8169 600 601 8198
8263 3 2 1 4 32 8170 8199 33
8264 3 2 1 4 8170 8171 8200 8199
8265 3 2 1 4 8171 8172 8201 8200
8266 3 2 1 4 8172 8173 8202 8201
8267 3 2 1 4 8173 8174 8203 8202
8268 3 2 1 4 8174 8175 8204 8203
8269 3 2 1 4 8175 8176 8205 8204
8270 3 2 1 4 8176 8177 8206 8205
8271 3 2 1 4 8177 8178 8207 8206
8272 3 2 1 4 8178 8179 8208 8207
8273 3 2 1 4 8179 8180 8209 8208
8274 3 2 1 4 8180 8181 8210 8209
8275 3 2 1 4 8181 8182 8211 8210
8276 3 2 1 4 8182 8183 8212 8211
8277 3 2 1 4 8183 8184 8213 8212
8278 3 2 1 4 8184 8185 8214 8213
8279 3 2 1 4 8185 8186 8215 8214
8280 3 2 1 4 8186 8187 8216 8215
8281 3 2 1 4 8187 8188 8217 8216
8282 3 2 1 4 8188 8189 8218 8217
8283 3 2 1 4 8189 8190 8219 8218
8284 3 2 1 4 8190 8191 8220 8219
8285 3 2 1 4 8191 8192 8221 8220
8286 3 2 1 4 8192 8193 8222 8221
8287 3 2 1 4 8193 8194 8223 8222
8288 3 2 1 4 8194 8195 8224 8223
8289 3 2 1 4 8195 8196 8225 8224
8290 3 2 1 4 8196 8197 8226 8225
8291 3 2 1 4 8197 8198 8227 8226
8292 3 2 1 4 8198 601 602 8227
8293 3 2 1 4 33 8199 8228 34
8294 3 2 1 4 8199 8200 8229 8228
8295 3 2 1 4 8200 8201 8230 8229
8296 3 2 1 4 8201 8202 8231 8230
8297 3 2 1 4 8202 8203 8232 8231
8298 3 2 1 4 8203 8204 8233 8232
8299 3 2 1 4 8204 8205 8234 8233
8300 3 2 1 4 8205 8206 8235 8234
8301 3 2 1 4 8206 8207 8236 8235
8302 3 2 1 4 8207 8208 8237 8236
8303 3 2 1 4 8208 8209 8238 8237
8304 3 2 1 4 8209 8210 8239 8238
8305 3 2 1 4 8210 8211 8240 8239
8306 3 2 1 4 8211 8212 8241 8240
8307 3 2 1 4 8212 8213 8242 8241
8308 3 2 1 4 8213 8214 8243 8242
8309 3 2 1 4 8214 8215 8244 8243
8310 3 2 1 4 8215 8216 8245 8244
8311 3 2 1 4 8216 8217 8246 8245
8312 3 2 1 4 8217 8218 8247 8246
8313 3 2 1 4 8218 8219 8248 8247
8314 3 2 1 4 8219 8220 8249 8248
8315 3 2 1 4 8220 8221 8250 8249
8316 3 2 1 4 8221 8222 8251 8250
8317 3 2 1 4 8222 8223 8252 8251
8318 3 2 1 4 8223 8224 8253 8252
8319 3 2 1 4 8224 8225 8254 8253
8320 3 2 1 4 8225 8226 8255 8254
8321 3 2 1 4 8226 8227 8256 8255
8322 3 2 1 4 8227 602 603 8256
8323 3 2 1 4 34 8228 8257 35
8324 3 2 1 4 8228 8229 8258 8257
8325 3 2 1 4 8229 8230 8259 8258
8326 3 2 1 4 8230 8231 8260 8259
8327 3 2 1 4 8231 8232 8261 8260
8328 3 2 1 4 8232 8233 8262 8261
8329 3 2 1 4 8233 8234 8263 8262
8330 3 2 1 4 8234 8235 8264 8263
8331 3 2 1 4 8235 8236 8265 8264
8332 3 2 1 4 8236 8237 8266 8265
8333 3 2 1 4 8237 8238 8267 8266
8334 3 2 1 4 8238 8239 8268 8267
8335 3 2 1 4 8239 8240 8269 8268
8336 3 2 1 4 8240 8241 8270 8269
8337 3 2 1 4 8241 8242 8271 8270
8338 3 2 1 4 8242 8243 8272 8271
8339 3 2 1 4 8243 8244 8273 8272
8340 3 2 1 4 8244 8245 8274 8273
8341 3 2 1 4 8245 8246 8275 8274
8342 3 2 1 4 8246 8247 8276 8275
8343 3 2 1 4 8247 8248 8277 8276
8344 3 2 1 4 8248 8249 8278 8277
8345 3 2 1 4 8249 8250 8279 8278
8346 3 2 1 4 8250 8251 8280 8279
8347 3 2 1 4 8251 8252 8281 8280
8348 3 2 1 4 8252 8253 8282 8281
8349 3 2 1 4 8253 8254 8283 8282
8350 3 2 1 4 8254 8255 8284 8283
8351 3 2 1 4 8255 8256 8285 8284
8352 3 2 1 4 8256 603 604 8285
8353 3 2 1 4 35 8257 8286 36
8354 3 2 1 4 8257 8258 8287 8286
8355 3 2 1 4 8258 8259 8288 8287
8356 3 2 1 4 8259 8260 8289 8288
8357 3 2 1 4 8260 8261 8290 8289
8358 3 2 1 4 8261 8262 8291 8290
8359 3 2 1 4 8262 8263 8292 8291
8360 3 2 1 4 8263 8264 8293 8292
8361 3 2 1 4 8264 8265 8294 8293
8362 3 2 1 4 8265 8266 8295 8294
8363 3 2 1 4 8266 8267 8296 8295
8364 3 2 1 4 8267 8268 8297 8296
8365 3 2 1 4 8268 8269 8298 8297
8366 3 2 1 4 8269 8270 8299 8298
8367 3 2 1 4 8270 8271 8300 8299
8368 3 2 1 4 8271 8272 8301 8300
8369 3 2 1 4 8272 8273 8302 8301
8370 3 2 1 4 8273 8274 8303 8302
8371 3 2 1 4 8274 8275 8304 8303
8372 3 2 1 4 8275 8276 8305 8304
8373 3 2 1 4 8276 8277 8306 8305
8374 3 2 1 4 8277 8278 8307 8306
8375 3 2 1 4 8278 8279 8308 8307
8376 3 2 1 4 8279 8280 8309 8308
8377 3 2 1 4 8280 8281 8310 8309
8378 3 2 1 4 8281 8282 8311 8310
8379 3 2 1 4 8282 8283 8312 8311
8380 3 2 1 4 8283 8284 8313 8312
8381 3 2 1 4 8284 8285 8314 8313
8382 3 2 1 4 8285 604 605 8314
8383 3 2 1 4 36 8286 8315 37
8384 3 2 1 4 8286 8287 8316 8315
8385 3 2 1 4 8287 8288 8317 8316
8386 3 2 1 4 8288 8289 8318 8317
8387 3 2 1 4 8289 8290 8319 8318
8388 3 2 1 4 8290 8291 8320 8319
8389 3 2 1 4 8291 8292 8321 8320
8390 3 2 1 4 8292 8293 8322 8321
8391 3 2 1 4 8293 8294 8323 8322
8392 3 2 1 4 8294 8295 8324 8323
8393 3 2 1 4 8295 8296 8325 8324
8394 3 2 1 4 8296 8297 8326 8325
8395 3 2 1 4 8297 8298 8327 8326
8396 3 2 1 4 8298 8299 8328 8327
8397 3 2 1 4 8299 8300 8329 8328
8398 3 2 1 4 8300 8301 8330 8329
8399 3 2 1 4 8301 8302 8331 8330
8400 3 2 1 4 8302 8303 8332 8331
8401 3 2 1 4 8303 8304 8333 8332
8402 3 2 1 4 8304 8305 8334 8333
8403 3 2 1 4 8305 8306 8335 8334
8404 3 2 1 4 8306 8307 8336 8335
8405 3 2 1 4 8307 8308 8337 8336
8406 3 2 1 4 8308 8309 8338 8337
8407 3 2 1 4 8309 8310 8339 8338
8408 3 2 1 4 8310 8311 8340 8339
8409 3 2 1 4 8311 8312 8341 8340
8410 3 2 1 4 8312 8313 8342 8341
8411 3 2 1 4 8313 8314 8343 8342
8412 3 2 1 4 8314 605 606 8343
8413 3 2 1 4 37 8315 8344 38
8414 3 2 1 4 8315 8316 8345 8344
8415 3 2 1 4 8316 8317 8346 8345
8416 3 2 1 4 8317 8318 8347 8346
8417 3 2 1 4 8318 8319 8348 8347
8418 3 2 1 4 8319 8320 8349 8348
8419 3 2 1 4 8320 8321 8350 8349
8420 3 2 1 4 8321 8322 8351 8350
8421 3 2 1 4 8322 8323 8352 8351
8422 3 2 1 4 8323 8324 8353 8352
8423 3 2 1 4 8324 8325 8354 8353
8424 3 2 1 4 8325 8326 8355 8354
8425 3 2 1 4 8326 8327 8356 8355
8426 3 2 1 4 8327 8328 8357 8356
8427 3 2 1 4 8328 8329 8358 8357
8428 3 2 1 4 8329 8330 8359 8358
8429 3 2 1 4 8330 8331 8360 8359
8430 3 2 1 4 8331 8332 8361 8360
8431 3 2 1 4 8332 8333 8362 8361
8432 3 2 1 4 8333 8334 8363 8362
8433 3 2 1 4 8334 8335 8364 8363
8434 3 2 1 4 8335 8336 8365 8364
8435 3 2 1 4 8336 8337 8366 8365
8436 3 2 1 4 8337 8338 8367 8366
8437 3 2 1 4 8338 8339 8368 8367
8438 3 2 1 4 8339 8340 8369 8368
8439 3 2 1 4 8340 8341 8370 8369
8440 3 2 1 4 8341 8342 8371 8370
8441 3 2 1 4 8342 8343 8372 8371
8442 3 2 1 4 8343 606 607 8372
8443 3 2 1 4 38 8344 8373 39
8444 3 2 1 4 8344 8345 8374 8373
8445 3 2 1 4 8345 8346 8375 8374
8446 3 2 1 4 8346 8347 8376 8375
8447 3 2 1 4 8347 8348 8377 8376
8448 3 2 1 4 8348 8349 8378 8377
8449 3 2 1 4 8349 8350 8379 8378
8450 3 2 1 4 8350 8351 8380 8379
8451 3 2 1 4 8351 8352 8381 8380
8452 3 2 1 4 8352 8353 8382 8381
8453 3 2 1 4 8353 8354 8383 8382
8454 3 2 1 4 8354 8355 8384 8383
8455 3 2 1 4 8355 8356 8385 8384
8456 3 2 1 4 8356 8357 8386 8385
8457 3 2 1 4 8357 8358 8387 8386
8458 3 2 1 4 8358 8359 8388 8387
8459 3 2 1 4 8359 8360 8389 8388
8460 3 2 1 4 8360 8361 8390 8389
8461 3 2 1 4 8361 8362 8391 8390
8462 3 2 1 4 8362 8363 8392 8391
8463 3 2 1 4 8363 8364 8393 8392
8464 3 2 1 4 8364 8365 8394 8393
8465 3 2 1 4 8365 8366 8395 8394
8466 3 2 1 4 8366 8367 8396 8395
8467 3 2 1 4 8367 8368 8397 8396
8468 3 2 1 4 8368 8369 8398 8397
8469 3 2 1 4 8369 8370 8399 8398
8470 3 2 1 4 8370 8371 8400 8399
8471 3 2 1 4 8371 8372 8401 8400
8472 3 2 1 4 8372 607 608 8401
8473 3 2 1 4 39 8373 8402 40
8474 3 2 1 4 8373 8374 8403 8402
8475 3 2 1 4 8374 8375 8404 8403
8476 3 2 1 4 8375 8376 8405 8404
8477 3 2 1 4 8376 8377 8406 8405
8478 3 2 1 4 8377 8378 8407 8406
8479 3 2 1 4 8378 8379 8408 8407
8480 3 2 1 4 8379 8380 8409 8408
8481 3 2 1 4 8380 8381 8410 8409
8482 3 2 1 4 8381 8382 8411 8410
8483 3 2 1 4 8382 8383 8412 8411
8484 3 2 1 4 8383 8384 8413 8412
8485 3 2 1 4 8384 8385 8414 8413
8486 3 2 1 4 8385 8386 8415 8414
8487 3 2 1 4 8386 8387 8416 8415
8488 3 2 1 4 8387 8388 8417 8416
8489 3 2 1 4 8388 8389 8418 8417
8490 3 2 1 4 8389 8390 8419 8418
8491 3 2 1 4 8390 8391 8420 8419
8492 3 2 1 4 8391 8392 8421 8420
8493 3 2 1 4 8392 8393 8422 8421
8494 3 2 1 4 8393 8394 8423 8422
8495 3 2 1 4 8394 8395 8424 8423
8496 3 2 1 4 8395 8396 8425 8424
8497 3 2 1 4 8396 8397 8426 8425
8498 3 2 1 4 8397 8398 8427 8426
8499 3 2 1 4 8398 8399 8428 8427
8500 3 2 1 4 8399 8400 8429 8428
8501 3 2 1 4 8400 8401 8430 8429
8502 3 2 1 4 8401 608 609 8430
8503 3 2 1 4 40 8402 8431 41
8504 3 2 1 4 8402 8403 8432 8431
8505 3 2 1 4 8403 8404 8433 8432
8506 3 2 1 4 8404 8405 8434 8433
8507 3 2 1 4 8405 8406 8435 8434
8508 3 2 1 4 8406 8407 8436 8435
8509 3 2 1 4 8407 8408 8437 8436
8510 3 2 1 4 8408 8409 8438 8437
8511 3 2 1 4 8409 8410 8439 8438
8512 3 2 1 4 8410 8411 8440 8439
8513 3 2 1 4 8411 8412 8441 8440
8514 3 2 1 4 8412 8413 8442 8441
8515 3 2 1 4 8413 8414 8443 8442
8516 3 2 1 4 8414 8415 8444 8443
8517 3 2 1 4 8415 8416 8445 8444
8518 3 2 1 4 8416 8417 8446 8445
8519 3 2 1 4 8417 8418 8447 8446
8520 3 2 1 4 8418 8419 8448 8447
8521 3 2 1 4 8419 8420 8449 8448
8522 3 2 1 4 8420 8421 8450 8449
8523 3 2 1 4 8421 8422 8451 8450
8524 3 2 1 4 8422 8423 8452 8451
8525 3 2 1 4 8423 8424 8453 8452
8526 3 2 1 4 8424 8425 8454 8453
8527 3 2 1 4 8425 8426 8455 8454
8528 3 2 1 4 8426 8427 8456 8455
8529 3 2 1 4 8427 8428 8457 8456
8530 3 2 1 4 8428 8429 8458 8457
8531 3 2 1 4 8429 8430 8459 8458
8532 3 2 1 4 8430 609 610 8459
8533 3 2 1 4 41 8431 8460 42
8534 3 2 1 4 8431 8432 8461 8460
8535 3 2 1 4 8432 8433 8462 8461
8536 3 2 1 4 8433 8434 8463 8462
8537 3 2 1 4 8434 8435 8464 8463
8538 3 2 1 4 8435 8436 8465 8464
8539 3 2 1 4 8436 8437 8466 8465
8540 3 2 1 4 8437 8438 8467 8466
8541 3 2 1 4 8438 8439 8468 8467
8542 3 2 1 4 8439 8440 8469 8468
8543 3 2 1 4 8440 8441 8470 8469
8544 3 2 1 4 8441 8442 8471 8470
8545 3 2 1 4 8442 8443 8472 8471
8546 3 2 1 4 8443 8444 8473 8472
8547 3 2 1 4 8444 8445 8474 8473
8548 3 2 1 4 8445 8446 8475 8474
8549 3 2 1 4 8446 8447 8476 8475
8550 3 2 1 4 8447 8448 8477 8476
8551 3 2 1 4 8448 8449 8478 8477
8552 3 2 1 4 8449 8450 8479 8478
8553 3 2 1 4 8450 8451 8480 8479
8554 3 2 1 4 8451 8452 8481 8480
8555 3 2 1 4 8452 8453 8482 8481
8556 3 2 1 4 8453 8454 8483 8482
8557 3 2 1 4 8454 8455 8484 8483
8558 3 2 1 4 8455 8456 8485 8484
8559 3 2 1 4 8456 8457 8486 8485
8560 3 2 1 4 8457 8458 8487 8486
8561 3 2 1 4 8458 8459 8488 8487
8562 3 2 1 4 8459 610 611 8488
8563 3 2 1 4 42 8460 8489 43
8564 3 2 1 4 8460 8461 8490 8489
8565 3 2 1 4 8461 8462 8491 8490
8566 3 2 1 4 8462 8463 8492 8491
8567 3 2 1 4 8463 8464 8493 8492
8568 3 2 1 4 8464 8465 8494 8493
8569 3 2 1 4 8465 8466 8495 8494
8570 3 2 1 4 8466 8467 8496 8495
8571 3 2 1 4 8467 8468 8497 8496
8572 3 2 1 4 8468 8469 8498 8497
8573 3 2 1 4 8469 8470 8499 8498
8574 3 2 1 4 8470 8471 8500 8499
8575 3 2 1 4 8471 8472 8501 8500
8576 3 2 1 4 8472 8473 8502 8501
8577 3 2 1 4 8473 8474 8503 8502
8578 3 2 1 4 8474 8475 8504 8503
8579 3 2 1 4 8475 8476 8505 8504
8580 3 2 1 4 8476 8477 8506 8505
8581 3 2 1 4 8477 8478 8507 8506
8582 3 2 1 4 8478 8479 8508 8507
8583 3 2 1 4 8479 8480 8509 8508
8584 3 2 1 4 8480 8481 8510 8509
8585 3 2 1 4 8481 8482 8511 8510
8586 3 2 1 4 8482 8483 8512 8511
8587 3 2 1 4 8483 8484 8513 8512
8588 3 2 1 4 8484 8485 8514 8513
8589 3 2 1 4 8485 8486 8515 8514
8590 3 2 1 4 8486 8487 8516 8515
8591 3 2 1 4 8487 8488 8517 8516
8592 3 2 1 4 8488 611 612 8517
8593 3 2 1 4 43 8489 8518 44
8594 3 2 1 4 8489 8490 8519 8518
8595 3 2 1 4 8490 8491 8520 8519
8596 3 2 1 4 8491 8492 8521 8520
8597 3 2 1 4 8492 8493 8522 8521
8598 3 2 1 4 8493 8494 8523 8522
8599 3 2 1 4 8494 8495 8524 8523
8600 3 2 1 4 8495 8496 8525 8524
8601 3 2 1 4 8496 8497 8526 8525
8602 3 2 1 4 8497 8498 8527 8526
8603 3 2 1 4 8498 8499 8528 8527
8604 3 2 1 4 8499 8500 8529 8528
8605 3 2 1 4 8500 8501 8530 8529
8606 3 2 1 4 8501 8502 8531 8530
8607 3 2 1 4 8502 8503 8532 8531
8608 3 2 1 4 8503 8504 8533 8532
8609 3 2 1 4 8504 8505 8534 8533
8610 3 2 1 4 8505 8506 8535 8534
8611 3 2 1 4 8506 8507 8536 8535
8612 3 2 1 4 8507 8508 8537 8536
8613 3 2 1 4 8508 8509 8538 8537
8614 3 2 1 4 8509 8510 8539 8538
8615 3 2 1 4 8510 8511 8540 8539
8616 3 2 1 4 8511 8512 8541 8540
8617 3 2 1 4 8512 8513 8542 8541
8618 3 2 1 4 8513 8514 8543 8542
8619 3 2 1 4 8514 8515 8544 8543
8620 3 2 1 4 8515 8516 8545 8544
8621 3 2 1 4 8516 8517 8546 8545
8622 3 2 1 4 8517 612 613 8546
8623 3 2 1 4 44 8518 8547 45
8624 3 2 1 4 8518 8519 8548 8547
8625 3 2 1 4 8519 8520 8549 8548
8626 3 2 1 4 8520 8521 8550 8549
8627 3 2 1 4 8521 8522 8551 8550
8628 3 2 1 4 8522 8523 8552 8551
8629 3 2 1 4 8523 8524 8553 8552
8630 3 2 1 4 8524 8525 8554 8553
8631 3 2 1 4 8525 8526 8555 8554
8632 3 2 1 4 8526 8527 8556 8555
8633 3 2 1 4 8527 8528 8557 8556
8634 3 2 1 4 8528 8529 8558 8557
8635 3 2 1 4 8529 8530 8559 8558
8636 3 2 1 4 8530 8531 8560 8559
8637 3 2 1 4 8531 8532 8561 8560
8638 3 2 1 4 8532 8533 8562 8561
8639 3 2 1 4 8533 8534 8563 8562
8640 3 2 1 4 8534 8535 8564 8563
8641 3 2 1 4 8535 8536 8565 8564
8642 3 2 1 4 8536 8537 8566 8565
8643 3 2 1 4 8537 8538 8567 8566
8644 3 2 1 4 8538 8539 8568 8567
8645 3 2 1 4 8539 8540 8569 8568
8646 3 2 1 4 8540 8541 8570 8569
8647 3 2 1 4 8541 8542 8571 8570
8648 3 2 1 4 8542 8543 8572 8571
8649 3 2 1 4 8543 8544 8573 8572
8650 3 2 1 4 8544 8545 8574 8573
8651 3 2 1 4 8545 8546 8575 8574
8652 3 2 1 4 8546 613 614 8575
8653 3 2 1 4 45 8547 557 1
8654 3 2 1 4 8547 8548 558 557
8655 3 2 1 4 8548 8549 559 558
8656 3 2 1 4 8549 8550 560 559
8657 3 2 1 4 8550 8551 561 560
8658 3 2 1 4 8551 8552 562 561
8659 3 2 1 4 8552 8553 563 562
8660 3 2 1 4 8553 8554 564 563
8661 3 2 1 4 8554 8555 565 564
8662 3 2 1 4 8555 8556 566 565
8663 3 2 1 4 8556 8557 567 566
8664 3 2 1 4 8557 8558 568 567
8665 3 2 1 4 8558 8559 569 568
8666 3 2 1 4 8559 8560 570 569
8667 3 2 1 4 8560 8561 571 570
8668 3 2 1 4 8561 8562 572 571
8669 3 2 1 4 8562 8563 573 572
8670 3 2 1 4 8563 8564 574 573
8671 3 2 1 4 8564 8565 575 574
8672 3 2 1 4 8565 8566 576 575
8673 3 2 1 4 8566 8567 577 576
8674 3 2 1 4 8567 8568 578 577
8675 3 2 1 4 8568 8569 579 578
8676 3 2 1 4 8569 8570 580 579
8677 3 2 1 4 8570 8571 581 580
8678 3 2 1 4 8571 8572 582 581
8679 3 2 1 4 8572 8573 583 582
8680 3 2 1 4 8573 8574 584 583
8681 3 2 1 4 8574 8575 585 584
8682 3 2 1 4 8575 614 9 585
8683 3 2 1 5 2 124 8576 528
8684 3 2 1 5 124 123 8577 8576
8685 3 2 1 5 123 122 8578 8577
8686 3 2 1 5 122 121 8579 8578
8687 3 2 1 5 121 120 8580 8579
8688 3 2 1 5 120 119 8581 8580
8689 3 2 1 5 119 118 8582 8581
8690 3 2 1 5 118 117 8583 8582
8691 3 2 1 5 117 116 8584 8583
8692 3 2 1 5 116 115 8585 8584
8693 3 2 1 5 115 114 8586 8585
8694 3 2 1 5 114 113 8587 8586
8695 3 2 1 5 113 112 8588 8587
8696 3 2 1 5 112 111 8589 8588
8697 3 2 1 5 111 110 8590 8589
8698 3 2 1 5 110 109 8591 8590
8699 3 2 1 5 109 108 8592 8591
8700 3 2 1 5 108 107 8593 8592
8701 3 2 1 5 107 106 8594 8593
8702 3 2 1 5 106 105 8595 8594
8703 3 2 1 5 105 104 8596 8595
8704 3 2 1 5 104 103 8597 8596
8705 3 2 1 5 103 102 8598 8597
8706 3 2 1 5 102 101 8599 8598
8707 3 2 1 5 101 100 8600 8599
8708 3 2 1 5 100 99 8601 8600
8709 3 2 1 5 99 98 8602 8601
8710 3 2 1 5 98 97 8603 8602
8711 3 2 1 5 97 96 8604 8603
8712 3 2 1 5 96 95 8605 8604
8713 3 2 1 5 95 94 8606 8605
8714 3 2 1 5 94 93 8607 8606
8715 3 2 1 5 93 92 8608 8607
8716 3 2 1 5 92 91 8609 8608
8717 3 2 1 5 91 90 8610 8609
8718 3 2 1 5 90 89 8611 8610
8719 3 2 1 5 89 88 8612 8611
8720 3 2 1 5 88 87 8613 8612
8721 3 2 1 5 87 86 8614 8613
8722 3 2 1 5 86 85 8615 8614
8723 3 2 1 5 85 84 8616 8615
8724 3 2 1 5 84 83 8617 8616
8725 3 2 1 5 83 82 8618 8617
8726 3 2 1 5 82 81 8619 8618
8727 3 2 1 5 81 80 8620 8619
8728 3 2 1 5 80 79 8621 8620
8729 3 2 1 5 79 78 8622 8621
8730 3 2 1 5 78 77 8623 8622
8731 3 2 1 5 77 76 8624 8623
8732 3 2 1 5 76 75 8625 8624
8733 3 2 1 5 75 74 8626 8625
8734 3 2 1 5 74 73 8627 8626
8735 3 2 1 5 73 72 8628 8627
8736 3 2 1 5 72 71 8629 8628
8737 3 2 1 5 71 70 8630 8629
8738 3 2 1 5 70 69 8631 8630
8739 3 2 1 5 69 68 8632 8631
8740 3 2 1 5 68 67 8633 8632
8741 3 2 1 5 67 66 8634 8633
8742 3 2 1 5 66 65 8635 8634
8743 3 2 1 5 65 64 8636 8635
8744 3 2 1 5 64 63 8637 8636
8745 3 2 1 5 63 62 8638 8637
8746 3 2 1 5 62 61 8639 8638
8747 3 2 1 5 61 60 8640 8639
8748 3 2 1 5 60 59 8641 8640
8749 3 2 1 5 59 58 8642 8641
8750 3 2 1 5 58 57 8643 8642
8751 3 2 1 5 57 56 8644 8643
8752 3 2 1 5 56 55 8645 8644
8753 3 2 1 5 55 54 8646 8645
8754 3 2 1 5 54 53 8647 8646
8755 3 2 1 5 53 52 8648 8647
8756 3 2 1 5 52 51 8649 8648
8757 3 2 1 5 51 50 8650 8649
8758 3 2 1 5 50 49 8651 8650
8759 3 2 1 5 49 48 8652 8651
8760 3 2 1 5 48 47 8653 8652
8761 3 2 1 5 47 46 8654 8653
8762 3 2 1 5 46 1 557 8654
8763 3 2 1 5 528 8576 8655 529
8764 3 2 1 5 8576 8577 8656 8655
8765 3 2 1 5 8577 8578 8657 8656
8766 3 2 1 5 8578 8579 8658 8657
8767 3 2 1 5 8579 8580 8659 8658
8768 3 2 1 5 8580 8581 8660 8659
8769 3 2 1 5 8581 8582 8661 8660
8770 3 2 1 5 8582 8583 8662 8661
8771 3 2 1 5 8583 8584 8663 8662
8772 3 2 1 5 8584 8585 8664 8663
8773 3 2 1 5 8585 8586 8665 8664
8774 3 2 1 5 8586 8587 8666 8665
8775 3 2 1 5 8587 8588 8667 8666
8776 3 2 1 5 8588 8589 8668 8667
8777 3 2 1 5 8589 8590 8669 8668
8778 3 2 1 5 8590 8591 8670 8669
8779 3 2 1 5 8591 8592 8671 8670
8780 3 2 1 5 8592 8593 8672 8671
8781 3 2 1 5 8593 8594 8673 8672
8782 3 2 1 5 8594 8595 8674 8673
8783 3 2 1 5 8595 8596 8675 8674
8784 3 2 1 5 8596 8597 8676 8675
8785 3 2 1 5 8597 8598 8677 8676
8786 3 2 1 5 8598 8599 8678 8677
8787 3 2 1 5 8599 8600 8679 8678
8788 3 2 1 5 8600 8601 8680 8679
8789 3 2 1 5 8601 8602 8681 8680
8790 3 2 1 5 8602 8603 8682 8681
8791 3 2 1 5 8603 8604 8683 8682
8792 3 2 1 5 8604 8605 8684 8683
8793 3 2 1 5 8605 8606 8685 8684
8794 3 2 1 5 8606 8607 8686 8685
8795 3 2 1 5 8607 8608 8687 8686
8796 3 2 1 5 8608 8609 8688 8687
8797 3 2 1 5 8609 8610 8689 8688
8798 3 2 1 5 8610 8611 8690 8689
8799 3 2 1 5 8611 8612 8691 8690
8800 3 2 1 5 8612 8613 8692 8691
8801 3 2 1 5 8613 8614 8693 8692
8802 3 2 1 5 8614 8615 8694 8693
8803 3 2 1 5 8615 8616 8695 8694
8804 3 2 1 5 8616 8617 8696 8695
8805 3 2 1 5 8617 8618 8697 8696
8806 3 2 1 5 8618 8619 8698 8697
8807 3 2 1 5 8619 8620 8699 8698
8808 3 2 1 5 8620 8621 8700 8699
8809 3 2 1 5 8621 8622 8701 8700
8810 3 2 1 5 8622 8623 8702 8701
8811 3 2 1 5 8623 8624 8703 8702
8812 3 2 1 5 8624 8625 8704 8703
8813 3 2 1 5 8625 8626 8705 8704
8814 3 2 1 5 8626 8627 8706 8705
8815 3 2 1 5 8627 8628 8707 8706
8816 3 2 1 5 8628 8629 8708 8707
8817 3 2 1 5 8629 8630 8709 8708
8818 3 2 1 5 8630 8631 8710 8709
8819 3 2 1 5 8631 8632 8711 8710
8820 3 2 1 5 8632 8633 8712 8711
8821 3 2 1 5 8633 8634 8713 8712
8822 3 2 1 5 8634 8635 8714 8713
8823 3 2 1 5 8635 8636 8715 8714
8824 3 2 1 5 8636 8637 8716 8715
8825 3 2 1 5 8637 8638 8717 8716
8826 3 2 1 5 8638 8639 8718 8717
8827 3 2 1 5 8639 8640 8719 8718
8828 3 2 1 5 8640 8641 8720 8719
8829 3 2 1 5 8641 8642 8721 8720
8830 3 2 1 5 8642 8643 8722 8721
8831 3 2 1 5 8643 8644 8723 8722
8832 3 2 1 5 8644 8645 8724 8723
8833 3 2 1 5 8645 8646 8725 8724
8834 3 2 1 5 8646 8647 8726 8725
8835 3 2 1 5 8647 8648 8727 8726
8836 3 2 1 5 8648 8649 8728 8727
8837 3 2 1 5 8649 8650 8729 8728
8838 3 2 1 5 8650 8651 8730 8729
8839 3 2 1 5 8651 8652 8731 8730
8840 3 2 1 5 8652 8653 8732 8731
8841 3 2 1 5 8653 8654 8733 8732
8842 3 2 1 5 8654 557 558 8733
8843 3 2 1 5 529 8655 8734 530
8844 3 2 1 5 8655 8656 8735 8734
8845 3 2 1 5 8656 8657 8736 8735
8846 3 2 1 5 8657 8658 8737 8736
8847 3 2 1 5 8658 8659 8738 8737
8848 3 2 1 5 8659 8660 8739 8738
8849 3 2 1 5 8660 8661 8740 8739
8850 3 2 1 5 8661 8662 8741 8740
8851 3 2 1 5 8662 8663 8742 8741
8852 3 2 1 5 8663 8664 8743 8742
8853 3 2 1 5 8664 8665 8744 8743
8854 3 2 1 5 8665 8666 8745 8744
8855 3 2 1 5 8666 8667 8746 8745
8856 3 2 1 5 8667 8668 8747 8746
8857 3 2 1 5 8668 8669 8748 8747
8858 3 2 1 5 8669 8670 8749 8748
8859 3 2 1 5 8670 8671 8750 8749
8860 3 2 1 5 8671 8672 8751 8750
8861 3 2 1 5 8672 8673 8752 8751
8862 3 2 1 5 8673 8674 8753 8752
8863 3 2 1 5 8674 8675 8754 8753
8864 3 2 1 5 8675 8676 8755 8754
8865 3 2 1 5 8676 8677 8756 8755
8866 3 2 1 5 8677 8678 8757 8756
8867 3 2 1 5 8678 8679 8758 8757
8868 3 2 1 5 8679 8680 8759 8758
8869 3 2 1 5 8680 8681 8760 8759
8870 3 2 1 5 8681 8682 8761 8760
8871 3 2 1 5 8682 8683 8762 8761
8872 3 2 1 5 8683 8684 8763 8762
8873 3 2 1 5 8684 8685 8764 8763
8874 3 2 1 5 8685 8686 8765 8764
8875 3 2 1 5 8686 8687 8766 8765
8876 3 2 1 5 8687 8688 8767 8766
8877 3 2 1 5 8688 8689 8768 8767
8878 3 2 1 5 8689 8690 8769 8768
8879 3 2 1 5 8690 8691 8770 8769
8880 3 2 1 5 8691 8692 8771 8770
8881 3 2 1 5 8692 8693 8772 8771
8882 3 2 1 5 8693 8694 8773 8772
8883 3 2 1 5 8694 8695 8774 8773
8884 3 2 1 5 8695 8696 8775 8774
8885 3 2 1 5 8696 8697 8776 8775
8886 3 2 1 5 8697 8698 8777 8776
8887 3 2 1 5 8698 8699 8778 8777
8888 3 2 1 5 8699 8700 8779 8778
8889 3 2 1 5 8700 8701 8780 8779
8890 3 2 1 5 8701 8702 8781 8780
8891 3 2 1 5 8702 8703 8782 8781
8892 3 2 1 5 8703 8704 8783 8782
8893 3 2 1 5 8704 8705 8784 8783
8894 3 2 1 5 8705 8706 8785 8784
8895 3 2 1 5 8706 8707 8786 8785
8896 3 2 1 5 8707 8708 8787 8786
8897 3 2 1 5 8708 8709 8788 8787
8898 3 2 1 5 8709 8710 8789 8788
8899 3 2 1 5 8710 8711 8790 8789
8900 3 2 1 5 8711 8712 8791 8790
8901 3 2 1 5 8712 8713 8792 8791
8902 3 2 1 5 8713 8714 8793 8792
8903 3 2 1 5 8714 8715 8794 8793
8904 3 2 1 5 8715 8716 8795 8794
8905 3 2 1 5 8716 8717 8796 8795
8906 3 2 1 5 8717 8718 8797 8796
8907 3 2 1 5 8718 8719 8798 8797
8908 3 2 1 5 8719 8720 8799 8798
8909 3 2 1 5 8720 8721 8800 8799
8910 3 2 1 5 8721 8722 8801 8800
8911 3 2 1 5 8722 8723 8802 8801
8912 3 2 1 5 8723 8724 8803 8802
8913 3 2 1 5 8724 8725 8804 8803
8914 3 2 1 5 8725 8726 8805 8804
8915 3 2 1 5 8726 8727 8806 8805
8916 3 2 1 5 8727 8728 8807 8806
8917 3 2 1 5 8728 8729 8808 8807
8918 3 2 1 5 8729 8730 8809 8808
8919 3 2 1 5 8730 8731 8810 8809
8920 3 2 1 5 8731 8732 8811 8810
8921 3 2 1 5 8732 8733 8812 8811
8922 3 2 1 5 8733 558 559 8812
8923 3 2 1 5 530 8734 8813 531
8924 3 2 1 5 8734 8735 8814 8813
8925 3 2 1 5 8735 8736 8815 8814
8926 3 2 1 5 8736 8737 8816 8815
8927 3 2 1 5 8737 8738 8817 8816
8928 3 2 1 5 8738 8739 8818 8817
8929 3 2 1 5 8739 8740 8819 8818
8930 3 2 1 5 8740 8741 8820 8819
8931 3 2 1 5 8741 8742 8821 8820
8932 3 2 1 5 8742 8743 8822 8821
8933 3 2 1 5 8743 8744 8823 8822
8934 3 2 1 5 8744 8745 8824 8823
8935 3 2 1 5 8745 8746 8825 8824
8936 3 2 1 5 8746 8747 8826 8825
8937 3 2 1 5 8747 8748 8827 8826
8938 3 2 1 5 8748 8749 8828 8827
8939 3 2 1 5 8749 8750 8829 8828
8940 3 2 1 5 8750 8751 8830 8829
8941 3 2 1 5 8751 8752 8831 8830
8942 3 2 1 5 8752 8753 8832 8831
8943 3 2 1 5 8753 8754 8833 8832
8944 3 2 1 5 8754 8755 8834 8833
8945 3 2 1 5 8755 8756 8835 8834
8946 3 2 1 5 8756 8757 8836 8835
8947 3 2 1 5 8757 8758 8837 8836
8948 3 2 1 5 8758 8759 8838 8837
8949 3 2 1 5 8759 8760 8839 8838
8950 3 2 1 5 8760 8761 8840 8839
8951 3 2 1 5 8761 8762 8841 8840
8952 3 2 1 5 8762 8763 8842 8841
8953 3 2 1 5 8763 8764 8843 8842
8954 3 2 1 5 8764 8765 8844 8843
8955 3 2 1 5 8765 8766 8845 8844
8956 3 2 1 5 8766 8767 8846 8845
8957 3 2 1 5 8767 8768 8847 8846
8958 3 2 1 5 8768 8769 8848 8847
8959 3 2 1 5 8769 8770 8849 8848
8960 3 2 1 5 8770 8771 8850 8849
8961 3 2 1 5 8771 8772 8851 8850
8962 3 2 1 5 8772 8773 8852 8851
8963 3 2 1 5 8773 8774 8853 8852
8964 3 2 1 5 8774 8775 8854 8853
8965 3 2 1 5 8775 8776 8855 8854
8966 3 2 1 5 8776 8777 8856 8855
8967 3 2 1 5 8777 8778 8857 8856
8968 3 2 1 5 8778 8779 8858 8857
8969 3 2 1 5 8779 8780 8859 8858
8970 3 2 1 5 8780 8781 8860 8859
8971 3 2 1 5 8781 8782 8861 8860
8972 3 2 1 5 8782 8783 8862 8861
8973 3 2 1 5 8783 8784 8863 8862
8974 3 2 1 5 8784 8785 8864 8863
8975 3 2 1 5 8785 8786 8865 8864
8976 3 2 1 5 8786 8787 8866 8865
8977 3 2 1 5 8787 8788 8867 8866
8978 3 2 1 5 8788 8789 8868 8867
8979 3 2 1 5 8789 8790 8869 8868
8980 3 2 1 5 8790 8791 8870 8869
8981 3 2 1 5 8791 8792 8871 8870
8982 3 2 1 5 8792 8793 8872 8871
8983 3 2 1 5 8793 8794 8873 8872
8984 3 2 1 5 8794 8795 8874 8873
8985 3 2 1 5 8795 8796 8875 8874
8986 3 2 1 5 8796 8797 8876 8875
8987 3 2 1 5 8797 8798 8877 8876
8988 3 2 1 5 8798 8799 8878 8877
8989 3 2 1 5 8799 8800 8879 8878
8990 3 2 1 5 8800 8801 8880 8879
8991 3 2 1 5 8801 8802 8881 8880
8992 3 2 1 5 8802 8803 8882 8881
8993 3 2 1 5 8803 8804 8883 8882
8994 3 2 1 5 8804 8805 8884 8883
8995 3 2 1 5 8805 8806 8885 8884
8996 3 2 1 5 8806 8807 8886 8885
8997 3 2 1 5 8807 8808 8887 8886
8998 3 2 1 5 8808 8809 8888 8887
8999 3 2 1 5 8809 8810 8889 8888
9000 3 2 1 5 8810 8811 8890 8889
9001 3 2 1 5 8811 8812 8891 8890
9002 3 2 1 5 8812 559 560 8891
9003 3 2 1 5 531 8813 8892 532
9004 3 2 1 5 8813 8814 8893 8892
9005 3 2 1 5 8814 8815 8894 8893
9006 3 2 1 5 8815 8816 8895 8894
9007 3 2 1 5 8816 8817 8896 8895
9008 3 2 1 5 8817 8818 8897 8896
9009 3 2 1 5 8818 8819 8898 8897
9010 3 2 1 5 8819 8820 8899 8898
9011 3 2 1 5 8820 8821 8900 8899
9012 3 2 1 5 8821 8822 8901 8900
9013 3 2 1 5 8822 8823 8902 8901
9014 3 2 1 5 8823 8824 8903 8902
9015 3 2 1 5 8824 8825 8904 8903
9016 3 2 1 5 8825 8826 8905 8904
9017 3 2 1 5 8826 8827 8906 8905
9018 3 2 1 5 8827 8828 8907 8906
9019 3 2 1 5 8828 8829 8908 8907
9020 3 2 1 5 8829 8830 8909 8908
9021 3 2 1 5 8830 8831 8910 8909
9022 3 2 1 5 8831 8832 8911 8910
9023 3 2 1 5 8832 8833 8912 8911
9024 3 2 1 5 8833 8834 8913 8912
9025 3 2 1 5 8834 8835 8914 8913
9026 3 2 1 5 8835 8836 8915 8914
9027 3 2 1 5 8836 8837 8916 8915
9028 3 2 1 5 8837 8838 8917 8916
9029 3 2 1 5 8838 8839 8918 8917
9030 3 2 1 5 8839 8840 8919 8918
9031 3 2 1 5 8840 8841 8920 8919
9032 3 2 1 5 8841 8842 8921 8920
9033 3 2 1 5 8842 8843 8922 8921
9034 3 2 1 5 8843 8844 8923 8922
9035 3 2 1 5 8844 8845 8924 8923
9036 3 2 1 5 8845 8846 8925 8924
9037 3 2 1 5 8846 8847 8926 8925
9038 3 2 1 5 8847 8848 8927 8926
9039 3 2 1 5 8848 8849 8928 8927
9040 3 2 1 5 8849 8850 8929 8928
9041 3 2 1 5 8850 8851 8930 8929
9042 3 2 1 5 8851 8852 8931 8930
9043 3 2 1 5 8852 8853 8932 8931
9044 3 2 1 5 8853 8854 8933 8932
9045 3 2 1 5 8854 8855 8934 8933
9046 3 2 1 5 8855 8856 8935 8934
9047 3 2 1 5 8856 8857 8936 8935
9048 3 2 1 5 8857 8858 8937 8936
9049 3 2 1 5 8858 8859 8938 8937
9050 3 2 1 5 8859 8860 8939 8938
9051 3 2 1 5 8860 8861 8940 8939
9052 3 2 1 5 8861 8862 8941 8940
9053 3 2 1 5 8862 8863 8942 8941
9054 3 2 1 5 8863 8864 8943 8942
9055 3 2 1 5 8864 8865 8944 8943
9056 3 2 1 5 8865 8866 8945 8944
9057 3 2 1 5 8866 8867 8946 8945
9058 3 2 1 5 8867 8868 8947 8946
9059 3 2 1 5 8868 8869 8948 8947
9060 3 2 1 5 8869 8870 8949 8948
9061 3 2 1 5 8870 8871 8950 8949
9062 3 2 1 5 8871 8872 8951 8950
9063 3 2 1 5 8872 8873 8952 8951
9064 3 2 1 5 8873 8874 8953 8952
9065 3 2 1 5 8874 8875 8954 8953
9066 3 2 1 5 8875 8876 8955 8954
9067 3 2 1 5 8876 8877 8956 8955
9068 3 2 1 5 8877 8878 8957 8956
9069 3 2 1 5 8878 8879 8958 8957
9070 3 2 1 5 8879 8880 8959 8958
9071 3 2 1 5 8880 8881 8960 8959
9072 3 2 1 5 8881 8882 8961 8960
9073 3 2 1 5 8882 8883 8962 8961
9074 3 2 1 5 8883 8884 8963 8962
9075 3 2 1 5 8884 8885 8964 8963
9076 3 2 1 5 8885 8886 8965 8964
9077 3 2 1 5 8886 8887 8966 8965
9078 3 2 1 5 8887 8888 8967 8966
9079 3 2 1 5 8888 8889 8968 8967
9080 3 2 1 5 8889 8890 8969 8968
9081 3 2 1 5 8890 8891 8970 8969
9082 3 2 1 5 8891 560 561 8970
9083 3 2 1 5 532 8892 8971 533
9084 3 2 1 5 8892 8893 8972 8971
9085 3 2 1 5 8893 8894 8973 8972
9086 3 2 1 5 8894 8895 8974 8973
9087 3 2 1 5 8895 8896 8975 8974
9088 3 2 1 5 8896 8897 8976 8975
9089 3 2 1 5 8897 8898 8977 8976
9090 3 2 1 5 8898 8899 8978 8977
9091 3 2 1 5 8899 8900 8979 8978
9092 3 2 1 5 8900 8901 8980 8979
9093 3 2 1 5 8901 8902 8981 8980
9094 3 2 1 5 8902 8903 8982 8981
9095 3 2 1 5 8903 8904 8983 8982
9096 3 2 1 5 8904 8905 8984 8983
9097 3 2 1 5 8905 8906 8985 8984
9098 3 2 1 5 8906 8907 8986 8985
9099 3 2 1 5 8907 8908 8987 8986
9100 3 2 1 5 8908 8909 8988 8987
9101 3 2 1 5 8909 8910 8989 8988
9102 3 2 1 5 8910 8911 8990 8989
9103 3 2 1 5 8911 8912 8991 8990
9104 3 2 1 5 8912 8913 8992 8991
9105 3 2 1 5 8913 8914 8993 8992
9106 3 2 1 5 8914 8915 8994 8993
9107 3 2 1 5 8915 8916 8995 8994
9108 3 2 1 5 8916 8917 8996 8995
9109 3 2 1 5 8917 8918 8997 8996
9110 3 2 1 5 8918 8919 8998 8997
9111 3 2 1 5 8919 8920 8999 8998
9112 3 2 1 5 8920 8921 9000 8999
9113 3 2 1 5 8921 8922 9001 9000
9114 3 2 1 5 8922 8923 9002 9001
9115 3 2 1 5 8923 8924 9003 9002
9116 3 2 1 5 8924 8925 9004 9003
9117 3 2 1 5 8925 8926 9005 9004
9118 3 2 1 5 8926 8927 9006 9005
9119 3 2 1 5 8927 8928 9007 9006
9120 3 2 1 5 8928 8929 9008 9007
9121 3 2 1 5 8929 8930 9009 9008
9122 3 2 1 5 8930 8931 9010 9009
9123 3 2 1 5 8931 8932 9011 9010
9124 3 2 1 5 8932 8933 9012 9011
9125 3 2 1 5 8933 8934 9013 9012
9126 3 2 1 5 8934 8935 9014 9013
9127 3 2 1 5 8935 8936 9015 9014
9128 3 2 1 5 8936 8937 9016 9015
9129 3 2 1 5 8937 8938 9017 9016
9130 3 2 1 5 8938 8939 9018 9017
9131 3 2 1 5 8939 8940 9019 9018
9132 3 2 1 5 8940 8941 9020 9019
9133 3 2 1 5 8941 8942 9021 9020
9134 3 2 1 5 8942 8943 9022 9021
9135 3 2 1 5 8943 8944 9023 9022
9136 3 2 1 5 8944 8945 9024 9023
9137 3 2 1 5 8945 8946 9025 9024
9138 3 2 1 5 8946 8947 9026 9025
9139 3 2 1 5 8947 8948 9027 9026
9140 3 2 1 5 8948 8949 9028 9027
9141 3 2 1 5 8949 8950 9029 9028
9142 3 2 1 5 8950 8951 9030 9029
9143 3 2 1 5 8951 8952 9031 9030
9144 3 2 1 5 8952 8953 9032 9031
9145 3 2 1 5 8953 8954 9033 9032
9146 3 2 1 5 8954 8955 9034 9033
9147 3 2 1 5 8955 8956 9035 9034
9148 3 2 1 5 8956 8957 9036 9035
9149 3 2 1 5 8957 8958 9037 9036
9150 3 2 1 5 8958 8959 9038 9037
9151 3 2 1 5 8959 8960 9039 9038
9152 3 2 1 5 8960 8961 9040 9039
9153 3 2 1 5 8961 8962 9041 9040
9154 3 2 1 5 8962 8963 9042 9041
9155 3 2 1 5 8963 8964 9043 9042
9156 3 2 1 5 8964 8965 9044 9043
9157 3 2 1 5 8965 8966 9045 9044
9158 3 2 1 5 8966 8967 9046 9045
9159 3 2 1 5 8967 8968 9047 9046
9160 3 2 1 5 8968 8969 9048 9047
9161 3 2 1 5 8969 8970 9049 9048
9162 3 2 1 5 8970 561 562 9049
9163 3 2 1 5 533 8971 9050 534
9164 3 2 1 5 8971 8972 9051 9050
9165 3 2 1 5 8972 8973 9052 9051
9166 3 2 1 5 8973 8974 9053 9052
9167 3 2 1 5 8974 8975 9054 9053
9168 3 2 1 5 8975 8976 9055 9054
9169 3 2 1 5 8976 8977 9056 9055
9170 3 2 1 5 8977 8978 9057 9056
9171 3 2 1 5 8978 8979 9058 9057
9172 3 2 1 5 8979 8980 9059 9058
9173 3 2 1 5 8980 8981 9060 9059
9174 3 2 1 5 8981 8982 9061 9060
9175 3 2 1 5 8982 8983 9062 9061
9176 3 2 1 5 8983 8984 9063 9062
9177 3 2 1 5 8984 8985 9064 9063
9178 3 2 1 5 8985 8986 9065 9064
9179 3 2 1 5 8986 8987 9066 9065
9180 3 2 1 5 8987 8988 9067 9066
9181 3 2 1 5 8988 8989 9068 9067
9182 3 2 1 5 8989 8990 9069 9068
9183 3 2 1 5 8990 8991 9070 9069
9184 3 2 1 5 8991 8992 9071 9070
9185 3 2 1 5 8992 8993 9072 9071
9186 3 2 1 5 8993 8994 9073 9072
9187 3 2 1 5 8994 8995 9074 9073
9188 3 2 1 5 8995 8996 9075 9074
9189 3 2 1 5 8996 8997 9076 9075
9190 3 2 1 5 8997 8998 9077 9076
9191 3 2 1 5 8998 8999 9078 9077
9192 3 2 1 5 8999 9000 9079 9078
9193 3 2 1 5 9000 9001 9080 9079
9194 3 2 1 5 9001 9002 9081 9080
9195 3 2 1 5 9002 9003 9082 9081
9196 3 2 1 5 9003 9004 9083 9082
9197 3 2 1 5 9004 9005 9084 9083
9198 3 2 1 5 9005 9006 9085 9084
9199 3 2 1 5 9006 9007 9086 9085
9200 3 2 1 5 9007 9008 9087 9086
9201 3 2 1 5 9008 9009 9088 9087
9202 3 2 1 5 9009 9010 9089 9088
9203 3 2 1 5 9010 9011 9090 9089
9204 3 2 1 5 9011 9012 9091 9090
9205 3 2 1 5 9012 9013 9092 9091
9206 3 2 1 5 9013 9014 9093 9092
9207 3 2 1 5 9014 9015 9094 9093
9208 3 2 1 5 9015 9016 9095 9094
9209 3 2 1 5 9016 9017 9096 9095
9210 3 2 1 5 9017 9018 9097 9096
9211 3 2 1 5 9018 9019 9098 9097
9212 3 2 1 5 9019 9020 9099 9098
9213 3 2 1 5 9020 9021 9100 9099
9214 3 2 1 5 9021 9022 9101 9100
9215 3 2 1 5 9022 9023 9102 9101
9216 3 2 1 5 9023 9024 9103 9102
9217 3 2 1 5 9024 9025 9104 9103
9218 3 2 1 5 9025 9026 9105 9104
9219 3 2 1 5 9026 9027 9106 9105
9220 3 2 1 5 9027 9028 9107 9106
9221 3 2 1 5 9028 9029 9108 9107
9222 3 2 1 5 9029 9030 9109 9108
9223 3 2 1 5 9030 9031 9110 9109
9224 3 2 1 5 9031 9032 9111 9110
9225 3 2 1 5 9032 9033 9112 9111
9226 3 2 1 5 9033 9034 9113 9112
9227 3 2 1 5 9034 9035 9114 9113
9228 3 2 1 5 9035 9036 9115 9114
9229 3 2 1 5 9036 9037 9116 9115
9230 3 2 1 5 9037 9038 9117 9116
9231 3 2 1 5 9038 9039 9118 9117
9232 3 2 1 5 9039 9040 9119 9118
9233 3 2 1 5 9040 9041 9120 9119
9234 3 2 1 5 9041 9042 9121 9120
9235 3 2 1 5 9042 9043 9122 9121
9236 3 2 1 5 9043 9044 9123 9122
9237 3 2 1 5 9044 9045 9124 9123
9238 3 2 1 5 9045 9046 9125 9124
9239 3 2 1 5 9046 9047 9126 9125
9240 3 2 1 5 9047 9048 9127 9126
9241 3 2 1 5 9048 9049 9128 9127
9242 3 2 1 5 9049 562 563 9128
9243 3 2 1 5 534 9050 9129 535
9244 3 2 1 5 9050 9051 9130 9129
9245 3 2 1 5 9051 9052 9131 9130
9246 3 2 1 5 9052 9053 9132 9131
9247 3 2 1 5 9053 9054 9133 9132
9248 3 2 1 5 9054 9055 9134 9133
9249 3 2 1 5 9055 9056 9135 9134
9250 3 2 1 5 9056 9057 9136 9135
9251 3 2 1 5 9057 9058 9137 9136
9252 3 2 1 5 9058 9059 9138 9137
9253 3 2 1 5 9059 9060 9139 9138
9254 3 2 1 5 9060 9061 9140 9139
9255 3 2 1 5 9061 9062 9141 9140
9256 3 2 1 5 9062 9063 9142 9141
9257 3 2 1 5 9063 9064 9143 9142
9258 3 2 1 5 9064 9065 9144 9143
9259 3 2 1 5 9065 9066 9145 9144
9260 3 2 1 5 9066 9067 9146 9145
9261 3 2 1 5 9067 9068 9147 9146
9262 3 2 1 5 9068 9069 9148 9147
9263 3 2 1 5 9069 9070 9149 9148
9264 3 2 1 5 9070 9071 9150 9149
9265 3 2 1 5 9071 9072 9151 9150
9266 3 2 1 5 9072 9073 9152 9151
9267 3 2 1 5 9073 9074 9153 9152
9268 3 2 1 5 9074 9075 9154 9153
9269 3 2 1 5 9075 9076 9155 9154
9270 3 2 1 5 9076 9077 9156 9155
9271 3 2 1 5 9077 9078 9157 9156
9272 3 2 1 5 9078 9079 9158 9157
9273 3 2 1 5 9079 9080 9159 9158
9274 3 2 1 5 9080 9081 9160 9159
9275 3 2 1 5 9081 9082 9161 9160
9276 3 2 1 5 9082 9083 9162 9161
9277 3 2 1 5 9083 9084 9163 9162
9278 3 2 1 5 9084 9085 9164 9163
9279 3 2 1 5 9085 9086 9165 9164
9280 3 2 1 5 9086 9087 9166 9165
9281 3 2 1 5 9087 9088 9167 9166
9282 3 2 1 5 9088 9089 9168 9167
9283 3 2 1 5 9089 9090 9169 9168
9284 3 2 1 5 9090 9091 9170 9169
9285 3 2 1 5 9091 9092 9171 9170
9286 3 2 1 5 9092 9093 9172 9171
9287 3 2 1 5 9093 9094 9173 9172
9288 3 2 1 5 9094 9095 9174 9173
9289 3 2 1 5 9095 9096 9175 9174
9290 3 2 1 5 9096 9097 9176 9175
9291 3 2 1 5 9097 9098 9177 9176
9292 3 2 1 5 9098 9099 9178 9177
9293 3 2 1 5 9099 9100 9179 9178
9294 3 2 1 5 9100 9101 9180 9179
9295 3 2 1 5 9101 9102 9181 9180
9296 3 2 1 5 9102 9103 9182 9181
9297 3 2 1 5 9103 9104 9183 9182
9298 3 2 1 5 9104 9105 9184 9183
9299 3 2 1 5 9105 9106 9185 9184
9300 3 2 1 5 9106 9107 9186 9185
9301 3 2 1 5 9107 9108 9187 9186
9302 3 2 1 5 9108 9109 9188 9187
9303 3 2 1 5 9109 9110 9189 9188
9304 3 2 1 5 9110 9111 9190 9189
9305 3 2 1 5 9111 9112 9191 9190
9306 3 2 1 5 9112 9113 9192 9191
9307 3 2 1 5 9113 9114 9193 9192
9308 3 2 1 5 9114 9115 9194 9193
9309 3 2 1 5 9115 9116 9195 9194
9310 3 2 1 5 9116 9117 9196 9195
9311 3 2 1 5 9117 9118 9197 9196
9312 3 2 1 5 9118 9119 9198 9197
9313 3 2 1 5 9119 9120 9199 9198
9314 3 2 1 5 9120 9121 9200 9199
9315 3 2 1 5 9121 9122 9201 9200
9316 3 2 1 5 9122 9123 9202 9201
9317 3 2 1 5 9123 9124 9203 9202
9318 3 2 1 5 9124 9125 9204 9203
9319 3 2 1 5 9125 9126 9205 9204
9320 3 2 1 5 9126 9127 9206 9205
9321 3 2 1 5 9127 9128 9207 9206
9322 3 2 1 5 9128 563 564 9207
9323 3 2 1 5 535 9129 9208 536
9324 3 2 1 5 9129 9130 9209 9208
9325 3 2 1 5 9130 9131 9210 9209
9326 3 2 1 5 9131 9132 9211 9210
9327 3 2 1 5 9132 9133 9212 9211
9328 3 2 1 5 9133 9134 9213 9212
9329 3 2 1 5 9134 9135 9214 9213
9330 3 2 1 5 9135 9136 9215 9214
9331 3 2 1 5 9136 9137 9216 9215
9332 3 2 1 5 9137 9138 9217 9216
9333 3 2 1 5 9138 9139 9218 9217
9334 3 2 1 5 9139 9140 9219 9218
9335 3 2 1 5 9140 9141 9220 9219
9336 3 2 1 5 9141 9142 9221 9220
9337 3 2 1 5 9142 9143 9222 9221
9338 3 2 1 5 9143 9144 9223 9222
9339 3 2 1 5 9144 9145 9224 9223
9340 3 2 1 5 9145 9146 9225 9224
9341 3 2 1 5 9146 9147 9226 9225
9342 3 2 1 5 9147 9148 9227 9226
9343 3 2 1 5 9148 9149 9228 9227
9344 3 2 1 5 9149 9150 9229 9228
9345 3 2 1 5 9150 9151 9230 9229
9346 3 2 1 5 9151 9152 9231 9230
9347 3 2 1 5 9152 9153 9232 9231
9348 3 2 1 5 9153 9154 9233 9232
9349 3 2 1 5 9154 9155 9234 9233
9350 3 2 1 5 9155 9156 9235 9234
9351 3 2 1 5 9156 9157 9236 9235
9352 3 2 1 5 9157 9158 9237 9236
9353 3 2 1 5 9158 9159 9238 9237
9354 3 2 1 5 9159 9160 9239 9238
9355 3 2 1 5 9160 9161 9240 9239
9356 3 2 1 5 9161 9162 9241 9240
9357 3 2 1 5 9162 9163 9242 9241
9358 3 2 1 5 9163 9164 9243 9242
9359 3 2 1 5 9164 9165 9244 9243
9360 3 2 1 5 9165 9166 9245 9244
9361 3 2 1 5 9166 9167 9246 9245
9362 3 2 1 5 9167 9168 9247 9246
9363 3 2 1 5 9168 9169 9248 9247
9364 3 2 1 5 9169 9170 9249 9248
9365 3 2 1 5 9170 9171 9250 9249
9366 3 2 1 5 9171 9172 9251 9250
9367 3 2 1 5 9172 9173 9252 9251
9368 3 2 1 5 9173 9174 9253 9252
9369 3 2 1 5 9174 9175 9254 9253
9370 3 2 1 5 9175 9176 9255 9254
9371 3 2 1 5 9176 9177 9256 9255
9372 3 2 1 5 9177 9178 9257 9256
9373 3 2 1 5 9178 9179 9258 9257
9374 3 2 1 5 9179 9180 9259 9258
9375 3 2 1 5 9180 9181 9260 9259
9376 3 2 1 5 9181 9182 9261 9260
9377 3 2 1 5 9182 9183 9262 9261
9378 3 2 1 5 9183 9184 9263 9262
9379 3 2 1 5 9184 9185 9264 9263
9380 3 2 1 5 9185 9186 9265 9264
9381 3 2 1 5 9186 9187 9266 9265
9382 3 2 1 5 9187 9188 9267 9266
9383 3 2 1 5 9188 9189 9268 9267
9384 3 2 1 5 9189 9190 9269 9268
9385 3 2 1 5 9190 9191 9270 9269
9386 3 2 1 5 9191 9192 9271 9270
9387 3 2 1 5 9192 9193 9272 9271
9388 3 2 1 5 9193 9194 9273 9272
9389 3 2 1 5 9194 9195 9274 9273
9390 3 2 1 5 9195 9196 9275 9274
9391 3 2 1 5 9196 9197 9276 9275
9392 3 2 1 5 9197 9198 9277 9276
9393 3 2 1 5 9198 9199 9278 9277
9394 3 2 1 5 9199 9200 9279 9278
9395 3 2 1 5 9200 9201 9280 9279
9396 3 2 1 5 9201 9202 9281 9280
9397 3 2 1 5 9202 9203 9282 9281
9398 3 2 1 5 9203 9204 9283 9282
9399 3 2 1 5 9204 9205 9284 9283
9400 3 2 1 5 9205 9206 9285 9284
9401 3 2 1 5 9206 9207 9286 9285
9402 3 2 1 5 9207 564 565 9286
9403 3 2 1 5 536 9208 9287 537
9404 3 2 1 5 9208 9209 9288 9287
9405 3 2 1 5 9209 9210 9289 9288
9406 3 2 1 5 9210 9211 9290 9289
9407 3 2 1 5 9211 9212 9291 9290
9408 3 2 1 5 9212 9213 9292 9291
9409 3 2 1 5 9213 9214 9293 9292
9410 3 2 1 5 9214 9215 9294 9293
9411 3 2 1 5 9215 9216 9295 9294
9412 3 2 1 5 9216 9217 9296 9295
9413 3 2 1 5 9217 9218 9297 9296
9414 3 2 1 5 9218 9219 9298 9297
9415 3 2 1 5 9219 9220 9299 9298
9416 3 2 1 5 9220 9221 9300 9299
9417 3 2 1 5 9221 9222 9301 9300
9418 3 2 1 5 9222 9223 9302 9301
9419 3 2 1 5 9223 9224 9303 9302
9420 3 2 1 5 9224 9225 9304 9303
9421 3 2 1 5 9225 9226 9305 9304
9422 3 2 1 5 9226 9227 9306 9305
9423 3 2 1 5 9227 9228 9307 9306
9424 3 2 1 5 9228 9229 9308 9307
9425 3 2 1 5 9229 9230 9309 9308
9426 3 2 1 5 9230 9231 9310 9309
9427 3 2 1 5 9231 9232 9311 9310
9428 3 2 1 5 9232 9233 9312 9311
9429 3 2 1 5 9233 9234 9313 9312
9430 3 2 1 5 9234 9235 9314 9313
9431 3 2 1 5 9235 9236 9315 9314
9432 3 2 1 5 9236 9237 9316 9315
9433 3 2 1 5 9237 9238 9317 9316
9434 3 2 1 5 9238 9239 9318 9317
9435 3 2 1 5 9239 9240 9319 9318
9436 3 2 1 5 9240 9241 9320 9319
9437 3 2 1 5 9241 9242 9321 9320
9438 3 2 1 5 9242 9243 9322 9321
9439 3 2 1 5 9243 9244 9323 9322
9440 3 2 1 5 9244 9245 9324 9323
9441 3 2 1 5 9245 9246 9325 9324
9442 3 2 1 5 9246 9247 9326 9325
9443 3 2 1 5 9247 9248 9327 9326
9444 3 2 1 5 9248 9249 9328 9327
9445 3 2 1 5 9249 9250 9329 9328
9446 3 2 1 5 9250 9251 9330 9329
9447 3 2 1 5 9251 9252 9331 9330
9448 3 2 1 5 9252 9253 9332 9331
9449 3 2 1 5 9253 9254 9333 9332
9450 3 2 1 5 9254 9255 9334 9333
9451 3 2 1 5 9255 9256 9335 9334
9452 3 2 1 5 9256 9257 9336 9335
9453 3 2 1 5 9257 9258 9337 9336
9454 3 2 1 5 9258 9259 9338 9337
9455 3 2 1 5 9259 9260 9339 9338
9456 3 2 1 5 9260 9261 9340 9339
9457 3 2 1 5 9261 9262 9341 9340
9458 3 2 1 5 9262 9263 9342 9341
9459 3 2 1 5 9263 9264 9343 9342
9460 3 2 1 5 9264 9265 9344 9343
9461 3 2 1 5 9265 9266 9345 9344
9462 3 2 1 5 9266 9267 9346 9345
9463 3 2 1 5 9267 9268 9347 9346
9464 3 2 1 5 9268 9269 9348 9347
9465 3 2 1 5 9269 9270 9349 9348
9466 3 2 1 5 9270 9271 9350 9349
9467 3 2 1 5 9271 9272 9351 9350
9468 3 2 1 5 9272 9273 9352 9351
9469 3 2 1 5 9273 9274 9353 9352
9470 3 2 1 5 9274 9275 9354 9353
9471 3 2 1 5 9275 9276 9355 9354
9472 3 2 1 5 9276 9277 9356 9355
9473 3 2 1 5 9277 9278 9357 9356
9474 3 2 1 5 9278 9279 9358 9357
9475 3 2 1 5 9279 9280 9359 9358
9476 3 2 1 5 9280 9281 9360 9359
9477 3 2 1 5 9281 9282 9361 9360
9478 3 2 1 5 9282 9283 9362 9361
9479 3 2 1 5 9283 9284 9363 9362
9480 3 2 1 5 9284 9285 9364 9363
9481 3 2 1 5 9285 9286 9365 9364
9482 3 2 1 5 9286 565 566 9365
9483 3 2 1 5 537 9287 9366 538
9484 3 2 1 5 9287 9288 9367 9366
9485 3 2 1 5 9288 9289 9368 9367
9486 3 2 1 5 9289 9290 9369 9368
9487 3 2 1 5 9290 9291 9370 9369
9488 3 2 1 5 9291 9292 9371 9370
9489 3 2 1 5 9292 9293 9372 9371
9490 3 2 1 5 9293 9294 9373 9372
9491 3 2 1 5 9294 9295 9374 9373
9492 3 2 1 5 9295 9296 9375 9374
9493 3 2 1 5 9296 9297 9376 9375
9494 3 2 1 5 9297 9298 9377 9376
9495 3 2 1 5 9298 9299 9378 9377
9496 3 2 1 5 9299 9300 9379 9378
9497 3 2 1 5 9300 9301 9380 9379
9498 3 2 1 5 9301 9302 9381 9380
9499 3 2 1 5 9302 9303 9382 9381
9500 3 2 1 5 9303 9304 9383 9382
9501 3 2 1 5 9304 9305 9384 9383
9502 3 2 1 5 9305 9306 9385 9384
9503 3 2 1 5 9306 9307 9386 9385
9504 3 2 1 5 9307 9308 9387 9386
9505 3 2 1 5 9308 9309 9388 9387
9506 3 2 1 5 9309 9310 9389 9388
9507 3 2 1 5 9310 9311 9390 9389
9508 3 2 1 5 9311 9312 9391 9390
9509 3 2 1 5 9312 9313 9392 9391
9510 3 2 1 5 9313 9314 9393 9392
9511 3 2 1 5 9314 9315 9394 9393
9512 3 2 1 5 9315 9316 9395 9394
9513 3 2 1 5 9316 9317 9396 9395
9514 3 2 1 5 9317 9318 9397 9396
9515 3 2 1 5 9318 9319 9398 9397
9516 3 2 1 5 9319 9320 9399 9398
9517 3 2 1 5 9320 9321 9400 9399
9518 3 2 1 5 9321 9322 9401 9400
9519 3 2 1 5 9322 9323 9402 9401
9520 3 2 1 5 9323 9324 9403 9402
9521 3 2 1 5 9324 9325 9404 9403
9522 3 2 1 5 9325 9326 9405 9404
9523 3 2 1 5 9326 9327 9406 9405
9524 3 2 1 5 9327 9328 9407 9406
9525 3 2 1 5 9328 9329 9408 9407
9526 3 2 1 5 9329 9330 9409 9408
9527 3 2 1 5 9330 9331 9410 9409
9528 3 2 1 5 9331 9332 9411 9410
9529 3 2 1 5 9332 9333 9412 9411
9530 3 2 1 5 9333 9334 9413 9412
9531 3 2 1 5 9334 9335 9414 9413
9532 3 2 1 5 9335 9336 9415 9414
9533 3 2 1 5 9336 9337 9416 9415
9534 3 2 1 5 9337 9338 9417 9416
9535 3 2 1 5 9338 9339 9418 9417
9536 3 2 1 5 9339 9340 9419 9418
9537 3 2 1 5 9340 9341 9420 9419
9538 3 2 1 5 9341 9342 9421 9420
9539 3 2 1 5 9342 9343 9422 9421
9540 3 2 1 5 9343 9344 9423 9422
9541 3 2 1 5 9344 9345 9424 9423
9542 3 2 1 5 9345 9346 9425 9424
9543 3 2 1 5 9346 9347 9426 9425
9544 3 2 1 5 9347 9348 9427 9426
9545 3 2 1 5 9348 9349 9428 9427
9546 3 2 1 5 9349 9350 9429 9428
9547 3 2 1 5 9350 9351 9430 9429
9548 3 2 1 5 9351 9352 9431 9430
9549 3 2 1 5 9352 9353 9432 9431
9550 3 2 1 5 9353 9354 9433 9432
9551 3 2 1 5 9354 9355 9434 9433
9552 3 2 1 5 9355 9356 9435 9434
9553 3 2 1 5 9356 9357 9436 9435
9554 3 2 1 5 9357 9358 9437 9436
9555 3 2 1 5 9358 9359 9438 9437
9556 3 2 1 5 9359 9360 9439 9438
9557 3 2 1 5 9360 9361 9440 9439
9558 3 2 1 5 9361 9362 9441 9440
9559 3 2 1 5 9362 9363 9442 9441
9560 3 2 1 5 9363 9364 9443 9442
9561 3 2 1 5 9364 9365 9444 9443
9562 3 2 1 5 9365 566 567 9444
9563 3 2 1 5 538 9366 9445 539
9564 3 2 1 5 9366 9367 9446 9445
9565 3 2 1 5 9367 9368 9447 9446
9566 3 2 1 5 9368 9369 9448 9447
9567 3 2 1 5 9369 9370 9449 9448
9568 3 2 1 5 9370 9371 9450 9449
9569 3 2 1 5 9371 9372 9451 9450
9570 3 2 1 5 9372 9373 9452 9451
9571 3 2 1 5 9373 9374 9453 9452
9572 3 2 1 5 9374 9375 9454 9453
9573 3 2 1 5 9375 9376 9455 9454
9574 3 2 1 5 9376 9377 9456 9455
9575 3 2 1 5 9377 9378 9457 9456
9576 3 2 1 5 9378 9379 9458 9457
9577 3 2 1 5 9379 9380 9459 9458
9578 3 2 1 5 9380 9381 9460 9459
9579 3 2 1 5 9381 9382 9461 9460
9580 3 2 1 5 9382 9383 9462 9461
9581 3 2 1 5 9383 9384 9463 9462
9582 3 2 1 5 9384 9385 9464 9463
9583 3 2 1 5 9385 9386 9465 9464
9584 3 2 1 5 9386 9387 9466 9465
9585 3 2 1 5 9387 9388 9467 9466
9586 3 2 1 5 9388 9389 9468 9467
9587 3 2 1 5 9389 9390 9469 9468
9588 3 2 1 5 9390 9391 9470 9469
9589 3 2 1 5 9391 9392 9471 9470
9590 3 2 1 5 9392 9393 9472 9471
9591 3 2 1 5 9393 9394 9473 9472
9592 3 2 1 5 9394 9395 9474 9473
9593 3 2 1 5 9395 9396 9475 9474
9594 3 2 1 5 9396 9397 9476 9475
9595 3 2 1 5 9397 9398 9477 9476
9596 3 2 1 5 9398 9399 9478 9477
9597 3 2 1 5 9399 9400 9479 9478
9598 3 2 1 5 9400 9401 9480 9479
9599 3 2 1 5 9401 9402 9481 9480
9600 3 2 1 5 9402 9403 9482 9481
9601 3 2 1 5 9403 9404 9483 9482
9602 3 2 1 5 9404 9405 9484 9483
9603 3 2 1 5 9405 9406 9485 9484
9604 3 2 1 5 9406 9407 9486 9485
9605 3 2 1 5 9407 9408 9487 9486
9606 3 2 1 5 9408 9409 9488 9487
9607 3 2 1 5 9409 9410 9489 9488
9608 3 2 1 5 9410 9411 9490 9489
9609 3 2 1 5 9411 9412 9491 9490
9610 3 2 1 5 9412 9413 9492 9491
9611 3 2 1 5 9413 9414 9493 9492
9612 3 2 1 5 9414 9415 9494 9493
9613 3 2 1 5 9415 9416 9495 9494
9614 3 2 1 5 9416 9417 9496 9495
9615 3 2 1 5 9417 9418 9497 9496
9616 3 2 1 5 9418 9419 9498 9497
9617 3 2 1 5 9419 9420 9499 9498
9618 3 2 1 5 9420 9421 9500 9499
9619 3 2 1 5 9421 9422 9501 9500
9620 3 2 1 5 9422 9423 9502 9501
9621 3 2 1 5 9423 9424 9503 9502
9622 3 2 1 5 9424 9425 9504 9503
9623 3 2 1 5 9425 9426 9505 9504
9624 3 2 1 5 9426 9427 9506 9505
9625 3 2 1 5 9427 9428 9507 9506
9626 3 2 1 5 9428 9429 9508 9507
9627 3 2 1 5 9429 9430 9509 9508
9628 3 2 1 5 9430 9431 9510 9509
9629 3 2 1 5 9431 9432 9511 9510
9630 3 2 1 5 9432 9433 9512 9511
9631 3 2 1 5 9433 9434 9513 9512
9632 3 2 1 5 9434 9435 9514 9513
9633 3 2 1 5 9435 9436 9515 9514
9634 3 2 1 5 9436 9437 9516 9515
9635 3 2 1 5 9437 9438 9517 9516
9636 3 2 1 5 9438 9439 9518 9517
9637 3 2 1 5 9439 9440 9519 9518
9638 3 2 1 5 9440 9441 9520 9519
9639 3 2 1 5 9441 9442 9521 9520
9640 3 2 1 5 9442 9443 9522 9521
9641 3 2 1 5 9443 9444 9523 9522
9642 3 2 1 5 9444 567 568 9523
9643 3 2 1 5 539 9445 9524 540
9644 3 2 1 5 9445 9446 9525 9524
9645 3 2 1 5 9446 9447 9526 9525
9646 3 2 1 5 9447 9448 9527 9526
9647 3 2 1 5 9448 9449 9528 9527
9648 3 2 1 5 9449 9450 9529 9528
9649 3 2 1 5 9450 9451 9530 9529
9650 3 2 1 5 9451 9452 9531 9530
9651 3 2 1 5 9452 9453 9532 9531
9652 3 2 1 5 9453 9454 9533 9532
9653 3 2 1 5 9454 9455 9534 9533
9654 3 2 1 5 9455 9456 9535 9534
9655 3 2 1 5 9456 9457 9536 9535
9656 3 2 1 5 9457 9458 9537 9536
9657 3 2 1 5 9458 9459 9538 9537
9658 3 2 1 5 9459 9460 9539 9538
9659 3 2 1 5 9460 9461 9540 9539
9660 3 2 1 5 9461 9462 9541 9540
9661 3 2 1 5 9462 9463 9542 9541
9662 3 2 1 5 9463 9464 9543 9542
9663 3 2 1 5 9464 9465 9544 9543
9664 3 2 1 5 9465 9466 9545 9544
9665 3 2 1 5 9466 9467 9546 9545
9666 3 2 1 5 9467 9468 9547 9546
9667 3 2 1 5 9468 9469 9548 9547
9668 3 2 1 5 9469 9470 9549 9548
9669 3 2 1 5 9470 9471 9550 9549
9670 3 2 1 5 9471 9472 9551 9550
9671 3 2 1 5 9472 9473 9552 9551
9672 3 2 1 5 9473 9474 9553 9552
9673 3 2 1 5 9474 9475 9554 9553
9674 3 2 1 5 9475 9476 9555 9554
9675 3 2 1 5 9476 9477 9556 9555
9676 3 2 1 5 9477 9478 9557 9556
9677 3 2 1 5 9478 9479 9558 9557
9678 3 2 1 5 9479 9480 9559 9558
9679 3 2 1 5 9480 9481 9560 9559
9680 3 2 1 5 9481 9482 9561 9560
9681 3 2 1 5 9482 9483 9562 9561
9682 3 2 1 5 9483 9484 9563 9562
9683 3 2 1 5 9484 9485 9564 9563
9684 3 2 1 5 9485 9486 9565 9564
9685 3 2 1 5 9486 9487 9566 9565
9686 3 2 1 5 9487 9488 9567 9566
9687 3 2 1 5 9488 9489 9568 9567
9688 3 2 1 5 9489 9490 9569 9568
9689 3 2 1 5 9490 9491 9570 9569
9690 3 2 1 5 9491 9492 9571 9570
9691 3 2 1 5 9492 9493 9572 9571
9692 3 2 1 5 9493 9494 9573 9572
9693 3 2 1 5 9494 9495 9574 9573
9694 3 2 1 5 9495 9496 9575 9574
9695 3 2 1 5 9496 9497 9576 9575
9696 3 2 1 5 9497 9498 9577 9576
9697 3 2 1 5 9498 9499 9578 9577
9698 3 2 1 5 9499 9500 9579 9578
9699 3 2 1 5 9500 9501 9580 9579
9700 3 2 1 5 9501 9502 9581 9580
9701 3 2 1 5 9502 9503 9582 9581
9702 3 2 1 5 9503 9504 9583 9582
9703 3 2 1 5 9504 9505 9584 9583
9704 3 2 1 5 9505 9506 9585 9584
9705 3 2 1 5 9506 9507 9586 9585
9706 3 2 1 5 9507 9508 9587 9586
9707 3 2 1 5 9508 9509 9588 9587
9708 3 2 1 5 9509 9510 9589 9588
9709 3 2 1 5 9510 9511 9590 9589
9710 3 2 1 5 9511 9512 9591 9590
9711 3 2 1 5 9512 9513 9592 9591
9712 3 2 1 5 9513 9514 9593 9592
9713 3 2 1 5 9514 9515 9594 9593
9714 3 2 1 5 9515 9516 9595 9594
9715 3 2 1 5 9516 9517 9596 9595
9716 3 2 1 5 9517 9518 9597 9596
9717 3 2 1 5 9518 9519 9598 9597
9718 3 2 1 5 9519 9520 9599 9598
9719 3 2 1 5 9520 9521 9600 9599
9720 3 2 1 5 9521 9522 9601 9600
9721 3 2 1 5 9522 9523 9602 9601
9722 3 2 1 5 9523 568 569 9602
9723 3 2 1 5 540 9524 9603 541
9724 3 2 1 5 9524 9525 9604 9603
9725 3 2 1 5 9525 9526 9605 9604
9726 3 2 1 5 9526 9527 9606 9605
9727 3 2 1 5 9527 9528 9607 9606
9728 3 2 1 5 9528 9529 9608 9607
9729 3 2 1 5 9529 9530 9609 9608
9730 3 2 1 5 9530 9531 9610 9609
9731 3 2 1 5 9531 9532 9611 9610
9732 3 2 1 5 9532 9533 9612 9611
9733 3 2 1 5 9533 9534 9613 9612
9734 3 2 1 5 9534 9535 9614 9613
9735 3 2 1 5 9535 9536 9615 9614
9736 3 2 1 5 9536 9537 9616 9615
9737 3 2 1 5 9537 9538 9617 9616
9738 3 2 1 5 9538 9539 9618 9617
9739 3 2 1 5 9539 9540 9619 9618
9740 3 2 1 5 9540 9541 9620 9619
9741 3 2 1 5 9541 9542 9621 9620
9742 3 2 1 5 9542 9543 9622 9621
9743 3 2 1 5 9543 9544 9623 9622
9744 3 2 1 5 9544 9545 9624 9623
9745 3 2 1 5 9545 9546 9625 9624
9746 3 2 1 5 9546 9547 9626 9625
9747 3 2 1 5 9547 9548 9627 9626
9748 3 2 1 5 9548 9549 9628 9627
9749 3 2 1 5 9549 9550 9629 9628
9750 3 2 1 5 9550 9551 9630 9629
9751 3 2 1 5 9551 9552 9631 9630
9752 3 2 1 5 9552 9553 9632 9631
9753 3 2 1 5 9553 9554 9633 9632
9754 3 2 1 5 9554 9555 9634 9633
9755 3 2 1 5 9555 9556 9635 9634
9756 3 2 1 5 9556 9557 9636 9635
9757 3 2 1 5 9557 9558 9637 9636
9758 3 2 1 5 9558 9559 9638 9637
9759 3 2 1 5 9559 9560 9639 9638
9760 3 2 1 5 9560 9561 9640 9639
9761 3 2 1 5 9561 9562 9641 9640
9762 3 2 1 5 9562 9563 9642 9641
9763 3 2 1 5 9563 9564 9643 9642
9764 3 2 1 5 9564 9565 9644 9643
9765 3 2 1 5 9565 9566 9645 9644
9766 3 2 1 5 9566 9567 9646 9645
9767 3 2 1 5 9567 9568 9647 9646
9768 3 2 1 5 9568 9569 9648 9647
9769 3 2 1 5 9569 9570 9649 9648
9770 3 2 1 5 9570 9571 9650 9649
9771 3 2 1 5 9571 9572 9651 9650
9772 3 2 1 5 9572 9573 9652 9651
9773 3 2 1 5 9573 9574 9653 9652
9774 3 2 1 5 9574 9575 9654 9653
9775 3 2 1 5 9575 9576 9655 9654
9776 3 2 1 5 9576 9577 9656 9655
9777 3 2 1 5 9577 9578 9657 9656
9778 3 2 1 5 9578 9579 9658 9657
9779 3 2 1 5 9579 9580 9659 9658
9780 3 2 1 5 9580 9581 9660 9659
9781 3 2 1 5 9581 9582 9661 9660
9782 3 2 1 5 9582 9583 9662 9661
9783 3 2 1 5 9583 9584 9663 9662
9784 3 2 1 5 9584 9585 9664 9663
9785 3 2 1 5 9585 9586 9665 9664
9786 3 2 1 5 9586 9587 9666 9665
9787 3 2 1 5 9587 9588 9667 9666
9788 3 2 1 5 9588 9589 9668 9667
9789 3 2 1 5 9589 9590 9669 9668
9790 3 2 1 5 9590 9591 9670 9669
9791 3 2 1 5 9591 9592 9671 9670
9792 3 2 1 5 9592 9593 9672 9671
9793 3 2 1 5 9593 9594 9673 9672
9794 3 2 1 5 9594 9595 9674 9673
9795 3 2 1 5 9595 9596 9675 9674
9796 3 2 1 5 9596 9597 9676 9675
9797 3 2 1 5 9597 9598 9677 9676
9798 3 2 1 5 9598 9599 9678 9677
9799 3 2 1 5 9599 9600 9679 9678
9800 3 2 1 5 9600 9601 9680 9679
9801 3 2 1 5 9601 9602 9681 9680
9802 3 2 1 5 9602 569 570 9681
9803 3 2 1 5 541 9603 9682 542
9804 3 2 1 5 9603 9604 9683 9682
9805 3 2 1 5 9604 9605 9684 9683
9806 3 2 1 5 9605 9606 9685 9684
9807 3 2 1 5 9606 9607 9686 9685
9808 3 2 1 5 9607 9608 9687 9686
9809 3 2 1 5 9608 9609 9688 9687
9810 3 2 1 5 9609 9610 9689 9688
9811 3 2 1 5 9610 9611 9690 9689
9812 3 2 1 5 9611 9612 9691 9690
9813 3 2 1 5 9612 9613 9692 9691
9814 3 2 1 5 9613 9614 9693 9692
9815 3 2 1 5 9614 9615 9694 9693
9816 3 2 1 5 9615 9616 9695 9694
9817 3 2 1 5 9616 9617 9696 9695
9818 3 2 1 5 9617 9618 9697 9696
9819 3 2 1 5 9618 9619 9698 9697
9820 3 2 1 5 9619 9620 9699 9698
9821 3 2 1 5 9620 9621 9700 9699
9822 3 2 1 5 9621 9622 9701 9700
9823 3 2 1 5 9622 9623 9702 9701
9824 3 2 1 5 9623 9624 9703 9702
9825 3 2 1 5 9624 9625 9704 9703
9826 3 2 1 5 9625 9626 9705 9704
9827 3 2 1 5 9626 9627 9706 9705
9828 3 2 1 5 9627 9628 9707 9706
9829 3 2 1 5 9628 9629 9708 9707
9830 3 2 1 5 9629 9630 9709 9708
9831 3 2 1 5 9630 9631 9710 9709
9832 3 2 1 5 9631 9632 9711 9710
9833 3 2 1 5 9632 9633 9712 9711
9834 3 2 1 5 9633 9634 9713 9712
9835 3 2 1 5 9634 9635 9714 9713
9836 3 2 1 5 9635 9636 9715 9714
9837 3 2 1 5 9636 9637 9716 9715
9838 3 2 1 5 9637 9638 9717 9716
9839 3 2 1 5 9638 9639 9718 9717
9840 3 2 1 5 9639 9640 9719 9718
9841 3 2 1 5 9640 9641 9720 9719
9842 3 2 1 5 9641 9642 9721 9720
9843 3 2 1 5 9642 9643 9722 9721
9844 3 2 1 5 9643 9644 9723 9722
9845 3 2 1 5 9644 9645 9724 9723
9846 3 2 1 5 9645 9646 9725 9724
9847 3 2 1 5 9646 9647 9726 9725
9848 3 2 1 5 9647 9648 9727 9726
9849 3 2 1 5 9648 9649 9728 9727
9850 3 2 1 5 9649 9650 9729 9728
9851 3 2 1 5 9650 9651 9730 9729
9852 3 2 1 5 9651 9652 9731 9730
9853 3 2 1 5 9652 9653 9732 9731
9854 3 2 1 5 9653 9654 9733 9732
9855 3 2 1 5 9654 9655 9734 9733
9856 3 2 1 5 9655 9656 9735 9734
9857 3 2 1 5 9656 9657 9736 9735
9858 3 2 1 5 9657 9658 9737 9736
9859 3 2 1 5 9658 9659 9738 9737
9860 3 2 1 5 9659 9660 9739 9738
9861 3 2 1 5 9660 9661 9740 9739
9862 3 2 1 5 9661 9662 9741 9740
9863 3 2 1 5 9662 9663 9742 9741
9864 3 2 1 5 9663 9664 9743 9742
9865 3 2 1 5 9664 9665 9744 9743
9866 3 2 1 5 9665 9666 9745 9744
9867 3 2 1 5 9666 9667 9746 9745
9868 3 2 1 5 9667 9668 9747 9746
9869 3 2 1 5 9668 9669 9748 9747
9870 3 2 1 5 9669 9670 9749 9748
9871 3 2 1 5 9670 9671 9750 9749
9872 3 2 1 5 9671 9672 9751 9750
9873 3 2 1 5 9672 9673 9752 9751
9874 3 2 1 5 9673 9674 9753 9752
9875 3 2 1 5 9674 9675 9754 9753
9876 3 2 1 5 9675 9676 9755 9754
9877 3 2 1 5 9676 9677 9756 9755
9878 3 2 1 5 9677 9678 9757 9756
9879 3 2 1 5 9678 9679 9758 9757
9880 3 2 1 5 9679 9680 9759 9758
9881 3 2 1 5 9680 9681 9760 9759
9882 3 2 1 5 9681 570 571 9760
9883 3 2 1 5 542 9682 9761 543
9884 3 2 1 5 9682 9683 9762 9761
9885 3 2 1 5 9683 9684 9763 9762
9886 3 2 1 5 9684 9685 9764 9763
9887 3 2 1 5 9685 9686 9765 9764
9888 3 2 1 5 9686 9687 9766 9765
9889 3 2 1 5 9687 9688 9767 9766
9890 3 2 1 5 9688 9689 9768 9767
9891 3 2 1 5 9689 9690 9769 9768
9892 3 2 1 5 9690 9691 9770 9769
9893 3 2 1 5 9691 9692 9771 9770
9894 3 2 1 5 9692 9693 9772 9771
9895 3 2 1 5 9693 9694 9773 9772
9896 3 2 1 5 9694 9695 9774 9773
9897 3 2 1 5 9695 9696 9775 9774
9898 3 2 1 5 9696 9697 9776 9775
9899 3 2 1 5 9697 9698 9777 9776
9900 3 2 1 5 9698 9699 9778 9777
9901 3 2 1 5 9699 9700 9779 9778
9902 3 2 1 5 9700 9701 9780 9779
9903 3 2 1 5 9701 9702 9781 9780
9904 3 2 1 5 9702 9703 9782 9781
9905 3 2 1 5 9703 9704 9783 9782
9906 3 2 1 5 9704 9705 9784 9783
9907 3 2 1 5 9705 9706 9785 9784
9908 3 2 1 5 9706 9707 9786 9785
9909 3 2 1 5 9707 9708 9787 9786
9910 3 2 1 5 9708 9709 9788 9787
9911 3 2 1 5 9709 9710 9789 9788
9912 3 2 1 5 9710 9711 9790 9789
9913 3 2 1 5 9711 9712 9791 9790
9914 3 2 1 5 9712 9713 9792 9791
9915 3 2 1 5 9713 9714 9793 9792
9916 3 2 1 5 9714 9715 9794 9793
9917 3 2 1 5 9715 9716 9795 9794
9918 3 2 1 5 9716 9717 9796 9795
9919 3 2 1 5 9717 9718 9797 9796
9920 3 2 1 5 9718 9719 9798 9797
9921 3 2 1 5 9719 9720 9799 9798
9922 3 2 1 5 9720 9721 9800 9799
9923 3 2 1 5 9721 9722 9801 9800
9924 3 2 1 5 9722 9723 9802 9801
9925 3 2 1 5 9723 9724 9803 9802
9926 3 2 1 5 9724 9725 9804 9803
9927 3 2 1 5 9725 9726 9805 9804
9928 3 2 1 5 9726 9727 9806 9805
9929 3 2 1 5 9727 9728 9807 9806
9930 3 2 1 5 9728 9729 9808 9807
9931 3 2 1 5 9729 9730 9809 9808
9932 3 2 1 5 9730 9731 9810 9809
9933 3 2 1 5 9731 9732 9811 9810
9934 3 2 1 5 9732 9733 9812 9811
9935 3 2 1 5 9733 9734 9813 9812
9936 3 2 1 5 9734 9735 9814 9813
9937 3 2 1 5 9735 9736 9815 9814
9938 3 2 1 5 9736 9737 9816 9815
9939 3 2 1 5 9737 9738 9817 9816
9940 3 2 1 5 9738 9739 9818 9817
9941 3 2 1 5 9739 9740 9819 9818
9942 3 2 1 5 9740 9741 9820 9819
9943 3 2 1 5 9741 9742 9821 9820
9944 3 2 1 5 9742 9743 9822 9821
9945 3 2 1 5 9743 9744 9823 9822
9946 3 2 1 5 9744 9745 9824 9823
9947 3 2 1 5 9745 9746 9825 9824
9948 3 2 1 5 9746 9747 9826 9825
9949 3 2 1 5 9747 9748 9827 9826
9950 3 2 1 5 9748 9749 9828 9827
9951 3 2 1 5 9749 9750 9829 9828
9952 3 2 1 5 9750 9751 9830 9829
9953 3 2 1 5 9751 9752 9831 9830
9954 3 2 1 5 9752 9753 9832 9831
9955 3 2 1 5 9753 9754 9833 9832
9956 3 2 1 5 9754 9755 9834 9833
9957 3 2 1 5 9755 9756 9835 9834
9958 3 2 1 5 9756 9757 9836 9835
9959 3 2 1 5 9757 9758 9837 9836
9960 3 2 1 5 9758 9759 9838 9837
9961 3 2 1 5 9759 9760 9839 9838
9962 3 2 1 5 9760 571 572 9839
9963 3 2 1 5 543 9761 9840 544
9964 3 2 1 5 9761 9762 9841 9840
9965 3 2 1 5 9762 9763 9842 9841
9966 3 2 1 5 9763 9764 9843 9842
9967 3 2 1 5 9764 9765 9844 9843
9968 3 2 1 5 9765 9766 9845 9844
9969 3 2 1 5 9766 9767 9846 9845
9970 3 2 1 5 9767 9768 9847 9846
9971 3 2 1 5 9768 9769 9848 9847
9972 3 2 1 5 9769 9770 9849 9848
9973 3 2 1 5 9770 9771 9850 9849
9974 3 2 1 5 9771 9772 9851 9850
9975 3 2 1 5 9772 9773 9852 9851
9976 3 2 1 5 9773 9774 9853 9852
9977 3 2 1 5 9774 9775 9854 9853
9978 3 2 1 5 9775 9776 9855 9854
9979 3 2 1 5 9776 9777 9856 9855
9980 3 2 1 5 9777 9778 9857 9856
9981 3 2 1 5 9778 9779 9858 9857
9982 3 2 1 5 9779 9780 9859 9858
9983 3 2 1 5 9780 9781 9860 9859
9984 3 2 1 5 9781 9782 9861 9860
9985 3 2 1 5 9782 9783 9862 9861
9986 3 2 1 5 9783 9784 9863 9862
9987 3 2 1 5 9784 9785 9864 9863
9988 3 2 1 5 9785 9786 9865 9864
9989 3 2 1 5 9786 9787 9866 9865
9990 3 2 1 5 9787 9788 9867 9866
9991 3 2 1 5 9788 9789 9868 9867
9992 3 2 1 5 9789 9790 9869 9868
9993 3 2 1 5 9790 9791 9870 9869
9994 3 2 1 5 9791 9792 9871 9870
9995 3 2 1 5 9792 9793 9872 9871
9996 3 2 1 5 9793 9794 9873 9872
9997 3 2 1 5 9794 9795 9874 9873
9998 3 2 1 5 9795 9796 9875 9874
9999 3 2 1 5 9796 9797 9876 9875
10000 3 2 1 5 9797 9798 9877 9876
10001 3 2 1 5 9798 9799 9878 9877
10002 3 2 1 5 9799 9800 9879 9878
10003 3 2 1 5 9800 9801 9880 9879
10004 3 2 1 5 9801 9802 9881 9880
10005 3 2 1 5 9802 9803 9882 9881
10006 3 2 1 5 9803 9804 9883 9882
10007 3 2 1 5 9804 9805 9884 9883
10008 3 2 1 5 9805 9806 9885 9884
10009 3 2 1 5 9806 9807 9886 9885
10010 3 2 1 5 9807 9808 9887 9886
10011 3 2 1 5 9808 9809 9888 9887
10012 3 2 1 5 9809 9810 9889 9888
10013 3 2 1 5 9810 9811 9890 9889
10014 3 2 1 5 9811 9812 9891 9890
10015 3 2 1 5 9812 9813 9892 9891
10016 3 2 1 5 9813 9814 9893 9892
10017 3 2 1 5 9814 9815 9894 9893
10018 3 2 1 5 9815 9816 9895 9894
10019 3 2 1 5 9816 9817 9896 9895
10020 3 2 1 5 9817 9818 9897 9896
10021 3 2 1 5 9818 9819 9898 9897
10022 3 2 1 5 9819 9820 9899 9898
10023 3 2 1 5 9820 9821 9900 9899
10024 3 2 1 5 9821 9822 9901 9900
10025 3 2 1 5 9822 9823 9902 9901
10026 3 2 1 5 9823 9824 9903 9902
10027 3 2 1 5 9824 9825 9904 9903
10028 3 2 1 5 9825 9826 9905 9904
10029 3 2 1 5 9826 9827 9906 9905
10030 3 2 1 5 9827 9828 9907 9906
10031 3 2 1 5 9828 9829 9908 9907
10032 3 2 1 5 9829 9830 9909 9908
10033 3 2 1 5 9830 9831 9910 9909
10034 3 2 1 5 9831 9832 9911 9910
10035 3 2 1 5 9832 9833 9912 9911
10036 3 2 1 5 9833 9834 9913 9912
10037 3 2 1 5 9834 9835 9914 9913
10038 3 2 1 5 9835 9836 9915 9914
10039 3 2 1 5 9836 9837 9916 9915
10040 3 2 1 5 9837 9838 9917 9916
10041 3 2 1 5 9838 9839 9918 9917
10042 3 2 1 5 9839 572 573 9918
10043 3 2 1 5 544 9840 9919 545
10044 3 2 1 5 9840 9841 9920 9919
10045 3 2 1 5 9841 9842 9921 9920
10046 3 2 1 5 9842 9843 9922 9921
10047 3 2 1 5 9843 9844 9923 9922
10048 3 2 1 5 9844 9845 9924 9923
10049 3 2 1 5 9845 9846 9925 9924
10050 3 2 1 5 9846 9847 9926 9925
10051 3 2 1 5 9847 9848 9927 9926
10052 3 2 1 5 9848 9849 9928 9927
10053 3 2 1 5 9849 9850 9929 9928
10054 3 2 1 5 9850 9851 9930 9929
10055 3 2 1 5 9851 9852 9931 9930
10056 3 2 1 5 9852 9853 9932 9931
10057 3 2 1 5 9853 9854 9933 9932
10058 3 2 1 5 9854 9855 9934 9933
10059 3 2 1 5 9855 9856 9935 9934
10060 3 2 1 5 9856 9857 9936 9935
10061 3 2 1 5 9857 9858 9937 9936
10062 3 2 1 5 9858 9859 9938 9937
10063 3 2 1 5 9859 9860 9939 9938
10064 3 2 1 5 9860 9861 9940 9939
10065 3 2 1 5 9861 9862 9941 9940
10066 3 2 1 5 9862 9863 9942 9941
10067 3 2 1 5 9863 9864 9943 9942
10068 3 2 1 5 9864 9865 9944 9943
10069 3 2 1 5 9865 9866 9945 9944
10070 3 2 1 5 9866 9867 9946 9945
10071 3 2 1 5 9867 9868 9947 9946
10072 3 2 1 5 9868 9869 9948 9947
10073 3 2 1 5 9869 9870 9949 9948
10074 3 2 1 5 9870 9871 9950 9949
10075 3 2 1 5 9871 9872 9951 9950
10076 3 2 1 5 9872 9873 9952 9951
10077 3 2 1 5 9873 9874 9953 9952
10078 3 2 1 5 9874 9875 9954 9953
10079 3 2 1 5 9875 9876 9955 9954
10080 3 2 1 5 9876 9877 9956 9955
10081 3 2 1 5 9877 9878 9957 9956
10082 3 2 1 5 9878 9879 9958 9957
10083 3 2 1 5 9879 9880 9959 9958
10084 3 2 1 5 9880 9881 9960 9959
10085 3 2 1 5 9881 9882 9961 9960
10086 3 2 1 5 9882 9883 9962 9961
10087 3 2 1 5 9883 9884 9963 9962
10088 3 2 1 5 9884 9885 9964 9963
10089 3 2 1 5 9885 9886 9965 9964
10090 3 2 1 5 9886 9887 9966 9965
10091 3 2 1 5 9887 9888 9967 9966
10092 3 2 1 5 9888 9889 9968 9967
10093 3 2 1 5 9889 9890 9969 9968
10094 3 2 1 5 9890 9891 9970 9969
10095 3 2 1 5 9891 9892 9971 9970
10096 3 2 1 5 9892 9893 9972 9971
10097 3 2 1 5 9893 9894 9973 9972
10098 3 2 1 5 9894 9895 9974 9973
10099 3 2 1 5 9895 9896 9975 9974
10100 3 2 1 5 9896 9897 9976 9975
10101 3 2 1 5 9897 9898 9977 9976
10102 3 2 1 5 9898 9899 9978 9977
10103 3 2 1 5 9899 9900 9979 9978
10104 3 2 1 5 9900 9901 9980 9979
10105 3 2 1 5 9901 9902 9981 9980
10106 3 2 1 5 9902 9903 9982 9981
10107 3 2 1 5 9903 9904 9983 9982
10108 3 2 1 5 9904 9905 9984 9983
10109 3 2 1 5 9905 9906 9985 9984
10110 3 2 1 5 9906 9907 9986 9985
10111 3 2 1 5 9907 9908 9987 9986
10112 3 2 1 5 9908 9909 9988 9987
10113 3 2 1 5 9909 9910 9989 9988
10114 3 2 1 5 9910 9911 9990 9989
10115 3 2 1 5 9911 9912 9991 9990
10116 3 2 1 5 9912 9913 9992 9991
10117 3 2 1 5 9913 9914 9993 9992
10118 3 2 1 5 9914 9915 9994 9993
10119 3 2 1 5 9915 9916 9995 9994
10120 3 2 1 5 9916 9917 9996 9995
10121 3 2 1 5 9917 9918 9997 9996
10122 3 2 1 5 9918 573 574 9997
10123 3 2 1 5 545 9919 9998 546
10124 3 2 1 5 9919 9920 9999 9998
10125 3 2 1 5 9920 9921 10000 9999
10126 3 2 1 5 9921 9922 10001 10000
10127 3 2 1 5 9922 9923 10002 10001
10128 3 2 1 5 9923 9924 10003 10002
10129 3 2 1 5 9924 9925 10004 10003
10130 3 2 1 5 9925 9926 10005 10004
10131 3 2 1 5 9926 9927 10006 10005
10132 3 2 1 5 9927 9928 10007 10006
10133 3 2 1 5 9928 9929 10008 10007
10134 3 2 1 5 9929 9930 10009 10008
10135 3 2 1 5 9930 9931 10010 10009
10136 3 2 1 5 9931 9932 10011 10010
10137 3 2 1 5 9932 9933 10012 10011
10138 3 2 1 5 9933 9934 10013 10012
10139 3 2 1 5 9934 9935 10014 10013
10140 3 2 1 5 9935 9936 10015 10014
10141 3 2 1 5 9936 9937 10016 10015
10142 3 2 1 5 9937 9938 10017 10016
10143 3 2 1 5 9938 9939 10018 10017
10144 3 2 1 5 9939 9940 10019 10018
10145 3 2 1 5 9940 9941 10020 10019
10146 3 2 1 5 9941 9942 10021 10020
10147 3 2 1 5 9942 9943 10022 10021
10148 3 2 1 5 9943 9944 10023 10022
10149 3 2 1 5 9944 9945 10024 10023
10150 3 2 1 5 9945 9946 10025 10024
10151 3 2 1 5 9946 9947 10026 10025
10152 3 2 1 5 9947 9948 10027 10026
10153 3 2 1 5 9948 9949 10028 10027
10154 3 2 1 5 9949 9950 10029 10028
10155 3 2 1 5 9950 9951 10030 10029
10156 3 2 1 5 9951 9952 10031 10030
10157 3 2 1 5 9952 9953 10032 10031
10158 3 2 1 5 9953 9954 10033 10032
10159 3 2 1 5 9954 9955 10034 10033
10160 3 2 1 5 9955 9956 10035 10034
10161 3 2 1 5 9956 9957 10036 10035
10162 3 2 1 5 9957 9958 10037 10036
10163 3 2 1 5 9958 9959 10038 10037
10164 3 2 1 5 9959 9960 10039 10038
10165 3 2 1 5 9960 9961 10040 10039
10166 3 2 1 5 9961 9962 10041 10040
10167 3 2 1 5 9962 9963 10042 10041
10168 3 2 1 5 9963 9964 10043 10042
10169 3 2 1 5 9964 9965 10044 10043
10170 3 2 1 5 9965 9966 10045 10044
10171 3 2 1 5 9966 9967 10046 10045
10172 3 2 1 5 9967 9968 10047 10046
10173 3 2 1 5 9968 9969 10048 10047
10174 3 2 1 5 9969 9970 10049 10048
10175 3 2 1 5 9970 9971 10050 10049
10176 3 2 1 5 9971 9972 10051 10050
10177 3 2 1 5 9972 9973 10052 10051
10178 3 2 1 5 9973 9974 10053 10052
10179 3 2 1 5 9974 9975 10054 10053
10180 3 2 1 5 9975 9976 10055 10054
10181 3 2 1 5 9976 9977 10056 10055
10182 3 2 1 5 9977 9978 10057 10056
10183 3 2 1 5 9978 9979 10058 10057
10184 3 2 1 5 9979 9980 10059 10058
10185 3 2 1 5 9980 9981 10060 10059
10186 3 2 1 5 9981 9982 10061 10060
10187 3 2 1 5 9982 9983 10062 10061
10188 3 2 1 5 9983 9984 10063 10062
10189 3 2 1 5 9984 9985 10064 10063
10190 3 2 1 5 9985 9986 10065 10064
10191 3 2 1 5 9986 9987 10066 10065
10192 3 2 1 5 9987 9988 10067 10066
10193 3 2 1 5 9988 9989 10068 10067
10194 3 2 1 5 9989 9990 10069 10068
10195 3 2 1 5 9990 9991 10070 10069
10196 3 2 1 5 9991 9992 10071 10070
10197 3 2 1 5 9992 9993 10072 10071
10198 3 2 1 5 9993 9994 10073 10072
10199 3 2 1 5 9994 9995 10074 10073
10200 3 2 1 5 9995 9996 10075 10074
10201 3 2 1 5 9996 9997 10076 10075
10202 3 2 1 5 9997 574 575 10076
10203 3 2 1 5 546 9998 10077 547
10204 3 2 1 5 9998 9999 10078 10077
10205 3 2 1 5 9999 10000 10079 10078
10206 3 2 1 5 10000 10001 10080 10079
10207 3 2 1 5 10001 10002 10081 10080
10208 3 2 1 5 10002 10003 10082 10081
10209 3 2 1 5 10003 10004 10083 10082
10210 3 2 1 5 10004 10005 10084 10083
10211 3 2 1 5 10005 10006 10085 10084
10212 3 2 1 5 10006 10007 10086 10085
10213 3 2 1 5 10007 10008 10087 10086
10214 3 2 1 5 10008 10009 10088 10087
10215 3 2 1 5 10009 10010 10089 10088
10216 3 2 1 5 10010 10011 10090 10089
10217 3 2 1 5 10011 10012 10091 10090
10218 3 2 1 5 10012 10013 10092 10091
10219 3 2 1 5 10013 10014 10093 10092
10220 3 2 1 5 10014 10015 10094 10093
10221 3 2 1 5 10015 10016 10095 10094
10222 3 2 1 5 10016 10017 10096 10095
10223 3 2 1 5 10017 10018 10097 10096
10224 3 2 1 5 10018 10019 10098 10097
10225 3 2 1 5 10019 10020 10099 10098
10226 3 2 1 5 10020 10021 10100 10099
10227 3 2 1 5 10021 10022 10101 10100
10228 3 2 1 5 10022 10023 10102 10101
10229 3 2 1 5 10023 10024 10103 10102
10230 3 2 1 5 10024 10025 10104 10103
10231 3 2 1 5 10025 10026 10105 10104
10232 3 2 1 5 10026 10027 10106 10105
10233 3 2 1 5 10027 10028 10107 10106
10234 3 2 1 5 10028 10029 10108 10107
10235 3 2 1 5 10029 10030 10109 10108
10236 3 2 1 5 10030 10031 10110 10109
10237 3 2 1 5 10031 10032 10111 10110
10238 3 2 1 5 10032 10033 10112 10111
10239 3 2 1 5 10033 10034 10113 10112
10240 3 2 1 5 10034 10035 10114 10113
10241 3 2 1 5 10035 10036 10115 10114
10242 3 2 1 5 10036 10037 10116 10115
10243 3 2 1 5 10037 10038 10117 10116
10244 3 2 1 5 10038 10039 10118 10117
10245 3 2 1 5 10039 10040 10119 10118
10246 3 2 1 5 10040 10041 10120 10119
10247 3 2 1 5 10041 10042 10121 10120
10248 3 2 1 5 10042 10043 10122 10121
10249 3 2 1 5 10043 10044 10123 10122
10250 3 2 1 5 10044 10045 10124 10123
10251 3 2 1 5 10045 10046 10125 10124
10252 3 2 1 5 10046 10047 10126 10125
10253 3 2 1 5 10047 10048 10127 10126
10254 3 2 1 5 10048 10049 10128 10127
10255 3 2 1 5 10049 10050 10129 10128
10256 3 2 1 5 10050 10051 10130 10129
10257 3 2 1 5 10051 10052 10131 10130
10258 3 2 1 5 10052 10053 10132 10131
10259 3 2 1 5 10053 10054 10133 10132
10260 3 2 1 5 10054 10055 10134 10133
10261 3 2 1 5 10055 10056 10135 10134
10262 3 2 1 5 10056 10057 10136 10135
10263 3 2 1 5 10057 10058 10137 10136
10264 3 2 1 5 10058 10059 10138 10137
10265 3 2 1 5 10059 10060 10139 10138
10266 3 2 1 5 10060 10061 10140 10139
10267 3 2 1 5 10061 10062 10141 10140
10268 3 2 1 5 10062 10063 10142 10141
10269 3 2 1 5 10063 10064 10143 10142
10270 3 2 1 5 10064 10065 10144 10143
10271 3 2 1 5 10065 10066 10145 10144
10272 3 2 1 5 10066 10067 10146 10145
10273 3 2 1 5 10067 10068 10147 10146
10274 3 2 1 5 10068 10069 10148 10147
10275 3 2 1 5 10069 10070 10149 10148
10276 3 2 1 5 10070 10071 10150 10149
10277 3 2 1 5 10071 10072 10151 10150
10278 3 2 1 5 10072 10073 10152 10151
10279 3 2 1 5 10073 10074 10153 10152
10280 3 2 1 5 10074 10075 10154 10153
10281 3 2 1 5 10075 10076 10155 10154
10282 3 2 1 5 10076 575 576 10155
10283 3 2 1 5 547 10077 10156 548
10284 3 2 1 5 10077 10078 10157 10156
10285 3 2 1 5 10078 10079 10158 10157
10286 3 2 1 5 10079 10080 10159 10158
10287 3 2 1 5 10080 10081 10160 10159
10288 3 2 1 5 10081 10082 10161 10160
10289 3 2 1 5 10082 10083 10162 10161
10290 3 2 1 5 10083 10084 10163 10162
10291 3 2 1 5 10084 10085 10164 10163
10292 3 2 1 5 10085 10086 10165 10164
10293 3 2 1 5 10086 10087 10166 10165
10294 3 2 1 5 10087 10088 10167 10166
10295 3 2 1 5 10088 10089 10168 10167
10296 3 2 1 5 10089 10090 10169 10168
10297 3 2 1 5 10090 10091 10170 10169
10298 3 2 1 5 10091 10092 10171 10170
10299 3 2 1 5 10092 10093 10172 10171
10300 3 2 1 5 10093 10094 10173 10172
10301 3 2 1 5 10094 10095 10174 10173
10302 3 2 1 5 10095 10096 10175 10174
10303 3 2 1 5 10096 10097 10176 10175
10304 3 2 1 5 10097 10098 10177 10176
10305 3 2 1 5 10098 10099 10178 10177
10306 3 2 1 5 10099 10100 10179 10178
10307 3 2 1 5 10100 10101 10180 10179
10308 3 2 1 5 10101 10102 10181 10180
10309 3 2 1 5 10102 10103 10182 10181
10310 3 2 1 5 10103 10104 10183 10182
10311 3 2 1 5 10104 10105 10184 10183
10312 3 2 1 5 10105 10106 10185 10184
10313 3 2 1 5 10106 10107 10186 10185
10314 3 2 1 5 10107 10108 10187 10186
10315 3 2 1 5 10108 10109 10188 10187
10316 3 2 1 5 10109 10110 10189 10188
10317 3 2 1 5 10110 10111 10190 10189
10318 3 2 1 5 10111 10112 10191 10190
10319 3 2 1 5 10112 10113 10192 10191
10320 3 2 1 5 10113 10114 10193 10192
10321 3 2 1 5 10114 10115 10194 10193
10322 3 2 1 5 10115 10116 10195 10194
10323 3 2 1 5 10116 10117 10196 10195
10324 3 2 1 5 10117 10118 10197 10196
10325 3 2 1 5 10118 10119 10198 10197
10326 3 2 1 5 10119 10120 10199 10198
10327 3 2 1 5 10120 10121 10200 10199
10328 3 2 1 5 10121 10122 10201 10200
10329 3 2 1 5 10122 10123 10202 10201
10330 3 2 1 5 10123 10124 10203 10202
10331 3 2 1 5 10124 10125 10204 10203
10332 3 2 1 5 10125 10126 10205 10204
10333 3 2 1 5 10126 10127 10206 10205
10334 3 2 1 5 10127 10128 10207 10206
10335 3 2 1 5 10128 10129 10208 10207
10336 3 2 1 5 10129 10130 10209 10208
10337 3 2 1 5 10130 10131 10210 10209
10338 3 2 1 5 10131 10132 10211 10210
10339 3 2 1 5 10132 10133 10212 10211
10340 3 2 1 5 10133 10134 10213 10212
10341 3 2 1 5 10134 10135 10214 10213
10342 3 2 1 5 10135 10136 10215 10214
10343 3 2 1 5 10136 10137 10216 10215
10344 3 2 1 5 10137 10138 10217 10216
10345 3 2 1 5 10138 10139 10218 10217
10346 3 2 1 5 10139 10140 10219 10218
10347 3 2 1 5 10140 10141 10220 10219
10348 3 2 1 5 10141 10142 10221 10220
10349 3 2 1 5 10142 10143 10222 10221
10350 3 2 1 5 10143 10144 10223 10222
10351 3 2 1 5 10144 10145 10224 10223
10352 3 2 1 5 10145 10146 10225 10224
10353 3 2 1 5 10146 10147 10226 10225
10354 3 2 1 5 10147 10148 10227 10226
10355 3 2 1 5 10148 10149 10228 10227
10356 3 2 1 5 10149 10150 10229 10228
10357 3 2 1 5 10150 10151 10230 10229
10358 3 2 1 5 10151 10152 10231 10230
10359 3 2 1 5 10152 10153 10232 10231
10360 3 2 1 5 10153 10154 10233 10232
10361 3 2 1 5 10154 10155 10234 10233
10362 3 2 1 5 10155 576 577 10234
10363 3 2 1 5 548 10156 10235 549
10364 3 2 1 5 10156 10157 10236 10235
10365 3 2 1 5 10157 10158 10237 10236
10366 3 2 1 5 10158 10159 10238 10237
10367 3 2 1 5 10159 10160 10239 10238
10368 3 2 1 5 10160 10161 10240 10239
10369 3 2 1 5 10161 10162 10241 10240
10370 3 2 1 5 10162 10163 10242 10241
10371 3 2 1 5 10163 10164 10243 10242
10372 3 2 1 5 10164 10165 10244 10243
10373 3 2 1 5 10165 10166 10245 10244
10374 3 2 1 5 10166 10167 10246 10245
10375 3 2 1 5 10167 10168 10247 10246
10376 3 2 1 5 10168 10169 10248 10247
10377 3 2 1 5 10169 10170 10249 10248
10378 3 2 1 5 10170 10171 10250 10249
10379 3 2 1 5 10171 10172 10251 10250
10380 3 2 1 5 10172 10173 10252 10251
10381 3 2 1 5 10173 10174 10253 10252
10382 3 2 1 5 10174 10175 10254 10253
10383 3 2 1 5 10175 10176 10255 10254
10384 3 2 1 5 10176 10177 10256 10255
10385 3 2 1 5 10177 10178 10257 10256
10386 3 2 1 5 10178 10179 10258 10257
10387 3 2 1 5 10179 10180 10259 10258
10388 3 2 1 5 10180 10181 10260 10259
10389 3 2 1 5 10181 10182 10261 10260
10390 3 2 1 5 10182 10183 10262 10261
10391 3 2 1 5 10183 10184 10263 10262
10392 3 2 1 5 10184 10185 10264 10263
10393 3 2 1 5 10185 10186 10265 10264
10394 3 2 1 5 10186 10187 10266 10265
10395 3 2 1 5 10187 10188 10267 10266
10396 3 2 1 5 10188 10189 10268 10267
10397 3 2 1 5 10189 10190 10269 10268
10398 3 2 1 5 10190 10191 10270 10269
10399 3 2 1 5 10191 10192 10271 10270
10400 3 2 1 5 10192 10193 10272 10271
10401 3 2 1 5 10193 10194 10273 10272
10402 3 2 1 5 10194 10195 10274 10273
10403 3 2 1 5 10195 10196 10275 10274
10404 3 2 1 5 10196 10197 10276 10275
10405 3 2 1 5 10197 10198 10277 10276
10406 3 2 1 5 10198 10199 10278 10277
10407 3 2 1 5 10199 10200 10279 10278
10408 3 2 1 5 10200 10201 10280 10279
10409 3 2 1 5 10201 10202 10281 10280
10410 3 2 1 5 10202 10203 10282 10281
10411 3 2 1 5 10203 10204 10283 10282
10412 3 2 1 5 10204 10205 10284 10283
10413 3 2 1 5 10205 10206 10285 10284
10414 3 2 1 5 10206 10207 10286 10285
10415 3 2 1 5 10207 10208 10287 10286
10416 3 2 1 5 10208 10209 10288 10287
10417 3 2 1 5 10209 10210 10289 10288
10418 3 2 1 5 10210 10211 10290 10289
10419 3 2 1 5 10211 10212 10291 10290
10420 3 2 1 5 10212 10213 10292 10291
10421 3 2 1 5 10213 10214 10293 10292
10422 3 2 1 5 10214 10215 10294 10293
10423 3 2 1 5 10215 10216 10295 10294
10424 3 2 1 5 10216 10217 10296 10295
10425 3 2 1 5 10217 10218 10297 10296
10426 3 2 1 5 10218 10219 10298 10297
10427 3 2 1 5 10219 10220 10299 10298
10428 3 2 1 5 10220 10221 10300 10299
10429 3 2 1 5 10221 10222 10301 10300
10430 3 2 1 5 10222 10223 10302 10301
10431 3 2 1 5 10223 10224 10303 10302
10432 3 2 1 5 10224 10225 10304 10303
10433 3 2 1 5 10225 10226 10305 10304
10434 3 2 1 5 10226 10227 10306 10305
10435 3 2 1 5 10227 10228 10307 10306
10436 3 2 1 5 10228 10229 10308 10307
10437 3 2 1 5 10229 10230 10309 10308
10438 3 2 1 5 10230 10231 10310 10309
10439 3 2 1 5 10231 10232 10311 10310
10440 3 2 1 5 10232 10233 10312 10311
10441 3 2 1 5 10233 10234 10313 10312
10442 3 2 1 5 10234 577 578 10313
10443 3 2 1 5 549 10235 10314 550
10444 3 2 1 5 10235 10236 10315 10314
10445 3 2 1 5 10236 10237 10316 10315
10446 3 2 1 5 10237 10238 10317 10316
10447 3 2 1 5 10238 10239 10318 10317
10448 3 2 1 5 10239 10240 10319 10318
10449 3 2 1 5 10240 10241 10320 10319
10450 3 2 1 5 10241 10242 10321 10320
10451 3 2 1 5 10242 10243 10322 10321
10452 3 2 1 5 10243 10244 10323 10322
10453 3 2 1 5 10244 10245 10324 10323
10454 3 2 1 5 10245 10246 10325 10324
10455 3 2 1 5 10246 10247 10326 10325
10456 3 2 1 5 10247 10248 10327 10326
10457 3 2 1 5 10248 10249 10328 10327
10458 3 2 1 5 10249 10250 10329 10328
10459 3 2 1 5 10250 10251 10330 10329
10460 3 2 1 5 10251 10252 10331 10330
10461 3 2 1 5 10252 10253 10332 10331
10462 3 2 1 5 10253 10254 10333 10332
10463 3 2 1 5 10254 10255 10334 10333
10464 3 2 1 5 10255 10256 10335 10334
10465 3 2 1 5 10256 10257 10336 10335
10466 3 2 1 5 10257 10258 10337 10336
10467 3 2 1 5 10258 10259 10338 10337
10468 3 2 1 5 10259 10260 10339 10338
10469 3 2 1 5 10260 10261 10340 10339
10470 3 2 1 5 10261 10262 10341 10340
10471 3 2 1 5 10262 10263 10342 10341
10472 3 2 1 5 10263 10264 10343 10342
10473 3 2 1 5 10264 10265 10344 10343
10474 3 2 1 5 10265 10266 10345 10344
10475 3 2 1 5 10266 10267 10346 10345
10476 3 2 1 5 10267 10268 10347 10346
10477 3 2 1 5 10268 10269 10348 10347
10478 3 2 1 5 10269 10270 10349 10348
10479 3 2 1 5 10270 10271 10350 10349
10480 3 2 1 5 10271 10272 10351 10350
10481 3 2 1 5 10272 10273 10352 10351
10482 3 2 1 5 10273 10274 10353 10352
10483 3 2 1 5 10274 10275 10354 10353
10484 3 2 1 5 10275 10276 10355 10354
10485 3 2 1 5 10276 10277 10356 10355
10486 3 2 1 5 10277 10278 10357 10356
10487 3 2 1 5 10278 10279 10358 10357
10488 3 2 1 5 10279 10280 10359 10358
10489 3 2 1 5 10280 10281 10360 10359
10490 3 2 1 5 10281 10282 10361 10360
10491 3 2 1 5 10282 10283 10362 10361
10492 3 2 1 5 10283 10284 10363 10362
10493 3 2 1 5 10284 10285 10364 10363
10494 3 2 1 5 10285 10286 10365 10364
10495 3 2 1 5 10286 10287 10366 10365
10496 3 2 1 5 10287 10288 10367 10366
10497 3 2 1 5 10288 10289 10368 10367
10498 3 2 1 5 10289 10290 10369 10368
10499 3 2 1 5 10290 10291 10370 10369
10500 3 2 1 5 10291 10292 10371 10370
10501 3 2 1 5 10292 10293 10372 10371
10502 3 2 1 5 10293 10294 10373 10372
10503 3 2 1 5 10294 10295 10374 10373
10504 3 2 1 5 10295 10296 10375 10374
10505 3 2 1 5 10296 10297 10376 10375
10506 3 2 1 5 10297 10298 10377 10376
10507 3 2 1 5 10298 10299 10378 10377
10508 3 2 1 5 10299 10300 10379 10378
10509 3 2 1 5 10300 10301 10380 10379
10510 3 2 1 5 10301 10302 10381 10380
10511 3 2 1 5 10302 10303 10382 10381
10512 3 2 1 5 10303 10304 10383 10382
10513 3 2 1 5 10304 10305 10384 10383
10514 3 2 1 5 10305 10306 10385 10384
10515 3 2 1 5 10306 10307 10386 10385
10516 3 2 1 5 10307 10308 10387 10386
10517 3 2 1 5 10308 10309 10388 10387
10518 3 2 1 5 10309 10310 10389 10388
10519 3 2 1 5 10310 10311 10390 10389
10520 3 2 1 5 10311 10312 10391 10390
10521 3 2 1 5 10312 10313 10392 10391
10522 3 2 1 5 10313 578 579 10392
10523 3 2 1 5 550 10314 10393 551
10524 3 2 1 5 10314 10315 10394 10393
10525 3 2 1 5 10315 10316 10395 10394
10526 3 2 1 5 10316 10317 10396 10395
10527 3 2 1 5 10317 10318 10397 10396
10528 3 2 1 5 10318 10319 10398 10397
10529 3 2 1 5 10319 10320 10399 10398
10530 3 2 1 5 10320 10321 10400 10399
10531 3 2 1 5 10321 10322 10401 10400
10532 3 2 1 5 10322 10323 10402 10401
10533 3 2 1 5 10323 10324 10403 10402
10534 3 2 1 5 10324 10325 10404 10403
10535 3 2 1 5 10325 10326 10405 10404
10536 3 2 1 5 10326 10327 10406 10405
10537 3 2 1 5 10327 10328 10407 10406
10538 3 2 1 5 10328 10329 10408 10407
10539 3 2 1 5 10329 10330 10409 10408
10540 3 2 1 5 10330 10331 10410 10409
10541 3 2 1 5 10331 10332 10411 10410
10542 3 2 1 5 10332 10333 10412 10411
10543 3 2 1 5 10333 10334 10413 10412
10544 3 2 1 5 10334 10335 10414 10413
10545 3 2 1 5 10335 10336 10415 10414
10546 3 2 1 5 10336 10337 10416 10415
10547 3 2 1 5 10337 10338 10417 10416
10548 3 2 1 5 10338 10339 10418 10417
10549 3 2 1 5 10339 10340 10419 10418
10550 3 2 1 5 10340 10341 10420 10419
10551 3 2 1 5 10341 10342 10421 10420
10552 3 2 1 5 10342 10343 10422 10421
10553 3 2 1 5 10343 10344 10423 10422
10554 3 2 1 5 10344 10345 10424 10423
10555 3 2 1 5 10345 10346 10425 10424
10556 3 2 1 5 10346 10347 10426 10425
10557 3 2 1 5 10347 10348 10427 10426
10558 3 2 1 5 10348 10349 10428 10427
10559 3 2 1 5 10349 10350 10429 10428
10560 3 2 1 5 10350 10351 10430 10429
10561 3 2 1 5 10351 10352 10431 10430
10562 3 2 1 5 10352 10353 10432 10431
10563 3 2 1 5 10353 10354 10433 10432
10564 3 2 1 5 10354 10355 10434 10433
10565 3 2 1 5 10355 10356 10435 10434
10566 3 2 1 5 10356 10357 10436 10435
10567 3 2 1 5 10357 10358 10437 10436
10568 3 2 1 5 10358 10359 10438 10437
10569 3 2 1 5 10359 10360 10439 10438
10570 3 2 1 5 10360 10361 10440 10439
10571 3 2 1 5 10361 10362 10441 10440
10572 3 2 1 5 10362 10363 10442 10441
10573 3 2 1 5 10363 10364 10443 10442
10574 3 2 1 5 10364 10365 10444 10443
10575 3 2 1 5 10365 10366 10445 10444
10576 3 2 1 5 10366 10367 10446 10445
10577 3 2 1 5 10367 10368 10447 10446
10578 3 2 1 5 10368 10369 10448 10447
10579 3 2 1 5 10369 10370 10449 10448
10580 3 2 1 5 10370 10371 10450 10449
10581 3 2 1 5 10371 10372 10451 10450
10582 3 2 1 5 10372 10373 10452 10451
10583 3 2 1 5 10373 10374 10453 10452
10584 3 2 1 5 10374 10375 10454 10453
10585 3 2 1 5 10375 10376 10455 10454
10586 3 2 1 5 10376 10377 10456 10455
10587 3 2 1 5 10377 10378 10457 10456
10588 3 2 1 5 10378 10379 10458 10457
10589 3 2 1 5 10379 10380 10459 10458
10590 3 2 1 5 10380 10381 10460 10459
10591 3 2 1 5 10381 10382 10461 10460
10592 3 2 1 5 10382 10383 10462 10461
10593 3 2 1 5 10383 10384 10463 10462
10594 3 2 1 5 10384 10385 10464 10463
10595 3 2 1 5 10385 10386 10465 10464
10596 3 2 1 5 10386 10387 10466 10465
10597 3 2 1 5 10387 10388 10467 10466
10598 3 2 1 5 10388 10389 10468 10467
10599 3 2 1 5 10389 10390 10469 10468
10600 3 2 1 5 10390 10391 10470 10469
10601 3 2 1 5 10391 10392 10471 10470
10602 3 2 1 5 10392 579 580 10471
10603 3 2 1 5 551 10393 10472 552
10604 3 2 1 5 10393 10394 10473 10472
10605 3 2 1 5 10394 10395 10474 10473
10606 3 2 1 5 10395 10396 10475 10474
10607 3 2 1 5 10396 10397 10476 10475
10608 3 2 1 5 10397 10398 10477 10476
10609 3 2 1 5 10398 10399 10478 10477
10610 3 2 1 5 10399 10400 10479 10478
10611 3 2 1 5 10400 10401 10480 10479
10612 3 2 1 5 10401 10402 10481 10480
10613 3 2 1 5 10402 10403 10482 10481
10614 3 2 1 5 10403 10404 10483 10482
10615 3 2 1 5 10404 10405 10484 10483
10616 3 2 1 5 10405 10406 10485 10484
10617 3 2 1 5 10406 10407 10486 10485
10618 3 2 1 5 10407 10408 10487 10486
10619 3 2 1 5 10408 10409 10488 10487
10620 3 2 1 5 10409 10410 10489 10488
10621 3 2 1 5 10410 10411 10490 10489
10622 3 2 1 5 10411 10412 10491 10490
10623 3 2 1 5 10412 10413 10492 10491
10624 3 2 1 5 10413 10414 10493 10492
10625 3 2 1 5 10414 10415 10494 10493
10626 3 2 1 5 10415 10416 10495 10494
10627 3 2 1 5 10416 10417 10496 10495
10628 3 2 1 5 10417 10418 10497 10496
10629 3 2 1 5 10418 10419 10498 10497
10630 3 2 1 5 10419 10420 10499 10498
10631 3 2 1 5 10420 10421 10500 10499
10632 3 2 1 5 10421 10422 10501 10500
10633 3 2 1 5 10422 10423 10502 10501
10634 3 2 1 5 10423 10424 10503 10502
10635 3 2 1 5 10424 10425 10504 10503
10636 3 2 1 5 10425 10426 10505 10504
10637 3 2 1 5 10426 10427 10506 10505
10638 3 2 1 5 10427 10428 10507 10506
10639 3 2 1 5 10428 10429 10508 10507
10640 3 2 1 5 10429 10430 10509 10508
10641 3 2 1 5 10430 10431 10510 10509
10642 3 2 1 5 10431 10432 10511 10510
10643 3 2 1 5 10432 10433 10512 10511
10644 3 2 1 5 10433 10434 10513 10512
10645 3 2 1 5 10434 10435 10514 10513
10646 3 2 1 5 10435 10436 10515 10514
10647 3 2 1 5 10436 10437 10516 10515
10648 3 2 1 5 10437 10438 10517 10516
10649 3 2 1 5 10438 10439 10518 10517
10650 3 2 1 5 10439 10440 10519 10518
10651 3 2 1 5 10440 10441 10520 10519
10652 3 2 1 5 10441 10442 10521 10520
10653 3 2 1 5 10442 10443 10522 10521
10654 3 2 1 5 10443 10444 10523 10522
10655 3 2 1 5 10444 10445 10524 10523
10656 3 2 1 5 10445 10446 10525 10524
10657 3 2 1 5 10446 10447 10526 10525
10658 3 2 1 5 10447 10448 10527 10526
10659 3 2 1 5 10448 10449 10528 10527
10660 3 2 1 5 10449 10450 10529 10528
10661 3 2 1 5 10450 10451 10530 10529
10662 3 2 1 5 10451 10452 10531 10530
10663 3 2 1 5 10452 10453 10532 10531
10664 3 2 1 5 10453 10454 10533 10532
10665 3 2 1 5 10454 10455 10534 10533
10666 3 2 1 5 10455 10456 10535 10534
10667 3 2 1 5 10456 10457 10536 10535
10668 3 2 1 5 10457 10458 10537 10536
10669 3 2 1 5 10458 10459 10538 10537
10670 3 2 1 5 10459 10460 10539 10538
10671 3 2 1 5 10460 10461 10540 10539
10672 3 2 1 5 10461 10462 10541 10540
10673 3 2 1 5 10462 10463 10542 10541
10674 3 2 1 5 10463 10464 10543 10542
10675 3 2 1 5 10464 10465 10544 10543
10676 3 2 1 5 10465 10466 10545 10544
10677 3 2 1 5 10466 10467 10546 10545
10678 3 2 1 5 10467 10468 10547 10546
10679 3 2 1 5 10468 10469 10548 10547
10680 3 2 1 5 10469 10470 10549 10548
10681 3 2 1 5 10470 10471 10550 10549
10682 3 2 1 5 10471 580 581 10550
10683 3 2 1 5 552 10472 10551 553
10684 3 2 1 5 10472 10473 10552 10551
10685 3 2 1 5 10473 10474 10553 10552
10686 3 2 1 5 10474 10475 10554 10553
10687 3 2 1 5 10475 10476 10555 10554
10688 3 2 1 5 10476 10477 10556 10555
10689 3 2 1 5 10477 10478 10557 10556
10690 3 2 1 5 10478 10479 10558 10557
10691 3 2 1 5 10479 10480 10559 10558
10692 3 2 1 5 10480 10481 10560 10559
10693 3 2 1 5 10481 10482 10561 10560
10694 3 2 1 5 10482 10483 10562 10561
10695 3 2 1 5 10483 10484 10563 10562
10696 3 2 1 5 10484 10485 10564 10563
10697 3 2 1 5 10485 10486 10565 10564
10698 3 2 1 5 10486 10487 10566 10565
10699 3 2 1 5 10487 10488 10567 10566
10700 3 2 1 5 10488 10489 10568 10567
10701 3 2 1 5 10489 10490 10569 10568
10702 3 2 1 5 10490 10491 10570 10569
10703 3 2 1 5 10491 10492 10571 10570
10704 3 2 1 5 10492 10493 10572 10571
10705 3 2 1 5 10493 10494 10573 10572
10706 3 2 1 5 10494 10495 10574 10573
10707 3 2 1 5 10495 10496 10575 10574
10708 3 2 1 5 10496 10497 10576 10575
10709 3 2 1 5 10497 10498 10577 10576
10710 3 2 1 5 10498 10499 10578 10577
10711 3 2 1 5 10499 10500 10579 10578
10712 3 2 1 5 10500 10501 10580 10579
10713 3 2 1 5 10501 10502 10581 10580
10714 3 2 1 5 10502 10503 10582 10581
10715 3 2 1 5 10503 10504 10583 10582
10716 3 2 1 5 10504 10505 10584 10583
10717 3 2 1 5 10505 10506 10585 10584
10718 3 2 1 5 10506 10507 10586 10585
10719 3 2 1 5 10507 10508 10587 10586
10720 3 2 1 5 10508 10509 10588 10587
10721 3 2 1 5 10509 10510 10589 10588
10722 3 2 1 5 10510 10511 10590 10589
10723 3 2 1 5 10511 10512 10591 10590
10724 3 2 1 5 10512 10513 10592 10591
10725 3 2 1 5 10513 10514 10593 10592
10726 3 2 1 5 10514 10515 10594 10593
10727 3 2 1 5 10515 10516 10595 10594
10728 3 2 1 5 10516 10517 10596 10595
10729 3 2 1 5 10517 10518 10597 10596
10730 3 2 1 5 10518 10519 10598 10597
10731 3 2 1 5 10519 10520 10599 10598
10732 3 2 1 5 10520 10521 10600 10599
10733 3 2 1 5 10521 10522 10601 10600
10734 3 2 1 5 10522 10523 10602 10601
10735 3 2 1 5 10523 10524 10603 10602
10736 3 2 1 5 10524 10525 10604 10603
10737 3 2 1 5 10525 10526 10605 10604
10738 3 2 1 5 10526 10527 10606 10605
10739 3 2 1 5 10527 10528 10607 10606
10740 3 2 1 5 10528 10529 10608 10607
10741 3 2 1 5 10529 10530 10609 10608
10742 3 2 1 5 10530 10531 10610 10609
10743 3 2 1 5 10531 10532 10611 10610
10744 3 2 1 5 10532 10533 10612 10611
10745 3 2 1 5 10533 10534 10613 10612
10746 3 2 1 5 10534 10535 10614 10613
10747 3 2 1 5 10535 10536 10615 10614
10748 3 2 1 5 10536 10537 10616 10615
10749 3 2 1 5 10537 10538 10617 10616
10750 3 2 1 5 10538 10539 10618 10617
10751 3 2 1 5 10539 10540 10619 10618
10752 3 2 1 5 10540 10541 10620 10619
10753 3 2 1 5 10541 10542 10621 10620
10754 3 2 1 5 10542 10543 10622 10621
10755 3 2 1 5 10543 10544 10623 10622
10756 3 2 1 5 10544 10545 10624 10623
10757 3 2 1 5 10545 10546 10625 10624
10758 3 2 1 5 10546 10547 10626 10625
10759 3 2 1 5 10547 10548 10627 10626
10760 3 2 1 5 10548 10549 10628 10627
10761 3 2 1 5 10549 10550 10629 10628
10762 3 2 1 5 10550 581 582 10629
10763 3 2 1 5 553 10551 10630 554
10764 3 2 1 5 10551 10552 10631 10630
10765 3 2 1 5 10552 10553 10632 10631
10766 3 2 1 5 10553 10554 10633 10632
10767 3 2 1 5 10554 10555 10634 10633
10768 3 2 1 5 10555 10556 10635 10634
10769 3 2 1 5 10556 10557 10636 10635
10770 3 2 1 5 10557 10558 10637 10636
10771 3 2 1 5 10558 10559 10638 10637
10772 3 2 1 5 10559 10560 10639 10638
10773 3 2 1 5 10560 10561 10640 10639
10774 3 2 1 5 10561 10562 10641 10640
10775 3 2 1 5 10562 10563 10642 10641
10776 3 2 1 5 10563 10564 10643 10642
10777 3 2 1 5 10564 10565 10644 10643
10778 3 2 1 5 10565 10566 10645 10644
10779 3 2 1 5 10566 10567 10646 10645
10780 3 2 1 5 10567 10568 10647 10646
10781 3 2 1 5 10568 10569 10648 10647
10782 3 2 1 5 10569 10570 10649 10648
10783 3 2 1 5 10570 10571 10650 10649
10784 3 2 1 5 10571 10572 10651 10650
10785 3 2 1 5 10572 10573 10652 10651
10786 3 2 1 5 10573 10574 10653 10652
10787 3 2 1 5 10574 10575 10654 10653
10788 3 2 1 5 10575 10576 10655 10654
10789 3 2 1 5 10576 10577 10656 10655
10790 3 2 1 5 10577 10578 10657 10656
10791 3 2 1 5 10578 10579 10658 10657
10792 3 2 1 5 10579 10580 10659 10658
10793 3 2 1 5 10580 10581 10660 10659
10794 3 2 1 5 10581 10582 10661 10660
10795 3 2 1 5 10582 10583 10662 10661
10796 3 2 1 5 10583 10584 10663 10662
10797 3 2 1 5 10584 10585 10664 10663
10798 3 2 1 5 10585 10586 10665 10664
10799 3 2 1 5 10586 10587 10666 10665
10800 3 2 1 5 10587 10588 10667 10666
10801 3 2 1 5 10588 10589 10668 10667
10802 3 2 1 5 10589 10590 10669 10668
10803 3 2 1 5 10590 10591 10670 10669
10804 3 2 1 5 10591 10592 10671 10670
10805 3 2 1 5 10592 10593 10672 10671
10806 3 2 1 5 10593 10594 10673 10672
10807 3 2 1 5 10594 10595 10674 10673
10808 3 2 1 5 10595 10596 10675 10674
10809 3 2 1 5 10596 10597 10676 10675
10810 3 2 1 5 10597 10598 10677 10676
10811 3 2 1 5 10598 10599 10678 10677
10812 3 2 1 5 10599 10600 10679 10678
10813 3 2 1 5 10600 10601 10680 10679
10814 3 2 1 5 10601 10602 10681 10680
10815 3 2 1 5 10602 10603 10682 10681
10816 3 2 1 5 10603 10604 10683 10682
10817 3 2 1 5 10604 10605 10684 10683
10818 3 2 1 5 10605 10606 10685 10684
10819 3 2 1 5 10606 10607 10686 10685
10820 3 2 1 5 10607 10608 10687 10686
10821 3 2 1 5 10608 10609 10688 10687
10822 3 2 1 5 10609 10610 10689 10688
10823 3 2 1 5 10610 10611 10690 10689
10824 3 2 1 5 10611 10612 10691 10690
10825 3 2 1 5 10612 10613 10692 10691
10826 3 2 1 5 10613 10614 10693 10692
10827 3 2 1 5 10614 10615 10694 10693
10828 3 2 1 5 10615 10616 10695 10694
10829 3 2 1 5 10616 10617 10696 10695
10830 3 2 1 5 10617 10618 10697 10696
10831 3 2 1 5 10618 10619 10698 10697
10832 3 2 1 5 10619 10620 10699 10698
10833 3 2 1 5 10620 10621 10700 10699
10834 3 2 1 5 10621 10622 10701 10700
10835 3 2 1 5 10622 10623 10702 10701
10836 3 2 1 5 10623 10624 10703 10702
10837 3 2 1 5 10624 10625 10704 10703
10838 3 2 1 5 10625 10626 10705 10704
10839 3 2 1 5 10626 10627 10706 10705
10840 3 2 1 5 10627 10628 10707 10706
10841 3 2 1 5 10628 10629 10708 10707
10842 3 2 1 5 10629 582 583 10708
10843 3 2 1 5 554 10630 10709 555
10844 3 2 1 5 10630 10631 10710 10709
10845 3 2 1 5 10631 10632 10711 10710
10846 3 2 1 5 10632 10633 10712 10711
10847 3 2 1 5 10633 10634 10713 10712
10848 3 2 1 5 10634 10635 10714 10713
10849 3 2 1 5 10635 10636 10715 10714
10850 3 2 1 5 10636 10637 10716 10715
10851 3 2 1 5 10637 10638 10717 10716
10852 3 2 1 5 10638 10639 10718 10717
10853 3 2 1 5 10639 10640 10719 10718
10854 3 2 1 5 10640 10641 10720 10719
10855 3 2 1 5 10641 10642 10721 10720
10856 3 2 1 5 10642 10643 10722 10721
10857 3 2 1 5 10643 10644 10723 10722
10858 3 2 1 5 10644 10645 10724 10723
10859 3 2 1 5 10645 10646 10725 10724
10860 3 2 1 5 10646 10647 10726 10725
10861 3 2 1 5 10647 10648 10727 10726
10862 3 2 1 5 10648 10649 10728 10727
10863 3 2 1 5 10649 10650 10729 10728
10864 3 2 1 5 10650 10651 10730 10729
10865 3 2 1 5 10651 10652 10731 10730
10866 3 2 1 5 10652 10653 10732 10731
10867 3 2 1 5 10653 10654 10733 10732
10868 3 2 1 5 10654 10655 10734 10733
10869 3 2 1 5 10655 10656 10735 10734
10870 3 2 1 5 10656 10657 10736 10735
10871 3 2 1 5 10657 10658 10737 10736
10872 3 2 1 5 10658 10659 10738 10737
10873 3 2 1 5 10659 10660 10739 10738
10874 3 2 1 5 10660 10661 10740 10739
10875 3 2 1 5 10661 10662 10741 10740
10876 3 2 1 5 10662 10663 10742 10741
10877 3 2 1 5 10663 10664 10743 10742
10878 3 2 1 5 10664 10665 10744 10743
10879 3 2 1 5 10665 10666 10745 10744
10880 3 2 1 5 10666 10667 10746 10745
10881 3 2 1 5 10667 10668 10747 10746
10882 3 2 1 5 10668 10669 10748 10747
10883 3 2 1 5 10669 10670 10749 10748
10884 3 2 1 5 10670 10671 10750 10749
10885 3 2 1 5 10671 10672 10751 10750
10886 3 2 1 5 10672 10673 10752 10751
10887 3 2 1 5 10673 10674 10753 10752
10888 3 2 1 5 10674 10675 10754 10753
10889 3 2 1 5 10675 10676 10755 10754
10890 3 2 1 5 10676 10677 10756 10755
10891 3 2 1 5 10677 10678 10757 10756
10892 3 2 1 5 10678 10679 10758 10757
10893 3 2 1 5 10679 10680 10759 10758
10894 3 2 1 5 10680 10681 10760 10759
10895 3 2 1 5 10681 10682 10761 10760
10896 3 2 1 5 10682 10683 10762 10761
10897 3 2 1 5 10683 10684 10763 10762
10898 3 2 1 5 10684 10685 10764 10763
10899 3 2 1 5 10685 10686 10765 10764
10900 3 2 1 5 10686 10687 10766 10765
10901 3 2 1 5 10687 10688 10767 10766
10902 3 2 1 5 10688 10689 10768 10767
10903 3 2 1 5 10689 10690 10769 10768
10904 3 2 1 5 10690 10691 10770 10769
10905 3 2 1 5 10691 10692 10771 10770
10906 3 2 1 5 10692 10693 10772 10771
10907 3 2 1 5 10693 10694 10773 10772
10908 3 2 1 5 10694 10695 10774 10773
10909 3 2 1 5 10695 10696 10775 10774
10910 3 2 1 5 10696 10697 10776 10775
10911 3 2 1 5 10697 10698 10777 10776
10912 3 2 1 5 10698 10699 10778 10777
10913 3 2 1 5 10699 10700 10779 10778
10914 3 2 1 5 10700 10701 10780 10779
10915 3 2 1 5 10701 10702 10781 10780
10916 3 2 1 5 10702 10703 10782 10781
10917 3 2 1 5 10703 10704 10783 10782
10918 3 2 1 5 10704 10705 10784 10783
10919 3 2 1 5 10705 10706 10785 10784
10920 3 2 1 5 10706 10707 10786 10785
10921 3 2 1 5 10707 10708 10787 10786
10922 3 2 1 5 10708 583 584 10787
10923 3 2 1 5 555 10709 10788 556
10924 3 2 1 5 10709 10710 10789 10788
10925 3 2 1 5 10710 10711 10790 10789
10926 3 2 1 5 10711 10712 10791 10790
10927 3 2 1 5 10712 10713 10792 10791
10928 3 2 1 5 10713 10714 10793 10792
10929 3 2 1 5 10714 10715 10794 10793
10930 3 2 1 5 10715 10716 10795 10794
10931 3 2 1 5 10716 10717 10796 10795
10932 3 2 1 5 10717 10718 10797 10796
10933 3 2 1 5 10718 10719 10798 10797
10934 3 2 1 5 10719 10720 10799 10798
10935 3 2 1 5 10720 10721 10800 10799
10936 3 2 1 5 10721 10722 10801 10800
10937 3 2 1 5 10722 10723 10802 10801
10938 3 2 1 5 10723 10724 10803 10802
10939 3 2 1 5 10724 10725 10804 10803
10940 3 2 1 5 10725 10726 10805 10804
10941 3 2 1 5 10726 10727 10806 10805
10942 3 2 1 5 10727 10728 10807 10806
10943 3 2 1 5 10728 10729 10808 10807
10944 3 2 1 5 10729 10730 10809 10808
10945 3 2 1 5 10730 10731 10810 10809
10946 3 2 1 5 10731 10732 10811 10810
10947 3 2 1 5 10732 10733 10812 10811
10948 3 2 1 5 10733 10734 10813 10812
10949 3 2 1 5 10734 10735 10814 10813
10950 3 2 1 5 10735 10736 10815 10814
10951 3 2 1 5 10736 10737 10816 10815
10952 3 2 1 5 10737 10738 10817 10816
10953 3 2 1 5 10738 10739 10818 10817
10954 3 2 1 5 10739 10740 10819 10818
10955 3 2 1 5 10740 10741 10820 10819
10956 3 2 1 5 10741 10742 10821 10820
10957 3 2 1 5 10742 10743 10822 10821
10958 3 2 1 5 10743 10744 10823 10822
10959 3 2 1 5 10744 10745 10824 10823
10960 3 2 1 5 10745 10746 10825 10824
10961 3 2 1 5 10746 10747 10826 10825
10962 3 2 1 5 10747 10748 10827 10826
10963 3 2 1 5 10748 10749 10828 10827
10964 3 2 1 5 10749 10750 10829 10828
10965 3 2 1 5 10750 10751 10830 10829
10966 3 2 1 5 10751 10752 10831 10830
10967 3 2 1 5 10752 10753 10832 10831
10968 3 2 1 5 10753 10754 10833 10832
10969 3 2 1 5 10754 10755 10834 10833
10970 3 2 1 5 10755 10756 10835 10834
10971 3 2 1 5 10756 10757 10836 10835
10972 3 2 1 5 10757 10758 10837 10836
10973 3 2 1 5 10758 10759 10838 10837
10974 3 2 1 5 10759 10760 10839 10838
10975 3 2 1 5 10760 10761 10840 10839
10976 3 2 1 5 10761 10762 10841 10840
10977 3 2 1 5 10762 10763 10842 10841
10978 3 2 1 5 10763 10764 10843 10842
10979 3 2 1 5 10764 10765 10844 10843
10980 3 2 1 5 10765 10766 10845 10844
10981 3 2 1 5 10766 10767 10846 10845
10982 3 2 1 5 10767 10768 10847 10846
10983 3 2 1 5 10768 10769 10848 10847
10984 3 2 1 5 10769 10770 10849 10848
10985 3 2 1 5 10770 10771 10850 10849
10986 3 2 1 5 10771 10772 10851 10850
10987 3 2 1 5 10772 10773 10852 10851
10988 3 2 1 5 10773 10774 10853 10852
10989 3 2 1 5 10774 10775 10854 10853
10990 3 2 1 5 10775 10776 10855 10854
10991 3 2 1 5 10776 10777 10856 10855
10992 3 2 1 5 10777 10778 10857 10856
10993 3 2 1 5 10778 10779 10858 10857
10994 3 2 1 5 10779 10780 10859 10858
10995 3 2 1 5 10780 10781 10860 10859
10996 3 2 1 5 10781 10782 10861 10860
10997 3 2 1 5 10782 10783 10862 10861
10998 3 2 1 5 10783 10784 10863 10862
10999 3 2 1 5 10784 10785 10864 10863
11000 3 2 1 5 10785 10786 10865 10864
11001 3 2 1 5 10786 10787 10866 10865
11002 3 2 1 5 10787 584 585 10866
11003 3 2 1 5 556 10788 722 8
11004 3 2 1 5 10788 10789 721 722
11005 3 2 1 5 10789 10790 720 721
11006 3 2 1 5 10790 10791 719 720
11007 3 2 1 5 10791 10792 718 719
11008 3 2 1 5 10792 10793 717 718
11009 3 2 1 5 10793 10794 716 717
11010 3 2 1 5 10794 10795 715 716
11011 3 2 1 5 10795 10796 714 715
11012 3 2 1 5 10796 10797 713 714
11013 3 2 1 5 10797 10798 712 713
11014 3 2 1 5 10798 10799 711 712
11015 3 2 1 5 10799 10800 710 711
11016 3 2 1 5 10800 10801 709 710
11017 3 2 1 5 10801 10802 708 709
11018 3 2 1 5 10802 10803 707 708
11019 3 2 1 5 10803 10804 706 707
11020 3 2 1 5 10804 10805 705 706
11021 3 2 1 5 10805 10806 704 705
11022 3 2 1 5 10806 10807 703 704
11023 3 2 1 5 10807 10808 702 703
11024 3 2 1 5 10808 10809 701 702
11025 3 2 1 5 10809 10810 700 701
11026 3 2 1 5 10810 10811 699 700
11027 3 2 1 5 10811 10812 698 699
11028 3 2 1 5 10812 10813 697 698
11029 3 2 1 5 10813 10814 696 697
11030 3 2 1 5 10814 10815 695 696
11031 3 2 1 5 10815 10816 694 695
11032 3 2 1 5 10816 10817 693 694
11033 3 2 1 5 10817 10818 692 693
11034 3 2 1 5 10818 10819 691 692
11035 3 2 1 5 10819 10820 690 691
11036 3 2 1 5 10820 10821 689 690
11037 3 2 1 5 10821 10822 688 689
11038 3 2 1 5 10822 10823 687 688
11039 3 2 1 5 10823 10824 686 687
11040 3 2 1 5 10824 10825 685 686
11041 3 2 1 5 10825 10826 684 685
11042 3 2 1 5 10826 10827 683 684
11043 3 2 1 5 10827 10828 682 683
11044 3 2 1 5 10828 10829 681 682
11045 3 2 1 5 10829 10830 680 681
11046 3 2 1 5 10830 10831 679 680
11047 3 2 1 5 10831 10832 678 679
11048 3 2 1 5 10832 10833 677 678
11049 3 2 1 5 10833 10834 676 677
11050 3 2 1 5 10834 10835 675 676
11051 3 2 1 5 10835 10836 674 675
11052 3 2 1 5 10836 10837 673 674
11053 3 2 1 5 10837 10838 672 673
11054 3 2 1 5 10838 10839 671 672
11055 3 2 1 5 10839 10840 670 671
11056 3 2 1 5 10840 10841 669 670
11057 3 2 1 5 10841 10842 668 669
11058 3 2 1 5 10842 10843 667 668
11059 3 2 1 5 10843 10844 666 667
11060 3 2 1 5 10844 10845 665 666
11061 3 2 1 5 10845 10846 664 665
11062 3 2 1 5 10846 10847 663 664
11063 3 2 1 5 10847 10848 662 663
11064 3 2 1 5 10848 10849 661 662
11065 3 2 1 5 10849 10850 660 661
11066 3 2 1 5 10850 10851 659 660
11067 3 2 1 5 10851 10852 658 659
11068 3 2 1 5 10852 10853 657 658
11069 3 2 1 5 10853 10854 656 657
11070 3 2 1 5 10854 10855 655 656
11071 3 2 1 5 10855 10856 654 655
11072 3 2 1 5 10856 10857 653 654
11073 3 2 1 5 10857 10858 652 653
11074 3 2 1 5 10858 10859 651 652
11075 3 2 1 5 10859 10860 650 651
11076 3 2 1 5 10860 10861 649 650
11077 3 2 1 5 10861 10862 648 649
11078 3 2 1 5 10862 10863 647 648
11079 3 2 1 5 10863 10864 646 647
11080 3 2 1 5 10864 10865 645 646
11081 3 2 1 5 10865 10866 644 645
11082 3 2 1 5 10866 585 9 644
11083 3 2 2 6 11 723 10867 762
11084 3 2 2 6 762 10867 10868 761
11085 3 2 2 6 761 10868 10869 760
11086 3 2 2 6 760 10869 10870 759
11087 3 2 2 6 759 10870 10871 758
11088 3 2 2 6 758 10871 10872 757
11089 3 2 2 6 757 10872 10873 756
11090 3 2 2 6 756 10873 10874 755
11091 3 2 2 6 755 10874 10875 754
11092 3 2 2 6 754 10875 10876 753
11093 3 2 2 6 753 10876 10877 752
11094 3 2 2 6 752 10877 10878 751
11095 3 2 2 6 751 10878 10879 750
11096 3 2 2 6 750 10879 10880 749
11097 3 2 2 6 749 10880 10881 748
11098 3 2 2 6 748 10881 10882 747
11099 3 2 2 6 747 10882 10883 746
11100 3 2 2 6 746 10883 10884 745
11101 3 2 2 6 745 10884 10885 744
11102 3 2 2 6 744 10885 10886 743
11103 3 2 2 6 743 10886 10887 742
11104 3 2 2 6 742 10887 10888 741
11105 3 2 2 6 741 10888 10889 740
11106 3 2 2 6 740 10889 10890 739
11107 3 2 2 6 739 10890 10891 738
11108 3 2 2 6 738 10891 10892 737
11109 3 2 2 6 737 10892 10893 736
11110 3 2 2 6 736 10893 10894 735
11111 3 2 2 6 735 10894 10895 734
11112 3 2 2 6 734 10895 10896 733
11113 3 2 2 6 733 10896 10897 732
11114 3 2 2 6 732 10897 10898 731
11115 3 2 2 6 731 10898 10899 730
11116 3 2 2 6 730 10899 10900 729
11117 3 2 2 6 729 10900 10901 728
11118 3 2 2 6 728 10901 10902 727
11119 3 2 2 6 727 10902 10903 726
11120 3 2 2 6 726 10903 10904 725
11121 3 2 2 6 725 10904 10905 724
11122 3 2 2 6 724 10905 763 13
11123 3 2 2 6 723 12 764 10867
11124 3 2 2 6 10867 764 765 10868
11125 3 2 2 6 10868 765 766 10869
11126 3 2 2 6 10869 766 767 10870
11127 3 2 2 6 10870 767 768 10871
11128 3 2 2 6 10871 768 769 10872
11129 3 2 2 6 10872 769 770 10873
11130 3 2 2 6 10873 770 771 10874
11131 3 2 2 6 10874 771 772 10875
11132 3 2 2 6 10875 772 773 10876
11133 3 2 2 6 10876 773 774 10877
11134 3 2 2 6 10877 774 775 10878
11135 3 2 2 6 10878 775 776 10879
11136 3 2 2 6 10879 776 777 10880
11137 3 2 2 6 10880 777 778 10881
11138 3 2 2 6 10881 778 779 10882
11139 3 2 2 6 10882 779 780 10883
11140 3 2 2 6 10883 780 781 10884
11141 3 2 2 6 10884 781 782 10885
11142 3 2 2 6 10885 782 783 10886
11143 3 2 2 6 10886 783 784 10887
11144 3 2 2 6 10887 784 785 10888
11145 3 2 2 6 10888 785 786 10889
11146 3 2 2 6 10889 786 787 10890
11147 3 2 2 6 10890 787 788 10891
11148 3 2 2 6 10891 788 789 10892
11149 3 2 2 6 10892 789 790 10893
11150 3 2 2 6 10893 790 791 10894
11151 3 2 2 6 10894 791 792 10895
11152 3 2 2 6 10895 792 793 10896
11153 3 2 2 6 10896 793 794 10897
11154 3 2 2 6 10897 794 795 10898
11155 3 2 2 6 10898 795 796 10899
11156 3 2 2 6 10899 796 797 10900
11157 3 2 2 6 10900 797 798 10901
11158 3 2 2 6 10901 798 799 10902
11159 3 2 2 6 10902 799 800 10903
11160 3 2 2 6 10903 800 801 10904
11161 3 2 2 6 10904 801 802 10905
11162 3 2 2 6 10905 802 14 763
11163 3 2 2 7 13 763 10906 831
11164 3 2 2 7 831 10906 10907 830
11165 3 2 2 7 830 10907 10908 829
11166 3 2 2 7 829 10908 10909 828
11167 3 2 2 7 828 10909 10910 827
11168 3 2 2 7 827 10910 10911 826
11169 3 2 2 7 826 10911 10912 825
11170 3 2 2 7 825 10912 10913 824
11171 3 2 2 7 824 10913 10914 823
11172 3 2 2 7 823 10914 10915 822
11173 3 2 2 7 822 10915 10916 821
11174 3 2 2 7 821 10916 10917 820
11175 3 2 2 7 820 10917 10918 819
11176 3 2 2 7 819 10918 10919 818
11177 3 2 2 7 818 10919 10920 817
11178 3 2 2 7 817 10920 10921 816
11179 3 2 2 7 816 10921 10922 815
11180 3 2 2 7 815 10922 10923 814
11181 3 2 2 7 814 10923 10924 813
11182 3 2 2 7 813 10924 10925 812
11183 3 2 2 7 812 10925 10926 811
11184 3 2 2 7 811 10926 10927 810
11185 3 2 2 7 810 10927 10928 809
11186 3 2 2 7 809 10928 10929 808
11187 3 2 2 7 808 10929 10930 807
11188 3 2 2 7 807 10930 10931 806
11189 3 2 2 7 806 10931 10932 805
11190 3 2 2 7 805 10932 10933 804
11191 3 2 2 7 804 10933 10934 803
11192 3 2 2 7 803 10934 832 15
11193 3 2 2 7 763 14 833 10906
11194 3 2 2 7 10906 833 834 10907
11195 3 2 2 7 10907 834 835 10908
11196 3 2 2 7 10908 835 836 10909
11197 3 2 2 7 10909 836 837 10910
11198 3 2 2 7 10910 837 838 10911
11199 3 2 2 7 10911 838 839 10912
11200 3 2 2 7 10912 839 840 10913
11201 3 2 2 7 10913 840 841 10914
11202 3 2 2 7 10914 841 842 10915
11203 3 2 2 7 10915 842 843 10916
11204 3 2 2 7 10916 843 844 10917
11205 3 2 2 7 10917 844 845 10918
11206 3 2 2 7 10918 845 846 10919
11207 3 2 2 7 10919 846 847 10920
11208 3 2 2 7 10920 847 848 10921
11209 3 2 2 7 10921 848 849 10922
11210 3 2 2 7 10922 849 850 10923
11211 3 2 2 7 10923 850 851 10924
11212 3 2 2 7 10924 851 852 10925
11213 3 2 2 7 10925 852 853 10926
11214 3 2 2 7 10926 853 854 10927
11215 3 2 2 7 10927 854 855 10928
11216 3 2 2 7 10928 855 856 10929
11217 3 2 2 7 10929 856 857 10930
11218 3 2 2 7 10930 857 858 10931
11219 3 2 2 7 10931 858 859 10932
11220 3 2 2 7 10932 859 860 10933
11221 3 2 2 7 10933 860 861 10934
11222 3 2 2 7 10934 861 16 832
$EndElements
