$MeshFormat
2.2 0 8
$EndMeshFormat
$PhysicalNames
8
1 3 "Indenter_Top_Edge"
1 4 "Indenter_Left_Edge"
1 5 "Indenter_Bottom_Edge"
1 6 "Specimen_Top_Edge"
1 7 "Specimen_Left_Edge"
1 8 "Specimen_Bottom_Edge"
2 1 "Specimen_Body"
2 2 "Indenter_Body"
$EndPhysicalNames
$Nodes
2844
1 0.08 0.95 0
2 0.2 0.8 0
3 0.5 0 0
4 0 0 0
5 0 0.8 0
6 0 0.95 0
7 1 0 0
8 0.250439662878749 0.9681322095959701 0
9 0.07999999999999363 0.99679486355017 0
10 0 1 0
11 0 1.10001 0
12 0 1.00001 0
13 0.3 1.10001 0
14 0.3 1.00001 0
15 1.5 1.10001 0
16 1.5 1.00001 0
17 0.005333333333333329 0.95 0
18 0.01066666666666666 0.95 0
19 0.01599999999999999 0.95 0
20 0.02133333333333333 0.95 0
21 0.02666666666666666 0.95 0
22 0.032 0.95 0
23 0.03733333333333333 0.95 0
24 0.04266666666666667 0.95 0
25 0.048 0.95 0
26 0.05333333333333333 0.95 0
27 0.05866666666666667 0.95 0
28 0.064 0.95 0
29 0.06933333333333333 0.95 0
30 0.07466666666666667 0.95 0
31 0.083 0.9462499999999999 0
32 0.08599999999999999 0.9425 0
33 0.089 0.93875 0
34 0.09199999999999998 0.9349999999999999 0
35 0.09499999999999999 0.93125 0
36 0.09799999999999998 0.9275 0
37 0.101 0.92375 0
38 0.104 0.92 0
39 0.107 0.91625 0
40 0.11 0.9125 0
41 0.113 0.9087500000000001 0
42 0.116 0.905 0
43 0.119 0.90125 0
44 0.122 0.8975000000000001 0
45 0.125 0.89375 0
46 0.1279999999999999 0.89 0
47 0.1309999999999999 0.8862500000000001 0
48 0.134 0.8825000000000001 0
49 0.137 0.87875 0
50 0.14 0.8750000000000001 0
51 0.143 0.8712500000000001 0
52 0.146 0.8675 0
53 0.149 0.86375 0
54 0.152 0.8600000000000001 0
55 0.155 0.8562500000000001 0
56 0.158 0.8525 0
57 0.161 0.84875 0
58 0.164 0.8450000000000001 0
59 0.167 0.8412500000000001 0
60 0.17 0.8375 0
61 0.173 0.83375 0
62 0.176 0.8300000000000001 0
63 0.179 0.82625 0
64 0.182 0.8225 0
65 0.185 0.8187500000000001 0
66 0.188 0.8150000000000001 0
67 0.191 0.81125 0
68 0.194 0.8075000000000001 0
69 0.197 0.80375 0
70 0.01333333333333336 0.8 0
71 0.02666666666666672 0.8 0
72 0.04000000000000008 0.8 0
73 0.05333333333333344 0.8 0
74 0.06666666666666679 0.8 0
75 0.08000000000000011 0.8 0
76 0.09333333333333342 0.8 0
77 0.1066666666666668 0.8 0
78 0.1200000000000001 0.8 0
79 0.1333333333333334 0.8 0
80 0.1466666666666668 0.8 0
81 0.1600000000000001 0.8 0
82 0.1733333333333334 0.8 0
83 0.1866666666666667 0.8 0
84 0.2075 0.78 0
85 0.215 0.76 0
86 0.2225 0.74 0
87 0.23 0.72 0
88 0.2375 0.7 0
89 0.2450000000000001 0.6799999999999999 0
90 0.2525000000000001 0.6599999999999998 0
91 0.2600000000000001 0.6399999999999998 0
92 0.2675000000000001 0.6199999999999998 0
93 0.2750000000000001 0.5999999999999998 0
94 0.2825000000000001 0.5799999999999997 0
95 0.2900000000000001 0.5599999999999997 0
96 0.2975000000000001 0.5399999999999997 0
97 0.3050000000000002 0.5199999999999996 0
98 0.3125000000000002 0.4999999999999996 0
99 0.3200000000000002 0.4799999999999996 0
100 0.3275000000000001 0.4599999999999996 0
101 0.3350000000000002 0.4399999999999996 0
102 0.3425000000000002 0.4199999999999995 0
103 0.3500000000000002 0.3999999999999995 0
104 0.3575000000000003 0.3799999999999994 0
105 0.3650000000000002 0.3599999999999995 0
106 0.3725000000000002 0.3399999999999995 0
107 0.3800000000000002 0.3199999999999995 0
108 0.3875000000000002 0.2999999999999995 0
109 0.3950000000000002 0.2799999999999996 0
110 0.4025000000000002 0.2599999999999995 0
111 0.4100000000000002 0.2399999999999995 0
112 0.4175000000000001 0.2199999999999996 0
113 0.4250000000000002 0.1999999999999997 0
114 0.4325000000000001 0.1799999999999997 0
115 0.4400000000000001 0.1599999999999998 0
116 0.4475000000000001 0.1399999999999999 0
117 0.4550000000000001 0.1199999999999999 0
118 0.4625 0.09999999999999987 0
119 0.47 0.07999999999999996 0
120 0.4775 0.06000000000000005 0
121 0.485 0.03999999999999992 0
122 0.4925 0.02000000000000002 0
123 0.4666666666666667 0 0
124 0.4333333333333333 0 0
125 0.4 0 0
126 0.3666666666666667 0 0
127 0.3333333333333334 0 0
128 0.3 0 0
129 0.2666666666666666 0 0
130 0.2333333333333334 0 0
131 0.2 0 0
132 0.1666666666666667 0 0
133 0.1333333333333333 0 0
134 0.09999999999999998 0 0
135 0.06666666666666665 0 0
136 0.03333333333333333 0 0
137 0 0.02000000000000003 0
138 0 0.04000000000000006 0
139 0 0.06000000000000009 0
140 0 0.08000000000000014 0
141 0 0.1000000000000002 0
142 0 0.1200000000000002 0
143 0 0.1400000000000002 0
144 0 0.1600000000000003 0
145 0 0.1800000000000004 0
146 0 0.2000000000000004 0
147 0 0.2200000000000004 0
148 0 0.2400000000000005 0
149 0 0.2600000000000005 0
150 0 0.2800000000000004 0
151 0 0.3000000000000004 0
152 0 0.3200000000000004 0
153 0 0.3400000000000004 0
154 0 0.3600000000000004 0
155 0 0.3800000000000003 0
156 0 0.4000000000000003 0
157 0 0.4200000000000004 0
158 0 0.4400000000000003 0
159 0 0.4600000000000005 0
160 0 0.4800000000000004 0
161 0 0.5000000000000004 0
162 0 0.5200000000000005 0
163 0 0.5400000000000004 0
164 0 0.5600000000000003 0
165 0 0.5800000000000004 0
166 0 0.6000000000000003 0
167 0 0.6200000000000003 0
168 0 0.6400000000000003 0
169 0 0.6600000000000003 0
170 0 0.6800000000000002 0
171 0 0.7000000000000002 0
172 0 0.7200000000000002 0
173 0 0.7400000000000002 0
174 0 0.7600000000000001 0
175 0 0.78 0
176 0 0.8037500000000001 0
177 0 0.8075 0
178 0 0.81125 0
179 0 0.8150000000000001 0
180 0 0.8187500000000001 0
181 0 0.8225 0
182 0 0.82625 0
183 0 0.8300000000000001 0
184 0 0.83375 0
185 0 0.8375 0
186 0 0.8412500000000001 0
187 0 0.8450000000000001 0
188 0 0.8487500000000001 0
189 0 0.8525 0
190 0 0.8562500000000001 0
191 0 0.8600000000000001 0
192 0 0.8637500000000001 0
193 0 0.8675 0
194 0 0.8712500000000001 0
195 0 0.8750000000000001 0
196 0 0.8787500000000001 0
197 0 0.8825000000000001 0
198 0 0.8862500000000001 0
199 0 0.8900000000000001 0
200 0 0.89375 0
201 0 0.8975000000000001 0
202 0 0.9012500000000001 0
203 0 0.905 0
204 0 0.9087500000000001 0
205 0 0.9125 0
206 0 0.91625 0
207 0 0.92 0
208 0 0.92375 0
209 0 0.9275 0
210 0 0.93125 0
211 0 0.9349999999999999 0
212 0 0.93875 0
213 0 0.9425 0
214 0 0.9462499999999999 0
215 0.9666666666666667 0 0
216 0.9333333333333333 0 0
217 0.9 0 0
218 0.8666666666666667 0 0
219 0.8333333333333334 0 0
220 0.8 0 0
221 0.7666666666666666 0 0
222 0.7333333333333334 0 0
223 0.7 0 0
224 0.6666666666666667 0 0
225 0.6333333333333333 0 0
226 0.6 0 0
227 0.5666666666666667 0 0
228 0.5333333333333333 0 0
229 0.2821898005496858 0.9593585963891336 0
230 0.3136337488743117 0.9495440335061062 0
231 0.3447373896741376 0.9386991702141116 0
232 0.375466974020514 0.9268357737052874 0
233 0.4057891588538232 0.9139667163287221 0
234 0.4356710431622811 0.9001059616233468 0
235 0.465080203681103 0.8852685491668297 0
236 0.4939847300732845 0.8694705782569209 0
237 0.5223532595538338 0.8527291904429478 0
238 0.5501550109198851 0.8350625509264208 0
239 0.5773598179497658 0.8164898288509254 0
240 0.6039381621347822 0.7970311765026896 0
241 0.6298612047082016 0.7767077074443982 0
242 0.655100817936689 0.7555414736059703 0
243 0.6796296156402315 0.7335554413571691 0
244 0.703420982907447 0.7107734665879989 0
245 0.7264491049740271 0.6872202688239302 0
246 0.7486889952329846 0.6629214044040395 0
247 0.7701165223463068 0.6379032387511686 0
248 0.7907084364286082 0.6121929177641845 0
249 0.810442394274359 0.5858183383633908 0
250 0.8292969836013253 0.5588081182210429 0
251 0.847251746283913 0.5311915647098135 0
252 0.8642872005512071 0.5029986431028989 0
253 0.8803848621256176 0.4742599440602772 0
254 0.8955272642792016 0.4450066504363828 0
255 0.9096979767858915 0.415270503445231 0
256 0.9228816237490719 0.3850837682196908 0
257 0.935063900285158 0.3544791988022825 0
258 0.9462315880450746 0.3234900026054843 0
259 0.956372569556793 0.2921498043801111 0
260 0.9654758413733632 0.2604926097308645 0
261 0.9735315260121784 0.228552768218631 0
262 0.9805308826725122 0.1963649360895782 0
263 0.986466316719703 0.1639640386714805 0
264 0.9913313879256933 0.1313852324780779 0
265 0.995120817456984 0.09866386706258699 0
266 0.9978304936024188 0.06583544666175892 0
267 0.9994574762345867 0.03293559167208964 0
268 0.2033626441919192 0.811208813973064 0
269 0.2067252883838384 0.8224176279461278 0
270 0.2100879325757575 0.8336264419191918 0
271 0.2134505767676767 0.8448352558922557 0
272 0.2168132209595959 0.8560440698653196 0
273 0.220175865151515 0.8672528838383835 0
274 0.2235385093434342 0.8784616978114475 0
275 0.2269011535353534 0.8896705117845114 0
276 0.2302637977272726 0.9008793257575752 0
277 0.2336264419191917 0.9120881397306392 0
278 0.2369890861111109 0.923296953703703 0
279 0.2403517303030301 0.934505767676767 0
280 0.2437143744949493 0.9457145816498308 0
281 0.2470770186868684 0.9569233956228946 0
282 0.08 0.9531196575700113 0
283 0.08 0.9562393151400226 0
284 0.08 0.959358972710034 0
285 0.08 0.9624786302800453 0
286 0.08 0.9655982878500566 0
287 0.08 0.9687179454200679 0
288 0.08 0.9718376029900793 0
289 0.08 0.9749572605600906 0
290 0.08 0.978076918130102 0
291 0.08 0.9811965757001133 0
292 0.08 0.9843162332701246 0
293 0.08 0.9874358908401359 0
294 0.08 0.9905555484101474 0
295 0.08 0.9936752059801587 0
296 0.005339013303766024 0.9999857473669024 0
297 0.01067787441753679 0.9999429898738844 0
298 0.01601643115565488 0.9998717287397599 0
299 0.02135453134114026 0.9997719659958466 0
300 0.02669202281002441 0.9996437044859079 0
301 0.03202875341569306 0.9994869478660723 0
302 0.0373645710332197 0.999301700604729 0
303 0.04269932356370275 0.9990879679824005 0
304 0.04803285893860126 0.9988457560915922 0
305 0.05336502512406961 0.9985750718366183 0
306 0.05869567012529127 0.9982759229334057 0
307 0.06402464199081238 0.9979483179092734 0
308 0.0693517888168696 0.99759226610269 0
309 0.07467695875172546 0.9972077776630069 0
310 0 0.9533333333333333 0
311 0 0.9566666666666667 0
312 0 0.96 0
313 0 0.9633333333333333 0
314 0 0.9666666666666667 0
315 0 0.97 0
316 0 0.9733333333333333 0
317 0 0.9766666666666667 0
318 0 0.98 0
319 0 0.9833333333333333 0
320 0 0.9866666666666667 0
321 0 0.99 0
322 0 0.9933333333333333 0
323 0 0.9966666666666667 0
324 0.08431159136861309 0.9964394389830683 0
325 0.08862160474911659 0.9960653649091968 0
326 0.09292995947465926 0.9956726483297802 0
327 0.09723657490944355 0.9952612965949597 0
328 0.1015413704502212 0.9948313174036546 0
329 0.1058442655278089 0.9943827188034187 0
330 0.1101451796085891 0.993915509190289 0
331 0.1144440321960237 0.9934296973086296 0
332 0.1187407428321576 0.9929252922509666 0
333 0.1230352310991222 0.9924023034578192 0
334 0.1273274166206467 0.9918607407175224 0
335 0.1316172190635552 0.9913006141660441 0
336 0.1359045581392773 0.9907219342867947 0
337 0.1401893536053441 0.9901247119104319 0
338 0.1444715252668956 0.9895089582146575 0
339 0.1487509929781794 0.9888746847240077 0
340 0.1530276766440481 0.9882219033096385 0
341 0.1573014962214645 0.9875506261891026 0
342 0.1615723717209922 0.9868608659261211 0
343 0.1658402232083005 0.9861526354303481 0
344 0.1701049708056528 0.9854259479571299 0
345 0.1743665346934081 0.9846808171072556 0
346 0.1786248351115121 0.9839172568267034 0
347 0.1828797923609877 0.9831352814063801 0
348 0.1871313268054321 0.9823349054818518 0
349 0.1913793588725012 0.9815161440330722 0
350 0.1956238090554049 0.9806790123841004 0
351 0.1998645979143892 0.9798235262028155 0
352 0.2041016460782282 0.9789497015006224 0
353 0.2083348742457076 0.978057554632152 0
354 0.212564203187106 0.9771471022949568 0
355 0.216789553745684 0.9762183615291956 0
356 0.2210108468391588 0.9752713497173173 0
357 0.2252280034611901 0.9743060845837339 0
358 0.2294409446828566 0.9733225841944891 0
359 0.2336495916541305 0.9723208669569208 0
360 0.2378538656053591 0.9713009516193154 0
361 0.2420536878487325 0.9702628572705586 0
362 0.2462489797797629 0.969206603339776 0
363 0 1.05001 0
364 0.2849999999999999 1.10001 0
365 0.27 1.10001 0
366 0.2549999999999999 1.10001 0
367 0.24 1.10001 0
368 0.2249999999999999 1.10001 0
369 0.21 1.10001 0
370 0.1949999999999998 1.10001 0
371 0.1799999999999999 1.10001 0
372 0.1649999999999998 1.10001 0
373 0.1499999999999997 1.10001 0
374 0.1349999999999998 1.10001 0
375 0.1199999999999999 1.10001 0
376 0.1049999999999998 1.10001 0
377 0.08999999999999986 1.10001 0
378 0.07499999999999996 1.10001 0
379 0.05999999999999983 1.10001 0
380 0.04499999999999993 1.10001 0
381 0.03000000000000003 1.10001 0
382 0.0149999999999999 1.10001 0
383 0.3 1.05001 0
384 0.01499999999999998 1.00001 0
385 0.02999999999999996 1.00001 0
386 0.04499999999999994 1.00001 0
387 0.0599999999999999 1.00001 0
388 0.07499999999999986 1.00001 0
389 0.08999999999999984 1.00001 0
390 0.1049999999999998 1.00001 0
391 0.1199999999999998 1.00001 0
392 0.1349999999999998 1.00001 0
393 0.1499999999999998 1.00001 0
394 0.1649999999999998 1.00001 0
395 0.1799999999999998 1.00001 0
396 0.1949999999999998 1.00001 0
397 0.2099999999999999 1.00001 0
398 0.2249999999999999 1.00001 0
399 0.2399999999999999 1.00001 0
400 0.2549999999999999 1.00001 0
401 0.27 1.00001 0
402 0.285 1.00001 0
403 1.42 1.10001 0
404 1.34 1.10001 0
405 1.26 1.10001 0
406 1.180000000000001 1.10001 0
407 1.100000000000001 1.10001 0
408 1.020000000000001 1.10001 0
409 0.9400000000000008 1.10001 0
410 0.8600000000000009 1.10001 0
411 0.7800000000000008 1.10001 0
412 0.7000000000000005 1.10001 0
413 0.6200000000000004 1.10001 0
414 0.5400000000000004 1.10001 0
415 0.4600000000000002 1.10001 0
416 0.3800000000000001 1.10001 0
417 1.5 1.05001 0
418 0.3799999999999998 1.00001 0
419 0.4599999999999997 1.00001 0
420 0.5399999999999996 1.00001 0
421 0.6199999999999993 1.00001 0
422 0.6999999999999994 1.00001 0
423 0.7799999999999994 1.00001 0
424 0.8599999999999994 1.00001 0
425 0.9399999999999993 1.00001 0
426 1.019999999999999 1.00001 0
427 1.099999999999999 1.00001 0
428 1.179999999999999 1.00001 0
429 1.26 1.00001 0
430 1.34 1.00001 0
431 1.42 1.00001 0
432 0.4596666666666667 0.01999999999999991 0
433 0.4526666666666668 0.03999999999999998 0
434 0.4456666666666667 0.06000000000000005 0
435 0.4386666666666668 0.08000000000000007 0
436 0.4316666666666668 0.09999999999999998 0
437 0.4246666666666668 0.1199999999999999 0
438 0.4176666666666668 0.1399999999999998 0
439 0.4106666666666668 0.1599999999999998 0
440 0.4036666666666668 0.1799999999999998 0
441 0.3966666666666668 0.1999999999999998 0
442 0.3896666666666669 0.2199999999999997 0
443 0.3826666666666669 0.2399999999999997 0
444 0.3756666666666669 0.2599999999999996 0
445 0.3686666666666669 0.2799999999999997 0
446 0.3616666666666669 0.2999999999999996 0
447 0.354666666666667 0.3199999999999995 0
448 0.3476666666666669 0.3399999999999995 0
449 0.3406666666666669 0.3599999999999996 0
450 0.3336666666666669 0.3799999999999995 0
451 0.3266666666666669 0.3999999999999996 0
452 0.3196666666666669 0.4199999999999995 0
453 0.3126666666666669 0.4399999999999996 0
454 0.3056666666666669 0.4599999999999997 0
455 0.2986666666666669 0.4799999999999997 0
456 0.2916666666666669 0.4999999999999997 0
457 0.2846666666666668 0.5199999999999997 0
458 0.2776666666666668 0.5399999999999998 0
459 0.2706666666666668 0.5599999999999998 0
460 0.2636666666666668 0.5799999999999998 0
461 0.2566666666666669 0.5999999999999999 0
462 0.2496666666666668 0.6199999999999999 0
463 0.2426666666666668 0.6399999999999998 0
464 0.2356666666666667 0.6599999999999999 0
465 0.2286666666666668 0.6799999999999999 0
466 0.2216666666666668 0.7 0
467 0.2146666666666668 0.72 0
468 0.2076666666666668 0.74 0
469 0.2006666666666667 0.76 0
470 0.1936666666666668 0.78 0
471 0.4268333333333334 0.01999999999999985 0
472 0.4203333333333334 0.04000000000000009 0
473 0.4138333333333334 0.06 0
474 0.4073333333333334 0.08000000000000002 0
475 0.4008333333333334 0.09999999999999998 0
476 0.3943333333333335 0.1200000000000001 0
477 0.3878333333333335 0.1399999999999998 0
478 0.3813333333333335 0.1599999999999999 0
479 0.3748333333333335 0.1799999999999998 0
480 0.3683333333333335 0.1999999999999998 0
481 0.3618333333333336 0.2199999999999997 0
482 0.3553333333333336 0.2399999999999996 0
483 0.3488333333333336 0.2599999999999997 0
484 0.3423333333333336 0.2799999999999997 0
485 0.3358333333333336 0.2999999999999997 0
486 0.3293333333333336 0.3199999999999996 0
487 0.3228333333333336 0.3399999999999996 0
488 0.3163333333333336 0.3599999999999997 0
489 0.3098333333333336 0.3799999999999996 0
490 0.3033333333333336 0.3999999999999996 0
491 0.2968333333333336 0.4199999999999996 0
492 0.2903333333333336 0.4399999999999996 0
493 0.2838333333333335 0.4599999999999997 0
494 0.2773333333333335 0.4799999999999998 0
495 0.2708333333333335 0.4999999999999997 0
496 0.2643333333333335 0.5199999999999998 0
497 0.2578333333333335 0.5399999999999998 0
498 0.2513333333333335 0.5599999999999998 0
499 0.2448333333333335 0.5799999999999998 0
500 0.2383333333333335 0.5999999999999999 0
501 0.2318333333333335 0.6199999999999999 0
502 0.2253333333333335 0.6399999999999999 0
503 0.2188333333333335 0.6599999999999999 0
504 0.2123333333333335 0.6799999999999999 0
505 0.2058333333333334 0.7 0
506 0.1993333333333335 0.72 0
507 0.1928333333333334 0.74 0
508 0.1863333333333334 0.7599999999999999 0
509 0.1798333333333334 0.78 0
510 0.3940000000000001 0.01999999999999985 0
511 0.3880000000000001 0.04000000000000004 0
512 0.3820000000000001 0.06 0
513 0.3760000000000001 0.08000000000000002 0
514 0.3700000000000001 0.1000000000000001 0
515 0.3640000000000001 0.12 0
516 0.3580000000000001 0.1399999999999999 0
517 0.3520000000000001 0.1599999999999999 0
518 0.3460000000000001 0.1799999999999999 0
519 0.3400000000000002 0.1999999999999998 0
520 0.3340000000000002 0.2199999999999998 0
521 0.3280000000000002 0.2399999999999997 0
522 0.3220000000000002 0.2599999999999997 0
523 0.3160000000000002 0.2799999999999998 0
524 0.3100000000000003 0.2999999999999997 0
525 0.3040000000000003 0.3199999999999996 0
526 0.2980000000000003 0.3399999999999996 0
527 0.2920000000000003 0.3599999999999997 0
528 0.2860000000000002 0.3799999999999997 0
529 0.2800000000000002 0.3999999999999997 0
530 0.2740000000000002 0.4199999999999997 0
531 0.2680000000000002 0.4399999999999997 0
532 0.2620000000000002 0.4599999999999997 0
533 0.2560000000000002 0.4799999999999998 0
534 0.2500000000000002 0.4999999999999998 0
535 0.2440000000000002 0.5199999999999998 0
536 0.2380000000000002 0.5399999999999998 0
537 0.2320000000000002 0.5599999999999998 0
538 0.2260000000000002 0.5799999999999998 0
539 0.2200000000000002 0.5999999999999999 0
540 0.2140000000000002 0.6199999999999999 0
541 0.2080000000000002 0.6399999999999999 0
542 0.2020000000000002 0.6599999999999999 0
543 0.1960000000000001 0.6799999999999999 0
544 0.1900000000000001 0.7 0
545 0.1840000000000001 0.72 0
546 0.1780000000000001 0.74 0
547 0.1720000000000001 0.7599999999999999 0
548 0.1660000000000001 0.78 0
549 0.3611666666666667 0.02000000000000002 0
550 0.3556666666666668 0.03999999999999998 0
551 0.3501666666666667 0.05999999999999994 0
552 0.3446666666666668 0.08000000000000002 0
553 0.3391666666666668 0.1000000000000001 0
554 0.3336666666666668 0.1199999999999999 0
555 0.3281666666666668 0.1399999999999999 0
556 0.3226666666666668 0.1599999999999999 0
557 0.3171666666666668 0.1799999999999999 0
558 0.3116666666666669 0.1999999999999999 0
559 0.3061666666666669 0.2199999999999999 0
560 0.3006666666666669 0.2399999999999998 0
561 0.2951666666666669 0.2599999999999998 0
562 0.2896666666666668 0.2799999999999999 0
563 0.2841666666666669 0.2999999999999998 0
564 0.2786666666666669 0.3199999999999997 0
565 0.2731666666666669 0.3399999999999997 0
566 0.2676666666666669 0.3599999999999997 0
567 0.2621666666666669 0.3799999999999997 0
568 0.2566666666666669 0.3999999999999998 0
569 0.2511666666666669 0.4199999999999998 0
570 0.2456666666666669 0.4399999999999997 0
571 0.2401666666666668 0.4599999999999999 0
572 0.2346666666666669 0.4799999999999999 0
573 0.2291666666666669 0.4999999999999998 0
574 0.2236666666666669 0.5199999999999999 0
575 0.2181666666666668 0.54 0
576 0.2126666666666668 0.5599999999999998 0
577 0.2071666666666669 0.58 0
578 0.2016666666666668 0.6 0
579 0.1961666666666668 0.62 0
580 0.1906666666666668 0.6399999999999999 0
581 0.1851666666666668 0.6599999999999999 0
582 0.1796666666666669 0.6799999999999999 0
583 0.1741666666666669 0.7 0
584 0.1686666666666668 0.72 0
585 0.1631666666666668 0.7400000000000001 0
586 0.1576666666666667 0.76 0
587 0.1521666666666668 0.78 0
588 0.3283333333333334 0.0199999999999998 0
589 0.3233333333333335 0.04000000000000004 0
590 0.3183333333333334 0.06 0
591 0.3133333333333334 0.08000000000000002 0
592 0.3083333333333335 0.1000000000000001 0
593 0.3033333333333335 0.1199999999999999 0
594 0.2983333333333335 0.1399999999999999 0
595 0.2933333333333335 0.16 0
596 0.2883333333333334 0.18 0
597 0.2833333333333335 0.1999999999999998 0
598 0.2783333333333335 0.2199999999999999 0
599 0.2733333333333336 0.2399999999999998 0
600 0.2683333333333335 0.2599999999999998 0
601 0.2633333333333335 0.2799999999999999 0
602 0.2583333333333335 0.2999999999999998 0
603 0.2533333333333335 0.3199999999999998 0
604 0.2483333333333336 0.3399999999999997 0
605 0.2433333333333336 0.3599999999999998 0
606 0.2383333333333336 0.3799999999999997 0
607 0.2333333333333336 0.3999999999999998 0
608 0.2283333333333336 0.4199999999999998 0
609 0.2233333333333336 0.4399999999999998 0
610 0.2183333333333336 0.46 0
611 0.2133333333333336 0.4799999999999999 0
612 0.2083333333333335 0.4999999999999999 0
613 0.2033333333333335 0.5199999999999999 0
614 0.1983333333333335 0.54 0
615 0.1933333333333335 0.5599999999999999 0
616 0.1883333333333336 0.58 0
617 0.1833333333333336 0.6 0
618 0.1783333333333336 0.62 0
619 0.1733333333333335 0.6399999999999999 0
620 0.1683333333333335 0.6599999999999999 0
621 0.1633333333333334 0.6799999999999999 0
622 0.1583333333333334 0.7 0
623 0.1533333333333334 0.72 0
624 0.1483333333333335 0.74 0
625 0.1433333333333335 0.76 0
626 0.1383333333333335 0.78 0
627 0.2955 0.01999999999999991 0
628 0.2910000000000001 0.03999999999999998 0
629 0.2865000000000001 0.06000000000000005 0
630 0.2820000000000001 0.08000000000000002 0
631 0.2775000000000001 0.1000000000000001 0
632 0.2730000000000001 0.12 0
633 0.2685000000000001 0.14 0
634 0.2640000000000001 0.1600000000000001 0
635 0.2595000000000002 0.18 0
636 0.2550000000000001 0.2 0
637 0.2505000000000002 0.2199999999999999 0
638 0.2460000000000002 0.2399999999999999 0
639 0.2415000000000002 0.2599999999999999 0
640 0.2370000000000002 0.28 0
641 0.2325000000000002 0.2999999999999999 0
642 0.2280000000000002 0.3199999999999997 0
643 0.2235000000000002 0.3399999999999999 0
644 0.2190000000000002 0.3599999999999999 0
645 0.2145000000000002 0.3799999999999998 0
646 0.2100000000000002 0.3999999999999999 0
647 0.2055000000000002 0.4199999999999998 0
648 0.2010000000000002 0.4399999999999998 0
649 0.1965000000000002 0.46 0
650 0.1920000000000001 0.48 0
651 0.1875000000000002 0.4999999999999999 0
652 0.1830000000000002 0.52 0
653 0.1785000000000001 0.54 0
654 0.1740000000000002 0.5599999999999999 0
655 0.1695000000000001 0.5800000000000001 0
656 0.1650000000000001 0.6 0
657 0.1605000000000001 0.62 0
658 0.1560000000000001 0.64 0
659 0.1515000000000001 0.6599999999999999 0
660 0.1470000000000001 0.6799999999999999 0
661 0.1425000000000001 0.7 0
662 0.1380000000000001 0.72 0
663 0.1335000000000002 0.74 0
664 0.1290000000000002 0.7600000000000001 0
665 0.1245000000000001 0.78 0
666 0.2626666666666666 0.01999999999999985 0
667 0.2586666666666667 0.03999999999999998 0
668 0.2546666666666667 0.06 0
669 0.2506666666666666 0.08000000000000002 0
670 0.2466666666666667 0.1000000000000001 0
671 0.2426666666666667 0.1200000000000001 0
672 0.2386666666666667 0.14 0
673 0.2346666666666667 0.1600000000000001 0
674 0.2306666666666667 0.1799999999999999 0
675 0.2266666666666667 0.2 0
676 0.2226666666666667 0.22 0
677 0.2186666666666667 0.2399999999999999 0
678 0.2146666666666667 0.26 0
679 0.2106666666666667 0.28 0
680 0.2066666666666668 0.3 0
681 0.2026666666666668 0.3199999999999999 0
682 0.1986666666666668 0.3399999999999999 0
683 0.1946666666666668 0.3599999999999999 0
684 0.1906666666666668 0.3799999999999999 0
685 0.1866666666666668 0.3999999999999999 0
686 0.1826666666666668 0.4199999999999999 0
687 0.1786666666666668 0.4399999999999999 0
688 0.1746666666666668 0.46 0
689 0.1706666666666668 0.48 0
690 0.1666666666666668 0.5 0
691 0.1626666666666668 0.52 0
692 0.1586666666666667 0.54 0
693 0.1546666666666668 0.5600000000000001 0
694 0.1506666666666668 0.5800000000000001 0
695 0.1466666666666667 0.6000000000000001 0
696 0.1426666666666668 0.6200000000000001 0
697 0.1386666666666667 0.6400000000000001 0
698 0.1346666666666667 0.66 0
699 0.1306666666666667 0.6799999999999999 0
700 0.1266666666666667 0.7000000000000002 0
701 0.1226666666666667 0.72 0
702 0.1186666666666668 0.74 0
703 0.1146666666666666 0.7600000000000001 0
704 0.1106666666666666 0.78 0
705 0.2298333333333334 0.01999999999999996 0
706 0.2263333333333334 0.03999999999999998 0
707 0.2228333333333334 0.06000000000000011 0
708 0.2193333333333335 0.08000000000000002 0
709 0.2158333333333334 0.1000000000000002 0
710 0.2123333333333335 0.12 0
711 0.2088333333333334 0.14 0
712 0.2053333333333335 0.16 0
713 0.2018333333333335 0.1800000000000001 0
714 0.1983333333333335 0.2000000000000001 0
715 0.1948333333333335 0.22 0
716 0.1913333333333334 0.24 0
717 0.1878333333333335 0.2600000000000001 0
718 0.1843333333333335 0.2800000000000001 0
719 0.1808333333333335 0.3 0
720 0.1773333333333335 0.32 0
721 0.1738333333333335 0.3399999999999999 0
722 0.1703333333333335 0.36 0
723 0.1668333333333335 0.3799999999999999 0
724 0.1633333333333335 0.3999999999999999 0
725 0.1598333333333335 0.4199999999999999 0
726 0.1563333333333335 0.4399999999999999 0
727 0.1528333333333335 0.4600000000000001 0
728 0.1493333333333335 0.48 0
729 0.1458333333333335 0.5 0
730 0.1423333333333335 0.5200000000000001 0
731 0.1388333333333335 0.54 0
732 0.1353333333333335 0.5600000000000001 0
733 0.1318333333333335 0.5800000000000001 0
734 0.1283333333333335 0.6000000000000001 0
735 0.1248333333333335 0.6200000000000001 0
736 0.1213333333333334 0.6400000000000001 0
737 0.1178333333333335 0.66 0
738 0.1143333333333335 0.6799999999999999 0
739 0.1108333333333335 0.7000000000000002 0
740 0.1073333333333333 0.72 0
741 0.1038333333333334 0.74 0
742 0.1003333333333334 0.7600000000000001 0
743 0.09683333333333344 0.78 0
744 0.197 0.02000000000000013 0
745 0.194 0.03999999999999998 0
746 0.191 0.06000000000000011 0
747 0.188 0.08000000000000002 0
748 0.185 0.1000000000000002 0
749 0.182 0.1200000000000002 0
750 0.1790000000000001 0.14 0
751 0.176 0.16 0
752 0.1730000000000001 0.1800000000000002 0
753 0.1700000000000001 0.2 0
754 0.1670000000000001 0.2200000000000001 0
755 0.1640000000000001 0.2400000000000001 0
756 0.1610000000000002 0.2600000000000001 0
757 0.1580000000000001 0.2800000000000001 0
758 0.1550000000000001 0.3 0
759 0.1520000000000002 0.32 0
760 0.1490000000000001 0.34 0
761 0.1460000000000001 0.36 0
762 0.1430000000000001 0.38 0
763 0.1400000000000001 0.4 0
764 0.1370000000000001 0.42 0
765 0.1340000000000001 0.44 0
766 0.1310000000000002 0.4600000000000002 0
767 0.1280000000000001 0.4800000000000001 0
768 0.1250000000000001 0.5000000000000001 0
769 0.1220000000000002 0.5200000000000001 0
770 0.1190000000000002 0.5400000000000001 0
771 0.1160000000000001 0.5600000000000001 0
772 0.1130000000000002 0.5800000000000001 0
773 0.1100000000000001 0.6000000000000001 0
774 0.1070000000000002 0.6200000000000001 0
775 0.1040000000000001 0.6400000000000001 0
776 0.1010000000000001 0.66 0
777 0.09800000000000014 0.6799999999999999 0
778 0.09500000000000014 0.7000000000000001 0
779 0.09200000000000019 0.72 0
780 0.08900000000000008 0.74 0
781 0.08600000000000019 0.76 0
782 0.08300000000000018 0.78 0
783 0.1641666666666667 0.01999999999999985 0
784 0.1616666666666668 0.04000000000000009 0
785 0.1591666666666668 0.06000000000000005 0
786 0.1566666666666667 0.07999999999999996 0
787 0.1541666666666667 0.1000000000000002 0
788 0.1516666666666668 0.1200000000000002 0
789 0.1491666666666669 0.14 0
790 0.1466666666666668 0.1600000000000002 0
791 0.1441666666666668 0.1800000000000002 0
792 0.1416666666666668 0.2000000000000001 0
793 0.1391666666666668 0.2200000000000002 0
794 0.1366666666666668 0.2400000000000001 0
795 0.1341666666666668 0.2600000000000002 0
796 0.1316666666666668 0.2800000000000002 0
797 0.1291666666666669 0.3000000000000001 0
798 0.1266666666666668 0.3200000000000001 0
799 0.1241666666666668 0.3400000000000001 0
800 0.1216666666666668 0.3600000000000001 0
801 0.1191666666666669 0.3800000000000001 0
802 0.1166666666666669 0.4 0
803 0.1141666666666669 0.4200000000000001 0
804 0.1116666666666668 0.4400000000000001 0
805 0.1091666666666668 0.4600000000000002 0
806 0.1066666666666669 0.4800000000000001 0
807 0.104166666666667 0.5000000000000002 0
808 0.1016666666666669 0.5200000000000002 0
809 0.0991666666666669 0.5400000000000001 0
810 0.09666666666666679 0.5600000000000001 0
811 0.0941666666666669 0.5800000000000002 0
812 0.09166666666666679 0.6000000000000001 0
813 0.08916666666666689 0.6200000000000002 0
814 0.08666666666666673 0.6400000000000001 0
815 0.08416666666666683 0.6600000000000001 0
816 0.08166666666666678 0.68 0
817 0.07916666666666683 0.7000000000000002 0
818 0.07666666666666677 0.72 0
819 0.07416666666666677 0.7400000000000002 0
820 0.07166666666666671 0.7600000000000002 0
821 0.06916666666666682 0.78 0
822 0.1313333333333334 0.01999999999999991 0
823 0.1293333333333333 0.0400000000000002 0
824 0.1273333333333334 0.06000000000000005 0
825 0.1253333333333334 0.08000000000000002 0
826 0.1233333333333334 0.1000000000000002 0
827 0.1213333333333333 0.1200000000000001 0
828 0.1193333333333333 0.1400000000000001 0
829 0.1173333333333333 0.1600000000000003 0
830 0.1153333333333335 0.1800000000000002 0
831 0.1133333333333333 0.2000000000000001 0
832 0.1113333333333335 0.2200000000000002 0
833 0.1093333333333334 0.2400000000000002 0
834 0.1073333333333334 0.2600000000000002 0
835 0.1053333333333334 0.2800000000000002 0
836 0.1033333333333334 0.3000000000000002 0
837 0.1013333333333334 0.3200000000000002 0
838 0.09933333333333344 0.3400000000000001 0
839 0.09733333333333344 0.3600000000000002 0
840 0.09533333333333344 0.3800000000000001 0
841 0.09333333333333349 0.4000000000000001 0
842 0.09133333333333349 0.4200000000000002 0
843 0.08933333333333343 0.4400000000000001 0
844 0.08733333333333354 0.4600000000000002 0
845 0.08533333333333354 0.4800000000000002 0
846 0.08333333333333337 0.5000000000000002 0
847 0.08133333333333354 0.5200000000000002 0
848 0.07933333333333353 0.5400000000000003 0
849 0.07733333333333353 0.5600000000000002 0
850 0.07533333333333353 0.5800000000000003 0
851 0.07333333333333353 0.6000000000000002 0
852 0.07133333333333353 0.6200000000000002 0
853 0.06933333333333352 0.6400000000000001 0
854 0.06733333333333352 0.6600000000000001 0
855 0.06533333333333352 0.6800000000000002 0
856 0.06333333333333346 0.7000000000000002 0
857 0.06133333333333346 0.72 0
858 0.05933333333333352 0.7400000000000002 0
859 0.05733333333333351 0.7600000000000002 0
860 0.05533333333333351 0.78 0
861 0.09850000000000009 0.02000000000000007 0
862 0.0970000000000002 0.04000000000000009 0
863 0.09550000000000008 0.06000000000000022 0
864 0.09400000000000003 0.08000000000000007 0
865 0.09250000000000003 0.1000000000000001 0
866 0.09099999999999997 0.1200000000000001 0
867 0.08950000000000002 0.1400000000000001 0
868 0.08800000000000008 0.1600000000000002 0
869 0.08650000000000008 0.1800000000000003 0
870 0.08500000000000002 0.2000000000000002 0
871 0.08350000000000013 0.2200000000000002 0
872 0.08200000000000013 0.2400000000000002 0
873 0.08050000000000013 0.2600000000000003 0
874 0.07900000000000013 0.2800000000000002 0
875 0.07750000000000012 0.3000000000000002 0
876 0.07600000000000012 0.3200000000000002 0
877 0.07450000000000012 0.3400000000000002 0
878 0.07300000000000012 0.3600000000000002 0
879 0.07150000000000012 0.3800000000000002 0
880 0.07000000000000012 0.4000000000000001 0
881 0.06850000000000006 0.4200000000000003 0
882 0.06700000000000012 0.4400000000000001 0
883 0.06550000000000006 0.4600000000000003 0
884 0.06400000000000011 0.4800000000000003 0
885 0.06250000000000011 0.5000000000000002 0
886 0.06100000000000011 0.5200000000000002 0
887 0.05950000000000011 0.5400000000000003 0
888 0.05800000000000011 0.5600000000000002 0
889 0.05650000000000011 0.5800000000000003 0
890 0.05500000000000022 0.6000000000000002 0
891 0.0535000000000001 0.6200000000000002 0
892 0.0520000000000001 0.6400000000000002 0
893 0.0505000000000001 0.6600000000000001 0
894 0.0490000000000001 0.6800000000000002 0
895 0.04750000000000004 0.7000000000000002 0
896 0.04600000000000021 0.7200000000000002 0
897 0.04450000000000015 0.7400000000000001 0
898 0.04300000000000009 0.76 0
899 0.04150000000000015 0.78 0
900 0.06566666666666654 0.02000000000000002 0
901 0.06466666666666665 0.04000000000000009 0
902 0.06366666666666659 0.06000000000000016 0
903 0.0626666666666667 0.07999999999999996 0
904 0.06166666666666654 0.1000000000000001 0
905 0.06066666666666665 0.1200000000000002 0
906 0.05966666666666676 0.1400000000000002 0
907 0.05866666666666681 0.1600000000000002 0
908 0.05766666666666675 0.1800000000000002 0
909 0.05666666666666681 0.2000000000000003 0
910 0.0556666666666667 0.2200000000000003 0
911 0.05466666666666675 0.2400000000000003 0
912 0.0536666666666667 0.2600000000000003 0
913 0.05266666666666664 0.2800000000000002 0
914 0.05166666666666681 0.3000000000000003 0
915 0.05066666666666675 0.3200000000000003 0
916 0.04966666666666675 0.3400000000000003 0
917 0.04866666666666669 0.3600000000000003 0
918 0.04766666666666669 0.3800000000000003 0
919 0.04666666666666663 0.4000000000000002 0
920 0.04566666666666669 0.4200000000000003 0
921 0.04466666666666669 0.4400000000000002 0
922 0.04366666666666669 0.4600000000000004 0
923 0.04266666666666674 0.4800000000000003 0
924 0.04166666666666669 0.5000000000000003 0
925 0.04066666666666668 0.5200000000000004 0
926 0.03966666666666668 0.5400000000000003 0
927 0.03866666666666668 0.5600000000000003 0
928 0.03766666666666674 0.5800000000000003 0
929 0.03666666666666674 0.6000000000000003 0
930 0.03566666666666668 0.6200000000000003 0
931 0.03466666666666668 0.6400000000000002 0
932 0.03366666666666673 0.6600000000000001 0
933 0.03266666666666673 0.6800000000000002 0
934 0.03166666666666673 0.7000000000000002 0
935 0.03066666666666668 0.7200000000000002 0
936 0.02966666666666667 0.7400000000000002 0
937 0.02866666666666673 0.7600000000000001 0
938 0.02766666666666667 0.78 0
939 0.03283333333333338 0.02000000000000007 0
940 0.03233333333333338 0.0400000000000002 0
941 0.03183333333333327 0.06000000000000016 0
942 0.03133333333333327 0.08000000000000007 0
943 0.03083333333333332 0.1000000000000003 0
944 0.03033333333333338 0.1200000000000002 0
945 0.02983333333333327 0.1400000000000002 0
946 0.02933333333333343 0.1600000000000002 0
947 0.02883333333333338 0.1800000000000004 0
948 0.02833333333333327 0.2000000000000004 0
949 0.02783333333333327 0.2200000000000004 0
950 0.02733333333333332 0.2400000000000004 0
951 0.02683333333333338 0.2600000000000005 0
952 0.02633333333333354 0.2800000000000004 0
953 0.02583333333333349 0.3000000000000004 0
954 0.02533333333333337 0.3200000000000003 0
955 0.02483333333333348 0.3400000000000003 0
956 0.02433333333333343 0.3600000000000003 0
957 0.02383333333333343 0.3800000000000003 0
958 0.02333333333333337 0.4000000000000002 0
959 0.02283333333333332 0.4200000000000003 0
960 0.02233333333333343 0.4400000000000002 0
961 0.02183333333333343 0.4600000000000004 0
962 0.02133333333333343 0.4800000000000004 0
963 0.02083333333333343 0.5000000000000003 0
964 0.02033333333333337 0.5200000000000005 0
965 0.01983333333333342 0.5400000000000004 0
966 0.01933333333333342 0.5600000000000003 0
967 0.01883333333333342 0.5800000000000004 0
968 0.01833333333333337 0.6000000000000003 0
969 0.01783333333333326 0.6200000000000003 0
970 0.01733333333333342 0.6400000000000002 0
971 0.01683333333333337 0.6600000000000003 0
972 0.01633333333333342 0.6800000000000002 0
973 0.01583333333333337 0.7000000000000002 0
974 0.01533333333333342 0.7200000000000002 0
975 0.01483333333333342 0.7400000000000002 0
976 0.01433333333333336 0.76 0
977 0.01383333333333342 0.78 0
978 0.01313333333333339 0.8037500000000001 0
979 0.01293333333333335 0.8074999999999999 0
980 0.01273333333333337 0.8112500000000001 0
981 0.01253333333333345 0.8149999999999999 0
982 0.01233333333333325 0.8187500000000001 0
983 0.01213333333333338 0.8225 0
984 0.01193333333333335 0.8262499999999999 0
985 0.01173333333333337 0.8300000000000001 0
986 0.0115333333333334 0.83375 0
987 0.01133333333333336 0.8375 0
988 0.01113333333333344 0.8412500000000001 0
989 0.01093333333333335 0.8450000000000001 0
990 0.01073333333333354 0.84875 0
991 0.01053333333333345 0.8524999999999999 0
992 0.01033333333333336 0.8562500000000001 0
993 0.01013333333333338 0.86 0
994 0.009933333333333294 0.8637500000000002 0
995 0.009733333333333261 0.8675 0
996 0.009533333333333338 0.8712500000000001 0
997 0.00933333333333336 0.8750000000000001 0
998 0.009133333333333382 0.8787500000000001 0
999 0.008933333333333182 0.8825000000000001 0
1000 0.00873333333333326 0.8862500000000001 0
1001 0.008533333333333337 0.8900000000000001 0
1002 0.008333333333333359 0.89375 0
1003 0.008133333333333437 0.8975 0
1004 0.007933333333333181 0.9012500000000001 0
1005 0.007733333333333259 0.9049999999999999 0
1006 0.007533333333333336 0.9087500000000001 0
1007 0.007333333333333358 0.9125 0
1008 0.007133333333333436 0.91625 0
1009 0.006933333333333291 0.92 0
1010 0.006733333333333258 0.92375 0
1011 0.006533333333333446 0.9275 0
1012 0.006333333333333357 0.93125 0
1013 0.006133333333333379 0.9349999999999999 0
1014 0.005933333333333346 0.93875 0
1015 0.005733333333333368 0.9425 0
1016 0.005533333333333446 0.9462499999999999 0
1017 0.02626666666666672 0.8037500000000001 0
1018 0.02586666666666665 0.8074999999999999 0
1019 0.02546666666666669 0.8112500000000002 0
1020 0.02506666666666663 0.8150000000000002 0
1021 0.02466666666666661 0.8187500000000001 0
1022 0.02426666666666666 0.8225 0
1023 0.0238666666666667 0.8262499999999999 0
1024 0.02346666666666669 0.8300000000000001 0
1025 0.02306666666666674 0.83375 0
1026 0.02266666666666667 0.8375 0
1027 0.0222666666666666 0.8412500000000001 0
1028 0.02186666666666659 0.8450000000000001 0
1029 0.02146666666666669 0.84875 0
1030 0.02106666666666657 0.8525 0
1031 0.02066666666666661 0.8562500000000001 0
1032 0.02026666666666671 0.8600000000000001 0
1033 0.01986666666666653 0.8637500000000002 0
1034 0.01946666666666669 0.8675 0
1035 0.01906666666666668 0.8712500000000001 0
1036 0.01866666666666666 0.8750000000000001 0
1037 0.0182666666666666 0.8787500000000001 0
1038 0.01786666666666659 0.8825000000000001 0
1039 0.01746666666666669 0.8862500000000001 0
1040 0.01706666666666651 0.8900000000000001 0
1041 0.01666666666666666 0.89375 0
1042 0.0162666666666666 0.8975000000000001 0
1043 0.01586666666666653 0.9012500000000001 0
1044 0.01546666666666668 0.905 0
1045 0.01506666666666678 0.9087500000000002 0
1046 0.01466666666666666 0.9125 0
1047 0.01426666666666671 0.91625 0
1048 0.01386666666666653 0.92 0
1049 0.01346666666666668 0.92375 0
1050 0.01306666666666667 0.9275 0
1051 0.0126666666666666 0.93125 0
1052 0.0122666666666667 0.9349999999999999 0
1053 0.01186666666666669 0.93875 0
1054 0.01146666666666668 0.9425 0
1055 0.01106666666666667 0.9462499999999999 0
1056 0.03940000000000016 0.8037500000000001 0
1057 0.03880000000000017 0.8075 0
1058 0.03820000000000018 0.81125 0
1059 0.03760000000000008 0.8150000000000001 0
1060 0.03699999999999998 0.8187500000000001 0
1061 0.03640000000000015 0.8225 0
1062 0.03580000000000011 0.82625 0
1063 0.03519999999999995 0.8300000000000001 0
1064 0.03460000000000013 0.83375 0
1065 0.03400000000000009 0.8375 0
1066 0.03340000000000004 0.8412500000000001 0
1067 0.0328 0.8450000000000001 0
1068 0.03220000000000017 0.84875 0
1069 0.03160000000000002 0.8525 0
1070 0.03100000000000008 0.8562500000000001 0
1071 0.03040000000000015 0.8600000000000001 0
1072 0.02980000000000005 0.8637500000000002 0
1073 0.02919999999999995 0.8674999999999999 0
1074 0.02860000000000001 0.8712500000000001 0
1075 0.02800000000000002 0.8750000000000001 0
1076 0.02740000000000004 0.8787500000000003 0
1077 0.02679999999999999 0.8825000000000001 0
1078 0.02619999999999995 0.8862500000000001 0
1079 0.02560000000000001 0.8900000000000001 0
1080 0.02500000000000002 0.89375 0
1081 0.02440000000000003 0.8975000000000001 0
1082 0.02380000000000004 0.9012500000000002 0
1083 0.02320000000000011 0.905 0
1084 0.02259999999999995 0.9087500000000001 0
1085 0.02199999999999996 0.9125000000000001 0
1086 0.02140000000000003 0.91625 0
1087 0.0208000000000001 0.92 0
1088 0.02020000000000005 0.92375 0
1089 0.01960000000000001 0.9274999999999999 0
1090 0.01900000000000007 0.93125 0
1091 0.01840000000000003 0.9349999999999999 0
1092 0.01780000000000004 0.93875 0
1093 0.01720000000000005 0.9425 0
1094 0.0166 0.9462499999999999 0
1095 0.05253333333333343 0.8037500000000002 0
1096 0.05173333333333352 0.8074999999999999 0
1097 0.0509333333333335 0.8112500000000001 0
1098 0.05013333333333342 0.8150000000000001 0
1099 0.0493333333333334 0.8187500000000001 0
1100 0.04853333333333359 0.8225 0
1101 0.04773333333333346 0.82625 0
1102 0.04693333333333349 0.8300000000000001 0
1103 0.04613333333333353 0.83375 0
1104 0.04533333333333345 0.8374999999999999 0
1105 0.04453333333333337 0.8412500000000001 0
1106 0.04373333333333346 0.845 0
1107 0.04293333333333338 0.8487499999999999 0
1108 0.04213333333333341 0.8525 0
1109 0.04133333333333339 0.8562500000000001 0
1110 0.04053333333333342 0.8600000000000001 0
1111 0.0397333333333334 0.8637500000000001 0
1112 0.03893333333333354 0.8675 0
1113 0.03813333333333341 0.8712500000000001 0
1114 0.03733333333333338 0.8750000000000001 0
1115 0.03653333333333336 0.8787500000000001 0
1116 0.03573333333333339 0.8825000000000001 0
1117 0.03493333333333332 0.8862500000000001 0
1118 0.0341333333333334 0.8900000000000001 0
1119 0.03333333333333338 0.89375 0
1120 0.03253333333333336 0.8975000000000001 0
1121 0.03173333333333345 0.9012500000000002 0
1122 0.0309333333333332 0.905 0
1123 0.0301333333333334 0.9087500000000001 0
1124 0.02933333333333338 0.9125 0
1125 0.02853333333333335 0.9162499999999999 0
1126 0.02773333333333333 0.92 0
1127 0.02693333333333325 0.92375 0
1128 0.02613333333333345 0.9275 0
1129 0.02533333333333337 0.93125 0
1130 0.02453333333333335 0.9349999999999999 0
1131 0.02373333333333327 0.93875 0
1132 0.02293333333333325 0.9425 0
1133 0.02213333333333339 0.9462499999999999 0
1134 0.06566666666666676 0.8037500000000002 0
1135 0.06466666666666693 0.8075000000000001 0
1136 0.06366666666666676 0.8112500000000001 0
1137 0.06266666666666681 0.8150000000000001 0
1138 0.06166666666666676 0.8187500000000001 0
1139 0.06066666666666681 0.8225 0
1140 0.05966666666666681 0.8262499999999999 0
1141 0.0586666666666667 0.8300000000000001 0
1142 0.05766666666666681 0.83375 0
1143 0.0566666666666667 0.8375 0
1144 0.05566666666666681 0.8412500000000001 0
1145 0.05466666666666675 0.845 0
1146 0.0536666666666667 0.84875 0
1147 0.05266666666666669 0.8525 0
1148 0.05166666666666669 0.85625 0
1149 0.0506666666666668 0.8600000000000001 0
1150 0.04966666666666669 0.8637500000000001 0
1151 0.04866666666666669 0.8674999999999999 0
1152 0.0476666666666668 0.8712500000000001 0
1153 0.04666666666666669 0.8750000000000001 0
1154 0.0456666666666668 0.8787500000000001 0
1155 0.04466666666666669 0.8825000000000001 0
1156 0.0436666666666668 0.88625 0
1157 0.04266666666666669 0.8900000000000001 0
1158 0.04166666666666669 0.89375 0
1159 0.04066666666666668 0.8975000000000001 0
1160 0.03966666666666668 0.9012500000000001 0
1161 0.03866666666666668 0.905 0
1162 0.03766666666666668 0.9087500000000002 0
1163 0.03666666666666668 0.9125 0
1164 0.03566666666666668 0.91625 0
1165 0.03466666666666668 0.92 0
1166 0.03366666666666668 0.92375 0
1167 0.03266666666666668 0.9275000000000002 0
1168 0.03166666666666668 0.93125 0
1169 0.03066666666666668 0.9349999999999999 0
1170 0.02966666666666667 0.9387499999999999 0
1171 0.02866666666666667 0.9425 0
1172 0.02766666666666667 0.9462499999999999 0
1173 0.07880000000000009 0.8037500000000002 0
1174 0.0776 0.8074999999999999 0
1175 0.07640000000000002 0.8112500000000001 0
1176 0.0752000000000001 0.8150000000000001 0
1177 0.07400000000000023 0.8187500000000001 0
1178 0.07280000000000009 0.8225 0
1179 0.07160000000000005 0.8262499999999999 0
1180 0.07040000000000007 0.8300000000000001 0
1181 0.06920000000000004 0.83375 0
1182 0.06800000000000017 0.8374999999999999 0
1183 0.06679999999999997 0.8412500000000001 0
1184 0.06560000000000005 0.845 0
1185 0.06440000000000007 0.84875 0
1186 0.06320000000000014 0.8525 0
1187 0.062 0.8562500000000001 0
1188 0.06080000000000013 0.8599999999999999 0
1189 0.05959999999999999 0.8637500000000001 0
1190 0.05840000000000006 0.8675 0
1191 0.05720000000000003 0.8712500000000001 0
1192 0.05600000000000011 0.8750000000000001 0
1193 0.05479999999999985 0.8787500000000001 0
1194 0.05360000000000004 0.8825000000000001 0
1195 0.05240000000000006 0.8862500000000001 0
1196 0.05120000000000002 0.8900000000000001 0
1197 0.04999999999999993 0.89375 0
1198 0.04880000000000001 0.8975000000000001 0
1199 0.04760000000000003 0.9012500000000001 0
1200 0.04640000000000005 0.905 0
1201 0.04520000000000002 0.9087500000000001 0
1202 0.04399999999999998 0.9125 0
1203 0.0428 0.91625 0
1204 0.04160000000000003 0.92 0
1205 0.04040000000000005 0.92375 0
1206 0.03920000000000007 0.9275 0
1207 0.03799999999999992 0.93125 0
1208 0.03679999999999994 0.9349999999999999 0
1209 0.03560000000000002 0.9387499999999999 0
1210 0.03440000000000004 0.9425 0
1211 0.03319999999999995 0.9462499999999999 0
1212 0.09193333333333342 0.8037500000000001 0
1213 0.09053333333333347 0.8075000000000001 0
1214 0.0891333333333334 0.8112500000000001 0
1215 0.0877333333333335 0.8150000000000002 0
1216 0.08633333333333348 0.8187500000000001 0
1217 0.08493333333333336 0.8225 0
1218 0.0835333333333334 0.8262499999999999 0
1219 0.08213333333333356 0.83 0
1220 0.08073333333333338 0.83375 0
1221 0.07933333333333337 0.8375 0
1222 0.07793333333333335 0.8412500000000001 0
1223 0.07653333333333351 0.845 0
1224 0.07513333333333333 0.84875 0
1225 0.07373333333333337 0.8525 0
1226 0.07233333333333342 0.8562500000000001 0
1227 0.07093333333333335 0.8600000000000001 0
1228 0.06953333333333334 0.8637500000000001 0
1229 0.06813333333333343 0.8674999999999999 0
1230 0.06673333333333337 0.8712500000000001 0
1231 0.0653333333333333 0.8750000000000001 0
1232 0.06393333333333334 0.8787500000000001 0
1233 0.06253333333333333 0.8825000000000001 0
1234 0.06113333333333332 0.88625 0
1235 0.05973333333333336 0.8900000000000001 0
1236 0.05833333333333329 0.89375 0
1237 0.05693333333333334 0.8975000000000001 0
1238 0.05553333333333327 0.9012500000000001 0
1239 0.05413333333333331 0.905 0
1240 0.05273333333333335 0.9087500000000002 0
1241 0.05133333333333334 0.9125 0
1242 0.04993333333333333 0.9162499999999999 0
1243 0.04853333333333343 0.92 0
1244 0.0471333333333333 0.92375 0
1245 0.04573333333333335 0.9275000000000001 0
1246 0.04433333333333334 0.93125 0
1247 0.04293333333333332 0.9349999999999999 0
1248 0.04153333333333337 0.9387499999999999 0
1249 0.04013333333333341 0.9425 0
1250 0.03873333333333334 0.9462499999999999 0
1251 0.1050666666666668 0.8037500000000001 0
1252 0.1034666666666668 0.8075 0
1253 0.1018666666666667 0.81125 0
1254 0.1002666666666667 0.8150000000000001 0
1255 0.09866666666666674 0.8187500000000001 0
1256 0.09706666666666675 0.8225 0
1257 0.09546666666666681 0.82625 0
1258 0.09386666666666665 0.8300000000000001 0
1259 0.09226666666666677 0.83375 0
1260 0.09066666666666667 0.8375 0
1261 0.08906666666666668 0.8412500000000001 0
1262 0.08746666666666664 0.845 0
1263 0.08586666666666676 0.84875 0
1264 0.08426666666666671 0.8525 0
1265 0.08266666666666672 0.8562500000000001 0
1266 0.08106666666666668 0.8600000000000001 0
1267 0.07946666666666663 0.86375 0
1268 0.07786666666666658 0.8674999999999999 0
1269 0.07626666666666659 0.8712500000000001 0
1270 0.07466666666666671 0.8750000000000001 0
1271 0.07306666666666667 0.8787500000000001 0
1272 0.07146666666666668 0.8825 0
1273 0.06986666666666669 0.8862500000000001 0
1274 0.06826666666666659 0.8900000000000001 0
1275 0.06666666666666671 0.89375 0
1276 0.06506666666666666 0.8975000000000002 0
1277 0.06346666666666662 0.9012499999999999 0
1278 0.06186666666666668 0.905 0
1279 0.06026666666666664 0.9087500000000001 0
1280 0.0586666666666667 0.9125 0
1281 0.0570666666666666 0.91625 0
1282 0.05546666666666672 0.92 0
1283 0.05386666666666662 0.92375 0
1284 0.05226666666666663 0.9274999999999999 0
1285 0.05066666666666669 0.93125 0
1286 0.0490666666666667 0.9349999999999999 0
1287 0.04746666666666671 0.9387499999999999 0
1288 0.04586666666666667 0.9425 0
1289 0.04426666666666673 0.9462499999999999 0
1290 0.1182000000000002 0.8037500000000002 0
1291 0.1164000000000001 0.8074999999999999 0
1292 0.1146000000000001 0.8112500000000002 0
1293 0.1128000000000001 0.8150000000000002 0
1294 0.1110000000000002 0.8187500000000001 0
1295 0.1092000000000001 0.8225 0
1296 0.1074000000000001 0.8262499999999999 0
1297 0.1056000000000001 0.8300000000000001 0
1298 0.1038000000000001 0.83375 0
1299 0.1020000000000001 0.8375 0
1300 0.1002000000000001 0.8412500000000001 0
1301 0.0984000000000001 0.845 0
1302 0.09660000000000013 0.8487500000000001 0
1303 0.09480000000000011 0.8525 0
1304 0.09299999999999997 0.8562500000000001 0
1305 0.0912 0.8600000000000001 0
1306 0.08940000000000003 0.86375 0
1307 0.08760000000000012 0.8675 0
1308 0.08580000000000004 0.8712500000000001 0
1309 0.08400000000000007 0.8750000000000001 0
1310 0.0822 0.8787500000000001 0
1311 0.08040000000000003 0.8825000000000001 0
1312 0.07860000000000011 0.8862500000000001 0
1313 0.07680000000000003 0.8900000000000001 0
1314 0.07500000000000001 0.89375 0
1315 0.07319999999999999 0.8975000000000001 0
1316 0.07140000000000002 0.9012500000000001 0
1317 0.0696 0.905 0
1318 0.06780000000000003 0.9087500000000001 0
1319 0.06599999999999995 0.9125 0
1320 0.06419999999999992 0.91625 0
1321 0.06240000000000007 0.92 0
1322 0.06060000000000004 0.92375 0
1323 0.05880000000000002 0.9275 0
1324 0.057 0.93125 0
1325 0.05520000000000014 0.9349999999999999 0
1326 0.05339999999999995 0.93875 0
1327 0.05160000000000003 0.9425 0
1328 0.04979999999999996 0.9462499999999999 0
1329 0.1313333333333335 0.8037500000000002 0
1330 0.1293333333333335 0.8075000000000001 0
1331 0.1273333333333334 0.8112500000000001 0
1332 0.1253333333333334 0.8150000000000002 0
1333 0.1233333333333335 0.8187500000000001 0
1334 0.1213333333333335 0.8225 0
1335 0.1193333333333336 0.8262499999999999 0
1336 0.1173333333333334 0.8300000000000001 0
1337 0.1153333333333335 0.83375 0
1338 0.1133333333333333 0.8374999999999999 0
1339 0.1113333333333334 0.8412500000000001 0
1340 0.1093333333333334 0.8450000000000001 0
1341 0.1073333333333334 0.84875 0
1342 0.1053333333333334 0.8525 0
1343 0.1033333333333334 0.8562500000000001 0
1344 0.1013333333333334 0.8600000000000001 0
1345 0.09933333333333327 0.86375 0
1346 0.09733333333333333 0.8674999999999999 0
1347 0.09533333333333327 0.8712500000000001 0
1348 0.09333333333333332 0.875 0
1349 0.09133333333333332 0.87875 0
1350 0.08933333333333332 0.8825000000000001 0
1351 0.08733333333333332 0.8862500000000001 0
1352 0.08533333333333332 0.8900000000000001 0
1353 0.08333333333333343 0.89375 0
1354 0.08133333333333326 0.8975000000000001 0
1355 0.07933333333333326 0.9012500000000001 0
1356 0.07733333333333337 0.905 0
1357 0.07533333333333342 0.9087499999999999 0
1358 0.07333333333333336 0.9125 0
1359 0.07133333333333336 0.91625 0
1360 0.06933333333333325 0.92 0
1361 0.0673333333333333 0.92375 0
1362 0.06533333333333335 0.9275 0
1363 0.06333333333333324 0.93125 0
1364 0.06133333333333346 0.9349999999999999 0
1365 0.05933333333333329 0.93875 0
1366 0.0573333333333334 0.9425 0
1367 0.0553333333333334 0.9462499999999999 0
1368 0.1444666666666667 0.80375 0
1369 0.1422666666666668 0.8075000000000001 0
1370 0.1400666666666667 0.81125 0
1371 0.1378666666666668 0.8149999999999999 0
1372 0.1356666666666668 0.81875 0
1373 0.1334666666666667 0.8225 0
1374 0.1312666666666668 0.82625 0
1375 0.1290666666666667 0.8300000000000001 0
1376 0.1268666666666667 0.83375 0
1377 0.1246666666666667 0.8375 0
1378 0.1224666666666667 0.8412500000000001 0
1379 0.1202666666666667 0.8450000000000001 0
1380 0.1180666666666668 0.8487500000000001 0
1381 0.1158666666666667 0.8525 0
1382 0.1136666666666667 0.8562500000000001 0
1383 0.1114666666666667 0.86 0
1384 0.1092666666666667 0.86375 0
1385 0.1070666666666667 0.8675 0
1386 0.1048666666666667 0.8712500000000001 0
1387 0.1026666666666666 0.8750000000000001 0
1388 0.1004666666666666 0.8787500000000001 0
1389 0.09826666666666667 0.8825000000000001 0
1390 0.09606666666666669 0.8862500000000001 0
1391 0.0938666666666666 0.8900000000000001 0
1392 0.09166666666666656 0.89375 0
1393 0.08946666666666664 0.8975000000000001 0
1394 0.08726666666666666 0.9012500000000001 0
1395 0.08506666666666668 0.905 0
1396 0.08286666666666676 0.9087500000000001 0
1397 0.08066666666666672 0.9125 0
1398 0.07846666666666657 0.91625 0
1399 0.07626666666666659 0.92 0
1400 0.07406666666666667 0.92375 0
1401 0.07186666666666669 0.9275 0
1402 0.06966666666666677 0.93125 0
1403 0.06746666666666673 0.9349999999999999 0
1404 0.06526666666666658 0.93875 0
1405 0.0630666666666666 0.9425 0
1406 0.06086666666666668 0.9462499999999999 0
1407 0.1576000000000001 0.80375 0
1408 0.1552000000000001 0.8075 0
1409 0.1528 0.81125 0
1410 0.1504 0.8150000000000002 0
1411 0.1480000000000001 0.8187500000000001 0
1412 0.1456000000000001 0.8225 0
1413 0.1432000000000001 0.8262499999999999 0
1414 0.1408 0.8300000000000001 0
1415 0.1384 0.83375 0
1416 0.1360000000000001 0.8375 0
1417 0.1336 0.8412499999999999 0
1418 0.1312000000000001 0.845 0
1419 0.1288000000000001 0.8487499999999999 0
1420 0.1264 0.8525 0
1421 0.1240000000000002 0.8562500000000001 0
1422 0.1216 0.8599999999999999 0
1423 0.1192 0.86375 0
1424 0.1168 0.8675 0
1425 0.1144000000000001 0.8712500000000001 0
1426 0.112 0.8750000000000001 0
1427 0.1096 0.8787500000000001 0
1428 0.1072000000000001 0.8825000000000001 0
1429 0.1048000000000001 0.8862500000000001 0
1430 0.1024 0.8900000000000001 0
1431 0.09999999999999998 0.89375 0
1432 0.09759999999999991 0.8975 0
1433 0.09520000000000006 0.9012500000000002 0
1434 0.09280000000000005 0.905 0
1435 0.09039999999999998 0.9087500000000001 0
1436 0.08799999999999997 0.9125 0
1437 0.08560000000000001 0.91625 0
1438 0.0832 0.92 0
1439 0.08080000000000004 0.92375 0
1440 0.07839999999999991 0.9275 0
1441 0.07600000000000001 0.93125 0
1442 0.07360000000000011 0.9349999999999999 0
1443 0.07119999999999993 0.9387500000000001 0
1444 0.06880000000000003 0.9425 0
1445 0.06640000000000001 0.9462499999999999 0
1446 0.1707333333333334 0.80375 0
1447 0.1681333333333333 0.8075 0
1448 0.1655333333333334 0.81125 0
1449 0.1629333333333333 0.8150000000000001 0
1450 0.1603333333333334 0.81875 0
1451 0.1577333333333334 0.8225 0
1452 0.1551333333333333 0.82625 0
1453 0.1525333333333333 0.8300000000000001 0
1454 0.1499333333333334 0.83375 0
1455 0.1473333333333334 0.8375 0
1456 0.1447333333333333 0.8412500000000001 0
1457 0.1421333333333334 0.845 0
1458 0.1395333333333332 0.8487500000000001 0
1459 0.1369333333333334 0.8525 0
1460 0.1343333333333333 0.85625 0
1461 0.1317333333333333 0.8600000000000001 0
1462 0.1291333333333332 0.86375 0
1463 0.1265333333333333 0.8674999999999999 0
1464 0.1239333333333333 0.8712500000000001 0
1465 0.1213333333333333 0.8750000000000001 0
1466 0.1187333333333332 0.87875 0
1467 0.1161333333333332 0.8825 0
1468 0.1135333333333333 0.8862500000000001 0
1469 0.1109333333333332 0.8900000000000001 0
1470 0.1083333333333333 0.89375 0
1471 0.1057333333333333 0.8975000000000001 0
1472 0.1031333333333332 0.9012499999999999 0
1473 0.1005333333333333 0.905 0
1474 0.09793333333333332 0.9087499999999999 0
1475 0.09533333333333327 0.9125 0
1476 0.09273333333333333 0.91625 0
1477 0.09013333333333334 0.92 0
1478 0.08753333333333324 0.92375 0
1479 0.08493333333333336 0.9275 0
1480 0.08233333333333331 0.93125 0
1481 0.07973333333333338 0.9349999999999999 0
1482 0.07713333333333333 0.93875 0
1483 0.07453333333333334 0.9425 0
1484 0.07193333333333329 0.9462499999999999 0
1485 0.1838666666666668 0.80375 0
1486 0.1810666666666668 0.8075000000000001 0
1487 0.1782666666666668 0.8112500000000001 0
1488 0.1754666666666667 0.8150000000000001 0
1489 0.1726666666666667 0.8187500000000001 0
1490 0.1698666666666667 0.8225 0
1491 0.1670666666666667 0.8262499999999999 0
1492 0.1642666666666666 0.8300000000000001 0
1493 0.1614666666666667 0.83375 0
1494 0.1586666666666666 0.8375 0
1495 0.1558666666666668 0.8412500000000001 0
1496 0.1530666666666667 0.8450000000000001 0
1497 0.1502666666666667 0.84875 0
1498 0.1474666666666667 0.8524999999999999 0
1499 0.1446666666666667 0.8562500000000001 0
1500 0.1418666666666666 0.8600000000000001 0
1501 0.1390666666666667 0.86375 0
1502 0.1362666666666666 0.8674999999999999 0
1503 0.1334666666666667 0.8712500000000001 0
1504 0.1306666666666667 0.875 0
1505 0.1278666666666666 0.8787500000000001 0
1506 0.1250666666666665 0.8825000000000001 0
1507 0.1222666666666668 0.8862500000000001 0
1508 0.1194666666666667 0.8900000000000001 0
1509 0.1166666666666666 0.89375 0
1510 0.1138666666666667 0.8975000000000001 0
1511 0.1110666666666667 0.9012499999999999 0
1512 0.1082666666666667 0.905 0
1513 0.1054666666666667 0.9087500000000001 0
1514 0.1026666666666667 0.9125 0
1515 0.0998666666666666 0.91625 0
1516 0.09706666666666675 0.92 0
1517 0.09426666666666667 0.92375 0
1518 0.09146666666666659 0.9275 0
1519 0.08866666666666656 0.93125 0
1520 0.08586666666666665 0.9349999999999999 0
1521 0.08306666666666673 0.9387499999999999 0
1522 0.0802666666666666 0.9425 0
1523 0.07746666666666674 0.9462499999999999 0
1524 0.9656603111522819 0.03207321889395015 0
1525 0.9636417940289259 0.06411308355097439 0
1526 0.9606127629598542 0.0960862759250804 0
1527 0.956575962063984 0.1279595503128714 0
1528 0.951535228938394 0.1596997694267136 0
1529 0.9454954904943502 0.1912739403502711 0
1530 0.9384627576113729 0.2226492503373866 0
1531 0.9304441186151462 0.253793102415471 0
1532 0.9214477315863481 0.2846731507547676 0
1533 0.9114828155087452 0.3152573357651156 0
1534 0.9005596402661573 0.3455139188821269 0
1535 0.8886895154991445 0.3754115170050411 0
1536 0.8758847783335104 0.4049191365488783 0
1537 0.8621587799939341 0.434006207073953 0
1538 0.8475258713172567 0.4626426144562542 0
1539 0.8320013871811411 0.4907987335627007 0
1540 0.8156016298650006 0.5184454603958208 0
1541 0.7983438513612531 0.5455542436729679 0
1542 0.7802462346560854 0.5720971158058257 0
1543 0.7613278740000523 0.598046723246566 0
1544 0.7416087541899052 0.623376356167751 0
1545 0.7211097288841388 0.6480599774437634 0
1546 0.6998524979757794 0.6720722509023278 0
1547 0.6778595840469721 0.6953885688154584 0
1548 0.6551543079309052 0.7179850786000168 0
1549 0.6317607634075997 0.7398387086988978 0
1550 0.6077037910610124 0.7609271936147635 0
1551 0.583008951325822 0.7812290980691685 0
1552 0.5577024967531409 0.8007238402608547 0
1553 0.5318113435252531 0.8193917141979836 0
1554 0.5053630422502727 0.8372139110800753 0
1555 0.4783857480684276 0.8541725397064498 0
1556 0.4509081901023925 0.870250645889031 0
1557 0.4229596402848262 0.8854322308484466 0
1558 0.3945698815969331 0.8997022685734632 0
1559 0.3657691757525121 0.913046722124924 0
1560 0.3365882303625617 0.9254525588664929 0
1561 0.3070581656160584 0.9369077646056877 0
1562 0.2772104805130752 0.9474013566298461 0
1563 0.931863146069976 0.03121084611581071 0
1564 0.9294530944554311 0.06239072044019045 0
1565 0.9261047084627219 0.09350868478757457 0
1566 0.9218205362022709 0.1245338681476663 0
1567 0.9166041411570802 0.1554355001819483 0
1568 0.9104600983161824 0.186182944610966 0
1569 0.9033939892105605 0.2167457324561448 0
1570 0.8954123958569215 0.2470935951000803 0
1571 0.8865228936158948 0.277196497129427 0
1572 0.8767340429724064 0.3070246689247502 0
1573 0.8660553802471462 0.336548638961975 0
1574 0.8544974072492058 0.3657392657903953 0
1575 0.8420715798811168 0.3945677696525299 0
1576 0.828790295708653 0.4230057637115278 0
1577 0.8146668805088813 0.4510252848522359 0
1578 0.7997155738110595 0.4785988240225078 0
1579 0.7839515134460722 0.5056993560818335 0
1580 0.7673907191211637 0.5323003691248988 0
1581 0.7500500750377936 0.5583758932482665 0
1582 0.7319473115714772 0.5839005287289543 0
1583 0.7131009860334835 0.6088494735843401 0
1584 0.6935304625352718 0.6331985504834945 0
1585 0.6732558909775095 0.656924232980733 0
1586 0.6522981851864742 0.6800036710429256 0
1587 0.630679000221555 0.7024147158428728 0
1588 0.6084207088784855 0.7241359437918335 0
1589 0.5855463774137973 0.7451466797851376 0
1590 0.5620797405168347 0.7654270196356563 0
1591 0.5380451755564879 0.7849578516707938 0
1592 0.5134676761305921 0.8037208774695561 0
1593 0.4883728249466819 0.8216986317172127 0
1594 0.46278676606354 0.838874501155989 0
1595 0.4367361765236502 0.8552327426112432 0
1596 0.4102482374073387 0.8707585000735576 0
1597 0.3833506043400093 0.8854378208182159 0
1598 0.3560713774844755 0.8992576705445721 0
1599 0.3284390710509502 0.9122059475188863 0
1600 0.3004825823577686 0.9242714957052813 0
1601 0.272231160476427 0.9354441168705713 0
1602 0.8980659809876701 0.03034847333767143 0
1603 0.8952643948819365 0.06066835732940662 0
1604 0.8915966539655893 0.09093109365006879 0
1605 0.8870651103405578 0.1211081859824612 0
1606 0.8816730533757664 0.1511712309371832 0
1607 0.8754247061380145 0.1810919488716609 0
1608 0.8683252208097483 0.210842214574903 0
1609 0.8603806730986967 0.2403940877846896 0
1610 0.8515980556454413 0.2697198435040864 0
1611 0.8419852704360673 0.2987920020843847 0
1612 0.8315511202281349 0.3275833590418231 0
1613 0.8203052989992669 0.3560670145757494 0
1614 0.8082583814287232 0.3842164027561813 0
1615 0.7954218114233722 0.4120053203491025 0
1616 0.7818078897005059 0.4394079552482178 0
1617 0.7674297604409783 0.4663989144823149 0
1618 0.7523013970271435 0.4929532517678464 0
1619 0.7364375868810741 0.5190464945768296 0
1620 0.7198539154195018 0.5446546706907076 0
1621 0.702566749142902 0.5697543342113424 0
1622 0.6845932178770617 0.5943225910009293 0
1623 0.6659511961864046 0.6183371235232258 0
1624 0.6466592839792396 0.6417762150591382 0
1625 0.6267367863259762 0.6646187732703928 0
1626 0.6062036925122045 0.6868443530857288 0
1627 0.5850806543493713 0.7084331788847694 0
1628 0.5633889637665821 0.7293661659555115 0
1629 0.5411505297078474 0.7496249412021444 0
1630 0.518387854359835 0.7691918630807326 0
1631 0.4951240087359312 0.7880500407411288 0
1632 0.471382607643091 0.8061833523543502 0
1633 0.4471877840586523 0.8235764626055284 0
1634 0.4225641629449079 0.8402148393334552 0
1635 0.3975368345298511 0.8560847692986686 0
1636 0.3721313270830856 0.8711733730629685 0
1637 0.346373579216439 0.8854686189642205 0
1638 0.3202899117393386 0.8989593361712798 0
1639 0.2939069990994786 0.9116352268048752 0
1640 0.2672518404397788 0.9234868771112967 0
1641 0.8642688159053644 0.02948610055953221 0
1642 0.8610756953084419 0.05894599421862268 0
1643 0.8570885994684569 0.08835350251256324 0
1644 0.8523096844788447 0.1176825038172562 0
1645 0.8467419655944524 0.1469069616924177 0
1646 0.8403893139598466 0.1760009531323559 0
1647 0.8332564524089359 0.204938696693661 0
1648 0.8253489503404721 0.2336945804692988 0
1649 0.8166732176749879 0.2622431898787458 0
1650 0.8072364978997285 0.2905593352440193 0
1651 0.7970468602091237 0.3186180791216712 0
1652 0.786113190749328 0.3463947633611036 0
1653 0.7744451829763297 0.3738650358598329 0
1654 0.7620533271380912 0.4010048769866773 0
1655 0.7489488988921302 0.4277906256441996 0
1656 0.7351439470708967 0.454199004942122 0
1657 0.720651280608215 0.4802071474538591 0
1658 0.7054844546409846 0.5057926200287604 0
1659 0.6896577558012102 0.5309334481331486 0
1660 0.673186186714327 0.5556081396937305 0
1661 0.6560854497206399 0.5797957084175185 0
1662 0.6383719298375377 0.603475696562957 0
1663 0.6200626769809696 0.6266281971375434 0
1664 0.6011753874654782 0.6492338754978602 0
1665 0.5817283848028542 0.6712739903285847 0
1666 0.5617405998202571 0.6927304139777053 0
1667 0.541231550119367 0.7135856521258856 0
1668 0.5202213188988601 0.7338228627686325 0
1669 0.4987305331631821 0.7534258744906718 0
1670 0.4767803413412703 0.7723792040127014 0
1671 0.4543923903395001 0.7906680729914877 0
1672 0.4315888020537646 0.8082784240550678 0
1673 0.4083921493661655 0.8251969360556674 0
1674 0.3848254316523635 0.8414110385237796 0
1675 0.3609120498261618 0.8569089253077212 0
1676 0.3366757809484024 0.8716795673838689 0
1677 0.312140752427727 0.8857127248236731 0
1678 0.2873314158411888 0.8989989579044689 0
1679 0.2622725204031305 0.9115296373520221 0
1680 0.8304716508230585 0.02862372778139277 0
1681 0.8268869957349472 0.05722363110783879 0
1682 0.8225805449713247 0.0857759113750573 0
1683 0.8175542586171315 0.1142568216520511 0
1684 0.8118108778131387 0.1426426924476525 0
1685 0.8053539217816785 0.1709099573930507 0
1686 0.7981876840081235 0.1990351788124191 0
1687 0.7903172275822474 0.2269950731539079 0
1688 0.7817483797045345 0.2547665362534053 0
1689 0.7724877253633895 0.2823266684036541 0
1690 0.7625426001901124 0.3096527992015191 0
1691 0.7519210824993892 0.3367225121464578 0
1692 0.7406319845239362 0.3635136689634845 0
1693 0.7286848428528102 0.3900044336242521 0
1694 0.7160899080837548 0.4161732960401815 0
1695 0.7028581337008151 0.441999095401929 0
1696 0.6890011641892864 0.4674610431398719 0
1697 0.6745313224008953 0.4925387454806913 0
1698 0.6594615961829184 0.5172122255755897 0
1699 0.6438056242857517 0.5414619451761185 0
1700 0.6275776815642181 0.5652688258341078 0
1701 0.6107926634886707 0.5886142696026881 0
1702 0.5934660699826996 0.6114801792159484 0
1703 0.5756139886049803 0.6338489777253273 0
1704 0.5572530770935038 0.6557036275714406 0
1705 0.5384005452911428 0.6770276490706413 0
1706 0.5190741364721518 0.6978051382962596 0
1707 0.4992921080898729 0.7180207843351204 0
1708 0.4790732119665292 0.7376598859006105 0
1709 0.4584366739466094 0.7567083672842742 0
1710 0.4374021730359092 0.7751527936286253 0
1711 0.4159898200488769 0.7929803855046069 0
1712 0.3942201357874233 0.8101790327778793 0
1713 0.3721140287748759 0.8267373077488904 0
1714 0.349692772569238 0.8426444775524737 0
1715 0.3269779826803658 0.8578905158035171 0
1716 0.3039915931161155 0.8724661134760664 0
1717 0.2807558325828989 0.8863626890040626 0
1718 0.2572932003664823 0.8995723975927472 0
1719 0.7966744857407526 0.02776135500325355 0
1720 0.7926982961614525 0.0555012679970549 0
1721 0.7880724904741921 0.08319832023755164 0
1722 0.7827988327554183 0.110831139486846 0
1723 0.7768797900318247 0.1383784232028874 0
1724 0.7703185296035107 0.1658189616537459 0
1725 0.7631189156073113 0.1931316609311772 0
1726 0.7552855048240226 0.2202955658385171 0
1727 0.7468235417340812 0.2472898826280648 0
1728 0.7377389528270506 0.2740940015632885 0
1729 0.7280383401711014 0.3006875192813672 0
1730 0.7177289742494501 0.327050260931812 0
1731 0.7068187860715427 0.3531623020671359 0
1732 0.6953163585675293 0.3790039902618269 0
1733 0.6832309172753794 0.4045559664361633 0
1734 0.6705723203307337 0.429799185861736 0
1735 0.6573510477703578 0.4547149388258847 0
1736 0.6435781901608058 0.4792848709326221 0
1737 0.6292654365646265 0.5034910030180306 0
1738 0.6144250618571767 0.5273157506585067 0
1739 0.5990699134077964 0.5507419432506969 0
1740 0.5832133971398036 0.5737528426424192 0
1741 0.5668694629844298 0.5963321612943535 0
1742 0.5500525897444822 0.6184640799527945 0
1743 0.5327777693841534 0.6401332648142966 0
1744 0.5150604907620284 0.661324884163577 0
1745 0.4969167228249367 0.6820246244666335 0
1746 0.4783628972808857 0.7022187059016083 0
1747 0.4594158907698763 0.7218938973105495 0
1748 0.4400930065519485 0.7410375305558465 0
1749 0.4204119557323183 0.7596375142657626 0
1750 0.4003908380439892 0.7776823469541462 0
1751 0.3800481222086809 0.7951611295000913 0
1752 0.3594026258973884 0.8120635769740014 0
1753 0.3384734953123142 0.8283800297972265 0
1754 0.3172801844123292 0.8441014642231655 0
1755 0.2958424338045039 0.8592195021284597 0
1756 0.274180249324609 0.8737264201036563 0
1757 0.252313880329834 0.8876151578334726 0
1758 0.7628773206584467 0.02689898222511439 0
1759 0.7585095965879576 0.05377890488627113 0
1760 0.7535644359770597 0.08062072910004603 0
1761 0.7480434068937052 0.1074054573216409 0
1762 0.7419487022505109 0.1341141539581222 0
1763 0.735283137425343 0.1607279659144407 0
1764 0.7280501472064989 0.1872281430499352 0
1765 0.7202537820657978 0.2135960585231263 0
1766 0.7118987037636276 0.2398132290027243 0
1767 0.7029901802907117 0.2658613347229231 0
1768 0.6935340801520899 0.2917222393612153 0
1769 0.6835368659995114 0.3173780097171662 0
1770 0.673005587619149 0.3428109351707874 0
1771 0.6619478742822482 0.3680035468994017 0
1772 0.6503719264670039 0.3929386368321451 0
1773 0.6382865069606523 0.417599276321543 0
1774 0.6257009313514291 0.4419688345118974 0
1775 0.6126250579207162 0.4660309963845529 0
1776 0.5990692769463348 0.4897697804604716 0
1777 0.5850444994286015 0.5131695561408948 0
1778 0.5705621452513746 0.5362150606672861 0
1779 0.5556341307909366 0.5588914156821505 0
1780 0.5402728559861598 0.5811841433727587 0
1781 0.5244911908839842 0.6030791821802619 0
1782 0.5083024616748031 0.6245629020571524 0
1783 0.4917204362329143 0.6456221192565129 0
1784 0.4747593091777215 0.6662441106370076 0
1785 0.4574336864718984 0.6864166274680963 0
1786 0.4397585695732234 0.7061279087204886 0
1787 0.4217493391572876 0.7253666938274193 0
1788 0.4034217384287274 0.7441222349029001 0
1789 0.3847918560391016 0.7623843084036857 0
1790 0.3658761086299386 0.7801432262223036 0
1791 0.3466912230199007 0.7973898461991125 0
1792 0.3272542180553905 0.8141155820419792 0
1793 0.3075823861442927 0.8303124126428137 0
1794 0.2876932744928924 0.8459728907808532 0
1795 0.2676046660663192 0.8610901512032502 0
1796 0.2473345602931858 0.8756579180741978 0
1797 0.729080155576141 0.026036609446975 0
1798 0.724320897014463 0.05205654177548702 0
1799 0.7190563814799272 0.07804313796254014 0
1800 0.7132879810319921 0.1039797751564357 0
1801 0.7070176144691971 0.1298498847133568 0
1802 0.7002477452471751 0.1556369701751354 0
1803 0.6929813788056864 0.1813246251686934 0
1804 0.6852220593075731 0.2068965512077355 0
1805 0.6769738657931743 0.2323365753773837 0
1806 0.6682414077543728 0.2576286678825577 0
1807 0.6590298201330789 0.2827569594410634 0
1808 0.6493447577495725 0.3077057585025204 0
1809 0.6391923891667554 0.332459568274439 0
1810 0.6285793899969673 0.3570031035369763 0
1811 0.6175129356586284 0.3813213072281269 0
1812 0.6060006935905707 0.4053993667813502 0
1813 0.5940508149325006 0.4292227301979102 0
1814 0.5816719256806268 0.4527771218364838 0
1815 0.568873117328043 0.4760485579029126 0
1816 0.5556639370000264 0.4990233616232829 0
1817 0.5420543770949529 0.5216881780838754 0
1818 0.5280548644420695 0.5440299887218816 0
1819 0.5136762489878899 0.5660361254511639 0
1820 0.4989297920234863 0.5876942844077291 0
1821 0.4838271539654528 0.6089925393000084 0
1822 0.4683803817038 0.6299193543494488 0
1823 0.4526018955305064 0.6504635968073817 0
1824 0.4365044756629111 0.6706145490345842 0
1825 0.4201012483765705 0.6903619201304274 0
1826 0.4034056717626266 0.7096958570989917 0
1827 0.3864315211251365 0.7286069555400376 0
1828 0.3691928740342139 0.7470862698532248 0
1829 0.3517040950511964 0.7651253229445155 0
1830 0.3339798201424132 0.7827161154242234 0
1831 0.3160349407984667 0.7998511342867317 0
1832 0.2978845878762561 0.8165233610624619 0
1833 0.2795441151812809 0.8327262794332466 0
1834 0.2610290828080293 0.8484538823028438 0
1835 0.2423552402565376 0.8637006783149231 0
1836 0.6952829904938351 0.02517423666883561 0
1837 0.6901321974409684 0.05033417866470336 0
1838 0.6845483269827948 0.07546554682503454 0
1839 0.6785325551702789 0.1005540929912307 0
1840 0.6720865266878833 0.1255856154685915 0
1841 0.6652123530690073 0.1505459744358305 0
1842 0.6579126104048741 0.1754211072874514 0
1843 0.6501903365493484 0.2001970438923447 0
1844 0.6420490278227208 0.2248599217520431 0
1845 0.6334926352180338 0.2493960010421922 0
1846 0.6245255601140676 0.2737916795209114 0
1847 0.6151526494996336 0.2980335072878745 0
1848 0.6053791907143617 0.3221082013780905 0
1849 0.5952109057116862 0.3460026601745511 0
1850 0.584653944850253 0.3697039776241087 0
1851 0.5737148802204892 0.3931994572411572 0
1852 0.5624006985135719 0.4164766258839229 0
1853 0.5507187934405373 0.4395232472884145 0
1854 0.5386769577097512 0.4623273353453536 0
1855 0.5262833745714511 0.484877167105671 0
1856 0.513546608938531 0.5071612955004645 0
1857 0.5004755980932025 0.5291685617616126 0
1858 0.4870796419896198 0.5508881075295688 0
1859 0.4733683931629882 0.5723093866351963 0
1860 0.4593518462561024 0.5934221765428642 0
1861 0.4450403271746858 0.6142165894423846 0
1862 0.4304444818832912 0.6346830829777557 0
1863 0.4155752648539238 0.6548124706010721 0
1864 0.4004439271799176 0.6745959315403662 0
1865 0.3850620043679657 0.6940250203705643 0
1866 0.3694413038215456 0.7130916761771751 0
1867 0.3535938920293262 0.7317882313027642 0
1868 0.337532081472454 0.7501074196667276 0
1869 0.3212684172649256 0.7680423846493343 0
1870 0.3048156635415428 0.7855866865314842 0
1871 0.2881867896082195 0.8027343094821102 0
1872 0.2713949558696694 0.8194796680856399 0
1873 0.2544534995497393 0.8358176134024375 0
1874 0.2373759202198893 0.8517434385556484 0
1875 0.6614858254115292 0.02431186389069634 0
1876 0.6559434978674737 0.04861181555391936 0
1877 0.6500402724856624 0.07288795568752876 0
1878 0.6437771293085658 0.09712841082602547 0
1879 0.6371554389065693 0.1213213462238262 0
1880 0.6301769608908394 0.1454549786965253 0
1881 0.6228438420040618 0.1695175894062094 0
1882 0.6151586137911238 0.1934975365769538 0
1883 0.6071241898522672 0.2173832681267025 0
1884 0.5987438626816948 0.2411633342018269 0
1885 0.5900213000950565 0.2648263996007594 0
1886 0.5809605412496947 0.2883612560732287 0
1887 0.5715659922619682 0.311756834481742 0
1888 0.5618424214264053 0.3350022168121258 0
1889 0.5517949540418776 0.3580866480200905 0
1890 0.5414290668504078 0.3809995477009642 0
1891 0.5307505820946434 0.4037305215699357 0
1892 0.5197656612004478 0.4262693727403454 0
1893 0.5084807980914593 0.4486061127877946 0
1894 0.4969028121428761 0.470730972588059 0
1895 0.4850388407821092 0.4926344129170536 0
1896 0.4728963317443354 0.5143071348013438 0
1897 0.46048303499135 0.535740089607974 0
1898 0.4478069943024902 0.5569244888626635 0
1899 0.434876538546752 0.57785181378572 0
1900 0.4217002726455715 0.5985138245353204 0
1901 0.408287068236076 0.6189025691481297 0
1902 0.3946460540449366 0.6390103921675601 0
1903 0.3807866059832647 0.6588299429503052 0
1904 0.3667183369733048 0.678354183642137 0
1905 0.3524510865179547 0.6975763968143125 0
1906 0.3379949100244385 0.7164901927523033 0
1907 0.3233600678937117 0.7350895163889395 0
1908 0.308557014387438 0.7533686538744452 0
1909 0.293596386284619 0.7713222387762368 0
1910 0.2784889913401829 0.7889452579017585 0
1911 0.2632457965580577 0.8062330567380332 0
1912 0.2478779162914495 0.8231813445020313 0
1913 0.2323966001832411 0.8397861987963736 0
1914 0.6276886603292234 0.02344949111255717 0
1915 0.6217547982939789 0.04688945244313553 0
1916 0.6155322179885299 0.07031036455002287 0
1917 0.6090217034468527 0.09370272866082058 0
1918 0.6022243511252555 0.117057076979061 0
1919 0.5951415687126715 0.1403639829572202 0
1920 0.5877750736032495 0.1636140715249675 0
1921 0.5801268910328989 0.186798029261563 0
1922 0.5721993518818138 0.2099066145013619 0
1923 0.5639950901453559 0.2329306673614614 0
1924 0.5555170400760452 0.2558611196806074 0
1925 0.5467684329997557 0.2786890048585828 0
1926 0.5377527938095745 0.3014054675853934 0
1927 0.5284739371411242 0.3240017734497006 0
1928 0.5189359632335021 0.3464693184160723 0
1929 0.5091432534803262 0.3687996381607713 0
1930 0.4991004656757148 0.3909844172559485 0
1931 0.4888125289603583 0.4130154981922762 0
1932 0.4782846384731675 0.4348848902302355 0
1933 0.4675222497143009 0.4565847780704471 0
1934 0.4565310726256874 0.4781075303336428 0
1935 0.4453170653954684 0.4994457078410749 0
1936 0.43388642799308 0.5205920716863791 0
1937 0.4222455954419922 0.5415395910901307 0
1938 0.4104012308374017 0.562281451028576 0
1939 0.3983602181164572 0.5828110596282562 0
1940 0.3861296545888608 0.6031220553185037 0
1941 0.3737168432359492 0.6232083137340479 0
1942 0.3611292847866118 0.6430639543602441 0
1943 0.3483746695786438 0.6626833469137094 0
1944 0.3354608692143638 0.6820611174514498 0
1945 0.3223959280195509 0.7011921542018426 0
1946 0.3091880543149694 0.7200716131111516 0
1947 0.2958456115099504 0.7386949230995561 0
1948 0.2823771090276952 0.7570577910209895 0
1949 0.2687911930721464 0.7751562063214067 0
1950 0.2550966372464462 0.7929864453904266 0
1951 0.2413023330331596 0.8105450756016249 0
1952 0.2274172801465929 0.8278289590370989 0
1953 0.5938914952469176 0.02258711833441779 0
1954 0.5875660987204843 0.04516708933235153 0
1955 0.5810241634913974 0.06773277341251732 0
1956 0.5742662775851395 0.09027704649561524 0
1957 0.5672932633439416 0.1127928077342957 0
1958 0.5601061765345037 0.1352729872179152 0
1959 0.5527063052024371 0.1577105536437257 0
1960 0.5450951682746743 0.1800985219461723 0
1961 0.5372745139113604 0.2024299608760213 0
1962 0.529246317609017 0.224698000521096 0
1963 0.5210127800570339 0.2468958397604555 0
1964 0.5125763247498168 0.2690167536439371 0
1965 0.503939595357181 0.291054100689045 0
1966 0.4951054528558432 0.3130013300872754 0
1967 0.4860769724251267 0.3348519888120541 0
1968 0.4768574401102447 0.3565997286205783 0
1969 0.4674503492567861 0.3782383129419612 0
1970 0.4578593967202688 0.399761623644207 0
1971 0.4480884788548757 0.4211636676726765 0
1972 0.4381416872857257 0.4424385835528352 0
1973 0.4280233044692656 0.4635806477502319 0
1974 0.4177377990466014 0.4845842808808061 0
1975 0.40728982099481 0.5054440537647843 0
1976 0.3966841965814942 0.526154693317598 0
1977 0.3859259231280513 0.5467110882714319 0
1978 0.375020163587343 0.5671082947211921 0
1979 0.3639722409416457 0.5873415414888776 0
1980 0.352787632426962 0.6074062353005359 0
1981 0.3414719635899588 0.6272979657701829 0
1982 0.3300310021839829 0.6470125101852821 0
1983 0.3184706519107728 0.6665458380885874 0
1984 0.3067969460146631 0.6858941156513818 0
1985 0.295016040736227 0.7050537098333637 0
1986 0.2831342086324629 0.7240211923246671 0
1987 0.2711578317707714 0.7427933432657422 0
1988 0.2590933948041098 0.761367154741055 0
1989 0.2469474779348346 0.7797398340428199 0
1990 0.2347267497748697 0.7979088067012188 0
1991 0.2224379601099447 0.8158717192778242 0
1992 0.5600943301646117 0.02172474555627862 0
1993 0.5533773991469896 0.04344472622156781 0
1994 0.5465161089942649 0.06515518227501144 0
1995 0.5395108517234264 0.0868513643304103 0
1996 0.5323621755626278 0.1085285384895305 0
1997 0.5250707843563358 0.13018199147861 0
1998 0.5176375368016248 0.1518070357624837 0
1999 0.5100634455164496 0.1733990146307814 0
2000 0.502349675940907 0.1949533072506808 0
2001 0.494497545072678 0.2164653336807305 0
2002 0.4865085200380226 0.2379305598403035 0
2003 0.478384216499878 0.2593445024292911 0
2004 0.4701263969047874 0.2807027337926966 0
2005 0.4617369685705622 0.30200088672485 0
2006 0.4532179816167511 0.3232346592080359 0
2007 0.4445716267401632 0.3443998190803853 0
2008 0.4358002328378575 0.3654922086279739 0
2009 0.4269062644801792 0.3865077490961378 0
2010 0.4178923192365839 0.4074424451151175 0
2011 0.4087611248571505 0.4282923890352233 0
2012 0.3995155363128438 0.4490537651668211 0
2013 0.3901585326977343 0.4697228539205373 0
2014 0.38069321399654 0.4902960358431894 0
2015 0.3711227977209962 0.5107697955450652 0
2016 0.3614506154187009 0.5311407255142877 0
2017 0.3516801090582287 0.5514055298141279 0
2018 0.3418148272944305 0.5715610276592515 0
2019 0.3318584216179747 0.5916041568670237 0
2020 0.3218146423933059 0.6115319771801219 0
2021 0.3116873347893219 0.6313416734568545 0
2022 0.301480434607182 0.6510305587257249 0
2023 0.2911979640097754 0.6705960771009213 0
2024 0.2808440271574847 0.6900358065555758 0
2025 0.2704228057549752 0.7093474615497779 0
2026 0.2599385545138476 0.7285288955104947 0
2027 0.2493955965360732 0.7475781031607034 0
2028 0.2387983186232231 0.7664932226952132 0
2029 0.2281511665165798 0.7852725378008125 0
2030 0.2174586400732965 0.8039144795185496 0
2031 0.5262971650823058 0.02086237277813924 0
2032 0.5191886995734948 0.04172236311078381 0
2033 0.5120080544971325 0.06257759113750583 0
2034 0.5047554258617132 0.08342568216520518 0
2035 0.497431087781314 0.1042642692447652 0
2036 0.4900353921781679 0.1250909957393049 0
2037 0.4825687684008124 0.1459035178812418 0
2038 0.4750317227582249 0.1666995073153905 0
2039 0.4674248379704536 0.1874766536253402 0
2040 0.4597487725363391 0.2082326668403652 0
2041 0.4520042600190115 0.2289652799201516 0
2042 0.4441921082499391 0.2496722512146453 0
2043 0.4363131984523939 0.2703513668963481 0
2044 0.4283684842852812 0.2910004433624249 0
2045 0.4203589908083757 0.3116173296040177 0
2046 0.4122858133700817 0.3321999095401925 0
2047 0.4041501164189289 0.3527461043139868 0
2048 0.3959531322400898 0.3732538745480687 0
2049 0.3876961596182921 0.3937212225575585 0
2050 0.3793805624285754 0.4141461945176114 0
2051 0.3710077681564221 0.4345268825834103 0
2052 0.3625792663488672 0.4548614269602684 0
2053 0.3540966069982701 0.4751480179215946 0
2054 0.3455613988604982 0.4953848977725324 0
2055 0.3369753077093506 0.5155703627571437 0
2056 0.3283400545291145 0.5357027649070638 0
2057 0.3196574136472153 0.5557805138296257 0
2058 0.3109292108089874 0.5758020784335118 0
2059 0.3021573211966531 0.5957659885900608 0
2060 0.2933436673946611 0.6156708367284272 0
2061 0.284490217303591 0.6355152793628623 0
2062 0.2755989820048878 0.6552980385504605 0
2063 0.2666720135787425 0.6750179032777879 0
2064 0.2577114028774877 0.694673730774889 0
2065 0.2487192772569238 0.7142644477552473 0
2066 0.2396977982680367 0.7337890515803516 0
2067 0.2306491593116116 0.7532466113476065 0
2068 0.22157558325829 0.7726362689004063 0
2069 0.2124793200366483 0.7919572397592748 0
2070 0.005333711998028845 0.9533323831577937 0
2071 0.0053340906627245 0.9566647663155871 0
2072 0.005334469327419933 0.9599971494733804 0
2073 0.005334847992115532 0.963329532631174 0
2074 0.00533522665681091 0.9666619157889674 0
2075 0.005335605321506398 0.969994298946761 0
2076 0.005335983986201998 0.9733266821045544 0
2077 0.005336362650897486 0.976659065262348 0
2078 0.005336741315593085 0.9799914484201413 0
2079 0.005337119980288574 0.9833238315779349 0
2080 0.005337498644984118 0.9866562147357286 0
2081 0.005337877309679495 0.989988597893522 0
2082 0.00533825597437515 0.9933209810513153 0
2083 0.005338634639070639 0.9966533642091089 0
2084 0.01066741385005804 0.9533295326582588 0
2085 0.01066816103344942 0.956659065316518 0
2086 0.01066890821684074 0.9599885979747769 0
2087 0.01066965540023207 0.9633181306330358 0
2088 0.0106704025836234 0.9666476632912949 0
2089 0.01067114976701483 0.9699771959495538 0
2090 0.0106718969504061 0.9733067286078128 0
2091 0.01067264413379748 0.9766362612660718 0
2092 0.01067339131718886 0.9799657939243307 0
2093 0.01067413850058013 0.9832953265825896 0
2094 0.01067488568397151 0.9866248592408488 0
2095 0.01067563286736289 0.9899543918991075 0
2096 0.01067638005075433 0.9932839245573665 0
2097 0.01067712723414554 0.9966134572156257 0
2098 0.01600109541037703 0.953324781915984 0
2099 0.0160021908207541 0.9566495638319679 0
2100 0.01600328623113106 0.9599743457479519 0
2101 0.01600438164150803 0.9632991276639359 0
2102 0.0160054770518851 0.9666239095799199 0
2103 0.01600657246226206 0.9699486914959039 0
2104 0.01600766787263908 0.9732734734118879 0
2105 0.01600876328301609 0.9765982553278719 0
2106 0.01600985869339305 0.9799230372438559 0
2107 0.01601095410377013 0.9832478191598398 0
2108 0.01601204951414698 0.9865726010758239 0
2109 0.01601314492452405 0.9898973829918079 0
2110 0.0160142403349009 0.993222164907792 0
2111 0.01601533574527797 0.9965469468237759 0
2112 0.02133474653385375 0.9533181310663895 0
2113 0.02133615973437436 0.9566362621327796 0
2114 0.02133757293489474 0.9599543931991692 0
2115 0.02133898613541524 0.963272524265559 0
2116 0.02134039933593568 0.966590655331949 0
2117 0.02134181253645612 0.9699087863983384 0
2118 0.02134322573697667 0.9732269174647284 0
2119 0.02134463893749705 0.9765450485311183 0
2120 0.0213460521380176 0.9798631795975082 0
2121 0.0213474653385381 0.9831813106638977 0
2122 0.02134887853905848 0.9864994417302876 0
2123 0.02135029173957897 0.9898175727966773 0
2124 0.02135170494009947 0.9931357038630669 0
2125 0.02135311814061985 0.9964538349294568 0
2126 0.02666835707622395 0.9533095802990603 0
2127 0.02667004748578111 0.9566191605981209 0
2128 0.02667173789533828 0.9599287408971815 0
2129 0.0266734283048955 0.9632383211962421 0
2130 0.02667511871445255 0.9665479014953026 0
2131 0.02667680912400977 0.969857481794363 0
2132 0.02667849953356705 0.9731670620934236 0
2133 0.02668018994312421 0.9764766423924841 0
2134 0.02668188035268143 0.9797862226915446 0
2135 0.02668357076223865 0.9830958029906052 0
2136 0.02668526117179587 0.9864053832896656 0
2137 0.02668695158135298 0.9897149635887262 0
2138 0.0266886419909102 0.9930245438877867 0
2139 0.02669033240046731 0.9963341241868474 0
2140 0.03200191689437959 0.953299129857738 0
2141 0.03200383378875904 0.9565982597154764 0
2142 0.03200575068313866 0.9598973895732144 0
2143 0.03200766757751816 0.9631965194309525 0
2144 0.03200958447189772 0.9664956492886909 0
2145 0.03201150136627723 0.9697947791464288 0
2146 0.03201341826065685 0.9730939090041671 0
2147 0.03201533515503624 0.9763930388619053 0
2148 0.03201725204941591 0.9796921687196435 0
2149 0.03201916894379536 0.9829912985773814 0
2150 0.03202108583817503 0.9862904284351197 0
2151 0.03202300273255448 0.9895895582928579 0
2152 0.03202491962693405 0.9928886881505961 0
2153 0.03202683652131361 0.9961878180083341 0
2154 0.037335415846659 0.9532867800403154 0
2155 0.03733749835998479 0.9565735600806304 0
2156 0.03733958087331063 0.9598603401209458 0
2157 0.03734166338663641 0.9631471201612609 0
2158 0.03734374589996226 0.9664339002015763 0
2159 0.03734582841328793 0.9697206802418915 0
2160 0.03734791092661355 0.9730074602822069 0
2161 0.03734999343993939 0.976294240322522 0
2162 0.03735207595326512 0.9795810203628373 0
2163 0.03735415846659096 0.9828678004031527 0
2164 0.03735624097991669 0.986154580443468 0
2165 0.03735832349324253 0.9894413604837832 0
2166 0.03736040600656837 0.9927281405240983 0
2167 0.03736248851989399 0.9960149205644137 0
2168 0.04266884379313568 0.9532725311988267 0
2169 0.0426710209196049 0.9565450623976534 0
2170 0.04267319804607389 0.9598175935964801 0
2171 0.04267537517254305 0.9630901247953069 0
2172 0.04267755229901221 0.9663626559941335 0
2173 0.04267972942548115 0.96963518719296 0
2174 0.0426819065519502 0.9729077183917868 0
2175 0.0426840836784193 0.9761802495906134 0
2176 0.04268626080488847 0.9794527807894402 0
2177 0.04268843793135746 0.9827253119882668 0
2178 0.04269061505782662 0.9859978431870936 0
2179 0.04269279218429561 0.9892703743859205 0
2180 0.04269496931076472 0.992542905584747 0
2181 0.04269714643723371 0.9958154367835738 0
2182 0.04800219059590671 0.9532563837394393 0
2183 0.04800438119181349 0.9565127674788789 0
2184 0.04800657178772033 0.9597691512183183 0
2185 0.04800876238362706 0.963025534957758 0
2186 0.04801095297953384 0.9662819186971975 0
2187 0.04801314357544056 0.9695383024366369 0
2188 0.04801533417134729 0.9727946861760763 0
2189 0.04801752476725396 0.9760510699155159 0
2190 0.04801971536316074 0.9793074536549554 0
2191 0.04802190595906752 0.9825638373943948 0
2192 0.04802409655497436 0.9858202211338343 0
2193 0.04802628715088114 0.9890766048732736 0
2194 0.04802847774678781 0.9923329886127132 0
2195 0.04803066834269448 0.9955893723521527 0
2196 0.05333544611938235 0.953238338122441 0
2197 0.05333755890543163 0.9564766762448822 0
2198 0.05333967169148063 0.9597150143673236 0
2199 0.05334178447752974 0.9629533524897648 0
2200 0.0533438972635788 0.9661916906122061 0
2201 0.05334601004962797 0.9694300287346471 0
2202 0.05334812283567703 0.9726683668570885 0
2203 0.05335023562172592 0.9759067049795297 0
2204 0.05335234840777509 0.9791450431019711 0
2205 0.0533544611938242 0.9823833812244122 0
2206 0.05335657397987331 0.9856217193468534 0
2207 0.05335868676592243 0.9888600574692946 0
2208 0.05336079955197143 0.9920983955917356 0
2209 0.05336291233802054 0.9953367337141771 0
2210 0.05866860023057496 0.953218394862227 0
2211 0.05867053379448323 0.956436789724454 0
2212 0.05867246735839143 0.9596551845866812 0
2213 0.05867440092229981 0.9628735794489083 0
2214 0.05867633448620818 0.9660919743111352 0
2215 0.0586782680501165 0.9693103691733623 0
2216 0.05868020161402476 0.9725287640355891 0
2217 0.05868213517793308 0.9757471588978164 0
2218 0.05868406874184146 0.9789655537600433 0
2219 0.05868600230574977 0.9821839486222704 0
2220 0.05868793586965809 0.9854023434844973 0
2221 0.05868986943356641 0.9886207383467247 0
2222 0.05869180299747462 0.9918391332089513 0
2223 0.05869373656138294 0.9950575280711789 0
2224 0.06400164279938741 0.9531965545272849 0
2225 0.06400328559877499 0.9563931090545699 0
2226 0.06400492839816246 0.9595896635818546 0
2227 0.06400657119754999 0.9627862181091394 0
2228 0.0640082139969374 0.9659827726364244 0
2229 0.06400985679632509 0.9691793271637092 0
2230 0.06401149959571245 0.9723758816909942 0
2231 0.06401314239509986 0.9755724362182789 0
2232 0.06401478519448739 0.978768990745564 0
2233 0.06401642799387497 0.9819655452728488 0
2234 0.06401807079326227 0.9851620998001339 0
2235 0.06401971359264996 0.9883586543274184 0
2236 0.06402135639203738 0.9915552088547035 0
2237 0.0640229991914249 0.9947517633819886 0
2238 0.0693345636989024 0.9531728177401793 0
2239 0.06933579406447149 0.9563456354803583 0
2240 0.06933702443004053 0.9595184532205381 0
2241 0.06933825479560957 0.9626912709607175 0
2242 0.06933948516117872 0.9658640887008967 0
2243 0.06934071552674781 0.969036906441076 0
2244 0.0693419458923169 0.9722097241812554 0
2245 0.06934317625788594 0.9753825419214347 0
2246 0.06934440662345509 0.978555359661614 0
2247 0.06934563698902418 0.9817281774017934 0
2248 0.06934686735459322 0.9849009951419726 0
2249 0.06934809772016237 0.988073812882152 0
2250 0.06934932808573135 0.9912466306223313 0
2251 0.0693505584513005 0.9944194483625106 0
2252 0.07466735280567049 0.9531471851775337 0
2253 0.07466803894467455 0.9562943703550674 0
2254 0.07466872508367839 0.9594415555326015 0
2255 0.07466941122268245 0.9625887407101352 0
2256 0.07467009736168612 0.9657359258876689 0
2257 0.07467078350069029 0.9688831110652029 0
2258 0.07467146963969401 0.9720302962427364 0
2259 0.07467215577869807 0.9751774814202703 0
2260 0.07467284191770196 0.978324666597804 0
2261 0.0746735280567058 0.981471851775338 0
2262 0.07467421419570974 0.9846190369528718 0
2263 0.07467490033471369 0.9877662221304054 0
2264 0.07467558647371764 0.9909134073079392 0
2265 0.07467627261272158 0.9940605924854733 0
2266 0.2002832653186509 0.8147804402226518 0
2267 0.1972035791899155 0.8183508571513707 0
2268 0.1941235910403573 0.8219200634412877 0
2269 0.1910433061102754 0.8254880577971282 0
2270 0.1879627296455238 0.8290548389462993 0
2271 0.1848818668974127 0.8326204056389156 0
2272 0.1818007231226106 0.8361847566478211 0
2273 0.1787193035830456 0.8397478907686131 0
2274 0.175637613545807 0.8433098068196636 0
2275 0.1725556582830473 0.8468705036421436 0
2276 0.1694734430718818 0.8504299801000417 0
2277 0.1663909731942926 0.8539882350801877 0
2278 0.1633082539370269 0.8575452674922733 0
2279 0.1602252905915001 0.8611010762688716 0
2280 0.1571420884536954 0.8646556603654567 0
2281 0.1540586528240659 0.8682090187604253 0
2282 0.1509749890074342 0.8717611504551135 0
2283 0.1478911023128938 0.8753120544738171 0
2284 0.1448069980537102 0.8788617298638086 0
2285 0.1417226815472201 0.8824101756953564 0
2286 0.1386381581147328 0.8859573910617414 0
2287 0.135553433081431 0.8895033750792736 0
2288 0.1324685117762698 0.8930481268873092 0
2289 0.1293833995318786 0.8965916456482672 0
2290 0.1262981016844596 0.9001339305476439 0
2291 0.1232126235736896 0.9036749807940289 0
2292 0.1201269705426184 0.9072147956191197 0
2293 0.1170411479375703 0.9107533742777362 0
2294 0.113955161108043 0.9142907160478347 0
2295 0.110869015406608 0.9178268202305212 0
2296 0.1077827161888104 0.9213616861500645 0
2297 0.1046962688130683 0.9248953131539087 0
2298 0.1016096786405726 0.928427700612686 0
2299 0.09852295103518727 0.931958847920228 0
2300 0.09543609136334807 0.9354887544935772 0
2301 0.09234910499396287 0.9390174197729972 0
2302 0.08926199729831064 0.9425448432219852 0
2303 0.08617477364994108 0.9460710243272797 0
2304 0.08308743942457431 0.9495959625988711 0
2305 0.2035665306373017 0.8258108804453035 0
2306 0.200407158379831 0.8292017143027413 0
2307 0.1972471820807146 0.8325901268825753 0
2308 0.1940866122205507 0.8359761155942561 0
2309 0.1909254592910475 0.8393596778925986 0
2310 0.1877637337948253 0.8427408112778312 0
2311 0.1846014462452212 0.8461195132956423 0
2312 0.1814386071660912 0.8494957815372262 0
2313 0.1782752270916141 0.8528696136393277 0
2314 0.1751113165660944 0.8562410072842869 0
2315 0.1719468861437637 0.8596099602000831 0
2316 0.1687819463885852 0.8629764701603754 0
2317 0.165616507874054 0.8663405349845466 0
2318 0.1624505811830001 0.869702152537743 0
2319 0.1592841769073909 0.8730613207309135 0
2320 0.1561173056481317 0.8764180375208507 0
2321 0.1529499780148681 0.8797723009102272 0
2322 0.1497822046257878 0.8831241089476342 0
2323 0.1466139961074203 0.8864734597276174 0
2324 0.1434453630944401 0.8898203513907132 0
2325 0.1402763162294655 0.8931647821234827 0
2326 0.1371068661628619 0.8965067501585471 0
2327 0.1339370235525397 0.8998462537746186 0
2328 0.1307667990637572 0.9031832912965343 0
2329 0.1275962033689194 0.9065178610952875 0
2330 0.1244252471473792 0.9098499615880575 0
2331 0.121253941085237 0.9131795912382393 0
2332 0.1180822958751407 0.9165067485554725 0
2333 0.1149103222160863 0.9198314320956696 0
2334 0.1117380308132164 0.9231536404610425 0
2335 0.108565432377621 0.9264733723001287 0
2336 0.1053925376261365 0.9297906263078173 0
2337 0.1022193572811452 0.9331054012253716 0
2338 0.09904590207037456 0.9364176958404556 0
2339 0.09587218272669612 0.939727508987154 0
2340 0.09269820998792572 0.9430348395459947 0
2341 0.08952399459662125 0.9463396864439706 0
2342 0.08634954729988226 0.9496420486545595 0
2343 0.08317487884914848 0.9529419251977422 0
2344 0.2068497959559525 0.8368413206679552 0
2345 0.2036107375697465 0.8400525714541118 0
2346 0.2003707731210718 0.8432601903238631 0
2347 0.1971299183308261 0.846464173391384 0
2348 0.1938881889365713 0.8496645168388979 0
2349 0.190645600692238 0.8528612169167469 0
2350 0.1874021693678317 0.8560542699434636 0
2351 0.1841579107491368 0.8592436723058392 0
2352 0.1809128406374212 0.8624294204589913 0
2353 0.1776669748491415 0.8656115109264304 0
2354 0.1744203292156456 0.8687899403001247 0
2355 0.1711729195828778 0.8719647052405632 0
2356 0.167924761811081 0.8751358024768202 0
2357 0.1646758717745002 0.8783032288066146 0
2358 0.1614262653610863 0.8814669810963703 0
2359 0.1581759584721975 0.884627056281276 0
2360 0.1549249670223024 0.8877834513653406 0
2361 0.1516733069386815 0.8909361634214512 0
2362 0.1484209941611306 0.894085189591426 0
2363 0.1451680446416601 0.8972305270860698 0
2364 0.1419144743441985 0.9003721731852242 0
2365 0.1386602992442929 0.9035101252378206 0
2366 0.1354055353288096 0.9066443806619278 0
2367 0.1321501985956358 0.9097749369448016 0
2368 0.1288943050533791 0.9129017916429315 0
2369 0.1256378707210689 0.9160249423820865 0
2370 0.1223809116278554 0.919144386857359 0
2371 0.1191234438127109 0.9222601228332089 0
2372 0.1158654833241293 0.9253721481435045 0
2373 0.1126070462198244 0.9284804606915641 0
2374 0.1093481485664314 0.9315850584501935 0
2375 0.1060888064392048 0.9346859394617261 0
2376 0.1028290359217177 0.9377831018380579 0
2377 0.09956885310556168 0.940876543760684 0
2378 0.09630827409004422 0.9439662634807312 0
2379 0.09304731498188878 0.9470522593189921 0
2380 0.08978599189493192 0.9501345296659561 0
2381 0.08652432094982343 0.9532130729818394 0
2382 0.08326231827372266 0.9562878877966134 0
2383 0.2101330612746034 0.8478717608906068 0
2384 0.206814316759662 0.8509034286054823 0
2385 0.2034943641614291 0.8539302537651507 0
2386 0.2001732244411015 0.8569522311885124 0
2387 0.1968509185820952 0.8599693557851971 0
2388 0.1935274675896507 0.8629816225556624 0
2389 0.1902028924904423 0.8659890265912846 0
2390 0.1868772143321824 0.8689915630744522 0
2391 0.1835504541832283 0.8719892272786551 0
2392 0.1802226331321888 0.8749820145685738 0
2393 0.1768937722875275 0.8779699204001661 0
2394 0.1735638927771705 0.8809529403207509 0
2395 0.1702330157481079 0.8839310699690934 0
2396 0.1669011623660003 0.886904305075486 0
2397 0.1635683538147819 0.8898726414618272 0
2398 0.1602346112962633 0.8928360750417015 0
2399 0.1568999560297366 0.8957946018204542 0
2400 0.1535644092515755 0.8987482178952682 0
2401 0.1502279922148407 0.9016969194552347 0
2402 0.1468907261888801 0.9046407027814261 0
2403 0.1435526324589312 0.9075795642469656 0
2404 0.1402137323257239 0.9105135003170941 0
2405 0.1368740471050796 0.9134425075492368 0
2406 0.1335335981275145 0.9163665825930687 0
2407 0.1301924067378388 0.9192857221905755 0
2408 0.1268504942947584 0.9221999231761153 0
2409 0.1235078821704739 0.9251091824764786 0
2410 0.1201645917502812 0.9280134971109453 0
2411 0.1168206444321724 0.9309128641913396 0
2412 0.1134760616264325 0.9338072809220852 0
2413 0.110130864755242 0.9366967446002579 0
2414 0.1067850752522729 0.9395812526156346 0
2415 0.1034387145622904 0.9424608024507437 0
2416 0.100091804140749 0.9453353916809116 0
2417 0.09674436545339227 0.948205017974308 0
2418 0.09339641997585174 0.9510696790919893 0
2419 0.09004798919324253 0.9539293728879414 0
2420 0.08669909459976449 0.9567840973091193 0
2421 0.08334975769829689 0.9596338503954849 0
2422 0.2134163265932543 0.8589022011132588 0
2423 0.2100178959495775 0.861754285756853 0
2424 0.2066179552017864 0.8646003172064385 0
2425 0.2032165305513768 0.8674402889856404 0
2426 0.1998136482276189 0.8702741947314965 0
2427 0.1964093344870633 0.8731020281945781 0
2428 0.1930036156130529 0.8759237832391058 0
2429 0.189596517915228 0.8787394538430654 0
2430 0.1861880677290353 0.881549034098319 0
2431 0.1827782914152359 0.8843525182107174 0
2432 0.1793672153594094 0.8871499005002075 0
2433 0.1759548659714631 0.8899411754009385 0
2434 0.172541269685135 0.892726337461367 0
2435 0.1691264529575004 0.8955053813443576 0
2436 0.1657104422684774 0.898278301827284 0
2437 0.1622932641203292 0.9010450938021268 0
2438 0.1588749450371706 0.9038057522755678 0
2439 0.1554555115644694 0.9065602723690853 0
2440 0.1520349902685509 0.9093086493190434 0
2441 0.1486134077361001 0.9120508784767827 0
2442 0.145190790573664 0.914786955308707 0
2443 0.1417671654071548 0.9175168753963675 0
2444 0.1383425588813494 0.9202406344365462 0
2445 0.1349169976593931 0.9229582282413358 0
2446 0.1314905084222985 0.9256696527382194 0
2447 0.128063117868448 0.928374903970144 0
2448 0.1246348527130924 0.9310739780955983 0
2449 0.1212057396878517 0.9337668713886812 0
2450 0.1177758055402156 0.9364535802391741 0
2451 0.1143450770330408 0.9391341011526065 0
2452 0.1109135809440525 0.9418084307503223 0
2453 0.1074813440653412 0.9444765657695433 0
2454 0.104048393202863 0.9471385030634297 0
2455 0.1006147551759363 0.9497942396011395 0
2456 0.09718045681674042 0.9524437724678848 0
2457 0.09374552496981453 0.9550870988649868 0
2458 0.09030998649155314 0.9577242161099268 0
2459 0.0868738682497055 0.9603551216363989 0
2460 0.08343719712287107 0.962979812994356 0
2461 0.216699591911905 0.8699326413359104 0
2462 0.213221475139493 0.8726051429082236 0
2463 0.2097415462421437 0.875270380647726 0
2464 0.2062598366616522 0.8779283467827684 0
2465 0.2027763778731426 0.8805790336777957 0
2466 0.199291201384476 0.8832224338334937 0
2467 0.1958043387356635 0.885858539886927 0
2468 0.1923158214982736 0.8884873446116783 0
2469 0.1888256812748424 0.8911088409179828 0
2470 0.1853339496982831 0.8937230218528608 0
2471 0.1818406584312913 0.8963298806002491 0
2472 0.1783458391657557 0.8989294104811263 0
2473 0.174849523622162 0.9015216049536403 0
2474 0.1713517435490005 0.9041064576132289 0
2475 0.1678525307221728 0.9066839621927407 0
2476 0.164351916944395 0.9092541125625522 0
2477 0.1608499340446048 0.9118169027306813 0
2478 0.1573466138773633 0.9143723268429024 0
2479 0.1538419883222611 0.916920379182852 0
2480 0.1503360892833202 0.9194610541721392 0
2481 0.1468289486883969 0.9219943463704485 0
2482 0.1433205984885857 0.924520250475641 0
2483 0.1398110706576193 0.9270387613238555 0
2484 0.1363003971912717 0.9295498738896032 0
2485 0.1327886101067582 0.9320535832858629 0
2486 0.1292757414421377 0.9345498847641728 0
2487 0.125761823255711 0.9370387737147179 0
2488 0.122246887625422 0.9395202456664177 0
2489 0.1187309666482586 0.9419942962870089 0
2490 0.1152140924396489 0.9444609213831278 0
2491 0.1116962971328631 0.9469201169003867 0
2492 0.1081776128784095 0.9493718789234518 0
2493 0.1046580718434357 0.9518162036761154 0
2494 0.1011377062111235 0.9542530875213676 0
2495 0.09761654818008858 0.9566825269614619 0
2496 0.09409462996377743 0.959104518637984 0
2497 0.09057198378986381 0.961519059331912 0
2498 0.08704864189964673 0.9639261459636788 0
2499 0.0835246365474453 0.9663257755932272 0
2500 0.2199828572305561 0.8809630815585621 0
2501 0.2164250543294086 0.8834560000595941 0
2502 0.2128651372825009 0.885940444089014 0
2503 0.2093031427719276 0.8884164045798966 0
2504 0.2057391075186665 0.8908838726240949 0
2505 0.2021730682818887 0.8933428394724093 0
2506 0.1986050618582741 0.8957932965347482 0
2507 0.1950351250813192 0.8982352353802915 0
2508 0.1914632948206495 0.9006686477376465 0
2509 0.1878896079813302 0.9030935254950043 0
2510 0.1843141015031732 0.9055098607002906 0
2511 0.1807368123600483 0.907917645561314 0
2512 0.177157777559189 0.9103168724459137 0
2513 0.1735770341405005 0.9127075338821005 0
2514 0.1699946191758684 0.9150896225581976 0
2515 0.166410569768461 0.9174631313229775 0
2516 0.162824923052039 0.9198280531857949 0
2517 0.1592377161902571 0.9221843813167194 0
2518 0.1556489863759713 0.9245321090466606 0
2519 0.1520587708305401 0.9268712298674958 0
2520 0.1484671068031296 0.92920173743219 0
2521 0.1448740315700167 0.9315236255549146 0
2522 0.1412795824338891 0.9338368882111648 0
2523 0.1376837967231504 0.9361415195378703 0
2524 0.1340867117912178 0.9384375138335068 0
2525 0.1304883650158273 0.9407248655582016 0
2526 0.1268887937983293 0.9430035693338376 0
2527 0.1232880355629924 0.9452736199441539 0
2528 0.1196861277563017 0.9475350123348441 0
2529 0.116083107846257 0.949787741613649 0
2530 0.1124790133216736 0.952031803050451 0
2531 0.1088738816914778 0.9542671920773604 0
2532 0.1052677504840082 0.9564939042888015 0
2533 0.1016606572463108 0.9587119354415955 0
2534 0.09805263954343657 0.9609212814550387 0
2535 0.09444373495774022 0.9631219384109811 0
2536 0.09083398108817442 0.9653139025538974 0
2537 0.08722341554958785 0.9674971702909585 0
2538 0.08361207597201953 0.9696717381920984 0
2539 0.223266122549207 0.891993521781214 0
2540 0.2196286335193241 0.8943068572109649 0
2541 0.2159887283228583 0.8966105075303017 0
2542 0.212346448882203 0.8989044623770244 0
2543 0.2087018371641902 0.9011887115703943 0
2544 0.2050549351793014 0.9034632451113249 0
2545 0.2014057849808847 0.9057280531825693 0
2546 0.1977544286643648 0.9079831261489044 0
2547 0.1941009083664566 0.9102284545573103 0
2548 0.1904452662643774 0.912464029137148 0
2549 0.1867875445750551 0.9146898408003321 0
2550 0.1831277855543409 0.9169058806415016 0
2551 0.179466031496216 0.919112139938187 0
2552 0.1758023247320006 0.9213086101509719 0
2553 0.1721367076295638 0.9234952829236543 0
2554 0.1684692225925268 0.9256721500834028 0
2555 0.1647999120594731 0.9278392036409085 0
2556 0.161128818503151 0.9299964357905365 0
2557 0.1574559844296815 0.9321438389104694 0
2558 0.1537814523777603 0.9342814055628523 0
2559 0.1501052649178626 0.9364091284939314 0
2560 0.1464274646514478 0.9385270006341883 0
2561 0.142748094210159 0.9406350150984739 0
2562 0.1390671962550289 0.9427331651861375 0
2563 0.1353848134756776 0.9448214443811507 0
2564 0.1317009885895168 0.9468998463522305 0
2565 0.1280157643409479 0.9489683649529571 0
2566 0.1243291835005627 0.9510269942218902 0
2567 0.1206412888643449 0.9530757283826786 0
2568 0.1169521232528652 0.9551145618441702 0
2569 0.1132617295104841 0.9571434892005156 0
2570 0.1095701505045459 0.9591625052312692 0
2571 0.1058774291245809 0.9611716049014875 0
2572 0.102183608281498 0.9631707833618234 0
2573 0.09848873090678462 0.9651600359486157 0
2574 0.09479283995170323 0.9671393581839783 0
2575 0.09109597838648487 0.9691087457758827 0
2576 0.08739818919952885 0.9710681946182382 0
2577 0.08369951539659365 0.9730177007909697 0
2578 0.2265493878678577 0.9030239620038658 0
2579 0.2228322127092396 0.9051577143623351 0
2580 0.2191123193632155 0.9072805709715893 0
2581 0.2153897549924784 0.9093925201741526 0
2582 0.211664566809714 0.9114935505166936 0
2583 0.207936802076714 0.9135836507502403 0
2584 0.2042065081034952 0.9156628098303903 0
2585 0.2004737322474104 0.9177310169175175 0
2586 0.1967385219122636 0.9197882613769742 0
2587 0.1930009245474246 0.9218345327792913 0
2588 0.1892609876469369 0.9238698209003734 0
2589 0.1855187587486335 0.9258941157216896 0
2590 0.1817742854332429 0.9279074074304603 0
2591 0.1780276153235007 0.9299096864198434 0
2592 0.1742787960832593 0.9319009432891111 0
2593 0.1705278754165926 0.9338811688438281 0
2594 0.1667749010669073 0.9358503540960221 0
2595 0.1630199208160449 0.9378084902643535 0
2596 0.1592629824833917 0.9397555687742779 0
2597 0.1555041339249802 0.941691581258209 0
2598 0.1517434230325953 0.9436165195556727 0
2599 0.1479808977328788 0.9455303757134617 0
2600 0.1442166059864288 0.9474331419857832 0
2601 0.1404505957869076 0.9493248108344048 0
2602 0.1366829151601373 0.9512053749287945 0
2603 0.1329136121632065 0.9530748271462592 0
2604 0.1291427348835664 0.9549331605720769 0
2605 0.1253703314381331 0.9567803684996267 0
2606 0.121596449972388 0.9586164444305135 0
2607 0.1178211386594734 0.9604413820746918 0
2608 0.1140444456992946 0.9622551753505799 0
2609 0.1102664193176142 0.9640578183851778 0
2610 0.1064871077651536 0.9658493055141735 0
2611 0.1027065593166853 0.9676296312820513 0
2612 0.09892482227013277 0.9693987904421929 0
2613 0.09514194494566608 0.9711567779569759 0
2614 0.09135797568479553 0.9729035889978681 0
2615 0.08757296284947008 0.9746392189455181 0
2616 0.08378695482116788 0.9763636633898409 0
2617 0.2298326531865086 0.9140544022265175 0
2618 0.226035791899155 0.9160085715137058 0
2619 0.2222359104035728 0.9179506344128771 0
2620 0.2184330611027537 0.9198805779712806 0
2621 0.2146272964552378 0.921798389462993 0
2622 0.2108186689741267 0.9237040563891561 0
2623 0.2070072312261059 0.9255975664782117 0
2624 0.203193035830456 0.9274789076861305 0
2625 0.1993761354580707 0.9293480681966378 0
2626 0.1955565828304717 0.9312050364214348 0
2627 0.1917344307188188 0.933049801000415 0
2628 0.1879097319429261 0.934882350801877 0
2629 0.1840825393702699 0.9367026749227336 0
2630 0.1802529059150007 0.9385107626887149 0
2631 0.1764208845369548 0.940306603654568 0
2632 0.1725865282406585 0.9420901876042534 0
2633 0.1687498900743414 0.9438615045511358 0
2634 0.1649110231289387 0.9456205447381705 0
2635 0.1610699805371019 0.9473672986380867 0
2636 0.1572268154722004 0.9491017569535655 0
2637 0.153381581147328 0.9508239106174142 0
2638 0.1495343308143097 0.9525337507927351 0
2639 0.1456851177626987 0.9542312688730923 0
2640 0.1418339953187863 0.955916456482672 0
2641 0.137981016844597 0.9575893054764383 0
2642 0.134126235736896 0.9592498079402879 0
2643 0.1302697054261849 0.9608979561911967 0
2644 0.1264114793757035 0.9625337427773628 0
2645 0.1225516110804311 0.9641571604783484 0
2646 0.1186901540660814 0.9657682023052127 0
2647 0.1148271618881051 0.9673668615006447 0
2648 0.1109626881306826 0.9689531315390864 0
2649 0.1070967864057261 0.9705270061268595 0
2650 0.1032295103518726 0.9720884792022791 0
2651 0.09936091363348093 0.9736375449357696 0
2652 0.09549104993962904 0.9751741977299732 0
2653 0.0916199729831062 0.9766984322198534 0
2654 0.08774773649941103 0.9782102432727979 0
2655 0.08387439424574211 0.9797096259887123 0
2656 0.2331159185051594 0.9250848424491694 0
2657 0.2292393710890706 0.9268594286650764 0
2658 0.2253595014439301 0.9286206978541648 0
2659 0.2214763672130291 0.9303686357684087 0
2660 0.2175900261007616 0.9321032284092923 0
2661 0.2137005358715394 0.9338244620280715 0
2662 0.2098079543487164 0.9355323231260328 0
2663 0.2059123394135016 0.9372267984547433 0
2664 0.2020137490038778 0.9389078750163017 0
2665 0.1981122411135189 0.9405755400635782 0
2666 0.1942078737907007 0.9422297811004566 0
2667 0.1903007051372188 0.9438705858820646 0
2668 0.1863907933072969 0.9454979424150071 0
2669 0.1824781965065008 0.9471118389575864 0
2670 0.1785629729906503 0.9487122640200246 0
2671 0.1746451810647243 0.950299206364679 0
2672 0.1707248790817756 0.9518726550062494 0
2673 0.1668021254418326 0.9534325992119875 0
2674 0.162876978590812 0.9549790285018953 0
2675 0.1589494970194204 0.9565119326489219 0
2676 0.155019739262061 0.9580313016791556 0
2677 0.1510877638957406 0.9595371258720087 0
2678 0.1471536295389686 0.9610293957604017 0
2679 0.1432173948506649 0.9625081021309391 0
2680 0.1392791185290567 0.9639732360240822 0
2681 0.1353388593105856 0.9654247887343167 0
2682 0.1313966759688034 0.9668627518103161 0
2683 0.1274526273132737 0.9682871170550991 0
2684 0.1235067721884743 0.969697876526183 0
2685 0.1195591694726897 0.971095022535734 0
2686 0.1156098780769155 0.9724785476507088 0
2687 0.1116589569437508 0.973848444692995 0
2688 0.1077064650462987 0.9752047067395452 0
2689 0.1037524613870598 0.976547327122507 0
2690 0.09979700499682892 0.9778762994293467 0
2691 0.09584015493359194 0.9791916175029703 0
2692 0.09188197028141687 0.9804932754418388 0
2693 0.08792251014935221 0.9817812676000777 0
2694 0.08396183367031629 0.9830555885875835 0
2695 0.2363991838238103 0.9361152826718208 0
2696 0.232442950278986 0.9377102858164469 0
2697 0.2284830924842873 0.9392907612954525 0
2698 0.2245196733233044 0.9408566935655369 0
2699 0.2205527557462853 0.9424080673555912 0
2700 0.2165824027689521 0.9439448676669874 0
2701 0.212608677471327 0.9454670797738537 0
2702 0.2086316429965472 0.9469746892233567 0
2703 0.2046513625496848 0.9484676818359655 0
2704 0.2006678993965661 0.9499460437057214 0
2705 0.1966813168625826 0.9514097612004979 0
2706 0.1926916783315114 0.9528588209622524 0
2707 0.1886990472443239 0.9542932099072805 0
2708 0.1847034870980009 0.9557129152264578 0
2709 0.1807050614443457 0.9571179243854816 0
2710 0.1767038338887902 0.9585082251251041 0
2711 0.1726998680892097 0.9598838054613626 0
2712 0.1686932277547265 0.9612446536858046 0
2713 0.1646839766445222 0.962590758365704 0
2714 0.1606721785666404 0.9639221083442784 0
2715 0.1566578973767938 0.965238692740897 0
2716 0.1526411969771717 0.966540500951282 0
2717 0.1486221413152385 0.9678275226477108 0
2718 0.1446007943825435 0.9690997477792063 0
2719 0.1405772202135164 0.9703571665717259 0
2720 0.1365514828842753 0.9715997695283455 0
2721 0.1325236465114218 0.9728275474294358 0
2722 0.1284937752508441 0.9740404913328352 0
2723 0.1244619332965173 0.975238592574018 0
2724 0.1204281848792978 0.9764218427662552 0
2725 0.1163925942657261 0.9775902338007733 0
2726 0.112355225756819 0.9787437578469036 0
2727 0.1083161436868713 0.9798824073522311 0
2728 0.1042754124222471 0.9810061750427348 0
2729 0.100233096360177 0.9821150539229236 0
2730 0.09618925992755478 0.9832090372759679 0
2731 0.09214396757972731 0.9842881186638239 0
2732 0.08809728379929321 0.9853522919273576 0
2733 0.08404927309489046 0.9864015511864546 0
2734 0.2396824491424611 0.9471457228944723 0
2735 0.2356465294689015 0.9485611429678177 0
2736 0.2316066835246446 0.9499608247367403 0
2737 0.2275629794335798 0.9513447513626648 0
2738 0.2235154853918091 0.9527129063018905 0
2739 0.2194642696663647 0.9540652733059026 0
2740 0.2154094005939376 0.955401836421675 0
2741 0.2113509465795928 0.9567225799919695 0
2742 0.2072889760954919 0.9580274886556293 0
2743 0.2032235576796133 0.9593165473478653 0
2744 0.1991547599344645 0.9605897413005395 0
2745 0.195082651525804 0.9618470560424401 0
2746 0.191007301181351 0.9630884773995536 0
2747 0.1869287776895011 0.9643139914953291 0
2748 0.1828471498980412 0.9655235847509382 0
2749 0.178762486712856 0.9667172438855295 0
2750 0.1746748570966438 0.9678949559164762 0
2751 0.1705843300676203 0.9690567081596215 0
2752 0.1664909746982324 0.9702024882295124 0
2753 0.1623948601138604 0.9713322840396351 0
2754 0.1582960554915265 0.9724460838026382 0
2755 0.1541946300586026 0.9735438760305556 0
2756 0.1500906530915083 0.97462564953502 0
2757 0.1459841939144221 0.9756913934274732 0
2758 0.1418753218979761 0.9767410971193697 0
2759 0.1377641064579649 0.9777747503223744 0
2760 0.1336506170540404 0.9787923430485553 0
2761 0.1295349231884144 0.9797938656105717 0
2762 0.1254170944045605 0.9807793086218528 0
2763 0.1212972002859059 0.9817486629967767 0
2764 0.1171753104545367 0.9827019199508378 0
2765 0.1130514945698872 0.9836390710008122 0
2766 0.108925822327444 0.984560107964917 0
2767 0.1047983634574344 0.9854650229629627 0
2768 0.1006691877235251 0.9863538084165006 0
2769 0.09653836492151768 0.9872264570489649 0
2770 0.09240596487803798 0.9880829618858095 0
2771 0.08827205744923439 0.988923316254637 0
2772 0.08413671251946464 0.9897475137853259 0
2773 0.242965714461112 0.9581761631171243 0
2774 0.2388501086588171 0.9594120001191879 0
2775 0.2347302745650019 0.9606308881780279 0
2776 0.2306062855438552 0.9618328091597927 0
2777 0.2264782150373329 0.9630177452481901 0
2778 0.2223461365637774 0.9641856789448185 0
2779 0.2182101237165482 0.9653365930694963 0
2780 0.2140702501626384 0.9664704707605827 0
2781 0.209926589641299 0.9675872954752932 0
2782 0.2057792159626604 0.9686870509900085 0
2783 0.2016282030063463 0.9697697214005812 0
2784 0.1974736247200966 0.9708352911226281 0
2785 0.1933155551183779 0.9718837448918272 0
2786 0.1891540682810011 0.9729150677642009 0
2787 0.1849892383517366 0.9739292451163949 0
2788 0.1808211395369218 0.9749262626459548 0
2789 0.176649846104078 0.9759061063715898 0
2790 0.1724754323805142 0.9768687626334387 0
2791 0.1682979727519426 0.9778142180933211 0
2792 0.1641175416610804 0.9787424597349917 0
2793 0.1599342136062594 0.9796534748643797 0
2794 0.1557480631400335 0.9805472511098292 0
2795 0.1515591648677783 0.9814237764223293 0
2796 0.1473675934463008 0.9822830390757405 0
2797 0.1431734235824358 0.9831250276670137 0
2798 0.1389767300316546 0.9839497311164033 0
2799 0.1347775875966588 0.9847571386676751 0
2800 0.1305760711259848 0.9855472398883078 0
2801 0.1263722555126036 0.9863200246696874 0
2802 0.1221662156925141 0.9870754832272978 0
2803 0.1179580266433471 0.9878136061009022 0
2804 0.1137477633829554 0.9885343841547211 0
2805 0.1095355009680166 0.9892378085776031 0
2806 0.1053213144926217 0.9899238708831907 0
2807 0.1011052790868731 0.9905925629100776 0
2808 0.09688746991548064 0.9912438768219625 0
2809 0.09266796217634865 0.9918778051077948 0
2810 0.0884468310991755 0.9924943405819171 0
2811 0.08422415194403898 0.9930934763841971 0
2812 0.01500000000000012 1.05001 0
2813 0.0299999999999998 1.05001 0
2814 0.04499999999999993 1.05001 0
2815 0.06000000000000005 1.05001 0
2816 0.07499999999999973 1.05001 0
2817 0.08999999999999986 1.05001 0
2818 0.105 1.05001 0
2819 0.1199999999999999 1.05001 0
2820 0.1349999999999998 1.05001 0
2821 0.1499999999999998 1.05001 0
2822 0.1649999999999998 1.05001 0
2823 0.1799999999999998 1.05001 0
2824 0.1949999999999998 1.05001 0
2825 0.2099999999999997 1.05001 0
2826 0.2249999999999999 1.05001 0
2827 0.2399999999999999 1.05001 0
2828 0.2549999999999999 1.05001 0
2829 0.2700000000000001 1.05001 0
2830 0.2849999999999999 1.05001 0
2831 0.3799999999999999 1.05001 0
2832 0.46 1.05001 0
2833 0.5399999999999999 1.05001 0
2834 0.6199999999999999 1.05001 0
2835 0.7 1.05001 0
2836 0.78 1.05001 0
2837 0.8600000000000001 1.05001 0
2838 0.9400000000000001 1.05001 0
2839 1.02 1.05001 0
2840 1.1 1.05001 0
2841 1.18 1.05001 0
2842 1.26 1.05001 0
2843 1.34 1.05001 0
2844 1.42 1.05001 0
$EndNodes
$Elements
2987
1 1 2 8 10 3 123
2 1 2 8 10 123 124
3 1 2 8 10 124 125
4 1 2 8 10 125 126
5 1 2 8 10 126 127
6 1 2 8 10 127 128
7 1 2 8 10 128 129
8 1 2 8 10 129 130
9 1 2 8 10 130 131
10 1 2 8 10 131 132
11 1 2 8 10 132 133
12 1 2 8 10 133 134
13 1 2 8 10 134 135
14 1 2 8 10 135 136
15 1 2 8 10 136 4
16 1 2 7 11 4 137
17 1 2 7 11 137 138
18 1 2 7 11 138 139
19 1 2 7 11 139 140
20 1 2 7 11 140 141
21 1 2 7 11 141 142
22 1 2 7 11 142 143
23 1 2 7 11 143 144
24 1 2 7 11 144 145
25 1 2 7 11 145 146
26 1 2 7 11 146 147
27 1 2 7 11 147 148
28 1 2 7 11 148 149
29 1 2 7 11 149 150
30 1 2 7 11 150 151
31 1 2 7 11 151 152
32 1 2 7 11 152 153
33 1 2 7 11 153 154
34 1 2 7 11 154 155
35 1 2 7 11 155 156
36 1 2 7 11 156 157
37 1 2 7 11 157 158
38 1 2 7 11 158 159
39 1 2 7 11 159 160
40 1 2 7 11 160 161
41 1 2 7 11 161 162
42 1 2 7 11 162 163
43 1 2 7 11 163 164
44 1 2 7 11 164 165
45 1 2 7 11 165 166
46 1 2 7 11 166 167
47 1 2 7 11 167 168
48 1 2 7 11 168 169
49 1 2 7 11 169 170
50 1 2 7 11 170 171
51 1 2 7 11 171 172
52 1 2 7 11 172 173
53 1 2 7 11 173 174
54 1 2 7 11 174 175
55 1 2 7 11 175 5
56 1 2 7 12 5 176
57 1 2 7 12 176 177
58 1 2 7 12 177 178
59 1 2 7 12 178 179
60 1 2 7 12 179 180
61 1 2 7 12 180 181
62 1 2 7 12 181 182
63 1 2 7 12 182 183
64 1 2 7 12 183 184
65 1 2 7 12 184 185
66 1 2 7 12 185 186
67 1 2 7 12 186 187
68 1 2 7 12 187 188
69 1 2 7 12 188 189
70 1 2 7 12 189 190
71 1 2 7 12 190 191
72 1 2 7 12 191 192
73 1 2 7 12 192 193
74 1 2 7 12 193 194
75 1 2 7 12 194 195
76 1 2 7 12 195 196
77 1 2 7 12 196 197
78 1 2 7 12 197 198
79 1 2 7 12 198 199
80 1 2 7 12 199 200
81 1 2 7 12 200 201
82 1 2 7 12 201 202
83 1 2 7 12 202 203
84 1 2 7 12 203 204
85 1 2 7 12 204 205
86 1 2 7 12 205 206
87 1 2 7 12 206 207
88 1 2 7 12 207 208
89 1 2 7 12 208 209
90 1 2 7 12 209 210
91 1 2 7 12 210 211
92 1 2 7 12 211 212
93 1 2 7 12 212 213
94 1 2 7 12 213 214
95 1 2 7 12 214 6
96 1 2 8 13 7 215
97 1 2 8 13 215 216
98 1 2 8 13 216 217
99 1 2 8 13 217 218
100 1 2 8 13 218 219
101 1 2 8 13 219 220
102 1 2 8 13 220 221
103 1 2 8 13 221 222
104 1 2 8 13 222 223
105 1 2 8 13 223 224
106 1 2 8 13 224 225
107 1 2 8 13 225 226
108 1 2 8 13 226 227
109 1 2 8 13 227 228
110 1 2 8 13 228 3
111 1 2 6 14 8 229
112 1 2 6 14 229 230
113 1 2 6 14 230 231
114 1 2 6 14 231 232
115 1 2 6 14 232 233
116 1 2 6 14 233 234
117 1 2 6 14 234 235
118 1 2 6 14 235 236
119 1 2 6 14 236 237
120 1 2 6 14 237 238
121 1 2 6 14 238 239
122 1 2 6 14 239 240
123 1 2 6 14 240 241
124 1 2 6 14 241 242
125 1 2 6 14 242 243
126 1 2 6 14 243 244
127 1 2 6 14 244 245
128 1 2 6 14 245 246
129 1 2 6 14 246 247
130 1 2 6 14 247 248
131 1 2 6 14 248 249
132 1 2 6 14 249 250
133 1 2 6 14 250 251
134 1 2 6 14 251 252
135 1 2 6 14 252 253
136 1 2 6 14 253 254
137 1 2 6 14 254 255
138 1 2 6 14 255 256
139 1 2 6 14 256 257
140 1 2 6 14 257 258
141 1 2 6 14 258 259
142 1 2 6 14 259 260
143 1 2 6 14 260 261
144 1 2 6 14 261 262
145 1 2 6 14 262 263
146 1 2 6 14 263 264
147 1 2 6 14 264 265
148 1 2 6 14 265 266
149 1 2 6 14 266 267
150 1 2 6 14 267 7
151 1 2 6 17 10 296
152 1 2 6 17 296 297
153 1 2 6 17 297 298
154 1 2 6 17 298 299
155 1 2 6 17 299 300
156 1 2 6 17 300 301
157 1 2 6 17 301 302
158 1 2 6 17 302 303
159 1 2 6 17 303 304
160 1 2 6 17 304 305
161 1 2 6 17 305 306
162 1 2 6 17 306 307
163 1 2 6 17 307 308
164 1 2 6 17 308 309
165 1 2 6 17 309 9
166 1 2 7 18 6 310
167 1 2 7 18 310 311
168 1 2 7 18 311 312
169 1 2 7 18 312 313
170 1 2 7 18 313 314
171 1 2 7 18 314 315
172 1 2 7 18 315 316
173 1 2 7 18 316 317
174 1 2 7 18 317 318
175 1 2 7 18 318 319
176 1 2 7 18 319 320
177 1 2 7 18 320 321
178 1 2 7 18 321 322
179 1 2 7 18 322 323
180 1 2 7 18 323 10
181 1 2 6 19 9 324
182 1 2 6 19 324 325
183 1 2 6 19 325 326
184 1 2 6 19 326 327
185 1 2 6 19 327 328
186 1 2 6 19 328 329
187 1 2 6 19 329 330
188 1 2 6 19 330 331
189 1 2 6 19 331 332
190 1 2 6 19 332 333
191 1 2 6 19 333 334
192 1 2 6 19 334 335
193 1 2 6 19 335 336
194 1 2 6 19 336 337
195 1 2 6 19 337 338
196 1 2 6 19 338 339
197 1 2 6 19 339 340
198 1 2 6 19 340 341
199 1 2 6 19 341 342
200 1 2 6 19 342 343
201 1 2 6 19 343 344
202 1 2 6 19 344 345
203 1 2 6 19 345 346
204 1 2 6 19 346 347
205 1 2 6 19 347 348
206 1 2 6 19 348 349
207 1 2 6 19 349 350
208 1 2 6 19 350 351
209 1 2 6 19 351 352
210 1 2 6 19 352 353
211 1 2 6 19 353 354
212 1 2 6 19 354 355
213 1 2 6 19 355 356
214 1 2 6 19 356 357
215 1 2 6 19 357 358
216 1 2 6 19 358 359
217 1 2 6 19 359 360
218 1 2 6 19 360 361
219 1 2 6 19 361 362
220 1 2 6 19 362 8
221 1 2 4 22 11 363
222 1 2 4 22 363 12
223 1 2 3 23 13 364
224 1 2 3 23 364 365
225 1 2 3 23 365 366
226 1 2 3 23 366 367
227 1 2 3 23 367 368
228 1 2 3 23 368 369
229 1 2 3 23 369 370
230 1 2 3 23 370 371
231 1 2 3 23 371 372
232 1 2 3 23 372 373
233 1 2 3 23 373 374
234 1 2 3 23 374 375
235 1 2 3 23 375 376
236 1 2 3 23 376 377
237 1 2 3 23 377 378
238 1 2 3 23 378 379
239 1 2 3 23 379 380
240 1 2 3 23 380 381
241 1 2 3 23 381 382
242 1 2 3 23 382 11
243 1 2 5 25 12 384
244 1 2 5 25 384 385
245 1 2 5 25 385 386
246 1 2 5 25 386 387
247 1 2 5 25 387 388
248 1 2 5 25 388 389
249 1 2 5 25 389 390
250 1 2 5 25 390 391
251 1 2 5 25 391 392
252 1 2 5 25 392 393
253 1 2 5 25 393 394
254 1 2 5 25 394 395
255 1 2 5 25 395 396
256 1 2 5 25 396 397
257 1 2 5 25 397 398
258 1 2 5 25 398 399
259 1 2 5 25 399 400
260 1 2 5 25 400 401
261 1 2 5 25 401 402
262 1 2 5 25 402 14
263 1 2 3 26 15 403
264 1 2 3 26 403 404
265 1 2 3 26 404 405
266 1 2 3 26 405 406
267 1 2 3 26 406 407
268 1 2 3 26 407 408
269 1 2 3 26 408 409
270 1 2 3 26 409 410
271 1 2 3 26 410 411
272 1 2 3 26 411 412
273 1 2 3 26 412 413
274 1 2 3 26 413 414
275 1 2 3 26 414 415
276 1 2 3 26 415 416
277 1 2 3 26 416 13
278 1 2 5 28 14 418
279 1 2 5 28 418 419
280 1 2 5 28 419 420
281 1 2 5 28 420 421
282 1 2 5 28 421 422
283 1 2 5 28 422 423
284 1 2 5 28 423 424
285 1 2 5 28 424 425
286 1 2 5 28 425 426
287 1 2 5 28 426 427
288 1 2 5 28 427 428
289 1 2 5 28 428 429
290 1 2 5 28 429 430
291 1 2 5 28 430 431
292 1 2 5 28 431 16
293 3 2 1 1 3 123 432 122
294 3 2 1 1 122 432 433 121
295 3 2 1 1 121 433 434 120
296 3 2 1 1 120 434 435 119
297 3 2 1 1 119 435 436 118
298 3 2 1 1 118 436 437 117
299 3 2 1 1 117 437 438 116
300 3 2 1 1 116 438 439 115
301 3 2 1 1 115 439 440 114
302 3 2 1 1 114 440 441 113
303 3 2 1 1 113 441 442 112
304 3 2 1 1 112 442 443 111
305 3 2 1 1 111 443 444 110
306 3 2 1 1 110 444 445 109
307 3 2 1 1 109 445 446 108
308 3 2 1 1 108 446 447 107
309 3 2 1 1 107 447 448 106
310 3 2 1 1 106 448 449 105
311 3 2 1 1 105 449 450 104
312 3 2 1 1 104 450 451 103
313 3 2 1 1 103 451 452 102
314 3 2 1 1 102 452 453 101
315 3 2 1 1 101 453 454 100
316 3 2 1 1 100 454 455 99
317 3 2 1 1 99 455 456 98
318 3 2 1 1 98 456 457 97
319 3 2 1 1 97 457 458 96
320 3 2 1 1 96 458 459 95
321 3 2 1 1 95 459 460 94
322 3 2 1 1 94 460 461 93
323 3 2 1 1 93 461 462 92
324 3 2 1 1 92 462 463 91
325 3 2 1 1 91 463 464 90
326 3 2 1 1 90 464 465 89
327 3 2 1 1 89 465 466 88
328 3 2 1 1 88 466 467 87
329 3 2 1 1 87 467 468 86
330 3 2 1 1 86 468 469 85
331 3 2 1 1 85 469 470 84
332 3 2 1 1 84 470 83 2
333 3 2 1 1 123 124 471 432
334 3 2 1 1 432 471 472 433
335 3 2 1 1 433 472 473 434
336 3 2 1 1 434 473 474 435
337 3 2 1 1 435 474 475 436
338 3 2 1 1 436 475 476 437
339 3 2 1 1 437 476 477 438
340 3 2 1 1 438 477 478 439
341 3 2 1 1 439 478 479 440
342 3 2 1 1 440 479 480 441
343 3 2 1 1 441 480 481 442
344 3 2 1 1 442 481 482 443
345 3 2 1 1 443 482 483 444
346 3 2 1 1 444 483 484 445
347 3 2 1 1 445 484 485 446
348 3 2 1 1 446 485 486 447
349 3 2 1 1 447 486 487 448
350 3 2 1 1 448 487 488 449
351 3 2 1 1 449 488 489 450
352 3 2 1 1 450 489 490 451
353 3 2 1 1 451 490 491 452
354 3 2 1 1 452 491 492 453
355 3 2 1 1 453 492 493 454
356 3 2 1 1 454 493 494 455
357 3 2 1 1 455 494 495 456
358 3 2 1 1 456 495 496 457
359 3 2 1 1 457 496 497 458
360 3 2 1 1 458 497 498 459
361 3 2 1 1 459 498 499 460
362 3 2 1 1 460 499 500 461
363 3 2 1 1 461 500 501 462
364 3 2 1 1 462 501 502 463
365 3 2 1 1 463 502 503 464
366 3 2 1 1 464 503 504 465
367 3 2 1 1 465 504 505 466
368 3 2 1 1 466 505 506 467
369 3 2 1 1 467 506 507 468
370 3 2 1 1 468 507 508 469
371 3 2 1 1 469 508 509 470
372 3 2 1 1 470 509 82 83
373 3 2 1 1 124 125 510 471
374 3 2 1 1 471 510 511 472
375 3 2 1 1 472 511 512 473
376 3 2 1 1 473 512 513 474
377 3 2 1 1 474 513 514 475
378 3 2 1 1 475 514 515 476
379 3 2 1 1 476 515 516 477
380 3 2 1 1 477 516 517 478
381 3 2 1 1 478 517 518 479
382 3 2 1 1 479 518 519 480
383 3 2 1 1 480 519 520 481
384 3 2 1 1 481 520 521 482
385 3 2 1 1 482 521 522 483
386 3 2 1 1 483 522 523 484
387 3 2 1 1 484 523 524 485
388 3 2 1 1 485 524 525 486
389 3 2 1 1 486 525 526 487
390 3 2 1 1 487 526 527 488
391 3 2 1 1 488 527 528 489
392 3 2 1 1 489 528 529 490
393 3 2 1 1 490 529 530 491
394 3 2 1 1 491 530 531 492
395 3 2 1 1 492 531 532 493
396 3 2 1 1 493 532 533 494
397 3 2 1 1 494 533 534 495
398 3 2 1 1 495 534 535 496
399 3 2 1 1 496 535 536 497
400 3 2 1 1 497 536 537 498
401 3 2 1 1 498 537 538 499
402 3 2 1 1 499 538 539 500
403 3 2 1 1 500 539 540 501
404 3 2 1 1 501 540 541 502
405 3 2 1 1 502 541 542 503
406 3 2 1 1 503 542 543 504
407 3 2 1 1 504 543 544 505
408 3 2 1 1 505 544 545 506
409 3 2 1 1 506 545 546 507
410 3 2 1 1 507 546 547 508
411 3 2 1 1 508 547 548 509
412 3 2 1 1 509 548 81 82
413 3 2 1 1 125 126 549 510
414 3 2 1 1 510 549 550 511
415 3 2 1 1 511 550 551 512
416 3 2 1 1 512 551 552 513
417 3 2 1 1 513 552 553 514
418 3 2 1 1 514 553 554 515
419 3 2 1 1 515 554 555 516
420 3 2 1 1 516 555 556 517
421 3 2 1 1 517 556 557 518
422 3 2 1 1 518 557 558 519
423 3 2 1 1 519 558 559 520
424 3 2 1 1 520 559 560 521
425 3 2 1 1 521 560 561 522
426 3 2 1 1 522 561 562 523
427 3 2 1 1 523 562 563 524
428 3 2 1 1 524 563 564 525
429 3 2 1 1 525 564 565 526
430 3 2 1 1 526 565 566 527
431 3 2 1 1 527 566 567 528
432 3 2 1 1 528 567 568 529
433 3 2 1 1 529 568 569 530
434 3 2 1 1 530 569 570 531
435 3 2 1 1 531 570 571 532
436 3 2 1 1 532 571 572 533
437 3 2 1 1 533 572 573 534
438 3 2 1 1 534 573 574 535
439 3 2 1 1 535 574 575 536
440 3 2 1 1 536 575 576 537
441 3 2 1 1 537 576 577 538
442 3 2 1 1 538 577 578 539
443 3 2 1 1 539 578 579 540
444 3 2 1 1 540 579 580 541
445 3 2 1 1 541 580 581 542
446 3 2 1 1 542 581 582 543
447 3 2 1 1 543 582 583 544
448 3 2 1 1 544 583 584 545
449 3 2 1 1 545 584 585 546
450 3 2 1 1 546 585 586 547
451 3 2 1 1 547 586 587 548
452 3 2 1 1 548 587 80 81
453 3 2 1 1 126 127 588 549
454 3 2 1 1 549 588 589 550
455 3 2 1 1 550 589 590 551
456 3 2 1 1 551 590 591 552
457 3 2 1 1 552 591 592 553
458 3 2 1 1 553 592 593 554
459 3 2 1 1 554 593 594 555
460 3 2 1 1 555 594 595 556
461 3 2 1 1 556 595 596 557
462 3 2 1 1 557 596 597 558
463 3 2 1 1 558 597 598 559
464 3 2 1 1 559 598 599 560
465 3 2 1 1 560 599 600 561
466 3 2 1 1 561 600 601 562
467 3 2 1 1 562 601 602 563
468 3 2 1 1 563 602 603 564
469 3 2 1 1 564 603 604 565
470 3 2 1 1 565 604 605 566
471 3 2 1 1 566 605 606 567
472 3 2 1 1 567 606 607 568
473 3 2 1 1 568 607 608 569
474 3 2 1 1 569 608 609 570
475 3 2 1 1 570 609 610 571
476 3 2 1 1 571 610 611 572
477 3 2 1 1 572 611 612 573
478 3 2 1 1 573 612 613 574
479 3 2 1 1 574 613 614 575
480 3 2 1 1 575 614 615 576
481 3 2 1 1 576 615 616 577
482 3 2 1 1 577 616 617 578
483 3 2 1 1 578 617 618 579
484 3 2 1 1 579 618 619 580
485 3 2 1 1 580 619 620 581
486 3 2 1 1 581 620 621 582
487 3 2 1 1 582 621 622 583
488 3 2 1 1 583 622 623 584
489 3 2 1 1 584 623 624 585
490 3 2 1 1 585 624 625 586
491 3 2 1 1 586 625 626 587
492 3 2 1 1 587 626 79 80
493 3 2 1 1 127 128 627 588
494 3 2 1 1 588 627 628 589
495 3 2 1 1 589 628 629 590
496 3 2 1 1 590 629 630 591
497 3 2 1 1 591 630 631 592
498 3 2 1 1 592 631 632 593
499 3 2 1 1 593 632 633 594
500 3 2 1 1 594 633 634 595
501 3 2 1 1 595 634 635 596
502 3 2 1 1 596 635 636 597
503 3 2 1 1 597 636 637 598
504 3 2 1 1 598 637 638 599
505 3 2 1 1 599 638 639 600
506 3 2 1 1 600 639 640 601
507 3 2 1 1 601 640 641 602
508 3 2 1 1 602 641 642 603
509 3 2 1 1 603 642 643 604
510 3 2 1 1 604 643 644 605
511 3 2 1 1 605 644 645 606
512 3 2 1 1 606 645 646 607
513 3 2 1 1 607 646 647 608
514 3 2 1 1 608 647 648 609
515 3 2 1 1 609 648 649 610
516 3 2 1 1 610 649 650 611
517 3 2 1 1 611 650 651 612
518 3 2 1 1 612 651 652 613
519 3 2 1 1 613 652 653 614
520 3 2 1 1 614 653 654 615
521 3 2 1 1 615 654 655 616
522 3 2 1 1 616 655 656 617
523 3 2 1 1 617 656 657 618
524 3 2 1 1 618 657 658 619
525 3 2 1 1 619 658 659 620
526 3 2 1 1 620 659 660 621
527 3 2 1 1 621 660 661 622
528 3 2 1 1 622 661 662 623
529 3 2 1 1 623 662 663 624
530 3 2 1 1 624 663 664 625
531 3 2 1 1 625 664 665 626
532 3 2 1 1 626 665 78 79
533 3 2 1 1 128 129 666 627
534 3 2 1 1 627 666 667 628
535 3 2 1 1 628 667 668 629
536 3 2 1 1 629 668 669 630
537 3 2 1 1 630 669 670 631
538 3 2 1 1 631 670 671 632
539 3 2 1 1 632 671 672 633
540 3 2 1 1 633 672 673 634
541 3 2 1 1 634 673 674 635
542 3 2 1 1 635 674 675 636
543 3 2 1 1 636 675 676 637
544 3 2 1 1 637 676 677 638
545 3 2 1 1 638 677 678 639
546 3 2 1 1 639 678 679 640
547 3 2 1 1 640 679 680 641
548 3 2 1 1 641 680 681 642
549 3 2 1 1 642 681 682 643
550 3 2 1 1 643 682 683 644
551 3 2 1 1 644 683 684 645
552 3 2 1 1 645 684 685 646
553 3 2 1 1 646 685 686 647
554 3 2 1 1 647 686 687 648
555 3 2 1 1 648 687 688 649
556 3 2 1 1 649 688 689 650
557 3 2 1 1 650 689 690 651
558 3 2 1 1 651 690 691 652
559 3 2 1 1 652 691 692 653
560 3 2 1 1 653 692 693 654
561 3 2 1 1 654 693 694 655
562 3 2 1 1 655 694 695 656
563 3 2 1 1 656 695 696 657
564 3 2 1 1 657 696 697 658
565 3 2 1 1 658 697 698 659
566 3 2 1 1 659 698 699 660
567 3 2 1 1 660 699 700 661
568 3 2 1 1 661 700 701 662
569 3 2 1 1 662 701 702 663
570 3 2 1 1 663 702 703 664
571 3 2 1 1 664 703 704 665
572 3 2 1 1 665 704 77 78
573 3 2 1 1 129 130 705 666
574 3 2 1 1 666 705 706 667
575 3 2 1 1 667 706 707 668
576 3 2 1 1 668 707 708 669
577 3 2 1 1 669 708 709 670
578 3 2 1 1 670 709 710 671
579 3 2 1 1 671 710 711 672
580 3 2 1 1 672 711 712 673
581 3 2 1 1 673 712 713 674
582 3 2 1 1 674 713 714 675
583 3 2 1 1 675 714 715 676
584 3 2 1 1 676 715 716 677
585 3 2 1 1 677 716 717 678
586 3 2 1 1 678 717 718 679
587 3 2 1 1 679 718 719 680
588 3 2 1 1 680 719 720 681
589 3 2 1 1 681 720 721 682
590 3 2 1 1 682 721 722 683
591 3 2 1 1 683 722 723 684
592 3 2 1 1 684 723 724 685
593 3 2 1 1 685 724 725 686
594 3 2 1 1 686 725 726 687
595 3 2 1 1 687 726 727 688
596 3 2 1 1 688 727 728 689
597 3 2 1 1 689 728 729 690
598 3 2 1 1 690 729 730 691
599 3 2 1 1 691 730 731 692
600 3 2 1 1 692 731 732 693
601 3 2 1 1 693 732 733 694
602 3 2 1 1 694 733 734 695
603 3 2 1 1 695 734 735 696
604 3 2 1 1 696 735 736 697
605 3 2 1 1 697 736 737 698
606 3 2 1 1 698 737 738 699
607 3 2 1 1 699 738 739 700
608 3 2 1 1 700 739 740 701
609 3 2 1 1 701 740 741 702
610 3 2 1 1 702 741 742 703
611 3 2 1 1 703 742 743 704
612 3 2 1 1 704 743 76 77
613 3 2 1 1 130 131 744 705
614 3 2 1 1 705 744 745 706
615 3 2 1 1 706 745 746 707
616 3 2 1 1 707 746 747 708
617 3 2 1 1 708 747 748 709
618 3 2 1 1 709 748 749 710
619 3 2 1 1 710 749 750 711
620 3 2 1 1 711 750 751 712
621 3 2 1 1 712 751 752 713
622 3 2 1 1 713 752 753 714
623 3 2 1 1 714 753 754 715
624 3 2 1 1 715 754 755 716
625 3 2 1 1 716 755 756 717
626 3 2 1 1 717 756 757 718
627 3 2 1 1 718 757 758 719
628 3 2 1 1 719 758 759 720
629 3 2 1 1 720 759 760 721
630 3 2 1 1 721 760 761 722
631 3 2 1 1 722 761 762 723
632 3 2 1 1 723 762 763 724
633 3 2 1 1 724 763 764 725
634 3 2 1 1 725 764 765 726
635 3 2 1 1 726 765 766 727
636 3 2 1 1 727 766 767 728
637 3 2 1 1 728 767 768 729
638 3 2 1 1 729 768 769 730
639 3 2 1 1 730 769 770 731
640 3 2 1 1 731 770 771 732
641 3 2 1 1 732 771 772 733
642 3 2 1 1 733 772 773 734
643 3 2 1 1 734 773 774 735
644 3 2 1 1 735 774 775 736
645 3 2 1 1 736 775 776 737
646 3 2 1 1 737 776 777 738
647 3 2 1 1 738 777 778 739
648 3 2 1 1 739 778 779 740
649 3 2 1 1 740 779 780 741
650 3 2 1 1 741 780 781 742
651 3 2 1 1 742 781 782 743
652 3 2 1 1 743 782 75 76
653 3 2 1 1 131 132 783 744
654 3 2 1 1 744 783 784 745
655 3 2 1 1 745 784 785 746
656 3 2 1 1 746 785 786 747
657 3 2 1 1 747 786 787 748
658 3 2 1 1 748 787 788 749
659 3 2 1 1 749 788 789 750
660 3 2 1 1 750 789 790 751
661 3 2 1 1 751 790 791 752
662 3 2 1 1 752 791 792 753
663 3 2 1 1 753 792 793 754
664 3 2 1 1 754 793 794 755
665 3 2 1 1 755 794 795 756
666 3 2 1 1 756 795 796 757
667 3 2 1 1 757 796 797 758
668 3 2 1 1 758 797 798 759
669 3 2 1 1 759 798 799 760
670 3 2 1 1 760 799 800 761
671 3 2 1 1 761 800 801 762
672 3 2 1 1 762 801 802 763
673 3 2 1 1 763 802 803 764
674 3 2 1 1 764 803 804 765
675 3 2 1 1 765 804 805 766
676 3 2 1 1 766 805 806 767
677 3 2 1 1 767 806 807 768
678 3 2 1 1 768 807 808 769
679 3 2 1 1 769 808 809 770
680 3 2 1 1 770 809 810 771
681 3 2 1 1 771 810 811 772
682 3 2 1 1 772 811 812 773
683 3 2 1 1 773 812 813 774
684 3 2 1 1 774 813 814 775
685 3 2 1 1 775 814 815 776
686 3 2 1 1 776 815 816 777
687 3 2 1 1 777 816 817 778
688 3 2 1 1 778 817 818 779
689 3 2 1 1 779 818 819 780
690 3 2 1 1 780 819 820 781
691 3 2 1 1 781 820 821 782
692 3 2 1 1 782 821 74 75
693 3 2 1 1 132 133 822 783
694 3 2 1 1 783 822 823 784
695 3 2 1 1 784 823 824 785
696 3 2 1 1 785 824 825 786
697 3 2 1 1 786 825 826 787
698 3 2 1 1 787 826 827 788
699 3 2 1 1 788 827 828 789
700 3 2 1 1 789 828 829 790
701 3 2 1 1 790 829 830 791
702 3 2 1 1 791 830 831 792
703 3 2 1 1 792 831 832 793
704 3 2 1 1 793 832 833 794
705 3 2 1 1 794 833 834 795
706 3 2 1 1 795 834 835 796
707 3 2 1 1 796 835 836 797
708 3 2 1 1 797 836 837 798
709 3 2 1 1 798 837 838 799
710 3 2 1 1 799 838 839 800
711 3 2 1 1 800 839 840 801
712 3 2 1 1 801 840 841 802
713 3 2 1 1 802 841 842 803
714 3 2 1 1 803 842 843 804
715 3 2 1 1 804 843 844 805
716 3 2 1 1 805 844 845 806
717 3 2 1 1 806 845 846 807
718 3 2 1 1 807 846 847 808
719 3 2 1 1 808 847 848 809
720 3 2 1 1 809 848 849 810
721 3 2 1 1 810 849 850 811
722 3 2 1 1 811 850 851 812
723 3 2 1 1 812 851 852 813
724 3 2 1 1 813 852 853 814
725 3 2 1 1 814 853 854 815
726 3 2 1 1 815 854 855 816
727 3 2 1 1 816 855 856 817
728 3 2 1 1 817 856 857 818
729 3 2 1 1 818 857 858 819
730 3 2 1 1 819 858 859 820
731 3 2 1 1 820 859 860 821
732 3 2 1 1 821 860 73 74
733 3 2 1 1 133 134 861 822
734 3 2 1 1 822 861 862 823
735 3 2 1 1 823 862 863 824
736 3 2 1 1 824 863 864 825
737 3 2 1 1 825 864 865 826
738 3 2 1 1 826 865 866 827
739 3 2 1 1 827 866 867 828
740 3 2 1 1 828 867 868 829
741 3 2 1 1 829 868 869 830
742 3 2 1 1 830 869 870 831
743 3 2 1 1 831 870 871 832
744 3 2 1 1 832 871 872 833
745 3 2 1 1 833 872 873 834
746 3 2 1 1 834 873 874 835
747 3 2 1 1 835 874 875 836
748 3 2 1 1 836 875 876 837
749 3 2 1 1 837 876 877 838
750 3 2 1 1 838 877 878 839
751 3 2 1 1 839 878 879 840
752 3 2 1 1 840 879 880 841
753 3 2 1 1 841 880 881 842
754 3 2 1 1 842 881 882 843
755 3 2 1 1 843 882 883 844
756 3 2 1 1 844 883 884 845
757 3 2 1 1 845 884 885 846
758 3 2 1 1 846 885 886 847
759 3 2 1 1 847 886 887 848
760 3 2 1 1 848 887 888 849
761 3 2 1 1 849 888 889 850
762 3 2 1 1 850 889 890 851
763 3 2 1 1 851 890 891 852
764 3 2 1 1 852 891 892 853
765 3 2 1 1 853 892 893 854
766 3 2 1 1 854 893 894 855
767 3 2 1 1 855 894 895 856
768 3 2 1 1 856 895 896 857
769 3 2 1 1 857 896 897 858
770 3 2 1 1 858 897 898 859
771 3 2 1 1 859 898 899 860
772 3 2 1 1 860 899 72 73
773 3 2 1 1 134 135 900 861
774 3 2 1 1 861 900 901 862
775 3 2 1 1 862 901 902 863
776 3 2 1 1 863 902 903 864
777 3 2 1 1 864 903 904 865
778 3 2 1 1 865 904 905 866
779 3 2 1 1 866 905 906 867
780 3 2 1 1 867 906 907 868
781 3 2 1 1 868 907 908 869
782 3 2 1 1 869 908 909 870
783 3 2 1 1 870 909 910 871
784 3 2 1 1 871 910 911 872
785 3 2 1 1 872 911 912 873
786 3 2 1 1 873 912 913 874
787 3 2 1 1 874 913 914 875
788 3 2 1 1 875 914 915 876
789 3 2 1 1 876 915 916 877
790 3 2 1 1 877 916 917 878
791 3 2 1 1 878 917 918 879
792 3 2 1 1 879 918 919 880
793 3 2 1 1 880 919 920 881
794 3 2 1 1 881 920 921 882
795 3 2 1 1 882 921 922 883
796 3 2 1 1 883 922 923 884
797 3 2 1 1 884 923 924 885
798 3 2 1 1 885 924 925 886
799 3 2 1 1 886 925 926 887
800 3 2 1 1 887 926 927 888
801 3 2 1 1 888 927 928 889
802 3 2 1 1 889 928 929 890
803 3 2 1 1 890 929 930 891
804 3 2 1 1 891 930 931 892
805 3 2 1 1 892 931 932 893
806 3 2 1 1 893 932 933 894
807 3 2 1 1 894 933 934 895
808 3 2 1 1 895 934 935 896
809 3 2 1 1 896 935 936 897
810 3 2 1 1 897 936 937 898
811 3 2 1 1 898 937 938 899
812 3 2 1 1 899 938 71 72
813 3 2 1 1 135 136 939 900
814 3 2 1 1 900 939 940 901
815 3 2 1 1 901 940 941 902
816 3 2 1 1 902 941 942 903
817 3 2 1 1 903 942 943 904
818 3 2 1 1 904 943 944 905
819 3 2 1 1 905 944 945 906
820 3 2 1 1 906 945 946 907
821 3 2 1 1 907 946 947 908
822 3 2 1 1 908 947 948 909
823 3 2 1 1 909 948 949 910
824 3 2 1 1 910 949 950 911
825 3 2 1 1 911 950 951 912
826 3 2 1 1 912 951 952 913
827 3 2 1 1 913 952 953 914
828 3 2 1 1 914 953 954 915
829 3 2 1 1 915 954 955 916
830 3 2 1 1 916 955 956 917
831 3 2 1 1 917 956 957 918
832 3 2 1 1 918 957 958 919
833 3 2 1 1 919 958 959 920
834 3 2 1 1 920 959 960 921
835 3 2 1 1 921 960 961 922
836 3 2 1 1 922 961 962 923
837 3 2 1 1 923 962 963 924
838 3 2 1 1 924 963 964 925
839 3 2 1 1 925 964 965 926
840 3 2 1 1 926 965 966 927
841 3 2 1 1 927 966 967 928
842 3 2 1 1 928 967 968 929
843 3 2 1 1 929 968 969 930
844 3 2 1 1 930 969 970 931
845 3 2 1 1 931 970 971 932
846 3 2 1 1 932 971 972 933
847 3 2 1 1 933 972 973 934
848 3 2 1 1 934 973 974 935
849 3 2 1 1 935 974 975 936
850 3 2 1 1 936 975 976 937
851 3 2 1 1 937 976 977 938
852 3 2 1 1 938 977 70 71
853 3 2 1 1 136 4 137 939
854 3 2 1 1 939 137 138 940
855 3 2 1 1 940 138 139 941
856 3 2 1 1 941 139 140 942
857 3 2 1 1 942 140 141 943
858 3 2 1 1 943 141 142 944
859 3 2 1 1 944 142 143 945
860 3 2 1 1 945 143 144 946
861 3 2 1 1 946 144 145 947
862 3 2 1 1 947 145 146 948
863 3 2 1 1 948 146 147 949
864 3 2 1 1 949 147 148 950
865 3 2 1 1 950 148 149 951
866 3 2 1 1 951 149 150 952
867 3 2 1 1 952 150 151 953
868 3 2 1 1 953 151 152 954
869 3 2 1 1 954 152 153 955
870 3 2 1 1 955 153 154 956
871 3 2 1 1 956 154 155 957
872 3 2 1 1 957 155 156 958
873 3 2 1 1 958 156 157 959
874 3 2 1 1 959 157 158 960
875 3 2 1 1 960 158 159 961
876 3 2 1 1 961 159 160 962
877 3 2 1 1 962 160 161 963
878 3 2 1 1 963 161 162 964
879 3 2 1 1 964 162 163 965
880 3 2 1 1 965 163 164 966
881 3 2 1 1 966 164 165 967
882 3 2 1 1 967 165 166 968
883 3 2 1 1 968 166 167 969
884 3 2 1 1 969 167 168 970
885 3 2 1 1 970 168 169 971
886 3 2 1 1 971 169 170 972
887 3 2 1 1 972 170 171 973
888 3 2 1 1 973 171 172 974
889 3 2 1 1 974 172 173 975
890 3 2 1 1 975 173 174 976
891 3 2 1 1 976 174 175 977
892 3 2 1 1 977 175 5 70
893 3 2 1 2 5 176 978 70
894 3 2 1 2 176 177 979 978
895 3 2 1 2 177 178 980 979
896 3 2 1 2 178 179 981 980
897 3 2 1 2 179 180 982 981
898 3 2 1 2 180 181 983 982
899 3 2 1 2 181 182 984 983
900 3 2 1 2 182 183 985 984
901 3 2 1 2 183 184 986 985
902 3 2 1 2 184 185 987 986
903 3 2 1 2 185 186 988 987
904 3 2 1 2 186 187 989 988
905 3 2 1 2 187 188 990 989
906 3 2 1 2 188 189 991 990
907 3 2 1 2 189 190 992 991
908 3 2 1 2 190 191 993 992
909 3 2 1 2 191 192 994 993
910 3 2 1 2 192 193 995 994
911 3 2 1 2 193 194 996 995
912 3 2 1 2 194 195 997 996
913 3 2 1 2 195 196 998 997
914 3 2 1 2 196 197 999 998
915 3 2 1 2 197 198 1000 999
916 3 2 1 2 198 199 1001 1000
917 3 2 1 2 199 200 1002 1001
918 3 2 1 2 200 201 1003 1002
919 3 2 1 2 201 202 1004 1003
920 3 2 1 2 202 203 1005 1004
921 3 2 1 2 203 204 1006 1005
922 3 2 1 2 204 205 1007 1006
923 3 2 1 2 205 206 1008 1007
924 3 2 1 2 206 207 1009 1008
925 3 2 1 2 207 208 1010 1009
926 3 2 1 2 208 209 1011 1010
927 3 2 1 2 209 210 1012 1011
928 3 2 1 2 210 211 1013 1012
929 3 2 1 2 211 212 1014 1013
930 3 2 1 2 212 213 1015 1014
931 3 2 1 2 213 214 1016 1015
932 3 2 1 2 214 6 17 1016
933 3 2 1 2 70 978 1017 71
934 3 2 1 2 978 979 1018 1017
935 3 2 1 2 979 980 1019 1018
936 3 2 1 2 980 981 1020 1019
937 3 2 1 2 981 982 1021 1020
938 3 2 1 2 982 983 1022 1021
939 3 2 1 2 983 984 1023 1022
940 3 2 1 2 984 985 1024 1023
941 3 2 1 2 985 986 1025 1024
942 3 2 1 2 986 987 1026 1025
943 3 2 1 2 987 988 1027 1026
944 3 2 1 2 988 989 1028 1027
945 3 2 1 2 989 990 1029 1028
946 3 2 1 2 990 991 1030 1029
947 3 2 1 2 991 992 1031 1030
948 3 2 1 2 992 993 1032 1031
949 3 2 1 2 993 994 1033 1032
950 3 2 1 2 994 995 1034 1033
951 3 2 1 2 995 996 1035 1034
952 3 2 1 2 996 997 1036 1035
953 3 2 1 2 997 998 1037 1036
954 3 2 1 2 998 999 1038 1037
955 3 2 1 2 999 1000 1039 1038
956 3 2 1 2 1000 1001 1040 1039
957 3 2 1 2 1001 1002 1041 1040
958 3 2 1 2 1002 1003 1042 1041
959 3 2 1 2 1003 1004 1043 1042
960 3 2 1 2 1004 1005 1044 1043
961 3 2 1 2 1005 1006 1045 1044
962 3 2 1 2 1006 1007 1046 1045
963 3 2 1 2 1007 1008 1047 1046
964 3 2 1 2 1008 1009 1048 1047
965 3 2 1 2 1009 1010 1049 1048
966 3 2 1 2 1010 1011 1050 1049
967 3 2 1 2 1011 1012 1051 1050
968 3 2 1 2 1012 1013 1052 1051
969 3 2 1 2 1013 1014 1053 1052
970 3 2 1 2 1014 1015 1054 1053
971 3 2 1 2 1015 1016 1055 1054
972 3 2 1 2 1016 17 18 1055
973 3 2 1 2 71 1017 1056 72
974 3 2 1 2 1017 1018 1057 1056
975 3 2 1 2 1018 1019 1058 1057
976 3 2 1 2 1019 1020 1059 1058
977 3 2 1 2 1020 1021 1060 1059
978 3 2 1 2 1021 1022 1061 1060
979 3 2 1 2 1022 1023 1062 1061
980 3 2 1 2 1023 1024 1063 1062
981 3 2 1 2 1024 1025 1064 1063
982 3 2 1 2 1025 1026 1065 1064
983 3 2 1 2 1026 1027 1066 1065
984 3 2 1 2 1027 1028 1067 1066
985 3 2 1 2 1028 1029 1068 1067
986 3 2 1 2 1029 1030 1069 1068
987 3 2 1 2 1030 1031 1070 1069
988 3 2 1 2 1031 1032 1071 1070
989 3 2 1 2 1032 1033 1072 1071
990 3 2 1 2 1033 1034 1073 1072
991 3 2 1 2 1034 1035 1074 1073
992 3 2 1 2 1035 1036 1075 1074
993 3 2 1 2 1036 1037 1076 1075
994 3 2 1 2 1037 1038 1077 1076
995 3 2 1 2 1038 1039 1078 1077
996 3 2 1 2 1039 1040 1079 1078
997 3 2 1 2 1040 1041 1080 1079
998 3 2 1 2 1041 1042 1081 1080
999 3 2 1 2 1042 1043 1082 1081
1000 3 2 1 2 1043 1044 1083 1082
1001 3 2 1 2 1044 1045 1084 1083
1002 3 2 1 2 1045 1046 1085 1084
1003 3 2 1 2 1046 1047 1086 1085
1004 3 2 1 2 1047 1048 1087 1086
1005 3 2 1 2 1048 1049 1088 1087
1006 3 2 1 2 1049 1050 1089 1088
1007 3 2 1 2 1050 1051 1090 1089
1008 3 2 1 2 1051 1052 1091 1090
1009 3 2 1 2 1052 1053 1092 1091
1010 3 2 1 2 1053 1054 1093 1092
1011 3 2 1 2 1054 1055 1094 1093
1012 3 2 1 2 1055 18 19 1094
1013 3 2 1 2 72 1056 1095 73
1014 3 2 1 2 1056 1057 1096 1095
1015 3 2 1 2 1057 1058 1097 1096
1016 3 2 1 2 1058 1059 1098 1097
1017 3 2 1 2 1059 1060 1099 1098
1018 3 2 1 2 1060 1061 1100 1099
1019 3 2 1 2 1061 1062 1101 1100
1020 3 2 1 2 1062 1063 1102 1101
1021 3 2 1 2 1063 1064 1103 1102
1022 3 2 1 2 1064 1065 1104 1103
1023 3 2 1 2 1065 1066 1105 1104
1024 3 2 1 2 1066 1067 1106 1105
1025 3 2 1 2 1067 1068 1107 1106
1026 3 2 1 2 1068 1069 1108 1107
1027 3 2 1 2 1069 1070 1109 1108
1028 3 2 1 2 1070 1071 1110 1109
1029 3 2 1 2 1071 1072 1111 1110
1030 3 2 1 2 1072 1073 1112 1111
1031 3 2 1 2 1073 1074 1113 1112
1032 3 2 1 2 1074 1075 1114 1113
1033 3 2 1 2 1075 1076 1115 1114
1034 3 2 1 2 1076 1077 1116 1115
1035 3 2 1 2 1077 1078 1117 1116
1036 3 2 1 2 1078 1079 1118 1117
1037 3 2 1 2 1079 1080 1119 1118
1038 3 2 1 2 1080 1081 1120 1119
1039 3 2 1 2 1081 1082 1121 1120
1040 3 2 1 2 1082 1083 1122 1121
1041 3 2 1 2 1083 1084 1123 1122
1042 3 2 1 2 1084 1085 1124 1123
1043 3 2 1 2 1085 1086 1125 1124
1044 3 2 1 2 1086 1087 1126 1125
1045 3 2 1 2 1087 1088 1127 1126
1046 3 2 1 2 1088 1089 1128 1127
1047 3 2 1 2 1089 1090 1129 1128
1048 3 2 1 2 1090 1091 1130 1129
1049 3 2 1 2 1091 1092 1131 1130
1050 3 2 1 2 1092 1093 1132 1131
1051 3 2 1 2 1093 1094 1133 1132
1052 3 2 1 2 1094 19 20 1133
1053 3 2 1 2 73 1095 1134 74
1054 3 2 1 2 1095 1096 1135 1134
1055 3 2 1 2 1096 1097 1136 1135
1056 3 2 1 2 1097 1098 1137 1136
1057 3 2 1 2 1098 1099 1138 1137
1058 3 2 1 2 1099 1100 1139 1138
1059 3 2 1 2 1100 1101 1140 1139
1060 3 2 1 2 1101 1102 1141 1140
1061 3 2 1 2 1102 1103 1142 1141
1062 3 2 1 2 1103 1104 1143 1142
1063 3 2 1 2 1104 1105 1144 1143
1064 3 2 1 2 1105 1106 1145 1144
1065 3 2 1 2 1106 1107 1146 1145
1066 3 2 1 2 1107 1108 1147 1146
1067 3 2 1 2 1108 1109 1148 1147
1068 3 2 1 2 1109 1110 1149 1148
1069 3 2 1 2 1110 1111 1150 1149
1070 3 2 1 2 1111 1112 1151 1150
1071 3 2 1 2 1112 1113 1152 1151
1072 3 2 1 2 1113 1114 1153 1152
1073 3 2 1 2 1114 1115 1154 1153
1074 3 2 1 2 1115 1116 1155 1154
1075 3 2 1 2 1116 1117 1156 1155
1076 3 2 1 2 1117 1118 1157 1156
1077 3 2 1 2 1118 1119 1158 1157
1078 3 2 1 2 1119 1120 1159 1158
1079 3 2 1 2 1120 1121 1160 1159
1080 3 2 1 2 1121 1122 1161 1160
1081 3 2 1 2 1122 1123 1162 1161
1082 3 2 1 2 1123 1124 1163 1162
1083 3 2 1 2 1124 1125 1164 1163
1084 3 2 1 2 1125 1126 1165 1164
1085 3 2 1 2 1126 1127 1166 1165
1086 3 2 1 2 1127 1128 1167 1166
1087 3 2 1 2 1128 1129 1168 1167
1088 3 2 1 2 1129 1130 1169 1168
1089 3 2 1 2 1130 1131 1170 1169
1090 3 2 1 2 1131 1132 1171 1170
1091 3 2 1 2 1132 1133 1172 1171
1092 3 2 1 2 1133 20 21 1172
1093 3 2 1 2 74 1134 1173 75
1094 3 2 1 2 1134 1135 1174 1173
1095 3 2 1 2 1135 1136 1175 1174
1096 3 2 1 2 1136 1137 1176 1175
1097 3 2 1 2 1137 1138 1177 1176
1098 3 2 1 2 1138 1139 1178 1177
1099 3 2 1 2 1139 1140 1179 1178
1100 3 2 1 2 1140 1141 1180 1179
1101 3 2 1 2 1141 1142 1181 1180
1102 3 2 1 2 1142 1143 1182 1181
1103 3 2 1 2 1143 1144 1183 1182
1104 3 2 1 2 1144 1145 1184 1183
1105 3 2 1 2 1145 1146 1185 1184
1106 3 2 1 2 1146 1147 1186 1185
1107 3 2 1 2 1147 1148 1187 1186
1108 3 2 1 2 1148 1149 1188 1187
1109 3 2 1 2 1149 1150 1189 1188
1110 3 2 1 2 1150 1151 1190 1189
1111 3 2 1 2 1151 1152 1191 1190
1112 3 2 1 2 1152 1153 1192 1191
1113 3 2 1 2 1153 1154 1193 1192
1114 3 2 1 2 1154 1155 1194 1193
1115 3 2 1 2 1155 1156 1195 1194
1116 3 2 1 2 1156 1157 1196 1195
1117 3 2 1 2 1157 1158 1197 1196
1118 3 2 1 2 1158 1159 1198 1197
1119 3 2 1 2 1159 1160 1199 1198
1120 3 2 1 2 1160 1161 1200 1199
1121 3 2 1 2 1161 1162 1201 1200
1122 3 2 1 2 1162 1163 1202 1201
1123 3 2 1 2 1163 1164 1203 1202
1124 3 2 1 2 1164 1165 1204 1203
1125 3 2 1 2 1165 1166 1205 1204
1126 3 2 1 2 1166 1167 1206 1205
1127 3 2 1 2 1167 1168 1207 1206
1128 3 2 1 2 1168 1169 1208 1207
1129 3 2 1 2 1169 1170 1209 1208
1130 3 2 1 2 1170 1171 1210 1209
1131 3 2 1 2 1171 1172 1211 1210
1132 3 2 1 2 1172 21 22 1211
1133 3 2 1 2 75 1173 1212 76
1134 3 2 1 2 1173 1174 1213 1212
1135 3 2 1 2 1174 1175 1214 1213
1136 3 2 1 2 1175 1176 1215 1214
1137 3 2 1 2 1176 1177 1216 1215
1138 3 2 1 2 1177 1178 1217 1216
1139 3 2 1 2 1178 1179 1218 1217
1140 3 2 1 2 1179 1180 1219 1218
1141 3 2 1 2 1180 1181 1220 1219
1142 3 2 1 2 1181 1182 1221 1220
1143 3 2 1 2 1182 1183 1222 1221
1144 3 2 1 2 1183 1184 1223 1222
1145 3 2 1 2 1184 1185 1224 1223
1146 3 2 1 2 1185 1186 1225 1224
1147 3 2 1 2 1186 1187 1226 1225
1148 3 2 1 2 1187 1188 1227 1226
1149 3 2 1 2 1188 1189 1228 1227
1150 3 2 1 2 1189 1190 1229 1228
1151 3 2 1 2 1190 1191 1230 1229
1152 3 2 1 2 1191 1192 1231 1230
1153 3 2 1 2 1192 1193 1232 1231
1154 3 2 1 2 1193 1194 1233 1232
1155 3 2 1 2 1194 1195 1234 1233
1156 3 2 1 2 1195 1196 1235 1234
1157 3 2 1 2 1196 1197 1236 1235
1158 3 2 1 2 1197 1198 1237 1236
1159 3 2 1 2 1198 1199 1238 1237
1160 3 2 1 2 1199 1200 1239 1238
1161 3 2 1 2 1200 1201 1240 1239
1162 3 2 1 2 1201 1202 1241 1240
1163 3 2 1 2 1202 1203 1242 1241
1164 3 2 1 2 1203 1204 1243 1242
1165 3 2 1 2 1204 1205 1244 1243
1166 3 2 1 2 1205 1206 1245 1244
1167 3 2 1 2 1206 1207 1246 1245
1168 3 2 1 2 1207 1208 1247 1246
1169 3 2 1 2 1208 1209 1248 1247
1170 3 2 1 2 1209 1210 1249 1248
1171 3 2 1 2 1210 1211 1250 1249
1172 3 2 1 2 1211 22 23 1250
1173 3 2 1 2 76 1212 1251 77
1174 3 2 1 2 1212 1213 1252 1251
1175 3 2 1 2 1213 1214 1253 1252
1176 3 2 1 2 1214 1215 1254 1253
1177 3 2 1 2 1215 1216 1255 1254
1178 3 2 1 2 1216 1217 1256 1255
1179 3 2 1 2 1217 1218 1257 1256
1180 3 2 1 2 1218 1219 1258 1257
1181 3 2 1 2 1219 1220 1259 1258
1182 3 2 1 2 1220 1221 1260 1259
1183 3 2 1 2 1221 1222 1261 1260
1184 3 2 1 2 1222 1223 1262 1261
1185 3 2 1 2 1223 1224 1263 1262
1186 3 2 1 2 1224 1225 1264 1263
1187 3 2 1 2 1225 1226 1265 1264
1188 3 2 1 2 1226 1227 1266 1265
1189 3 2 1 2 1227 1228 1267 1266
1190 3 2 1 2 1228 1229 1268 1267
1191 3 2 1 2 1229 1230 1269 1268
1192 3 2 1 2 1230 1231 1270 1269
1193 3 2 1 2 1231 1232 1271 1270
1194 3 2 1 2 1232 1233 1272 1271
1195 3 2 1 2 1233 1234 1273 1272
1196 3 2 1 2 1234 1235 1274 1273
1197 3 2 1 2 1235 1236 1275 1274
1198 3 2 1 2 1236 1237 1276 1275
1199 3 2 1 2 1237 1238 1277 1276
1200 3 2 1 2 1238 1239 1278 1277
1201 3 2 1 2 1239 1240 1279 1278
1202 3 2 1 2 1240 1241 1280 1279
1203 3 2 1 2 1241 1242 1281 1280
1204 3 2 1 2 1242 1243 1282 1281
1205 3 2 1 2 1243 1244 1283 1282
1206 3 2 1 2 1244 1245 1284 1283
1207 3 2 1 2 1245 1246 1285 1284
1208 3 2 1 2 1246 1247 1286 1285
1209 3 2 1 2 1247 1248 1287 1286
1210 3 2 1 2 1248 1249 1288 1287
1211 3 2 1 2 1249 1250 1289 1288
1212 3 2 1 2 1250 23 24 1289
1213 3 2 1 2 77 1251 1290 78
1214 3 2 1 2 1251 1252 1291 1290
1215 3 2 1 2 1252 1253 1292 1291
1216 3 2 1 2 1253 1254 1293 1292
1217 3 2 1 2 1254 1255 1294 1293
1218 3 2 1 2 1255 1256 1295 1294
1219 3 2 1 2 1256 1257 1296 1295
1220 3 2 1 2 1257 1258 1297 1296
1221 3 2 1 2 1258 1259 1298 1297
1222 3 2 1 2 1259 1260 1299 1298
1223 3 2 1 2 1260 1261 1300 1299
1224 3 2 1 2 1261 1262 1301 1300
1225 3 2 1 2 1262 1263 1302 1301
1226 3 2 1 2 1263 1264 1303 1302
1227 3 2 1 2 1264 1265 1304 1303
1228 3 2 1 2 1265 1266 1305 1304
1229 3 2 1 2 1266 1267 1306 1305
1230 3 2 1 2 1267 1268 1307 1306
1231 3 2 1 2 1268 1269 1308 1307
1232 3 2 1 2 1269 1270 1309 1308
1233 3 2 1 2 1270 1271 1310 1309
1234 3 2 1 2 1271 1272 1311 1310
1235 3 2 1 2 1272 1273 1312 1311
1236 3 2 1 2 1273 1274 1313 1312
1237 3 2 1 2 1274 1275 1314 1313
1238 3 2 1 2 1275 1276 1315 1314
1239 3 2 1 2 1276 1277 1316 1315
1240 3 2 1 2 1277 1278 1317 1316
1241 3 2 1 2 1278 1279 1318 1317
1242 3 2 1 2 1279 1280 1319 1318
1243 3 2 1 2 1280 1281 1320 1319
1244 3 2 1 2 1281 1282 1321 1320
1245 3 2 1 2 1282 1283 1322 1321
1246 3 2 1 2 1283 1284 1323 1322
1247 3 2 1 2 1284 1285 1324 1323
1248 3 2 1 2 1285 1286 1325 1324
1249 3 2 1 2 1286 1287 1326 1325
1250 3 2 1 2 1287 1288 1327 1326
1251 3 2 1 2 1288 1289 1328 1327
1252 3 2 1 2 1289 24 25 1328
1253 3 2 1 2 78 1290 1329 79
1254 3 2 1 2 1290 1291 1330 1329
1255 3 2 1 2 1291 1292 1331 1330
1256 3 2 1 2 1292 1293 1332 1331
1257 3 2 1 2 1293 1294 1333 1332
1258 3 2 1 2 1294 1295 1334 1333
1259 3 2 1 2 1295 1296 1335 1334
1260 3 2 1 2 1296 1297 1336 1335
1261 3 2 1 2 1297 1298 1337 1336
1262 3 2 1 2 1298 1299 1338 1337
1263 3 2 1 2 1299 1300 1339 1338
1264 3 2 1 2 1300 1301 1340 1339
1265 3 2 1 2 1301 1302 1341 1340
1266 3 2 1 2 1302 1303 1342 1341
1267 3 2 1 2 1303 1304 1343 1342
1268 3 2 1 2 1304 1305 1344 1343
1269 3 2 1 2 1305 1306 1345 1344
1270 3 2 1 2 1306 1307 1346 1345
1271 3 2 1 2 1307 1308 1347 1346
1272 3 2 1 2 1308 1309 1348 1347
1273 3 2 1 2 1309 1310 1349 1348
1274 3 2 1 2 1310 1311 1350 1349
1275 3 2 1 2 1311 1312 1351 1350
1276 3 2 1 2 1312 1313 1352 1351
1277 3 2 1 2 1313 1314 1353 1352
1278 3 2 1 2 1314 1315 1354 1353
1279 3 2 1 2 1315 1316 1355 1354
1280 3 2 1 2 1316 1317 1356 1355
1281 3 2 1 2 1317 1318 1357 1356
1282 3 2 1 2 1318 1319 1358 1357
1283 3 2 1 2 1319 1320 1359 1358
1284 3 2 1 2 1320 1321 1360 1359
1285 3 2 1 2 1321 1322 1361 1360
1286 3 2 1 2 1322 1323 1362 1361
1287 3 2 1 2 1323 1324 1363 1362
1288 3 2 1 2 1324 1325 1364 1363
1289 3 2 1 2 1325 1326 1365 1364
1290 3 2 1 2 1326 1327 1366 1365
1291 3 2 1 2 1327 1328 1367 1366
1292 3 2 1 2 1328 25 26 1367
1293 3 2 1 2 79 1329 1368 80
1294 3 2 1 2 1329 1330 1369 1368
1295 3 2 1 2 1330 1331 1370 1369
1296 3 2 1 2 1331 1332 1371 1370
1297 3 2 1 2 1332 1333 1372 1371
1298 3 2 1 2 1333 1334 1373 1372
1299 3 2 1 2 1334 1335 1374 1373
1300 3 2 1 2 1335 1336 1375 1374
1301 3 2 1 2 1336 1337 1376 1375
1302 3 2 1 2 1337 1338 1377 1376
1303 3 2 1 2 1338 1339 1378 1377
1304 3 2 1 2 1339 1340 1379 1378
1305 3 2 1 2 1340 1341 1380 1379
1306 3 2 1 2 1341 1342 1381 1380
1307 3 2 1 2 1342 1343 1382 1381
1308 3 2 1 2 1343 1344 1383 1382
1309 3 2 1 2 1344 1345 1384 1383
1310 3 2 1 2 1345 1346 1385 1384
1311 3 2 1 2 1346 1347 1386 1385
1312 3 2 1 2 1347 1348 1387 1386
1313 3 2 1 2 1348 1349 1388 1387
1314 3 2 1 2 1349 1350 1389 1388
1315 3 2 1 2 1350 1351 1390 1389
1316 3 2 1 2 1351 1352 1391 1390
1317 3 2 1 2 1352 1353 1392 1391
1318 3 2 1 2 1353 1354 1393 1392
1319 3 2 1 2 1354 1355 1394 1393
1320 3 2 1 2 1355 1356 1395 1394
1321 3 2 1 2 1356 1357 1396 1395
1322 3 2 1 2 1357 1358 1397 1396
1323 3 2 1 2 1358 1359 1398 1397
1324 3 2 1 2 1359 1360 1399 1398
1325 3 2 1 2 1360 1361 1400 1399
1326 3 2 1 2 1361 1362 1401 1400
1327 3 2 1 2 1362 1363 1402 1401
1328 3 2 1 2 1363 1364 1403 1402
1329 3 2 1 2 1364 1365 1404 1403
1330 3 2 1 2 1365 1366 1405 1404
1331 3 2 1 2 1366 1367 1406 1405
1332 3 2 1 2 1367 26 27 1406
1333 3 2 1 2 80 1368 1407 81
1334 3 2 1 2 1368 1369 1408 1407
1335 3 2 1 2 1369 1370 1409 1408
1336 3 2 1 2 1370 1371 1410 1409
1337 3 2 1 2 1371 1372 1411 1410
1338 3 2 1 2 1372 1373 1412 1411
1339 3 2 1 2 1373 1374 1413 1412
1340 3 2 1 2 1374 1375 1414 1413
1341 3 2 1 2 1375 1376 1415 1414
1342 3 2 1 2 1376 1377 1416 1415
1343 3 2 1 2 1377 1378 1417 1416
1344 3 2 1 2 1378 1379 1418 1417
1345 3 2 1 2 1379 1380 1419 1418
1346 3 2 1 2 1380 1381 1420 1419
1347 3 2 1 2 1381 1382 1421 1420
1348 3 2 1 2 1382 1383 1422 1421
1349 3 2 1 2 1383 1384 1423 1422
1350 3 2 1 2 1384 1385 1424 1423
1351 3 2 1 2 1385 1386 1425 1424
1352 3 2 1 2 1386 1387 1426 1425
1353 3 2 1 2 1387 1388 1427 1426
1354 3 2 1 2 1388 1389 1428 1427
1355 3 2 1 2 1389 1390 1429 1428
1356 3 2 1 2 1390 1391 1430 1429
1357 3 2 1 2 1391 1392 1431 1430
1358 3 2 1 2 1392 1393 1432 1431
1359 3 2 1 2 1393 1394 1433 1432
1360 3 2 1 2 1394 1395 1434 1433
1361 3 2 1 2 1395 1396 1435 1434
1362 3 2 1 2 1396 1397 1436 1435
1363 3 2 1 2 1397 1398 1437 1436
1364 3 2 1 2 1398 1399 1438 1437
1365 3 2 1 2 1399 1400 1439 1438
1366 3 2 1 2 1400 1401 1440 1439
1367 3 2 1 2 1401 1402 1441 1440
1368 3 2 1 2 1402 1403 1442 1441
1369 3 2 1 2 1403 1404 1443 1442
1370 3 2 1 2 1404 1405 1444 1443
1371 3 2 1 2 1405 1406 1445 1444
1372 3 2 1 2 1406 27 28 1445
1373 3 2 1 2 81 1407 1446 82
1374 3 2 1 2 1407 1408 1447 1446
1375 3 2 1 2 1408 1409 1448 1447
1376 3 2 1 2 1409 1410 1449 1448
1377 3 2 1 2 1410 1411 1450 1449
1378 3 2 1 2 1411 1412 1451 1450
1379 3 2 1 2 1412 1413 1452 1451
1380 3 2 1 2 1413 1414 1453 1452
1381 3 2 1 2 1414 1415 1454 1453
1382 3 2 1 2 1415 1416 1455 1454
1383 3 2 1 2 1416 1417 1456 1455
1384 3 2 1 2 1417 1418 1457 1456
1385 3 2 1 2 1418 1419 1458 1457
1386 3 2 1 2 1419 1420 1459 1458
1387 3 2 1 2 1420 1421 1460 1459
1388 3 2 1 2 1421 1422 1461 1460
1389 3 2 1 2 1422 1423 1462 1461
1390 3 2 1 2 1423 1424 1463 1462
1391 3 2 1 2 1424 1425 1464 1463
1392 3 2 1 2 1425 1426 1465 1464
1393 3 2 1 2 1426 1427 1466 1465
1394 3 2 1 2 1427 1428 1467 1466
1395 3 2 1 2 1428 1429 1468 1467
1396 3 2 1 2 1429 1430 1469 1468
1397 3 2 1 2 1430 1431 1470 1469
1398 3 2 1 2 1431 1432 1471 1470
1399 3 2 1 2 1432 1433 1472 1471
1400 3 2 1 2 1433 1434 1473 1472
1401 3 2 1 2 1434 1435 1474 1473
1402 3 2 1 2 1435 1436 1475 1474
1403 3 2 1 2 1436 1437 1476 1475
1404 3 2 1 2 1437 1438 1477 1476
1405 3 2 1 2 1438 1439 1478 1477
1406 3 2 1 2 1439 1440 1479 1478
1407 3 2 1 2 1440 1441 1480 1479
1408 3 2 1 2 1441 1442 1481 1480
1409 3 2 1 2 1442 1443 1482 1481
1410 3 2 1 2 1443 1444 1483 1482
1411 3 2 1 2 1444 1445 1484 1483
1412 3 2 1 2 1445 28 29 1484
1413 3 2 1 2 82 1446 1485 83
1414 3 2 1 2 1446 1447 1486 1485
1415 3 2 1 2 1447 1448 1487 1486
1416 3 2 1 2 1448 1449 1488 1487
1417 3 2 1 2 1449 1450 1489 1488
1418 3 2 1 2 1450 1451 1490 1489
1419 3 2 1 2 1451 1452 1491 1490
1420 3 2 1 2 1452 1453 1492 1491
1421 3 2 1 2 1453 1454 1493 1492
1422 3 2 1 2 1454 1455 1494 1493
1423 3 2 1 2 1455 1456 1495 1494
1424 3 2 1 2 1456 1457 1496 1495
1425 3 2 1 2 1457 1458 1497 1496
1426 3 2 1 2 1458 1459 1498 1497
1427 3 2 1 2 1459 1460 1499 1498
1428 3 2 1 2 1460 1461 1500 1499
1429 3 2 1 2 1461 1462 1501 1500
1430 3 2 1 2 1462 1463 1502 1501
1431 3 2 1 2 1463 1464 1503 1502
1432 3 2 1 2 1464 1465 1504 1503
1433 3 2 1 2 1465 1466 1505 1504
1434 3 2 1 2 1466 1467 1506 1505
1435 3 2 1 2 1467 1468 1507 1506
1436 3 2 1 2 1468 1469 1508 1507
1437 3 2 1 2 1469 1470 1509 1508
1438 3 2 1 2 1470 1471 1510 1509
1439 3 2 1 2 1471 1472 1511 1510
1440 3 2 1 2 1472 1473 1512 1511
1441 3 2 1 2 1473 1474 1513 1512
1442 3 2 1 2 1474 1475 1514 1513
1443 3 2 1 2 1475 1476 1515 1514
1444 3 2 1 2 1476 1477 1516 1515
1445 3 2 1 2 1477 1478 1517 1516
1446 3 2 1 2 1478 1479 1518 1517
1447 3 2 1 2 1479 1480 1519 1518
1448 3 2 1 2 1480 1481 1520 1519
1449 3 2 1 2 1481 1482 1521 1520
1450 3 2 1 2 1482 1483 1522 1521
1451 3 2 1 2 1483 1484 1523 1522
1452 3 2 1 2 1484 29 30 1523
1453 3 2 1 2 83 1485 69 2
1454 3 2 1 2 1485 1486 68 69
1455 3 2 1 2 1486 1487 67 68
1456 3 2 1 2 1487 1488 66 67
1457 3 2 1 2 1488 1489 65 66
1458 3 2 1 2 1489 1490 64 65
1459 3 2 1 2 1490 1491 63 64
1460 3 2 1 2 1491 1492 62 63
1461 3 2 1 2 1492 1493 61 62
1462 3 2 1 2 1493 1494 60 61
1463 3 2 1 2 1494 1495 59 60
1464 3 2 1 2 1495 1496 58 59
1465 3 2 1 2 1496 1497 57 58
1466 3 2 1 2 1497 1498 56 57
1467 3 2 1 2 1498 1499 55 56
1468 3 2 1 2 1499 1500 54 55
1469 3 2 1 2 1500 1501 53 54
1470 3 2 1 2 1501 1502 52 53
1471 3 2 1 2 1502 1503 51 52
1472 3 2 1 2 1503 1504 50 51
1473 3 2 1 2 1504 1505 49 50
1474 3 2 1 2 1505 1506 48 49
1475 3 2 1 2 1506 1507 47 48
1476 3 2 1 2 1507 1508 46 47
1477 3 2 1 2 1508 1509 45 46
1478 3 2 1 2 1509 1510 44 45
1479 3 2 1 2 1510 1511 43 44
1480 3 2 1 2 1511 1512 42 43
1481 3 2 1 2 1512 1513 41 42
1482 3 2 1 2 1513 1514 40 41
1483 3 2 1 2 1514 1515 39 40
1484 3 2 1 2 1515 1516 38 39
1485 3 2 1 2 1516 1517 37 38
1486 3 2 1 2 1517 1518 36 37
1487 3 2 1 2 1518 1519 35 36
1488 3 2 1 2 1519 1520 34 35
1489 3 2 1 2 1520 1521 33 34
1490 3 2 1 2 1521 1522 32 33
1491 3 2 1 2 1522 1523 31 32
1492 3 2 1 2 1523 30 1 31
1493 3 2 1 3 7 215 1524 267
1494 3 2 1 3 267 1524 1525 266
1495 3 2 1 3 266 1525 1526 265
1496 3 2 1 3 265 1526 1527 264
1497 3 2 1 3 264 1527 1528 263
1498 3 2 1 3 263 1528 1529 262
1499 3 2 1 3 262 1529 1530 261
1500 3 2 1 3 261 1530 1531 260
1501 3 2 1 3 260 1531 1532 259
1502 3 2 1 3 259 1532 1533 258
1503 3 2 1 3 258 1533 1534 257
1504 3 2 1 3 257 1534 1535 256
1505 3 2 1 3 256 1535 1536 255
1506 3 2 1 3 255 1536 1537 254
1507 3 2 1 3 254 1537 1538 253
1508 3 2 1 3 253 1538 1539 252
1509 3 2 1 3 252 1539 1540 251
1510 3 2 1 3 251 1540 1541 250
1511 3 2 1 3 250 1541 1542 249
1512 3 2 1 3 249 1542 1543 248
1513 3 2 1 3 248 1543 1544 247
1514 3 2 1 3 247 1544 1545 246
1515 3 2 1 3 246 1545 1546 245
1516 3 2 1 3 245 1546 1547 244
1517 3 2 1 3 244 1547 1548 243
1518 3 2 1 3 243 1548 1549 242
1519 3 2 1 3 242 1549 1550 241
1520 3 2 1 3 241 1550 1551 240
1521 3 2 1 3 240 1551 1552 239
1522 3 2 1 3 239 1552 1553 238
1523 3 2 1 3 238 1553 1554 237
1524 3 2 1 3 237 1554 1555 236
1525 3 2 1 3 236 1555 1556 235
1526 3 2 1 3 235 1556 1557 234
1527 3 2 1 3 234 1557 1558 233
1528 3 2 1 3 233 1558 1559 232
1529 3 2 1 3 232 1559 1560 231
1530 3 2 1 3 231 1560 1561 230
1531 3 2 1 3 230 1561 1562 229
1532 3 2 1 3 229 1562 281 8
1533 3 2 1 3 215 216 1563 1524
1534 3 2 1 3 1524 1563 1564 1525
1535 3 2 1 3 1525 1564 1565 1526
1536 3 2 1 3 1526 1565 1566 1527
1537 3 2 1 3 1527 1566 1567 1528
1538 3 2 1 3 1528 1567 1568 1529
1539 3 2 1 3 1529 1568 1569 1530
1540 3 2 1 3 1530 1569 1570 1531
1541 3 2 1 3 1531 1570 1571 1532
1542 3 2 1 3 1532 1571 1572 1533
1543 3 2 1 3 1533 1572 1573 1534
1544 3 2 1 3 1534 1573 1574 1535
1545 3 2 1 3 1535 1574 1575 1536
1546 3 2 1 3 1536 1575 1576 1537
1547 3 2 1 3 1537 1576 1577 1538
1548 3 2 1 3 1538 1577 1578 1539
1549 3 2 1 3 1539 1578 1579 1540
1550 3 2 1 3 1540 1579 1580 1541
1551 3 2 1 3 1541 1580 1581 1542
1552 3 2 1 3 1542 1581 1582 1543
1553 3 2 1 3 1543 1582 1583 1544
1554 3 2 1 3 1544 1583 1584 1545
1555 3 2 1 3 1545 1584 1585 1546
1556 3 2 1 3 1546 1585 1586 1547
1557 3 2 1 3 1547 1586 1587 1548
1558 3 2 1 3 1548 1587 1588 1549
1559 3 2 1 3 1549 1588 1589 1550
1560 3 2 1 3 1550 1589 1590 1551
1561 3 2 1 3 1551 1590 1591 1552
1562 3 2 1 3 1552 1591 1592 1553
1563 3 2 1 3 1553 1592 1593 1554
1564 3 2 1 3 1554 1593 1594 1555
1565 3 2 1 3 1555 1594 1595 1556
1566 3 2 1 3 1556 1595 1596 1557
1567 3 2 1 3 1557 1596 1597 1558
1568 3 2 1 3 1558 1597 1598 1559
1569 3 2 1 3 1559 1598 1599 1560
1570 3 2 1 3 1560 1599 1600 1561
1571 3 2 1 3 1561 1600 1601 1562
1572 3 2 1 3 1562 1601 280 281
1573 3 2 1 3 216 217 1602 1563
1574 3 2 1 3 1563 1602 1603 1564
1575 3 2 1 3 1564 1603 1604 1565
1576 3 2 1 3 1565 1604 1605 1566
1577 3 2 1 3 1566 1605 1606 1567
1578 3 2 1 3 1567 1606 1607 1568
1579 3 2 1 3 1568 1607 1608 1569
1580 3 2 1 3 1569 1608 1609 1570
1581 3 2 1 3 1570 1609 1610 1571
1582 3 2 1 3 1571 1610 1611 1572
1583 3 2 1 3 1572 1611 1612 1573
1584 3 2 1 3 1573 1612 1613 1574
1585 3 2 1 3 1574 1613 1614 1575
1586 3 2 1 3 1575 1614 1615 1576
1587 3 2 1 3 1576 1615 1616 1577
1588 3 2 1 3 1577 1616 1617 1578
1589 3 2 1 3 1578 1617 1618 1579
1590 3 2 1 3 1579 1618 1619 1580
1591 3 2 1 3 1580 1619 1620 1581
1592 3 2 1 3 1581 1620 1621 1582
1593 3 2 1 3 1582 1621 1622 1583
1594 3 2 1 3 1583 1622 1623 1584
1595 3 2 1 3 1584 1623 1624 1585
1596 3 2 1 3 1585 1624 1625 1586
1597 3 2 1 3 1586 1625 1626 1587
1598 3 2 1 3 1587 1626 1627 1588
1599 3 2 1 3 1588 1627 1628 1589
1600 3 2 1 3 1589 1628 1629 1590
1601 3 2 1 3 1590 1629 1630 1591
1602 3 2 1 3 1591 1630 1631 1592
1603 3 2 1 3 1592 1631 1632 1593
1604 3 2 1 3 1593 1632 1633 1594
1605 3 2 1 3 1594 1633 1634 1595
1606 3 2 1 3 1595 1634 1635 1596
1607 3 2 1 3 1596 1635 1636 1597
1608 3 2 1 3 1597 1636 1637 1598
1609 3 2 1 3 1598 1637 1638 1599
1610 3 2 1 3 1599 1638 1639 1600
1611 3 2 1 3 1600 1639 1640 1601
1612 3 2 1 3 1601 1640 279 280
1613 3 2 1 3 217 218 1641 1602
1614 3 2 1 3 1602 1641 1642 1603
1615 3 2 1 3 1603 1642 1643 1604
1616 3 2 1 3 1604 1643 1644 1605
1617 3 2 1 3 1605 1644 1645 1606
1618 3 2 1 3 1606 1645 1646 1607
1619 3 2 1 3 1607 1646 1647 1608
1620 3 2 1 3 1608 1647 1648 1609
1621 3 2 1 3 1609 1648 1649 1610
1622 3 2 1 3 1610 1649 1650 1611
1623 3 2 1 3 1611 1650 1651 1612
1624 3 2 1 3 1612 1651 1652 1613
1625 3 2 1 3 1613 1652 1653 1614
1626 3 2 1 3 1614 1653 1654 1615
1627 3 2 1 3 1615 1654 1655 1616
1628 3 2 1 3 1616 1655 1656 1617
1629 3 2 1 3 1617 1656 1657 1618
1630 3 2 1 3 1618 1657 1658 1619
1631 3 2 1 3 1619 1658 1659 1620
1632 3 2 1 3 1620 1659 1660 1621
1633 3 2 1 3 1621 1660 1661 1622
1634 3 2 1 3 1622 1661 1662 1623
1635 3 2 1 3 1623 1662 1663 1624
1636 3 2 1 3 1624 1663 1664 1625
1637 3 2 1 3 1625 1664 1665 1626
1638 3 2 1 3 1626 1665 1666 1627
1639 3 2 1 3 1627 1666 1667 1628
1640 3 2 1 3 1628 1667 1668 1629
1641 3 2 1 3 1629 1668 1669 1630
1642 3 2 1 3 1630 1669 1670 1631
1643 3 2 1 3 1631 1670 1671 1632
1644 3 2 1 3 1632 1671 1672 1633
1645 3 2 1 3 1633 1672 1673 1634
1646 3 2 1 3 1634 1673 1674 1635
1647 3 2 1 3 1635 1674 1675 1636
1648 3 2 1 3 1636 1675 1676 1637
1649 3 2 1 3 1637 1676 1677 1638
1650 3 2 1 3 1638 1677 1678 1639
1651 3 2 1 3 1639 1678 1679 1640
1652 3 2 1 3 1640 1679 278 279
1653 3 2 1 3 218 219 1680 1641
1654 3 2 1 3 1641 1680 1681 1642
1655 3 2 1 3 1642 1681 1682 1643
1656 3 2 1 3 1643 1682 1683 1644
1657 3 2 1 3 1644 1683 1684 1645
1658 3 2 1 3 1645 1684 1685 1646
1659 3 2 1 3 1646 1685 1686 1647
1660 3 2 1 3 1647 1686 1687 1648
1661 3 2 1 3 1648 1687 1688 1649
1662 3 2 1 3 1649 1688 1689 1650
1663 3 2 1 3 1650 1689 1690 1651
1664 3 2 1 3 1651 1690 1691 1652
1665 3 2 1 3 1652 1691 1692 1653
1666 3 2 1 3 1653 1692 1693 1654
1667 3 2 1 3 1654 1693 1694 1655
1668 3 2 1 3 1655 1694 1695 1656
1669 3 2 1 3 1656 1695 1696 1657
1670 3 2 1 3 1657 1696 1697 1658
1671 3 2 1 3 1658 1697 1698 1659
1672 3 2 1 3 1659 1698 1699 1660
1673 3 2 1 3 1660 1699 1700 1661
1674 3 2 1 3 1661 1700 1701 1662
1675 3 2 1 3 1662 1701 1702 1663
1676 3 2 1 3 1663 1702 1703 1664
1677 3 2 1 3 1664 1703 1704 1665
1678 3 2 1 3 1665 1704 1705 1666
1679 3 2 1 3 1666 1705 1706 1667
1680 3 2 1 3 1667 1706 1707 1668
1681 3 2 1 3 1668 1707 1708 1669
1682 3 2 1 3 1669 1708 1709 1670
1683 3 2 1 3 1670 1709 1710 1671
1684 3 2 1 3 1671 1710 1711 1672
1685 3 2 1 3 1672 1711 1712 1673
1686 3 2 1 3 1673 1712 1713 1674
1687 3 2 1 3 1674 1713 1714 1675
1688 3 2 1 3 1675 1714 1715 1676
1689 3 2 1 3 1676 1715 1716 1677
1690 3 2 1 3 1677 1716 1717 1678
1691 3 2 1 3 1678 1717 1718 1679
1692 3 2 1 3 1679 1718 277 278
1693 3 2 1 3 219 220 1719 1680
1694 3 2 1 3 1680 1719 1720 1681
1695 3 2 1 3 1681 1720 1721 1682
1696 3 2 1 3 1682 1721 1722 1683
1697 3 2 1 3 1683 1722 1723 1684
1698 3 2 1 3 1684 1723 1724 1685
1699 3 2 1 3 1685 1724 1725 1686
1700 3 2 1 3 1686 1725 1726 1687
1701 3 2 1 3 1687 1726 1727 1688
1702 3 2 1 3 1688 1727 1728 1689
1703 3 2 1 3 1689 1728 1729 1690
1704 3 2 1 3 1690 1729 1730 1691
1705 3 2 1 3 1691 1730 1731 1692
1706 3 2 1 3 1692 1731 1732 1693
1707 3 2 1 3 1693 1732 1733 1694
1708 3 2 1 3 1694 1733 1734 1695
1709 3 2 1 3 1695 1734 1735 1696
1710 3 2 1 3 1696 1735 1736 1697
1711 3 2 1 3 1697 1736 1737 1698
1712 3 2 1 3 1698 1737 1738 1699
1713 3 2 1 3 1699 1738 1739 1700
1714 3 2 1 3 1700 1739 1740 1701
1715 3 2 1 3 1701 1740 1741 1702
1716 3 2 1 3 1702 1741 1742 1703
1717 3 2 1 3 1703 1742 1743 1704
1718 3 2 1 3 1704 1743 1744 1705
1719 3 2 1 3 1705 1744 1745 1706
1720 3 2 1 3 1706 1745 1746 1707
1721 3 2 1 3 1707 1746 1747 1708
1722 3 2 1 3 1708 1747 1748 1709
1723 3 2 1 3 1709 1748 1749 1710
1724 3 2 1 3 1710 1749 1750 1711
1725 3 2 1 3 1711 1750 1751 1712
1726 3 2 1 3 1712 1751 1752 1713
1727 3 2 1 3 1713 1752 1753 1714
1728 3 2 1 3 1714 1753 1754 1715
1729 3 2 1 3 1715 1754 1755 1716
1730 3 2 1 3 1716 1755 1756 1717
1731 3 2 1 3 1717 1756 1757 1718
1732 3 2 1 3 1718 1757 276 277
1733 3 2 1 3 220 221 1758 1719
1734 3 2 1 3 1719 1758 1759 1720
1735 3 2 1 3 1720 1759 1760 1721
1736 3 2 1 3 1721 1760 1761 1722
1737 3 2 1 3 1722 1761 1762 1723
1738 3 2 1 3 1723 1762 1763 1724
1739 3 2 1 3 1724 1763 1764 1725
1740 3 2 1 3 1725 1764 1765 1726
1741 3 2 1 3 1726 1765 1766 1727
1742 3 2 1 3 1727 1766 1767 1728
1743 3 2 1 3 1728 1767 1768 1729
1744 3 2 1 3 1729 1768 1769 1730
1745 3 2 1 3 1730 1769 1770 1731
1746 3 2 1 3 1731 1770 1771 1732
1747 3 2 1 3 1732 1771 1772 1733
1748 3 2 1 3 1733 1772 1773 1734
1749 3 2 1 3 1734 1773 1774 1735
1750 3 2 1 3 1735 1774 1775 1736
1751 3 2 1 3 1736 1775 1776 1737
1752 3 2 1 3 1737 1776 1777 1738
1753 3 2 1 3 1738 1777 1778 1739
1754 3 2 1 3 1739 1778 1779 1740
1755 3 2 1 3 1740 1779 1780 1741
1756 3 2 1 3 1741 1780 1781 1742
1757 3 2 1 3 1742 1781 1782 1743
1758 3 2 1 3 1743 1782 1783 1744
1759 3 2 1 3 1744 1783 1784 1745
1760 3 2 1 3 1745 1784 1785 1746
1761 3 2 1 3 1746 1785 1786 1747
1762 3 2 1 3 1747 1786 1787 1748
1763 3 2 1 3 1748 1787 1788 1749
1764 3 2 1 3 1749 1788 1789 1750
1765 3 2 1 3 1750 1789 1790 1751
1766 3 2 1 3 1751 1790 1791 1752
1767 3 2 1 3 1752 1791 1792 1753
1768 3 2 1 3 1753 1792 1793 1754
1769 3 2 1 3 1754 1793 1794 1755
1770 3 2 1 3 1755 1794 1795 1756
1771 3 2 1 3 1756 1795 1796 1757
1772 3 2 1 3 1757 1796 275 276
1773 3 2 1 3 221 222 1797 1758
1774 3 2 1 3 1758 1797 1798 1759
1775 3 2 1 3 1759 1798 1799 1760
1776 3 2 1 3 1760 1799 1800 1761
1777 3 2 1 3 1761 1800 1801 1762
1778 3 2 1 3 1762 1801 1802 1763
1779 3 2 1 3 1763 1802 1803 1764
1780 3 2 1 3 1764 1803 1804 1765
1781 3 2 1 3 1765 1804 1805 1766
1782 3 2 1 3 1766 1805 1806 1767
1783 3 2 1 3 1767 1806 1807 1768
1784 3 2 1 3 1768 1807 1808 1769
1785 3 2 1 3 1769 1808 1809 1770
1786 3 2 1 3 1770 1809 1810 1771
1787 3 2 1 3 1771 1810 1811 1772
1788 3 2 1 3 1772 1811 1812 1773
1789 3 2 1 3 1773 1812 1813 1774
1790 3 2 1 3 1774 1813 1814 1775
1791 3 2 1 3 1775 1814 1815 1776
1792 3 2 1 3 1776 1815 1816 1777
1793 3 2 1 3 1777 1816 1817 1778
1794 3 2 1 3 1778 1817 1818 1779
1795 3 2 1 3 1779 1818 1819 1780
1796 3 2 1 3 1780 1819 1820 1781
1797 3 2 1 3 1781 1820 1821 1782
1798 3 2 1 3 1782 1821 1822 1783
1799 3 2 1 3 1783 1822 1823 1784
1800 3 2 1 3 1784 1823 1824 1785
1801 3 2 1 3 1785 1824 1825 1786
1802 3 2 1 3 1786 1825 1826 1787
1803 3 2 1 3 1787 1826 1827 1788
1804 3 2 1 3 1788 1827 1828 1789
1805 3 2 1 3 1789 1828 1829 1790
1806 3 2 1 3 1790 1829 1830 1791
1807 3 2 1 3 1791 1830 1831 1792
1808 3 2 1 3 1792 1831 1832 1793
1809 3 2 1 3 1793 1832 1833 1794
1810 3 2 1 3 1794 1833 1834 1795
1811 3 2 1 3 1795 1834 1835 1796
1812 3 2 1 3 1796 1835 274 275
1813 3 2 1 3 222 223 1836 1797
1814 3 2 1 3 1797 1836 1837 1798
1815 3 2 1 3 1798 1837 1838 1799
1816 3 2 1 3 1799 1838 1839 1800
1817 3 2 1 3 1800 1839 1840 1801
1818 3 2 1 3 1801 1840 1841 1802
1819 3 2 1 3 1802 1841 1842 1803
1820 3 2 1 3 1803 1842 1843 1804
1821 3 2 1 3 1804 1843 1844 1805
1822 3 2 1 3 1805 1844 1845 1806
1823 3 2 1 3 1806 1845 1846 1807
1824 3 2 1 3 1807 1846 1847 1808
1825 3 2 1 3 1808 1847 1848 1809
1826 3 2 1 3 1809 1848 1849 1810
1827 3 2 1 3 1810 1849 1850 1811
1828 3 2 1 3 1811 1850 1851 1812
1829 3 2 1 3 1812 1851 1852 1813
1830 3 2 1 3 1813 1852 1853 1814
1831 3 2 1 3 1814 1853 1854 1815
1832 3 2 1 3 1815 1854 1855 1816
1833 3 2 1 3 1816 1855 1856 1817
1834 3 2 1 3 1817 1856 1857 1818
1835 3 2 1 3 1818 1857 1858 1819
1836 3 2 1 3 1819 1858 1859 1820
1837 3 2 1 3 1820 1859 1860 1821
1838 3 2 1 3 1821 1860 1861 1822
1839 3 2 1 3 1822 1861 1862 1823
1840 3 2 1 3 1823 1862 1863 1824
1841 3 2 1 3 1824 1863 1864 1825
1842 3 2 1 3 1825 1864 1865 1826
1843 3 2 1 3 1826 1865 1866 1827
1844 3 2 1 3 1827 1866 1867 1828
1845 3 2 1 3 1828 1867 1868 1829
1846 3 2 1 3 1829 1868 1869 1830
1847 3 2 1 3 1830 1869 1870 1831
1848 3 2 1 3 1831 1870 1871 1832
1849 3 2 1 3 1832 1871 1872 1833
1850 3 2 1 3 1833 1872 1873 1834
1851 3 2 1 3 1834 1873 1874 1835
1852 3 2 1 3 1835 1874 273 274
1853 3 2 1 3 223 224 1875 1836
1854 3 2 1 3 1836 1875 1876 1837
1855 3 2 1 3 1837 1876 1877 1838
1856 3 2 1 3 1838 1877 1878 1839
1857 3 2 1 3 1839 1878 1879 1840
1858 3 2 1 3 1840 1879 1880 1841
1859 3 2 1 3 1841 1880 1881 1842
1860 3 2 1 3 1842 1881 1882 1843
1861 3 2 1 3 1843 1882 1883 1844
1862 3 2 1 3 1844 1883 1884 1845
1863 3 2 1 3 1845 1884 1885 1846
1864 3 2 1 3 1846 1885 1886 1847
1865 3 2 1 3 1847 1886 1887 1848
1866 3 2 1 3 1848 1887 1888 1849
1867 3 2 1 3 1849 1888 1889 1850
1868 3 2 1 3 1850 1889 1890 1851
1869 3 2 1 3 1851 1890 1891 1852
1870 3 2 1 3 1852 1891 1892 1853
1871 3 2 1 3 1853 1892 1893 1854
1872 3 2 1 3 1854 1893 1894 1855
1873 3 2 1 3 1855 1894 1895 1856
1874 3 2 1 3 1856 1895 1896 1857
1875 3 2 1 3 1857 1896 1897 1858
1876 3 2 1 3 1858 1897 1898 1859
1877 3 2 1 3 1859 1898 1899 1860
1878 3 2 1 3 1860 1899 1900 1861
1879 3 2 1 3 1861 1900 1901 1862
1880 3 2 1 3 1862 1901 1902 1863
1881 3 2 1 3 1863 1902 1903 1864
1882 3 2 1 3 1864 1903 1904 1865
1883 3 2 1 3 1865 1904 1905 1866
1884 3 2 1 3 1866 1905 1906 1867
1885 3 2 1 3 1867 1906 1907 1868
1886 3 2 1 3 1868 1907 1908 1869
1887 3 2 1 3 1869 1908 1909 1870
1888 3 2 1 3 1870 1909 1910 1871
1889 3 2 1 3 1871 1910 1911 1872
1890 3 2 1 3 1872 1911 1912 1873
1891 3 2 1 3 1873 1912 1913 1874
1892 3 2 1 3 1874 1913 272 273
1893 3 2 1 3 224 225 1914 1875
1894 3 2 1 3 1875 1914 1915 1876
1895 3 2 1 3 1876 1915 1916 1877
1896 3 2 1 3 1877 1916 1917 1878
1897 3 2 1 3 1878 1917 1918 1879
1898 3 2 1 3 1879 1918 1919 1880
1899 3 2 1 3 1880 1919 1920 1881
1900 3 2 1 3 1881 1920 1921 1882
1901 3 2 1 3 1882 1921 1922 1883
1902 3 2 1 3 1883 1922 1923 1884
1903 3 2 1 3 1884 1923 1924 1885
1904 3 2 1 3 1885 1924 1925 1886
1905 3 2 1 3 1886 1925 1926 1887
1906 3 2 1 3 1887 1926 1927 1888
1907 3 2 1 3 1888 1927 1928 1889
1908 3 2 1 3 1889 1928 1929 1890
1909 3 2 1 3 1890 1929 1930 1891
1910 3 2 1 3 1891 1930 1931 1892
1911 3 2 1 3 1892 1931 1932 1893
1912 3 2 1 3 1893 1932 1933 1894
1913 3 2 1 3 1894 1933 1934 1895
1914 3 2 1 3 1895 1934 1935 1896
1915 3 2 1 3 1896 1935 1936 1897
1916 3 2 1 3 1897 1936 1937 1898
1917 3 2 1 3 1898 1937 1938 1899
1918 3 2 1 3 1899 1938 1939 1900
1919 3 2 1 3 1900 1939 1940 1901
1920 3 2 1 3 1901 1940 1941 1902
1921 3 2 1 3 1902 1941 1942 1903
1922 3 2 1 3 1903 1942 1943 1904
1923 3 2 1 3 1904 1943 1944 1905
1924 3 2 1 3 1905 1944 1945 1906
1925 3 2 1 3 1906 1945 1946 1907
1926 3 2 1 3 1907 1946 1947 1908
1927 3 2 1 3 1908 1947 1948 1909
1928 3 2 1 3 1909 1948 1949 1910
1929 3 2 1 3 1910 1949 1950 1911
1930 3 2 1 3 1911 1950 1951 1912
1931 3 2 1 3 1912 1951 1952 1913
1932 3 2 1 3 1913 1952 271 272
1933 3 2 1 3 225 226 1953 1914
1934 3 2 1 3 1914 1953 1954 1915
1935 3 2 1 3 1915 1954 1955 1916
1936 3 2 1 3 1916 1955 1956 1917
1937 3 2 1 3 1917 1956 1957 1918
1938 3 2 1 3 1918 1957 1958 1919
1939 3 2 1 3 1919 1958 1959 1920
1940 3 2 1 3 1920 1959 1960 1921
1941 3 2 1 3 1921 1960 1961 1922
1942 3 2 1 3 1922 1961 1962 1923
1943 3 2 1 3 1923 1962 1963 1924
1944 3 2 1 3 1924 1963 1964 1925
1945 3 2 1 3 1925 1964 1965 1926
1946 3 2 1 3 1926 1965 1966 1927
1947 3 2 1 3 1927 1966 1967 1928
1948 3 2 1 3 1928 1967 1968 1929
1949 3 2 1 3 1929 1968 1969 1930
1950 3 2 1 3 1930 1969 1970 1931
1951 3 2 1 3 1931 1970 1971 1932
1952 3 2 1 3 1932 1971 1972 1933
1953 3 2 1 3 1933 1972 1973 1934
1954 3 2 1 3 1934 1973 1974 1935
1955 3 2 1 3 1935 1974 1975 1936
1956 3 2 1 3 1936 1975 1976 1937
1957 3 2 1 3 1937 1976 1977 1938
1958 3 2 1 3 1938 1977 1978 1939
1959 3 2 1 3 1939 1978 1979 1940
1960 3 2 1 3 1940 1979 1980 1941
1961 3 2 1 3 1941 1980 1981 1942
1962 3 2 1 3 1942 1981 1982 1943
1963 3 2 1 3 1943 1982 1983 1944
1964 3 2 1 3 1944 1983 1984 1945
1965 3 2 1 3 1945 1984 1985 1946
1966 3 2 1 3 1946 1985 1986 1947
1967 3 2 1 3 1947 1986 1987 1948
1968 3 2 1 3 1948 1987 1988 1949
1969 3 2 1 3 1949 1988 1989 1950
1970 3 2 1 3 1950 1989 1990 1951
1971 3 2 1 3 1951 1990 1991 1952
1972 3 2 1 3 1952 1991 270 271
1973 3 2 1 3 226 227 1992 1953
1974 3 2 1 3 1953 1992 1993 1954
1975 3 2 1 3 1954 1993 1994 1955
1976 3 2 1 3 1955 1994 1995 1956
1977 3 2 1 3 1956 1995 1996 1957
1978 3 2 1 3 1957 1996 1997 1958
1979 3 2 1 3 1958 1997 1998 1959
1980 3 2 1 3 1959 1998 1999 1960
1981 3 2 1 3 1960 1999 2000 1961
1982 3 2 1 3 1961 2000 2001 1962
1983 3 2 1 3 1962 2001 2002 1963
1984 3 2 1 3 1963 2002 2003 1964
1985 3 2 1 3 1964 2003 2004 1965
1986 3 2 1 3 1965 2004 2005 1966
1987 3 2 1 3 1966 2005 2006 1967
1988 3 2 1 3 1967 2006 2007 1968
1989 3 2 1 3 1968 2007 2008 1969
1990 3 2 1 3 1969 2008 2009 1970
1991 3 2 1 3 1970 2009 2010 1971
1992 3 2 1 3 1971 2010 2011 1972
1993 3 2 1 3 1972 2011 2012 1973
1994 3 2 1 3 1973 2012 2013 1974
1995 3 2 1 3 1974 2013 2014 1975
1996 3 2 1 3 1975 2014 2015 1976
1997 3 2 1 3 1976 2015 2016 1977
1998 3 2 1 3 1977 2016 2017 1978
1999 3 2 1 3 1978 2017 2018 1979
2000 3 2 1 3 1979 2018 2019 1980
2001 3 2 1 3 1980 2019 2020 1981
2002 3 2 1 3 1981 2020 2021 1982
2003 3 2 1 3 1982 2021 2022 1983
2004 3 2 1 3 1983 2022 2023 1984
2005 3 2 1 3 1984 2023 2024 1985
2006 3 2 1 3 1985 2024 2025 1986
2007 3 2 1 3 1986 2025 2026 1987
2008 3 2 1 3 1987 2026 2027 1988
2009 3 2 1 3 1988 2027 2028 1989
2010 3 2 1 3 1989 2028 2029 1990
2011 3 2 1 3 1990 2029 2030 1991
2012 3 2 1 3 1991 2030 269 270
2013 3 2 1 3 227 228 2031 1992
2014 3 2 1 3 1992 2031 2032 1993
2015 3 2 1 3 1993 2032 2033 1994
2016 3 2 1 3 1994 2033 2034 1995
2017 3 2 1 3 1995 2034 2035 1996
2018 3 2 1 3 1996 2035 2036 1997
2019 3 2 1 3 1997 2036 2037 1998
2020 3 2 1 3 1998 2037 2038 1999
2021 3 2 1 3 1999 2038 2039 2000
2022 3 2 1 3 2000 2039 2040 2001
2023 3 2 1 3 2001 2040 2041 2002
2024 3 2 1 3 2002 2041 2042 2003
2025 3 2 1 3 2003 2042 2043 2004
2026 3 2 1 3 2004 2043 2044 2005
2027 3 2 1 3 2005 2044 2045 2006
2028 3 2 1 3 2006 2045 2046 2007
2029 3 2 1 3 2007 2046 2047 2008
2030 3 2 1 3 2008 2047 2048 2009
2031 3 2 1 3 2009 2048 2049 2010
2032 3 2 1 3 2010 2049 2050 2011
2033 3 2 1 3 2011 2050 2051 2012
2034 3 2 1 3 2012 2051 2052 2013
2035 3 2 1 3 2013 2052 2053 2014
2036 3 2 1 3 2014 2053 2054 2015
2037 3 2 1 3 2015 2054 2055 2016
2038 3 2 1 3 2016 2055 2056 2017
2039 3 2 1 3 2017 2056 2057 2018
2040 3 2 1 3 2018 2057 2058 2019
2041 3 2 1 3 2019 2058 2059 2020
2042 3 2 1 3 2020 2059 2060 2021
2043 3 2 1 3 2021 2060 2061 2022
2044 3 2 1 3 2022 2061 2062 2023
2045 3 2 1 3 2023 2062 2063 2024
2046 3 2 1 3 2024 2063 2064 2025
2047 3 2 1 3 2025 2064 2065 2026
2048 3 2 1 3 2026 2065 2066 2027
2049 3 2 1 3 2027 2066 2067 2028
2050 3 2 1 3 2028 2067 2068 2029
2051 3 2 1 3 2029 2068 2069 2030
2052 3 2 1 3 2030 2069 268 269
2053 3 2 1 3 228 3 122 2031
2054 3 2 1 3 2031 122 121 2032
2055 3 2 1 3 2032 121 120 2033
2056 3 2 1 3 2033 120 119 2034
2057 3 2 1 3 2034 119 118 2035
2058 3 2 1 3 2035 118 117 2036
2059 3 2 1 3 2036 117 116 2037
2060 3 2 1 3 2037 116 115 2038
2061 3 2 1 3 2038 115 114 2039
2062 3 2 1 3 2039 114 113 2040
2063 3 2 1 3 2040 113 112 2041
2064 3 2 1 3 2041 112 111 2042
2065 3 2 1 3 2042 111 110 2043
2066 3 2 1 3 2043 110 109 2044
2067 3 2 1 3 2044 109 108 2045
2068 3 2 1 3 2045 108 107 2046
2069 3 2 1 3 2046 107 106 2047
2070 3 2 1 3 2047 106 105 2048
2071 3 2 1 3 2048 105 104 2049
2072 3 2 1 3 2049 104 103 2050
2073 3 2 1 3 2050 103 102 2051
2074 3 2 1 3 2051 102 101 2052
2075 3 2 1 3 2052 101 100 2053
2076 3 2 1 3 2053 100 99 2054
2077 3 2 1 3 2054 99 98 2055
2078 3 2 1 3 2055 98 97 2056
2079 3 2 1 3 2056 97 96 2057
2080 3 2 1 3 2057 96 95 2058
2081 3 2 1 3 2058 95 94 2059
2082 3 2 1 3 2059 94 93 2060
2083 3 2 1 3 2060 93 92 2061
2084 3 2 1 3 2061 92 91 2062
2085 3 2 1 3 2062 91 90 2063
2086 3 2 1 3 2063 90 89 2064
2087 3 2 1 3 2064 89 88 2065
2088 3 2 1 3 2065 88 87 2066
2089 3 2 1 3 2066 87 86 2067
2090 3 2 1 3 2067 86 85 2068
2091 3 2 1 3 2068 85 84 2069
2092 3 2 1 3 2069 84 2 268
2093 3 2 1 4 6 310 2070 17
2094 3 2 1 4 310 311 2071 2070
2095 3 2 1 4 311 312 2072 2071
2096 3 2 1 4 312 313 2073 2072
2097 3 2 1 4 313 314 2074 2073
2098 3 2 1 4 314 315 2075 2074
2099 3 2 1 4 315 316 2076 2075
2100 3 2 1 4 316 317 2077 2076
2101 3 2 1 4 317 318 2078 2077
2102 3 2 1 4 318 319 2079 2078
2103 3 2 1 4 319 320 2080 2079
2104 3 2 1 4 320 321 2081 2080
2105 3 2 1 4 321 322 2082 2081
2106 3 2 1 4 322 323 2083 2082
2107 3 2 1 4 323 10 296 2083
2108 3 2 1 4 17 2070 2084 18
2109 3 2 1 4 2070 2071 2085 2084
2110 3 2 1 4 2071 2072 2086 2085
2111 3 2 1 4 2072 2073 2087 2086
2112 3 2 1 4 2073 2074 2088 2087
2113 3 2 1 4 2074 2075 2089 2088
2114 3 2 1 4 2075 2076 2090 2089
2115 3 2 1 4 2076 2077 2091 2090
2116 3 2 1 4 2077 2078 2092 2091
2117 3 2 1 4 2078 2079 2093 2092
2118 3 2 1 4 2079 2080 2094 2093
2119 3 2 1 4 2080 2081 2095 2094
2120 3 2 1 4 2081 2082 2096 2095
2121 3 2 1 4 2082 2083 2097 2096
2122 3 2 1 4 2083 296 297 2097
2123 3 2 1 4 18 2084 2098 19
2124 3 2 1 4 2084 2085 2099 2098
2125 3 2 1 4 2085 2086 2100 2099
2126 3 2 1 4 2086 2087 2101 2100
2127 3 2 1 4 2087 2088 2102 2101
2128 3 2 1 4 2088 2089 2103 2102
2129 3 2 1 4 2089 2090 2104 2103
2130 3 2 1 4 2090 2091 2105 2104
2131 3 2 1 4 2091 2092 2106 2105
2132 3 2 1 4 2092 2093 2107 2106
2133 3 2 1 4 2093 2094 2108 2107
2134 3 2 1 4 2094 2095 2109 2108
2135 3 2 1 4 2095 2096 2110 2109
2136 3 2 1 4 2096 2097 2111 2110
2137 3 2 1 4 2097 297 298 2111
2138 3 2 1 4 19 2098 2112 20
2139 3 2 1 4 2098 2099 2113 2112
2140 3 2 1 4 2099 2100 2114 2113
2141 3 2 1 4 2100 2101 2115 2114
2142 3 2 1 4 2101 2102 2116 2115
2143 3 2 1 4 2102 2103 2117 2116
2144 3 2 1 4 2103 2104 2118 2117
2145 3 2 1 4 2104 2105 2119 2118
2146 3 2 1 4 2105 2106 2120 2119
2147 3 2 1 4 2106 2107 2121 2120
2148 3 2 1 4 2107 2108 2122 2121
2149 3 2 1 4 2108 2109 2123 2122
2150 3 2 1 4 2109 2110 2124 2123
2151 3 2 1 4 2110 2111 2125 2124
2152 3 2 1 4 2111 298 299 2125
2153 3 2 1 4 20 2112 2126 21
2154 3 2 1 4 2112 2113 2127 2126
2155 3 2 1 4 2113 2114 2128 2127
2156 3 2 1 4 2114 2115 2129 2128
2157 3 2 1 4 2115 2116 2130 2129
2158 3 2 1 4 2116 2117 2131 2130
2159 3 2 1 4 2117 2118 2132 2131
2160 3 2 1 4 2118 2119 2133 2132
2161 3 2 1 4 2119 2120 2134 2133
2162 3 2 1 4 2120 2121 2135 2134
2163 3 2 1 4 2121 2122 2136 2135
2164 3 2 1 4 2122 2123 2137 2136
2165 3 2 1 4 2123 2124 2138 2137
2166 3 2 1 4 2124 2125 2139 2138
2167 3 2 1 4 2125 299 300 2139
2168 3 2 1 4 21 2126 2140 22
2169 3 2 1 4 2126 2127 2141 2140
2170 3 2 1 4 2127 2128 2142 2141
2171 3 2 1 4 2128 2129 2143 2142
2172 3 2 1 4 2129 2130 2144 2143
2173 3 2 1 4 2130 2131 2145 2144
2174 3 2 1 4 2131 2132 2146 2145
2175 3 2 1 4 2132 2133 2147 2146
2176 3 2 1 4 2133 2134 2148 2147
2177 3 2 1 4 2134 2135 2149 2148
2178 3 2 1 4 2135 2136 2150 2149
2179 3 2 1 4 2136 2137 2151 2150
2180 3 2 1 4 2137 2138 2152 2151
2181 3 2 1 4 2138 2139 2153 2152
2182 3 2 1 4 2139 300 301 2153
2183 3 2 1 4 22 2140 2154 23
2184 3 2 1 4 2140 2141 2155 2154
2185 3 2 1 4 2141 2142 2156 2155
2186 3 2 1 4 2142 2143 2157 2156
2187 3 2 1 4 2143 2144 2158 2157
2188 3 2 1 4 2144 2145 2159 2158
2189 3 2 1 4 2145 2146 2160 2159
2190 3 2 1 4 2146 2147 2161 2160
2191 3 2 1 4 2147 2148 2162 2161
2192 3 2 1 4 2148 2149 2163 2162
2193 3 2 1 4 2149 2150 2164 2163
2194 3 2 1 4 2150 2151 2165 2164
2195 3 2 1 4 2151 2152 2166 2165
2196 3 2 1 4 2152 2153 2167 2166
2197 3 2 1 4 2153 301 302 2167
2198 3 2 1 4 23 2154 2168 24
2199 3 2 1 4 2154 2155 2169 2168
2200 3 2 1 4 2155 2156 2170 2169
2201 3 2 1 4 2156 2157 2171 2170
2202 3 2 1 4 2157 2158 2172 2171
2203 3 2 1 4 2158 2159 2173 2172
2204 3 2 1 4 2159 2160 2174 2173
2205 3 2 1 4 2160 2161 2175 2174
2206 3 2 1 4 2161 2162 2176 2175
2207 3 2 1 4 2162 2163 2177 2176
2208 3 2 1 4 2163 2164 2178 2177
2209 3 2 1 4 2164 2165 2179 2178
2210 3 2 1 4 2165 2166 2180 2179
2211 3 2 1 4 2166 2167 2181 2180
2212 3 2 1 4 2167 302 303 2181
2213 3 2 1 4 24 2168 2182 25
2214 3 2 1 4 2168 2169 2183 2182
2215 3 2 1 4 2169 2170 2184 2183
2216 3 2 1 4 2170 2171 2185 2184
2217 3 2 1 4 2171 2172 2186 2185
2218 3 2 1 4 2172 2173 2187 2186
2219 3 2 1 4 2173 2174 2188 2187
2220 3 2 1 4 2174 2175 2189 2188
2221 3 2 1 4 2175 2176 2190 2189
2222 3 2 1 4 2176 2177 2191 2190
2223 3 2 1 4 2177 2178 2192 2191
2224 3 2 1 4 2178 2179 2193 2192
2225 3 2 1 4 2179 2180 2194 2193
2226 3 2 1 4 2180 2181 2195 2194
2227 3 2 1 4 2181 303 304 2195
2228 3 2 1 4 25 2182 2196 26
2229 3 2 1 4 2182 2183 2197 2196
2230 3 2 1 4 2183 2184 2198 2197
2231 3 2 1 4 2184 2185 2199 2198
2232 3 2 1 4 2185 2186 2200 2199
2233 3 2 1 4 2186 2187 2201 2200
2234 3 2 1 4 2187 2188 2202 2201
2235 3 2 1 4 2188 2189 2203 2202
2236 3 2 1 4 2189 2190 2204 2203
2237 3 2 1 4 2190 2191 2205 2204
2238 3 2 1 4 2191 2192 2206 2205
2239 3 2 1 4 2192 2193 2207 2206
2240 3 2 1 4 2193 2194 2208 2207
2241 3 2 1 4 2194 2195 2209 2208
2242 3 2 1 4 2195 304 305 2209
2243 3 2 1 4 26 2196 2210 27
2244 3 2 1 4 2196 2197 2211 2210
2245 3 2 1 4 2197 2198 2212 2211
2246 3 2 1 4 2198 2199 2213 2212
2247 3 2 1 4 2199 2200 2214 2213
2248 3 2 1 4 2200 2201 2215 2214
2249 3 2 1 4 2201 2202 2216 2215
2250 3 2 1 4 2202 2203 2217 2216
2251 3 2 1 4 2203 2204 2218 2217
2252 3 2 1 4 2204 2205 2219 2218
2253 3 2 1 4 2205 2206 2220 2219
2254 3 2 1 4 2206 2207 2221 2220
2255 3 2 1 4 2207 2208 2222 2221
2256 3 2 1 4 2208 2209 2223 2222
2257 3 2 1 4 2209 305 306 2223
2258 3 2 1 4 27 2210 2224 28
2259 3 2 1 4 2210 2211 2225 2224
2260 3 2 1 4 2211 2212 2226 2225
2261 3 2 1 4 2212 2213 2227 2226
2262 3 2 1 4 2213 2214 2228 2227
2263 3 2 1 4 2214 2215 2229 2228
2264 3 2 1 4 2215 2216 2230 2229
2265 3 2 1 4 2216 2217 2231 2230
2266 3 2 1 4 2217 2218 2232 2231
2267 3 2 1 4 2218 2219 2233 2232
2268 3 2 1 4 2219 2220 2234 2233
2269 3 2 1 4 2220 2221 2235 2234
2270 3 2 1 4 2221 2222 2236 2235
2271 3 2 1 4 2222 2223 2237 2236
2272 3 2 1 4 2223 306 307 2237
2273 3 2 1 4 28 2224 2238 29
2274 3 2 1 4 2224 2225 2239 2238
2275 3 2 1 4 2225 2226 2240 2239
2276 3 2 1 4 2226 2227 2241 2240
2277 3 2 1 4 2227 2228 2242 2241
2278 3 2 1 4 2228 2229 2243 2242
2279 3 2 1 4 2229 2230 2244 2243
2280 3 2 1 4 2230 2231 2245 2244
2281 3 2 1 4 2231 2232 2246 2245
2282 3 2 1 4 2232 2233 2247 2246
2283 3 2 1 4 2233 2234 2248 2247
2284 3 2 1 4 2234 2235 2249 2248
2285 3 2 1 4 2235 2236 2250 2249
2286 3 2 1 4 2236 2237 2251 2250
2287 3 2 1 4 2237 307 308 2251
2288 3 2 1 4 29 2238 2252 30
2289 3 2 1 4 2238 2239 2253 2252
2290 3 2 1 4 2239 2240 2254 2253
2291 3 2 1 4 2240 2241 2255 2254
2292 3 2 1 4 2241 2242 2256 2255
2293 3 2 1 4 2242 2243 2257 2256
2294 3 2 1 4 2243 2244 2258 2257
2295 3 2 1 4 2244 2245 2259 2258
2296 3 2 1 4 2245 2246 2260 2259
2297 3 2 1 4 2246 2247 2261 2260
2298 3 2 1 4 2247 2248 2262 2261
2299 3 2 1 4 2248 2249 2263 2262
2300 3 2 1 4 2249 2250 2264 2263
2301 3 2 1 4 2250 2251 2265 2264
2302 3 2 1 4 2251 308 309 2265
2303 3 2 1 4 30 2252 282 1
2304 3 2 1 4 2252 2253 283 282
2305 3 2 1 4 2253 2254 284 283
2306 3 2 1 4 2254 2255 285 284
2307 3 2 1 4 2255 2256 286 285
2308 3 2 1 4 2256 2257 287 286
2309 3 2 1 4 2257 2258 288 287
2310 3 2 1 4 2258 2259 289 288
2311 3 2 1 4 2259 2260 290 289
2312 3 2 1 4 2260 2261 291 290
2313 3 2 1 4 2261 2262 292 291
2314 3 2 1 4 2262 2263 293 292
2315 3 2 1 4 2263 2264 294 293
2316 3 2 1 4 2264 2265 295 294
2317 3 2 1 4 2265 309 9 295
2318 3 2 1 5 2 69 2266 268
2319 3 2 1 5 69 68 2267 2266
2320 3 2 1 5 68 67 2268 2267
2321 3 2 1 5 67 66 2269 2268
2322 3 2 1 5 66 65 2270 2269
2323 3 2 1 5 65 64 2271 2270
2324 3 2 1 5 64 63 2272 2271
2325 3 2 1 5 63 62 2273 2272
2326 3 2 1 5 62 61 2274 2273
2327 3 2 1 5 61 60 2275 2274
2328 3 2 1 5 60 59 2276 2275
2329 3 2 1 5 59 58 2277 2276
2330 3 2 1 5 58 57 2278 2277
2331 3 2 1 5 57 56 2279 2278
2332 3 2 1 5 56 55 2280 2279
2333 3 2 1 5 55 54 2281 2280
2334 3 2 1 5 54 53 2282 2281
2335 3 2 1 5 53 52 2283 2282
2336 3 2 1 5 52 51 2284 2283
2337 3 2 1 5 51 50 2285 2284
2338 3 2 1 5 50 49 2286 2285
2339 3 2 1 5 49 48 2287 2286
2340 3 2 1 5 48 47 2288 2287
2341 3 2 1 5 47 46 2289 2288
2342 3 2 1 5 46 45 2290 2289
2343 3 2 1 5 45 44 2291 2290
2344 3 2 1 5 44 43 2292 2291
2345 3 2 1 5 43 42 2293 2292
2346 3 2 1 5 42 41 2294 2293
2347 3 2 1 5 41 40 2295 2294
2348 3 2 1 5 40 39 2296 2295
2349 3 2 1 5 39 38 2297 2296
2350 3 2 1 5 38 37 2298 2297
2351 3 2 1 5 37 36 2299 2298
2352 3 2 1 5 36 35 2300 2299
2353 3 2 1 5 35 34 2301 2300
2354 3 2 1 5 34 33 2302 2301
2355 3 2 1 5 33 32 2303 2302
2356 3 2 1 5 32 31 2304 2303
2357 3 2 1 5 31 1 282 2304
2358 3 2 1 5 268 2266 2305 269
2359 3 2 1 5 2266 2267 2306 2305
2360 3 2 1 5 2267 2268 2307 2306
2361 3 2 1 5 2268 2269 2308 2307
2362 3 2 1 5 2269 2270 2309 2308
2363 3 2 1 5 2270 2271 2310 2309
2364 3 2 1 5 2271 2272 2311 2310
2365 3 2 1 5 2272 2273 2312 2311
2366 3 2 1 5 2273 2274 2313 2312
2367 3 2 1 5 2274 2275 2314 2313
2368 3 2 1 5 2275 2276 2315 2314
2369 3 2 1 5 2276 2277 2316 2315
2370 3 2 1 5 2277 2278 2317 2316
2371 3 2 1 5 2278 2279 2318 2317
2372 3 2 1 5 2279 2280 2319 2318
2373 3 2 1 5 2280 2281 2320 2319
2374 3 2 1 5 2281 2282 2321 2320
2375 3 2 1 5 2282 2283 2322 2321
2376 3 2 1 5 2283 2284 2323 2322
2377 3 2 1 5 2284 2285 2324 2323
2378 3 2 1 5 2285 2286 2325 2324
2379 3 2 1 5 2286 2287 2326 2325
2380 3 2 1 5 2287 2288 2327 2326
2381 3 2 1 5 2288 2289 2328 2327
2382 3 2 1 5 2289 2290 2329 2328
2383 3 2 1 5 2290 2291 2330 2329
2384 3 2 1 5 2291 2292 2331 2330
2385 3 2 1 5 2292 2293 2332 2331
2386 3 2 1 5 2293 2294 2333 2332
2387 3 2 1 5 2294 2295 2334 2333
2388 3 2 1 5 2295 2296 2335 2334
2389 3 2 1 5 2296 2297 2336 2335
2390 3 2 1 5 2297 2298 2337 2336
2391 3 2 1 5 2298 2299 2338 2337
2392 3 2 1 5 2299 2300 2339 2338
2393 3 2 1 5 2300 2301 2340 2339
2394 3 2 1 5 2301 2302 2341 2340
2395 3 2 1 5 2302 2303 2342 2341
2396 3 2 1 5 2303 2304 2343 2342
2397 3 2 1 5 2304 282 283 2343
2398 3 2 1 5 269 2305 2344 270
2399 3 2 1 5 2305 2306 2345 2344
2400 3 2 1 5 2306 2307 2346 2345
2401 3 2 1 5 2307 2308 2347 2346
2402 3 2 1 5 2308 2309 2348 2347
2403 3 2 1 5 2309 2310 2349 2348
2404 3 2 1 5 2310 2311 2350 2349
2405 3 2 1 5 2311 2312 2351 2350
2406 3 2 1 5 2312 2313 2352 2351
2407 3 2 1 5 2313 2314 2353 2352
2408 3 2 1 5 2314 2315 2354 2353
2409 3 2 1 5 2315 2316 2355 2354
2410 3 2 1 5 2316 2317 2356 2355
2411 3 2 1 5 2317 2318 2357 2356
2412 3 2 1 5 2318 2319 2358 2357
2413 3 2 1 5 2319 2320 2359 2358
2414 3 2 1 5 2320 2321 2360 2359
2415 3 2 1 5 2321 2322 2361 2360
2416 3 2 1 5 2322 2323 2362 2361
2417 3 2 1 5 2323 2324 2363 2362
2418 3 2 1 5 2324 2325 2364 2363
2419 3 2 1 5 2325 2326 2365 2364
2420 3 2 1 5 2326 2327 2366 2365
2421 3 2 1 5 2327 2328 2367 2366
2422 3 2 1 5 2328 2329 2368 2367
2423 3 2 1 5 2329 2330 2369 2368
2424 3 2 1 5 2330 2331 2370 2369
2425 3 2 1 5 2331 2332 2371 2370
2426 3 2 1 5 2332 2333 2372 2371
2427 3 2 1 5 2333 2334 2373 2372
2428 3 2 1 5 2334 2335 2374 2373
2429 3 2 1 5 2335 2336 2375 2374
2430 3 2 1 5 2336 2337 2376 2375
2431 3 2 1 5 2337 2338 2377 2376
2432 3 2 1 5 2338 2339 2378 2377
2433 3 2 1 5 2339 2340 2379 2378
2434 3 2 1 5 2340 2341 2380 2379
2435 3 2 1 5 2341 2342 2381 2380
2436 3 2 1 5 2342 2343 2382 2381
2437 3 2 1 5 2343 283 284 2382
2438 3 2 1 5 270 2344 2383 271
2439 3 2 1 5 2344 2345 2384 2383
2440 3 2 1 5 2345 2346 2385 2384
2441 3 2 1 5 2346 2347 2386 2385
2442 3 2 1 5 2347 2348 2387 2386
2443 3 2 1 5 2348 2349 2388 2387
2444 3 2 1 5 2349 2350 2389 2388
2445 3 2 1 5 2350 2351 2390 2389
2446 3 2 1 5 2351 2352 2391 2390
2447 3 2 1 5 2352 2353 2392 2391
2448 3 2 1 5 2353 2354 2393 2392
2449 3 2 1 5 2354 2355 2394 2393
2450 3 2 1 5 2355 2356 2395 2394
2451 3 2 1 5 2356 2357 2396 2395
2452 3 2 1 5 2357 2358 2397 2396
2453 3 2 1 5 2358 2359 2398 2397
2454 3 2 1 5 2359 2360 2399 2398
2455 3 2 1 5 2360 2361 2400 2399
2456 3 2 1 5 2361 2362 2401 2400
2457 3 2 1 5 2362 2363 2402 2401
2458 3 2 1 5 2363 2364 2403 2402
2459 3 2 1 5 2364 2365 2404 2403
2460 3 2 1 5 2365 2366 2405 2404
2461 3 2 1 5 2366 2367 2406 2405
2462 3 2 1 5 2367 2368 2407 2406
2463 3 2 1 5 2368 2369 2408 2407
2464 3 2 1 5 2369 2370 2409 2408
2465 3 2 1 5 2370 2371 2410 2409
2466 3 2 1 5 2371 2372 2411 2410
2467 3 2 1 5 2372 2373 2412 2411
2468 3 2 1 5 2373 2374 2413 2412
2469 3 2 1 5 2374 2375 2414 2413
2470 3 2 1 5 2375 2376 2415 2414
2471 3 2 1 5 2376 2377 2416 2415
2472 3 2 1 5 2377 2378 2417 2416
2473 3 2 1 5 2378 2379 2418 2417
2474 3 2 1 5 2379 2380 2419 2418
2475 3 2 1 5 2380 2381 2420 2419
2476 3 2 1 5 2381 2382 2421 2420
2477 3 2 1 5 2382 284 285 2421
2478 3 2 1 5 271 2383 2422 272
2479 3 2 1 5 2383 2384 2423 2422
2480 3 2 1 5 2384 2385 2424 2423
2481 3 2 1 5 2385 2386 2425 2424
2482 3 2 1 5 2386 2387 2426 2425
2483 3 2 1 5 2387 2388 2427 2426
2484 3 2 1 5 2388 2389 2428 2427
2485 3 2 1 5 2389 2390 2429 2428
2486 3 2 1 5 2390 2391 2430 2429
2487 3 2 1 5 2391 2392 2431 2430
2488 3 2 1 5 2392 2393 2432 2431
2489 3 2 1 5 2393 2394 2433 2432
2490 3 2 1 5 2394 2395 2434 2433
2491 3 2 1 5 2395 2396 2435 2434
2492 3 2 1 5 2396 2397 2436 2435
2493 3 2 1 5 2397 2398 2437 2436
2494 3 2 1 5 2398 2399 2438 2437
2495 3 2 1 5 2399 2400 2439 2438
2496 3 2 1 5 2400 2401 2440 2439
2497 3 2 1 5 2401 2402 2441 2440
2498 3 2 1 5 2402 2403 2442 2441
2499 3 2 1 5 2403 2404 2443 2442
2500 3 2 1 5 2404 2405 2444 2443
2501 3 2 1 5 2405 2406 2445 2444
2502 3 2 1 5 2406 2407 2446 2445
2503 3 2 1 5 2407 2408 2447 2446
2504 3 2 1 5 2408 2409 2448 2447
2505 3 2 1 5 2409 2410 2449 2448
2506 3 2 1 5 2410 2411 2450 2449
2507 3 2 1 5 2411 2412 2451 2450
2508 3 2 1 5 2412 2413 2452 2451
2509 3 2 1 5 2413 2414 2453 2452
2510 3 2 1 5 2414 2415 2454 2453
2511 3 2 1 5 2415 2416 2455 2454
2512 3 2 1 5 2416 2417 2456 2455
2513 3 2 1 5 2417 2418 2457 2456
2514 3 2 1 5 2418 2419 2458 2457
2515 3 2 1 5 2419 2420 2459 2458
2516 3 2 1 5 2420 2421 2460 2459
2517 3 2 1 5 2421 285 286 2460
2518 3 2 1 5 272 2422 2461 273
2519 3 2 1 5 2422 2423 2462 2461
2520 3 2 1 5 2423 2424 2463 2462
2521 3 2 1 5 2424 2425 2464 2463
2522 3 2 1 5 2425 2426 2465 2464
2523 3 2 1 5 2426 2427 2466 2465
2524 3 2 1 5 2427 2428 2467 2466
2525 3 2 1 5 2428 2429 2468 2467
2526 3 2 1 5 2429 2430 2469 2468
2527 3 2 1 5 2430 2431 2470 2469
2528 3 2 1 5 2431 2432 2471 2470
2529 3 2 1 5 2432 2433 2472 2471
2530 3 2 1 5 2433 2434 2473 2472
2531 3 2 1 5 2434 2435 2474 2473
2532 3 2 1 5 2435 2436 2475 2474
2533 3 2 1 5 2436 2437 2476 2475
2534 3 2 1 5 2437 2438 2477 2476
2535 3 2 1 5 2438 2439 2478 2477
2536 3 2 1 5 2439 2440 2479 2478
2537 3 2 1 5 2440 2441 2480 2479
2538 3 2 1 5 2441 2442 2481 2480
2539 3 2 1 5 2442 2443 2482 2481
2540 3 2 1 5 2443 2444 2483 2482
2541 3 2 1 5 2444 2445 2484 2483
2542 3 2 1 5 2445 2446 2485 2484
2543 3 2 1 5 2446 2447 2486 2485
2544 3 2 1 5 2447 2448 2487 2486
2545 3 2 1 5 2448 2449 2488 2487
2546 3 2 1 5 2449 2450 2489 2488
2547 3 2 1 5 2450 2451 2490 2489
2548 3 2 1 5 2451 2452 2491 2490
2549 3 2 1 5 2452 2453 2492 2491
2550 3 2 1 5 2453 2454 2493 2492
2551 3 2 1 5 2454 2455 2494 2493
2552 3 2 1 5 2455 2456 2495 2494
2553 3 2 1 5 2456 2457 2496 2495
2554 3 2 1 5 2457 2458 2497 2496
2555 3 2 1 5 2458 2459 2498 2497
2556 3 2 1 5 2459 2460 2499 2498
2557 3 2 1 5 2460 286 287 2499
2558 3 2 1 5 273 2461 2500 274
2559 3 2 1 5 2461 2462 2501 2500
2560 3 2 1 5 2462 2463 2502 2501
2561 3 2 1 5 2463 2464 2503 2502
2562 3 2 1 5 2464 2465 2504 2503
2563 3 2 1 5 2465 2466 2505 2504
2564 3 2 1 5 2466 2467 2506 2505
2565 3 2 1 5 2467 2468 2507 2506
2566 3 2 1 5 2468 2469 2508 2507
2567 3 2 1 5 2469 2470 2509 2508
2568 3 2 1 5 2470 2471 2510 2509
2569 3 2 1 5 2471 2472 2511 2510
2570 3 2 1 5 2472 2473 2512 2511
2571 3 2 1 5 2473 2474 2513 2512
2572 3 2 1 5 2474 2475 2514 2513
2573 3 2 1 5 2475 2476 2515 2514
2574 3 2 1 5 2476 2477 2516 2515
2575 3 2 1 5 2477 2478 2517 2516
2576 3 2 1 5 2478 2479 2518 2517
2577 3 2 1 5 2479 2480 2519 2518
2578 3 2 1 5 2480 2481 2520 2519
2579 3 2 1 5 2481 2482 2521 2520
2580 3 2 1 5 2482 2483 2522 2521
2581 3 2 1 5 2483 2484 2523 2522
2582 3 2 1 5 2484 2485 2524 2523
2583 3 2 1 5 2485 2486 2525 2524
2584 3 2 1 5 2486 2487 2526 2525
2585 3 2 1 5 2487 2488 2527 2526
2586 3 2 1 5 2488 2489 2528 2527
2587 3 2 1 5 2489 2490 2529 2528
2588 3 2 1 5 2490 2491 2530 2529
2589 3 2 1 5 2491 2492 2531 2530
2590 3 2 1 5 2492 2493 2532 2531
2591 3 2 1 5 2493 2494 2533 2532
2592 3 2 1 5 2494 2495 2534 2533
2593 3 2 1 5 2495 2496 2535 2534
2594 3 2 1 5 2496 2497 2536 2535
2595 3 2 1 5 2497 2498 2537 2536
2596 3 2 1 5 2498 2499 2538 2537
2597 3 2 1 5 2499 287 288 2538
2598 3 2 1 5 274 2500 2539 275
2599 3 2 1 5 2500 2501 2540 2539
2600 3 2 1 5 2501 2502 2541 2540
2601 3 2 1 5 2502 2503 2542 2541
2602 3 2 1 5 2503 2504 2543 2542
2603 3 2 1 5 2504 2505 2544 2543
2604 3 2 1 5 2505 2506 2545 2544
2605 3 2 1 5 2506 2507 2546 2545
2606 3 2 1 5 2507 2508 2547 2546
2607 3 2 1 5 2508 2509 2548 2547
2608 3 2 1 5 2509 2510 2549 2548
2609 3 2 1 5 2510 2511 2550 2549
2610 3 2 1 5 2511 2512 2551 2550
2611 3 2 1 5 2512 2513 2552 2551
2612 3 2 1 5 2513 2514 2553 2552
2613 3 2 1 5 2514 2515 2554 2553
2614 3 2 1 5 2515 2516 2555 2554
2615 3 2 1 5 2516 2517 2556 2555
2616 3 2 1 5 2517 2518 2557 2556
2617 3 2 1 5 2518 2519 2558 2557
2618 3 2 1 5 2519 2520 2559 2558
2619 3 2 1 5 2520 2521 2560 2559
2620 3 2 1 5 2521 2522 2561 2560
2621 3 2 1 5 2522 2523 2562 2561
2622 3 2 1 5 2523 2524 2563 2562
2623 3 2 1 5 2524 2525 2564 2563
2624 3 2 1 5 2525 2526 2565 2564
2625 3 2 1 5 2526 2527 2566 2565
2626 3 2 1 5 2527 2528 2567 2566
2627 3 2 1 5 2528 2529 2568 2567
2628 3 2 1 5 2529 2530 2569 2568
2629 3 2 1 5 2530 2531 2570 2569
2630 3 2 1 5 2531 2532 2571 2570
2631 3 2 1 5 2532 2533 2572 2571
2632 3 2 1 5 2533 2534 2573 2572
2633 3 2 1 5 2534 2535 2574 2573
2634 3 2 1 5 2535 2536 2575 2574
2635 3 2 1 5 2536 2537 2576 2575
2636 3 2 1 5 2537 2538 2577 2576
2637 3 2 1 5 2538 288 289 2577
2638 3 2 1 5 275 2539 2578 276
2639 3 2 1 5 2539 2540 2579 2578
2640 3 2 1 5 2540 2541 2580 2579
2641 3 2 1 5 2541 2542 2581 2580
2642 3 2 1 5 2542 2543 2582 2581
2643 3 2 1 5 2543 2544 2583 2582
2644 3 2 1 5 2544 2545 2584 2583
2645 3 2 1 5 2545 2546 2585 2584
2646 3 2 1 5 2546 2547 2586 2585
2647 3 2 1 5 2547 2548 2587 2586
2648 3 2 1 5 2548 2549 2588 2587
2649 3 2 1 5 2549 2550 2589 2588
2650 3 2 1 5 2550 2551 2590 2589
2651 3 2 1 5 2551 2552 2591 2590
2652 3 2 1 5 2552 2553 2592 2591
2653 3 2 1 5 2553 2554 2593 2592
2654 3 2 1 5 2554 2555 2594 2593
2655 3 2 1 5 2555 2556 2595 2594
2656 3 2 1 5 2556 2557 2596 2595
2657 3 2 1 5 2557 2558 2597 2596
2658 3 2 1 5 2558 2559 2598 2597
2659 3 2 1 5 2559 2560 2599 2598
2660 3 2 1 5 2560 2561 2600 2599
2661 3 2 1 5 2561 2562 2601 2600
2662 3 2 1 5 2562 2563 2602 2601
2663 3 2 1 5 2563 2564 2603 2602
2664 3 2 1 5 2564 2565 2604 2603
2665 3 2 1 5 2565 2566 2605 2604
2666 3 2 1 5 2566 2567 2606 2605
2667 3 2 1 5 2567 2568 2607 2606
2668 3 2 1 5 2568 2569 2608 2607
2669 3 2 1 5 2569 2570 2609 2608
2670 3 2 1 5 2570 2571 2610 2609
2671 3 2 1 5 2571 2572 2611 2610
2672 3 2 1 5 2572 2573 2612 2611
2673 3 2 1 5 2573 2574 2613 2612
2674 3 2 1 5 2574 2575 2614 2613
2675 3 2 1 5 2575 2576 2615 2614
2676 3 2 1 5 2576 2577 2616 2615
2677 3 2 1 5 2577 289 290 2616
2678 3 2 1 5 276 2578 2617 277
2679 3 2 1 5 2578 2579 2618 2617
2680 3 2 1 5 2579 2580 2619 2618
2681 3 2 1 5 2580 2581 2620 2619
2682 3 2 1 5 2581 2582 2621 2620
2683 3 2 1 5 2582 2583 2622 2621
2684 3 2 1 5 2583 2584 2623 2622
2685 3 2 1 5 2584 2585 2624 2623
2686 3 2 1 5 2585 2586 2625 2624
2687 3 2 1 5 2586 2587 2626 2625
2688 3 2 1 5 2587 2588 2627 2626
2689 3 2 1 5 2588 2589 2628 2627
2690 3 2 1 5 2589 2590 2629 2628
2691 3 2 1 5 2590 2591 2630 2629
2692 3 2 1 5 2591 2592 2631 2630
2693 3 2 1 5 2592 2593 2632 2631
2694 3 2 1 5 2593 2594 2633 2632
2695 3 2 1 5 2594 2595 2634 2633
2696 3 2 1 5 2595 2596 2635 2634
2697 3 2 1 5 2596 2597 2636 2635
2698 3 2 1 5 2597 2598 2637 2636
2699 3 2 1 5 2598 2599 2638 2637
2700 3 2 1 5 2599 2600 2639 2638
2701 3 2 1 5 2600 2601 2640 2639
2702 3 2 1 5 2601 2602 2641 2640
2703 3 2 1 5 2602 2603 2642 2641
2704 3 2 1 5 2603 2604 2643 2642
2705 3 2 1 5 2604 2605 2644 2643
2706 3 2 1 5 2605 2606 2645 2644
2707 3 2 1 5 2606 2607 2646 2645
2708 3 2 1 5 2607 2608 2647 2646
2709 3 2 1 5 2608 2609 2648 2647
2710 3 2 1 5 2609 2610 2649 2648
2711 3 2 1 5 2610 2611 2650 2649
2712 3 2 1 5 2611 2612 2651 2650
2713 3 2 1 5 2612 2613 2652 2651
2714 3 2 1 5 2613 2614 2653 2652
2715 3 2 1 5 2614 2615 2654 2653
2716 3 2 1 5 2615 2616 2655 2654
2717 3 2 1 5 2616 290 291 2655
2718 3 2 1 5 277 2617 2656 278
2719 3 2 1 5 2617 2618 2657 2656
2720 3 2 1 5 2618 2619 2658 2657
2721 3 2 1 5 2619 2620 2659 2658
2722 3 2 1 5 2620 2621 2660 2659
2723 3 2 1 5 2621 2622 2661 2660
2724 3 2 1 5 2622 2623 2662 2661
2725 3 2 1 5 2623 2624 2663 2662
2726 3 2 1 5 2624 2625 2664 2663
2727 3 2 1 5 2625 2626 2665 2664
2728 3 2 1 5 2626 2627 2666 2665
2729 3 2 1 5 2627 2628 2667 2666
2730 3 2 1 5 2628 2629 2668 2667
2731 3 2 1 5 2629 2630 2669 2668
2732 3 2 1 5 2630 2631 2670 2669
2733 3 2 1 5 2631 2632 2671 2670
2734 3 2 1 5 2632 2633 2672 2671
2735 3 2 1 5 2633 2634 2673 2672
2736 3 2 1 5 2634 2635 2674 2673
2737 3 2 1 5 2635 2636 2675 2674
2738 3 2 1 5 2636 2637 2676 2675
2739 3 2 1 5 2637 2638 2677 2676
2740 3 2 1 5 2638 2639 2678 2677
2741 3 2 1 5 2639 2640 2679 2678
2742 3 2 1 5 2640 2641 2680 2679
2743 3 2 1 5 2641 2642 2681 2680
2744 3 2 1 5 2642 2643 2682 2681
2745 3 2 1 5 2643 2644 2683 2682
2746 3 2 1 5 2644 2645 2684 2683
2747 3 2 1 5 2645 2646 2685 2684
2748 3 2 1 5 2646 2647 2686 2685
2749 3 2 1 5 2647 2648 2687 2686
2750 3 2 1 5 2648 2649 2688 2687
2751 3 2 1 5 2649 2650 2689 2688
2752 3 2 1 5 2650 2651 2690 2689
2753 3 2 1 5 2651 2652 2691 2690
2754 3 2 1 5 2652 2653 2692 2691
2755 3 2 1 5 2653 2654 2693 2692
2756 3 2 1 5 2654 2655 2694 2693
2757 3 2 1 5 2655 291 292 2694
2758 3 2 1 5 278 2656 2695 279
2759 3 2 1 5 2656 2657 2696 2695
2760 3 2 1 5 2657 2658 2697 2696
2761 3 2 1 5 2658 2659 2698 2697
2762 3 2 1 5 2659 2660 2699 2698
2763 3 2 1 5 2660 2661 2700 2699
2764 3 2 1 5 2661 2662 2701 2700
2765 3 2 1 5 2662 2663 2702 2701
2766 3 2 1 5 2663 2664 2703 2702
2767 3 2 1 5 2664 2665 2704 2703
2768 3 2 1 5 2665 2666 2705 2704
2769 3 2 1 5 2666 2667 2706 2705
2770 3 2 1 5 2667 2668 2707 2706
2771 3 2 1 5 2668 2669 2708 2707
2772 3 2 1 5 2669 2670 2709 2708
2773 3 2 1 5 2670 2671 2710 2709
2774 3 2 1 5 2671 2672 2711 2710
2775 3 2 1 5 2672 2673 2712 2711
2776 3 2 1 5 2673 2674 2713 2712
2777 3 2 1 5 2674 2675 2714 2713
2778 3 2 1 5 2675 2676 2715 2714
2779 3 2 1 5 2676 2677 2716 2715
2780 3 2 1 5 2677 2678 2717 2716
2781 3 2 1 5 2678 2679 2718 2717
2782 3 2 1 5 2679 2680 2719 2718
2783 3 2 1 5 2680 2681 2720 2719
2784 3 2 1 5 2681 2682 2721 2720
2785 3 2 1 5 2682 2683 2722 2721
2786 3 2 1 5 2683 2684 2723 2722
2787 3 2 1 5 2684 2685 2724 2723
2788 3 2 1 5 2685 2686 2725 2724
2789 3 2 1 5 2686 2687 2726 2725
2790 3 2 1 5 2687 2688 2727 2726
2791 3 2 1 5 2688 2689 2728 2727
2792 3 2 1 5 2689 2690 2729 2728
2793 3 2 1 5 2690 2691 2730 2729
2794 3 2 1 5 2691 2692 2731 2730
2795 3 2 1 5 2692 2693 2732 2731
2796 3 2 1 5 2693 2694 2733 2732
2797 3 2 1 5 2694 292 293 2733
2798 3 2 1 5 279 2695 2734 280
2799 3 2 1 5 2695 2696 2735 2734
2800 3 2 1 5 2696 2697 2736 2735
2801 3 2 1 5 2697 2698 2737 2736
2802 3 2 1 5 2698 2699 2738 2737
2803 3 2 1 5 2699 2700 2739 2738
2804 3 2 1 5 2700 2701 2740 2739
2805 3 2 1 5 2701 2702 2741 2740
2806 3 2 1 5 2702 2703 2742 2741
2807 3 2 1 5 2703 2704 2743 2742
2808 3 2 1 5 2704 2705 2744 2743
2809 3 2 1 5 2705 2706 2745 2744
2810 3 2 1 5 2706 2707 2746 2745
2811 3 2 1 5 2707 2708 2747 2746
2812 3 2 1 5 2708 2709 2748 2747
2813 3 2 1 5 2709 2710 2749 2748
2814 3 2 1 5 2710 2711 2750 2749
2815 3 2 1 5 2711 2712 2751 2750
2816 3 2 1 5 2712 2713 2752 2751
2817 3 2 1 5 2713 2714 2753 2752
2818 3 2 1 5 2714 2715 2754 2753
2819 3 2 1 5 2715 2716 2755 2754
2820 3 2 1 5 2716 2717 2756 2755
2821 3 2 1 5 2717 2718 2757 2756
2822 3 2 1 5 2718 2719 2758 2757
2823 3 2 1 5 2719 2720 2759 2758
2824 3 2 1 5 2720 2721 2760 2759
2825 3 2 1 5 2721 2722 2761 2760
2826 3 2 1 5 2722 2723 2762 2761
2827 3 2 1 5 2723 2724 2763 2762
2828 3 2 1 5 2724 2725 2764 2763
2829 3 2 1 5 2725 2726 2765 2764
2830 3 2 1 5 2726 2727 2766 2765
2831 3 2 1 5 2727 2728 2767 2766
2832 3 2 1 5 2728 2729 2768 2767
2833 3 2 1 5 2729 2730 2769 2768
2834 3 2 1 5 2730 2731 2770 2769
2835 3 2 1 5 2731 2732 2771 2770
2836 3 2 1 5 2732 2733 2772 2771
2837 3 2 1 5 2733 293 294 2772
2838 3 2 1 5 280 2734 2773 281
2839 3 2 1 5 2734 2735 2774 2773
2840 3 2 1 5 2735 2736 2775 2774
2841 3 2 1 5 2736 2737 2776 2775
2842 3 2 1 5 2737 2738 2777 2776
2843 3 2 1 5 2738 2739 2778 2777
2844 3 2 1 5 2739 2740 2779 2778
2845 3 2 1 5 2740 2741 2780 2779
2846 3 2 1 5 2741 2742 2781 2780
2847 3 2 1 5 2742 2743 2782 2781
2848 3 2 1 5 2743 2744 2783 2782
2849 3 2 1 5 2744 2745 2784 2783
2850 3 2 1 5 2745 2746 2785 2784
2851 3 2 1 5 2746 2747 2786 2785
2852 3 2 1 5 2747 2748 2787 2786
2853 3 2 1 5 2748 2749 2788 2787
2854 3 2 1 5 2749 2750 2789 2788
2855 3 2 1 5 2750 2751 2790 2789
2856 3 2 1 5 2751 2752 2791 2790
2857 3 2 1 5 2752 2753 2792 2791
2858 3 2 1 5 2753 2754 2793 2792
2859 3 2 1 5 2754 2755 2794 2793
2860 3 2 1 5 2755 2756 2795 2794
2861 3 2 1 5 2756 2757 2796 2795
2862 3 2 1 5 2757 2758 2797 2796
2863 3 2 1 5 2758 2759 2798 2797
2864 3 2 1 5 2759 2760 2799 2798
2865 3 2 1 5 2760 2761 2800 2799
2866 3 2 1 5 2761 2762 2801 2800
2867 3 2 1 5 2762 2763 2802 2801
2868 3 2 1 5 2763 2764 2803 2802
2869 3 2 1 5 2764 2765 2804 2803
2870 3 2 1 5 2765 2766 2805 2804
2871 3 2 1 5 2766 2767 2806 2805
2872 3 2 1 5 2767 2768 2807 2806
2873 3 2 1 5 2768 2769 2808 2807
2874 3 2 1 5 2769 2770 2809 2808
2875 3 2 1 5 2770 2771 2810 2809
2876 3 2 1 5 2771 2772 2811 2810
2877 3 2 1 5 2772 294 295 2811
2878 3 2 1 5 281 2773 362 8
2879 3 2 1 5 2773 2774 361 362
2880 3 2 1 5 2774 2775 360 361
2881 3 2 1 5 2775 2776 359 360
2882 3 2 1 5 2776 2777 358 359
2883 3 2 1 5 2777 2778 357 358
2884 3 2 1 5 2778 2779 356 357
2885 3 2 1 5 2779 2780 355 356
2886 3 2 1 5 2780 2781 354 355
2887 3 2 1 5 2781 2782 353 354
2888 3 2 1 5 2782 2783 352 353
2889 3 2 1 5 2783 2784 351 352
2890 3 2 1 5 2784 2785 350 351
2891 3 2 1 5 2785 2786 349 350
2892 3 2 1 5 2786 2787 348 349
2893 3 2 1 5 2787 2788 347 348
2894 3 2 1 5 2788 2789 346 347
2895 3 2 1 5 2789 2790 345 346
2896 3 2 1 5 2790 2791 344 345
2897 3 2 1 5 2791 2792 343 344
2898 3 2 1 5 2792 2793 342 343
2899 3 2 1 5 2793 2794 341 342
2900 3 2 1 5 2794 2795 340 341
2901 3 2 1 5 2795 2796 339 340
2902 3 2 1 5 2796 2797 338 339
2903 3 2 1 5 2797 2798 337 338
2904 3 2 1 5 2798 2799 336 337
2905 3 2 1 5 2799 2800 335 336
2906 3 2 1 5 2800 2801 334 335
2907 3 2 1 5 2801 2802 333 334
2908 3 2 1 5 2802 2803 332 333
2909 3 2 1 5 2803 2804 331 332
2910 3 2 1 5 2804 2805 330 331
2911 3 2 1 5 2805 2806 329 330
2912 3 2 1 5 2806 2807 328 329
2913 3 2 1 5 2807 2808 327 328
2914 3 2 1 5 2808 2809 326 327
2915 3 2 1 5 2809 2810 325 326
2916 3 2 1 5 2810 2811 324 325
2917 3 2 1 5 2811 295 9 324
2918 3 2 2 6 11 363 2812 382
2919 3 2 2 6 382 2812 2813 381
2920 3 2 2 6 381 2813 2814 380
2921 3 2 2 6 380 2814 2815 379
2922 3 2 2 6 379 2815 2816 378
2923 3 2 2 6 378 2816 2817 377
2924 3 2 2 6 377 2817 2818 376
2925 3 2 2 6 376 2818 2819 375
2926 3 2 2 6 375 2819 2820 374
2927 3 2 2 6 374 2820 2821 373
2928 3 2 2 6 373 2821 2822 372
2929 3 2 2 6 372 2822 2823 371
2930 3 2 2 6 371 2823 2824 370
2931 3 2 2 6 370 2824 2825 369
2932 3 2 2 6 369 2825 2826 368
2933 3 2 2 6 368 2826 2827 367
2934 3 2 2 6 367 2827 2828 366
2935 3 2 2 6 366 2828 2829 365
2936 3 2 2 6 365 2829 2830 364
2937 3 2 2 6 364 2830 383 13
2938 3 2 2 6 363 12 384 2812
2939 3 2 2 6 2812 384 385 2813
2940 3 2 2 6 2813 385 386 2814
2941 3 2 2 6 2814 386 387 2815
2942 3 2 2 6 2815 387 388 2816
2943 3 2 2 6 2816 388 389 2817
2944 3 2 2 6 2817 389 390 2818
2945 3 2 2 6 2818 390 391 2819
2946 3 2 2 6 2819 391 392 2820
2947 3 2 2 6 2820 392 393 2821
2948 3 2 2 6 2821 393 394 2822
2949 3 2 2 6 2822 394 395 2823
2950 3 2 2 6 2823 395 396 2824
2951 3 2 2 6 2824 396 397 2825
2952 3 2 2 6 2825 397 398 2826
2953 3 2 2 6 2826 398 399 2827
2954 3 2 2 6 2827 399 400 2828
2955 3 2 2 6 2828 400 401 2829
2956 3 2 2 6 2829 401 402 2830
2957 3 2 2 6 2830 402 14 383
2958 3 2 2 7 13 383 2831 416
2959 3 2 2 7 416 2831 2832 415
2960 3 2 2 7 415 2832 2833 414
2961 3 2 2 7 414 2833 2834 413
2962 3 2 2 7 413 2834 2835 412
2963 3 2 2 7 412 2835 2836 411
2964 3 2 2 7 411 2836 2837 410
2965 3 2 2 7 410 2837 2838 409
2966 3 2 2 7 409 2838 2839 408
2967 3 2 2 7 408 2839 2840 407
2968 3 2 2 7 407 2840 2841 406
2969 3 2 2 7 406 2841 2842 405
2970 3 2 2 7 405 2842 2843 404
2971 3 2 2 7 404 2843 2844 403
2972 3 2 2 7 403 2844 417 15
2973 3 2 2 7 383 14 418 2831
2974 3 2 2 7 2831 418 419 2832
2975 3 2 2 7 2832 419 420 2833
2976 3 2 2 7 2833 420 421 2834
2977 3 2 2 7 2834 421 422 2835
2978 3 2 2 7 2835 422 423 2836
2979 3 2 2 7 2836 423 424 2837
2980 3 2 2 7 2837 424 425 2838
2981 3 2 2 7 2838 425 426 2839
2982 3 2 2 7 2839 426 427 2840
2983 3 2 2 7 2840 427 428 2841
2984 3 2 2 7 2841 428 429 2842
2985 3 2 2 7 2842 429 430 2843
2986 3 2 2 7 2843 430 431 2844
2987 3 2 2 7 2844 431 16 417
$EndElements
