$MeshFormat
2.2 0 8
$EndMeshFormat
$PhysicalNames
9
1 3 "Specimen_Top_Edge"
1 4 "Specimen_Left_Edge"
1 5 "Specimen_Bottom_Edge"
1 6 "Indenter_Top_Edge"
1 7 "Indenter_Left_Edge"
1 8 "Indenter_Bottom_Edge"
1 9 "Indenter_Right_Edge"
2 1 "Specimen_Body"
2 2 "Indenter_Body"
$EndPhysicalNames
$Nodes
7292
1 0.2 0.8 0
2 0.5 0 0
3 0 0 0
4 0 0.8 0
5 0.250439662878749 0.9681322095959701 0
6 0 1 0
7 1 0 0
8 0 1 0
9 1.5 1 0
10 1.5 1.5 0
11 0 1.5 0
12 0.006666666666666678 0.8 0
13 0.01333333333333336 0.8 0
14 0.02000000000000004 0.8 0
15 0.02666666666666672 0.8 0
16 0.0333333333333334 0.8 0
17 0.04000000000000008 0.8 0
18 0.04666666666666676 0.8 0
19 0.05333333333333344 0.8 0
20 0.06000000000000012 0.8 0
21 0.06666666666666679 0.8 0
22 0.07333333333333344 0.8 0
23 0.08000000000000011 0.8 0
24 0.08666666666666677 0.8 0
25 0.09333333333333342 0.8 0
26 0.1000000000000001 0.8 0
27 0.1066666666666668 0.8 0
28 0.1133333333333335 0.8 0
29 0.1200000000000001 0.8 0
30 0.1266666666666668 0.8 0
31 0.1333333333333334 0.8 0
32 0.1400000000000001 0.8 0
33 0.1466666666666668 0.8 0
34 0.1533333333333334 0.8 0
35 0.1600000000000001 0.8 0
36 0.1666666666666667 0.8 0
37 0.1733333333333334 0.8 0
38 0.18 0.8 0
39 0.1866666666666667 0.8 0
40 0.1933333333333334 0.8 0
41 0.203 0.792 0
42 0.206 0.784 0
43 0.209 0.776 0
44 0.212 0.768 0
45 0.215 0.76 0
46 0.218 0.752 0
47 0.221 0.744 0
48 0.224 0.736 0
49 0.227 0.728 0
50 0.23 0.72 0
51 0.2330000000000001 0.712 0
52 0.2360000000000001 0.704 0
53 0.2390000000000001 0.696 0
54 0.2420000000000001 0.6879999999999998 0
55 0.2450000000000001 0.6799999999999998 0
56 0.2480000000000001 0.6719999999999999 0
57 0.2510000000000001 0.6639999999999998 0
58 0.2540000000000001 0.6559999999999998 0
59 0.2570000000000001 0.6479999999999998 0
60 0.2600000000000001 0.6399999999999998 0
61 0.2630000000000001 0.6319999999999998 0
62 0.2660000000000001 0.6239999999999998 0
63 0.2690000000000001 0.6159999999999998 0
64 0.2720000000000001 0.6079999999999998 0
65 0.2750000000000001 0.5999999999999998 0
66 0.2780000000000001 0.5919999999999997 0
67 0.2810000000000001 0.5839999999999997 0
68 0.2840000000000001 0.5759999999999997 0
69 0.2870000000000001 0.5679999999999997 0
70 0.2900000000000001 0.5599999999999997 0
71 0.2930000000000001 0.5519999999999996 0
72 0.2960000000000002 0.5439999999999996 0
73 0.2990000000000002 0.5359999999999997 0
74 0.3020000000000002 0.5279999999999996 0
75 0.3050000000000002 0.5199999999999996 0
76 0.3080000000000002 0.5119999999999997 0
77 0.3110000000000002 0.5039999999999997 0
78 0.3140000000000002 0.4959999999999996 0
79 0.3170000000000002 0.4879999999999995 0
80 0.3200000000000002 0.4799999999999996 0
81 0.3230000000000002 0.4719999999999996 0
82 0.3260000000000002 0.4639999999999996 0
83 0.3290000000000002 0.4559999999999996 0
84 0.3320000000000002 0.4479999999999995 0
85 0.3350000000000002 0.4399999999999995 0
86 0.3380000000000002 0.4319999999999996 0
87 0.3410000000000002 0.4239999999999995 0
88 0.3440000000000002 0.4159999999999995 0
89 0.3470000000000002 0.4079999999999995 0
90 0.3500000000000002 0.3999999999999995 0
91 0.3530000000000002 0.3919999999999995 0
92 0.3560000000000002 0.3839999999999995 0
93 0.3590000000000002 0.3759999999999994 0
94 0.3620000000000003 0.3679999999999994 0
95 0.3650000000000003 0.3599999999999994 0
96 0.3680000000000003 0.3519999999999994 0
97 0.3710000000000002 0.3439999999999994 0
98 0.3740000000000002 0.3359999999999994 0
99 0.3770000000000003 0.3279999999999993 0
100 0.3800000000000003 0.3199999999999993 0
101 0.3830000000000002 0.3119999999999993 0
102 0.3860000000000002 0.3039999999999994 0
103 0.3890000000000002 0.2959999999999994 0
104 0.3920000000000002 0.2879999999999995 0
105 0.3950000000000002 0.2799999999999995 0
106 0.3980000000000002 0.2719999999999995 0
107 0.4010000000000002 0.2639999999999995 0
108 0.4040000000000002 0.2559999999999995 0
109 0.4070000000000002 0.2479999999999996 0
110 0.4100000000000002 0.2399999999999995 0
111 0.4130000000000001 0.2319999999999995 0
112 0.4160000000000001 0.2239999999999996 0
113 0.4190000000000002 0.2159999999999996 0
114 0.4220000000000002 0.2079999999999996 0
115 0.4250000000000002 0.1999999999999996 0
116 0.4280000000000002 0.1919999999999996 0
117 0.4310000000000002 0.1839999999999997 0
118 0.4340000000000002 0.1759999999999996 0
119 0.4370000000000002 0.1679999999999996 0
120 0.4400000000000002 0.1599999999999997 0
121 0.4430000000000001 0.1519999999999997 0
122 0.4460000000000001 0.1439999999999997 0
123 0.4490000000000001 0.1359999999999998 0
124 0.4520000000000001 0.1279999999999998 0
125 0.4550000000000001 0.1199999999999999 0
126 0.4580000000000001 0.1119999999999998 0
127 0.4610000000000001 0.1039999999999998 0
128 0.4640000000000001 0.09599999999999986 0
129 0.4670000000000001 0.08799999999999986 0
130 0.47 0.07999999999999985 0
131 0.473 0.07199999999999995 0
132 0.476 0.06399999999999995 0
133 0.479 0.05600000000000005 0
134 0.482 0.04800000000000004 0
135 0.485 0.03999999999999992 0
136 0.488 0.03200000000000003 0
137 0.491 0.02399999999999991 0
138 0.4940000000000001 0.0159999999999999 0
139 0.497 0.008000000000000007 0
140 0.4833333333333333 0 0
141 0.4666666666666667 0 0
142 0.45 0 0
143 0.4333333333333333 0 0
144 0.4166666666666666 0 0
145 0.4 0 0
146 0.3833333333333333 0 0
147 0.3666666666666667 0 0
148 0.35 0 0
149 0.3333333333333334 0 0
150 0.3166666666666667 0 0
151 0.3 0 0
152 0.2833333333333333 0 0
153 0.2666666666666666 0 0
154 0.25 0 0
155 0.2333333333333334 0 0
156 0.2166666666666667 0 0
157 0.2 0 0
158 0.1833333333333333 0 0
159 0.1666666666666667 0 0
160 0.15 0 0
161 0.1333333333333333 0 0
162 0.1166666666666667 0 0
163 0.09999999999999998 0 0
164 0.08333333333333326 0 0
165 0.06666666666666665 0 0
166 0.05000000000000004 0 0
167 0.03333333333333333 0 0
168 0.01666666666666661 0 0
169 0 0.008000000000000014 0
170 0 0.01600000000000002 0
171 0 0.02400000000000004 0
172 0 0.03200000000000005 0
173 0 0.04000000000000006 0
174 0 0.04800000000000008 0
175 0 0.0560000000000001 0
176 0 0.0640000000000001 0
177 0 0.07200000000000012 0
178 0 0.08000000000000014 0
179 0 0.08800000000000016 0
180 0 0.09600000000000018 0
181 0 0.1040000000000002 0
182 0 0.1120000000000002 0
183 0 0.1200000000000002 0
184 0 0.1280000000000002 0
185 0 0.1360000000000002 0
186 0 0.1440000000000003 0
187 0 0.1520000000000003 0
188 0 0.1600000000000003 0
189 0 0.1680000000000003 0
190 0 0.1760000000000004 0
191 0 0.1840000000000004 0
192 0 0.1920000000000004 0
193 0 0.2000000000000004 0
194 0 0.2080000000000004 0
195 0 0.2160000000000004 0
196 0 0.2240000000000005 0
197 0 0.2320000000000005 0
198 0 0.2400000000000005 0
199 0 0.2480000000000005 0
200 0 0.2560000000000004 0
201 0 0.2640000000000005 0
202 0 0.2720000000000005 0
203 0 0.2800000000000004 0
204 0 0.2880000000000004 0
205 0 0.2960000000000004 0
206 0 0.3040000000000004 0
207 0 0.3120000000000004 0
208 0 0.3200000000000004 0
209 0 0.3280000000000004 0
210 0 0.3360000000000004 0
211 0 0.3440000000000004 0
212 0 0.3520000000000004 0
213 0 0.3600000000000004 0
214 0 0.3680000000000003 0
215 0 0.3760000000000003 0
216 0 0.3840000000000003 0
217 0 0.3920000000000003 0
218 0 0.4000000000000003 0
219 0 0.4080000000000003 0
220 0 0.4160000000000003 0
221 0 0.4240000000000003 0
222 0 0.4320000000000003 0
223 0 0.4400000000000003 0
224 0 0.4480000000000004 0
225 0 0.4560000000000005 0
226 0 0.4640000000000004 0
227 0 0.4720000000000004 0
228 0 0.4800000000000004 0
229 0 0.4880000000000004 0
230 0 0.4960000000000004 0
231 0 0.5040000000000004 0
232 0 0.5120000000000005 0
233 0 0.5200000000000005 0
234 0 0.5280000000000004 0
235 0 0.5360000000000004 0
236 0 0.5440000000000004 0
237 0 0.5520000000000004 0
238 0 0.5600000000000003 0
239 0 0.5680000000000003 0
240 0 0.5760000000000003 0
241 0 0.5840000000000004 0
242 0 0.5920000000000004 0
243 0 0.6000000000000003 0
244 0 0.6080000000000003 0
245 0 0.6160000000000003 0
246 0 0.6240000000000003 0
247 0 0.6320000000000003 0
248 0 0.6400000000000003 0
249 0 0.6480000000000002 0
250 0 0.6560000000000002 0
251 0 0.6640000000000003 0
252 0 0.6720000000000002 0
253 0 0.6800000000000002 0
254 0 0.6880000000000002 0
255 0 0.6960000000000002 0
256 0 0.7040000000000002 0
257 0 0.7120000000000002 0
258 0 0.7200000000000002 0
259 0 0.7280000000000002 0
260 0 0.7360000000000002 0
261 0 0.7440000000000001 0
262 0 0.7520000000000001 0
263 0 0.7600000000000001 0
264 0 0.7680000000000001 0
265 0 0.7760000000000001 0
266 0 0.784 0
267 0 0.792 0
268 0.2016813220959596 0.805604406986532 0
269 0.2033626441919192 0.811208813973064 0
270 0.2050439662878788 0.8168132209595959 0
271 0.2067252883838384 0.8224176279461278 0
272 0.2084066104797979 0.8280220349326598 0
273 0.2100879325757575 0.8336264419191918 0
274 0.2117692546717171 0.8392308489057237 0
275 0.2134505767676767 0.8448352558922557 0
276 0.2151318988636363 0.8504396628787876 0
277 0.2168132209595959 0.8560440698653196 0
278 0.2184945430555555 0.8616484768518515 0
279 0.220175865151515 0.8672528838383835 0
280 0.2218571872474746 0.8728572908249155 0
281 0.2235385093434342 0.8784616978114475 0
282 0.2252198314393938 0.8840661047979794 0
283 0.2269011535353534 0.8896705117845114 0
284 0.228582475631313 0.8952749187710434 0
285 0.2302637977272726 0.9008793257575752 0
286 0.2319451198232322 0.9064837327441072 0
287 0.2336264419191917 0.9120881397306392 0
288 0.2353077640151514 0.9176925467171712 0
289 0.2369890861111109 0.923296953703703 0
290 0.2386704082070705 0.928901360690235 0
291 0.2403517303030301 0.934505767676767 0
292 0.2420330523989897 0.9401101746632989 0
293 0.2437143744949493 0.9457145816498308 0
294 0.2453956965909088 0.9513189886363628 0
295 0.2470770186868684 0.9569233956228946 0
296 0.248758340782828 0.9625278026094266 0
297 0.008437711997946587 0.9999644018745066 0
298 0.01687482326243308 0.9998576100324794 0
299 0.02531073310276634 0.9996796320770972 0
300 0.03374484091379384 0.9994304806797233 0
301 0.04217654621865725 0.999110173579003 0
302 0.0506052487115512 0.9987187335796009 0
303 0.05903034830045574 0.9982561885505778 0
304 0.06745124514986774 0.9977225714234055 0
305 0.07586733972349977 0.9971179201896229 0
306 0.08427803282697204 0.9964422778981309 0
307 0.09268272565046559 0.9956956926521278 0
308 0.1010808198113625 0.9948782176056841 0
309 0.1094717173968412 0.9939899109599585 0
310 0.1178548210064531 0.9930308359590536 0
311 0.1262295337946477 0.9920010608855143 0
312 0.1345952595132724 0.990900659055465 0
313 0.1429514025540199 0.9897297088133904 0
314 0.1512973679908315 0.9884882935265581 0
315 0.1596325616222588 0.9871765015790822 0
316 0.1679563900137622 0.9857944263656317 0
317 0.1762682605399683 0.9843421662847802 0
318 0.1845675814268551 0.982819824732001 0
319 0.1928537617938915 0.9812275100923052 0
320 0.2011262116960985 0.9795653357325259 0
321 0.2093843421660585 0.9778334199932456 0
322 0.2176275652558401 0.9760318861803722 0
323 0.2258552940788649 0.974160862556359 0
324 0.2340669428516849 0.9722204823310739 0
325 0.2422619269356947 0.9702108836523141 0
326 0 0.8066666666666668 0
327 0 0.8133333333333334 0
328 0 0.8200000000000001 0
329 0 0.8266666666666667 0
330 0 0.8333333333333334 0
331 0 0.8400000000000001 0
332 0 0.8466666666666667 0
333 0 0.8533333333333334 0
334 0 0.86 0
335 0 0.8666666666666667 0
336 0 0.8733333333333334 0
337 0 0.88 0
338 0 0.8866666666666667 0
339 0 0.8933333333333333 0
340 0 0.9 0
341 0 0.9066666666666667 0
342 0 0.9133333333333333 0
343 0 0.92 0
344 0 0.9266666666666666 0
345 0 0.9333333333333333 0
346 0 0.9400000000000001 0
347 0 0.9466666666666667 0
348 0 0.9533333333333334 0
349 0 0.9600000000000001 0
350 0 0.9666666666666667 0
351 0 0.9733333333333334 0
352 0 0.98 0
353 0 0.9866666666666667 0
354 0 0.9933333333333334 0
355 0.9833333333333333 0 0
356 0.9666666666666667 0 0
357 0.95 0 0
358 0.9333333333333333 0 0
359 0.9166666666666666 0 0
360 0.9 0 0
361 0.8833333333333333 0 0
362 0.8666666666666667 0 0
363 0.85 0 0
364 0.8333333333333334 0 0
365 0.8166666666666667 0 0
366 0.8 0 0
367 0.7833333333333333 0 0
368 0.7666666666666666 0 0
369 0.75 0 0
370 0.7333333333333334 0 0
371 0.7166666666666667 0 0
372 0.7 0 0
373 0.6833333333333333 0 0
374 0.6666666666666667 0 0
375 0.65 0 0
376 0.6333333333333333 0 0
377 0.6166666666666667 0 0
378 0.6 0 0
379 0.5833333333333333 0 0
380 0.5666666666666667 0 0
381 0.55 0 0
382 0.5333333333333333 0 0
383 0.5166666666666666 0 0
384 0.2631742628506667 0.9647483129671739 0
385 0.2758631702984133 0.9611969159713886 0
386 0.2885041821638176 0.9574786352049777 0
387 0.3010951037043773 0.953594116238796 0
388 0.3136337488743117 0.9495440335061062 0
389 0.3261179407041055 0.9453290901854833 0
390 0.3385455116784752 0.9409500180787285 0
391 0.3509143041126951 0.9364075774838129 0
392 0.3632221705272164 0.9317025570628739 0
393 0.375466974020514 0.9268357737052874 0
394 0.3876465886400972 0.9218080723858385 0
395 0.3997588997516193 0.9166203260180165 0
396 0.4118018044060229 0.9112734353024583 0
397 0.423773211704652 0.9057683285705701 0
398 0.4356710431622811 0.9001059616233468 0
399 0.4474932330679792 0.8942873175654272 0
400 0.4592377288437619 0.8883134066344059 0
401 0.4709024914009611 0.8821852660254351 0
402 0.4824854954942533 0.875903959711146 0
403 0.4939847300732845 0.8694705782569209 0
404 0.5053981986318299 0.8628862386315485 0
405 0.5167239195544293 0.8561520840132948 0
406 0.5279599264604368 0.8492692835914238 0
407 0.5391042685454248 0.8422390323632017 0
408 0.5501550109198851 0.8350625509264208 0
409 0.561110234945165 0.8277410852674777 0
410 0.5719680385665835 0.8202759065450449 0
411 0.5827265366436675 0.8126683108693709 0
412 0.593383861277451 0.8049196190772485 0
413 0.6039381621347822 0.7970311765026896 0
414 0.614387606769577 0.7890043527433492 0
415 0.6247303809409741 0.7808405414227321 0
416 0.6349646889283214 0.7725411599482322 0
417 0.6450887538429521 0.7641076492650412 0
418 0.655100817936689 0.7555414736059703 0
419 0.6649991429070261 0.7468441202372291 0
420 0.6747820101989344 0.738017099200205 0
421 0.6844477213032383 0.729061943049289 0
422 0.6939945980515125 0.7199802065857919 0
423 0.703420982907447 0.7107734665879989 0
424 0.7127252392546294 0.7014433215374077 0
425 0.721905751680696 0.6919913913411997 0
426 0.7309609262578006 0.682419317050989 0
427 0.7398891908193539 0.6727287605779032 0
428 0.7486889952329839 0.6629214044040401 0
429 0.7573588116696723 0.6529989512903537 0
430 0.7658971348690143 0.6429631239810218 0
431 0.7743024824005672 0.632815664904338 0
432 0.7825733949212282 0.6225583358701925 0
433 0.7907084364286082 0.6121929177641845 0
434 0.798706194510351 0.6017212102384238 0
435 0.8065652805893572 0.5911450313990734 0
436 0.814284330164871 0.5804662174906886 0
437 0.8218620030493851 0.5696866225774067 0
438 0.8292969836013253 0.5588081182210429 0
439 0.8365879809534736 0.5478325931561489 0
440 0.8437337292370891 0.5367619529620877 0
441 0.8507329878016892 0.5255981197321875 0
442 0.8575845414304528 0.5143430317400246 0
443 0.8642872005512067 0.5029986431028997 0
444 0.8708398014429605 0.4915669234425615 0
445 0.8772412064379511 0.4800498575432432 0
446 0.8834903041191696 0.4684494450070544 0
447 0.8895860095133208 0.4567676999068191 0
448 0.8955272642792016 0.4450066504363828 0
449 0.9013130368914493 0.433168338558479 0
450 0.9069423228196355 0.4212548196502018 0
451 0.9124141447026745 0.4092681621461496 0
452 0.9177275525185125 0.3972104471793019 0
453 0.9228816237490719 0.3850837682196908 0
454 0.9278754635404193 0.372890230710932 0
455 0.9327082048581308 0.3606319517046752 0
456 0.9373790086378273 0.3483110594930402 0
457 0.9418870639308532 0.3359296932391014 0
458 0.9462315880450746 0.3234900026054843 0
459 0.9504118266807702 0.3109941473811392 0
460 0.9544270540615939 0.2984442971063567 0
461 0.9582765730605839 0.2858426306960938 0
462 0.9619597153212003 0.2731913360616607 0
463 0.9654758413733632 0.2604926097308645 0
464 0.9688243407444797 0.2477486564666382 0
465 0.9720046320654343 0.2349616888842513 0
466 0.9750161631715264 0.2221339270671534 0
467 0.9778584111983376 0.2092675981815217 0
468 0.9805308826725122 0.1963649360895782 0
469 0.9830331135974338 0.183428180961745 0
470 0.9853646695337857 0.1704595788877041 0
471 0.9875251456749773 0.1574613814864298 0
472 0.9895141669174282 0.1444358455152602 0
473 0.9913313879256933 0.1313852324780779 0
474 0.9929764931924204 0.1183118082326653 0
475 0.9944491970931288 0.1052178425973052 0
476 0.9957492439357998 0.09210560895669166 0
477 0.9968764080052694 0.07897738386722787 0
478 0.9978304936024188 0.06583544666175892 0
479 0.9986113350781497 0.05268207905384452 0
480 0.9992187968621461 0.03951956474159637 0
481 0.9996527734864116 0.02635018901118513 0
482 0.9999131896035804 0.01317623834006631 0
483 0.07500000000000001 1 0
484 0.15 1 0
485 0.225 1 0
486 0.3 1 0
487 0.375 1 0
488 0.4500000000000001 1 0
489 0.525 1 0
490 0.6000000000000001 1 0
491 0.675 1 0
492 0.75 1 0
493 0.8250000000000001 1 0
494 0.9000000000000001 1 0
495 0.9750000000000001 1 0
496 1.05 1 0
497 1.125 1 0
498 1.2 1 0
499 1.275 1 0
500 1.35 1 0
501 1.425 1 0
502 1.5 1.05 0
503 1.5 1.1 0
504 1.5 1.15 0
505 1.5 1.2 0
506 1.5 1.25 0
507 1.5 1.3 0
508 1.5 1.35 0
509 1.5 1.4 0
510 1.5 1.45 0
511 1.425 1.5 0
512 1.35 1.5 0
513 1.275 1.5 0
514 1.2 1.5 0
515 1.125 1.5 0
516 1.05 1.5 0
517 0.975 1.5 0
518 0.8999999999999999 1.5 0
519 0.825 1.5 0
520 0.75 1.5 0
521 0.6749999999999999 1.5 0
522 0.5999999999999999 1.5 0
523 0.5249999999999999 1.5 0
524 0.45 1.5 0
525 0.375 1.5 0
526 0.2999999999999998 1.5 0
527 0.2249999999999999 1.5 0
528 0.1499999999999999 1.5 0
529 0.07499999999999996 1.5 0
530 0 1.45 0
531 0 1.4 0
532 0 1.35 0
533 0 1.3 0
534 0 1.25 0
535 0 1.2 0
536 0 1.15 0
537 0 1.1 0
538 0 1.05 0
539 0.4804333333333334 0.008000000000000007 0
540 0.4775333333333334 0.01600000000000001 0
541 0.4746333333333334 0.02399999999999991 0
542 0.4717333333333333 0.03199999999999997 0
543 0.4688333333333334 0.04000000000000009 0
544 0.4659333333333333 0.04800000000000004 0
545 0.4630333333333334 0.05600000000000005 0
546 0.4601333333333334 0.064 0
547 0.4572333333333334 0.07199999999999995 0
548 0.4543333333333334 0.07999999999999979 0
549 0.4514333333333334 0.08799999999999986 0
550 0.4485333333333334 0.09599999999999997 0
551 0.4456333333333334 0.1039999999999998 0
552 0.4427333333333334 0.1119999999999999 0
553 0.4398333333333334 0.1199999999999999 0
554 0.4369333333333334 0.1279999999999998 0
555 0.4340333333333334 0.1359999999999998 0
556 0.4311333333333334 0.1439999999999998 0
557 0.4282333333333335 0.1519999999999996 0
558 0.4253333333333335 0.1599999999999997 0
559 0.4224333333333335 0.1679999999999998 0
560 0.4195333333333335 0.1759999999999995 0
561 0.4166333333333335 0.1839999999999998 0
562 0.4137333333333335 0.1919999999999998 0
563 0.4108333333333335 0.1999999999999995 0
564 0.4079333333333335 0.2079999999999998 0
565 0.4050333333333335 0.2159999999999996 0
566 0.4021333333333335 0.2239999999999996 0
567 0.3992333333333335 0.2319999999999998 0
568 0.3963333333333335 0.2399999999999995 0
569 0.3934333333333335 0.2479999999999996 0
570 0.3905333333333336 0.2559999999999997 0
571 0.3876333333333336 0.2639999999999995 0
572 0.3847333333333335 0.2719999999999996 0
573 0.3818333333333335 0.2799999999999996 0
574 0.3789333333333336 0.2879999999999994 0
575 0.3760333333333336 0.2959999999999994 0
576 0.3731333333333336 0.3039999999999995 0
577 0.3702333333333336 0.3119999999999994 0
578 0.3673333333333336 0.3199999999999993 0
579 0.3644333333333336 0.3279999999999994 0
580 0.3615333333333336 0.3359999999999994 0
581 0.3586333333333336 0.3439999999999994 0
582 0.3557333333333336 0.3519999999999994 0
583 0.3528333333333336 0.3599999999999994 0
584 0.3499333333333335 0.3679999999999994 0
585 0.3470333333333336 0.3759999999999996 0
586 0.3441333333333335 0.3839999999999995 0
587 0.3412333333333336 0.3919999999999995 0
588 0.3383333333333335 0.3999999999999995 0
589 0.3354333333333336 0.4079999999999996 0
590 0.3325333333333335 0.4159999999999995 0
591 0.3296333333333336 0.4239999999999995 0
592 0.3267333333333335 0.4319999999999996 0
593 0.3238333333333335 0.4399999999999995 0
594 0.3209333333333335 0.4479999999999995 0
595 0.3180333333333335 0.4559999999999997 0
596 0.3151333333333335 0.4639999999999996 0
597 0.3122333333333335 0.4719999999999996 0
598 0.3093333333333335 0.4799999999999996 0
599 0.3064333333333335 0.4879999999999996 0
600 0.3035333333333335 0.4959999999999996 0
601 0.3006333333333335 0.5039999999999997 0
602 0.2977333333333335 0.5119999999999997 0
603 0.2948333333333335 0.5199999999999997 0
604 0.2919333333333335 0.5279999999999997 0
605 0.2890333333333335 0.5359999999999996 0
606 0.2861333333333335 0.5439999999999996 0
607 0.2832333333333334 0.5519999999999997 0
608 0.2803333333333334 0.5599999999999997 0
609 0.2774333333333335 0.5679999999999997 0
610 0.2745333333333334 0.5759999999999997 0
611 0.2716333333333335 0.5839999999999996 0
612 0.2687333333333334 0.5919999999999996 0
613 0.2658333333333334 0.5999999999999998 0
614 0.2629333333333335 0.6079999999999999 0
615 0.2600333333333334 0.6159999999999998 0
616 0.2571333333333334 0.6239999999999998 0
617 0.2542333333333334 0.6319999999999999 0
618 0.2513333333333334 0.6399999999999999 0
619 0.2484333333333335 0.6479999999999998 0
620 0.2455333333333334 0.6559999999999998 0
621 0.2426333333333334 0.6639999999999998 0
622 0.2397333333333334 0.6719999999999998 0
623 0.2368333333333333 0.6799999999999999 0
624 0.2339333333333334 0.6879999999999998 0
625 0.2310333333333334 0.696 0
626 0.2281333333333334 0.704 0
627 0.2252333333333334 0.712 0
628 0.2223333333333334 0.72 0
629 0.2194333333333334 0.7279999999999999 0
630 0.2165333333333334 0.736 0
631 0.2136333333333333 0.744 0
632 0.2107333333333333 0.7519999999999999 0
633 0.2078333333333333 0.7599999999999999 0
634 0.2049333333333334 0.7680000000000001 0
635 0.2020333333333333 0.776 0
636 0.1991333333333333 0.784 0
637 0.1962333333333333 0.792 0
638 0.4638666666666667 0.008000000000000007 0
639 0.4610666666666668 0.01599999999999996 0
640 0.4582666666666668 0.02399999999999991 0
641 0.4554666666666667 0.03200000000000003 0
642 0.4526666666666668 0.04000000000000004 0
643 0.4498666666666667 0.04799999999999999 0
644 0.4470666666666667 0.05600000000000005 0
645 0.4442666666666668 0.06399999999999995 0
646 0.4414666666666668 0.0719999999999999 0
647 0.4386666666666668 0.0799999999999999 0
648 0.4358666666666668 0.08799999999999986 0
649 0.4330666666666668 0.09600000000000003 0
650 0.4302666666666668 0.1039999999999999 0
651 0.4274666666666668 0.1119999999999998 0
652 0.4246666666666668 0.12 0
653 0.4218666666666668 0.1279999999999998 0
654 0.4190666666666668 0.1359999999999997 0
655 0.4162666666666668 0.1439999999999999 0
656 0.4134666666666668 0.1519999999999996 0
657 0.4106666666666668 0.1599999999999996 0
658 0.4078666666666669 0.1679999999999998 0
659 0.4050666666666669 0.1759999999999995 0
660 0.4022666666666669 0.1839999999999997 0
661 0.3994666666666669 0.1919999999999998 0
662 0.3966666666666669 0.1999999999999995 0
663 0.3938666666666669 0.2079999999999997 0
664 0.3910666666666668 0.2159999999999997 0
665 0.3882666666666669 0.2239999999999996 0
666 0.3854666666666668 0.2319999999999997 0
667 0.3826666666666669 0.2399999999999995 0
668 0.3798666666666669 0.2479999999999996 0
669 0.3770666666666669 0.2559999999999996 0
670 0.3742666666666669 0.2639999999999995 0
671 0.3714666666666669 0.2719999999999996 0
672 0.3686666666666669 0.2799999999999996 0
673 0.365866666666667 0.2879999999999994 0
674 0.3630666666666669 0.2959999999999995 0
675 0.360266666666667 0.3039999999999995 0
676 0.3574666666666669 0.3119999999999994 0
677 0.354666666666667 0.3199999999999994 0
678 0.351866666666667 0.3279999999999994 0
679 0.349066666666667 0.3359999999999994 0
680 0.3462666666666669 0.3439999999999994 0
681 0.343466666666667 0.3519999999999995 0
682 0.340666666666667 0.3599999999999994 0
683 0.3378666666666669 0.3679999999999994 0
684 0.335066666666667 0.3759999999999994 0
685 0.3322666666666669 0.3839999999999995 0
686 0.3294666666666669 0.3919999999999996 0
687 0.3266666666666669 0.3999999999999996 0
688 0.323866666666667 0.4079999999999995 0
689 0.3210666666666669 0.4159999999999995 0
690 0.3182666666666669 0.4239999999999996 0
691 0.3154666666666669 0.4319999999999996 0
692 0.3126666666666669 0.4399999999999996 0
693 0.309866666666667 0.4479999999999996 0
694 0.3070666666666669 0.4559999999999996 0
695 0.3042666666666669 0.4639999999999996 0
696 0.3014666666666669 0.4719999999999996 0
697 0.2986666666666669 0.4799999999999996 0
698 0.2958666666666668 0.4879999999999997 0
699 0.2930666666666669 0.4959999999999997 0
700 0.2902666666666668 0.5039999999999997 0
701 0.2874666666666669 0.5119999999999998 0
702 0.2846666666666668 0.5199999999999997 0
703 0.2818666666666668 0.5279999999999998 0
704 0.2790666666666669 0.5359999999999998 0
705 0.2762666666666669 0.5439999999999996 0
706 0.2734666666666669 0.5519999999999997 0
707 0.2706666666666668 0.5599999999999997 0
708 0.2678666666666669 0.5679999999999997 0
709 0.2650666666666669 0.5759999999999997 0
710 0.2622666666666669 0.5839999999999997 0
711 0.2594666666666669 0.5919999999999999 0
712 0.2566666666666668 0.5999999999999998 0
713 0.2538666666666668 0.6079999999999999 0
714 0.2510666666666669 0.6159999999999999 0
715 0.2482666666666668 0.6239999999999999 0
716 0.2454666666666668 0.6319999999999999 0
717 0.2426666666666668 0.6399999999999999 0
718 0.2398666666666668 0.6479999999999998 0
719 0.2370666666666668 0.6559999999999998 0
720 0.2342666666666668 0.6639999999999999 0
721 0.2314666666666668 0.6719999999999997 0
722 0.2286666666666668 0.6799999999999998 0
723 0.2258666666666668 0.6879999999999999 0
724 0.2230666666666668 0.6960000000000001 0
725 0.2202666666666668 0.704 0
726 0.2174666666666668 0.712 0
727 0.2146666666666668 0.72 0
728 0.2118666666666668 0.728 0
729 0.2090666666666668 0.736 0
730 0.2062666666666669 0.7439999999999999 0
731 0.2034666666666667 0.7519999999999999 0
732 0.2006666666666667 0.76 0
733 0.1978666666666668 0.768 0
734 0.1950666666666668 0.776 0
735 0.1922666666666668 0.784 0
736 0.1894666666666668 0.792 0
737 0.4473 0.007999999999999952 0
738 0.4446000000000001 0.0159999999999999 0
739 0.4419000000000001 0.02399999999999985 0
740 0.4392 0.03199999999999992 0
741 0.4365000000000001 0.04000000000000009 0
742 0.4338 0.04800000000000004 0
743 0.4311 0.05600000000000005 0
744 0.4284000000000001 0.06399999999999995 0
745 0.4257 0.0719999999999999 0
746 0.423 0.08000000000000002 0
747 0.4203000000000001 0.0879999999999998 0
748 0.4176000000000001 0.09599999999999997 0
749 0.4149000000000001 0.1039999999999999 0
750 0.4122000000000001 0.1119999999999998 0
751 0.4095000000000001 0.12 0
752 0.4068000000000001 0.1279999999999998 0
753 0.4041000000000001 0.1359999999999997 0
754 0.4014000000000001 0.1439999999999999 0
755 0.3987000000000001 0.1519999999999996 0
756 0.3960000000000001 0.1599999999999997 0
757 0.3933000000000001 0.1679999999999998 0
758 0.3906000000000002 0.1759999999999996 0
759 0.3879000000000001 0.1839999999999997 0
760 0.3852000000000002 0.1919999999999998 0
761 0.3825000000000002 0.1999999999999996 0
762 0.3798000000000001 0.2079999999999997 0
763 0.3771000000000001 0.2159999999999997 0
764 0.3744000000000002 0.2239999999999998 0
765 0.3717000000000001 0.2319999999999997 0
766 0.3690000000000002 0.2399999999999996 0
767 0.3663000000000002 0.2479999999999996 0
768 0.3636000000000002 0.2559999999999996 0
769 0.3609000000000002 0.2639999999999995 0
770 0.3582000000000002 0.2719999999999996 0
771 0.3555000000000002 0.2799999999999997 0
772 0.3528000000000002 0.2879999999999995 0
773 0.3501000000000002 0.2959999999999995 0
774 0.3474000000000002 0.3039999999999995 0
775 0.3447000000000002 0.3119999999999995 0
776 0.3420000000000002 0.3199999999999995 0
777 0.3393000000000003 0.3279999999999994 0
778 0.3366000000000002 0.3359999999999995 0
779 0.3339000000000002 0.3439999999999995 0
780 0.3312000000000003 0.3519999999999994 0
781 0.3285000000000002 0.3599999999999994 0
782 0.3258000000000002 0.3679999999999995 0
783 0.3231000000000003 0.3759999999999996 0
784 0.3204000000000002 0.3839999999999995 0
785 0.3177000000000002 0.3919999999999996 0
786 0.3150000000000002 0.3999999999999996 0
787 0.3123000000000002 0.4079999999999996 0
788 0.3096000000000002 0.4159999999999995 0
789 0.3069000000000002 0.4239999999999996 0
790 0.3042000000000002 0.4319999999999996 0
791 0.3015000000000002 0.4399999999999996 0
792 0.2988000000000002 0.4479999999999996 0
793 0.2961000000000002 0.4559999999999997 0
794 0.2934000000000002 0.4639999999999996 0
795 0.2907000000000002 0.4719999999999996 0
796 0.2880000000000002 0.4799999999999996 0
797 0.2853000000000002 0.4879999999999997 0
798 0.2826000000000002 0.4959999999999997 0
799 0.2799000000000001 0.5039999999999998 0
800 0.2772000000000002 0.5119999999999998 0
801 0.2745000000000002 0.5199999999999997 0
802 0.2718000000000002 0.5279999999999997 0
803 0.2691000000000001 0.5359999999999998 0
804 0.2664000000000001 0.5439999999999997 0
805 0.2637000000000002 0.5519999999999998 0
806 0.2610000000000002 0.5599999999999998 0
807 0.2583000000000002 0.5679999999999997 0
808 0.2556000000000002 0.5759999999999997 0
809 0.2529000000000001 0.5839999999999997 0
810 0.2502000000000002 0.5919999999999999 0
811 0.2475000000000002 0.5999999999999998 0
812 0.2448000000000002 0.6079999999999999 0
813 0.2421000000000002 0.6159999999999999 0
814 0.2394000000000001 0.6239999999999998 0
815 0.2367000000000002 0.6319999999999998 0
816 0.2340000000000001 0.6399999999999999 0
817 0.2313000000000001 0.6479999999999999 0
818 0.2286000000000001 0.6559999999999999 0
819 0.2259000000000001 0.6639999999999999 0
820 0.2232000000000001 0.6719999999999997 0
821 0.2205000000000001 0.6799999999999999 0
822 0.2178000000000001 0.6879999999999998 0
823 0.2151000000000001 0.696 0
824 0.2124000000000001 0.704 0
825 0.2097000000000001 0.712 0
826 0.207 0.72 0
827 0.2043000000000001 0.7279999999999999 0
828 0.2016000000000001 0.736 0
829 0.1989000000000001 0.744 0
830 0.1962000000000001 0.7519999999999999 0
831 0.1935 0.76 0
832 0.1908000000000001 0.768 0
833 0.1881000000000001 0.776 0
834 0.1854 0.784 0
835 0.1827 0.792 0
836 0.4307333333333334 0.007999999999999952 0
837 0.4281333333333334 0.01599999999999996 0
838 0.4255333333333334 0.02399999999999991 0
839 0.4229333333333334 0.03200000000000003 0
840 0.4203333333333334 0.04000000000000004 0
841 0.4177333333333334 0.04799999999999999 0
842 0.4151333333333334 0.05600000000000005 0
843 0.4125333333333334 0.06400000000000006 0
844 0.4099333333333334 0.07200000000000006 0
845 0.4073333333333334 0.07999999999999985 0
846 0.4047333333333334 0.08799999999999991 0
847 0.4021333333333335 0.09599999999999997 0
848 0.3995333333333335 0.1039999999999999 0
849 0.3969333333333335 0.1119999999999998 0
850 0.3943333333333335 0.12 0
851 0.3917333333333334 0.1279999999999998 0
852 0.3891333333333335 0.1359999999999998 0
853 0.3865333333333335 0.1439999999999999 0
854 0.3839333333333335 0.1519999999999997 0
855 0.3813333333333335 0.1599999999999998 0
856 0.3787333333333335 0.1679999999999997 0
857 0.3761333333333335 0.1759999999999997 0
858 0.3735333333333335 0.1839999999999997 0
859 0.3709333333333335 0.1919999999999998 0
860 0.3683333333333335 0.1999999999999997 0
861 0.3657333333333335 0.2079999999999998 0
862 0.3631333333333335 0.2159999999999998 0
863 0.3605333333333335 0.2239999999999997 0
864 0.3579333333333335 0.2319999999999998 0
865 0.3553333333333336 0.2399999999999996 0
866 0.3527333333333336 0.2479999999999997 0
867 0.3501333333333336 0.2559999999999997 0
868 0.3475333333333336 0.2639999999999996 0
869 0.3449333333333335 0.2719999999999997 0
870 0.3423333333333335 0.2799999999999997 0
871 0.3397333333333336 0.2879999999999995 0
872 0.3371333333333336 0.2959999999999996 0
873 0.3345333333333336 0.3039999999999995 0
874 0.3319333333333336 0.3119999999999995 0
875 0.3293333333333336 0.3199999999999995 0
876 0.3267333333333337 0.3279999999999995 0
877 0.3241333333333336 0.3359999999999995 0
878 0.3215333333333336 0.3439999999999995 0
879 0.3189333333333336 0.3519999999999994 0
880 0.3163333333333336 0.3599999999999995 0
881 0.3137333333333336 0.3679999999999994 0
882 0.3111333333333336 0.3759999999999996 0
883 0.3085333333333335 0.3839999999999996 0
884 0.3059333333333336 0.3919999999999996 0
885 0.3033333333333336 0.3999999999999996 0
886 0.3007333333333336 0.4079999999999996 0
887 0.2981333333333335 0.4159999999999996 0
888 0.2955333333333335 0.4239999999999996 0
889 0.2929333333333336 0.4319999999999997 0
890 0.2903333333333336 0.4399999999999996 0
891 0.2877333333333336 0.4479999999999996 0
892 0.2851333333333336 0.4559999999999997 0
893 0.2825333333333335 0.4639999999999997 0
894 0.2799333333333335 0.4719999999999997 0
895 0.2773333333333335 0.4799999999999997 0
896 0.2747333333333336 0.4879999999999998 0
897 0.2721333333333336 0.4959999999999998 0
898 0.2695333333333335 0.5039999999999998 0
899 0.2669333333333335 0.5119999999999998 0
900 0.2643333333333335 0.5199999999999998 0
901 0.2617333333333336 0.5279999999999998 0
902 0.2591333333333335 0.5359999999999998 0
903 0.2565333333333335 0.5439999999999997 0
904 0.2539333333333336 0.5519999999999997 0
905 0.2513333333333335 0.5599999999999998 0
906 0.2487333333333335 0.5679999999999998 0
907 0.2461333333333335 0.5759999999999998 0
908 0.2435333333333335 0.5839999999999999 0
909 0.2409333333333335 0.5919999999999999 0
910 0.2383333333333335 0.5999999999999999 0
911 0.2357333333333335 0.6079999999999999 0
912 0.2331333333333335 0.6159999999999999 0
913 0.2305333333333335 0.6239999999999998 0
914 0.2279333333333335 0.6319999999999999 0
915 0.2253333333333334 0.6399999999999999 0
916 0.2227333333333335 0.6479999999999999 0
917 0.2201333333333334 0.6559999999999999 0
918 0.2175333333333335 0.6639999999999999 0
919 0.2149333333333335 0.6719999999999999 0
920 0.2123333333333335 0.6799999999999999 0
921 0.2097333333333335 0.6879999999999999 0
922 0.2071333333333334 0.696 0
923 0.2045333333333335 0.704 0
924 0.2019333333333334 0.712 0
925 0.1993333333333334 0.72 0
926 0.1967333333333334 0.728 0
927 0.1941333333333334 0.736 0
928 0.1915333333333334 0.744 0
929 0.1889333333333334 0.752 0
930 0.1863333333333334 0.76 0
931 0.1837333333333334 0.768 0
932 0.1811333333333334 0.776 0
933 0.1785333333333334 0.784 0
934 0.1759333333333334 0.792 0
935 0.4141666666666667 0.008000000000000007 0
936 0.4116666666666667 0.0159999999999999 0
937 0.4091666666666667 0.02399999999999997 0
938 0.4066666666666667 0.03200000000000003 0
939 0.4041666666666667 0.04000000000000009 0
940 0.4016666666666667 0.04799999999999999 0
941 0.3991666666666667 0.05599999999999999 0
942 0.3966666666666667 0.06399999999999995 0
943 0.3941666666666667 0.07199999999999995 0
944 0.3916666666666667 0.07999999999999996 0
945 0.3891666666666668 0.0879999999999998 0
946 0.3866666666666668 0.09600000000000003 0
947 0.3841666666666668 0.1039999999999999 0
948 0.3816666666666668 0.1119999999999998 0
949 0.3791666666666668 0.12 0
950 0.3766666666666668 0.1279999999999998 0
951 0.3741666666666668 0.1359999999999998 0
952 0.3716666666666668 0.1439999999999999 0
953 0.3691666666666668 0.1519999999999997 0
954 0.3666666666666668 0.1599999999999998 0
955 0.3641666666666668 0.1679999999999997 0
956 0.3616666666666668 0.1759999999999997 0
957 0.3591666666666668 0.1839999999999998 0
958 0.3566666666666668 0.1919999999999998 0
959 0.3541666666666669 0.1999999999999997 0
960 0.3516666666666668 0.2079999999999999 0
961 0.3491666666666668 0.2159999999999997 0
962 0.3466666666666668 0.2239999999999998 0
963 0.3441666666666668 0.2319999999999998 0
964 0.3416666666666668 0.2399999999999997 0
965 0.3391666666666668 0.2479999999999997 0
966 0.3366666666666669 0.2559999999999997 0
967 0.3341666666666669 0.2639999999999996 0
968 0.3316666666666669 0.2719999999999997 0
969 0.3291666666666669 0.2799999999999997 0
970 0.3266666666666669 0.2879999999999996 0
971 0.3241666666666669 0.2959999999999996 0
972 0.3216666666666669 0.3039999999999996 0
973 0.3191666666666669 0.3119999999999996 0
974 0.316666666666667 0.3199999999999995 0
975 0.3141666666666669 0.3279999999999995 0
976 0.3116666666666669 0.3359999999999995 0
977 0.3091666666666669 0.3439999999999995 0
978 0.306666666666667 0.3519999999999995 0
979 0.3041666666666669 0.3599999999999995 0
980 0.3016666666666669 0.3679999999999995 0
981 0.2991666666666669 0.3759999999999997 0
982 0.2966666666666669 0.3839999999999996 0
983 0.2941666666666669 0.3919999999999997 0
984 0.2916666666666669 0.3999999999999997 0
985 0.2891666666666669 0.4079999999999996 0
986 0.2866666666666668 0.4159999999999996 0
987 0.2841666666666669 0.4239999999999997 0
988 0.2816666666666668 0.4319999999999997 0
989 0.2791666666666669 0.4399999999999996 0
990 0.2766666666666668 0.4479999999999997 0
991 0.2741666666666668 0.4559999999999997 0
992 0.2716666666666668 0.4639999999999997 0
993 0.2691666666666668 0.4719999999999998 0
994 0.2666666666666669 0.4799999999999997 0
995 0.2641666666666668 0.4879999999999997 0
996 0.2616666666666668 0.4959999999999998 0
997 0.2591666666666668 0.5039999999999998 0
998 0.2566666666666668 0.5119999999999998 0
999 0.2541666666666668 0.5199999999999998 0
1000 0.2516666666666668 0.5279999999999998 0
1001 0.2491666666666668 0.5359999999999998 0
1002 0.2466666666666668 0.5439999999999997 0
1003 0.2441666666666668 0.5519999999999998 0
1004 0.2416666666666668 0.5599999999999998 0
1005 0.2391666666666668 0.5679999999999998 0
1006 0.2366666666666668 0.5759999999999997 0
1007 0.2341666666666668 0.5839999999999999 0
1008 0.2316666666666668 0.5919999999999999 0
1009 0.2291666666666668 0.5999999999999999 0
1010 0.2266666666666668 0.6079999999999999 0
1011 0.2241666666666668 0.6159999999999999 0
1012 0.2216666666666668 0.6239999999999999 0
1013 0.2191666666666668 0.6319999999999999 0
1014 0.2166666666666668 0.6399999999999999 0
1015 0.2141666666666668 0.6479999999999999 0
1016 0.2116666666666668 0.6559999999999999 0
1017 0.2091666666666668 0.6639999999999999 0
1018 0.2066666666666668 0.6719999999999999 0
1019 0.2041666666666668 0.6799999999999998 0
1020 0.2016666666666668 0.6879999999999998 0
1021 0.1991666666666668 0.696 0
1022 0.1966666666666668 0.704 0
1023 0.1941666666666668 0.712 0
1024 0.1916666666666668 0.72 0
1025 0.1891666666666668 0.728 0
1026 0.1866666666666668 0.736 0
1027 0.1841666666666667 0.744 0
1028 0.1816666666666667 0.7519999999999999 0
1029 0.1791666666666667 0.7599999999999999 0
1030 0.1766666666666667 0.7680000000000001 0
1031 0.1741666666666667 0.7760000000000001 0
1032 0.1716666666666667 0.784 0
1033 0.1691666666666667 0.792 0
1034 0.3976000000000001 0.008000000000000063 0
1035 0.3952000000000001 0.01599999999999996 0
1036 0.3928000000000001 0.02399999999999991 0
1037 0.3904 0.03200000000000003 0
1038 0.3880000000000001 0.04000000000000004 0
1039 0.3856000000000001 0.04799999999999999 0
1040 0.3832 0.05600000000000005 0
1041 0.3808000000000001 0.06400000000000006 0
1042 0.3784000000000001 0.07200000000000006 0
1043 0.3760000000000001 0.07999999999999985 0
1044 0.3736000000000002 0.08799999999999991 0
1045 0.3712000000000001 0.09600000000000003 0
1046 0.3688000000000001 0.1039999999999999 0
1047 0.3664000000000001 0.1119999999999998 0
1048 0.3640000000000001 0.12 0
1049 0.3616000000000001 0.1279999999999998 0
1050 0.3592000000000001 0.1359999999999998 0
1051 0.3568000000000002 0.1439999999999999 0
1052 0.3544000000000002 0.1519999999999997 0
1053 0.3520000000000001 0.1599999999999997 0
1054 0.3496000000000002 0.1679999999999998 0
1055 0.3472000000000002 0.1759999999999998 0
1056 0.3448000000000002 0.1839999999999999 0
1057 0.3424000000000002 0.1919999999999998 0
1058 0.3400000000000002 0.1999999999999998 0
1059 0.3376000000000002 0.2079999999999999 0
1060 0.3352000000000002 0.2159999999999998 0
1061 0.3328000000000002 0.2239999999999997 0
1062 0.3304000000000002 0.2319999999999998 0
1063 0.3280000000000002 0.2399999999999997 0
1064 0.3256000000000002 0.2479999999999997 0
1065 0.3232000000000003 0.2559999999999998 0
1066 0.3208000000000002 0.2639999999999996 0
1067 0.3184000000000002 0.2719999999999997 0
1068 0.3160000000000002 0.2799999999999997 0
1069 0.3136000000000003 0.2879999999999996 0
1070 0.3112000000000003 0.2959999999999997 0
1071 0.3088000000000002 0.3039999999999996 0
1072 0.3064000000000002 0.3119999999999996 0
1073 0.3040000000000003 0.3199999999999995 0
1074 0.3016000000000003 0.3279999999999996 0
1075 0.2992000000000002 0.3359999999999995 0
1076 0.2968000000000002 0.3439999999999996 0
1077 0.2944000000000003 0.3519999999999995 0
1078 0.2920000000000003 0.3599999999999995 0
1079 0.2896000000000002 0.3679999999999996 0
1080 0.2872000000000002 0.3759999999999996 0
1081 0.2848000000000002 0.3839999999999997 0
1082 0.2824000000000003 0.3919999999999997 0
1083 0.2800000000000002 0.3999999999999997 0
1084 0.2776000000000003 0.4079999999999996 0
1085 0.2752000000000002 0.4159999999999996 0
1086 0.2728000000000002 0.4239999999999997 0
1087 0.2704000000000003 0.4319999999999997 0
1088 0.2680000000000002 0.4399999999999996 0
1089 0.2656000000000002 0.4479999999999997 0
1090 0.2632000000000002 0.4559999999999998 0
1091 0.2608000000000002 0.4639999999999998 0
1092 0.2584000000000002 0.4719999999999998 0
1093 0.2560000000000002 0.4799999999999997 0
1094 0.2536000000000002 0.4879999999999998 0
1095 0.2512000000000002 0.4959999999999998 0
1096 0.2488000000000002 0.5039999999999998 0
1097 0.2464000000000002 0.5119999999999998 0
1098 0.2440000000000002 0.5199999999999998 0
1099 0.2416000000000002 0.5279999999999998 0
1100 0.2392000000000002 0.5359999999999998 0
1101 0.2368000000000002 0.5439999999999998 0
1102 0.2344000000000002 0.5519999999999998 0
1103 0.2320000000000002 0.5599999999999998 0
1104 0.2296000000000002 0.5679999999999998 0
1105 0.2272000000000002 0.5759999999999997 0
1106 0.2248000000000002 0.5839999999999999 0
1107 0.2224000000000002 0.5919999999999999 0
1108 0.2200000000000001 0.5999999999999999 0
1109 0.2176000000000002 0.6079999999999999 0
1110 0.2152000000000002 0.6159999999999999 0
1111 0.2128000000000002 0.6239999999999999 0
1112 0.2104000000000001 0.6319999999999999 0
1113 0.2080000000000002 0.6399999999999999 0
1114 0.2056000000000001 0.6479999999999999 0
1115 0.2032000000000002 0.6559999999999999 0
1116 0.2008000000000001 0.6639999999999999 0
1117 0.1984000000000001 0.6719999999999999 0
1118 0.1960000000000001 0.6799999999999999 0
1119 0.1936000000000002 0.6879999999999999 0
1120 0.1912000000000001 0.696 0
1121 0.1888000000000001 0.704 0
1122 0.1864000000000001 0.712 0
1123 0.1840000000000001 0.72 0
1124 0.1816000000000001 0.728 0
1125 0.1792000000000001 0.736 0
1126 0.1768000000000001 0.744 0
1127 0.1744000000000001 0.7519999999999999 0
1128 0.1720000000000001 0.7599999999999999 0
1129 0.1696000000000001 0.7680000000000001 0
1130 0.1672000000000001 0.7760000000000001 0
1131 0.1648000000000001 0.784 0
1132 0.1624 0.792 0
1133 0.3810333333333333 0.008000000000000007 0
1134 0.3787333333333334 0.01600000000000001 0
1135 0.3764333333333333 0.02399999999999991 0
1136 0.3741333333333333 0.03199999999999992 0
1137 0.3718333333333334 0.04000000000000004 0
1138 0.3695333333333333 0.04799999999999999 0
1139 0.3672333333333334 0.05599999999999999 0
1140 0.3649333333333334 0.06400000000000006 0
1141 0.3626333333333334 0.07200000000000006 0
1142 0.3603333333333334 0.0799999999999999 0
1143 0.3580333333333334 0.08799999999999991 0
1144 0.3557333333333335 0.09599999999999992 0
1145 0.3534333333333334 0.104 0
1146 0.3511333333333334 0.1119999999999998 0
1147 0.3488333333333334 0.12 0
1148 0.3465333333333335 0.1279999999999998 0
1149 0.3442333333333334 0.1359999999999999 0
1150 0.3419333333333334 0.1439999999999999 0
1151 0.3396333333333335 0.1519999999999998 0
1152 0.3373333333333335 0.1599999999999999 0
1153 0.3350333333333335 0.1679999999999998 0
1154 0.3327333333333335 0.1759999999999998 0
1155 0.3304333333333335 0.1839999999999998 0
1156 0.3281333333333335 0.1919999999999998 0
1157 0.3258333333333335 0.1999999999999998 0
1158 0.3235333333333335 0.2079999999999999 0
1159 0.3212333333333335 0.2159999999999998 0
1160 0.3189333333333335 0.2239999999999999 0
1161 0.3166333333333335 0.2319999999999998 0
1162 0.3143333333333335 0.2399999999999997 0
1163 0.3120333333333335 0.2479999999999998 0
1164 0.3097333333333335 0.2559999999999998 0
1165 0.3074333333333336 0.2639999999999997 0
1166 0.3051333333333335 0.2719999999999998 0
1167 0.3028333333333336 0.2799999999999998 0
1168 0.3005333333333335 0.2879999999999996 0
1169 0.2982333333333336 0.2959999999999997 0
1170 0.2959333333333336 0.3039999999999997 0
1171 0.2936333333333336 0.3119999999999996 0
1172 0.2913333333333336 0.3199999999999996 0
1173 0.2890333333333336 0.3279999999999995 0
1174 0.2867333333333336 0.3359999999999996 0
1175 0.2844333333333335 0.3439999999999996 0
1176 0.2821333333333336 0.3519999999999996 0
1177 0.2798333333333335 0.3599999999999997 0
1178 0.2775333333333336 0.3679999999999996 0
1179 0.2752333333333336 0.3759999999999997 0
1180 0.2729333333333335 0.3839999999999997 0
1181 0.2706333333333336 0.3919999999999997 0
1182 0.2683333333333335 0.3999999999999997 0
1183 0.2660333333333336 0.4079999999999997 0
1184 0.2637333333333335 0.4159999999999996 0
1185 0.2614333333333335 0.4239999999999997 0
1186 0.2591333333333335 0.4319999999999997 0
1187 0.2568333333333335 0.4399999999999997 0
1188 0.2545333333333335 0.4479999999999997 0
1189 0.2522333333333335 0.4559999999999998 0
1190 0.2499333333333336 0.4639999999999998 0
1191 0.2476333333333335 0.4719999999999998 0
1192 0.2453333333333335 0.4799999999999998 0
1193 0.2430333333333335 0.4879999999999998 0
1194 0.2407333333333335 0.4959999999999998 0
1195 0.2384333333333335 0.5039999999999999 0
1196 0.2361333333333335 0.5119999999999998 0
1197 0.2338333333333335 0.5199999999999998 0
1198 0.2315333333333335 0.5279999999999998 0
1199 0.2292333333333335 0.5359999999999998 0
1200 0.2269333333333335 0.5439999999999998 0
1201 0.2246333333333335 0.5519999999999998 0
1202 0.2223333333333335 0.5599999999999998 0
1203 0.2200333333333336 0.5679999999999998 0
1204 0.2177333333333335 0.5759999999999998 0
1205 0.2154333333333335 0.5839999999999999 0
1206 0.2131333333333335 0.5919999999999999 0
1207 0.2108333333333335 0.5999999999999999 0
1208 0.2085333333333335 0.6079999999999999 0
1209 0.2062333333333335 0.6159999999999999 0
1210 0.2039333333333335 0.6239999999999999 0
1211 0.2016333333333335 0.6319999999999999 0
1212 0.1993333333333334 0.6399999999999999 0
1213 0.1970333333333335 0.6479999999999999 0
1214 0.1947333333333335 0.6559999999999999 0
1215 0.1924333333333335 0.6639999999999999 0
1216 0.1901333333333335 0.6719999999999999 0
1217 0.1878333333333335 0.6799999999999998 0
1218 0.1855333333333334 0.6879999999999998 0
1219 0.1832333333333335 0.696 0
1220 0.1809333333333334 0.7040000000000001 0
1221 0.1786333333333335 0.712 0
1222 0.1763333333333334 0.72 0
1223 0.1740333333333334 0.728 0
1224 0.1717333333333334 0.736 0
1225 0.1694333333333335 0.744 0
1226 0.1671333333333335 0.752 0
1227 0.1648333333333334 0.7599999999999999 0
1228 0.1625333333333334 0.768 0
1229 0.1602333333333334 0.776 0
1230 0.1579333333333335 0.784 0
1231 0.1556333333333335 0.792 0
1232 0.3644666666666667 0.008000000000000007 0
1233 0.3622666666666667 0.0159999999999999 0
1234 0.3600666666666668 0.02399999999999985 0
1235 0.3578666666666667 0.03200000000000014 0
1236 0.3556666666666668 0.04000000000000004 0
1237 0.3534666666666667 0.04799999999999993 0
1238 0.3512666666666667 0.05599999999999994 0
1239 0.3490666666666667 0.064 0
1240 0.3468666666666668 0.07200000000000001 0
1241 0.3446666666666668 0.0799999999999999 0
1242 0.3424666666666668 0.08799999999999991 0
1243 0.3402666666666668 0.09599999999999997 0
1244 0.3380666666666668 0.1039999999999999 0
1245 0.3358666666666668 0.1119999999999998 0
1246 0.3336666666666668 0.12 0
1247 0.3314666666666668 0.1279999999999998 0
1248 0.3292666666666668 0.1359999999999998 0
1249 0.3270666666666668 0.1439999999999997 0
1250 0.3248666666666668 0.1519999999999998 0
1251 0.3226666666666668 0.1599999999999999 0
1252 0.3204666666666668 0.1679999999999998 0
1253 0.3182666666666668 0.1759999999999999 0
1254 0.3160666666666668 0.1839999999999998 0
1255 0.3138666666666668 0.1919999999999999 0
1256 0.3116666666666669 0.1999999999999997 0
1257 0.3094666666666669 0.2079999999999999 0
1258 0.3072666666666669 0.2159999999999999 0
1259 0.3050666666666668 0.2239999999999998 0
1260 0.3028666666666669 0.2319999999999999 0
1261 0.3006666666666669 0.2399999999999998 0
1262 0.2984666666666669 0.2479999999999998 0
1263 0.2962666666666669 0.2559999999999998 0
1264 0.2940666666666669 0.2639999999999997 0
1265 0.2918666666666669 0.2719999999999998 0
1266 0.2896666666666669 0.2799999999999998 0
1267 0.2874666666666669 0.2879999999999996 0
1268 0.2852666666666669 0.2959999999999997 0
1269 0.2830666666666669 0.3039999999999997 0
1270 0.2808666666666669 0.3119999999999997 0
1271 0.278666666666667 0.3199999999999996 0
1272 0.2764666666666669 0.3279999999999996 0
1273 0.2742666666666669 0.3359999999999996 0
1274 0.2720666666666669 0.3439999999999996 0
1275 0.2698666666666669 0.3519999999999996 0
1276 0.2676666666666669 0.3599999999999997 0
1277 0.2654666666666669 0.3679999999999997 0
1278 0.263266666666667 0.3759999999999997 0
1279 0.2610666666666669 0.3839999999999997 0
1280 0.2588666666666669 0.3919999999999998 0
1281 0.2566666666666669 0.3999999999999997 0
1282 0.2544666666666669 0.4079999999999997 0
1283 0.2522666666666669 0.4159999999999997 0
1284 0.2500666666666669 0.4239999999999997 0
1285 0.2478666666666669 0.4319999999999997 0
1286 0.2456666666666669 0.4399999999999997 0
1287 0.2434666666666669 0.4479999999999997 0
1288 0.2412666666666669 0.4559999999999998 0
1289 0.2390666666666669 0.4639999999999998 0
1290 0.2368666666666669 0.4719999999999998 0
1291 0.2346666666666669 0.4799999999999998 0
1292 0.2324666666666668 0.4879999999999999 0
1293 0.2302666666666669 0.4959999999999998 0
1294 0.2280666666666668 0.5039999999999999 0
1295 0.2258666666666669 0.5119999999999999 0
1296 0.2236666666666668 0.5199999999999999 0
1297 0.2214666666666668 0.5279999999999998 0
1298 0.2192666666666668 0.5359999999999998 0
1299 0.2170666666666669 0.5439999999999998 0
1300 0.2148666666666669 0.5519999999999998 0
1301 0.2126666666666669 0.5599999999999998 0
1302 0.2104666666666669 0.5679999999999998 0
1303 0.2082666666666669 0.5759999999999998 0
1304 0.2060666666666668 0.5839999999999999 0
1305 0.2038666666666668 0.592 0
1306 0.2016666666666668 0.5999999999999999 0
1307 0.1994666666666668 0.608 0
1308 0.1972666666666668 0.6159999999999999 0
1309 0.1950666666666668 0.6239999999999999 0
1310 0.1928666666666669 0.6319999999999999 0
1311 0.1906666666666668 0.6399999999999999 0
1312 0.1884666666666668 0.6479999999999999 0
1313 0.1862666666666668 0.6559999999999999 0
1314 0.1840666666666668 0.664 0
1315 0.1818666666666668 0.6719999999999999 0
1316 0.1796666666666669 0.6799999999999999 0
1317 0.1774666666666668 0.6879999999999999 0
1318 0.1752666666666668 0.696 0
1319 0.1730666666666668 0.7040000000000001 0
1320 0.1708666666666669 0.712 0
1321 0.1686666666666668 0.72 0
1322 0.1664666666666668 0.728 0
1323 0.1642666666666668 0.736 0
1324 0.1620666666666667 0.744 0
1325 0.1598666666666668 0.7519999999999999 0
1326 0.1576666666666667 0.76 0
1327 0.1554666666666668 0.7680000000000002 0
1328 0.1532666666666667 0.776 0
1329 0.1510666666666667 0.784 0
1330 0.1488666666666668 0.792 0
1331 0.3479 0.008000000000000063 0
1332 0.3458000000000001 0.01600000000000001 0
1333 0.3437000000000001 0.0239999999999998 0
1334 0.3416 0.03200000000000003 0
1335 0.3395 0.03999999999999998 0
1336 0.3374 0.04799999999999993 0
1337 0.3353 0.05599999999999999 0
1338 0.3332000000000001 0.064 0
1339 0.3311000000000001 0.07200000000000001 0
1340 0.329 0.08000000000000002 0
1341 0.3269000000000001 0.08799999999999997 0
1342 0.3248000000000001 0.09599999999999992 0
1343 0.3227000000000001 0.1039999999999998 0
1344 0.3206000000000001 0.1119999999999999 0
1345 0.3185000000000001 0.1199999999999999 0
1346 0.3164000000000001 0.1279999999999999 0
1347 0.3143000000000001 0.1359999999999998 0
1348 0.3122000000000001 0.1439999999999998 0
1349 0.3101000000000001 0.1519999999999999 0
1350 0.3080000000000001 0.1599999999999998 0
1351 0.3059000000000002 0.1679999999999999 0
1352 0.3038000000000001 0.1759999999999997 0
1353 0.3017000000000001 0.1839999999999999 0
1354 0.2996000000000001 0.1919999999999999 0
1355 0.2975000000000002 0.1999999999999997 0
1356 0.2954000000000001 0.208 0
1357 0.2933000000000001 0.2159999999999998 0
1358 0.2912000000000001 0.224 0
1359 0.2891000000000001 0.2319999999999999 0
1360 0.2870000000000002 0.2399999999999997 0
1361 0.2849000000000002 0.2479999999999998 0
1362 0.2828000000000002 0.2559999999999999 0
1363 0.2807000000000002 0.2639999999999997 0
1364 0.2786000000000002 0.2719999999999998 0
1365 0.2765000000000001 0.2799999999999998 0
1366 0.2744000000000002 0.2879999999999997 0
1367 0.2723000000000002 0.2959999999999997 0
1368 0.2702000000000002 0.3039999999999997 0
1369 0.2681000000000002 0.3119999999999996 0
1370 0.2660000000000002 0.3199999999999997 0
1371 0.2639000000000002 0.3279999999999996 0
1372 0.2618000000000002 0.3359999999999997 0
1373 0.2597000000000002 0.3439999999999996 0
1374 0.2576000000000002 0.3519999999999996 0
1375 0.2555000000000002 0.3599999999999997 0
1376 0.2534000000000002 0.3679999999999997 0
1377 0.2513000000000002 0.3759999999999997 0
1378 0.2492000000000002 0.3839999999999997 0
1379 0.2471000000000002 0.3919999999999998 0
1380 0.2450000000000002 0.3999999999999997 0
1381 0.2429000000000002 0.4079999999999997 0
1382 0.2408000000000001 0.4159999999999998 0
1383 0.2387000000000002 0.4239999999999998 0
1384 0.2366000000000002 0.4319999999999998 0
1385 0.2345000000000002 0.4399999999999997 0
1386 0.2324000000000001 0.4479999999999998 0
1387 0.2303000000000001 0.4559999999999999 0
1388 0.2282000000000002 0.4639999999999999 0
1389 0.2261000000000002 0.4719999999999999 0
1390 0.2240000000000002 0.4799999999999998 0
1391 0.2219000000000002 0.4879999999999998 0
1392 0.2198000000000002 0.4959999999999998 0
1393 0.2177000000000001 0.5039999999999999 0
1394 0.2156000000000002 0.5119999999999999 0
1395 0.2135000000000002 0.5199999999999999 0
1396 0.2114000000000002 0.5279999999999999 0
1397 0.2093000000000001 0.5359999999999999 0
1398 0.2072000000000001 0.5439999999999998 0
1399 0.2051000000000001 0.5519999999999999 0
1400 0.2030000000000002 0.5599999999999998 0
1401 0.2009000000000002 0.5679999999999998 0
1402 0.1988000000000001 0.5759999999999998 0
1403 0.1967000000000002 0.584 0
1404 0.1946000000000002 0.5919999999999999 0
1405 0.1925000000000002 0.5999999999999999 0
1406 0.1904000000000002 0.608 0
1407 0.1883000000000001 0.616 0
1408 0.1862000000000001 0.6239999999999999 0
1409 0.1841000000000002 0.6319999999999999 0
1410 0.1820000000000001 0.64 0
1411 0.1799000000000002 0.6479999999999999 0
1412 0.1778000000000001 0.6559999999999999 0
1413 0.1757000000000001 0.664 0
1414 0.1736000000000001 0.672 0
1415 0.1715000000000001 0.68 0
1416 0.1694000000000001 0.6880000000000001 0
1417 0.1673000000000001 0.6960000000000001 0
1418 0.1652000000000001 0.704 0
1419 0.1631000000000001 0.7120000000000001 0
1420 0.1610000000000001 0.72 0
1421 0.1589000000000002 0.728 0
1422 0.1568000000000001 0.736 0
1423 0.1547000000000002 0.744 0
1424 0.1526000000000001 0.7519999999999999 0
1425 0.1505000000000001 0.76 0
1426 0.1484 0.768 0
1427 0.1463 0.776 0
1428 0.1442000000000001 0.784 0
1429 0.1421000000000001 0.792 0
1430 0.3313333333333334 0.008000000000000007 0
1431 0.3293333333333334 0.01600000000000001 0
1432 0.3273333333333334 0.02399999999999991 0
1433 0.3253333333333334 0.03200000000000019 0
1434 0.3233333333333335 0.03999999999999998 0
1435 0.3213333333333334 0.04799999999999993 0
1436 0.3193333333333334 0.05600000000000011 0
1437 0.3173333333333335 0.06399999999999995 0
1438 0.3153333333333335 0.07200000000000001 0
1439 0.3133333333333335 0.08000000000000007 0
1440 0.3113333333333335 0.0879999999999998 0
1441 0.3093333333333335 0.09599999999999992 0
1442 0.3073333333333334 0.104 0
1443 0.3053333333333335 0.112 0
1444 0.3033333333333335 0.1199999999999999 0
1445 0.3013333333333335 0.128 0
1446 0.2993333333333335 0.136 0
1447 0.2973333333333335 0.1439999999999999 0
1448 0.2953333333333334 0.1519999999999997 0
1449 0.2933333333333335 0.1599999999999998 0
1450 0.2913333333333335 0.168 0
1451 0.2893333333333336 0.1759999999999997 0
1452 0.2873333333333335 0.1839999999999999 0
1453 0.2853333333333334 0.192 0
1454 0.2833333333333335 0.1999999999999998 0
1455 0.2813333333333335 0.208 0
1456 0.2793333333333335 0.2159999999999999 0
1457 0.2773333333333335 0.2239999999999999 0
1458 0.2753333333333335 0.2319999999999999 0
1459 0.2733333333333335 0.2399999999999997 0
1460 0.2713333333333335 0.2479999999999999 0
1461 0.2693333333333335 0.2559999999999999 0
1462 0.2673333333333335 0.2639999999999997 0
1463 0.2653333333333335 0.2719999999999999 0
1464 0.2633333333333335 0.2799999999999999 0
1465 0.2613333333333335 0.2879999999999997 0
1466 0.2593333333333336 0.2959999999999998 0
1467 0.2573333333333336 0.3039999999999997 0
1468 0.2553333333333336 0.3119999999999997 0
1469 0.2533333333333336 0.3199999999999997 0
1470 0.2513333333333336 0.3279999999999997 0
1471 0.2493333333333336 0.3359999999999996 0
1472 0.2473333333333336 0.3439999999999998 0
1473 0.2453333333333336 0.3519999999999996 0
1474 0.2433333333333337 0.3599999999999997 0
1475 0.2413333333333336 0.3679999999999997 0
1476 0.2393333333333336 0.3759999999999998 0
1477 0.2373333333333336 0.3839999999999997 0
1478 0.2353333333333336 0.3919999999999998 0
1479 0.2333333333333336 0.3999999999999997 0
1480 0.2313333333333336 0.4079999999999998 0
1481 0.2293333333333336 0.4159999999999998 0
1482 0.2273333333333336 0.4239999999999998 0
1483 0.2253333333333336 0.4319999999999998 0
1484 0.2233333333333336 0.4399999999999997 0
1485 0.2213333333333335 0.4479999999999998 0
1486 0.2193333333333336 0.4559999999999999 0
1487 0.2173333333333336 0.4639999999999999 0
1488 0.2153333333333336 0.4719999999999999 0
1489 0.2133333333333336 0.4799999999999998 0
1490 0.2113333333333336 0.4879999999999999 0
1491 0.2093333333333336 0.4959999999999999 0
1492 0.2073333333333335 0.504 0
1493 0.2053333333333335 0.5119999999999999 0
1494 0.2033333333333335 0.5199999999999999 0
1495 0.2013333333333335 0.5279999999999999 0
1496 0.1993333333333335 0.5359999999999999 0
1497 0.1973333333333335 0.5439999999999998 0
1498 0.1953333333333335 0.5519999999999999 0
1499 0.1933333333333335 0.5599999999999998 0
1500 0.1913333333333335 0.5679999999999998 0
1501 0.1893333333333335 0.5759999999999998 0
1502 0.1873333333333335 0.5839999999999999 0
1503 0.1853333333333335 0.592 0
1504 0.1833333333333335 0.5999999999999999 0
1505 0.1813333333333335 0.608 0
1506 0.1793333333333335 0.616 0
1507 0.1773333333333336 0.624 0
1508 0.1753333333333335 0.6319999999999999 0
1509 0.1733333333333336 0.64 0
1510 0.1713333333333336 0.648 0
1511 0.1693333333333336 0.6559999999999999 0
1512 0.1673333333333336 0.664 0
1513 0.1653333333333334 0.672 0
1514 0.1633333333333335 0.6799999999999999 0
1515 0.1613333333333336 0.6879999999999999 0
1516 0.1593333333333335 0.6960000000000001 0
1517 0.1573333333333335 0.7040000000000001 0
1518 0.1553333333333336 0.712 0
1519 0.1533333333333335 0.7200000000000001 0
1520 0.1513333333333336 0.7280000000000001 0
1521 0.1493333333333336 0.736 0
1522 0.1473333333333335 0.744 0
1523 0.1453333333333336 0.752 0
1524 0.1433333333333335 0.76 0
1525 0.1413333333333336 0.768 0
1526 0.1393333333333336 0.776 0
1527 0.1373333333333335 0.784 0
1528 0.1353333333333335 0.792 0
1529 0.3147666666666667 0.008000000000000063 0
1530 0.3128666666666667 0.0159999999999999 0
1531 0.3109666666666668 0.02399999999999985 0
1532 0.3090666666666667 0.03200000000000014 0
1533 0.3071666666666668 0.03999999999999998 0
1534 0.3052666666666667 0.04800000000000004 0
1535 0.3033666666666667 0.05600000000000011 0
1536 0.3014666666666668 0.064 0
1537 0.2995666666666667 0.07200000000000001 0
1538 0.2976666666666667 0.08000000000000002 0
1539 0.2957666666666667 0.08799999999999986 0
1540 0.2938666666666667 0.09599999999999992 0
1541 0.2919666666666668 0.1039999999999999 0
1542 0.2900666666666667 0.112 0
1543 0.2881666666666667 0.1199999999999999 0
1544 0.2862666666666668 0.128 0
1545 0.2843666666666668 0.136 0
1546 0.2824666666666668 0.1439999999999999 0
1547 0.2805666666666667 0.1519999999999999 0
1548 0.2786666666666667 0.1599999999999999 0
1549 0.2767666666666668 0.1679999999999999 0
1550 0.2748666666666667 0.1759999999999998 0
1551 0.2729666666666668 0.1839999999999999 0
1552 0.2710666666666668 0.192 0
1553 0.2691666666666669 0.1999999999999999 0
1554 0.2672666666666669 0.2079999999999999 0
1555 0.2653666666666669 0.2159999999999999 0
1556 0.2634666666666668 0.2239999999999999 0
1557 0.2615666666666668 0.232 0
1558 0.2596666666666669 0.2399999999999998 0
1559 0.2577666666666669 0.2479999999999999 0
1560 0.2558666666666669 0.2559999999999999 0
1561 0.2539666666666668 0.2639999999999997 0
1562 0.2520666666666669 0.2719999999999999 0
1563 0.2501666666666669 0.2799999999999999 0
1564 0.2482666666666669 0.2879999999999998 0
1565 0.2463666666666669 0.2959999999999998 0
1566 0.2444666666666669 0.3039999999999998 0
1567 0.2425666666666669 0.3119999999999998 0
1568 0.2406666666666669 0.3199999999999997 0
1569 0.2387666666666669 0.3279999999999997 0
1570 0.2368666666666669 0.3359999999999997 0
1571 0.2349666666666669 0.3439999999999998 0
1572 0.2330666666666668 0.3519999999999998 0
1573 0.2311666666666669 0.3599999999999998 0
1574 0.2292666666666669 0.3679999999999997 0
1575 0.2273666666666669 0.3759999999999998 0
1576 0.2254666666666669 0.3839999999999998 0
1577 0.2235666666666668 0.3919999999999998 0
1578 0.2216666666666668 0.3999999999999998 0
1579 0.2197666666666669 0.4079999999999998 0
1580 0.2178666666666668 0.4159999999999998 0
1581 0.2159666666666669 0.4239999999999998 0
1582 0.2140666666666668 0.4319999999999998 0
1583 0.2121666666666669 0.4399999999999998 0
1584 0.2102666666666668 0.4479999999999998 0
1585 0.2083666666666669 0.4559999999999999 0
1586 0.2064666666666669 0.4639999999999999 0
1587 0.2045666666666669 0.4719999999999999 0
1588 0.2026666666666669 0.4799999999999999 0
1589 0.2007666666666668 0.4879999999999999 0
1590 0.1988666666666668 0.4959999999999999 0
1591 0.1969666666666668 0.504 0
1592 0.1950666666666669 0.5119999999999999 0
1593 0.1931666666666668 0.5199999999999999 0
1594 0.1912666666666668 0.5279999999999999 0
1595 0.1893666666666668 0.5359999999999999 0
1596 0.1874666666666668 0.5439999999999998 0
1597 0.1855666666666668 0.5519999999999999 0
1598 0.1836666666666669 0.5599999999999999 0
1599 0.1817666666666669 0.5679999999999999 0
1600 0.1798666666666668 0.5759999999999998 0
1601 0.1779666666666668 0.584 0
1602 0.1760666666666668 0.592 0
1603 0.1741666666666669 0.6 0
1604 0.1722666666666668 0.608 0
1605 0.1703666666666668 0.616 0
1606 0.1684666666666668 0.624 0
1607 0.1665666666666669 0.632 0
1608 0.1646666666666668 0.64 0
1609 0.1627666666666668 0.6479999999999999 0
1610 0.1608666666666668 0.656 0
1611 0.1589666666666668 0.664 0
1612 0.1570666666666667 0.6719999999999999 0
1613 0.1551666666666668 0.6799999999999999 0
1614 0.1532666666666668 0.6879999999999999 0
1615 0.1513666666666668 0.696 0
1616 0.1494666666666669 0.704 0
1617 0.1475666666666668 0.7120000000000001 0
1618 0.1456666666666668 0.72 0
1619 0.1437666666666668 0.7280000000000001 0
1620 0.1418666666666668 0.736 0
1621 0.1399666666666669 0.7440000000000001 0
1622 0.1380666666666667 0.7519999999999999 0
1623 0.1361666666666667 0.76 0
1624 0.1342666666666668 0.768 0
1625 0.1323666666666668 0.776 0
1626 0.1304666666666668 0.784 0
1627 0.1285666666666668 0.792 0
1628 0.2982000000000001 0.008000000000000063 0
1629 0.2964000000000001 0.0159999999999999 0
1630 0.2946000000000001 0.02399999999999991 0
1631 0.2928000000000001 0.03200000000000008 0
1632 0.2910000000000001 0.03999999999999998 0
1633 0.2892000000000001 0.04800000000000004 0
1634 0.2874000000000001 0.05600000000000005 0
1635 0.2856000000000001 0.06400000000000006 0
1636 0.2838000000000001 0.07200000000000006 0
1637 0.2820000000000001 0.08000000000000002 0
1638 0.2802000000000001 0.08799999999999986 0
1639 0.2784000000000002 0.09599999999999997 0
1640 0.2766000000000002 0.1039999999999999 0
1641 0.2748000000000002 0.112 0
1642 0.2730000000000001 0.12 0
1643 0.2712000000000002 0.128 0
1644 0.2694000000000001 0.136 0
1645 0.2676000000000001 0.1439999999999999 0
1646 0.2658000000000001 0.1519999999999998 0
1647 0.2640000000000002 0.1599999999999999 0
1648 0.2622000000000002 0.1679999999999999 0
1649 0.2604000000000002 0.1759999999999998 0
1650 0.2586000000000002 0.1839999999999999 0
1651 0.2568000000000002 0.192 0
1652 0.2550000000000002 0.1999999999999999 0
1653 0.2532000000000002 0.208 0
1654 0.2514000000000002 0.2159999999999999 0
1655 0.2496000000000002 0.2239999999999999 0
1656 0.2478000000000002 0.232 0
1657 0.2460000000000002 0.2399999999999998 0
1658 0.2442000000000003 0.2479999999999999 0
1659 0.2424000000000002 0.2559999999999999 0
1660 0.2406000000000003 0.2639999999999998 0
1661 0.2388000000000002 0.2719999999999999 0
1662 0.2370000000000002 0.2799999999999999 0
1663 0.2352000000000003 0.2879999999999998 0
1664 0.2334000000000002 0.2959999999999998 0
1665 0.2316000000000003 0.3039999999999998 0
1666 0.2298000000000003 0.3119999999999998 0
1667 0.2280000000000003 0.3199999999999998 0
1668 0.2262000000000003 0.3279999999999997 0
1669 0.2244000000000002 0.3359999999999998 0
1670 0.2226000000000002 0.3439999999999998 0
1671 0.2208000000000002 0.3519999999999998 0
1672 0.2190000000000003 0.3599999999999998 0
1673 0.2172000000000002 0.3679999999999998 0
1674 0.2154000000000002 0.3759999999999998 0
1675 0.2136000000000002 0.3839999999999998 0
1676 0.2118000000000002 0.3919999999999998 0
1677 0.2100000000000002 0.3999999999999998 0
1678 0.2082000000000002 0.4079999999999998 0
1679 0.2064000000000002 0.4159999999999998 0
1680 0.2046000000000002 0.4239999999999998 0
1681 0.2028000000000003 0.4319999999999999 0
1682 0.2010000000000002 0.4399999999999998 0
1683 0.1992000000000002 0.4479999999999998 0
1684 0.1974000000000002 0.456 0
1685 0.1956000000000002 0.464 0
1686 0.1938000000000002 0.4719999999999999 0
1687 0.1920000000000002 0.4799999999999999 0
1688 0.1902000000000002 0.4879999999999999 0
1689 0.1884000000000002 0.4959999999999999 0
1690 0.1866000000000002 0.504 0
1691 0.1848000000000001 0.512 0
1692 0.1830000000000002 0.5199999999999999 0
1693 0.1812000000000002 0.5279999999999999 0
1694 0.1794000000000002 0.5359999999999999 0
1695 0.1776000000000002 0.5439999999999999 0
1696 0.1758000000000002 0.552 0
1697 0.1740000000000002 0.5599999999999999 0
1698 0.1722000000000002 0.5679999999999999 0
1699 0.1704000000000002 0.576 0
1700 0.1686000000000002 0.584 0
1701 0.1668000000000002 0.5920000000000001 0
1702 0.1650000000000002 0.6 0
1703 0.1632000000000002 0.6080000000000001 0
1704 0.1614000000000003 0.616 0
1705 0.1596000000000002 0.624 0
1706 0.1578000000000001 0.632 0
1707 0.1560000000000002 0.64 0
1708 0.1542000000000002 0.648 0
1709 0.1524000000000003 0.6559999999999999 0
1710 0.1506000000000002 0.664 0
1711 0.1488000000000001 0.6719999999999999 0
1712 0.1470000000000002 0.6799999999999999 0
1713 0.1452000000000002 0.6879999999999999 0
1714 0.1434000000000002 0.6960000000000001 0
1715 0.1416000000000002 0.704 0
1716 0.1398000000000001 0.712 0
1717 0.1380000000000001 0.72 0
1718 0.1362000000000002 0.728 0
1719 0.1344000000000001 0.7360000000000002 0
1720 0.1326000000000001 0.744 0
1721 0.1308000000000001 0.7519999999999999 0
1722 0.129 0.76 0
1723 0.1272000000000001 0.7680000000000001 0
1724 0.1254000000000001 0.7760000000000001 0
1725 0.1236000000000001 0.784 0
1726 0.1218000000000001 0.792 0
1727 0.2816333333333333 0.008000000000000063 0
1728 0.2799333333333334 0.01600000000000007 0
1729 0.2782333333333333 0.02399999999999985 0
1730 0.2765333333333334 0.03200000000000003 0
1731 0.2748333333333334 0.03999999999999998 0
1732 0.2731333333333333 0.04800000000000004 0
1733 0.2714333333333334 0.05600000000000005 0
1734 0.2697333333333334 0.064 0
1735 0.2680333333333333 0.07200000000000001 0
1736 0.2663333333333334 0.08000000000000002 0
1737 0.2646333333333334 0.08799999999999991 0
1738 0.2629333333333334 0.09600000000000014 0
1739 0.2612333333333334 0.104 0
1740 0.2595333333333334 0.112 0
1741 0.2578333333333334 0.12 0
1742 0.2561333333333334 0.128 0
1743 0.2544333333333334 0.136 0
1744 0.2527333333333334 0.1439999999999999 0
1745 0.2510333333333335 0.1519999999999999 0
1746 0.2493333333333334 0.1599999999999999 0
1747 0.2476333333333335 0.168 0
1748 0.2459333333333336 0.1759999999999999 0
1749 0.2442333333333335 0.184 0
1750 0.2425333333333335 0.192 0
1751 0.2408333333333335 0.2 0
1752 0.2391333333333335 0.2080000000000001 0
1753 0.2374333333333335 0.2159999999999999 0
1754 0.2357333333333335 0.224 0
1755 0.2340333333333334 0.232 0
1756 0.2323333333333335 0.2399999999999999 0
1757 0.2306333333333335 0.248 0
1758 0.2289333333333335 0.256 0
1759 0.2272333333333335 0.2639999999999999 0
1760 0.2255333333333335 0.272 0
1761 0.2238333333333335 0.2799999999999999 0
1762 0.2221333333333336 0.2879999999999998 0
1763 0.2204333333333335 0.2959999999999999 0
1764 0.2187333333333335 0.3039999999999998 0
1765 0.2170333333333336 0.3119999999999998 0
1766 0.2153333333333336 0.3199999999999998 0
1767 0.2136333333333335 0.3279999999999998 0
1768 0.2119333333333336 0.3359999999999998 0
1769 0.2102333333333335 0.3439999999999998 0
1770 0.2085333333333336 0.3519999999999998 0
1771 0.2068333333333335 0.3599999999999998 0
1772 0.2051333333333336 0.3679999999999998 0
1773 0.2034333333333335 0.3759999999999999 0
1774 0.2017333333333335 0.3839999999999999 0
1775 0.2000333333333336 0.3919999999999998 0
1776 0.1983333333333335 0.3999999999999999 0
1777 0.1966333333333335 0.4079999999999999 0
1778 0.1949333333333335 0.4159999999999999 0
1779 0.1932333333333335 0.4239999999999999 0
1780 0.1915333333333336 0.4319999999999999 0
1781 0.1898333333333336 0.4399999999999998 0
1782 0.1881333333333335 0.4479999999999999 0
1783 0.1864333333333335 0.456 0
1784 0.1847333333333335 0.464 0
1785 0.1830333333333335 0.472 0
1786 0.1813333333333336 0.4799999999999999 0
1787 0.1796333333333335 0.488 0
1788 0.1779333333333336 0.4959999999999999 0
1789 0.1762333333333335 0.504 0
1790 0.1745333333333335 0.512 0
1791 0.1728333333333334 0.52 0
1792 0.1711333333333335 0.528 0
1793 0.1694333333333334 0.536 0
1794 0.1677333333333335 0.5439999999999999 0
1795 0.1660333333333335 0.552 0
1796 0.1643333333333335 0.5600000000000001 0
1797 0.1626333333333335 0.5679999999999999 0
1798 0.1609333333333334 0.576 0
1799 0.1592333333333335 0.584 0
1800 0.1575333333333335 0.5920000000000001 0
1801 0.1558333333333334 0.6 0
1802 0.1541333333333335 0.608 0
1803 0.1524333333333335 0.6160000000000001 0
1804 0.1507333333333334 0.624 0
1805 0.1490333333333334 0.632 0
1806 0.1473333333333335 0.64 0
1807 0.1456333333333334 0.6479999999999999 0
1808 0.1439333333333335 0.6559999999999999 0
1809 0.1422333333333335 0.664 0
1810 0.1405333333333335 0.672 0
1811 0.1388333333333334 0.6799999999999999 0
1812 0.1371333333333334 0.6879999999999999 0
1813 0.1354333333333335 0.6960000000000001 0
1814 0.1337333333333334 0.704 0
1815 0.1320333333333335 0.712 0
1816 0.1303333333333335 0.72 0
1817 0.1286333333333334 0.7280000000000001 0
1818 0.1269333333333334 0.7360000000000001 0
1819 0.1252333333333335 0.744 0
1820 0.1235333333333334 0.752 0
1821 0.1218333333333334 0.76 0
1822 0.1201333333333335 0.768 0
1823 0.1184333333333336 0.776 0
1824 0.1167333333333334 0.784 0
1825 0.1150333333333333 0.792 0
1826 0.2650666666666666 0.008000000000000118 0
1827 0.2634666666666666 0.01599999999999985 0
1828 0.2618666666666667 0.02399999999999985 0
1829 0.2602666666666666 0.03200000000000008 0
1830 0.2586666666666667 0.03999999999999998 0
1831 0.2570666666666667 0.04800000000000004 0
1832 0.2554666666666667 0.05600000000000011 0
1833 0.2538666666666667 0.06400000000000006 0
1834 0.2522666666666666 0.07200000000000006 0
1835 0.2506666666666667 0.08000000000000007 0
1836 0.2490666666666667 0.08799999999999991 0
1837 0.2474666666666667 0.09600000000000014 0
1838 0.2458666666666667 0.104 0
1839 0.2442666666666667 0.112 0
1840 0.2426666666666668 0.1200000000000001 0
1841 0.2410666666666667 0.128 0
1842 0.2394666666666667 0.136 0
1843 0.2378666666666667 0.144 0
1844 0.2362666666666668 0.1519999999999999 0
1845 0.2346666666666667 0.16 0
1846 0.2330666666666668 0.1679999999999999 0
1847 0.2314666666666668 0.1759999999999999 0
1848 0.2298666666666667 0.1839999999999999 0
1849 0.2282666666666668 0.1919999999999999 0
1850 0.2266666666666668 0.2 0
1851 0.2250666666666668 0.2080000000000001 0
1852 0.2234666666666667 0.216 0
1853 0.2218666666666668 0.224 0
1854 0.2202666666666668 0.232 0
1855 0.2186666666666668 0.24 0
1856 0.2170666666666667 0.248 0
1857 0.2154666666666668 0.256 0
1858 0.2138666666666668 0.2639999999999998 0
1859 0.2122666666666668 0.272 0
1860 0.2106666666666668 0.28 0
1861 0.2090666666666669 0.2879999999999999 0
1862 0.2074666666666668 0.2959999999999999 0
1863 0.2058666666666668 0.3039999999999999 0
1864 0.2042666666666668 0.3119999999999999 0
1865 0.2026666666666668 0.3199999999999998 0
1866 0.2010666666666668 0.3279999999999998 0
1867 0.1994666666666669 0.3359999999999999 0
1868 0.1978666666666667 0.3439999999999999 0
1869 0.1962666666666668 0.3519999999999998 0
1870 0.1946666666666668 0.3599999999999999 0
1871 0.1930666666666668 0.3679999999999998 0
1872 0.1914666666666668 0.3759999999999999 0
1873 0.1898666666666668 0.3839999999999999 0
1874 0.1882666666666667 0.3919999999999999 0
1875 0.1866666666666668 0.3999999999999999 0
1876 0.1850666666666668 0.4079999999999998 0
1877 0.1834666666666668 0.4159999999999999 0
1878 0.1818666666666668 0.4239999999999999 0
1879 0.1802666666666667 0.4319999999999999 0
1880 0.1786666666666668 0.4399999999999998 0
1881 0.1770666666666668 0.4479999999999999 0
1882 0.1754666666666668 0.456 0
1883 0.1738666666666668 0.464 0
1884 0.1722666666666668 0.472 0
1885 0.1706666666666668 0.48 0
1886 0.1690666666666668 0.488 0
1887 0.1674666666666668 0.496 0
1888 0.1658666666666668 0.504 0
1889 0.1642666666666667 0.512 0
1890 0.1626666666666668 0.52 0
1891 0.1610666666666667 0.528 0
1892 0.1594666666666668 0.536 0
1893 0.1578666666666669 0.5439999999999999 0
1894 0.1562666666666668 0.552 0
1895 0.1546666666666668 0.5600000000000001 0
1896 0.1530666666666668 0.5679999999999999 0
1897 0.1514666666666668 0.576 0
1898 0.1498666666666668 0.5840000000000001 0
1899 0.1482666666666667 0.5920000000000001 0
1900 0.1466666666666667 0.6000000000000001 0
1901 0.1450666666666668 0.6080000000000001 0
1902 0.1434666666666668 0.6160000000000001 0
1903 0.1418666666666667 0.624 0
1904 0.1402666666666667 0.632 0
1905 0.1386666666666668 0.6400000000000001 0
1906 0.1370666666666668 0.648 0
1907 0.1354666666666668 0.6559999999999999 0
1908 0.1338666666666668 0.6639999999999999 0
1909 0.1322666666666667 0.6719999999999999 0
1910 0.1306666666666668 0.68 0
1911 0.1290666666666667 0.6879999999999999 0
1912 0.1274666666666668 0.696 0
1913 0.1258666666666668 0.704 0
1914 0.1242666666666667 0.712 0
1915 0.1226666666666668 0.72 0
1916 0.1210666666666667 0.728 0
1917 0.1194666666666668 0.7360000000000001 0
1918 0.1178666666666668 0.744 0
1919 0.1162666666666667 0.752 0
1920 0.1146666666666667 0.76 0
1921 0.1130666666666667 0.7680000000000001 0
1922 0.1114666666666668 0.7760000000000001 0
1923 0.1098666666666667 0.784 0
1924 0.1082666666666668 0.792 0
1925 0.2485 0.008000000000000118 0
1926 0.2470000000000001 0.01600000000000001 0
1927 0.2455000000000001 0.02399999999999991 0
1928 0.244 0.03200000000000003 0
1929 0.2425 0.03999999999999992 0
1930 0.2409999999999999 0.04800000000000004 0
1931 0.2395 0.05600000000000011 0
1932 0.2380000000000001 0.064 0
1933 0.2365000000000001 0.07200000000000006 0
1934 0.235 0.08000000000000007 0
1935 0.2335 0.08799999999999997 0
1936 0.232 0.09600000000000014 0
1937 0.2305 0.104 0
1938 0.2290000000000001 0.112 0
1939 0.2275000000000001 0.1200000000000001 0
1940 0.226 0.128 0
1941 0.2245000000000001 0.136 0
1942 0.2230000000000001 0.144 0
1943 0.2215 0.1519999999999999 0
1944 0.22 0.1599999999999999 0
1945 0.2185000000000001 0.1680000000000001 0
1946 0.2170000000000002 0.1759999999999999 0
1947 0.2155000000000001 0.184 0
1948 0.2140000000000001 0.1920000000000001 0
1949 0.2125000000000001 0.1999999999999999 0
1950 0.2110000000000001 0.208 0
1951 0.2095000000000001 0.216 0
1952 0.2080000000000002 0.224 0
1953 0.2065000000000001 0.2320000000000001 0
1954 0.2050000000000002 0.2399999999999999 0
1955 0.2035000000000001 0.248 0
1956 0.2020000000000002 0.256 0
1957 0.2005000000000001 0.264 0
1958 0.1990000000000001 0.272 0
1959 0.1975000000000001 0.28 0
1960 0.1960000000000001 0.2879999999999999 0
1961 0.1945000000000002 0.2959999999999999 0
1962 0.1930000000000002 0.3039999999999999 0
1963 0.1915000000000002 0.3119999999999998 0
1964 0.1900000000000002 0.3199999999999999 0
1965 0.1885000000000002 0.3279999999999998 0
1966 0.1870000000000002 0.3359999999999999 0
1967 0.1855000000000002 0.3439999999999999 0
1968 0.1840000000000002 0.3519999999999999 0
1969 0.1825000000000002 0.3599999999999999 0
1970 0.1810000000000002 0.3679999999999998 0
1971 0.1795000000000002 0.3759999999999999 0
1972 0.1780000000000001 0.3839999999999999 0
1973 0.1765000000000001 0.3919999999999999 0
1974 0.1750000000000002 0.3999999999999999 0
1975 0.1735000000000002 0.4079999999999999 0
1976 0.1720000000000002 0.4159999999999999 0
1977 0.1705000000000001 0.4239999999999999 0
1978 0.1690000000000001 0.4319999999999999 0
1979 0.1675000000000002 0.4399999999999999 0
1980 0.1660000000000002 0.448 0
1981 0.1645000000000002 0.456 0
1982 0.1630000000000001 0.464 0
1983 0.1615000000000001 0.472 0
1984 0.1600000000000001 0.48 0
1985 0.1585000000000002 0.488 0
1986 0.1570000000000001 0.496 0
1987 0.1555000000000002 0.5040000000000001 0
1988 0.1540000000000001 0.512 0
1989 0.1525000000000001 0.52 0
1990 0.1510000000000002 0.528 0
1991 0.1495000000000001 0.536 0
1992 0.1480000000000001 0.5439999999999999 0
1993 0.1465000000000002 0.552 0
1994 0.1450000000000001 0.5599999999999999 0
1995 0.1435000000000001 0.5680000000000001 0
1996 0.1420000000000001 0.576 0
1997 0.1405000000000001 0.5840000000000001 0
1998 0.1390000000000002 0.5920000000000001 0
1999 0.1375000000000001 0.6 0
2000 0.1360000000000001 0.6080000000000001 0
2001 0.1345000000000002 0.6160000000000001 0
2002 0.1330000000000001 0.6240000000000001 0
2003 0.1315000000000002 0.632 0
2004 0.1300000000000002 0.6400000000000001 0
2005 0.1285000000000002 0.648 0
2006 0.1270000000000001 0.6559999999999999 0
2007 0.1255000000000002 0.664 0
2008 0.1240000000000001 0.6719999999999999 0
2009 0.1225000000000002 0.6800000000000002 0
2010 0.1210000000000001 0.6879999999999999 0
2011 0.1195000000000002 0.696 0
2012 0.118 0.704 0
2013 0.1165000000000002 0.712 0
2014 0.115 0.72 0
2015 0.1135000000000002 0.728 0
2016 0.112 0.7360000000000001 0
2017 0.1105000000000002 0.744 0
2018 0.109 0.7519999999999999 0
2019 0.1075000000000002 0.76 0
2020 0.106 0.7680000000000001 0
2021 0.1045 0.7760000000000001 0
2022 0.103 0.784 0
2023 0.1015000000000001 0.792 0
2024 0.2319333333333334 0.008000000000000118 0
2025 0.2305333333333334 0.01599999999999996 0
2026 0.2291333333333334 0.02399999999999985 0
2027 0.2277333333333334 0.03200000000000008 0
2028 0.2263333333333334 0.03999999999999998 0
2029 0.2249333333333334 0.04800000000000004 0
2030 0.2235333333333334 0.05600000000000005 0
2031 0.2221333333333335 0.064 0
2032 0.2207333333333335 0.07199999999999995 0
2033 0.2193333333333334 0.08000000000000002 0
2034 0.2179333333333334 0.08799999999999997 0
2035 0.2165333333333334 0.09600000000000014 0
2036 0.2151333333333335 0.104 0
2037 0.2137333333333335 0.112 0
2038 0.2123333333333335 0.1200000000000001 0
2039 0.2109333333333334 0.128 0
2040 0.2095333333333335 0.1359999999999999 0
2041 0.2081333333333335 0.144 0
2042 0.2067333333333335 0.152 0
2043 0.2053333333333334 0.1600000000000001 0
2044 0.2039333333333335 0.1680000000000001 0
2045 0.2025333333333335 0.1759999999999999 0
2046 0.2011333333333335 0.184 0
2047 0.1997333333333335 0.1920000000000001 0
2048 0.1983333333333335 0.2 0
2049 0.1969333333333334 0.2080000000000001 0
2050 0.1955333333333335 0.216 0
2051 0.1941333333333335 0.224 0
2052 0.1927333333333335 0.2320000000000001 0
2053 0.1913333333333335 0.24 0
2054 0.1899333333333335 0.2480000000000001 0
2055 0.1885333333333336 0.2560000000000001 0
2056 0.1871333333333335 0.264 0
2057 0.1857333333333335 0.272 0
2058 0.1843333333333335 0.28 0
2059 0.1829333333333335 0.2879999999999999 0
2060 0.1815333333333335 0.2959999999999999 0
2061 0.1801333333333335 0.3039999999999999 0
2062 0.1787333333333336 0.3119999999999999 0
2063 0.1773333333333335 0.3199999999999999 0
2064 0.1759333333333335 0.328 0
2065 0.1745333333333335 0.3359999999999999 0
2066 0.1731333333333336 0.344 0
2067 0.1717333333333335 0.3519999999999999 0
2068 0.1703333333333335 0.3599999999999999 0
2069 0.1689333333333335 0.3679999999999999 0
2070 0.1675333333333335 0.3759999999999999 0
2071 0.1661333333333335 0.384 0
2072 0.1647333333333335 0.392 0
2073 0.1633333333333335 0.3999999999999999 0
2074 0.1619333333333335 0.4079999999999999 0
2075 0.1605333333333336 0.4159999999999999 0
2076 0.1591333333333335 0.4239999999999999 0
2077 0.1577333333333336 0.4319999999999999 0
2078 0.1563333333333335 0.4399999999999999 0
2079 0.1549333333333335 0.448 0
2080 0.1535333333333335 0.4560000000000001 0
2081 0.1521333333333334 0.464 0
2082 0.1507333333333336 0.472 0
2083 0.1493333333333335 0.48 0
2084 0.1479333333333335 0.488 0
2085 0.1465333333333335 0.4960000000000001 0
2086 0.1451333333333335 0.5040000000000001 0
2087 0.1437333333333334 0.5120000000000001 0
2088 0.1423333333333335 0.52 0
2089 0.1409333333333336 0.528 0
2090 0.1395333333333335 0.536 0
2091 0.1381333333333334 0.544 0
2092 0.1367333333333334 0.552 0
2093 0.1353333333333335 0.5600000000000001 0
2094 0.1339333333333335 0.5680000000000001 0
2095 0.1325333333333334 0.576 0
2096 0.1311333333333336 0.5840000000000001 0
2097 0.1297333333333334 0.5920000000000001 0
2098 0.1283333333333335 0.6000000000000001 0
2099 0.1269333333333335 0.6080000000000001 0
2100 0.1255333333333335 0.6160000000000001 0
2101 0.1241333333333334 0.6240000000000001 0
2102 0.1227333333333334 0.6320000000000001 0
2103 0.1213333333333335 0.6400000000000001 0
2104 0.1199333333333336 0.648 0
2105 0.1185333333333334 0.6559999999999999 0
2106 0.1171333333333335 0.664 0
2107 0.1157333333333334 0.6719999999999999 0
2108 0.1143333333333335 0.6800000000000002 0
2109 0.1129333333333334 0.6880000000000002 0
2110 0.1115333333333334 0.696 0
2111 0.1101333333333335 0.704 0
2112 0.1087333333333334 0.7120000000000001 0
2113 0.1073333333333335 0.72 0
2114 0.1059333333333334 0.728 0
2115 0.1045333333333334 0.7360000000000001 0
2116 0.1031333333333335 0.744 0
2117 0.1017333333333334 0.7519999999999999 0
2118 0.1003333333333334 0.76 0
2119 0.09893333333333343 0.7680000000000002 0
2120 0.09753333333333342 0.7760000000000001 0
2121 0.09613333333333346 0.784 0
2122 0.09473333333333339 0.792 0
2123 0.2153666666666667 0.008000000000000007 0
2124 0.2140666666666667 0.01599999999999996 0
2125 0.2127666666666667 0.02399999999999991 0
2126 0.2114666666666667 0.03200000000000003 0
2127 0.2101666666666667 0.03999999999999998 0
2128 0.2088666666666666 0.04800000000000004 0
2129 0.2075666666666667 0.05600000000000016 0
2130 0.2062666666666667 0.064 0
2131 0.2049666666666667 0.07199999999999995 0
2132 0.2036666666666667 0.08000000000000007 0
2133 0.2023666666666668 0.08800000000000002 0
2134 0.2010666666666668 0.09600000000000014 0
2135 0.1997666666666667 0.104 0
2136 0.1984666666666667 0.112 0
2137 0.1971666666666667 0.12 0
2138 0.1958666666666667 0.128 0
2139 0.1945666666666667 0.136 0
2140 0.1932666666666667 0.144 0
2141 0.1919666666666668 0.152 0
2142 0.1906666666666668 0.16 0
2143 0.1893666666666668 0.168 0
2144 0.1880666666666668 0.176 0
2145 0.1867666666666667 0.1840000000000002 0
2146 0.1854666666666668 0.1920000000000002 0
2147 0.1841666666666668 0.2 0
2148 0.1828666666666668 0.2080000000000001 0
2149 0.1815666666666668 0.2160000000000001 0
2150 0.1802666666666669 0.2240000000000001 0
2151 0.1789666666666668 0.2320000000000001 0
2152 0.1776666666666668 0.24 0
2153 0.1763666666666668 0.2480000000000001 0
2154 0.1750666666666668 0.2560000000000001 0
2155 0.1737666666666667 0.264 0
2156 0.1724666666666668 0.272 0
2157 0.1711666666666668 0.28 0
2158 0.1698666666666668 0.288 0
2159 0.1685666666666668 0.2959999999999999 0
2160 0.1672666666666668 0.304 0
2161 0.1659666666666668 0.3119999999999999 0
2162 0.1646666666666668 0.32 0
2163 0.1633666666666669 0.3279999999999999 0
2164 0.1620666666666669 0.3359999999999999 0
2165 0.1607666666666668 0.344 0
2166 0.1594666666666668 0.3519999999999999 0
2167 0.1581666666666668 0.3599999999999999 0
2168 0.1568666666666668 0.3679999999999999 0
2169 0.1555666666666668 0.3759999999999999 0
2170 0.1542666666666669 0.384 0
2171 0.1529666666666668 0.3919999999999999 0
2172 0.1516666666666668 0.4 0
2173 0.1503666666666668 0.408 0
2174 0.1490666666666669 0.4159999999999999 0
2175 0.1477666666666668 0.424 0
2176 0.1464666666666668 0.432 0
2177 0.1451666666666668 0.4399999999999999 0
2178 0.1438666666666668 0.448 0
2179 0.1425666666666668 0.4560000000000001 0
2180 0.1412666666666668 0.4640000000000001 0
2181 0.1399666666666668 0.472 0
2182 0.1386666666666668 0.48 0
2183 0.1373666666666668 0.488 0
2184 0.1360666666666667 0.4960000000000001 0
2185 0.1347666666666668 0.5040000000000001 0
2186 0.1334666666666668 0.5120000000000001 0
2187 0.1321666666666667 0.52 0
2188 0.1308666666666668 0.528 0
2189 0.1295666666666668 0.536 0
2190 0.1282666666666668 0.544 0
2191 0.1269666666666669 0.552 0
2192 0.1256666666666668 0.5600000000000001 0
2193 0.1243666666666668 0.5680000000000001 0
2194 0.1230666666666669 0.576 0
2195 0.1217666666666668 0.5840000000000001 0
2196 0.1204666666666668 0.5920000000000001 0
2197 0.1191666666666669 0.6000000000000001 0
2198 0.1178666666666668 0.6080000000000001 0
2199 0.1165666666666668 0.6160000000000001 0
2200 0.1152666666666668 0.6240000000000001 0
2201 0.1139666666666668 0.6320000000000001 0
2202 0.1126666666666667 0.6400000000000001 0
2203 0.1113666666666668 0.648 0
2204 0.1100666666666668 0.656 0
2205 0.1087666666666667 0.664 0
2206 0.1074666666666668 0.6719999999999999 0
2207 0.1061666666666669 0.68 0
2208 0.1048666666666668 0.6880000000000001 0
2209 0.1035666666666668 0.696 0
2210 0.1022666666666668 0.704 0
2211 0.1009666666666668 0.712 0
2212 0.09966666666666674 0.72 0
2213 0.09836666666666677 0.7280000000000001 0
2214 0.09706666666666675 0.7360000000000002 0
2215 0.09576666666666683 0.7440000000000002 0
2216 0.09446666666666675 0.7520000000000001 0
2217 0.09316666666666684 0.76 0
2218 0.09186666666666682 0.7680000000000001 0
2219 0.09056666666666674 0.7760000000000001 0
2220 0.08926666666666683 0.784 0
2221 0.08796666666666686 0.792 0
2222 0.1988 0.008000000000000007 0
2223 0.1976 0.01600000000000007 0
2224 0.1964 0.02399999999999991 0
2225 0.1952 0.03200000000000008 0
2226 0.1940000000000001 0.03999999999999992 0
2227 0.1927999999999999 0.04800000000000004 0
2228 0.1916 0.05600000000000005 0
2229 0.1904 0.064 0
2230 0.1892 0.07200000000000001 0
2231 0.188 0.08000000000000007 0
2232 0.1868 0.08799999999999991 0
2233 0.1856 0.09600000000000014 0
2234 0.1844000000000001 0.1040000000000001 0
2235 0.1832 0.112 0
2236 0.182 0.1200000000000001 0
2237 0.1808 0.128 0
2238 0.1796000000000001 0.136 0
2239 0.1784 0.144 0
2240 0.1772000000000001 0.152 0
2241 0.1760000000000001 0.16 0
2242 0.1748000000000001 0.1680000000000002 0
2243 0.1736000000000001 0.1759999999999999 0
2244 0.1724000000000001 0.1840000000000002 0
2245 0.1712 0.1920000000000002 0
2246 0.17 0.2 0
2247 0.1688 0.208 0
2248 0.1676000000000001 0.2160000000000001 0
2249 0.1664000000000001 0.2240000000000001 0
2250 0.1652000000000001 0.2320000000000002 0
2251 0.1640000000000001 0.24 0
2252 0.1628000000000001 0.2480000000000001 0
2253 0.1616000000000001 0.2560000000000001 0
2254 0.1604 0.264 0
2255 0.1592000000000001 0.2720000000000001 0
2256 0.1580000000000001 0.2800000000000001 0
2257 0.1568000000000001 0.288 0
2258 0.1556000000000001 0.296 0
2259 0.1544000000000002 0.304 0
2260 0.1532000000000001 0.3119999999999999 0
2261 0.1520000000000001 0.32 0
2262 0.1508000000000001 0.328 0
2263 0.1496000000000001 0.336 0
2264 0.1484000000000002 0.344 0
2265 0.1472000000000002 0.352 0
2266 0.1460000000000002 0.36 0
2267 0.1448000000000002 0.3679999999999999 0
2268 0.1436000000000002 0.376 0
2269 0.1424000000000002 0.384 0
2270 0.1412000000000002 0.392 0
2271 0.1400000000000001 0.4 0
2272 0.1388000000000001 0.408 0
2273 0.1376000000000002 0.416 0
2274 0.1364000000000001 0.424 0
2275 0.1352000000000001 0.432 0
2276 0.1340000000000001 0.4399999999999999 0
2277 0.1328000000000002 0.4480000000000001 0
2278 0.1316000000000001 0.4560000000000001 0
2279 0.1304000000000001 0.4640000000000001 0
2280 0.1292000000000002 0.4720000000000001 0
2281 0.1280000000000001 0.4800000000000001 0
2282 0.1268000000000001 0.4880000000000001 0
2283 0.1256 0.4960000000000001 0
2284 0.1244000000000002 0.5040000000000001 0
2285 0.1232000000000002 0.5120000000000001 0
2286 0.1220000000000001 0.5200000000000001 0
2287 0.1208000000000001 0.528 0
2288 0.1196000000000001 0.536 0
2289 0.1184000000000001 0.544 0
2290 0.1172000000000002 0.5520000000000002 0
2291 0.1160000000000003 0.5600000000000001 0
2292 0.1148000000000002 0.5680000000000001 0
2293 0.1136000000000001 0.5760000000000001 0
2294 0.1124000000000002 0.5840000000000001 0
2295 0.1112000000000002 0.5920000000000002 0
2296 0.1100000000000002 0.6000000000000001 0
2297 0.1088000000000001 0.6080000000000001 0
2298 0.1076000000000001 0.6160000000000001 0
2299 0.1064000000000002 0.6240000000000001 0
2300 0.1052000000000002 0.6320000000000001 0
2301 0.1040000000000003 0.6400000000000001 0
2302 0.1028000000000001 0.6480000000000001 0
2303 0.1016000000000001 0.6560000000000001 0
2304 0.1004000000000001 0.6640000000000001 0
2305 0.09920000000000023 0.6719999999999999 0
2306 0.0980000000000002 0.6800000000000002 0
2307 0.09680000000000016 0.6880000000000001 0
2308 0.09560000000000007 0.6960000000000001 0
2309 0.09440000000000009 0.7040000000000001 0
2310 0.09320000000000017 0.712 0
2311 0.09200000000000019 0.72 0
2312 0.09080000000000016 0.728 0
2313 0.08960000000000007 0.7360000000000001 0
2314 0.08840000000000015 0.744 0
2315 0.08720000000000017 0.7520000000000001 0
2316 0.08600000000000024 0.7600000000000001 0
2317 0.08480000000000015 0.7680000000000001 0
2318 0.08360000000000006 0.7760000000000001 0
2319 0.08240000000000008 0.784 0
2320 0.08120000000000016 0.792 0
2321 0.1822333333333334 0.008000000000000007 0
2322 0.1811333333333334 0.01600000000000001 0
2323 0.1800333333333334 0.02399999999999985 0
2324 0.1789333333333334 0.03200000000000014 0
2325 0.1778333333333334 0.03999999999999998 0
2326 0.1767333333333333 0.04800000000000004 0
2327 0.1756333333333334 0.05600000000000011 0
2328 0.1745333333333334 0.06400000000000011 0
2329 0.1734333333333334 0.07199999999999995 0
2330 0.1723333333333334 0.08000000000000007 0
2331 0.1712333333333333 0.08800000000000002 0
2332 0.1701333333333334 0.09600000000000014 0
2333 0.1690333333333334 0.1040000000000002 0
2334 0.1679333333333334 0.112 0
2335 0.1668333333333334 0.1200000000000001 0
2336 0.1657333333333335 0.128 0
2337 0.1646333333333334 0.136 0
2338 0.1635333333333334 0.144 0
2339 0.1624333333333334 0.152 0
2340 0.1613333333333334 0.16 0
2341 0.1602333333333334 0.1680000000000002 0
2342 0.1591333333333334 0.176 0
2343 0.1580333333333333 0.1840000000000002 0
2344 0.1569333333333334 0.1920000000000002 0
2345 0.1558333333333334 0.2000000000000001 0
2346 0.1547333333333334 0.2080000000000002 0
2347 0.1536333333333334 0.2160000000000002 0
2348 0.1525333333333334 0.2240000000000001 0
2349 0.1514333333333334 0.2320000000000002 0
2350 0.1503333333333335 0.2400000000000001 0
2351 0.1492333333333335 0.2480000000000002 0
2352 0.1481333333333335 0.2560000000000002 0
2353 0.1470333333333335 0.2640000000000001 0
2354 0.1459333333333336 0.2720000000000001 0
2355 0.1448333333333334 0.2800000000000001 0
2356 0.1437333333333334 0.288 0
2357 0.1426333333333335 0.296 0
2358 0.1415333333333334 0.304 0
2359 0.1404333333333334 0.3120000000000001 0
2360 0.1393333333333335 0.32 0
2361 0.1382333333333335 0.328 0
2362 0.1371333333333335 0.336 0
2363 0.1360333333333334 0.344 0
2364 0.1349333333333336 0.352 0
2365 0.1338333333333336 0.36 0
2366 0.1327333333333334 0.368 0
2367 0.1316333333333335 0.376 0
2368 0.1305333333333334 0.384 0
2369 0.1294333333333334 0.392 0
2370 0.1283333333333335 0.4 0
2371 0.1272333333333335 0.4079999999999999 0
2372 0.1261333333333335 0.416 0
2373 0.1250333333333335 0.424 0
2374 0.1239333333333334 0.4320000000000001 0
2375 0.1228333333333335 0.4399999999999999 0
2376 0.1217333333333335 0.4480000000000001 0
2377 0.1206333333333335 0.4560000000000001 0
2378 0.1195333333333334 0.4640000000000001 0
2379 0.1184333333333334 0.4720000000000001 0
2380 0.1173333333333335 0.48 0
2381 0.1162333333333335 0.4880000000000001 0
2382 0.1151333333333335 0.4960000000000002 0
2383 0.1140333333333334 0.5040000000000001 0
2384 0.1129333333333334 0.5120000000000002 0
2385 0.1118333333333335 0.5200000000000001 0
2386 0.1107333333333334 0.5280000000000001 0
2387 0.1096333333333334 0.5360000000000001 0
2388 0.1085333333333334 0.544 0
2389 0.1074333333333334 0.5520000000000002 0
2390 0.1063333333333334 0.5600000000000001 0
2391 0.1052333333333335 0.5680000000000001 0
2392 0.1041333333333334 0.5760000000000001 0
2393 0.1030333333333334 0.5840000000000001 0
2394 0.1019333333333334 0.5920000000000001 0
2395 0.1008333333333334 0.6000000000000001 0
2396 0.09973333333333345 0.6080000000000001 0
2397 0.09863333333333341 0.6160000000000001 0
2398 0.09753333333333342 0.6240000000000001 0
2399 0.09643333333333343 0.6320000000000001 0
2400 0.09533333333333344 0.6400000000000001 0
2401 0.0942333333333335 0.6480000000000001 0
2402 0.09313333333333346 0.6560000000000001 0
2403 0.09203333333333347 0.6640000000000001 0
2404 0.09093333333333325 0.6719999999999999 0
2405 0.08983333333333343 0.68 0
2406 0.08873333333333339 0.6880000000000002 0
2407 0.0876333333333334 0.6960000000000001 0
2408 0.08653333333333341 0.704 0
2409 0.08543333333333342 0.712 0
2410 0.08433333333333343 0.7200000000000001 0
2411 0.08323333333333349 0.728 0
2412 0.08213333333333345 0.7360000000000001 0
2413 0.08103333333333351 0.7440000000000001 0
2414 0.07993333333333341 0.7520000000000001 0
2415 0.07883333333333337 0.7600000000000001 0
2416 0.07773333333333332 0.7680000000000002 0
2417 0.07663333333333339 0.7760000000000001 0
2418 0.0755333333333334 0.784 0
2419 0.07443333333333346 0.792 0
2420 0.1656666666666668 0.008000000000000007 0
2421 0.1646666666666669 0.01599999999999996 0
2422 0.1636666666666667 0.02400000000000002 0
2423 0.1626666666666668 0.03200000000000008 0
2424 0.1616666666666668 0.04000000000000009 0
2425 0.1606666666666668 0.04800000000000004 0
2426 0.1596666666666668 0.05600000000000011 0
2427 0.1586666666666668 0.06400000000000006 0
2428 0.1576666666666667 0.07200000000000012 0
2429 0.1566666666666668 0.07999999999999996 0
2430 0.1556666666666668 0.08800000000000002 0
2431 0.1546666666666669 0.09600000000000014 0
2432 0.1536666666666668 0.1040000000000001 0
2433 0.1526666666666668 0.112 0
2434 0.1516666666666668 0.1200000000000002 0
2435 0.1506666666666668 0.1280000000000001 0
2436 0.1496666666666668 0.1360000000000001 0
2437 0.1486666666666668 0.144 0
2438 0.1476666666666669 0.152 0
2439 0.1466666666666668 0.16 0
2440 0.1456666666666668 0.1680000000000002 0
2441 0.1446666666666669 0.1760000000000001 0
2442 0.1436666666666668 0.1840000000000001 0
2443 0.1426666666666669 0.1920000000000002 0
2444 0.1416666666666668 0.2000000000000001 0
2445 0.1406666666666668 0.2080000000000001 0
2446 0.1396666666666669 0.2160000000000001 0
2447 0.1386666666666669 0.2240000000000001 0
2448 0.1376666666666669 0.2320000000000002 0
2449 0.1366666666666668 0.2400000000000001 0
2450 0.1356666666666669 0.2480000000000002 0
2451 0.1346666666666669 0.2560000000000002 0
2452 0.1336666666666668 0.2640000000000001 0
2453 0.1326666666666669 0.2720000000000001 0
2454 0.1316666666666669 0.2800000000000001 0
2455 0.1306666666666669 0.2880000000000001 0
2456 0.1296666666666668 0.2960000000000001 0
2457 0.1286666666666668 0.3040000000000001 0
2458 0.1276666666666669 0.3120000000000002 0
2459 0.1266666666666669 0.3200000000000001 0
2460 0.1256666666666668 0.3280000000000001 0
2461 0.1246666666666669 0.336 0
2462 0.1236666666666669 0.3440000000000001 0
2463 0.1226666666666669 0.352 0
2464 0.1216666666666669 0.36 0
2465 0.1206666666666669 0.368 0
2466 0.1196666666666669 0.3760000000000001 0
2467 0.1186666666666669 0.3840000000000001 0
2468 0.1176666666666669 0.392 0
2469 0.1166666666666669 0.4 0
2470 0.1156666666666669 0.408 0
2471 0.1146666666666669 0.416 0
2472 0.1136666666666669 0.424 0
2473 0.1126666666666669 0.4320000000000001 0
2474 0.1116666666666669 0.44 0
2475 0.1106666666666669 0.4480000000000001 0
2476 0.1096666666666669 0.4560000000000001 0
2477 0.1086666666666669 0.4640000000000002 0
2478 0.1076666666666669 0.4720000000000001 0
2479 0.1066666666666669 0.4800000000000001 0
2480 0.1056666666666669 0.4880000000000002 0
2481 0.1046666666666669 0.4960000000000001 0
2482 0.1036666666666669 0.5040000000000002 0
2483 0.1026666666666669 0.5120000000000002 0
2484 0.1016666666666668 0.5200000000000001 0
2485 0.1006666666666668 0.5280000000000001 0
2486 0.09966666666666685 0.5360000000000001 0
2487 0.0986666666666669 0.5440000000000002 0
2488 0.09766666666666685 0.5520000000000002 0
2489 0.0966666666666669 0.5600000000000001 0
2490 0.09566666666666684 0.5680000000000001 0
2491 0.0946666666666669 0.5760000000000001 0
2492 0.0936666666666669 0.5840000000000002 0
2493 0.09266666666666684 0.5920000000000002 0
2494 0.09166666666666684 0.6000000000000001 0
2495 0.0906666666666669 0.6080000000000001 0
2496 0.08966666666666689 0.6160000000000001 0
2497 0.08866666666666684 0.6240000000000002 0
2498 0.08766666666666684 0.6320000000000001 0
2499 0.08666666666666689 0.6400000000000001 0
2500 0.08566666666666684 0.6480000000000001 0
2501 0.08466666666666683 0.6560000000000001 0
2502 0.08366666666666694 0.664 0
2503 0.08266666666666689 0.672 0
2504 0.08166666666666683 0.6800000000000002 0
2505 0.08066666666666689 0.6880000000000001 0
2506 0.07966666666666683 0.696 0
2507 0.07866666666666694 0.704 0
2508 0.07766666666666688 0.7120000000000001 0
2509 0.07666666666666688 0.72 0
2510 0.07566666666666694 0.728 0
2511 0.07466666666666688 0.7360000000000001 0
2512 0.07366666666666688 0.7440000000000002 0
2513 0.07266666666666688 0.7520000000000001 0
2514 0.07166666666666693 0.76 0
2515 0.07066666666666688 0.7680000000000001 0
2516 0.06966666666666693 0.7760000000000001 0
2517 0.06866666666666688 0.784 0
2518 0.06766666666666682 0.792 0
2519 0.1491000000000001 0.008000000000000063 0
2520 0.1482 0.01600000000000007 0
2521 0.1473 0.02399999999999991 0
2522 0.1464000000000001 0.03200000000000008 0
2523 0.1455000000000001 0.04000000000000004 0
2524 0.1445999999999999 0.04800000000000004 0
2525 0.1437 0.05600000000000005 0
2526 0.1428 0.06399999999999995 0
2527 0.1419000000000001 0.07200000000000006 0
2528 0.141 0.07999999999999996 0
2529 0.1401000000000001 0.08800000000000008 0
2530 0.1392 0.09600000000000014 0
2531 0.1383 0.104 0
2532 0.1374000000000001 0.112 0
2533 0.1365 0.1200000000000002 0
2534 0.1356000000000001 0.1280000000000001 0
2535 0.1347 0.136 0
2536 0.1338 0.144 0
2537 0.1329000000000001 0.1520000000000001 0
2538 0.1320000000000001 0.16 0
2539 0.1311 0.1680000000000001 0
2540 0.1302 0.176 0
2541 0.1293000000000001 0.1840000000000002 0
2542 0.1284 0.1920000000000002 0
2543 0.1275000000000001 0.2000000000000002 0
2544 0.1266000000000001 0.2080000000000003 0
2545 0.1257000000000002 0.2160000000000002 0
2546 0.1248000000000001 0.2240000000000002 0
2547 0.1239000000000001 0.2320000000000002 0
2548 0.1230000000000001 0.2400000000000002 0
2549 0.1221000000000001 0.2480000000000002 0
2550 0.1212000000000001 0.2560000000000002 0
2551 0.1203000000000001 0.2640000000000002 0
2552 0.1194000000000001 0.2720000000000002 0
2553 0.1185 0.2800000000000002 0
2554 0.1176 0.2880000000000001 0
2555 0.1167000000000002 0.2960000000000001 0
2556 0.1158000000000001 0.3040000000000001 0
2557 0.1149000000000002 0.3120000000000001 0
2558 0.1140000000000001 0.3200000000000001 0
2559 0.1131000000000001 0.3280000000000001 0
2560 0.1122000000000001 0.3360000000000001 0
2561 0.1113 0.3440000000000001 0
2562 0.1104000000000001 0.352 0
2563 0.1095000000000002 0.3600000000000001 0
2564 0.1086000000000001 0.3680000000000001 0
2565 0.1077000000000002 0.3760000000000001 0
2566 0.1068 0.3840000000000001 0
2567 0.1059000000000001 0.3920000000000001 0
2568 0.1050000000000001 0.4000000000000001 0
2569 0.1041000000000002 0.408 0
2570 0.1032000000000001 0.416 0
2571 0.1023000000000001 0.4240000000000001 0
2572 0.1014000000000001 0.4320000000000001 0
2573 0.1005000000000001 0.4400000000000001 0
2574 0.09960000000000019 0.4480000000000002 0
2575 0.09870000000000012 0.4560000000000002 0
2576 0.09780000000000016 0.4640000000000002 0
2577 0.0969000000000001 0.4720000000000002 0
2578 0.09600000000000009 0.4800000000000001 0
2579 0.09510000000000007 0.4880000000000002 0
2580 0.09420000000000017 0.4960000000000002 0
2581 0.09330000000000011 0.5040000000000002 0
2582 0.09240000000000009 0.5120000000000002 0
2583 0.09150000000000008 0.5200000000000002 0
2584 0.09060000000000007 0.5280000000000001 0
2585 0.08970000000000006 0.5360000000000001 0
2586 0.0888000000000001 0.5440000000000002 0
2587 0.08790000000000014 0.5520000000000002 0
2588 0.08700000000000013 0.5600000000000001 0
2589 0.08610000000000007 0.5680000000000001 0
2590 0.08520000000000005 0.5760000000000001 0
2591 0.08430000000000004 0.5840000000000002 0
2592 0.08340000000000014 0.5920000000000002 0
2593 0.08250000000000007 0.6000000000000001 0
2594 0.08160000000000017 0.6080000000000002 0
2595 0.0807000000000001 0.6160000000000002 0
2596 0.07980000000000015 0.6240000000000001 0
2597 0.07890000000000014 0.6320000000000001 0
2598 0.07800000000000012 0.6400000000000002 0
2599 0.07710000000000011 0.6480000000000001 0
2600 0.07620000000000005 0.6560000000000001 0
2601 0.07530000000000003 0.6640000000000001 0
2602 0.07440000000000013 0.6719999999999999 0
2603 0.07350000000000007 0.6800000000000002 0
2604 0.07260000000000016 0.6880000000000002 0
2605 0.07170000000000021 0.696 0
2606 0.0708000000000002 0.704 0
2607 0.06990000000000013 0.7120000000000002 0
2608 0.06900000000000017 0.72 0
2609 0.0681000000000001 0.728 0
2610 0.06720000000000009 0.7360000000000001 0
2611 0.06630000000000014 0.7440000000000001 0
2612 0.06540000000000007 0.7520000000000002 0
2613 0.06450000000000017 0.76 0
2614 0.06360000000000005 0.7680000000000001 0
2615 0.06270000000000003 0.7760000000000001 0
2616 0.06180000000000013 0.784 0
2617 0.06090000000000012 0.792 0
2618 0.1325333333333334 0.008000000000000118 0
2619 0.1317333333333333 0.01599999999999996 0
2620 0.1309333333333333 0.02399999999999997 0
2621 0.1301333333333333 0.03200000000000014 0
2622 0.1293333333333334 0.0400000000000002 0
2623 0.1285333333333333 0.04800000000000004 0
2624 0.1277333333333334 0.05600000000000005 0
2625 0.1269333333333335 0.06400000000000017 0
2626 0.1261333333333333 0.07200000000000012 0
2627 0.1253333333333332 0.08000000000000002 0
2628 0.1245333333333333 0.08800000000000008 0
2629 0.1237333333333332 0.09600000000000009 0
2630 0.1229333333333334 0.1040000000000001 0
2631 0.1221333333333334 0.1120000000000002 0
2632 0.1213333333333333 0.1200000000000002 0
2633 0.1205333333333333 0.1280000000000002 0
2634 0.1197333333333335 0.1360000000000001 0
2635 0.1189333333333333 0.1440000000000001 0
2636 0.1181333333333333 0.152 0
2637 0.1173333333333334 0.1600000000000001 0
2638 0.1165333333333334 0.1680000000000002 0
2639 0.1157333333333335 0.1760000000000002 0
2640 0.1149333333333334 0.1840000000000002 0
2641 0.1141333333333334 0.1920000000000002 0
2642 0.1133333333333333 0.2000000000000002 0
2643 0.1125333333333334 0.2080000000000003 0
2644 0.1117333333333334 0.2160000000000003 0
2645 0.1109333333333334 0.2240000000000002 0
2646 0.1101333333333333 0.2320000000000003 0
2647 0.1093333333333334 0.2400000000000003 0
2648 0.1085333333333334 0.2480000000000002 0
2649 0.1077333333333335 0.2560000000000001 0
2650 0.1069333333333334 0.2640000000000002 0
2651 0.1061333333333334 0.2720000000000002 0
2652 0.1053333333333335 0.2800000000000002 0
2653 0.1045333333333335 0.2880000000000001 0
2654 0.1037333333333335 0.2960000000000002 0
2655 0.1029333333333334 0.3040000000000001 0
2656 0.1021333333333335 0.3120000000000002 0
2657 0.1013333333333335 0.3200000000000001 0
2658 0.1005333333333335 0.3280000000000001 0
2659 0.09973333333333351 0.3360000000000001 0
2660 0.09893333333333348 0.3440000000000001 0
2661 0.09813333333333346 0.352 0
2662 0.09733333333333349 0.3600000000000001 0
2663 0.09653333333333342 0.368 0
2664 0.0957333333333335 0.3760000000000002 0
2665 0.09493333333333343 0.3840000000000001 0
2666 0.09413333333333346 0.3920000000000001 0
2667 0.09333333333333349 0.4000000000000001 0
2668 0.09253333333333341 0.408 0
2669 0.0917333333333335 0.416 0
2670 0.09093333333333348 0.4240000000000001 0
2671 0.0901333333333334 0.4320000000000002 0
2672 0.08933333333333338 0.4400000000000001 0
2673 0.08853333333333346 0.4480000000000001 0
2674 0.08773333333333339 0.4560000000000002 0
2675 0.08693333333333342 0.4640000000000002 0
2676 0.08613333333333345 0.4720000000000002 0
2677 0.08533333333333354 0.4800000000000001 0
2678 0.0845333333333334 0.4880000000000002 0
2679 0.08373333333333338 0.4960000000000002 0
2680 0.08293333333333347 0.5040000000000002 0
2681 0.08213333333333345 0.5120000000000002 0
2682 0.08133333333333337 0.5200000000000002 0
2683 0.08053333333333357 0.5280000000000001 0
2684 0.07973333333333343 0.5360000000000001 0
2685 0.07893333333333341 0.5440000000000002 0
2686 0.07813333333333344 0.5520000000000003 0
2687 0.07733333333333337 0.5600000000000002 0
2688 0.07653333333333362 0.5680000000000002 0
2689 0.07573333333333337 0.5760000000000001 0
2690 0.07493333333333352 0.5840000000000002 0
2691 0.07413333333333344 0.5920000000000003 0
2692 0.07333333333333342 0.6000000000000001 0
2693 0.07253333333333345 0.6080000000000001 0
2694 0.07173333333333354 0.6160000000000002 0
2695 0.07093333333333351 0.6240000000000001 0
2696 0.07013333333333344 0.6320000000000001 0
2697 0.06933333333333341 0.6400000000000002 0
2698 0.0685333333333335 0.6480000000000001 0
2699 0.06773333333333353 0.6560000000000001 0
2700 0.06693333333333346 0.6640000000000003 0
2701 0.06613333333333343 0.6719999999999999 0
2702 0.06533333333333347 0.68 0
2703 0.0645333333333335 0.6880000000000001 0
2704 0.06373333333333353 0.696 0
2705 0.06293333333333345 0.7040000000000002 0
2706 0.06213333333333343 0.7120000000000001 0
2707 0.06133333333333352 0.7200000000000002 0
2708 0.06053333333333349 0.7280000000000002 0
2709 0.05973333333333336 0.7360000000000002 0
2710 0.05893333333333345 0.7440000000000002 0
2711 0.05813333333333343 0.7520000000000002 0
2712 0.05733333333333335 0.76 0
2713 0.05653333333333344 0.7680000000000001 0
2714 0.05573333333333341 0.7760000000000001 0
2715 0.05493333333333345 0.784 0
2716 0.05413333333333342 0.792 0
2717 0.1159666666666666 0.008000000000000007 0
2718 0.1152666666666667 0.01600000000000007 0
2719 0.1145666666666666 0.02399999999999997 0
2720 0.1138666666666665 0.03200000000000003 0
2721 0.1131666666666667 0.04000000000000009 0
2722 0.1124666666666667 0.04800000000000004 0
2723 0.1117666666666667 0.05600000000000011 0
2724 0.1110666666666667 0.06400000000000011 0
2725 0.1103666666666667 0.07200000000000006 0
2726 0.1096666666666667 0.08000000000000007 0
2727 0.1089666666666667 0.08800000000000002 0
2728 0.1082666666666667 0.09600000000000014 0
2729 0.1075666666666666 0.1040000000000001 0
2730 0.1068666666666667 0.1120000000000002 0
2731 0.1061666666666667 0.1200000000000001 0
2732 0.1054666666666668 0.1280000000000002 0
2733 0.1047666666666667 0.1360000000000001 0
2734 0.1040666666666667 0.1440000000000001 0
2735 0.1033666666666668 0.1520000000000001 0
2736 0.1026666666666667 0.1600000000000001 0
2737 0.1019666666666667 0.1680000000000001 0
2738 0.1012666666666667 0.1760000000000002 0
2739 0.1005666666666666 0.1840000000000001 0
2740 0.09986666666666666 0.1920000000000003 0
2741 0.09916666666666668 0.2000000000000001 0
2742 0.0984666666666667 0.2080000000000002 0
2743 0.09776666666666667 0.2160000000000002 0
2744 0.09706666666666675 0.2240000000000002 0
2745 0.09636666666666666 0.2320000000000003 0
2746 0.09566666666666673 0.2400000000000002 0
2747 0.09496666666666675 0.2480000000000003 0
2748 0.09426666666666672 0.2560000000000003 0
2749 0.09356666666666674 0.2640000000000002 0
2750 0.09286666666666682 0.2720000000000003 0
2751 0.09216666666666673 0.2800000000000002 0
2752 0.09146666666666675 0.2880000000000001 0
2753 0.09076666666666683 0.2960000000000002 0
2754 0.09006666666666674 0.3040000000000003 0
2755 0.08936666666666682 0.3120000000000002 0
2756 0.08866666666666673 0.3200000000000002 0
2757 0.08796666666666675 0.3280000000000002 0
2758 0.08726666666666677 0.3360000000000001 0
2759 0.08656666666666674 0.3440000000000002 0
2760 0.08586666666666681 0.3520000000000001 0
2761 0.08516666666666672 0.3600000000000002 0
2762 0.08446666666666675 0.3680000000000001 0
2763 0.08376666666666677 0.3760000000000002 0
2764 0.08306666666666679 0.3840000000000002 0
2765 0.08236666666666681 0.3920000000000001 0
2766 0.08166666666666672 0.4000000000000001 0
2767 0.08096666666666674 0.4080000000000001 0
2768 0.08026666666666671 0.4160000000000001 0
2769 0.07956666666666679 0.4240000000000002 0
2770 0.07886666666666675 0.4320000000000002 0
2771 0.07816666666666666 0.4400000000000001 0
2772 0.07746666666666679 0.4480000000000002 0
2773 0.07676666666666682 0.4560000000000002 0
2774 0.07606666666666673 0.4640000000000002 0
2775 0.07536666666666669 0.4720000000000003 0
2776 0.07466666666666671 0.4800000000000002 0
2777 0.07396666666666679 0.4880000000000003 0
2778 0.07326666666666676 0.4960000000000002 0
2779 0.07256666666666661 0.5040000000000002 0
2780 0.07186666666666669 0.5120000000000002 0
2781 0.07116666666666677 0.5200000000000002 0
2782 0.07046666666666673 0.5280000000000002 0
2783 0.06976666666666681 0.5360000000000003 0
2784 0.06906666666666678 0.5440000000000002 0
2785 0.06836666666666674 0.5520000000000003 0
2786 0.06766666666666682 0.5600000000000002 0
2787 0.06696666666666679 0.5680000000000002 0
2788 0.06626666666666675 0.5760000000000001 0
2789 0.06556666666666666 0.5840000000000003 0
2790 0.06486666666666679 0.5920000000000003 0
2791 0.06416666666666676 0.6000000000000001 0
2792 0.06346666666666667 0.6080000000000002 0
2793 0.06276666666666675 0.6160000000000002 0
2794 0.06206666666666671 0.6240000000000002 0
2795 0.06136666666666668 0.6320000000000001 0
2796 0.0606666666666667 0.6400000000000002 0
2797 0.05996666666666683 0.6480000000000001 0
2798 0.05926666666666669 0.6560000000000001 0
2799 0.05856666666666682 0.6640000000000001 0
2800 0.05786666666666679 0.6719999999999999 0
2801 0.05716666666666675 0.6800000000000002 0
2802 0.05646666666666667 0.6880000000000002 0
2803 0.05576666666666669 0.6960000000000002 0
2804 0.05506666666666676 0.7040000000000002 0
2805 0.05436666666666667 0.712 0
2806 0.05366666666666664 0.7200000000000002 0
2807 0.05296666666666677 0.7280000000000001 0
2808 0.05226666666666674 0.7360000000000001 0
2809 0.05156666666666676 0.7440000000000001 0
2810 0.05086666666666667 0.7520000000000002 0
2811 0.05016666666666675 0.7600000000000001 0
2812 0.04946666666666671 0.7680000000000002 0
2813 0.04876666666666679 0.7760000000000001 0
2814 0.04806666666666681 0.784 0
2815 0.04736666666666667 0.792 0
2816 0.0994000000000001 0.008000000000000063 0
2817 0.0988 0.01600000000000007 0
2818 0.09820000000000001 0.02400000000000002 0
2819 0.09759999999999996 0.03200000000000008 0
2820 0.09699999999999998 0.04000000000000009 0
2821 0.09639999999999987 0.04800000000000015 0
2822 0.09580000000000005 0.05600000000000005 0
2823 0.09520000000000001 0.06400000000000006 0
2824 0.09459999999999996 0.07200000000000012 0
2825 0.09400000000000003 0.07999999999999996 0
2826 0.09340000000000004 0.08800000000000002 0
2827 0.09280000000000005 0.09600000000000009 0
2828 0.09220000000000006 0.1040000000000001 0
2829 0.09159999999999996 0.1120000000000002 0
2830 0.09099999999999997 0.1200000000000001 0
2831 0.09039999999999998 0.1280000000000002 0
2832 0.08980000000000016 0.1360000000000001 0
2833 0.08920000000000006 0.1440000000000001 0
2834 0.08860000000000007 0.1520000000000001 0
2835 0.08799999999999997 0.1600000000000001 0
2836 0.08740000000000003 0.1680000000000002 0
2837 0.08680000000000004 0.1760000000000002 0
2838 0.0862 0.1840000000000003 0
2839 0.08560000000000012 0.1920000000000003 0
2840 0.08499999999999996 0.2000000000000002 0
2841 0.08440000000000003 0.2080000000000002 0
2842 0.08380000000000004 0.2160000000000003 0
2843 0.0832 0.2240000000000003 0
2844 0.08259999999999995 0.2320000000000003 0
2845 0.08200000000000002 0.2400000000000002 0
2846 0.08140000000000008 0.2480000000000003 0
2847 0.08080000000000004 0.2560000000000002 0
2848 0.08020000000000005 0.2640000000000002 0
2849 0.07960000000000017 0.2720000000000003 0
2850 0.07900000000000013 0.2800000000000002 0
2851 0.07840000000000003 0.2880000000000002 0
2852 0.07780000000000009 0.2960000000000002 0
2853 0.0772000000000001 0.3040000000000003 0
2854 0.07660000000000011 0.3120000000000002 0
2855 0.07600000000000001 0.3200000000000002 0
2856 0.07540000000000013 0.3280000000000002 0
2857 0.07480000000000003 0.3360000000000001 0
2858 0.07420000000000004 0.3440000000000002 0
2859 0.07359999999999994 0.3520000000000001 0
2860 0.07300000000000012 0.3600000000000002 0
2861 0.07240000000000013 0.3680000000000001 0
2862 0.07180000000000009 0.3760000000000002 0
2863 0.0712000000000001 0.3840000000000002 0
2864 0.07060000000000016 0.3920000000000001 0
2865 0.07000000000000006 0.4000000000000001 0
2866 0.06939999999999996 0.4080000000000001 0
2867 0.06880000000000003 0.4160000000000001 0
2868 0.06820000000000004 0.4240000000000002 0
2869 0.06760000000000005 0.4320000000000002 0
2870 0.06700000000000012 0.4400000000000001 0
2871 0.06640000000000001 0.4480000000000002 0
2872 0.06580000000000003 0.4560000000000003 0
2873 0.06520000000000009 0.4640000000000002 0
2874 0.0646000000000001 0.4720000000000003 0
2875 0.06400000000000011 0.4800000000000002 0
2876 0.06340000000000001 0.4880000000000002 0
2877 0.06280000000000013 0.4960000000000002 0
2878 0.06220000000000003 0.5040000000000003 0
2879 0.06159999999999993 0.5120000000000003 0
2880 0.06100000000000017 0.5200000000000002 0
2881 0.06040000000000001 0.5280000000000002 0
2882 0.05980000000000013 0.5360000000000003 0
2883 0.05920000000000009 0.5440000000000003 0
2884 0.0586000000000001 0.5520000000000003 0
2885 0.05800000000000011 0.5600000000000003 0
2886 0.05740000000000001 0.5680000000000002 0
2887 0.05680000000000018 0.5760000000000002 0
2888 0.05620000000000008 0.5840000000000003 0
2889 0.05559999999999998 0.5920000000000003 0
2890 0.0550000000000001 0.6000000000000001 0
2891 0.0544 0.6080000000000002 0
2892 0.05380000000000007 0.6160000000000002 0
2893 0.05320000000000008 0.6240000000000001 0
2894 0.05260000000000009 0.6320000000000002 0
2895 0.0520000000000001 0.6400000000000002 0
2896 0.05140000000000017 0.6480000000000001 0
2897 0.05080000000000018 0.6560000000000001 0
2898 0.05020000000000002 0.6640000000000001 0
2899 0.04960000000000009 0.6720000000000002 0
2900 0.0490000000000001 0.6800000000000002 0
2901 0.04840000000000005 0.6880000000000002 0
2902 0.04780000000000001 0.6960000000000002 0
2903 0.04720000000000008 0.7040000000000002 0
2904 0.04660000000000009 0.7120000000000002 0
2905 0.04600000000000015 0.7200000000000001 0
2906 0.04540000000000005 0.7280000000000002 0
2907 0.04480000000000006 0.7360000000000002 0
2908 0.04420000000000007 0.7440000000000001 0
2909 0.04360000000000014 0.7520000000000002 0
2910 0.04300000000000015 0.76 0
2911 0.04240000000000005 0.7680000000000001 0
2912 0.0418 0.7760000000000001 0
2913 0.04120000000000001 0.784 0
2914 0.04060000000000002 0.792 0
2915 0.08283333333333326 0.008000000000000063 0
2916 0.08233333333333315 0.01600000000000007 0
2917 0.08183333333333326 0.02400000000000002 0
2918 0.08133333333333331 0.03200000000000008 0
2919 0.08083333333333326 0.04000000000000015 0
2920 0.08033333333333331 0.04800000000000015 0
2921 0.07983333333333315 0.05600000000000005 0
2922 0.07933333333333326 0.06400000000000006 0
2923 0.07883333333333326 0.07200000000000001 0
2924 0.07833333333333325 0.07999999999999996 0
2925 0.07783333333333325 0.08800000000000008 0
2926 0.07733333333333331 0.09600000000000014 0
2927 0.07683333333333342 0.104 0
2928 0.07633333333333325 0.1120000000000002 0
2929 0.0758333333333332 0.1200000000000001 0
2930 0.07533333333333331 0.1280000000000002 0
2931 0.07483333333333331 0.1360000000000001 0
2932 0.07433333333333331 0.1440000000000001 0
2933 0.07383333333333325 0.1520000000000003 0
2934 0.07333333333333336 0.1600000000000003 0
2935 0.07283333333333342 0.1680000000000002 0
2936 0.07233333333333331 0.1760000000000002 0
2937 0.07183333333333342 0.1840000000000003 0
2938 0.07133333333333336 0.1920000000000002 0
2939 0.0708333333333333 0.2000000000000002 0
2940 0.07033333333333325 0.2080000000000002 0
2941 0.06983333333333341 0.2160000000000002 0
2942 0.06933333333333341 0.2240000000000003 0
2943 0.0688333333333333 0.2320000000000003 0
2944 0.06833333333333341 0.2400000000000003 0
2945 0.06783333333333336 0.2480000000000003 0
2946 0.06733333333333341 0.2560000000000003 0
2947 0.06683333333333324 0.2640000000000003 0
2948 0.06633333333333341 0.2720000000000003 0
2949 0.0658333333333333 0.2800000000000004 0
2950 0.06533333333333335 0.2880000000000003 0
2951 0.06483333333333341 0.2960000000000003 0
2952 0.0643333333333333 0.3040000000000003 0
2953 0.06383333333333335 0.3120000000000003 0
2954 0.06333333333333341 0.3200000000000002 0
2955 0.06283333333333341 0.3280000000000003 0
2956 0.0623333333333333 0.3360000000000002 0
2957 0.06183333333333341 0.3440000000000002 0
2958 0.06133333333333335 0.3520000000000001 0
2959 0.06083333333333341 0.3600000000000002 0
2960 0.06033333333333341 0.3680000000000002 0
2961 0.0598333333333334 0.3760000000000002 0
2962 0.0593333333333334 0.3840000000000002 0
2963 0.05883333333333335 0.3920000000000002 0
2964 0.05833333333333335 0.4000000000000001 0
2965 0.05783333333333335 0.4080000000000001 0
2966 0.0573333333333334 0.4160000000000001 0
2967 0.0568333333333334 0.4240000000000002 0
2968 0.0563333333333334 0.4320000000000002 0
2969 0.05583333333333335 0.4400000000000002 0
2970 0.05533333333333335 0.4480000000000002 0
2971 0.0548333333333334 0.4560000000000003 0
2972 0.0543333333333334 0.4640000000000003 0
2973 0.0538333333333334 0.4720000000000003 0
2974 0.05333333333333334 0.4800000000000003 0
2975 0.0528333333333334 0.4880000000000003 0
2976 0.05233333333333334 0.4960000000000003 0
2977 0.0518333333333334 0.5040000000000003 0
2978 0.0513333333333334 0.5120000000000003 0
2979 0.05083333333333334 0.5200000000000004 0
2980 0.0503333333333334 0.5280000000000002 0
2981 0.04983333333333334 0.5360000000000003 0
2982 0.04933333333333334 0.5440000000000003 0
2983 0.0488333333333334 0.5520000000000003 0
2984 0.04833333333333339 0.5600000000000002 0
2985 0.04783333333333339 0.5680000000000002 0
2986 0.04733333333333345 0.5760000000000002 0
2987 0.04683333333333328 0.5840000000000003 0
2988 0.04633333333333339 0.5920000000000003 0
2989 0.04583333333333345 0.6000000000000001 0
2990 0.04533333333333334 0.6080000000000002 0
2991 0.04483333333333334 0.6160000000000002 0
2992 0.04433333333333339 0.6240000000000002 0
2993 0.04383333333333339 0.6320000000000002 0
2994 0.04333333333333339 0.6400000000000002 0
2995 0.04283333333333328 0.6480000000000001 0
2996 0.04233333333333339 0.6560000000000001 0
2997 0.04183333333333328 0.6640000000000001 0
2998 0.04133333333333339 0.6720000000000002 0
2999 0.04083333333333339 0.68 0
3000 0.04033333333333339 0.6880000000000002 0
3001 0.03983333333333339 0.6960000000000001 0
3002 0.03933333333333344 0.7040000000000002 0
3003 0.03883333333333339 0.7120000000000002 0
3004 0.03833333333333339 0.7200000000000002 0
3005 0.03783333333333344 0.7280000000000002 0
3006 0.03733333333333338 0.7360000000000002 0
3007 0.03683333333333344 0.7440000000000001 0
3008 0.03633333333333333 0.7520000000000002 0
3009 0.03583333333333327 0.7600000000000001 0
3010 0.03533333333333344 0.7680000000000001 0
3011 0.03483333333333338 0.7760000000000001 0
3012 0.03433333333333338 0.784 0
3013 0.03383333333333338 0.792 0
3014 0.06626666666666653 0.007999999999999952 0
3015 0.06586666666666668 0.01600000000000013 0
3016 0.06546666666666645 0.02399999999999991 0
3017 0.06506666666666666 0.03200000000000014 0
3018 0.06466666666666659 0.04000000000000015 0
3019 0.06426666666666664 0.04800000000000004 0
3020 0.06386666666666668 0.05599999999999994 0
3021 0.0634666666666665 0.06400000000000011 0
3022 0.06306666666666677 0.07200000000000006 0
3023 0.06266666666666654 0.08000000000000002 0
3024 0.06226666666666658 0.08800000000000002 0
3025 0.06186666666666663 0.09600000000000009 0
3026 0.06146666666666656 0.1040000000000001 0
3027 0.06106666666666671 0.1120000000000002 0
3028 0.06066666666666665 0.1200000000000001 0
3029 0.06026666666666664 0.1280000000000002 0
3030 0.05986666666666668 0.1360000000000001 0
3031 0.05946666666666661 0.1440000000000002 0
3032 0.05906666666666671 0.1520000000000002 0
3033 0.0586666666666667 0.1600000000000003 0
3034 0.05826666666666663 0.1680000000000003 0
3035 0.05786666666666668 0.1760000000000003 0
3036 0.05746666666666667 0.1840000000000003 0
3037 0.0570666666666666 0.1920000000000002 0
3038 0.0566666666666667 0.2000000000000003 0
3039 0.05626666666666669 0.2080000000000002 0
3040 0.05586666666666662 0.2160000000000003 0
3041 0.05546666666666678 0.2240000000000003 0
3042 0.05506666666666671 0.2320000000000004 0
3043 0.05466666666666675 0.2400000000000003 0
3044 0.05426666666666663 0.2480000000000004 0
3045 0.05386666666666667 0.2560000000000004 0
3046 0.05346666666666661 0.2640000000000003 0
3047 0.05306666666666676 0.2720000000000004 0
3048 0.05266666666666669 0.2800000000000002 0
3049 0.05226666666666674 0.2880000000000002 0
3050 0.05186666666666662 0.2960000000000003 0
3051 0.05146666666666677 0.3040000000000003 0
3052 0.05106666666666676 0.3120000000000003 0
3053 0.05066666666666658 0.3200000000000002 0
3054 0.05026666666666663 0.3280000000000003 0
3055 0.04986666666666656 0.3360000000000002 0
3056 0.04946666666666666 0.3440000000000003 0
3057 0.04906666666666676 0.3520000000000003 0
3058 0.04866666666666658 0.3600000000000002 0
3059 0.04826666666666674 0.3680000000000002 0
3060 0.04786666666666672 0.3760000000000002 0
3061 0.04746666666666666 0.3840000000000002 0
3062 0.04706666666666681 0.3920000000000002 0
3063 0.04666666666666663 0.4000000000000002 0
3064 0.04626666666666668 0.4080000000000003 0
3065 0.04586666666666667 0.4160000000000002 0
3066 0.04546666666666666 0.4240000000000002 0
3067 0.0450666666666667 0.4320000000000003 0
3068 0.04466666666666669 0.4400000000000002 0
3069 0.04426666666666673 0.4480000000000002 0
3070 0.04386666666666672 0.4560000000000003 0
3071 0.04346666666666671 0.4640000000000003 0
3072 0.04306666666666675 0.4720000000000003 0
3073 0.04266666666666674 0.4800000000000002 0
3074 0.04226666666666667 0.4880000000000003 0
3075 0.04186666666666677 0.4960000000000003 0
3076 0.04146666666666671 0.5040000000000003 0
3077 0.04106666666666675 0.5120000000000003 0
3078 0.04066666666666674 0.5200000000000004 0
3079 0.04026666666666673 0.5280000000000002 0
3080 0.03986666666666672 0.5360000000000004 0
3081 0.03946666666666671 0.5440000000000003 0
3082 0.03906666666666675 0.5520000000000003 0
3083 0.03866666666666674 0.5600000000000003 0
3084 0.03826666666666673 0.5680000000000002 0
3085 0.03786666666666655 0.5760000000000002 0
3086 0.0374666666666667 0.5840000000000003 0
3087 0.03706666666666664 0.5920000000000003 0
3088 0.03666666666666674 0.6000000000000003 0
3089 0.03626666666666672 0.6080000000000003 0
3090 0.03586666666666671 0.6160000000000002 0
3091 0.0354666666666667 0.6240000000000003 0
3092 0.03506666666666663 0.6320000000000002 0
3093 0.03466666666666668 0.6400000000000003 0
3094 0.03426666666666667 0.6480000000000001 0
3095 0.03386666666666682 0.6560000000000001 0
3096 0.0334666666666667 0.6640000000000001 0
3097 0.03306666666666663 0.6720000000000002 0
3098 0.03266666666666657 0.6800000000000002 0
3099 0.03226666666666667 0.6880000000000002 0
3100 0.03186666666666682 0.6960000000000002 0
3101 0.0314666666666667 0.7040000000000002 0
3102 0.03106666666666669 0.7120000000000002 0
3103 0.03066666666666662 0.7200000000000002 0
3104 0.03026666666666672 0.7280000000000001 0
3105 0.02986666666666682 0.7360000000000002 0
3106 0.0294666666666667 0.7440000000000002 0
3107 0.02906666666666663 0.7520000000000001 0
3108 0.02866666666666662 0.7600000000000001 0
3109 0.02826666666666672 0.7680000000000002 0
3110 0.02786666666666676 0.7760000000000002 0
3111 0.02746666666666675 0.784 0
3112 0.02706666666666674 0.792 0
3113 0.04970000000000013 0.007999999999999952 0
3114 0.04940000000000005 0.01600000000000001 0
3115 0.04910000000000003 0.02399999999999991 0
3116 0.04879999999999995 0.03200000000000008 0
3117 0.04849999999999999 0.04000000000000015 0
3118 0.04820000000000002 0.04799999999999999 0
3119 0.04790000000000005 0.05600000000000011 0
3120 0.04760000000000003 0.06400000000000006 0
3121 0.04730000000000006 0.07200000000000001 0
3122 0.04700000000000004 0.08000000000000007 0
3123 0.04670000000000013 0.08800000000000002 0
3124 0.04639999999999989 0.09600000000000009 0
3125 0.04609999999999997 0.1040000000000001 0
3126 0.04579999999999995 0.1120000000000002 0
3127 0.04550000000000004 0.1200000000000001 0
3128 0.04519999999999996 0.1280000000000002 0
3129 0.04490000000000005 0.1360000000000001 0
3130 0.04459999999999997 0.1440000000000002 0
3131 0.04430000000000006 0.1520000000000002 0
3132 0.04399999999999998 0.1600000000000003 0
3133 0.04370000000000013 0.1680000000000003 0
3134 0.04340000000000005 0.1760000000000003 0
3135 0.04310000000000003 0.1840000000000003 0
3136 0.04280000000000012 0.1920000000000004 0
3137 0.04250000000000009 0.2000000000000003 0
3138 0.04220000000000007 0.2080000000000002 0
3139 0.0419000000000001 0.2160000000000003 0
3140 0.04160000000000014 0.2240000000000005 0
3141 0.0413 0.2320000000000004 0
3142 0.04099999999999998 0.2400000000000004 0
3143 0.04070000000000001 0.2480000000000004 0
3144 0.04040000000000005 0.2560000000000003 0
3145 0.04010000000000002 0.2640000000000003 0
3146 0.03980000000000011 0.2720000000000005 0
3147 0.03950000000000004 0.2800000000000002 0
3148 0.03920000000000001 0.2880000000000003 0
3149 0.03890000000000005 0.2960000000000003 0
3150 0.03860000000000002 0.3040000000000003 0
3151 0.03830000000000006 0.3120000000000003 0
3152 0.03799999999999992 0.3200000000000003 0
3153 0.03770000000000018 0.3280000000000003 0
3154 0.03739999999999993 0.3360000000000002 0
3155 0.03710000000000008 0.3440000000000003 0
3156 0.03680000000000005 0.3520000000000003 0
3157 0.03650000000000009 0.3600000000000003 0
3158 0.03620000000000001 0.3680000000000002 0
3159 0.0359000000000001 0.3760000000000002 0
3160 0.03560000000000013 0.3840000000000002 0
3161 0.0353 0.3920000000000002 0
3162 0.03500000000000009 0.4000000000000002 0
3163 0.03470000000000001 0.4080000000000002 0
3164 0.03439999999999999 0.4160000000000002 0
3165 0.03410000000000007 0.4240000000000002 0
3166 0.03380000000000011 0.4320000000000002 0
3167 0.03350000000000009 0.4400000000000002 0
3168 0.03319999999999995 0.4480000000000003 0
3169 0.03289999999999998 0.4560000000000003 0
3170 0.03259999999999985 0.4640000000000004 0
3171 0.03230000000000011 0.4720000000000003 0
3172 0.03200000000000003 0.4800000000000003 0
3173 0.03170000000000001 0.4880000000000004 0
3174 0.03139999999999998 0.4960000000000003 0
3175 0.03110000000000002 0.5040000000000004 0
3176 0.03080000000000011 0.5120000000000003 0
3177 0.03049999999999992 0.5200000000000004 0
3178 0.03020000000000006 0.5280000000000004 0
3179 0.02990000000000009 0.5360000000000003 0
3180 0.02960000000000007 0.5440000000000003 0
3181 0.02929999999999999 0.5520000000000004 0
3182 0.02900000000000008 0.5600000000000003 0
3183 0.02870000000000006 0.5680000000000003 0
3184 0.02839999999999998 0.5760000000000003 0
3185 0.02810000000000007 0.5840000000000003 0
3186 0.02780000000000005 0.5920000000000004 0
3187 0.02749999999999997 0.6000000000000003 0
3188 0.02720000000000006 0.6080000000000003 0
3189 0.02690000000000009 0.6160000000000003 0
3190 0.02660000000000007 0.6240000000000003 0
3191 0.02630000000000005 0.6320000000000002 0
3192 0.02600000000000008 0.6400000000000003 0
3193 0.0257 0.6480000000000001 0
3194 0.02539999999999998 0.6560000000000002 0
3195 0.02510000000000007 0.6640000000000001 0
3196 0.02479999999999993 0.6720000000000002 0
3197 0.02450000000000002 0.6800000000000002 0
3198 0.02420000000000005 0.6880000000000002 0
3199 0.02389999999999992 0.6960000000000002 0
3200 0.02360000000000001 0.7040000000000002 0
3201 0.02329999999999999 0.7120000000000002 0
3202 0.02300000000000008 0.7200000000000002 0
3203 0.02269999999999994 0.7280000000000002 0
3204 0.02240000000000003 0.7360000000000002 0
3205 0.02210000000000012 0.7440000000000001 0
3206 0.02179999999999999 0.7520000000000002 0
3207 0.02150000000000002 0.7600000000000001 0
3208 0.02120000000000005 0.7680000000000001 0
3209 0.02090000000000003 0.7760000000000001 0
3210 0.02060000000000006 0.784 0
3211 0.02030000000000004 0.792 0
3212 0.03313333333333335 0.008000000000000007 0
3213 0.03293333333333331 0.01600000000000001 0
3214 0.03273333333333334 0.02400000000000008 0
3215 0.03253333333333341 0.03200000000000008 0
3216 0.03233333333333327 0.04000000000000004 0
3217 0.0321333333333334 0.0480000000000001 0
3218 0.03193333333333342 0.05600000000000022 0
3219 0.03173333333333317 0.06400000000000017 0
3220 0.03153333333333336 0.07200000000000017 0
3221 0.03133333333333327 0.08000000000000007 0
3222 0.03113333333333335 0.08800000000000013 0
3223 0.03093333333333342 0.09600000000000031 0
3224 0.03073333333333333 0.1040000000000002 0
3225 0.0305333333333333 0.1120000000000002 0
3226 0.03033333333333332 0.1200000000000001 0
3227 0.0301333333333334 0.1280000000000002 0
3228 0.02993333333333337 0.1360000000000001 0
3229 0.02973333333333339 0.1440000000000002 0
3230 0.02953333333333341 0.1520000000000003 0
3231 0.02933333333333332 0.1600000000000002 0
3232 0.0291333333333334 0.1680000000000003 0
3233 0.02893333333333337 0.1760000000000003 0
3234 0.02873333333333333 0.1840000000000003 0
3235 0.02853333333333341 0.1920000000000003 0
3236 0.02833333333333321 0.2000000000000004 0
3237 0.0281333333333334 0.2080000000000004 0
3238 0.02793333333333342 0.2160000000000004 0
3239 0.02773333333333339 0.2240000000000005 0
3240 0.0275333333333333 0.2320000000000005 0
3241 0.02733333333333338 0.2400000000000004 0
3242 0.0271333333333334 0.2480000000000005 0
3243 0.02693333333333342 0.2560000000000004 0
3244 0.02673333333333339 0.2640000000000003 0
3245 0.02653333333333335 0.2720000000000005 0
3246 0.02633333333333343 0.2800000000000005 0
3247 0.0261333333333334 0.2880000000000003 0
3248 0.02593333333333342 0.2960000000000003 0
3249 0.02573333333333333 0.3040000000000004 0
3250 0.02553333333333335 0.3120000000000004 0
3251 0.02533333333333337 0.3200000000000003 0
3252 0.0251333333333334 0.3280000000000003 0
3253 0.02493333333333342 0.3360000000000003 0
3254 0.02473333333333327 0.3440000000000003 0
3255 0.02453333333333335 0.3520000000000003 0
3256 0.02433333333333332 0.3600000000000003 0
3257 0.0241333333333334 0.3680000000000003 0
3258 0.02393333333333347 0.3760000000000003 0
3259 0.02373333333333338 0.3840000000000003 0
3260 0.02353333333333341 0.3920000000000002 0
3261 0.02333333333333332 0.4000000000000002 0
3262 0.02313333333333339 0.4080000000000003 0
3263 0.02293333333333347 0.4160000000000003 0
3264 0.02273333333333333 0.4240000000000003 0
3265 0.02253333333333329 0.4320000000000003 0
3266 0.02233333333333337 0.4400000000000003 0
3267 0.02213333333333328 0.4480000000000003 0
3268 0.02193333333333347 0.4560000000000004 0
3269 0.02173333333333338 0.4640000000000004 0
3270 0.0215333333333334 0.4720000000000004 0
3271 0.02133333333333337 0.4800000000000003 0
3272 0.02113333333333339 0.4880000000000004 0
3273 0.0209333333333333 0.4960000000000004 0
3274 0.02073333333333349 0.5040000000000004 0
3275 0.0205333333333334 0.5120000000000005 0
3276 0.02033333333333326 0.5200000000000005 0
3277 0.02013333333333345 0.5280000000000002 0
3278 0.01993333333333347 0.5360000000000003 0
3279 0.01973333333333338 0.5440000000000003 0
3280 0.01953333333333346 0.5520000000000004 0
3281 0.01933333333333337 0.5600000000000003 0
3282 0.01913333333333339 0.5680000000000003 0
3283 0.01893333333333352 0.5760000000000003 0
3284 0.01873333333333344 0.5840000000000003 0
3285 0.01853333333333335 0.5920000000000004 0
3286 0.01833333333333342 0.6000000000000003 0
3287 0.01813333333333339 0.6080000000000003 0
3288 0.01793333333333347 0.6160000000000003 0
3289 0.01773333333333327 0.6240000000000003 0
3290 0.0175333333333334 0.6320000000000002 0
3291 0.01733333333333337 0.6400000000000003 0
3292 0.01713333333333344 0.6480000000000001 0
3293 0.01693333333333336 0.6560000000000001 0
3294 0.01673333333333338 0.6640000000000001 0
3295 0.01653333333333346 0.6720000000000002 0
3296 0.01633333333333337 0.6800000000000002 0
3297 0.01613333333333339 0.6880000000000001 0
3298 0.01593333333333335 0.6960000000000002 0
3299 0.01573333333333338 0.7040000000000002 0
3300 0.01553333333333329 0.7120000000000003 0
3301 0.01533333333333337 0.7200000000000002 0
3302 0.01513333333333339 0.7280000000000002 0
3303 0.01493333333333335 0.7360000000000002 0
3304 0.01473333333333332 0.7440000000000001 0
3305 0.01453333333333345 0.7520000000000002 0
3306 0.01433333333333336 0.7600000000000002 0
3307 0.01413333333333344 0.7680000000000001 0
3308 0.01393333333333346 0.7760000000000001 0
3309 0.01373333333333338 0.784 0
3310 0.01353333333333334 0.792 0
3311 0.01656666666666651 0.008000000000000007 0
3312 0.01646666666666668 0.01600000000000007 0
3313 0.01636666666666653 0.02400000000000002 0
3314 0.01626666666666654 0.03200000000000008 0
3315 0.01616666666666666 0.04000000000000015 0
3316 0.01606666666666651 0.04800000000000015 0
3317 0.01596666666666657 0.05600000000000016 0
3318 0.01586666666666653 0.06400000000000017 0
3319 0.01576666666666654 0.07200000000000023 0
3320 0.01566666666666655 0.08000000000000007 0
3321 0.01556666666666656 0.08800000000000013 0
3322 0.01546666666666663 0.09600000000000042 0
3323 0.01536666666666653 0.104 0
3324 0.0152666666666666 0.1120000000000002 0
3325 0.01516666666666666 0.1200000000000001 0
3326 0.01506666666666651 0.1280000000000002 0
3327 0.01496666666666668 0.1360000000000001 0
3328 0.01486666666666658 0.1440000000000002 0
3329 0.01476666666666654 0.1520000000000002 0
3330 0.01466666666666666 0.1600000000000002 0
3331 0.01456666666666656 0.1680000000000004 0
3332 0.01446666666666652 0.1760000000000003 0
3333 0.01436666666666664 0.1840000000000003 0
3334 0.01426666666666676 0.1920000000000004 0
3335 0.01416666666666672 0.2000000000000003 0
3336 0.01406666666666662 0.2080000000000004 0
3337 0.01396666666666657 0.2160000000000004 0
3338 0.01386666666666653 0.2240000000000004 0
3339 0.01376666666666659 0.2320000000000006 0
3340 0.01366666666666666 0.2400000000000004 0
3341 0.01356666666666662 0.2480000000000005 0
3342 0.01346666666666674 0.2560000000000006 0
3343 0.01336666666666675 0.2640000000000004 0
3344 0.01326666666666659 0.2720000000000004 0
3345 0.0131666666666666 0.2800000000000005 0
3346 0.01306666666666656 0.2880000000000004 0
3347 0.01296666666666668 0.2960000000000004 0
3348 0.01286666666666664 0.3040000000000004 0
3349 0.01276666666666665 0.3120000000000004 0
3350 0.0126666666666666 0.3200000000000003 0
3351 0.01256666666666661 0.3280000000000004 0
3352 0.01246666666666657 0.3360000000000003 0
3353 0.01236666666666658 0.3440000000000003 0
3354 0.01226666666666654 0.3520000000000003 0
3355 0.01216666666666671 0.3600000000000004 0
3356 0.01206666666666661 0.3680000000000003 0
3357 0.01196666666666663 0.3760000000000004 0
3358 0.01186666666666658 0.3840000000000003 0
3359 0.01176666666666665 0.3920000000000002 0
3360 0.01166666666666666 0.4000000000000003 0
3361 0.01156666666666667 0.4080000000000003 0
3362 0.01146666666666663 0.4160000000000003 0
3363 0.01136666666666647 0.4240000000000003 0
3364 0.01126666666666659 0.4320000000000003 0
3365 0.01116666666666677 0.4400000000000003 0
3366 0.01106666666666667 0.4480000000000004 0
3367 0.01096666666666657 0.4560000000000005 0
3368 0.01086666666666658 0.4640000000000004 0
3369 0.01076666666666665 0.4720000000000004 0
3370 0.0106666666666666 0.4800000000000003 0
3371 0.01056666666666667 0.4880000000000004 0
3372 0.01046666666666657 0.4960000000000004 0
3373 0.01036666666666664 0.5040000000000004 0
3374 0.0102666666666667 0.5120000000000005 0
3375 0.01016666666666677 0.5200000000000004 0
3376 0.01006666666666661 0.5280000000000005 0
3377 0.009966666666666568 0.5360000000000003 0
3378 0.009866666666666635 0.5440000000000004 0
3379 0.00976666666666659 0.5520000000000004 0
3380 0.009666666666666657 0.5600000000000003 0
3381 0.009566666666666723 0.5680000000000003 0
3382 0.009466666666666568 0.5760000000000003 0
3383 0.009366666666666579 0.5840000000000003 0
3384 0.009266666666666756 0.5920000000000003 0
3385 0.00916666666666649 0.6000000000000003 0
3386 0.009066666666666723 0.6080000000000003 0
3387 0.008966666666666567 0.6160000000000002 0
3388 0.008866666666666578 0.6240000000000003 0
3389 0.008766666666666589 0.6320000000000003 0
3390 0.008666666666666656 0.6400000000000003 0
3391 0.008566666666666667 0.6480000000000001 0
3392 0.008466666666666678 0.6560000000000001 0
3393 0.008366666666666578 0.6640000000000001 0
3394 0.008266666666666589 0.6720000000000003 0
3395 0.0081666666666666 0.6800000000000002 0
3396 0.008066666666666555 0.6880000000000002 0
3397 0.007966666666666511 0.6960000000000002 0
3398 0.007866666666666577 0.7040000000000002 0
3399 0.007766666666666644 0.7120000000000001 0
3400 0.007666666666666599 0.7200000000000002 0
3401 0.007566666666666721 0.7280000000000002 0
3402 0.007466666666666677 0.7360000000000002 0
3403 0.007366666666666633 0.7440000000000002 0
3404 0.007266666666666699 0.7520000000000002 0
3405 0.007166666666666655 0.7600000000000001 0
3406 0.007066666666666666 0.7680000000000001 0
3407 0.006966666666666566 0.7760000000000001 0
3408 0.006866666666666632 0.784 0
3409 0.006766666666666588 0.792 0
3410 0.006725701511042681 0.8066654800624836 0
3411 0.006784736355418652 0.8133309601249672 0
3412 0.006843771199794679 0.8199964401874507 0
3413 0.006902806044170595 0.8266619202499341 0
3414 0.006961840888546622 0.8333274003124178 0
3415 0.007020875732922649 0.8399928803749015 0
3416 0.007079910577298787 0.846658360437385 0
3417 0.007138945421674703 0.8533238404998685 0
3418 0.007197980266050619 0.8599893205623519 0
3419 0.007257015110426701 0.8666548006248357 0
3420 0.007316049954802728 0.8733202806873193 0
3421 0.007375084799178644 0.8799857607498026 0
3422 0.007434119643554726 0.8866512408122862 0
3423 0.007493154487930698 0.8933167208747698 0
3424 0.00755218933230678 0.8999822009372533 0
3425 0.007611224176682641 0.906647680999737 0
3426 0.007670259021058723 0.9133131610622204 0
3427 0.007729293865434694 0.9199786411247041 0
3428 0.007788328709810666 0.9266441211871876 0
3429 0.007847363554186582 0.9333096012496711 0
3430 0.00790639839856272 0.9399750813121548 0
3431 0.007965433242938746 0.9466405613746381 0
3432 0.008024468087314773 0.9533060414371216 0
3433 0.008083502931690745 0.9599715214996053 0
3434 0.008142537776066827 0.9666370015620888 0
3435 0.008201572620442743 0.9733024816245723 0
3436 0.00826060746481877 0.9799679616870559 0
3437 0.008319642309194797 0.9866334417495394 0
3438 0.008378677153570713 0.9932989218120234 0
3439 0.01345138299763665 0.806661920334416 0
3440 0.01356943266194011 0.8133238406688321 0
3441 0.01368748232624328 0.8199857610032479 0
3442 0.01380553199054657 0.826647681337664 0
3443 0.01392358165485003 0.83330960167208 0
3444 0.01404163131915331 0.8399715220064961 0
3445 0.0141596809834566 0.8466334423409119 0
3446 0.01427773064775989 0.8532953626753278 0
3447 0.01439578031206318 0.8599572830097438 0
3448 0.01451382997636669 0.8666192033441599 0
3449 0.01463187964066998 0.873281123678576 0
3450 0.01474992930497326 0.8799430440129918 0
3451 0.0148679789692765 0.8866049643474078 0
3452 0.01498602863357995 0.8932668846818237 0
3453 0.01510407829788329 0.8999288050162396 0
3454 0.01522212796218664 0.9065907253506558 0
3455 0.01534017762648998 0.9132526456850716 0
3456 0.0154582272907931 0.9199145660194878 0
3457 0.01557627695509667 0.9265764863539036 0
3458 0.0156943266193999 0.9332384066883196 0
3459 0.01581237628370324 0.9399003270227356 0
3460 0.01593042594800648 0.9465622473571516 0
3461 0.01604847561230999 0.9532241676915675 0
3462 0.01616652527661327 0.9598860880259836 0
3463 0.01628457494091662 0.9665480083603993 0
3464 0.01640262460521985 0.9732099286948156 0
3465 0.01652067426952308 0.9798718490292316 0
3466 0.01663872393382654 0.9865337693636475 0
3467 0.01675677359812988 0.9931956896980635 0
3468 0.02017702443675884 0.8066559877359032 0
3469 0.02035404887351783 0.8133119754718064 0
3470 0.02053107331027659 0.8199679632077097 0
3471 0.02070809774703553 0.8266239509436129 0
3472 0.02088512218379435 0.8332799386795162 0
3473 0.02106214662055322 0.8399359264154197 0
3474 0.02123917105731221 0.8465919141513226 0
3475 0.02141619549407109 0.853247901887226 0
3476 0.02159321993082991 0.8599038896231291 0
3477 0.02177024436758884 0.8665598773590325 0
3478 0.02194726880434766 0.8732158650949358 0
3479 0.02212429324110654 0.8798718528308389 0
3480 0.02230131767786553 0.8865278405667423 0
3481 0.02247834211462435 0.8931838283026452 0
3482 0.02265536655138312 0.8998398160385487 0
3483 0.0228323909881421 0.9064958037744519 0
3484 0.02300941542490093 0.913151791510355 0
3485 0.02318643986165997 0.9198077792462586 0
3486 0.02336346429841879 0.9264637669821615 0
3487 0.02354048873517772 0.9331197547180649 0
3488 0.02371751317193649 0.9397757424539682 0
3489 0.02389453760869542 0.9464317301898713 0
3490 0.0240715620454543 0.9530877179257744 0
3491 0.02424858648221312 0.9597437056616779 0
3492 0.024425610918972 0.966399693397581 0
3493 0.02460263535573098 0.9730556811334843 0
3494 0.02477965979248986 0.9797116688693874 0
3495 0.02495668422924868 0.9863676566052907 0
3496 0.02513370866600767 0.9930236443411941 0
3497 0.02690260580823767 0.8066476826893241 0
3498 0.02713854494980866 0.8132953653786482 0
3499 0.02737448409137944 0.8199430480679725 0
3500 0.02761042323295049 0.8265907307572964 0
3501 0.02784636237452137 0.8332384134466206 0
3502 0.02808230151609231 0.8398860961359447 0
3503 0.02831824065766314 0.8465337788252689 0
3504 0.02855417979923403 0.853181461514593 0
3505 0.02879011894080491 0.859829144203917 0
3506 0.02902605808237579 0.8664768268932411 0
3507 0.02926199722394679 0.8731245095825654 0
3508 0.02949793636551773 0.8797721922718893 0
3509 0.02973387550708856 0.8864198749612134 0
3510 0.02996981464865939 0.8930675576505375 0
3511 0.03020575379023033 0.8997152403398616 0
3512 0.03044169293180138 0.9063629230291859 0
3513 0.03067763207337232 0.9130106057185098 0
3514 0.03091357121494304 0.919658288407834 0
3515 0.03114951035651398 0.9263059710971581 0
3516 0.03138544949808481 0.9329536537864822 0
3517 0.03162138863965586 0.9396013364758063 0
3518 0.0318573277812268 0.9462490191651304 0
3519 0.03209326692279774 0.9528967018544543 0
3520 0.03232920606436851 0.9595443845437788 0
3521 0.03256514520593939 0.9661920672331027 0
3522 0.03280108434751033 0.9728397499224269 0
3523 0.03303702348908127 0.9794874326117512 0
3524 0.03327296263065216 0.9861351153010752 0
3525 0.0335089017722231 0.9927827979903991 0
3526 0.03362810709617747 0.8066370057859669 0
3527 0.03392288085902168 0.8132740115719337 0
3528 0.03421765462186582 0.8199110173579004 0
3529 0.03451242838471008 0.8265480231438671 0
3530 0.03480720214755401 0.833185028929834 0
3531 0.03510197591039815 0.8398220347158007 0
3532 0.03539674967324236 0.8464590405017673 0
3533 0.03569152343608656 0.8530960462877342 0
3534 0.03598629719893059 0.8597330520737009 0
3535 0.03628107096177474 0.8663700578596676 0
3536 0.03657584472461889 0.8730070636456344 0
3537 0.03687061848746298 0.8796440694316012 0
3538 0.03716539225030718 0.886281075217568 0
3539 0.03746016601315122 0.8929180810035348 0
3540 0.03775493977599537 0.8995550867895015 0
3541 0.03804971353883951 0.9061920925754683 0
3542 0.03834448730168366 0.9128290983614351 0
3543 0.03863926106452786 0.9194661041474018 0
3544 0.03893403482737201 0.9261031099333686 0
3545 0.03922880859021599 0.9327401157193353 0
3546 0.03952358235306014 0.9393771215053023 0
3547 0.0398183561159044 0.9460141272912689 0
3548 0.04011312987874854 0.9526511330772357 0
3549 0.04040790364159258 0.9592881388632025 0
3550 0.04070267740443673 0.965925144649169 0
3551 0.04099745116728093 0.9725621504351359 0
3552 0.04129222493012491 0.9791991562211029 0
3553 0.04158699869296917 0.9858361620070695 0
3554 0.04188177245581326 0.9924731677930363 0
3555 0.04035350829038509 0.8066239577859868 0
3556 0.04070701658077019 0.8132479155719734 0
3557 0.04106052487115536 0.8198718733579601 0
3558 0.0414140331615403 0.8264958311439468 0
3559 0.04176754145192535 0.8331197889299335 0
3560 0.04212104974231023 0.8397437467159203 0
3561 0.04247455803269529 0.8463677045019069 0
3562 0.04282806632308034 0.8529916622878937 0
3563 0.04318157461346539 0.8596156200738803 0
3564 0.0435350829038505 0.866239577859867 0
3565 0.04388859119423555 0.8728635356458538 0
3566 0.04424209948462055 0.8794874934318404 0
3567 0.04459560777500571 0.8861114512178272 0
3568 0.04494911606539059 0.8927354090038138 0
3569 0.04530262435577576 0.8993593667898004 0
3570 0.04565613264616075 0.9059833245757873 0
3571 0.04600964093654575 0.9126072823617739 0
3572 0.04636314922693091 0.9192312401477607 0
3573 0.04671665751731585 0.9258551979337475 0
3574 0.0470701658077009 0.9324791557197339 0
3575 0.04742367409808596 0.9391031135057207 0
3576 0.04777718238847095 0.9457270712917073 0
3577 0.048130690678856 0.952351029077694 0
3578 0.04848419896924105 0.9589749868636809 0
3579 0.048837707259626 0.9655989446496674 0
3580 0.04919121555001121 0.9722229024356542 0
3581 0.04954472384039615 0.9788468602216409 0
3582 0.04989823213078126 0.9854708180076276 0
3583 0.05025174042116631 0.9920947757936144 0
3584 0.04707878938779297 0.8066085396183527 0
3585 0.04749091210891943 0.8132170792367051 0
3586 0.04790303483004565 0.8198256188550579 0
3587 0.04831515755117183 0.8264341584734105 0
3588 0.04872728027229833 0.8330426980917629 0
3589 0.04913940299342462 0.8396512377101157 0
3590 0.04955152571455079 0.8462597773284681 0
3591 0.04996364843567708 0.852868316946821 0
3592 0.05037577115680347 0.8594768565651733 0
3593 0.05078789387792976 0.866085396183526 0
3594 0.05120001659905604 0.8726939358018786 0
3595 0.05161213932018249 0.8793024754202311 0
3596 0.05202426204130872 0.8859110150385837 0
3597 0.05243638476243501 0.8925195546569363 0
3598 0.05284850748356124 0.8991280942752888 0
3599 0.05326063020468769 0.9057366338936417 0
3600 0.05367275292581392 0.9123451735119941 0
3601 0.05408487564694014 0.9189537131303467 0
3602 0.05449699836806648 0.9255622527486992 0
3603 0.05490912108919282 0.932170792367052 0
3604 0.05532124381031911 0.9387793319854046 0
3605 0.05573336653144539 0.945387871603757 0
3606 0.05614548925257173 0.9519964112221097 0
3607 0.05655761197369796 0.9586049508404623 0
3608 0.05696973469482419 0.9652134904588149 0
3609 0.05738185741595059 0.9718220300771676 0
3610 0.05779398013707693 0.9784305696955201 0
3611 0.05820610285820321 0.9850391093138725 0
3612 0.05861822557932939 0.9916476489322256 0
3613 0.05380393039388465 0.8065907523807803 0
3614 0.05427452745443573 0.8131815047615605 0
3615 0.05474512451498681 0.8197722571423407 0
3616 0.05521572157553806 0.8263630095231207 0
3617 0.05568631863608908 0.8329537619039009 0
3618 0.05615691569664039 0.8395445142846811 0
3619 0.05662751275719147 0.8461352666654613 0
3620 0.05709810981774271 0.8527260190462416 0
3621 0.05756870687829369 0.8593167714270216 0
3622 0.05803930393884499 0.865907523807802 0
3623 0.05850990099939612 0.872498276188582 0
3624 0.05898049805994715 0.8790890285693621 0
3625 0.0594510951204984 0.8856797809501425 0
3626 0.05992169218104954 0.8922705333309224 0
3627 0.06039228924160056 0.8988612857117029 0
3628 0.0608628863021517 0.905452038092483 0
3629 0.061333483362703 0.9120427904732631 0
3630 0.06180408042325414 0.9186335428540434 0
3631 0.06227467748380527 0.9252242952348234 0
3632 0.06274527454435636 0.9318150476156037 0
3633 0.06321587160490755 0.9384057999963838 0
3634 0.06368646866545852 0.9449965523771641 0
3635 0.06415706572600982 0.9515873047579443 0
3636 0.06462766278656085 0.9581780571387244 0
3637 0.06509825984711204 0.9647688095195045 0
3638 0.06556885690766329 0.9713595619002847 0
3639 0.06603945396821437 0.9779503142810649 0
3640 0.06651005102876556 0.9845410666618452 0
3641 0.0669806480893167 0.9911318190426253 0
3642 0.06052891132411681 0.8065705973396543 0
3643 0.06105782264823351 0.8131411946793082 0
3644 0.06158673397235015 0.8197117920189625 0
3645 0.06211564529646668 0.8262823893586164 0
3646 0.06264455662058338 0.8328529866982706 0
3647 0.06317346794470002 0.8394235840379247 0
3648 0.06370237926881667 0.8459941813775788 0
3649 0.06423129059293325 0.8525647787172329 0
3650 0.06476020191705006 0.8591353760568869 0
3651 0.06528911324116665 0.8657059733965411 0
3652 0.06581802456528335 0.872276570736195 0
3653 0.06634693588939994 0.8788471680758492 0
3654 0.06687584721351664 0.8854177654155033 0
3655 0.06740475853763334 0.8919883627551574 0
3656 0.06793366986174998 0.8985589600948114 0
3657 0.06846258118586668 0.9051295574344654 0
3658 0.06899149250998338 0.9117001547741197 0
3659 0.06952040383409991 0.9182707521137737 0
3660 0.07004931515821666 0.9248413494534278 0
3661 0.07057822648233336 0.931411946793082 0
3662 0.07110713780644995 0.9379825441327362 0
3663 0.07163604913056665 0.94455314147239 0
3664 0.0721649604546834 0.9511237388120443 0
3665 0.07269387177879977 0.9576943361516984 0
3666 0.07322278310291652 0.9642649334913523 0
3667 0.07375169442703322 0.9708355308310064 0
3668 0.07428060575114998 0.9774061281706606 0
3669 0.07480951707526651 0.9839767255103149 0
3670 0.07533842839938321 0.9905473228499689 0
3671 0.06725371220534376 0.8065480759299378 0
3672 0.06784075774402043 0.8130961518598754 0
3673 0.06842780328269732 0.8196442277898131 0
3674 0.06901484882137421 0.8261923037197509 0
3675 0.06960189436005099 0.8327403796496886 0
3676 0.07018893989872788 0.8392884555796263 0
3677 0.07077598543740476 0.8458365315095639 0
3678 0.07136303097608149 0.8523846074395016 0
3679 0.07195007651475854 0.8589326833694392 0
3680 0.07253712205343538 0.8654807592993772 0
3681 0.07312416759211204 0.8720288352293146 0
3682 0.07371121313078893 0.8785769111592524 0
3683 0.07429825866946582 0.8851249870891901 0
3684 0.07488530420814271 0.8916730630191279 0
3685 0.07547234974681954 0.8982211389490655 0
3686 0.07605939528549632 0.9047692148790032 0
3687 0.07664644082417321 0.9113172908089409 0
3688 0.07723348636285005 0.9178653667388785 0
3689 0.07782053190152688 0.9244134426688163 0
3690 0.07840757744020371 0.930961518598754 0
3691 0.07899462297888066 0.9375095945286919 0
3692 0.07958166851755738 0.9440576704586293 0
3693 0.08016871405623421 0.9506057463885671 0
3694 0.0807557595949111 0.9571538223185049 0
3695 0.08134280513358799 0.9637018982484423 0
3696 0.08192985067226483 0.9702499741783802 0
3697 0.08251689621094166 0.9767980501083179 0
3698 0.08310394174961849 0.9833461260382556 0
3699 0.08369098728829533 0.9898942019681931 0
3700 0.07397831307723779 0.806523189755071 0
3701 0.07462329282114233 0.8130463795101419 0
3702 0.07526827256504665 0.819569569265213 0
3703 0.07591325230895107 0.8260927590202836 0
3704 0.07655823205285528 0.8326159487753546 0
3705 0.07720321179676004 0.8391391385304257 0
3706 0.0778481915406643 0.8456623282854966 0
3707 0.07849317128456873 0.8521855180405675 0
3708 0.07913815102847316 0.8587087077956385 0
3709 0.07978313077237764 0.8652318975507094 0
3710 0.08042811051628196 0.8717550873057803 0
3711 0.08107309026018628 0.8782782770608513 0
3712 0.08171807000409081 0.884801466815922 0
3713 0.08236304974799519 0.8913246565709929 0
3714 0.08300802949189962 0.897847846326064 0
3715 0.08365300923580404 0.904371036081135 0
3716 0.08429798897970847 0.9108942258362057 0
3717 0.08494296872361284 0.9174174155912769 0
3718 0.08558794846751716 0.9239406053463476 0
3719 0.08623292821142164 0.9304637951014186 0
3720 0.08687790795532602 0.9369869848564895 0
3721 0.08752288769923044 0.9435101746115603 0
3722 0.08816786744313487 0.9500333643666314 0
3723 0.08881284718703941 0.9565565541217022 0
3724 0.08945782693094378 0.9630797438767732 0
3725 0.0901028066748481 0.969602933631844 0
3726 0.09074778641875242 0.9761261233869151 0
3727 0.09139276616265696 0.9826493131419859 0
3728 0.09203774590656127 0.9891725028970569 0
3729 0.08070269399371222 0.8064959405868563 0
3730 0.08140538798742436 0.8129918811737122 0
3731 0.08210808198113639 0.8194878217605683 0
3732 0.08281077597484848 0.8259837623474247 0
3733 0.08351346996856052 0.8324797029342806 0
3734 0.08421616396227255 0.838975643521137 0
3735 0.08491885795598481 0.8454715841079929 0
3736 0.08562155194969673 0.851967524694849 0
3737 0.08632424594340893 0.8584634652817051 0
3738 0.08702693993712107 0.8649594058685615 0
3739 0.08772963393083305 0.8714553464554177 0
3740 0.08843232792454497 0.8779512870422737 0
3741 0.08913502191825723 0.8844472276291299 0
3742 0.08983771591196937 0.8909431682159858 0
3743 0.0905404099056813 0.8974391088028422 0
3744 0.09124310389939339 0.9039350493896983 0
3745 0.09194579789310559 0.9104309899765544 0
3746 0.09264849188681762 0.9169269305634106 0
3747 0.0933511858805296 0.9234228711502667 0
3748 0.0940538798742418 0.9299188117371228 0
3749 0.09475657386795394 0.9364147523239791 0
3750 0.09545926786166592 0.9429106929108351 0
3751 0.09616196185537801 0.9494066334976911 0
3752 0.09686465584909015 0.9559025740845474 0
3753 0.09756734984280224 0.9623985146714035 0
3754 0.09827004383651422 0.9688944552582595 0
3755 0.09897273783022636 0.9753903958451156 0
3756 0.09967543182393845 0.9818863364319719 0
3757 0.1003781258176505 0.9883822770188281 0
3758 0.08742683502433934 0.8064663303653321 0
3759 0.08818700338201169 0.8129326607306639 0
3760 0.08894717173968425 0.819398991095996 0
3761 0.08970734009735665 0.8258653214613277 0
3762 0.09046750845502921 0.8323316518266598 0
3763 0.09122767681270166 0.8387979821919918 0
3764 0.09198784517037428 0.8452643125573238 0
3765 0.09274801352804668 0.8517306429226557 0
3766 0.09350818188571908 0.8581969732879875 0
3767 0.0942683502433917 0.8646633036533196 0
3768 0.0950285186010642 0.8711296340186514 0
3769 0.09578868695873655 0.8775959643839835 0
3770 0.09654885531640905 0.8840622947493155 0
3771 0.09730902367408162 0.8905286251146474 0
3772 0.09806919203175418 0.8969949554799793 0
3773 0.09882936038942658 0.9034612858453113 0
3774 0.09958952874709909 0.9099276162106433 0
3775 0.1003496971047716 0.9163939465759753 0
3776 0.101109865462444 0.922860276941307 0
3777 0.1018700338201166 0.929326607306639 0
3778 0.102630202177789 0.935792937671971 0
3779 0.1033903705354615 0.9422592680373031 0
3780 0.1041505388931339 0.9487255984026347 0
3781 0.1049107072508064 0.9551919287679668 0
3782 0.1056708756084789 0.9616582591332988 0
3783 0.1064310439661514 0.9681245894986307 0
3784 0.1071912123238238 0.9745909198639628 0
3785 0.1079513806814964 0.9810572502292946 0
3786 0.108711549039169 0.9875235805946266 0
3787 0.09415071625577082 0.8064343611986351 0
3788 0.09496809917820803 0.8128687223972701 0
3789 0.09578548210064541 0.8193030835959053 0
3790 0.09660286502308274 0.8257374447945405 0
3791 0.09742024794551996 0.8321718059931755 0
3792 0.09823763086795739 0.8386061671918108 0
3793 0.09905501379039466 0.8450405283904459 0
3794 0.09987239671283199 0.851474889589081 0
3795 0.1006897796352693 0.8579092507877161 0
3796 0.1015071625577066 0.8643436119863512 0
3797 0.1023245454801441 0.8707779731849864 0
3798 0.1031419284025813 0.8772123343836216 0
3799 0.1039593113250187 0.8836466955822567 0
3800 0.104776694247456 0.8900810567808917 0
3801 0.1055940771698934 0.8965154179795269 0
3802 0.1064114600923307 0.9029497791781621 0
3803 0.107228843014768 0.9093841403767972 0
3804 0.1080462259372054 0.9158185015754322 0
3805 0.1088636088596427 0.9222528627740674 0
3806 0.10968099178208 0.9286872239727025 0
3807 0.1104983747045173 0.9351215851713376 0
3808 0.1113157576269545 0.9415559463699726 0
3809 0.112133140549392 0.9479903075686077 0
3810 0.1129505234718293 0.9544246687672431 0
3811 0.1137679063942665 0.9608590299658779 0
3812 0.1145852893167039 0.9672933911645131 0
3813 0.1154026722391411 0.9737277523631483 0
3814 0.1162200551615785 0.9801621135617832 0
3815 0.1170374380840159 0.9865964747604187 0
3816 0.100874317793155 0.8064000353628505 0
3817 0.10174863558631 0.8128000707257008 0
3818 0.1026229533794649 0.8192001060885516 0
3819 0.1034972711726198 0.8256001414514018 0
3820 0.1043715889657748 0.8320001768142524 0
3821 0.1052459067589296 0.8384002121771028 0
3822 0.1061202245520846 0.8448002475399532 0
3823 0.1069945423452395 0.8512002829028039 0
3824 0.1078688601383944 0.8576003182656542 0
3825 0.1087431779315493 0.8640003536285048 0
3826 0.1096174957247043 0.8704003889913554 0
3827 0.1104918135178591 0.8768004243542058 0
3828 0.1113661313110141 0.8832004597170563 0
3829 0.112240449104169 0.8896004950799067 0
3830 0.113114766897324 0.8960005304427572 0
3831 0.1139890846904789 0.9024005658056078 0
3832 0.1148634024836338 0.9088006011684582 0
3833 0.1157377202767887 0.9152006365313088 0
3834 0.1166120380699437 0.9216006718941591 0
3835 0.1174863558630986 0.9280007072570097 0
3836 0.1183606736562535 0.9344007426198602 0
3837 0.1192349914494085 0.9408007779827104 0
3838 0.1201093092425633 0.9472008133455609 0
3839 0.1209836270357184 0.9536008487084117 0
3840 0.1218579448288732 0.9600008840712618 0
3841 0.1227322626220281 0.9664009194341124 0
3842 0.123606580415183 0.972800954796963 0
3843 0.124480898208338 0.9792009901598135 0
3844 0.1253552160014929 0.985601025522664 0
3845 0.1075976197615536 0.806363355301849 0
3846 0.1085285728564405 0.8127267106036976 0
3847 0.1094595259513273 0.8190900659055464 0
3848 0.1103904790462141 0.8254534212073952 0
3849 0.111321432141101 0.8318167765092441 0
3850 0.112252385235988 0.8381801318110929 0
3851 0.1131833383308747 0.8445434871129419 0
3852 0.1141142914257616 0.8509068424147908 0
3853 0.1150452445206484 0.8572701977166395 0
3854 0.1159761976155353 0.8636335530184884 0
3855 0.1169071507104222 0.8699969083203372 0
3856 0.117838103805309 0.8763602636221859 0
3857 0.1187690569001959 0.8827236189240348 0
3858 0.1197000099950828 0.8890869742258838 0
3859 0.1206309630899696 0.8954503295277326 0
3860 0.1215619161848564 0.9018136848295815 0
3861 0.1224928692797434 0.9081770401314302 0
3862 0.1234238223746302 0.9145403954332793 0
3863 0.1243547754695171 0.920903750735128 0
3864 0.1252857285644039 0.9272671060369766 0
3865 0.1262166816592907 0.9336304613388258 0
3866 0.1271476347541776 0.9399938166406745 0
3867 0.1280785878490646 0.9463571719425231 0
3868 0.1290095409439514 0.9527205272443721 0
3869 0.1299404940388382 0.9590838825462208 0
3870 0.1308714471337251 0.9654472378480697 0
3871 0.1318024002286119 0.9718105931499187 0
3872 0.1327333533234988 0.9781739484517672 0
3873 0.1336643064183856 0.984537303753616 0
3874 0.1143206023073564 0.8063243236271131 0
3875 0.1153078712813791 0.812648647254226 0
3876 0.1162951402554021 0.8189729708813391 0
3877 0.117282409229425 0.825297294508452 0
3878 0.1182696782034479 0.8316216181355651 0
3879 0.1192569471774708 0.8379459417626781 0
3880 0.1202442161514936 0.8442702653897911 0
3881 0.1212314851255165 0.8505945890169041 0
3882 0.1222187540995394 0.8569189126440171 0
3883 0.1232060230735624 0.8632432362711303 0
3884 0.1241932920475852 0.8695675598982432 0
3885 0.125180561021608 0.8758918835253562 0
3886 0.126167829995631 0.8822162071524693 0
3887 0.1271550989696539 0.8885405307795822 0
3888 0.1281423679436767 0.8948648544066953 0
3889 0.1291296369176997 0.9011891780338083 0
3890 0.1301169058917225 0.9075135016609213 0
3891 0.1311041748657454 0.9138378252880343 0
3892 0.1320914438397682 0.9201621489151472 0
3893 0.1330787128137911 0.9264864725422605 0
3894 0.1340659817878142 0.9328107961693733 0
3895 0.1350532507618369 0.9391351197964865 0
3896 0.1360405197358598 0.9454594434235993 0
3897 0.1370277887098827 0.9517837670507124 0
3898 0.1380150576839056 0.9581080906778253 0
3899 0.1390023266579284 0.9644324143049384 0
3900 0.1399895956319514 0.9707567379320515 0
3901 0.1409768646059742 0.9770810615591645 0
3902 0.1419641335799972 0.9834053851862774 0
3903 0.1210432455996945 0.806282943117552 0
3904 0.1220864911993889 0.8125658862351037 0
3905 0.1231297367990832 0.8188488293526559 0
3906 0.1241729823987776 0.8251317724702076 0
3907 0.1252162279984721 0.8314147155877596 0
3908 0.1262594735981664 0.8376976587053117 0
3909 0.1273027191978608 0.8439806018228637 0
3910 0.1283459647975552 0.8502635449404154 0
3911 0.1293892103972496 0.8565464880579673 0
3912 0.1304324559969439 0.8628294311755195 0
3913 0.1314757015966384 0.8691123742930713 0
3914 0.1325189471963327 0.8753953174106233 0
3915 0.133562192796027 0.8816782605281752 0
3916 0.1346054383957214 0.8879612036457272 0
3917 0.1356486839954158 0.8942441467632791 0
3918 0.1366919295951103 0.9005270898808311 0
3919 0.1377351751948046 0.906810032998383 0
3920 0.1387784207944989 0.913092976115935 0
3921 0.1398216663941933 0.9193759192334868 0
3922 0.1408649119938877 0.9256588623510388 0
3923 0.1419081575935822 0.9319418054685907 0
3924 0.1429514031932764 0.9382247485861427 0
3925 0.1439946487929708 0.9445076917036945 0
3926 0.1450378943926653 0.9507906348212467 0
3927 0.1460811399923597 0.9570735779387984 0
3928 0.147124385592054 0.9633565210563504 0
3929 0.1481676311917483 0.9696394641739025 0
3930 0.1492108767914428 0.9759224072914541 0
3931 0.1502541223911372 0.9822053504090061 0
3932 0.1277655298318533 0.8062392167193029 0
3933 0.1288643929970396 0.8124784334386054 0
3934 0.129963256162226 0.8187176501579084 0
3935 0.1310621193274124 0.8249568668772109 0
3936 0.1321609824925987 0.8311960835965138 0
3937 0.1332598456577851 0.8374353003158165 0
3938 0.1343587088229715 0.8436745170351192 0
3939 0.1354575719881579 0.849913733754422 0
3940 0.1365564351533444 0.8561529504737246 0
3941 0.1376552983185308 0.8623921671930275 0
3942 0.1387541614837172 0.8686313839123301 0
3943 0.1398530246489036 0.8748706006316329 0
3944 0.1409518878140899 0.8811098173509357 0
3945 0.1420507509792765 0.8873490340702384 0
3946 0.1431496141444628 0.8935882507895412 0
3947 0.1442484773096493 0.899827467508844 0
3948 0.1453473404748356 0.9060666842281466 0
3949 0.146446203640022 0.9123059009474495 0
3950 0.1475450668052085 0.9185451176667522 0
3951 0.1486439299703947 0.9247843343860548 0
3952 0.1497427931355813 0.9310235511053578 0
3953 0.1508416563007677 0.9372627678246603 0
3954 0.1519405194659539 0.9435019845439631 0
3955 0.1530393826311405 0.9497412012632659 0
3956 0.1541382457963268 0.9559804179825683 0
3957 0.1552371089615132 0.9622196347018713 0
3958 0.1563359721266995 0.9684588514211738 0
3959 0.1574348352918861 0.9746980681404765 0
3960 0.1585336984570724 0.9809372848597795 0
3961 0.1344874352226811 0.8061931475455213 0
3962 0.1356415371120288 0.8123862950910421 0
3963 0.1367956390013764 0.8185794426365633 0
3964 0.1379497408907239 0.8247725901820843 0
3965 0.1391038427800717 0.8309657377276054 0
3966 0.1402579446694193 0.8371588852731263 0
3967 0.1414120465587669 0.8433520328186475 0
3968 0.1425661484481145 0.8495451803641686 0
3969 0.1437202503374621 0.8557383279096894 0
3970 0.1448743522268098 0.8619314754552106 0
3971 0.1460284541161573 0.8681246230007317 0
3972 0.147182556005505 0.8743177705462527 0
3973 0.1483366578948526 0.8805109180917736 0
3974 0.1494907597842003 0.886704065637295 0
3975 0.1506448616735479 0.8928972131828159 0
3976 0.1517989635628956 0.8990903607283369 0
3977 0.1529530654522432 0.9052835082738581 0
3978 0.1541071673415908 0.9114766558193792 0
3979 0.1552612692309384 0.9176698033649 0
3980 0.156415371120286 0.9238629509104214 0
3981 0.1575694730096337 0.9300560984559425 0
3982 0.1587235748989813 0.9362492460014633 0
3983 0.1598776767883289 0.9424423935469843 0
3984 0.1610317786776765 0.9486355410925055 0
3985 0.1621858805670242 0.9548286886380266 0
3986 0.1633399824563718 0.9610218361835475 0
3987 0.1644940843457194 0.9672149837290687 0
3988 0.165648186235067 0.9734081312745896 0
3989 0.1668022881244146 0.9796012788201106 0
3990 0.1412089420179989 0.8061447388761593 0
3991 0.1424178840359979 0.8122894777523186 0
3992 0.1436268260539969 0.8184342166284782 0
3993 0.1448357680719958 0.8245789555046373 0
3994 0.1460447100899948 0.8307236943807966 0
3995 0.1472536521079937 0.836868433256956 0
3996 0.1484625941259927 0.8430131721331154 0
3997 0.1496715361439916 0.8491579110092747 0
3998 0.1508804781619905 0.855302649885434 0
3999 0.1520894201799896 0.8614473887615934 0
4000 0.1532983621979884 0.8675921276377528 0
4001 0.1545073042159875 0.8737368665139121 0
4002 0.1557162462339863 0.8798816053900715 0
4003 0.1569251882519853 0.8860263442662308 0
4004 0.1581341302699842 0.8921710831423901 0
4005 0.1593430722879832 0.8983158220185496 0
4006 0.1605520143059821 0.9044605608947089 0
4007 0.1617609563239811 0.9106052997708682 0
4008 0.16296989834198 0.9167500386470276 0
4009 0.164178840359979 0.9228947775231869 0
4010 0.1653877823779779 0.9290395163993462 0
4011 0.1665967243959769 0.9351842552755055 0
4012 0.1678056664139758 0.9413289941516648 0
4013 0.1690146084319748 0.9474737330278243 0
4014 0.1702235504499736 0.9536184719039834 0
4015 0.1714324924679726 0.9597632107801429 0
4016 0.1726414344859715 0.9659079496563023 0
4017 0.1738503765039705 0.9720526885324615 0
4018 0.1750593185219695 0.9781974274086208 0
4019 0.1479300304920064 0.8060939941577334 0
4020 0.149193394317346 0.8121879883154668 0
4021 0.1504567581426857 0.8182819824732002 0
4022 0.1517201219680252 0.8243759766309335 0
4023 0.1529834857933649 0.8304699707886669 0
4024 0.1542468496187044 0.8365639649464003 0
4025 0.155510213444044 0.8426579591041335 0
4026 0.1567735772693837 0.848751953261867 0
4027 0.1580369410947233 0.8548459474196003 0
4028 0.1593003049200629 0.8609399415773338 0
4029 0.1605636687454025 0.8670339357350672 0
4030 0.1618270325707422 0.8731279298928003 0
4031 0.1630903963960817 0.8792219240505339 0
4032 0.1643537602214213 0.8853159182082673 0
4033 0.165617124046761 0.8914099123660006 0
4034 0.1668804878721006 0.8975039065237341 0
4035 0.1681438516974402 0.9035979006814673 0
4036 0.1694072155227799 0.9096918948392007 0
4037 0.1706705793481195 0.915785888996934 0
4038 0.171933943173459 0.9218798831546674 0
4039 0.1731973069987987 0.9279738773124008 0
4040 0.1744606708241382 0.9340678714701339 0
4041 0.1757240346494779 0.9401618656278676 0
4042 0.1769873984748175 0.9462558597856009 0
4043 0.1782507623001571 0.9523498539433343 0
4044 0.1795141261254967 0.9584438481010676 0
4045 0.1807774899508363 0.964537842258801 0
4046 0.182040853776176 0.9706318364165343 0
4047 0.1833042176015156 0.9767258305742678 0
4048 0.1546506809486854 0.8060409170030768 0
4049 0.1559680285640372 0.8120818340061536 0
4050 0.1572853761793894 0.8181227510092305 0
4051 0.1586027237947412 0.8241636680123074 0
4052 0.1599200714100931 0.8302045850153843 0
4053 0.161237419025445 0.8362455020184612 0
4054 0.162554766640797 0.8422864190215379 0
4055 0.1638721142561489 0.8483273360246149 0
4056 0.1651894618715009 0.8543682530276916 0
4057 0.1665068094868528 0.8604091700307686 0
4058 0.1678241571022048 0.8664500870338453 0
4059 0.1691415047175566 0.8724910040369223 0
4060 0.1704588523329087 0.8785319210399991 0
4061 0.1717761999482606 0.884572838043076 0
4062 0.1730935475636126 0.8906137550461528 0
4063 0.1744108951789644 0.8966546720492297 0
4064 0.1757282427943163 0.9026955890523065 0
4065 0.1770455904096682 0.9087365060553833 0
4066 0.1783629380250203 0.9147774230584601 0
4067 0.1796802856403722 0.9208183400615367 0
4068 0.1809976332557242 0.9268592570646138 0
4069 0.182314980871076 0.9329001740676905 0
4070 0.183632328486428 0.9389410910707673 0
4071 0.18494967610178 0.9449820080738442 0
4072 0.1862670237171319 0.9510229250769212 0
4073 0.1875843713324838 0.957063842079998 0
4074 0.1889017189478357 0.9631047590830747 0
4075 0.1902190665631877 0.9691456760861517 0
4076 0.1915364141785396 0.9751865930892286 0
4077 0.1613708737232034 0.8059855111910843 0
4078 0.1627417474464067 0.8119710223821683 0
4079 0.1641126211696099 0.8179565335732528 0
4080 0.1654834948928133 0.8239420447643369 0
4081 0.1668543686160164 0.8299275559554211 0
4082 0.1682252423392198 0.8359130671465052 0
4083 0.1695961160624231 0.8418985783375894 0
4084 0.1709669897856264 0.8478840895286737 0
4085 0.1723378635088297 0.8538696007197579 0
4086 0.173708737232033 0.8598551119108422 0
4087 0.1750796109552362 0.8658406231019262 0
4088 0.1764504846784395 0.8718261342930105 0
4089 0.1778213584016428 0.8778116454840947 0
4090 0.1791922321248461 0.8837971566751788 0
4091 0.1805631058480494 0.889782667866263 0
4092 0.1819339795712527 0.8957681790573473 0
4093 0.1833048532944559 0.9017536902484314 0
4094 0.1846757270176592 0.9077392014395156 0
4095 0.1860466007408625 0.9137247126306 0
4096 0.1874174744640658 0.919710223821684 0
4097 0.1887883481872691 0.9256957350127684 0
4098 0.1901592219104724 0.9316812462038522 0
4099 0.1915300956336756 0.9376667573949364 0
4100 0.1929009693568789 0.9436522685860207 0
4101 0.1942718430800822 0.949637779777105 0
4102 0.1956427168032855 0.9556232909681892 0
4103 0.1970135905264887 0.9616088021592736 0
4104 0.198384464249692 0.9675943133503576 0
4105 0.1997553379728954 0.9735798245414417 0
4106 0.1680905891833131 0.8059277806664416 0
4107 0.1695145116999595 0.8118555613328831 0
4108 0.170938434216606 0.8177833419993246 0
4109 0.1723623567332523 0.8237111226657661 0
4110 0.1737862792498987 0.8296389033322076 0
4111 0.1752102017665451 0.8355666839986491 0
4112 0.1766341242831915 0.8414944646650908 0
4113 0.1780580467998379 0.8474222453315323 0
4114 0.1794819693164843 0.8533500259979737 0
4115 0.1809058918331307 0.8592778066644153 0
4116 0.182329814349777 0.8652055873308568 0
4117 0.1837537368664235 0.8711333679972983 0
4118 0.1851776593830698 0.8770611486637399 0
4119 0.1866015818997163 0.8829889293301814 0
4120 0.1880255044163627 0.8889167099966229 0
4121 0.1894494269330091 0.8948444906630644 0
4122 0.1908733494496554 0.9007722713295059 0
4123 0.1922972719663019 0.9067000519959476 0
4124 0.1937211944829483 0.912627832662389 0
4125 0.1951451169995946 0.9185556133288305 0
4126 0.1965690395162411 0.9244833939952721 0
4127 0.1979929620328874 0.9304111746617135 0
4128 0.1994168845495338 0.9363389553281549 0
4129 0.2008408070661802 0.9422667359945965 0
4130 0.2022647295828267 0.9481945166610379 0
4131 0.203688652099473 0.9541222973274796 0
4132 0.2051125746161194 0.9600500779939211 0
4133 0.2065364971327658 0.9659778586603625 0
4134 0.2079604196494121 0.9719056393268041 0
4135 0.1748098077307503 0.8058677295393459 0
4136 0.1762862821281672 0.8117354590786914 0
4137 0.1777627565255841 0.8176031886180373 0
4138 0.1792392309230009 0.8234709181573829 0
4139 0.1807157053204179 0.8293386476967286 0
4140 0.1821921797178348 0.8352063772360745 0
4141 0.1836686541152516 0.8410741067754202 0
4142 0.1851451285126685 0.8469418363147661 0
4143 0.1866216029100854 0.8528095658541117 0
4144 0.1880980773075023 0.8586772953934576 0
4145 0.1895745517049192 0.8645450249328033 0
4146 0.1910510261023361 0.8704127544721491 0
4147 0.192527500499753 0.8762804840114946 0
4148 0.1940039748971699 0.8821482135508404 0
4149 0.1954804492945868 0.8880159430901863 0
4150 0.1969569236920037 0.8938836726295319 0
4151 0.1984333980894206 0.8997514021688778 0
4152 0.1999098724868374 0.9056191317082235 0
4153 0.2013863468842544 0.9114868612475689 0
4154 0.2028628212816712 0.9173545907869148 0
4155 0.2043392956790882 0.9232223203262607 0
4156 0.205815770076505 0.9290900498656063 0
4157 0.2072922444739219 0.9349577794049521 0
4158 0.2087687188713388 0.9408255089442978 0
4159 0.2102451932687557 0.9466932384836435 0
4160 0.2117216676661726 0.9525609680229891 0
4161 0.2131981420635894 0.9584286975623351 0
4162 0.2146746164610063 0.9642964271016805 0
4163 0.2161510908584232 0.9701641566410266 0
4164 0.1815285098026289 0.8058053620852119 0
4165 0.1830570196052577 0.8116107241704239 0
4166 0.1845855294078865 0.8174160862556359 0
4167 0.1861140392105153 0.823221448340848 0
4168 0.1876425490131441 0.8290268104260599 0
4169 0.189171058815773 0.8348321725112717 0
4170 0.1906995686184018 0.8406375345964838 0
4171 0.1922280784210307 0.8464428966816957 0
4172 0.1937565882236595 0.8522482587669078 0
4173 0.1952850980262884 0.8580536208521197 0
4174 0.1968136078289172 0.8638589829373318 0
4175 0.198342117631546 0.8696643450225437 0
4176 0.1998706274341749 0.8754697071077557 0
4177 0.2013991372368037 0.8812750691929676 0
4178 0.2029276470394325 0.8870804312781797 0
4179 0.2044561568420613 0.8928857933633916 0
4180 0.2059846666446902 0.8986911554486036 0
4181 0.207513176447319 0.9044965175338155 0
4182 0.2090416862499478 0.9103018796190275 0
4183 0.2105701960525767 0.9161072417042396 0
4184 0.2120987058552055 0.9219126037894513 0
4185 0.2136272156578343 0.9277179658746633 0
4186 0.2151557254604631 0.9335233279598754 0
4187 0.216684235263092 0.9393286900450872 0
4188 0.2182127450657208 0.9451340521302993 0
4189 0.2197412548683496 0.9509394142155113 0
4190 0.2212697646709784 0.9567447763007233 0
4191 0.2227982744736073 0.9625501383859351 0
4192 0.2243267842762361 0.968355500471147 0
4193 0.188246675872834 0.8057406827443694 0
4194 0.1898266850790013 0.8114813654887383 0
4195 0.1914066942851686 0.8172220482331074 0
4196 0.1929867034913358 0.8229627309774766 0
4197 0.1945667126975031 0.8287034137218456 0
4198 0.1961467219036703 0.8344440964662149 0
4199 0.1977267311098376 0.840184779210584 0
4200 0.1993067403160049 0.8459254619549531 0
4201 0.2008867495221722 0.8516661446993222 0
4202 0.2024667587283395 0.8574068274436915 0
4203 0.2040467679345067 0.8631475101880606 0
4204 0.205626777140674 0.8688881929324297 0
4205 0.2072067863468413 0.8746288756767988 0
4206 0.2087867955530085 0.8803695584211679 0
4207 0.2103668047591758 0.8861102411655372 0
4208 0.2119468139653431 0.8918509239099062 0
4209 0.2135268231715103 0.8975916066542753 0
4210 0.2151068323776777 0.9033322893986444 0
4211 0.216686841583845 0.9090729721430135 0
4212 0.2182668507900122 0.9148136548873826 0
4213 0.2198468599961795 0.9205543376317521 0
4214 0.2214268692023467 0.926295020376121 0
4215 0.223006878408514 0.9320357031204899 0
4216 0.2245868876146813 0.9377763858648592 0
4217 0.2261668968208485 0.9435170686092283 0
4218 0.2277469060270158 0.9492577513535972 0
4219 0.2293269152331831 0.9549984340979666 0
4220 0.2309069244393504 0.9607391168423356 0
4221 0.2324869336455176 0.9664797995867047 0
4222 0.194964286453412 0.8056736961217438 0
4223 0.1965952395734908 0.8113473922434875 0
4224 0.1982261926935695 0.8170210883652315 0
4225 0.1998571458136482 0.8226947844869752 0
4226 0.2014880989337269 0.828368480608719 0
4227 0.2031190520538056 0.8340421767304628 0
4228 0.2047500051738843 0.8397158728522067 0
4229 0.2063809582939631 0.8453895689739505 0
4230 0.2080119114140418 0.8510632650956942 0
4231 0.2096428645341205 0.8567369612174383 0
4232 0.2112738176541992 0.8624106573391819 0
4233 0.2129047707742779 0.8680843534609257 0
4234 0.2145357238943566 0.8737580495826696 0
4235 0.2161666770144354 0.8794317457044132 0
4236 0.2177976301345141 0.8851054418261572 0
4237 0.2194285832545928 0.8907791379479011 0
4238 0.2210595363746715 0.8964528340696447 0
4239 0.2226904894947502 0.9021265301913886 0
4240 0.2243214426148289 0.9078002263131324 0
4241 0.2259523957349076 0.9134739224348762 0
4242 0.2275833488549864 0.9191476185566199 0
4243 0.229214301975065 0.9248213146783639 0
4244 0.2308452550951438 0.9304950108001074 0
4245 0.2324762082152225 0.9361687069218514 0
4246 0.2341071613353012 0.9418424030435948 0
4247 0.2357381144553799 0.9475160991653391 0
4248 0.2373690675754586 0.9531897952870828 0
4249 0.2390000206955373 0.9588634914088267 0
4250 0.240630973815616 0.9645371875305703 0
4251 0.9831494166167944 0.01300369706206411 0
4252 0.9827976810368646 0.02600518271081242 0
4253 0.9822781703000747 0.0390022459168764 0
4254 0.9815909572422112 0.05199267641871635 0
4255 0.9807361438156712 0.06497426510636695 0
4256 0.9797138610717602 0.07794480440498686 0
4257 0.9785242691379397 0.09090208865813526 0
4258 0.9771675571900245 0.1038439145107285 0
4259 0.9756439434193396 0.1167680812915765 0
4260 0.9739536749948368 0.1296723913954753 0
4261 0.9720970280201804 0.1425546506647516 0
4262 0.9700743074858114 0.1554126687702155 0
4263 0.9678858472159928 0.1682442595914473 0
4264 0.9655320098108526 0.1810472415963535 0
4265 0.9630131865834284 0.1938194382199255 0
4266 0.9603297974917262 0.2065586782421376 0
4267 0.9574822910658087 0.219262796164915 0
4268 0.9544711443299196 0.2319296325881096 0
4269 0.9512968627196636 0.2445570345844169 0
4270 0.9479599799942511 0.2571428560731691 0
4271 0.9444610581438269 0.2696849581929386 0
4272 0.9408006872918977 0.2821812096728907 0
4273 0.9369794855928741 0.2946294872028115 0
4274 0.9329980991247444 0.3070276758017679 0
4275 0.9288572017769052 0.3193736691853014 0
4276 0.9245574951331579 0.3316653701311314 0
4277 0.9200997083498996 0.3439006908432721 0
4278 0.9154845980295263 0.3560775533145193 0
4279 0.9107129480890719 0.3681938896872343 0
4280 0.9057855696241028 0.3802476426123678 0
4281 0.9007033007678954 0.3922367656066584 0
4282 0.8954670065459186 0.4041592234079446 0
4283 0.8900775787256475 0.4160129923285283 0
4284 0.8845359356617343 0.4277960606065296 0
4285 0.8788430221365615 0.43950642875517 0
4286 0.8729998091962101 0.4511421099099252 0
4287 0.8670072939818638 0.4627011301734858 0
4288 0.8608664995566861 0.4741815289584684 0
4289 0.854578474728195 0.4855813593278094 0
4290 0.8481442938661663 0.4968986883328029 0
4291 0.8415650567161044 0.5081315973486904 0
4292 0.8348418882082994 0.5192781824077812 0
4293 0.8279759382625194 0.530336554530018 0
4294 0.8209683815883577 0.5413048400509439 0
4295 0.8138204174812811 0.5521811809470081 0
4296 0.8065332696144055 0.5629637351581597 0
4297 0.7991081858260418 0.5736506769076656 0
4298 0.7915464379030452 0.5842401970191042 0
4299 0.783849321360006 0.5947305032304764 0
4300 0.7760181552143212 0.6051198205053783 0
4301 0.7680542817571874 0.615406391341186 0
4302 0.7599590663205482 0.6255884760741934 0
4303 0.7517338970400471 0.6356643531816544 0
4304 0.7433801846140164 0.6456323195806752 0
4305 0.7348993620585512 0.6554906909239054 0
4306 0.7262928844587088 0.6652378018919731 0
4307 0.7175622287158739 0.6748720064826226 0
4308 0.7087088932913395 0.6843916782964929 0
4309 0.6997343979461417 0.6937952108194941 0
4310 0.6906402834771987 0.7030810177017321 0
4311 0.6814281114497953 0.7122475330329322 0
4312 0.6720994639264637 0.7212932116143126 0
4313 0.6626559431923031 0.7302165292268648 0
4314 0.6530991714767919 0.7390159828959881 0
4315 0.6434307906721326 0.747690091152438 0
4316 0.6336524620481869 0.7562373942895396 0
4317 0.6237658659640439 0.7646564546166246 0
4318 0.6137727015762749 0.772945856708641 0
4319 0.6036746865439244 0.7811042076519042 0
4320 0.5934735567302895 0.7891301372859333 0
4321 0.583171065901536 0.7970222984413403 0
4322 0.572768985422212 0.804779367173725 0
4323 0.5622691039476974 0.8124000429935434 0
4324 0.5516732271136595 0.819883049091895 0
4325 0.5409831772225555 0.8272271325622067 0
4326 0.5302007929272441 0.8344310646177616 0
4327 0.5193279289117555 0.8414936408050431 0
4328 0.5083664555692816 0.8484136812128517 0
4329 0.4973182586774355 0.8551900306771634 0
4330 0.4861852390708417 0.8618215589816902 0
4331 0.4749693123111116 0.8683071610541078 0
4332 0.4636724083542624 0.8746457571579205 0
4333 0.4522964712156365 0.8808362930799256 0
4334 0.4408434586323799 0.8868777403132464 0
4335 0.4293153417235383 0.8927690962359018 0
4336 0.4177141046478303 0.8985093842848844 0
4337 0.4060417442591555 0.9040976541257096 0
4338 0.3943002697598986 0.9095329818174158 0
4339 0.382491702352094 0.9148144699729771 0
4340 0.3706180748864968 0.9199412479151111 0
4341 0.3586814315096425 0.9249124718274446 0
4342 0.3466838273089386 0.9297273249010191 0
4343 0.3346273279558594 0.9343850174761043 0
4344 0.322514009347302 0.9388847871793006 0
4345 0.310345957245168 0.9432258990559026 0
4346 0.2981252669142314 0.9474076456975028 0
4347 0.285854042758357 0.9514293473648117 0
4348 0.2735343979551329 0.9552903521056756 0
4349 0.2611684540889778 0.9589900358682683 0
4350 0.9663856436300085 0.01283115578406185 0
4351 0.9659425885873174 0.02566017641043938 0
4352 0.965337543738003 0.03848492709215662 0
4353 0.9645705794062729 0.05130327378358823 0
4354 0.9636417940289241 0.06411308355097495 0
4355 0.9625513141382516 0.07691222494274597 0
4356 0.96129929434008 0.08969856835957901 0
4357 0.9598859172869203 0.1024699864241515 0
4358 0.9583113936462591 0.1152243543504876 0
4359 0.9565759620639802 0.1279595503128726 0
4360 0.9546798891229329 0.1406734558142428 0
4361 0.9526234692966453 0.1533639560540012 0
4362 0.9504070248981999 0.1660289402951906 0
4363 0.9480309060242715 0.178666302230962 0
4364 0.9454954904943447 0.191273940350273 0
4365 0.9428011837851149 0.2038497583027535 0
4366 0.9399484189600915 0.2163916652626765 0
4367 0.9369376565944054 0.2288975762919679 0
4368 0.9337693846948478 0.2413654127021955 0
4369 0.9304441186151389 0.2537931024154735 0
4370 0.9269624009664537 0.2661785803242167 0
4371 0.9233248015232114 0.2785197886496876 0
4372 0.9195319171241543 0.2908146772992662 0
4373 0.9155843715687189 0.3030612042223967 0
4374 0.9114828155087362 0.3152573357651186 0
4375 0.907227926335463 0.3274010470231613 0
4376 0.9028204080619722 0.3394903221935042 0
4377 0.8982609912009222 0.3515231549243634 0
4378 0.8935504326377246 0.3634975486635365 0
4379 0.8886895154991338 0.3754115170050448 0
4380 0.8836790490172783 0.387263084034015 0
4381 0.8785198683891629 0.3990502846697396 0
4382 0.8732128346316597 0.410771165006855 0
4383 0.8677588344320193 0.4224237826545804 0
4384 0.8621587799939214 0.4340062070739572 0
4385 0.8564136088790995 0.4455165199130312 0
4386 0.8505242838445584 0.4569528153399174 0
4387 0.8444917926754211 0.4683132003736936 0
4388 0.8383171480134297 0.4795957952130574 0
4389 0.8320013871811263 0.4907987335627063 0
4390 0.8255455720017559 0.5019201629573563 0
4391 0.81895078861491 0.512958245083375 0
4392 0.8122181472879499 0.5239111560979485 0
4393 0.8053487822232419 0.5347770869457389 0
4394 0.798343851361237 0.5455542436729734 0
4395 0.791204536179426 0.5562408477389129 0
4396 0.7839320414872128 0.5668351363246427 0
4397 0.7765275952167334 0.5773353626391351 0
4398 0.768992448209661 0.5877397962225289 0
4399 0.7613278740000344 0.598046723246572 0
4400 0.7535351685931463 0.6082544468121798 0
4401 0.7456156502405293 0.6183612872440489 0
4402 0.73757065921108 0.6283655823822871 0
4403 0.7294015575583609 0.6382656878709968 0
4404 0.7211097288841184 0.6480599774437708 0
4405 0.7126965780980636 0.6577468432060429 0
4406 0.7041635311739474 0.6673246959142565 0
4407 0.695512034901983 0.6767919652517863 0
4408 0.6867435566376541 0.6861471001015806 0
4409 0.6778595840469506 0.6953885688154657 0
4410 0.6688616248480783 0.7045148594800723 0
4411 0.6597512065496891 0.7135244801793365 0
4412 0.6505298761856722 0.7224159592535245 0
4413 0.6411992000465577 0.7311878455547473 0
4414 0.6317607634075764 0.7398387086989057 0
4415 0.6222161702534219 0.7483671393140384 0
4416 0.6125670429997666 0.7567717492850168 0
4417 0.6028150222115758 0.76505117199455 0
4418 0.5929617663182719 0.7732040625604593 0
4419 0.5830089513257968 0.7812290980691771 0
4420 0.572958270525621 0.789124977805432 0
4421 0.5628114342007563 0.7968904234780796 0
4422 0.5525701693288113 0.8045241794420419 0
4423 0.542236219282154 0.8120250129163125 0
4424 0.5318113435252261 0.8193917141979928 0
4425 0.5212973173090631 0.8266230968723217 0
4426 0.5106959313630743 0.8337179980186623 0
4427 0.500008991584134 0.8406752784124085 0
4428 0.4892383187230412 0.8474938227227786 0
4429 0.4783857480683988 0.8541725397064595 0
4430 0.4674531291279698 0.8607103623970697 0
4431 0.4564423253075637 0.8671062482904061 0
4432 0.4453552135875111 0.8733591795254456 0
4433 0.4341936841967806 0.8794681630610655 0
4434 0.4229596402847957 0.8854322308484571 0
4435 0.4116549975910086 0.891250439999199 0
4436 0.400281684112288 0.8969218729489612 0
4437 0.388841639768178 0.9024456376168155 0
4438 0.3773368160640908 0.907820867560116 0
4439 0.3657691757524797 0.9130467221249349 0
4440 0.3541406924920687 0.9181223865920157 0
4441 0.3424533505051821 0.9230470723182254 0
4442 0.3307091442332435 0.92782001687348 0
4443 0.3189100779904985 0.9324404841731176 0
4444 0.3070581656160243 0.9369077646056991 0
4445 0.2951554301240855 0.9412211751562094 0
4446 0.2832039033528965 0.9453800595246461 0
4447 0.2712056256118525 0.9493837882399626 0
4448 0.259162645327289 0.9532317587693624 0
4449 0.9496218706432225 0.01265861450605965 0
4450 0.9490874961377707 0.02531517011006656 0
4451 0.9483969171759314 0.03796760826743656 0
4452 0.9475502015703345 0.05061387114846017 0
4453 0.9465474442421768 0.06325190199558289 0
4454 0.9453887672047425 0.07587964548050502 0
4455 0.9440743195422197 0.0884950480610226 0
4456 0.9426042773838161 0.1010960583375747 0
4457 0.9409788438731781 0.1136806274093988 0
4458 0.9391982491331239 0.12624670923027 0
4459 0.9372627502256854 0.1387922609637341 0
4460 0.9351726311074795 0.1513152433377869 0
4461 0.9329282025804071 0.1638136209989337 0
4462 0.9305298022376902 0.1762853628655705 0
4463 0.927977794405261 0.1887284424806204 0
4464 0.9252725700785038 0.2011408383633695 0
4465 0.9224145468543739 0.2135205343604381 0
4466 0.9194041688588908 0.2258655199958261 0
4467 0.9162419066700318 0.2381737908199744 0
4468 0.9129282572360267 0.2504433487577781 0
4469 0.9094637437890802 0.2626722024554946 0
4470 0.9058489157545255 0.2748583676264844 0
4471 0.9020843486554344 0.286999867395721 0
4472 0.8981706440126932 0.2990947326430253 0
4473 0.894108429240567 0.3111410023449358 0
4474 0.8898983575377679 0.3231367239151913 0
4475 0.8855411077740446 0.3350799535437362 0
4476 0.8810373843723177 0.3469687565342076 0
4477 0.8763879171863773 0.3588012076398388 0
4478 0.8715934613741646 0.3705753913977217 0
4479 0.8666547972666614 0.3822894024613717 0
4480 0.861572730232407 0.3939413459315347 0
4481 0.8563480905376721 0.4055293376851816 0
4482 0.8509817332023043 0.417051504702631 0
4483 0.8454745378512815 0.4285059853927444 0
4484 0.8398274085619887 0.4398909299161372 0
4485 0.8340412737072527 0.4512045005063489 0
4486 0.828117085794156 0.4624448717889189 0
4487 0.8220558212986644 0.4736102310983053 0
4488 0.815858480496086 0.4846987787926097 0
4489 0.8095260872874077 0.4957087285660221 0
4490 0.8030596890215203 0.5066383077589687 0
4491 0.7964603563133801 0.5174857576658789 0
4492 0.7897291828581263 0.5282493338405339 0
4493 0.7828672852411929 0.5389273063989386 0
4494 0.7758758027444466 0.5495179603196659 0
4495 0.7687558971483839 0.5600195957416197 0
4496 0.7615087525304215 0.570430528259166 0
4497 0.7541355750593159 0.5807490892145815 0
4498 0.7466375927857474 0.590973625987766 0
4499 0.7390160554291055 0.6011025022831733 0
4500 0.7312722341605105 0.6111340984139043 0
4501 0.7234074213821129 0.6210668115829197 0
4502 0.7154229305027051 0.6308990561613183 0
4503 0.7073200957096855 0.6406292639636362 0
4504 0.6991002717374184 0.6502558845201128 0
4505 0.6907648336320205 0.65977738534589 0
4506 0.6823151765126264 0.6691922522070798 0
4507 0.6737527153291665 0.6784989893836669 0
4508 0.6650788846167024 0.687696119929199 0
4509 0.6562951382463613 0.6967821859272126 0
4510 0.6474029491729145 0.70575574874436 0
4511 0.6384038091790409 0.7146153892801845 0
4512 0.6292992286163235 0.7233597082135061 0
4513 0.6200907361430201 0.7319873262453732 0
4514 0.6107798784586568 0.740496884338537 0
4515 0.6013682200354892 0.748887043953409 0
4516 0.5918573428468766 0.7571564872804589 0
4517 0.5822488460926194 0.7653039174690143 0
4518 0.572544345921304 0.7733280588524207 0
4519 0.5627454751497059 0.7812276571695237 0
4520 0.5528538829793007 0.7890014797824338 0
4521 0.5428712347099252 0.7966483158905404 0
4522 0.5327992114506486 0.80416697674073 0
4523 0.5226395098278966 0.8115562958337788 0
4524 0.5123938416908823 0.8188151291268815 0
4525 0.5020639338143931 0.8259423552322814 0
4526 0.4916515275989864 0.8329368756119653 0
4527 0.4811583787686469 0.8397976147683937 0
4528 0.470586257065956 0.8465235204312288 0
4529 0.459936945944828 0.8531135637400314 0
4530 0.449212242260865 0.8595667394228916 0
4531 0.4384139559593857 0.8658820659709652 0
4532 0.4275439097611813 0.8720585858088845 0
4533 0.416603938846053 0.8780953654610122 0
4534 0.4055958905341868 0.8839914957135131 0
4535 0.3945216239654206 0.8897460917722124 0
4536 0.3833830097764574 0.8953582934162148 0
4537 0.3721819297760874 0.9008272651472546 0
4538 0.3609202766184625 0.9061521963347587 0
4539 0.3495999534744947 0.9113323013565866 0
4540 0.3382228737014256 0.9163668197354317 0
4541 0.3267909605106277 0.9212550162708557 0
4542 0.3153061466336949 0.9259961811669351 0
4543 0.3037703739868806 0.9305896301554957 0
4544 0.2921855933339396 0.9350347046149163 0
4545 0.2805537639474358 0.9393307716844799 0
4546 0.268876853268572 0.94347722437425 0
4547 0.2571568365656001 0.9474734816704565 0
4548 0.9328580976564365 0.01248607322805745 0
4549 0.9322324036882232 0.0249701638096938 0
4550 0.9314562906138599 0.03745028944271689 0
4551 0.9305298237343962 0.04992446851333188 0
4552 0.9294530944554293 0.06239072044019106 0
4553 0.9282262202712335 0.07484706601826419 0
4554 0.92684934474436 0.08729152776246618 0
4555 0.9253226374807118 0.09972213025099791 0
4556 0.9236462941000976 0.11213690046831 0
4557 0.9218205362022676 0.1245338681476675 0
4558 0.9198456113284377 0.1369110661132255 0
4559 0.9177217929183135 0.1492665306215725 0
4560 0.9154493802626142 0.1615983017026769 0
4561 0.9130286984511093 0.1739044235001789 0
4562 0.9104600983161772 0.1861829446109678 0
4563 0.9077439563718925 0.1984319184239854 0
4564 0.9048806747486564 0.2106494034581996 0
4565 0.9018706811233764 0.2228334636996844 0
4566 0.8987144286452159 0.2349821689377531 0
4567 0.8954123958569148 0.2470935951000826 0
4568 0.891965086611707 0.2591658245867726 0
4569 0.8883730299858394 0.2711969466032813 0
4570 0.8846367801867148 0.2831850574921757 0
4571 0.8807569164566676 0.295128261063654 0
4572 0.876734042972398 0.3070246689247531 0
4573 0.8725687887400729 0.3188724008072212 0
4574 0.868261807486117 0.3306695848939681 0
4575 0.8638137775437136 0.3424143581440517 0
4576 0.85922540173503 0.354104866616141 0
4577 0.8544974072491957 0.3657392657903987 0
4578 0.8496305455160442 0.3773157208887282 0
4579 0.8446255920756511 0.3888324071933296 0
4580 0.8394833464436842 0.4002875103635081 0
4581 0.8342046319725895 0.4116792267506817 0
4582 0.8287902957086416 0.4230057637115318 0
4583 0.8232412082448781 0.4342653399192432 0
4584 0.8175582635699472 0.4454561856727803 0
4585 0.811742378912891 0.4565765432041441 0
4586 0.8057944945838993 0.4676246669835532 0
4587 0.7997155738110457 0.478598824022513 0
4588 0.7935066025730593 0.4894972941746879 0
4589 0.7871685894281306 0.5003183704345624 0
4590 0.7807025653388107 0.5110603592338093 0
4591 0.7741095834930105 0.5217215807353289 0
4592 0.7673907191211488 0.5323003691249037 0
4593 0.7605470693094672 0.5427950729004191 0
4594 0.7535797528095549 0.5532040551585967 0
4595 0.7464899098441096 0.5635256938791969 0
4596 0.7392787019089709 0.573758382206634 0
4597 0.7319473115714605 0.5839005287289598 0
4598 0.7244969422650644 0.5939505577541668 0
4599 0.7169288180804917 0.6039069095837597 0
4600 0.7092441835531458 0.6137680407835522 0
4601 0.7014443034470494 0.6235324244516398 0
4602 0.6935304625352527 0.6331985504835014 0
4603 0.6855039653767736 0.6427649258341828 0
4604 0.677366136090094 0.6522300747775238 0
4605 0.6691183181232699 0.661592539162373 0
4606 0.6607618740206789 0.6708508786657533 0
4607 0.6522981851864542 0.6800036710429324 0
4608 0.6437286516446442 0.689049512374353 0
4609 0.6350546917961399 0.6979870173093837 0
4610 0.6262777421724098 0.7068148193068443 0
4611 0.6173992571860893 0.7155315708722652 0
4612 0.6084207088784639 0.7241359437918409 0
4613 0.5993435866638919 0.7326266293630357 0
4614 0.5901693970712119 0.7410023386218012 0
4615 0.5808996634821777 0.7492618025663679 0
4616 0.5715359258669668 0.7574037723775693 0
4617 0.5620797405168114 0.7654270196356643 0
4618 0.5525326797737909 0.7733303365336155 0
4619 0.5428963317578452 0.7811125360867881 0
4620 0.5331723000910391 0.7887724523390389 0
4621 0.5233622036191431 0.7963089405651474 0
4622 0.5134676761305671 0.8037208774695646 0
4623 0.5034903660727016 0.8110071613814415 0
4624 0.4934319362657119 0.8181667124459007 0
4625 0.4832940636138388 0.8251984728115221 0
4626 0.4730784388142526 0.8321014068140087 0
4627 0.4627867660635133 0.8388745011559982 0
4628 0.4524207627616863 0.8455167650829932 0
4629 0.4419821592141664 0.8520272305553771 0
4630 0.4314726983312603 0.8584049524164852 0
4631 0.420894135325582 0.8646490085567036 0
4632 0.4102482374073103 0.8707585000735673 0
4633 0.3995367834773652 0.8767325514278276 0
4634 0.3887615638185532 0.8825703105954639 0
4635 0.3779243797847368 0.8882709492156142 0
4636 0.3670270434880842 0.8938336627343934 0
4637 0.3560713774844455 0.8992576705445825 0
4638 0.3450592144569209 0.9045422161211574 0
4639 0.3339923968976691 0.9096865671526378 0
4640 0.3228727767880119 0.9146900156682315 0
4641 0.3117022152768915 0.9195518781607521 0
4642 0.3004825823577368 0.924271495705292 0
4643 0.2892157565437936 0.9288482340736232 0
4644 0.2779036245419753 0.9332814838443141 0
4645 0.2665480809252916 0.9375706605085369 0
4646 0.2551510278039112 0.9417152045715507 0
4647 0.9160943246696502 0.01231353195005525 0
4648 0.9153773112386763 0.02462515750932082 0
4649 0.9145156640517882 0.03693297061799694 0
4650 0.9135094458984578 0.04923506587820381 0
4651 0.9123587446686823 0.06152953888479912 0
4652 0.9110636733377246 0.07381448655602318 0
4653 0.9096243699465 0.08608800746390965 0
4654 0.9080409975776074 0.09834820216442119 0
4655 0.9063137443270168 0.1105931735272211 0
4656 0.9044428232714111 0.1228210270650648 0
4657 0.9024284724311902 0.1350298712627169 0
4658 0.9002709547291478 0.1472178179053582 0
4659 0.8979705579448214 0.1593829824064202 0
4660 0.8955275946645281 0.1715234841347875 0
4661 0.8929424022270935 0.1836374467413152 0
4662 0.8902153426652812 0.1957229984846014 0
4663 0.8873468026429387 0.2077782725559612 0
4664 0.884337193387862 0.2198014074035427 0
4665 0.8811869506203996 0.2317905470555316 0
4666 0.8778965344778027 0.2437438414423871 0
4667 0.8744664294343335 0.2556594467180505 0
4668 0.8708971442171531 0.2675355255800781 0
4669 0.8671892117179949 0.2793702475886305 0
4670 0.8633431889006418 0.2911617894842826 0
4671 0.8593596567042288 0.3029083355045702 0
4672 0.8552392199423778 0.3146080776992511 0
4673 0.8509825071981896 0.3262592162442002 0
4674 0.8465901707151091 0.3378599597538958 0
4675 0.8420628862836828 0.3494085255924432 0
4676 0.8374013531242266 0.3609031401830756 0
4677 0.8326062937654272 0.3723420393160848 0
4678 0.8276784539188955 0.3837234684551246 0
4679 0.8226186023496964 0.3950456830418347 0
4680 0.8174275307428744 0.4063069487987324 0
4681 0.8121060535660014 0.417505542030319 0
4682 0.8066550079277673 0.4286397499223493 0
4683 0.8010752534326413 0.4397078708392119 0
4684 0.7953676720316261 0.4507082146193693 0
4685 0.7895331678691339 0.4616391028688012 0
4686 0.7835726671260056 0.4724988692524164 0
4687 0.7774871178587107 0.4832858597833537 0
4688 0.771277489834741 0.4939984331101562 0
4689 0.7649447743642408 0.5046349608017398 0
4690 0.7584899841278947 0.515193827630124 0
4691 0.7519141530011044 0.525673431850869 0
4692 0.7452183358744876 0.5360721854811722 0
4693 0.7384036084707259 0.5463885145755738 0
4694 0.7314710671577977 0.5566208594992277 0
4695 0.7244218287586258 0.5667676751986864 0
4696 0.7172570303571735 0.5768274314701537 0
4697 0.7099778291010237 0.5867986132251604 0
4698 0.7025854020004727 0.596679720753615 0
4699 0.6950809457241786 0.6064692699841848 0
4700 0.6874656763913936 0.6161657927419614 0
4701 0.67974082936082 0.6257678370033668 0
4702 0.6719076590161284 0.6352739671482526 0
4703 0.6639674385481673 0.6446827642091574 0
4704 0.6559214597339135 0.6539928261176663 0
4705 0.6477710327121913 0.6632027679478398 0
4706 0.6395174857562059 0.6723112221566657 0
4707 0.6311621650429271 0.6813168388214932 0
4708 0.6227064344193654 0.6902182858744075 0
4709 0.6141516751657786 0.6990142493335041 0
4710 0.6054992857558551 0.7077034335310242 0
4711 0.5967506816139075 0.7162845613383086 0
4712 0.5879072948691269 0.7247563743875343 0
4713 0.5789705741069344 0.7331176332901935 0
4714 0.5699419841174785 0.7413671178522766 0
4715 0.5608230056413143 0.7495036272861244 0
4716 0.5516151351123186 0.7575259804189081 0
4717 0.5423198843978759 0.7654330158977071 0
4718 0.5329387805363897 0.7732235923911424 0
4719 0.523473365472153 0.7808965887875374 0
4720 0.5139251957876375 0.7884509043895648 0
4721 0.5042958424332377 0.7958854591053507 0
4722 0.4945868904545208 0.8031991936360015 0
4723 0.4847999387170307 0.81039106965952 0
4724 0.4749365996286912 0.817460070011079 0
4725 0.4649984988598583 0.8244051988596237 0
4726 0.4549872750610705 0.8312254818807674 0
4727 0.4449045795785445 0.8379199664259551 0
4728 0.4347520761674677 0.8444877216878626 0
4729 0.424531440703135 0.850927838862005 0
4730 0.4142443608899827 0.8572394313045226 0
4731 0.4038925359685676 0.8634216346861223 0
4732 0.3934776764205434 0.8694736071421417 0
4733 0.3830015036716857 0.8753945294187153 0
4734 0.3724657497930162 0.8811836050150137 0
4735 0.361872157200081 0.8868400603215321 0
4736 0.3512224783504284 0.8923631447544063 0
4737 0.340518475439347 0.8977521308857283 0
4738 0.3297619200939126 0.9030063145698441 0
4739 0.318954593065396 0.9081250150656071 0
4740 0.308098283920088 0.9131075751545693 0
4741 0.2971947907285932 0.9179533612550884 0
4742 0.2862459197536477 0.9226617635323301 0
4743 0.2752534851365148 0.927232196004148 0
4744 0.2642193085820111 0.9316640966428238 0
4745 0.2531452190422223 0.9359569274726449 0
4746 0.8993305516828646 0.01214099067205315 0
4747 0.8985222187891295 0.02428015120894816 0
4748 0.8975750374897169 0.03641565179327699 0
4749 0.8964890680625197 0.04854566324307574 0
4750 0.895264394881935 0.06066835732940717 0
4751 0.8939011264042157 0.07278190709378229 0
4752 0.89239939514864 0.0848844871653533 0
4753 0.8907593576745032 0.09697427407784415 0
4754 0.8889811945539363 0.1090494465861323 0
4755 0.8870651103405547 0.1211081859824623 0
4756 0.8850113335339425 0.1331486764122082 0
4757 0.8828201165399818 0.1451691051891437 0
4758 0.8804917356270288 0.1571676631101634 0
4759 0.8780264908779472 0.1691425447693959 0
4760 0.8754247061380098 0.1810919488716626 0
4761 0.8726867289586703 0.1930140785452173 0
4762 0.8698129305372212 0.2049071416537227 0
4763 0.8668037056523477 0.216769351107401 0
4764 0.8636594725955837 0.2285989251733105 0
4765 0.8603806730986905 0.2403940877846916 0
4766 0.8569677722569604 0.2521530688493285 0
4767 0.8534212584484672 0.263874104556875 0
4768 0.849741643249275 0.2755554376850853 0
4769 0.8459294613446163 0.2871953179049114 0
4770 0.8419852704360596 0.2987920020843874 0
4771 0.8379096511446826 0.3103437545912811 0
4772 0.8337032069102619 0.3218488475944321 0
4773 0.8293665638865046 0.3333055613637401 0
4774 0.8249003708323355 0.3447121845687456 0
4775 0.8203052989992576 0.3560670145757526 0
4776 0.8155820420148101 0.3673683577434414 0
4777 0.8107313157621397 0.3786145297169197 0
4778 0.8057538582557083 0.3898038557201614 0
4779 0.8006504295131596 0.4009346708467831 0
4780 0.7954218114233613 0.4120053203491063 0
4781 0.7900688076106568 0.4230141599254553 0
4782 0.7845922432953358 0.4339595560056435 0
4783 0.7789929651503611 0.4448398860345946 0
4784 0.7732718411543684 0.4556535387540491 0
4785 0.7674297604409654 0.4663989144823196 0
4786 0.7614676331443626 0.4770744253920196 0
4787 0.7553863902413513 0.4876784957857499 0
4788 0.7491869833896714 0.4982095623696701 0
4789 0.7428703847627791 0.508666074524919 0
4790 0.7364375868810602 0.5190464945768343 0
4791 0.7298896024395083 0.5293492980619253 0
4792 0.7232274641318968 0.5395729739925509 0
4793 0.7164522244714857 0.5497160251192587 0
4794 0.7095649556082808 0.559776968190739 0
4795 0.7025667491428867 0.5697543342113476 0
4796 0.6954587159369827 0.579646668696154 0
4797 0.6882419859204538 0.5894525319234705 0
4798 0.6809177078952116 0.5991704991848175 0
4799 0.6734870493357379 0.6087991610322829 0
4800 0.6659511961863873 0.618337123523232 0
4801 0.6583113526554832 0.6277830084623226 0
4802 0.6505687410062406 0.6371354536407913 0
4803 0.6427246013445569 0.6463931130729598 0
4804 0.6347801914037037 0.6555546572299262 0
4805 0.6267367863259576 0.6646187732703991 0
4806 0.6185956784412101 0.6735841652686334 0
4807 0.6103581770425908 0.6824495544394311 0
4808 0.6020256081591476 0.691213679360164 0
4809 0.5935993143256211 0.6998752961897833 0
4810 0.5850806543493512 0.7084331788847764 0
4811 0.5764710030743617 0.716886119412033 0
4812 0.5677717511426572 0.7252329279585858 0
4813 0.5589843047527794 0.7334724331381857 0
4814 0.5501100854156618 0.7416034821946794 0
4815 0.5411505297078258 0.7496249412021517 0
4816 0.5321070890219609 0.7575356952617988 0
4817 0.5229812293149341 0.7653346486954966 0
4818 0.5137744308532669 0.773020725236036 0
4819 0.504488187956132 0.7805928682139822 0
4820 0.4951240087359081 0.7880500407411367 0
4821 0.4856834148363399 0.7953912258905613 0
4822 0.4761679411683495 0.8026154268731391 0
4823 0.4665791356435435 0.809721667210636 0
4824 0.456918558905464 0.8167089909052387 0
4825 0.4471877840586276 0.8235764626055367 0
4826 0.4373883963954027 0.8303231677689169 0
4827 0.4275219931207689 0.8369482128203481 0
4828 0.4175901830750096 0.8434507253075247 0
4829 0.4075945864543835 0.8498298540523419 0
4830 0.3975368345298249 0.8560847692986775 0
4831 0.3874185693637217 0.8622146628564562 0
4832 0.3772414435248184 0.8682187482419668 0
4833 0.3670071198012955 0.8740962608144132 0
4834 0.3567172709120778 0.8798464579086709 0
4835 0.3463735792164112 0.88546861896423 0
4836 0.3359777364217731 0.8909620456502991 0
4837 0.325531443290156 0.8963260619870504 0
4838 0.3150364093427802 0.9015600144629827 0
4839 0.3044943525632844 0.9066632721483866 0
4840 0.2939069990994494 0.9116352268048851 0
4841 0.2832760829635018 0.9164752929910368 0
4842 0.2726033457310542 0.9211829081639821 0
4843 0.2618905362387307 0.9257575327771109 0
4844 0.2511394102805334 0.9301986503737392 0
4845 0.8825667786960785 0.01196844939405084 0
4846 0.8816671263395822 0.02393514490857529 0
4847 0.8806344109276452 0.03589833296855727 0
4848 0.8794686902265814 0.04785626060794751 0
4849 0.8781700450951877 0.05980717577401518 0
4850 0.8767385794707067 0.0717493276315414 0
4851 0.8751744203507799 0.08368096686679694 0
4852 0.8734777177713988 0.09560034599126743 0
4853 0.8716486447808557 0.1075057196450435 0
4854 0.8696873974096984 0.1193953448998596 0
4855 0.8675941946366948 0.1312674815616994 0
4856 0.8653692783508159 0.1431203924729295 0
4857 0.8630129133092357 0.1549523438139064 0
4858 0.8605253870913659 0.1667616054040044 0
4859 0.8579070100489261 0.1785464510020099 0
4860 0.8551581152520588 0.1903051586058332 0
4861 0.8522790584315036 0.2020360107514841 0
4862 0.8492702179168331 0.2137372948112592 0
4863 0.8461319945707678 0.2254073032910891 0
4864 0.8428648117195785 0.237044334126996 0
4865 0.839469115079587 0.2486466909806065 0
4866 0.835945372679781 0.2602126835336719 0
4867 0.8322940747805554 0.2717406277815402 0
4868 0.8285157337885904 0.2832288463255401 0
4869 0.8246108841678904 0.2946756686642046 0
4870 0.8205800823469875 0.306079431483311 0
4871 0.8164239066223344 0.3174384789446641 0
4872 0.8121429570579003 0.3287511629735842 0
4873 0.8077378553809882 0.3400158435450478 0
4874 0.8032092448742885 0.3512308889684296 0
4875 0.7985577902641929 0.362394676170798 0
4876 0.7937841776053838 0.3735055909787146 0
4877 0.7888891141617207 0.3845620283984879 0
4878 0.7838733282834445 0.3955623928948337 0
4879 0.7787375692807212 0.4065050986678934 0
4880 0.773482607293546 0.4173885699285613 0
4881 0.7681092331580301 0.4282112411720749 0
4882 0.7626182582690961 0.4389715574498197 0
4883 0.7570105144396031 0.449667974639297 0
4884 0.7512868537559252 0.460298959712223 0
4885 0.7454481484300138 0.4708629910006854 0
4886 0.7394952906479616 0.4813585584613437 0
4887 0.7334291924151017 0.4917841639376005 0
4888 0.7272507853976633 0.502138321419714 0
4889 0.7209610207610162 0.5124195573027995 0
4890 0.7145608690045285 0.5226264106426783 0
4891 0.7080513197930678 0.5327574334095277 0
4892 0.7014333817851739 0.5428111907392895 0
4893 0.6947080824579359 0.5527862611827915 0
4894 0.6878764679285998 0.5626812369525414 0
4895 0.6809396027729417 0.5724947241671475 0
4896 0.6738985698404349 0.5822253430933257 0
4897 0.6667544700662444 0.59187172838545 0
4898 0.6595084222800822 0.6014325293226044 0
4899 0.6521615630119545 0.6109064100430974 0
4900 0.644715046294838 0.6202920497763924 0
4901 0.6371700434643139 0.6295881430724249 0
4902 0.6295277429552004 0.638793400028253 0
4903 0.6217893500952159 0.6479065465120126 0
4904 0.6139560868957095 0.6569263243841325 0
4905 0.6060291918394931 0.6658514917157738 0
4906 0.5980099196658162 0.6746808230044549 0
4907 0.5898995411525164 0.6834131093868239 0
4908 0.5816993428953867 0.6920471588485424 0
4909 0.573410627084795 0.7005817964312439 0
4910 0.5650347112795967 0.7090158644365315 0
4911 0.5565729281783798 0.7173482226269781 0
4912 0.5480266253880801 0.7255777484240946 0
4913 0.5393971651900091 0.7337033371032344 0
4914 0.5306859243033332 0.7417239019853954 0
4915 0.5218942936460458 0.7496383746258904 0
4916 0.5130236780934785 0.7574457049998511 0
4917 0.5040754962343807 0.7651448616845344 0
4918 0.4950511801246266 0.7727348320383997 0
4919 0.4859521750385786 0.7802146223769225 0
4920 0.4767799392181591 0.7875832581451213 0
4921 0.4675359436196682 0.7948397840867583 0
4922 0.4582216716583959 0.8019832644101926 0
4923 0.4488386189510696 0.8090127829508538 0
4924 0.4393882930561848 0.8159274433303061 0
4925 0.429872213212261 0.8227263691118786 0
4926 0.4202919100740702 0.8294087039528336 0
4927 0.4106489254468841 0.8359736117530445 0
4928 0.4009448120187841 0.842420276800161 0
4929 0.3911811330910822 0.8487479039112326 0
4930 0.3813594623068999 0.8549557185707706 0
4931 0.3714813833779509 0.861042967065218 0
4932 0.3615484898095749 0.8670089166138127 0
4933 0.3515623846240745 0.8728528554958095 0
4934 0.3415246800823941 0.8785740931740538 0
4935 0.3314369974041993 0.8841719604148699 0
4936 0.3213009664863996 0.8896458094042565 0
4937 0.3111182256201643 0.8949950138603585 0
4938 0.3008904212064809 0.9002189691422038 0
4939 0.2906192074703057 0.9053170923546815 0
4940 0.2803062461733559 0.9102888224497436 0
4941 0.2699532063255935 0.9151336203238164 0
4942 0.2595617638954503 0.9198509689113979 0
4943 0.2491336015188445 0.9244403732748334 0
4944 0.8658030057092925 0.01179590811604875 0
4945 0.8648120338900352 0.02359013860820242 0
4946 0.8636937843655739 0.03538101414383732 0
4947 0.8624483123906432 0.04716685797281944 0
4948 0.8610756953084404 0.05894599421862318 0
4949 0.8595760325371975 0.07071674816930051 0
4950 0.85794944555292 0.08247744656824052 0
4951 0.8561960778682947 0.0942264179046905 0
4952 0.8543160950077748 0.1059619927039546 0
4953 0.8523096844788418 0.1176825038172571 0
4954 0.8501770557394474 0.1293862867111908 0
4955 0.84791844016165 0.1410716797567151 0
4956 0.8455340909914428 0.1527370245176496 0
4957 0.8430242833047847 0.164380666038613 0
4958 0.8403893139598424 0.1760009531323573 0
4959 0.8376295015454476 0.1875962386664493 0
4960 0.834745186325786 0.1991648798492457 0
4961 0.8317367301813186 0.2107052385151176 0
4962 0.8286045165459519 0.222215681408868 0
4963 0.8253489503404663 0.2336945804693006 0
4964 0.8219704579022138 0.2451403131118845 0
4965 0.8184694869110949 0.2565512625104687 0
4966 0.8148465063118355 0.2679258178779949 0
4967 0.8111020062325651 0.2792623747461687 0
4968 0.8072364978997214 0.2905593352440218 0
4969 0.8032505135492924 0.301815108375341 0
4970 0.7991446063344068 0.3130281102948961 0
4971 0.7949193502292962 0.3241967645834284 0
4972 0.7905753399296408 0.3353195025213501 0
4973 0.7861131907493195 0.3463947633611065 0
4974 0.7815335385135758 0.3574209945981546 0
4975 0.776837039448628 0.3683966522405097 0
4976 0.7720243700677327 0.3793202010768146 0
4977 0.7670962270537296 0.3901901149428846 0
4978 0.7620533271380814 0.4010048769866806 0
4979 0.7568964069764353 0.4117629799316673 0
4980 0.7516262230207245 0.4224629263385065 0
4981 0.7462435513878309 0.433103228865045 0
4982 0.7407491877248378 0.443682410524545 0
4983 0.735143947070885 0.4541990049421263 0
4984 0.7294286637156655 0.4646515566093513 0
4985 0.7236041910545723 0.4750386211369374 0
4986 0.7176714014405321 0.4853587655055309 0
4987 0.7116311860325475 0.4956105683145091 0
4988 0.7054844546409722 0.5057926200287647 0
4989 0.6992321355695492 0.5159035232234316 0
4990 0.6928751754542388 0.5259418928265049 0
4991 0.6864145390988621 0.5359063563593204 0
4992 0.6798512093075908 0.5457955541748442 0
4993 0.6731861867143127 0.5556081396937352 0
4994 0.6664204896089008 0.5653427796381412 0
4995 0.6595551537604161 0.5749981542631812 0
4996 0.6525912322372773 0.5845729575860827 0
4997 0.6455297952244266 0.5940658976129259 0
4998 0.6383719298375217 0.6034756965629626 0
4999 0.631118739934193 0.6128010910904623 0
5000 0.6237713459223873 0.6220408325040586 0
5001 0.616330884565844 0.6311936869835464 0
5002 0.6087985087867283 0.640258435794099 0
5003 0.6011753874654613 0.6492338754978658 0
5004 0.593462705237776 0.6581188181629141 0
5005 0.5856616622890415 0.6669120915694786 0
5006 0.5777734741458853 0.6756125394134836 0
5007 0.5697993714651526 0.6842190215073014 0
5008 0.5617405998202387 0.6927304139777116 0
5009 0.5535984194848316 0.7011456094610302 0
5010 0.5453741052141025 0.7094635172953704 0
5011 0.5370689460233811 0.7176830637100037 0
5012 0.5286842449643565 0.7258031920117894 0
5013 0.5202213188988404 0.7338228627686392 0
5014 0.5116814982701309 0.7417410539899822 0
5015 0.5030661268720229 0.7495567613042052 0
5016 0.4943765616154946 0.7572689981330329 0
5017 0.485614172293121 0.7648767958628171 0
5018 0.4767803413412491 0.7723792040127087 0
5019 0.4678764635999783 0.7797752903996814 0
5020 0.4589039460709871 0.7870641413003775 0
5021 0.4498642076732483 0.7942448616097495 0
5022 0.4407586789966753 0.801316574996469 0
5023 0.431588802053742 0.8082784240550753 0
5024 0.4223560300291192 0.8151295704548405 0
5025 0.4130618270273715 0.8218691950853192 0
5026 0.4037076678187588 0.8284964981985644 0
5027 0.3942950375831848 0.83501069954798 0
5028 0.3848254316523395 0.8414110385237878 0
5029 0.3753003552500782 0.8476967742850848 0
5030 0.3657213232310835 0.8538671858884695 0
5031 0.3560898598178542 0.8599215724132123 0
5032 0.3464074983360713 0.8658592530829483 0
5033 0.336675780948377 0.8716795673838775 0
5034 0.3268962583866254 0.877381875179441 0
5035 0.3170704896826431 0.8829655568214629 0
5036 0.3072000418975485 0.8884300132577343 0
5037 0.2972864898496774 0.8937746661360212 0
5038 0.287331415841162 0.8989989579044781 0
5039 0.27733640938321 0.9041023519084506 0
5040 0.2673030669201329 0.9090843324836504 0
5041 0.2572329915521698 0.9139444050456851 0
5042 0.2471277927571556 0.9186820961759278 0
5043 0.8490392327225063 0.01162336683804654 0
5044 0.8479569414404879 0.02324513230782965 0
5045 0.8467531578035022 0.03486369531911737 0
5046 0.8454279345547047 0.04647745533769121 0
5047 0.8439813455216931 0.05808481266323129 0
5048 0.8424134856036887 0.06968416870705957 0
5049 0.8407244707550598 0.08127392626968416 0
5050 0.8389144379651903 0.09285248981811361 0
5051 0.8369835452346943 0.1044182657628658 0
5052 0.8349319715479854 0.1159696627346545 0
5053 0.8327599168421997 0.1275050918606822 0
5054 0.8304676019724841 0.1390229670405008 0
5055 0.8280552686736501 0.1505217052213929 0
5056 0.8255231795182038 0.1619997266732215 0
5057 0.8228716178707587 0.1734554552627047 0
5058 0.8201008878388363 0.1848873187270651 0
5059 0.8172113142200685 0.1962937489470074 0
5060 0.8142032424458041 0.2076731822189759 0
5061 0.8110770385211357 0.2190240595266466 0
5062 0.8078330889613543 0.2303448268116052 0
5063 0.8044718007248405 0.2416339352431624 0
5064 0.8009936011424088 0.2528898414872656 0
5065 0.7973989378431159 0.2641110079744496 0
5066 0.7936882786765393 0.2752959031667974 0
5067 0.7898621116315523 0.286443001823839 0
5068 0.7859209447515974 0.297550785267371 0
5069 0.7818653060464793 0.3086177416451281 0
5070 0.7776957434006916 0.3196423661932726 0
5071 0.7734128244782936 0.3306231614976524 0
5072 0.7690171366243503 0.3415586377537835 0
5073 0.7645092867629588 0.3524473130255112 0
5074 0.7598899012918722 0.3632877135023047 0
5075 0.755159625973745 0.3740783737551411 0
5076 0.7503191258240145 0.3848178369909353 0
5077 0.7453690849954413 0.3955046553054679 0
5078 0.7403102066593246 0.4061373899347734 0
5079 0.7351432128834188 0.4167146115049379 0
5080 0.729868844506566 0.4272349002802702 0
5081 0.7244878610100725 0.437696846409793 0
5082 0.7190010403858449 0.4480990501720297 0
5083 0.7134091790013171 0.4584401222180171 0
5084 0.7077130914611824 0.4687186838125312 0
5085 0.7019136104659626 0.4789333670734613 0
5086 0.6960115866674317 0.4890828152093041 0
5087 0.690007888520928 0.4991656827547299 0
5088 0.6839034021345697 0.5091806358041846 0
5089 0.6776990311154099 0.5191263522434819 0
5090 0.67139569641255 0.5290015219793514 0
5091 0.6649943361572457 0.5388048471668966 0
5092 0.6584959055000259 0.548535042434929 0
5093 0.6519013764448599 0.5581908351091347 0
5094 0.6452117376803972 0.5677709654330365 0
5095 0.6384279944083102 0.5772741867867153 0
5096 0.6315511681687708 0.5866992659032475 0
5097 0.6245822966630888 0.5960449830828281 0
5098 0.6175224335735479 0.6053101324045321 0
5099 0.6103726483804606 0.6144935219356922 0
5100 0.6031340261764874 0.6235939739388398 0
5101 0.5958076674782407 0.6326103250761854 0
5102 0.588394688035213 0.6415414266115992 0
5103 0.5808962186360589 0.6503861446100543 0
5104 0.5733134049122669 0.6591433601345023 0
5105 0.5656474071392542 0.6678119694401435 0
5106 0.5578994000349184 0.6763908841660604 0
5107 0.5500705725556824 0.6848790315241793 0
5108 0.5421621276900666 0.6932753544855288 0
5109 0.5341752822498251 0.7015788119637626 0
5110 0.526111266658682 0.7097883789959125 0
5111 0.5179713247387041 0.7179030469203445 0
5112 0.5097567134943477 0.7259218235518827 0
5113 0.5014687028942157 0.7338437333540739 0
5114 0.4931085756505673 0.7416678176085596 0
5115 0.4846776269966085 0.7493931345815315 0
5116 0.4761771644616156 0.7570187596872344 0
5117 0.4676085076439196 0.7645437856484946 0
5118 0.4589729879817975 0.7719673226542414 0
5119 0.4502719485223058 0.7792884985139968 0
5120 0.4415067436881006 0.7865064588093065 0
5121 0.432678739042281 0.7936203670420841 0
5122 0.4237893110512992 0.8006294047798446 0
5123 0.4148398468459775 0.8075327717978023 0
5124 0.4058317439806729 0.8143296862178045 0
5125 0.3967664101906334 0.8210193846440841 0
5126 0.3876452631475855 0.8276011222957992 0
5127 0.3784697302135968 0.8340741731363429 0
5128 0.3692412481932565 0.8404378299993993 0
5129 0.3599612630842161 0.8466914047117209 0
5130 0.3506312298261336 0.8528342282126117 0
5131 0.3412526120480681 0.858865650670087 0
5132 0.3318268818143599 0.8647850415937012 0
5133 0.3223555193690516 0.8705917899440119 0
5134 0.3128400128788866 0.8762853042386691 0
5135 0.3032818581749327 0.8818650126551101 0
5136 0.2936825584928739 0.8873303631298384 0
5137 0.2840436242120182 0.8926808234542745 0
5138 0.2743665725930641 0.8979158813671574 0
5139 0.2646529275146724 0.9030350446434845 0
5140 0.2549042192088894 0.9080378411799721 0
5141 0.2451219839954667 0.9129238190770219 0
5142 0.8322754597357203 0.01145082556004434 0
5143 0.8311018489909412 0.02290012600745678 0
5144 0.8298125312414308 0.03434637649439753 0
5145 0.8284075567187665 0.04578805270256303 0
5146 0.826886995734946 0.05722363110783923 0
5147 0.8252509386701796 0.06865158924481862 0
5148 0.8234994959572 0.08007040597112791 0
5149 0.8216327980620861 0.09147856173153684 0
5150 0.8196509954616136 0.1028745388217769 0
5151 0.8175542586171289 0.1142568216520518 0
5152 0.8153427779449522 0.1256238970101735 0
5153 0.8130167637833181 0.1369742543242864 0
5154 0.8105764463558571 0.1483063859251362 0
5155 0.8080220757316227 0.15961878730783 0
5156 0.8053539217816748 0.1709099573930519 0
5157 0.8025722741322251 0.1821783987876811 0
5158 0.7996774421143511 0.1934226180447688 0
5159 0.7966697547102897 0.2046411259228341 0
5160 0.7935495604963199 0.2158324376444254 0
5161 0.7903172275822422 0.2269950731539097 0
5162 0.7869731435474669 0.2381275573744405 0
5163 0.7835177153737227 0.2492284204640624 0
5164 0.779951369374396 0.2602961980709044 0
5165 0.7762745511205135 0.2713294315874261 0
5166 0.7724877253633832 0.2823266684036562 0
5167 0.7685913759539023 0.2932864621594009 0
5168 0.7645860057585516 0.30420737299536 0
5169 0.7604721365720872 0.3150879678031168 0
5170 0.7562503090269462 0.3259268204739547 0
5171 0.7519210824993814 0.3367225121464605 0
5172 0.7474850350123418 0.3474736314528678 0
5173 0.7429427631351164 0.3581787747640996 0
5174 0.7382948818797572 0.3688365464334677 0
5175 0.7335420245942996 0.3794455590389859 0
5176 0.7286848428528014 0.3900044336242552 0
5177 0.7237240063422139 0.4005117999378793 0
5178 0.7186602027461133 0.4109662966713694 0
5179 0.7134941376253008 0.4213665716954954 0
5180 0.7082265342953071 0.4317112822950409 0
5181 0.7028581337008046 0.4419990954019329 0
5182 0.6973896942869687 0.4522286878266829 0
5183 0.691821991867793 0.4623987464881249 0
5184 0.6861558194913928 0.4725079686413917 0
5185 0.6803919873023159 0.4825550621040992 0
5186 0.6745313224008838 0.4925387454806952 0
5187 0.6685746686995901 0.5024577483849377 0
5188 0.6625228867765809 0.512310811660459 0
5189 0.6563768537262383 0.5220966875993821 0
5190 0.6501374630069008 0.5318141401589492 0
5191 0.6438056242857388 0.5414619451761229 0
5192 0.6373822632808189 0.5510388905801283 0
5193 0.6308683216003783 0.560543776602892 0
5194 0.624264756579343 0.5699754159873478 0
5195 0.617572541113115 0.5793326341935691 0
5196 0.6107926634886561 0.5886142696026934 0
5197 0.6039261272129028 0.597819173718602 0
5198 0.5969739508385339 0.606946211367326 0
5199 0.5899371677871308 0.6159942608941331 0
5200 0.5828168261697531 0.6249622143582718 0
5201 0.5756139886049649 0.6338489777253326 0
5202 0.5683297320343419 0.6426534710571946 0
5203 0.5609651475354923 0.6513746286995259 0
5204 0.553521340132623 0.6600113994668032 0
5205 0.5459994286046842 0.6685627468248194 0
5206 0.538400545291126 0.6770276490706469 0
5207 0.5307258358953015 0.6854050995100274 0
5208 0.5229764592855477 0.6936941066321549 0
5209 0.5151535872939829 0.7018936942818214 0
5210 0.5072584045130515 0.7100029018288995 0
5211 0.4992921080898549 0.7180207843351263 0
5212 0.4912559075183008 0.7259464127181656 0
5213 0.4831510244291117 0.7337788739129139 0
5214 0.4749786923777224 0.74151727103003 0
5215 0.4667401566301101 0.7491607235116517 0
5216 0.4584366739465902 0.7567083672842807 0
5217 0.4500695123636166 0.7641593549088013 0
5218 0.4416399509736246 0.771512855727616 0
5219 0.433149279702953 0.7787680560088632 0
5220 0.4245987990878867 0.7859241590876991 0
5221 0.4159898200488564 0.792980385504614 0
5222 0.4073236636628357 0.799935973140764 0
5223 0.3986016609339742 0.8067901773502901 0
5224 0.389825152562508 0.8135422710896041 0
5225 0.3809954887119862 0.8201915450436181 0
5226 0.3721140287748541 0.826737307748898 0
5227 0.3631821411364348 0.8331788857137135 0
5228 0.3542012029373487 0.8395156235349723 0
5229 0.345172599834413 0.845746884012011 0
5230 0.3360977257600648 0.8518720482572258 0
5231 0.3269779826803427 0.857890515803525 0
5232 0.3178147803514776 0.8638017047085826 0
5233 0.3086095360751301 0.8696050516558753 0
5234 0.2993636744523168 0.8753000120524858 0
5235 0.2900786271360704 0.8808860601236556 0
5236 0.2807558325828745 0.886362689004071 0
5237 0.2713967358029182 0.891729410825864 0
5238 0.2620027881092118 0.8969857568033186 0
5239 0.252575446865609 0.9021312773142591 0
5240 0.2431161752337779 0.9071655419781159 0
5241 0.8155116867489343 0.01127828428204203 0
5242 0.814246756541394 0.02255511970708385 0
5243 0.8128719046793591 0.03382905766967764 0
5244 0.811387178882828 0.04509865006743502 0
5245 0.8097926459481986 0.05636244955244712 0
5246 0.8080883917366707 0.06761900978257779 0
5247 0.8062745211593398 0.07886688567257139 0
5248 0.8043511581589815 0.09010463364496002 0
5249 0.8023184456885331 0.101330811880688 0
5250 0.8001765456862725 0.1125439805694493 0
5251 0.7979256390477045 0.1237427021596648 0
5252 0.7955659255941523 0.1349255416080722 0
5253 0.7930976240380645 0.1460910666288791 0
5254 0.7905209719450413 0.1572378479424384 0
5255 0.787836225692591 0.1683644595233994 0
5256 0.7850436604256139 0.1794694788482971 0
5257 0.7821435700086334 0.1905514871425304 0
5258 0.7791362669747751 0.2016090696266924 0
5259 0.7760220824715039 0.2126408157622041 0
5260 0.7728013662031301 0.2236453194962142 0
5261 0.7694744863700936 0.2346211795057183 0
5262 0.7660418296050364 0.2455669994408593 0
5263 0.7625038009056763 0.2564813881673592 0
5264 0.7588608235644879 0.2673629600080548 0
5265 0.7551133390952138 0.2782103349834734 0
5266 0.7512618071562073 0.2890221390514308 0
5267 0.7473067054706239 0.299797004345592 0
5268 0.743248529743483 0.3105335694129608 0
5269 0.7390877935755988 0.3212304794502568 0
5270 0.7348250283744122 0.3318863865391374 0
5271 0.7304607832617247 0.3424999498802244 0
5272 0.7259956249783606 0.3530698360258946 0
5273 0.7214301377857693 0.3635947191117943 0
5274 0.7167649233645847 0.3740732810870365 0
5275 0.7120006007101611 0.3845042119430423 0
5276 0.7071378060251032 0.3948862099409854 0
5277 0.7021771926088076 0.405217981837801 0
5278 0.6971194307440358 0.4154982431107206 0
5279 0.6919652075805418 0.4257257181802887 0
5280 0.6867152270157644 0.4358991406318362 0
5281 0.6813702095726204 0.4460172534353487 0
5282 0.6759308922744034 0.4560788091637186 0
5283 0.6703980285168232 0.4660825702093221 0
5284 0.6647723879372001 0.4760273089988941 0
5285 0.6590547562808395 0.4859118082066604 0
5286 0.6532459352646106 0.4957348609656907 0
5287 0.6473467424377517 0.5054952710774361 0
5288 0.6413580110399264 0.515191853219413 0
5289 0.6352805898565557 0.5248234331510017 0
5290 0.629115343071452 0.5343888479173168 0
5291 0.6228631501167781 0.5438869460511219 0
5292 0.6165249055203593 0.5533165877727473 0
5293 0.610101518750376 0.5626766451879804 0
5294 0.6035939140574593 0.5719660024838906 0
5295 0.5970030303142233 0.5811835561225587 0
5296 0.5903298208522576 0.5903282150326719 0
5297 0.5835752532966072 0.5993989007989597 0
5298 0.5767403093977743 0.6083945478494264 0
5299 0.5698259848612655 0.6173141036403582 0
5300 0.5628332891747165 0.6261565288390659 0
5301 0.5557632454326247 0.6349207975043348 0
5302 0.5486168901587177 0.6436058972645495 0
5303 0.5413952731259919 0.6522108294934632 0
5304 0.5340994571744501 0.6607346094835784 0
5305 0.5267305180265698 0.6691762666171146 0
5306 0.5192895441005364 0.6775348445345261 0
5307 0.5117776363212703 0.6858094013005471 0
5308 0.5041959079292837 0.6939990095677302 0
5309 0.4965454842873989 0.7021027567374545 0
5310 0.4888275026853622 0.7101197451183701 0
5311 0.4810431121423858 0.7180490920822574 0
5312 0.4731934732076561 0.7258899302172681 0
5313 0.4652797577588363 0.7336414074785284 0
5314 0.4573031487986046 0.7413026873360692 0
5315 0.4492648402492606 0.7488729489200665 0
5316 0.4411660367454358 0.7563513871633611 0
5317 0.4330079534249434 0.7637372129412351 0
5318 0.4247918157178053 0.7710296532084202 0
5319 0.4165188591334923 0.7782279511333141 0
5320 0.4081903290464136 0.7853313662293833 0
5321 0.3998074804796939 0.7923391744837258 0
5322 0.3913715778872755 0.7992506684827757 0
5323 0.3828838949343826 0.8060651575351239 0
5324 0.3743457142763869 0.8127819677914373 0
5325 0.3657583273361114 0.8194004423614532 0
5326 0.357123034079613 0.8259199414280277 0
5327 0.3484411427904812 0.8323398423582236 0
5328 0.3397139698426923 0.8386595398114105 0
5329 0.3309428394720616 0.8448784458443644 0
5330 0.3221290835463256 0.8509959900133488 0
5331 0.3132740413339038 0.8570116194731536 0
5332 0.3043790592713737 0.8629247990730816 0
5333 0.2954454907297011 0.8687350114498615 0
5334 0.2864746957792669 0.8744417571174727 0
5335 0.2774680409537308 0.8800445545538673 0
5336 0.2684268990127723 0.8855429402845709 0
5337 0.2593526487037511 0.8909364689631526 0
5338 0.2502466745223285 0.8962247134485462 0
5339 0.241110366472089 0.9014072648792102 0
5340 0.7987479137621483 0.01110574300403983 0
5341 0.797391664091847 0.02221011340671103 0
5342 0.7959312781172876 0.03331173884495786 0
5343 0.7943668010468898 0.04440924743230673 0
5344 0.7926982961614513 0.05550126799705518 0
5345 0.7909258448031617 0.06658643032033679 0
5346 0.7890495463614801 0.07766336537401514 0
5347 0.7870695182558772 0.08873070555838314 0
5348 0.7849858959154522 0.09978708493959904 0
5349 0.782798832755416 0.1108311394868466 0
5350 0.7805085001504569 0.121861507309156 0
5351 0.7781150874049864 0.1328768288918578 0
5352 0.7756188017202716 0.1438757473326225 0
5353 0.7730198681584604 0.1548569085770468 0
5354 0.7703185296035073 0.1658189616537469 0
5355 0.7675150467190025 0.176760558908913 0
5356 0.764609697902916 0.1876803562402919 0
5357 0.7616027792392607 0.1985770133305507 0
5358 0.7584946044466878 0.2094491938799828 0
5359 0.7552855048240179 0.2202955658385186 0
5360 0.7519758291927201 0.2311148016369963 0
5361 0.7485659438363503 0.2419055784176562 0
5362 0.7450562324369565 0.252666578263814 0
5363 0.7414470960084623 0.2633964884286835 0
5364 0.7377389528270448 0.2740940015632904 0
5365 0.7339322383585121 0.2847578159434607 0
5366 0.7300274051826965 0.295386635695824 0
5367 0.7260249229148785 0.3059791710228049 0
5368 0.7219252781242516 0.3165341384265591 0
5369 0.7177289742494433 0.3270502609318144 0
5370 0.7134365315111075 0.337526268307581 0
5371 0.7090484868216048 0.3479608972876896 0
5372 0.7045653936917815 0.3583528917901209 0
5373 0.6999878221348698 0.3687010031350872 0
5374 0.6953163585675211 0.3790039902618296 0
5375 0.6905516057079926 0.3892606199440913 0
5376 0.6856941824715019 0.3994696670042325 0
5377 0.6807447238627709 0.4096299145259458 0
5378 0.6757038808657765 0.4197401540655367 0
5379 0.6705723203307241 0.4297991858617396 0
5380 0.665350724858272 0.4398058190440145 0
5381 0.6600397926810136 0.4497588718393123 0
5382 0.6546402375422536 0.4596571717772525 0
5383 0.6491527885720845 0.4694995558936891 0
5384 0.6435781901607953 0.4792848709326256 0
5385 0.6379172018296313 0.4890119735464438 0
5386 0.6321705980989227 0.498679730494413 0
5387 0.6263391683536145 0.5082870188394439 0
5388 0.6204237167062107 0.5178327261430542 0
5389 0.6144250618571651 0.5273157506585106 0
5390 0.6083440369527371 0.5367350015221154 0
5391 0.6021814894403404 0.5460893989426027 0
5392 0.5959382809214089 0.555377874388613 0
5393 0.5896152870018035 0.5645993707742121 0
5394 0.5832133971397905 0.5737528426424239 0
5395 0.5767335144916125 0.5828372563467419 0
5396 0.5701765557546805 0.5918515902305933 0
5397 0.5635434510084177 0.6007948348047196 0
5398 0.5568351435527779 0.6096659929224446 0
5399 0.5500525897444684 0.6184640799527993 0
5400 0.5431967588309077 0.6271881239514751 0
5401 0.536268632781943 0.6358371658295732 0
5402 0.5292692061193608 0.6444102595201229 0
5403 0.5221994857442157 0.6529064721423374 0
5404 0.5150604907620135 0.6613248841635821 0
5405 0.5078532523057714 0.6696645895590246 0
5406 0.5005788133569929 0.6779246959689393 0
5407 0.4932382285645845 0.6861043248536391 0
5408 0.4858325640617464 0.6942026116460095 0
5409 0.4783628972808694 0.7022187059016137 0
5410 0.4708303167664707 0.710151771446349 0
5411 0.4632359219862006 0.7180009865216225 0
5412 0.4555808231399502 0.7257655439270269 0
5413 0.4478661409670991 0.7334446511604866 0
5414 0.4400930065519311 0.7410375305558525 0
5415 0.432262561127255 0.748543419417921 0
5416 0.4243759558762621 0.7559615701548543 0
5417 0.4164343517326577 0.7632912504079769 0
5418 0.408438919179098 0.7705317431789291 0
5419 0.4003908380439708 0.7776823469541525 0
5420 0.3922912972965521 0.7847423758266877 0
5421 0.3841414948405767 0.7917111596152611 0
5422 0.3759426373062572 0.7985880439806436 0
5423 0.3676959398407876 0.8053723905392565 0
5424 0.3594026258973687 0.8120635769740081 0
5425 0.3510639270227913 0.8186609971423421 0
5426 0.3426810826436138 0.825164061181475 0
5427 0.3342553398509717 0.83157219561081 0
5428 0.3257879531840583 0.8378848434315032 0
5429 0.3172801844123084 0.8441014642231723 0
5430 0.3087333023163299 0.8502215342377244 0
5431 0.3001485824676171 0.8562445464902878 0
5432 0.2915273070070851 0.8621700108472372 0
5433 0.2828707644224633 0.86799745411129 0
5434 0.2741802493245871 0.8737264201036639 0
5435 0.2654570622226264 0.8793564697432776 0
5436 0.2567025092982906 0.8848871811229867 0
5437 0.247917902179048 0.8903181495828334 0
5438 0.2391045577104 0.8956489877803044 0
5439 0.7819841407753623 0.01093320172603751 0
5440 0.7805365716423001 0.02186510710633821 0
5441 0.7789906515552161 0.03279442002023797 0
5442 0.7773464232109515 0.04371984479717861 0
5443 0.7756039463747041 0.0546400864416634 0
5444 0.7737632978696528 0.06555385085809584 0
5445 0.7718245715636198 0.07645984507545867 0
5446 0.7697878783527731 0.08735677747180637 0
5447 0.7676533461423716 0.09824335799851031 0
5448 0.7654211198245596 0.1091182984042441 0
5449 0.7630913612532093 0.1199803124586474 0
5450 0.7606642492158204 0.1308281161756435 0
5451 0.7581399794024786 0.1416604280363657 0
5452 0.7555187643718791 0.1524759692116553 0
5453 0.7528008335144236 0.1632734637840942 0
5454 0.7499864330123913 0.174051638969529 0
5455 0.7470758257971983 0.1848092253380536 0
5456 0.7440692915037463 0.1955449570344089 0
5457 0.740967126421872 0.2062575719977615 0
5458 0.7377696434449059 0.2169458121808231 0
5459 0.7344771720153469 0.2276084237682743 0
5460 0.7310900580676643 0.238244157394453 0
5461 0.7276086639682366 0.2488517683602688 0
5462 0.7240333684524367 0.2594300168493122 0
5463 0.7203645665588756 0.2699776681431077 0
5464 0.716602669560817 0.2804934928354907 0
5465 0.712748104894769 0.2909762670460559 0
5466 0.7088013160862743 0.3014247726326492 0
5467 0.7047627626729043 0.3118377974028613 0
5468 0.7006329201244743 0.3222141353244913 0
5469 0.6964122797604906 0.3325525867349375 0
5470 0.6921013486648491 0.3428519585494846 0
5471 0.6877006495977935 0.3531110644684474 0
5472 0.6832107209051548 0.363328725183138 0
5473 0.678632116424881 0.3735037685806168 0
5474 0.673965405390882 0.3836350299471973 0
5475 0.6692111723341962 0.3937213521706641 0
5476 0.6643700169815059 0.403761585941171 0
5477 0.6594425541510112 0.4137545899507846 0
5478 0.654429413645684 0.4236992310916429 0
5479 0.6493312401439235 0.4335943846526804 0
5480 0.6441486930876241 0.4434389345149061 0
5481 0.638882446567684 0.4532317733451828 0
5482 0.6335331892069687 0.4629718027884842 0
5483 0.6281016240407513 0.4726579336585908 0
5484 0.6225884683946518 0.482289086127197 0
5485 0.6169944537600937 0.49186418991139 0
5486 0.6113203256673025 0.5013821844594747 0
5487 0.6055668435558657 0.5108420191351067 0
5488 0.5997347806428781 0.5202426533997044 0
5489 0.5938249237886962 0.5295830569931089 0
5490 0.5878380733603216 0.5388622101124581 0
5491 0.5817750430924417 0.5480791035892456 0
5492 0.5756366599461478 0.5572327390645336 0
5493 0.5694237639653578 0.5663221291622893 0
5494 0.5631372081309673 0.5753462976608117 0
5495 0.5567778582127539 0.5843042796622271 0
5496 0.5503465926190612 0.5931951217600131 0
5497 0.5438443022442901 0.602017882204531 0
5498 0.5372718903142202 0.6107716310665325 0
5499 0.5306302722291907 0.6194554503986154 0
5500 0.5239203754051684 0.6280684343945969 0
5501 0.5171431391127296 0.6366096895467828 0
5502 0.5102995143139816 0.6450783348010964 0
5503 0.5033904634974573 0.6534735017100499 0
5504 0.4964169605110063 0.6617943345835233 0
5505 0.4893799903927156 0.6700399906373316 0
5506 0.4822805491998855 0.6782096401395481 0
5507 0.4751196438360938 0.6863024665545645 0
5508 0.4678982918763767 0.6943176666848574 0
5509 0.4606175213905557 0.7022544508104409 0
5510 0.453278370764745 0.7101120428259768 0
5511 0.4458818885210641 0.7178896803755253 0
5512 0.4384291331355936 0.725586614984904 0
5513 0.4309211728546016 0.7332021121916386 0
5514 0.4233590855090742 0.740735451672481 0
5515 0.4157439583275809 0.7481859273684734 0
5516 0.4080768877475101 0.7555528476075337 0
5517 0.4003589792247038 0.7628355352245442 0
5518 0.392591347041528 0.7700333276789219 0
5519 0.3847751141134104 0.7771455771696495 0
5520 0.3769114117938781 0.7841716507477465 0
5521 0.3690013796781318 0.7911109304261634 0
5522 0.3610461654051883 0.7979628132870754 0
5523 0.3530469244586261 0.8047267115865633 0
5524 0.3450048199659696 0.8114020528566565 0
5525 0.3369210224967464 0.8179882800047265 0
5526 0.328796709859251 0.8244848514102093 0
5527 0.3206330668960551 0.8308912410186418 0
5528 0.3124312852782913 0.8372069384329962 0
5529 0.304192563298756 0.8434314490022954 0
5530 0.2959181056638606 0.8495642939074941 0
5531 0.2876091232844694 0.855605010244613 0
5532 0.2792668330656598 0.8615531511051072 0
5533 0.2708924576954434 0.8674082856534602 0
5534 0.2624872254324805 0.8731699992019846 0
5535 0.2540523698928301 0.8788378932828207 0
5536 0.2455891298357676 0.8844115857171202 0
5537 0.2370987489487111 0.8898907106813987 0
5538 0.7652203677885763 0.01076066044803536 0
5539 0.7636814791927529 0.02152010080596539 0
5540 0.7620500249931447 0.03227710119551797 0
5541 0.7603260453750131 0.04303044216205043 0
5542 0.7585095965879567 0.05377890488627141 0
5543 0.7566007509361438 0.06452127139585501 0
5544 0.7545995967657599 0.07525632477690225 0
5545 0.7525062384496689 0.08598284938522943 0
5546 0.7503207963692908 0.09669963105742135 0
5547 0.7480434068937032 0.1074054573216415 0
5548 0.7456742223559616 0.1180991176081387 0
5549 0.7432134110266546 0.1287794034594292 0
5550 0.7406611570846857 0.1394451087401088 0
5551 0.7380176605852982 0.1500950298462639 0
5552 0.7352831374253399 0.1607279659144418 0
5553 0.73245781930578 0.1713427190301449 0
5554 0.7295419536914808 0.1819380944358151 0
5555 0.7265358037682318 0.1925129007382673 0
5556 0.7234396483970558 0.2030659501155402 0
5557 0.7202537820657937 0.2135960585231277 0
5558 0.7169785148379737 0.2241020458995523 0
5559 0.7136141722989782 0.2345827363712498 0
5560 0.7101610954995169 0.2450369584567235 0
5561 0.7066196408964109 0.2554635452699408 0
5562 0.7029901802907066 0.2658613347229249 0
5563 0.6992731007631219 0.2762291697275207 0
5564 0.6954688046068414 0.2865658983962881 0
5565 0.6915777092576698 0.2968703742424934 0
5566 0.687600247221557 0.3071414563791636 0
5567 0.6835368659995051 0.3173780097171683 0
5568 0.6793880280098735 0.3275789051622942 0
5569 0.6751542105080932 0.3377430198112796 0
5570 0.6708359055038058 0.347869237146774 0
5571 0.6664336196754399 0.3579564472311887 0
5572 0.661947874282241 0.3680035468994041 0
5573 0.6573792050737712 0.3780094399503034 0
5574 0.6527281621968907 0.3879730373370955 0
5575 0.6479953101002407 0.3978932573563962 0
5576 0.6431812274362457 0.4077690258360326 0
5577 0.6382865069606437 0.4175992763215463 0
5578 0.633311755429575 0.4273829502613462 0
5579 0.6282575934942344 0.4371189971904997 0
5580 0.6231246555931144 0.4468063749131133 0
5581 0.6179135898418529 0.4564440496832792 0
5582 0.6126250579207071 0.466030996384556 0
5583 0.6072597349596722 0.47556619870795 0
5584 0.6018183094212647 0.4850486493283671 0
5585 0.5963014829809906 0.4944773500795057 0
5586 0.5907099704055208 0.5038513121271593 0
5587 0.5850444994285913 0.5131695561408982 0
5588 0.5793058106246551 0.5224311124641026 0
5589 0.5734946572803026 0.5316350212823134 0
5590 0.5676118052634744 0.5407803327898781 0
5591 0.5616580328904921 0.5498661073548552 0
5592 0.5556341307909249 0.5588914156821546 0
5593 0.5495409017703222 0.5678553389748815 0
5594 0.5433791606708271 0.5767569690938608 0
5595 0.5371497342297047 0.5855954087153064 0
5596 0.5308534609358025 0.5943697714866174 0
5597 0.5244911908839719 0.603079182180266 0
5598 0.5180637856274735 0.6117227768457556 0
5599 0.5115721180283939 0.6202997029596207 0
5600 0.5050170721060985 0.6288091195734425 0
5601 0.4983995428837474 0.6372501974598554 0
5602 0.4917204362329009 0.6456221192565175 0
5603 0.4849806687162412 0.6539240796080219 0
5604 0.4781811674284382 0.6621552853057238 0
5605 0.4713228698351863 0.6703149554254569 0
5606 0.4644067236104412 0.6784023214631195 0
5607 0.457433686471884 0.6864166274681012 0
5608 0.4504047260146407 0.6943571301745326 0
5609 0.4433208195432894 0.7022230991303311 0
5610 0.436182953902178 0.710013816824024 0
5611 0.4289921253040881 0.7177285788093215 0
5612 0.4217493391572721 0.7253666938274244 0
5613 0.4144556098908934 0.732927483927041 0
5614 0.4071119607788998 0.7404102845820928 0
5615 0.3997194237623624 0.7478144448070906 0
5616 0.3922790392703094 0.7551393272701592 0
5617 0.3847918560390851 0.7623843084036912 0
5618 0.3772589309302685 0.7695487785126113 0
5619 0.3696813287471793 0.776632141880232 0
5620 0.3620601220500065 0.7836338168716832 0
5621 0.354396390969589 0.7905532360348946 0
5622 0.3466912230198833 0.7973898461991183 0
5623 0.3389457129091479 0.8041431085709708 0
5624 0.3311609623498789 0.8108124988279779 0
5625 0.3233380798675304 0.8173975072096089 0
5626 0.3154781806080519 0.8238976386057806 0
5627 0.3075823861442742 0.8303124126428201 0
5628 0.2996518242811822 0.8366413637668662 0
5629 0.2916876288601041 0.8428840413247003 0
5630 0.2836909395618535 0.8490400096419888 0
5631 0.2756629017088563 0.8551088480989244 0
5632 0.2676046660662996 0.8610901512032567 0
5633 0.2595173886423345 0.8669835286606913 0
5634 0.2514022304873694 0.8727886054426548 0
5635 0.2432603574924872 0.8785050218514074 0
5636 0.2350929401870223 0.8841324335824929 0
5637 0.7484565948017903 0.01058811917003327 0
5638 0.7468263867432058 0.02117509450559252 0
5639 0.745109398431073 0.03175978237079813 0
5640 0.7433056675390748 0.04234103952692231 0
5641 0.7414152468012094 0.05291772333087946 0
5642 0.7394382040026347 0.06348869193361389 0
5643 0.7373746219678998 0.07405280447834595 0
5644 0.7352245985465644 0.08460892129865261 0
5645 0.7329882465962102 0.09515590411633262 0
5646 0.7306656939628466 0.1056926162390391 0
5647 0.7282570834587141 0.1162179227576302 0
5648 0.7257625728374887 0.1267306907432149 0
5649 0.723182334766893 0.137229789443852 0
5650 0.7205165567987171 0.1477140904808724 0
5651 0.7177654413362562 0.158182468044789 0
5652 0.7149292055991689 0.1686337990907608 0
5653 0.7120080815857633 0.1790669635335767 0
5654 0.7090023160327172 0.1894808444421255 0
5655 0.70591217037224 0.1998743282333189 0
5656 0.7027379206866817 0.2102463048654322 0
5657 0.6994798576606004 0.2205956680308302 0
5658 0.6961382865302921 0.2309213153480467 0
5659 0.6927135270307971 0.2412221485531782 0
5660 0.6892059133403852 0.2514970736905695 0
5661 0.6856157940225374 0.261745001302742 0
5662 0.6819435319654268 0.2719648466195506 0
5663 0.6781895043189138 0.2821555297465199 0
5664 0.6743541024290656 0.2923159758523375 0
5665 0.6704377317702097 0.3024451153554658 0
5666 0.6664408118745361 0.3125418841098453 0
5667 0.6623637762592565 0.3226052235896508 0
5668 0.6582070723513374 0.3326340810730746 0
5669 0.6539711614098179 0.3426274098251006 0
5670 0.6496565184457248 0.3525841692792393 0
5671 0.645263632139601 0.3625033252181912 0
5672 0.6407930047566606 0.3723838499534094 0
5673 0.636245152059585 0.382224722503527 0
5674 0.6316206032189757 0.3920249287716214 0
5675 0.6269199007214804 0.4017834617212805 0
5676 0.6221436002756036 0.4114993215514496 0
5677 0.6172922707152266 0.421171515870012 0
5678 0.6123664939008449 0.4307990598660935 0
5679 0.6073668646185447 0.4403809764810436 0
5680 0.602293990476737 0.4499162965780742 0
5681 0.5971484918006629 0.4594040591105212 0
5682 0.5919310015246927 0.4688433112887032 0
5683 0.5866421650824357 0.4782331087453441 0
5684 0.5812826402946787 0.4875725156995365 0
5685 0.5758530972551756 0.4968606051192118 0
5686 0.5703542182143043 0.5060964588820921 0
5687 0.5647866974606143 0.5152791679350961 0
5688 0.5591512412002837 0.5244078324521688 0
5689 0.5534485674345073 0.5334815619905108 0
5690 0.5476794058348363 0.5424994756451768 0
5691 0.5418444976164921 0.5514607022020199 0
5692 0.5359445954096771 0.5603643802889514 0
5693 0.5299804631289005 0.5692096585254944 0
5694 0.5239528758403482 0.5779956956705997 0
5695 0.5178626196273148 0.5867216607687038 0
5696 0.5117104914537237 0.5953867332939993 0
5697 0.5054972990257565 0.6039901032928958 0
5698 0.4992238606516193 0.6125309715246443 0
5699 0.4928910050994673 0.6210085496001024 0
5700 0.4864995714535132 0.6294220601186145 0
5701 0.4800504089683446 0.6377707368029851 0
5702 0.4735443769214762 0.6460538246325205 0
5703 0.4669823444641608 0.654270579974116 0
5704 0.4603651904704872 0.662420270711366 0
5705 0.4536938033847887 0.6705021763716745 0
5706 0.4469690810673913 0.6785155882513447 0
5707 0.4401919306387256 0.6864598095386242 0
5708 0.4333632683218339 0.6943341554346854 0
5709 0.4264840192832919 0.7021379532725223 0
5710 0.4195551174725826 0.7098705426337387 0
5711 0.4125775054599427 0.7175312754632104 0
5712 0.4055521342727125 0.7251195161816009 0
5713 0.3984799632302185 0.732634641795712 0
5714 0.3913619597772148 0.7400760420066474 0
5715 0.384199099315915 0.7474431193157742 0
5716 0.3769923650366424 0.7547352891284604 0
5717 0.3697427477471268 0.7619519798555731 0
5718 0.3624512457004807 0.7690926330127177 0
5719 0.3551188644218811 0.7761567033172031 0
5720 0.3477466165339897 0.7831436587827136 0
5721 0.3403355215811407 0.7900529808116734 0
5722 0.3328866058523261 0.7968841642852851 0
5723 0.3254009022030115 0.8036367176512291 0
5724 0.3178794498758097 0.8103101630090084 0
5725 0.3103232943200487 0.8169040361929193 0
5726 0.302733487010257 0.8234178868526438 0
5727 0.2951110852636083 0.8298512785314369 0
5728 0.2874571520563476 0.8362037887419065 0
5729 0.2797727558392377 0.8424750090393643 0
5730 0.2720589703520528 0.8486645450927417 0
5731 0.2643168744371559 0.8547720167530533 0
5732 0.2565475518521887 0.860797058119398 0
5733 0.2487520910819089 0.866739317602489 0
5734 0.2409315851492067 0.8725984579856945 0
5735 0.2330871314253334 0.878374156483587 0
5736 0.7316928218150043 0.01041557789203096 0
5737 0.7299712942936588 0.02083008820521975 0
5738 0.7281687718690014 0.03124246354607829 0
5739 0.7262852897031364 0.04165163689179419 0
5740 0.7243208970144622 0.05205654177548741 0
5741 0.7222756570691258 0.06245611247137295 0
5742 0.7201496471700399 0.07284928417978942 0
5743 0.7179429586434602 0.08323499321207578 0
5744 0.7156556968231296 0.09361217717524373 0
5745 0.7132879810319904 0.1039797751564364 0
5746 0.7108399445614666 0.1143367279071215 0
5747 0.7083117346483228 0.1246819780270006 0
5748 0.7057035124491 0.1350144701475952 0
5749 0.703015453012136 0.1453331511154809 0
5750 0.7002477452471725 0.1556369701751364 0
5751 0.6974005918925577 0.1659248791513768 0
5752 0.6944742094800458 0.1761958326313382 0
5753 0.6914688282972028 0.1864487881459839 0
5754 0.6883846923474241 0.1966827063510977 0
5755 0.6852220593075695 0.2068965512077366 0
5756 0.6819812004832271 0.2170892901621082 0
5757 0.678662400761606 0.2272598943248436 0
5758 0.6752659585620773 0.237407338649633 0
5759 0.6717921857843596 0.2475306021111982 0
5760 0.6682414077543684 0.2576286678825592 0
5761 0.6646139631677317 0.2677005235115805 0
5762 0.6609102040309862 0.277745161096752 0
5763 0.6571304956004612 0.2877615774621817 0
5764 0.6532752163188625 0.2977487743317681 0
5765 0.649344757749567 0.3077057585025222 0
5766 0.6453395245086393 0.3176315420170074 0
5767 0.6412599341945816 0.3275251423348696 0
5768 0.6371064173158301 0.3373855825034273 0
5769 0.6328794172160099 0.34721189132729 0
5770 0.6285793899969609 0.3570031035369785 0
5771 0.6242068044395499 0.3667582599565154 0
5772 0.6197621419222794 0.3764764076699585 0
5773 0.6152458963377108 0.3861566001868466 0
5774 0.6106585740067152 0.3957978976065283 0
5775 0.6060006935905633 0.4053993667813529 0
5776 0.6012727860008782 0.4149600814786779 0
5777 0.5964753943074551 0.4244791225416872 0
5778 0.5916090736439752 0.433955578048974 0
5779 0.5866743911116212 0.4433885434728692 0
5780 0.5816719256806187 0.4527771218364864 0
5781 0.5766022680897133 0.4621204238694562 0
5782 0.5714660207436066 0.4714175681623212 0
5783 0.5662637976083669 0.4806676813195673 0
5784 0.5609962241048306 0.4898698981112643 0
5785 0.5556639370000174 0.499023361623286 0
5786 0.5502675842965734 0.5081272234060896 0
5787 0.5448078251202649 0.5171806436220242 0
5788 0.5392853296055402 0.5261827911911434 0
5789 0.5337007787791807 0.5351328439354983 0
5790 0.5280548644420594 0.5440299887218852 0
5791 0.522348289049032 0.5528734216030213 0
5792 0.5165817655869738 0.5616623479571281 0
5793 0.5107560174509916 0.5703959826258931 0
5794 0.5048717783188272 0.5790735500507902 0
5795 0.4989297920234754 0.5876942844077326 0
5796 0.4929308124240394 0.596257429740036 0
5797 0.4868756032748447 0.6047622400896681 0
5798 0.4807649380928362 0.6132079796267622 0
5799 0.474599600023279 0.6215939227773735 0
5800 0.4683803817037883 0.6299193543494528 0
5801 0.4621080851267111 0.6381835696570191 0
5802 0.4557835214998834 0.6463858746425083 0
5803 0.4494075111057881 0.654525585997275 0
5804 0.4429808831591361 0.6626020312802295 0
5805 0.4365044756628985 0.6706145490345884 0
5806 0.4299791352628106 0.678562488902716 0
5807 0.4234057171003783 0.6864452117390397 0
5808 0.4167850846644058 0.694262089721021 0
5809 0.4101181096410771 0.7020125064581562 0
5810 0.4034056717626132 0.7096958570989964 0
5811 0.3966486586545317 0.7173115484361607 0
5812 0.3898479656815373 0.724858999009331 0
5813 0.3830044957920671 0.7323376392062043 0
5814 0.3761191593615207 0.7397469113613893 0
5815 0.3691928740341995 0.7470862698532297 0
5816 0.362226564563985 0.754355181198535 0
5817 0.355221162653782 0.7615531241452032 0
5818 0.3481776067937556 0.7686795897627228 0
5819 0.3410968420983904 0.7757340815305327 0
5820 0.333979820142398 0.7827161154242285 0
5821 0.3268274987955044 0.7896252199995993 0
5822 0.3196408420561441 0.7964609364744806 0
5823 0.3124208198840891 0.8032228188084078 0
5824 0.3051684080320454 0.809910433780058 0
5825 0.2978845878762399 0.8165233610624675 0
5826 0.2905703462460344 0.8230611932960078 0
5827 0.2832266752525911 0.8295235361591127 0
5828 0.2758545721166218 0.83591000843674 0
5829 0.2684550389952493 0.842220242086559 0
5830 0.2610290828080122 0.8484538823028496 0
5831 0.2535777150620428 0.8546105875781049 0
5832 0.2461019516764483 0.860690029762323 0
5833 0.2386028128059263 0.8666918941199814 0
5834 0.2310813226636445 0.8726158793846812 0
5835 0.7149290488282183 0.01024303661402881 0
5836 0.7131162018441117 0.02048508190484688 0
5837 0.71122814530693 0.03072514472135834 0
5838 0.7092649118671981 0.0409622342566659 0
5839 0.7072265472277148 0.05119536022009541 0
5840 0.7051131101356169 0.06142353300913217 0
5841 0.7029246723721798 0.07164576388123306 0
5842 0.7006613187403559 0.08186106512549884 0
5843 0.6983231470500489 0.09206845023415494 0
5844 0.695910268101134 0.1022669340738338 0
5845 0.6934228056642189 0.1124555330566127 0
5846 0.6908608964591567 0.1226332653107863 0
5847 0.6882246901313072 0.1327991508513384 0
5848 0.6855143492255549 0.1429522117500893 0
5849 0.6827300491580885 0.1530914723054839 0
5850 0.6798719781859464 0.1632159592119926 0
5851 0.6769403373743283 0.1733247017290997 0
5852 0.6739353405616884 0.1834167318498421 0
5853 0.670857214322608 0.1934910844688763 0
5854 0.6677061979284575 0.2035467975500412 0
5855 0.6644825433058537 0.2135829122933861 0
5856 0.6611865149929198 0.2235984733016404 0
5857 0.6578183900933575 0.2335925287460878 0
5858 0.6543784582283338 0.2435641305318269 0
5859 0.6508670214861991 0.2535123344623764 0
5860 0.6472843943700365 0.2634362004036105 0
5861 0.6436309037430586 0.2733347924469839 0
5862 0.6399068887718569 0.2832071790720258 0
5863 0.6361127008675151 0.2930524333080703 0
5864 0.632248703624598 0.3028696328951992 0
5865 0.6283152727580223 0.3126578604443639 0
5866 0.6243127960378259 0.3224162035966646 0
5867 0.6202416732218423 0.3321437551817539 0
5868 0.6161023159862948 0.3418396133753407 0
5869 0.6118951478543209 0.3515028818557657 0
5870 0.6076206041224392 0.3611326699596213 0
5871 0.6032791317849737 0.37072809283639 0
5872 0.5988711894564458 0.3802882716020718 0
5873 0.5943972472919496 0.3898123334917763 0
5874 0.589857786905523 0.3992994120112562 0
5875 0.5852533012865297 0.4087486470873437 0
5876 0.5805842947140655 0.4181591852172809 0
5877 0.5758512826694056 0.4275301796169043 0
5878 0.5710547917465054 0.4368607903676642 0
5879 0.5661953595605745 0.4461501845624516 0
5880 0.5612735346547337 0.4553975364502093 0
5881 0.5562898764047777 0.4646020275792981 0
5882 0.5512449549220549 0.4737628469395981 0
5883 0.5461393509544856 0.4828791911033168 0
5884 0.5409736557857303 0.4919502643644798 0
5885 0.5357484711325324 0.5009752788770832 0
5886 0.5304644090402459 0.5099534547918796 0
5887 0.5251220917765731 0.5188840203917759 0
5888 0.5197221517235249 0.5277662122258198 0
5889 0.5142652312676266 0.5365992752417506 0
5890 0.5087519826883868 0.5453824629170911 0
5891 0.5031830680450471 0.5541150373887618 0
5892 0.4975591590616351 0.5627962695811863 0
5893 0.4918809370103395 0.5714254393328765 0
5894 0.4861490925932272 0.580001835521466 0
5895 0.4803643258223222 0.5885247561871763 0
5896 0.4745273458980701 0.5969935086546917 0
5897 0.4686388710862051 0.6054074096534221 0
5898 0.4626996285930448 0.6137657854361325 0
5899 0.456710354439232 0.6220679718959203 0
5900 0.450671793331946 0.6303133146815177 0
5901 0.4445846985356061 0.6385011693109005 0
5902 0.4384498317410889 0.6466309012831837 0
5903 0.4322679629334835 0.6547018861887846 0
5904 0.4260398702584058 0.6627135098178321 0
5905 0.4197663398868955 0.6706651682668077 0
5906 0.4134481658789227 0.6785562680433939 0
5907 0.4070861500455196 0.6863862261695193 0
5908 0.4006811018095716 0.6941544702825737 0
5909 0.3942338380652836 0.7018604387347822 0
5910 0.3877451830363509 0.7095035806907206 0
5911 0.381215968132856 0.7170833562229503 0
5912 0.3746470318069195 0.7245992364057611 0
5913 0.3680392194071264 0.7320507034070043 0
5914 0.3613933830317567 0.739437250577999 0
5915 0.3547103813808432 0.7467583825414965 0
5916 0.3479910796070832 0.7540136152776886 0
5917 0.3412363491656303 0.7612024762082424 0
5918 0.3344470676627911 0.7683245042783519 0
5919 0.3276241187036552 0.7753792500367835 0
5920 0.3207683917386826 0.7823662757139138 0
5921 0.3138807819092767 0.7892851552977319 0
5922 0.3069621898923685 0.7961354746078071 0
5923 0.3000135217440422 0.8029168313671967 0
5924 0.2930356887422228 0.8096288352722911 0
5925 0.2860296072284605 0.8162711080605787 0
5926 0.2789961984488346 0.8228432835763189 0
5927 0.271936388394006 0.8293450078341157 0
5928 0.2648511076384458 0.8357759390803761 0
5929 0.2577412911788685 0.8421357478526461 0
5930 0.2506078782718969 0.8484241170368118 0
5931 0.2434518122709877 0.8546407419221571 0
5932 0.2362740404626458 0.8607853302542685 0
5933 0.2290755139019556 0.8668576022857755 0
5934 0.6981652758414323 0.01007049533602644 0
5935 0.6962611093945648 0.02014007560447401 0
5936 0.6942875187448585 0.03020782589663834 0
5937 0.69224453403126 0.04027283162153783 0
5938 0.6901321974409675 0.05033417866470363 0
5939 0.6879505632021078 0.06039095354689111 0
5940 0.6856996975743199 0.07044224358267664 0
5941 0.6833796788372517 0.08048713703892213 0
5942 0.6809905972769681 0.09052472329306605 0
5943 0.6785325551702773 0.1005540929912312 0
5944 0.6760056667669714 0.110574338206104 0
5945 0.6734100582699909 0.1205845525945718 0
5946 0.6707458678135143 0.1305838315550817 0
5947 0.6680132454389736 0.1405712723846978 0
5948 0.6652123530690049 0.1505459744358312 0
5949 0.6623433644793352 0.1605070392726087 0
5950 0.6594064652686107 0.1704535708268612 0
5951 0.6564018528261738 0.1803846755537005 0
5952 0.653329736297792 0.190299462586655 0
5953 0.6501903365493454 0.2001970438923456 0
5954 0.6469838861284802 0.2100765344246642 0
5955 0.6437106292242336 0.2199370522784373 0
5956 0.6403708216246377 0.2297777188425424 0
5957 0.6369647306723082 0.2395976589524556 0
5958 0.6334926352180299 0.2493960010421935 0
5959 0.6299548255723414 0.2591718772956403 0
5960 0.6263516034551311 0.2689244237972158 0
5961 0.6226832819432525 0.2786527806818698 0
5962 0.6189501854161679 0.2883560922843726 0
5963 0.6151526494996289 0.298033507287876 0
5964 0.6112910210074052 0.3076841788717205 0
5965 0.6073656578810699 0.3173072648584595 0
5966 0.6033769291278543 0.3269019278600804 0
5967 0.59932521475658 0.3364673354233913 0
5968 0.5952109057116808 0.3460026601745528 0
5969 0.5910344038053285 0.3555070799627273 0
5970 0.586796121647668 0.3649797780028214 0
5971 0.5824964825751806 0.374419943017297 0
5972 0.5781359205771843 0.3838267693770242 0
5973 0.5737148802204829 0.3931994572411595 0
5974 0.5692338165721813 0.4025372126960095 0
5975 0.5646931951206758 0.4118392478928746 0
5976 0.5600934916948358 0.4211047811848347 0
5977 0.5554351923813896 0.4303330372624592 0
5978 0.5507187934405304 0.4395232472884169 0
5979 0.5459448012197542 0.4486746490309623 0
5980 0.5411137320659486 0.4577864869962751 0
5981 0.5362261122357431 0.466858012559629 0
5982 0.5312824778041406 0.4758884840953692 0
5983 0.5262833745714435 0.4848771671056735 0
5984 0.5212293579684915 0.4938233343480767 0
5985 0.5161209929602271 0.502726265961735 0
5986 0.5109588539476059 0.5115852495924085 0
5987 0.5057435246678691 0.5203995805161412 0
5988 0.5004755980931938 0.5291685617616158 0
5989 0.4951556763277417 0.5378915042311609 0
5990 0.4897843705031204 0.5465677268203954 0
5991 0.4843623006722786 0.5551965565364796 0
5992 0.4788900957018519 0.5637773286149629 0
5993 0.473368393162979 0.5723093866351994 0
5994 0.4677978392206051 0.5807920826343165 0
5995 0.4621790885212954 0.5892247772197154 0
5996 0.4565128040795738 0.5976068396800818 0
5997 0.4507996571628106 0.6059376480948915 0
5998 0.4450403271746757 0.6142165894423881 0
5999 0.4392355015371809 0.6224430597060162 0
6000 0.4333858755713287 0.6306164639792927 0
6001 0.4274921523763898 0.6387362165690926 0
6002 0.421555042707831 0.6468017410973396 0
6003 0.415575264853913 0.6548124706010757 0
6004 0.4095535445109805 0.6627678476308994 0
6005 0.4034906146574671 0.6706673243477481 0
6006 0.3973872154266335 0.6785103626180178 0
6007 0.3912440939780661 0.6862964341069909 0
6008 0.3850620043679541 0.6940250203705682 0
6009 0.37884170741817 0.7016956129452805 0
6010 0.3725839705841748 0.7093077134365694 0
6011 0.3662895678217718 0.7168608336053178 0
6012 0.359959279452732 0.7243544954526193 0
6013 0.3535938920293138 0.7317882313027683 0
6014 0.3471941981977014 0.7391615838844583 0
6015 0.3407609965603845 0.7464741064101741 0
6016 0.3342950915375048 0.7537253626537622 0
6017 0.3277972932271918 0.7609149270261708 0
6018 0.3212684172649125 0.7680423846493387 0
6019 0.3147092846818609 0.775107331428228 0
6020 0.3081207217624092 0.7821093741209832 0
6021 0.3015035599006478 0.7890481304072066 0
6022 0.2948586354560389 0.7959232289543354 0
6023 0.2881867896082057 0.802734309482115 0
6024 0.2814888682108866 0.8094810228251494 0
6025 0.2747657216450781 0.8161630309935253 0
6026 0.2680182046713901 0.8227800072314915 0
6027 0.2612471762816422 0.8293316360741934 0
6028 0.2544534995497247 0.8358176134024424 0
6029 0.2476380414817509 0.8422376464955185 0
6030 0.2408016728655271 0.8485914540819911 0
6031 0.2339452681193654 0.8548787663885554 0
6032 0.2270697051402667 0.8610993251868696 0
6033 0.6814015028546462 0.009897954058024461 0
6034 0.6794060169450178 0.01979506930410119 0
6035 0.677346892182787 0.02969050707191856 0
6036 0.6752241561953216 0.03958342898640971 0
6037 0.6730378476542203 0.04947299710931163 0
6038 0.6707880162685989 0.05935837408465017 0
6039 0.66847472277646 0.06923872328412023 0
6040 0.6660980389341473 0.0791132089523453 0
6041 0.6636580475038876 0.0889809963519772 0
6042 0.661154842239421 0.09884125190862852 0
6043 0.6585885278697238 0.1086931433555953 0
6044 0.6559592200808251 0.1185358398783574 0
6045 0.6532670454957215 0.1283685122588247 0
6046 0.6505121416523925 0.1381903330193063 0
6047 0.6476946569799212 0.1480004765661785 0
6048 0.6448147507727239 0.1577981193332245 0
6049 0.6418725931628931 0.1675824399246228 0
6050 0.6388683650906594 0.1773526192575587 0
6051 0.6358022582729761 0.1871078407044337 0
6052 0.6326744751702333 0.1968472902346502 0
6053 0.629485228951107 0.206570156555942 0
6054 0.6262347434555475 0.2162756312552341 0
6055 0.6229232531559179 0.2259629089389973 0
6056 0.6195510031162825 0.2356311873730842 0
6057 0.6161182489498608 0.2452796676220107 0
6058 0.6126252567746463 0.2549075541876703 0
6059 0.6090723031672034 0.2645140551474479 0
6060 0.6054596751146482 0.274098382291714 0
6061 0.6017876699648205 0.2836597512606749 0
6062 0.5980565953746598 0.293197381680553 0
6063 0.5942667692567881 0.3027104972990771 0
6064 0.5904185197243141 0.3121983261202546 0
6065 0.5865121850338666 0.321660100538407 0
6066 0.5825481135268649 0.331095057471442 0
6067 0.5785266635690408 0.3405024384933401 0
6068 0.5744482034882179 0.3498814899658333 0
6069 0.5703131115103623 0.3592314631692529 0
6070 0.5661217756939156 0.3685516144325222 0
6071 0.5618745938624191 0.3778412052622722 0
6072 0.5575719735354426 0.3870995024710628 0
6073 0.5532143318578329 0.3963257783046753 0
6074 0.5488020955272863 0.4055193105684683 0
6075 0.5443357007202662 0.4146793827527652 0
6076 0.539815593016274 0.4238052841572542 0
6077 0.5352422273204862 0.432896310014382 0
6078 0.5306160677847747 0.4419517616117155 0
6079 0.5259375877271196 0.4509709464132521 0
6080 0.5212072695494312 0.4599531781796599 0
6081 0.5164256046537956 0.4688977770874218 0
6082 0.5115930933571565 0.4778040698468674 0
6083 0.5067102448044505 0.4866713898190703 0
6084 0.5017775768802082 0.4954990771315903 0
6085 0.4967956161186388 0.5042864787930411 0
6086 0.4917648976122134 0.5130329488064628 0
6087 0.486685964918761 0.5217378482814811 0
6088 0.4815593699670966 0.530400545545231 0
6089 0.4763856729611937 0.5390204162520291 0
6090 0.4711654422829221 0.547596843491773 0
6091 0.4658992543933643 0.5561292178970492 0
6092 0.4605876937327307 0.5646169377489327 0
6093 0.4552313526188881 0.5730594090814569 0
6094 0.4498308311445208 0.5814560457847391 0
6095 0.4443867370729427 0.5898062697067417 0
6096 0.4388996857325764 0.5981095107536505 0
6097 0.4333702999101194 0.6063652069888557 0
6098 0.4277992097424159 0.6145728047305149 0
6099 0.4221870526070513 0.6227317586476849 0
6100 0.4165344730116906 0.6308415318550016 0
6101 0.4108421224821784 0.6389015960058946 0
6102 0.4051106594494203 0.6469114313843194 0
6103 0.3993407491350655 0.654870526994991 0
6104 0.3935330634360115 0.6627783806521025 0
6105 0.3876882808077474 0.6706344990665163 0
6106 0.3818070861465606 0.6784383979314084 0
6107 0.3758901706706246 0.6861896020063541 0
6108 0.3699382317999892 0.6938876451998405 0
6109 0.3639519730354936 0.7015320706501887 0
6110 0.3579321038366242 0.7091224308048747 0
6111 0.3518793394983377 0.7166582874982343 0
6112 0.345794401026871 0.7241392120275376 0
6113 0.3396780150145597 0.7315647852274201 0
6114 0.3335309135136858 0.7389345975426594 0
6115 0.3273538339093794 0.7462482490992821 0
6116 0.3211475187915924 0.7535053497739899 0
6117 0.3149127158261698 0.7607055192618938 0
6118 0.3086501776250392 0.7678483871425423 0
6119 0.3023606616155418 0.7749335929442347 0
6120 0.2960449299089272 0.781960786206606 0
6121 0.2897037491680357 0.788929626541474 0
6122 0.2833378904741886 0.7958397836919388 0
6123 0.2769481291933128 0.8026909375897204 0
6124 0.2705352448413215 0.8094827784107314 0
6125 0.2641000209487743 0.8162150066288671 0
6126 0.2576432449248386 0.8228873330680105 0
6127 0.251165707920581 0.829499478952239 0
6128 0.244668204691605 0.8360511759542252 0
6129 0.2381515334600665 0.8425421662418252 0
6130 0.2316164957760849 0.8489722025228426 0
6131 0.2250638963785778 0.8553410480879637 0
6132 0.6646377298678603 0.009725412780022147 0
6133 0.6625509244954706 0.01945006300372826 0
6134 0.6604062656207155 0.02917318824719872 0
6135 0.6582037783593833 0.03889402635128147 0
6136 0.6559434978674731 0.04861181555391958 0
6137 0.6536254693350898 0.05832579462240944 0
6138 0.6512497479786 0.06803520298556404 0
6139 0.648816399031043 0.07773928086576831 0
6140 0.6463254977308068 0.08743726941088842 0
6141 0.6437771293085646 0.09712841082602602 0
6142 0.6411713889724762 0.1068119485050867 0
6143 0.6385083818916591 0.1164871271621432 0
6144 0.6357882231779287 0.126153192962568 0
6145 0.6330110378658114 0.1358093936539148 0
6146 0.6301769608908374 0.145454978696526 0
6147 0.6272861370661127 0.1550891993938405 0
6148 0.6243387210571756 0.1647113090223843 0
6149 0.6213348773551448 0.174320562961417 0
6150 0.6182747802481601 0.1839162188222125 0
6151 0.6151586137911212 0.1934975365769546 0
6152 0.6119865717737336 0.2030637786872201 0
6153 0.6087588576868614 0.212614210232031 0
6154 0.6054756846871983 0.2221480990354521 0
6155 0.6021372755602569 0.2316647157937129 0
6156 0.5987438626816917 0.2411633342018278 0
6157 0.5952956879769512 0.2506432310797002 0
6158 0.5917930028792759 0.2601036864976798 0
6159 0.5882360682860437 0.2695439839015582 0
6160 0.5846251545134732 0.2789634102369771 0
6161 0.5809605412496908 0.28836125607323 0
6162 0.5772425175061711 0.2977368157264336 0
6163 0.5734713815675584 0.3070893873820496 0
6164 0.5696474409398787 0.3164182732167335 0
6165 0.56577101229715 0.3257227795194927 0
6166 0.5618424214264008 0.3350022168121274 0
6167 0.5578620031711071 0.3442558999689395 0
6168 0.5538301013730568 0.3534831483356844 0
6169 0.5497470688126506 0.3626832858477473 0
6170 0.5456132671476537 0.3718556411475201 0
6171 0.5414290668504025 0.3809995477009662 0
6172 0.5371948471434845 0.3901143439133411 0
6173 0.5329109959338966 0.3991993732440621 0
6174 0.5285779097456966 0.4082539843206955 0
6175 0.5241959936511582 0.4172775310520493 0
6176 0.519765661200442 0.4262693727403473 0
6177 0.5152873343497952 0.4352288741924685 0
6178 0.5107614433882905 0.4441554058302292 0
6179 0.5061884268631193 0.4530483437996908 0
6180 0.5015687315034505 0.4619070700794743 0
6181 0.4969028121428696 0.4707309725880612 0
6182 0.4921911316404096 0.4795194452900639 0
6183 0.4874341608001893 0.4882718883014457 0
6184 0.4826323782896716 0.4969877079936737 0
6185 0.4777862705565576 0.5056663170967843 0
6186 0.4728963317443282 0.5143071348013464 0
6187 0.4679630636064515 0.5229095868593008 0
6188 0.462986975419267 0.5314731056836628 0
6189 0.4579685838935655 0.5399971304470663 0
6190 0.4529084130848766 0.5484811071791358 0
6191 0.4478069943024826 0.5569244888626661 0
6192 0.442664866017171 0.565326735528597 0
6193 0.4374825737677463 0.5736873143497627 0
6194 0.4322606700663116 0.5820056997334015 0
6195 0.4269997143023422 0.5902813734124095 0
6196 0.4217002726455631 0.5985138245353233 0
6197 0.4163629179476508 0.6067025497550135 0
6198 0.4109882296427739 0.6148470533160773 0
6199 0.4055767936469915 0.6229468471409105 0
6200 0.4001292022565258 0.6310014509144496 0
6201 0.3946460540449275 0.6390103921675629 0
6202 0.3891279537591504 0.6469732063590827 0
6203 0.383575512214556 0.6548894369564568 0
6204 0.3779893461888613 0.6627586355150148 0
6205 0.3723700783150551 0.6705803617558258 0
6206 0.3667183369732951 0.6783541836421402 0
6207 0.3610347561818084 0.6860796774544005 0
6208 0.3553199754868124 0.6937564278638079 0
6209 0.3495746398514765 0.7013840280044316 0
6210 0.3437993995439434 0.7089620795438494 0
6211 0.3379949100244283 0.7164901927523069 0
6212 0.3321618318314179 0.7239679865703819 0
6213 0.3263008304669871 0.7313950886751448 0
6214 0.3204125762812541 0.7387711355448019 0
6215 0.3144977443559931 0.7460957725218091 0
6216 0.3085570143874271 0.753368653874449 0
6217 0.3025910705682174 0.7605894428568566 0
6218 0.2966006014686744 0.7677578117674861 0
6219 0.2905862999172065 0.7748734420060055 0
6220 0.2845488628800324 0.7819360241286128 0
6221 0.2784889913401714 0.7889452579017624 0
6222 0.2724073901757388 0.7959008523542914 0
6223 0.266304768037565 0.8028025258279377 0
6224 0.2601818372261584 0.8096500060262429 0
6225 0.2540393135680352 0.8164430300618277 0
6226 0.2478779162914373 0.8231813445020354 0
6227 0.2416983679014591 0.829864705412932 0
6228 0.2355013940546059 0.8364928784016593 0
6229 0.2292877234328045 0.8430656386571296 0
6230 0.2230580876168889 0.8495827709890579 0
6231 0.6478739568810742 0.009552871502019888 0
6232 0.6456958320459236 0.01910505670335555 0
6233 0.643465639058644 0.02865586942247883 0
6234 0.6411834005234449 0.03820462371615346 0
6235 0.6388491480807257 0.04775063399852764 0
6236 0.636462922401581 0.05729321516016839 0
6237 0.63402477318074 0.06683168268700751 0
6238 0.6315347591279387 0.07636535277919154 0
6239 0.6289929479577262 0.08589354246979952 0
6240 0.626399416377708 0.09541556974342336 0
6241 0.6237542500752284 0.104930753654578 0
6242 0.6210575437024932 0.1144384144459288 0
6243 0.6183094008601359 0.1239378736663111 0
6244 0.6155099340792303 0.1334284542885232 0
6245 0.6126592648017538 0.1429094808268734 0
6246 0.6097575233595014 0.1523802794544564 0
6247 0.606804848951458 0.1618401781201459 0
6248 0.6038013896196304 0.1712885066652752 0
6249 0.600747302223344 0.1807245969399913 0
6250 0.5976427524120091 0.1901477829192592 0
6251 0.5944879145963602 0.199557400818498 0
6252 0.5912829719181754 0.2089527892088279 0
6253 0.5880281162184783 0.2183332891319069 0
6254 0.5847235480042312 0.2276982442143415 0
6255 0.5813694764135225 0.237047000781645 0
6256 0.5779661191792561 0.2463789079717302 0
6257 0.5745137025913484 0.2556933178479118 0
6258 0.5710124614574394 0.2649895855114023 0
6259 0.5674626390621259 0.2742670692132794 0
6260 0.5638644871247218 0.283525130465907 0
6261 0.560218265755554 0.2927631341537902 0
6262 0.5565242434108025 0.3019804486438447 0
6263 0.5527826968458909 0.3111764458950602 0
6264 0.5489939110674349 0.3203505015675434 0
6265 0.5451581792837608 0.3295019951309145 0
6266 0.5412758028539965 0.3386303099720454 0
6267 0.5373470912357511 0.3477348335021159 0
6268 0.5333723619313855 0.3568149572629725 0
6269 0.5293519404328884 0.365870077032768 0
6270 0.5252861601653622 0.3748995929308694 0
6271 0.5211753624291361 0.3839029095220069 0
6272 0.5170198963405069 0.3928794359196558 0
6273 0.512820118771127 0.4018285858886259 0
6274 0.5085763942860423 0.4107497779468443 0
6275 0.5042890950803979 0.4196424354663125 0
6276 0.4999586009148157 0.4285059867732216 0
6277 0.4955852990494615 0.4373398652472062 0
6278 0.4911695841768073 0.4461435094197216 0
6279 0.4867118583531055 0.4549163630715268 0
6280 0.4822125309285826 0.463657875329255 0
6281 0.4776720184763686 0.4723675007610574 0
6282 0.4730907447201704 0.4810446994713011 0
6283 0.4684691404607045 0.4896889371943062 0
6284 0.4638076435009019 0.4982996853871058 0
6285 0.4591066985698954 0.5068764213212117 0
6286 0.4543667572458063 0.5154186281733706 0
6287 0.4495882778773403 0.5239257951152965 0
6288 0.444771725504209 0.5323974174023596 0
6289 0.439917571776389 0.5408329964612221 0
6290 0.4350262948722343 0.5492320399763994 0
6291 0.4300983794154539 0.5575940619757372 0
6292 0.4251343163909717 0.5659185829147864 0
6293 0.4201346030596804 0.5742051297600612 0
6294 0.4150997428721079 0.5824532360711685 0
6295 0.4100302453810068 0.5906624420817909 0
6296 0.4049266261528858 0.5988322947795122 0
6297 0.3997894066784966 0.6069623479844695 0
6298 0.3946191142822924 0.6150521624268194 0
6299 0.3894162820308733 0.6231013058230046 0
6300 0.3841814486404348 0.6311093529508067 0
6301 0.3789151583832354 0.6390758857231744 0
6302 0.3736179609931004 0.6470004932608111 0
6303 0.3682904115699752 0.6548827719635133 0
6304 0.3629330704835496 0.6627223255802431 0
6305 0.3575465032759656 0.6705187652779261 0
6306 0.3521312805636275 0.6782717097089603 0
6307 0.3466879779381311 0.685980785077427 0
6308 0.3412171758663288 0.6936456252039883 0
6309 0.3357194595895491 0.7012658715894645 0
6310 0.3301954190219853 0.7088411734770762 0
6311 0.3246456486482761 0.7163711879133438 0
6312 0.3190707474202884 0.7238555798076305 0
6313 0.3134713186531286 0.7312940219903218 0
6314 0.3078479699203938 0.7386861952696281 0
6315 0.3022013129486844 0.7460317884870039 0
6316 0.2965319635113957 0.753330498571171 0
6317 0.2908405413218069 0.7605820305907374 0
6318 0.2851276699254858 0.7677860978054049 0
6319 0.2793939765920292 0.7749424217157516 0
6320 0.2736400922061543 0.7820507321115862 0
6321 0.267866651158165 0.7891107671188622 0
6322 0.2620742912338085 0.7961222732451438 0
6323 0.2562636535035426 0.8030850054236185 0
6324 0.2504353822112316 0.809998727055645 0
6325 0.2445901246622935 0.8168632100518318 0
6326 0.2387285311113132 0.8236782348716389 0
6327 0.2328512546491453 0.8304435905614933 0
6328 0.226958951089524 0.8371590747914166 0
6329 0.2210522788552 0.8438244938901522 0
6330 0.6311101838942881 0.009380330224017686 0
6331 0.6288407395963765 0.01876005040298268 0
6332 0.6265250124965724 0.02813855059775894 0
6333 0.6241630226875066 0.03751522108102512 0
6334 0.6217547982939784 0.04688945244313575 0
6335 0.6193003754680719 0.05626063569792739 0
6336 0.61679979838288 0.06562816238845121 0
6337 0.6142531192248344 0.07499142469261483 0
6338 0.6116603981846456 0.08434981552871074 0
6339 0.6090217034468517 0.09370272866082069 0
6340 0.6063371111779809 0.1030495588040692 0
6341 0.6036067055133274 0.1123897017297144 0
6342 0.600830578542343 0.1217225543700544 0
6343 0.5980088302926492 0.1310475149231317 0
6344 0.59514156871267 0.1403639829572208 0
6345 0.5922289096528902 0.1496713595150722 0
6346 0.5892709768457405 0.1589690472179075 0
6347 0.5862679018841159 0.1682564503691336 0
6348 0.583219824198528 0.1775329750577699 0
6349 0.5801268910328971 0.1867980292615636 0
6350 0.5769892574189869 0.196051022949776 0
6351 0.5738070861494892 0.2052913681856247 0
6352 0.5705805477497585 0.2145184792283617 0
6353 0.5673098204482055 0.2237317726349702 0
6354 0.5639950901453533 0.2329306673614622 0
6355 0.560636550381561 0.2421145848637602 0
6356 0.5572344023034208 0.2512829491981438 0
6357 0.553788854628835 0.2604351871212464 0
6358 0.5503001236107786 0.2695707281895817 0
6359 0.5467684329997526 0.2786890048585839 0
6360 0.5431940140049369 0.2877894525811469 0
6361 0.5395771052540468 0.2968715099056396 0
6362 0.535917952751903 0.3059346185733867 0
6363 0.53221680983772 0.3149782236155941 0
6364 0.5284739371411207 0.3240017734497017 0
6365 0.5246896025368857 0.3330047199751514 0
6366 0.5208640810984455 0.3419865186685475 0
6367 0.5169976550501205 0.3509466286781978 0
6368 0.513090613718123 0.3598845129180159 0
6369 0.509143253480322 0.3687996381607728 0
6370 0.5051558777147876 0.3776914751306727 0
6371 0.5011287967471173 0.3865594985952495 0
6372 0.4970623277965573 0.3954031874565563 0
6373 0.4929567949209265 0.4042220248416393 0
6374 0.4888125289603537 0.4130154981922777 0
6375 0.4846298674798363 0.4217830993539747 0
6376 0.4804091547106325 0.4305243246641833 0
6377 0.4761507414904954 0.4392386750397524 0
6378 0.4718549852027605 0.4479256560635794 0
6379 0.4675222497142957 0.4565847780704488 0
6380 0.4631529053123278 0.465215556232051 0
6381 0.4587473286401514 0.4738175106411564 0
6382 0.4543059026317374 0.4823901663949388 0
6383 0.4498290164452461 0.4909330536774273 0
6384 0.4453170653954626 0.4994457078410771 0
6385 0.4407704508851612 0.5079276694874405 0
6386 0.4361895803354137 0.5163784845469301 0
6387 0.4315748671148524 0.5247977043576529 0
6388 0.4269267304679014 0.5331848857433085 0
6389 0.422245595441986 0.5415395910901327 0
6390 0.4175318928137369 0.5498613884228776 0
6391 0.412786059014197 0.5581498514798101 0
6392 0.4080085360530493 0.5664045597867211 0
6393 0.4031997714418738 0.5746250987299275 0
6394 0.3983602181164505 0.5828110596282585 0
6395 0.3934903343581207 0.5909620398040107 0
6396 0.3885905837142192 0.5990776426528617 0
6397 0.3836614349175932 0.6071574777127283 0
6398 0.3787033618052207 0.6152011607315595 0
6399 0.3737168432359421 0.6232083137340504 0
6400 0.3687023630073204 0.6311785650872661 0
6401 0.3636604097716448 0.6391115495651654 0
6402 0.3585914769510891 0.6470069084120118 0
6403 0.3534960626520441 0.6548642894046606 0
6404 0.3483746695786362 0.6626833469137121 0
6405 0.3432278049454467 0.6704637419635202 0
6406 0.33805598038945 0.6782051422910463 0
6407 0.3328597118811812 0.6859072224035452 0
6408 0.3276395196351548 0.6935696636350794 0
6409 0.3223959280195426 0.7011921542018454 0
6410 0.3171294654651343 0.7087743892563055 0
6411 0.3118406643735897 0.716316070940116 0
6412 0.3065300610250032 0.7238169084358415 0
6413 0.3011981954847945 0.7312766180174473 0
6414 0.2958456115099417 0.7386949230995591 0
6415 0.290472856454574 0.7460715542854854 0
6416 0.2850804811749395 0.7534062494139888 0
6417 0.2796690399337652 0.7606987536048044 0
6418 0.2742390903040259 0.7679488193028903 0
6419 0.2687911930721371 0.7751562063214099 0
6420 0.2633259121405911 0.782320681883433 0
6421 0.2578438144300521 0.7894420206623501 0
6422 0.2523454697809267 0.7965200048209943 0
6423 0.2468314508544281 0.8035544240494622 0
6424 0.2413023330331499 0.8105450756016284 0
6425 0.2357586943211673 0.8174917643303456 0
6426 0.2302011152436847 0.8243943027213274 0
6427 0.2246301787462436 0.8312525109257036 0
6428 0.2190464700935111 0.8380662167912465 0
6429 0.6143464109075022 0.009207788946015483 0
6430 0.6119856471468295 0.01841504410260991 0
6431 0.6095843859345008 0.02762123177303899 0
6432 0.6071426448515683 0.03682581844589705 0
6433 0.6046604485072311 0.04602827088774375 0
6434 0.6021378285345629 0.0552280562356865 0
6435 0.59957482358502 0.06442464208989479 0
6436 0.5969714793217302 0.07361749660603778 0
6437 0.5943278484115648 0.08280608858762173 0
6438 0.5916439905159953 0.09198988757821813 0
6439 0.5889199722807335 0.1011683639535605 0
6440 0.5861558673241616 0.1103409890135 0
6441 0.5833517562245502 0.1195072350737975 0
6442 0.580507726506068 0.1286665755577403 0
6443 0.5776238726235863 0.1378184850875681 0
6444 0.5747002959462788 0.1469624395756883 0
6445 0.571737104740023 0.156097916315669 0
6446 0.5687344141486015 0.1652243940729919 0
6447 0.5656923461737121 0.1743413531755487 0
6448 0.562611029653785 0.1834482756038681 0
6449 0.5594906002416137 0.192544645081054 0
6450 0.5563312003808031 0.2016299471624216 0
6451 0.5531329792810387 0.2107036693248163 0
6452 0.5498960928921799 0.219765301055599 0
6453 0.5466207038771843 0.2288143339412794 0
6454 0.5433069815838659 0.2378502617557901 0
6455 0.5399551020154932 0.2468725805483758 0
6456 0.5365652478002307 0.2558807887310905 0
6457 0.5331376081594315 0.2648743871658839 0
6458 0.5296723788747837 0.2738528792512608 0
6459 0.5261697622543198 0.2828157710085034 0
6460 0.5226299670972909 0.2917625711674345 0
6461 0.5190532086579152 0.3006927912517133 0
6462 0.515439708608005 0.3096059456636448 0
6463 0.5117896949984806 0.3185015517684889 0
6464 0.5081034022197751 0.3273791299782574 0
6465 0.5043810709611398 0.3362382038349789 0
6466 0.5006229481688556 0.345078300093423 0
6467 0.4968292870033577 0.3538989488032638 0
6468 0.4930003467952818 0.3626996833906762 0
6469 0.4891363930004393 0.3714800407393385 0
6470 0.4852376971537277 0.3802395612708432 0
6471 0.4813045368219877 0.3889777890244867 0
6472 0.4773371955558108 0.3976942717364343 0
6473 0.4733359628403095 0.4063885609182429 0
6474 0.4693011340448567 0.4150602119347278 0
6475 0.4652330103718035 0.4237087840811603 0
6476 0.4611318988041835 0.4323338406597834 0
6477 0.4569981120524154 0.4409349490556319 0
6478 0.4528319685000088 0.4495116808116427 0
6479 0.4486337921482869 0.4580636117030445 0
6480 0.4444039125601326 0.4665903218110118 0
6481 0.4401426648027702 0.4750913955955714 0
6482 0.4358503893895904 0.4835664219677489 0
6483 0.4315274322210298 0.4920149943609424 0
6484 0.4271741445245161 0.5004367108015104 0
6485 0.422790882793487 0.5088311739785638 0
6486 0.418378008725496 0.5171979913129463 0
6487 0.4139358891594137 0.5255367750253949 0
6488 0.4094648960117378 0.5338471422038661 0
6489 0.4049654062120198 0.5421287148700178 0
6490 0.4004378016374225 0.5503811200448339 0
6491 0.3958824690464182 0.5586039898133809 0
6492 0.3912998000116396 0.5667969613886865 0
6493 0.3866901908518943 0.5749596771747263 0
6494 0.3820540425633556 0.5830917848285093 0
6495 0.3773917607499419 0.5911929373212539 0
6496 0.3727037555528941 0.5992627929986373 0
6497 0.3679904415795681 0.6073010156401146 0
6498 0.3632522378314493 0.6153072745172941 0
6499 0.3584895676314054 0.6232812444513578 0
6500 0.3537028585501892 0.6312226058695196 0
6501 0.348892542332203 0.6391310448605103 0
6502 0.3440590548205387 0.6470062532290779 0
6503 0.3392028358813067 0.654847928549498 0
6504 0.334324329327266 0.6626557742180802 0
6505 0.3294239828407687 0.6704294995046653 0
6506 0.3245022478960337 0.678168819603102 0
6507 0.3195595796807605 0.6858734556806946 0
6508 0.3145964370170998 0.6935431349266148 0
6509 0.3096132822819926 0.7011775905992673 0
6510 0.304610581326891 0.7087765620726014 0
6511 0.2995888033968779 0.7163397948813612 0
6512 0.2945484210491952 0.7238670407652662 0
6513 0.289489910071199 0.7313580577121142 0
6514 0.2844137493977522 0.7388126099997995 0
6515 0.2793204210280721 0.7462304682372402 0
6516 0.2742104099420446 0.7536114094042037 0
6517 0.2690842040160227 0.7609552168900289 0
6518 0.26394229393812 0.7682616805312337 0
6519 0.2587851731230172 0.7755305966480038 0
6520 0.2536133376262956 0.7827617680795563 0
6521 0.2484272860583109 0.7899550042183701 0
6522 0.2432275194976247 0.7971101210432794 0
6523 0.2380145414040061 0.8042269411514247 0
6524 0.2327888575310214 0.8113052937890525 0
6525 0.2275509758382241 0.8183450148811614 0
6526 0.2223014064029631 0.8253459470599908 0
6527 0.2170406613318222 0.8323079396923405 0
6528 0.5975826379207162 0.00903524766801328 0
6529 0.5951305546972824 0.01807003780223704 0
6530 0.5926437593724292 0.02710391294831915 0
6531 0.59012226701563 0.03613641581076893 0
6532 0.5875660987204838 0.0451670893323517 0
6533 0.5849752816010538 0.05419547677344561 0
6534 0.58234984878716 0.06322112179133837 0
6535 0.5796898394186258 0.07224356851946107 0
6536 0.5769952986384841 0.08126236164653305 0
6537 0.5742662775851387 0.09027704649561547 0
6538 0.5715028333834857 0.09928716910305185 0
6539 0.5687050291349955 0.1082922762972858 0
6540 0.5658729339067572 0.1172919157775407 0
6541 0.5630066227194869 0.1262856361923487 0
6542 0.5601061765345026 0.1352729872179156 0
6543 0.5571716822396676 0.1442535196363042 0
6544 0.5542032326343054 0.1532267854134305 0
6545 0.5512009264130869 0.1621923377768501 0
6546 0.548164868148896 0.1711497312933273 0
6547 0.5450951682746727 0.1800985219461726 0
6548 0.5419919430642401 0.1890382672123319 0
6549 0.5388553146121169 0.1979685261392184 0
6550 0.5356854108123189 0.2068888594212711 0
6551 0.5324823653361542 0.2157988294762276 0
6552 0.5292463176090151 0.2246980005210965 0
6553 0.5259774127861708 0.23358593864782 0
6554 0.5226758017275656 0.2424622118986078 0
6555 0.5193416409716263 0.2513263903409347 0
6556 0.5159750927080839 0.2601780461421861 0
6557 0.5125763247498145 0.2690167536439378 0
6558 0.5091455105037027 0.27784208943586 0
6559 0.5056828289405351 0.2866536324292295 0
6560 0.5021884645639273 0.2954509639300399 0
6561 0.49866260737829 0.3042336677116954 0
6562 0.4951054528558405 0.3130013300872763 0
6563 0.4915172019026643 0.3217535399813635 0
6564 0.4878980608238341 0.3304898890014105 0
6565 0.4842482412875904 0.3392099715086482 0
6566 0.4805679602885923 0.3479133846885118 0
6567 0.4768574401102416 0.3565997286205794 0
6568 0.4731169082860908 0.3652686063480044 0
6569 0.4693465975603381 0.373919623946437 0
6570 0.465546745847418 0.382552390592417 0
6571 0.461717596190695 0.3911665186312293 0
6572 0.4578593967202653 0.3997616236442081 0
6573 0.4539724006098773 0.4083373245154809 0
6574 0.4500568660329744 0.4168932434981373 0
6575 0.4461130561178717 0.4254290062798142 0
6576 0.4421412389020704 0.4339442420476843 0
6577 0.4381416872857218 0.4424385835528365 0
6578 0.4341146789842458 0.4509116671740382 0
6579 0.4300604964801136 0.4593631329808673 0
6580 0.425979426973803 0.467792624796204 0
6581 0.4218717623339346 0.4761997902580704 0
6582 0.417737799046597 0.4845842808808076 0
6583 0.4135778381638709 0.4929457521155802 0
6584 0.4093921852515603 0.5012838634101975 0
6585 0.4051811503361394 0.5095982782682396 0
6586 0.4009450478509261 0.5178886643074812 0
6587 0.3966841965814896 0.5261546933175995 0
6588 0.3923989196103027 0.5343960413171581 0
6589 0.3880895442606478 0.5426123886098575 0
6590 0.383756402039787 0.5508034198400408 0
6591 0.3793998285814053 0.5589688240474455 0
6592 0.3750201635873379 0.5671082947211938 0
6593 0.3706177507685905 0.5752215298530079 0
6594 0.3661929377856644 0.5833082319896462 0
6595 0.361746076188195 0.5913681082845462 0
6596 0.3572775213539156 0.5994008705486696 0
6597 0.3527876324269565 0.6074062353005377 0
6598 0.3482767722554903 0.6153839238154495 0
6599 0.3437453073287337 0.6233336621738739 0
6600 0.3391936077133168 0.6312551813090088 0
6601 0.3346220469890331 0.6391482170534953 0
6602 0.3300310021839771 0.6470125101852839 0
6603 0.3254208537090851 0.6548478064726402 0
6604 0.3207919852920875 0.6626538567182846 0
6605 0.316144783910886 0.6704304168026588 0
6606 0.3114796397263661 0.6781772477263096 0
6607 0.306796946014657 0.685894115651384 0
6608 0.3020970990988507 0.6935807919422292 0
6609 0.2973804982801923 0.7012370532050869 0
6610 0.2926475457687525 0.708862681326881 0
6611 0.2878986466135959 0.7164574635130853 0
6612 0.2831342086324563 0.7240211923246691 0
6613 0.2783546423409305 0.7315536657141138 0
6614 0.2735603608812047 0.7390546870604916 0
6615 0.268751779950324 0.7465240652036034 0
6616 0.2639293177280195 0.7539616144771677 0
6617 0.2590933948041028 0.7613671547410574 0
6618 0.2542444341054434 0.7687405114125748 0
6619 0.249382860822539 0.7760815154967626 0
6620 0.2445091023356951 0.7833900036157457 0
6621 0.2396235881408211 0.7906658180370967 0
6622 0.2347267497748624 0.7979088067012212 0
6623 0.2298190207408755 0.8051188232477592 0
6624 0.2249008364327636 0.8122957270409956 0
6625 0.2199726340596827 0.8194393831942778 0
6626 0.2150348525701334 0.8265496625934348 0
6627 0.5808188649339301 0.008862706390011132 0
6628 0.5782754622477353 0.01772503150186411 0
6629 0.5757031328103577 0.02658659412359937 0
6630 0.5731018891796916 0.03544701317564081 0
6631 0.5704717489337365 0.04430590777695981 0
6632 0.567812734667545 0.05316289731120466 0
6633 0.5651248739893 0.06201760149278207 0
6634 0.5624081995155216 0.07086964043288418 0
6635 0.5596627488654035 0.07971863470544405 0
6636 0.5568885646542823 0.08856420541301296 0
6637 0.5540856944862381 0.09740597425254321 0
6638 0.5512541909458296 0.1062435635810715 0
6639 0.5483941115889643 0.115076596481284 0
6640 0.5455055189329057 0.1239046968269572 0
6641 0.5425884804454189 0.132727489348263 0
6642 0.5396430685330563 0.1415445996969201 0
6643 0.5366693605285878 0.1503556545111921 0
6644 0.5336674386775725 0.1591602814807084 0
6645 0.5306373901240801 0.1679581094111061 0
6646 0.5275793068955607 0.176748768288477 0
6647 0.5244932858868669 0.1855318893436099 0
6648 0.5213794288434308 0.1943071051160152 0
6649 0.5182378423435992 0.2030740495177259 0
6650 0.5150686377801285 0.2118323578968563 0
6651 0.511871931340846 0.2205816671009137 0
6652 0.5086478439884756 0.22932161553985 0
6653 0.505396501439638 0.2380518432488396 0
6654 0.5021180341430219 0.2467719919507789 0
6655 0.4988125772567367 0.2554817051184884 0
6656 0.4954802706248455 0.2641806280366148 0
6657 0.4921212587530857 0.2728684078632165 0
6658 0.4887356907837793 0.2815446936910245 0
6659 0.4853237204699394 0.2902091366083665 0
6660 0.4818855061485751 0.2988613897597462 0
6661 0.4784212107132004 0.3075011084060634 0
6662 0.4749310015855537 0.3161279499844695 0
6663 0.4714150506865284 0.3247415741678418 0
6664 0.4678735344063254 0.3333416429238734 0
6665 0.464306633573827 0.3419278205737597 0
6666 0.4607145334252014 0.3504997738504828 0
6667 0.4570974235717424 0.3590571719566702 0
6668 0.4534554979669485 0.3675996866220307 0
6669 0.4497889548728484 0.3761269921603474 0
6670 0.4460979968255792 0.3846387655260243 0
6671 0.4423828306002211 0.3931346863701733 0
6672 0.4386436671748977 0.4016144370962339 0
6673 0.4348807216941454 0.4100777029151143 0
6674 0.4310942134315597 0.4185241718998451 0
6675 0.4272843657517253 0.4269535350397369 0
6676 0.4234514060714348 0.4353654862940304 0
6677 0.4195955658202049 0.4437597226450317 0
6678 0.4157170804000947 0.4521359441507226 0
6679 0.4118161891448359 0.4604938539968366 0
6680 0.4078931352782789 0.4688331585483919 0
6681 0.4039481658721642 0.4771535674006729 0
6682 0.3999815318032258 0.4854547934296501 0
6683 0.3959934877096336 0.4937365528418313 0
6684 0.3919842919467829 0.5019985652235329 0
6685 0.3879542065424384 0.5102405535895675 0
6686 0.3839034971512413 0.5184622444313328 0
6687 0.3798324330085856 0.5266633677642983 0
6688 0.3757412868838732 0.5348436571748811 0
6689 0.3716303350331558 0.5430028498667006 0
6690 0.3674998571511712 0.5511406867062045 0
6691 0.3633501363227816 0.5592569122676615 0
6692 0.3591814589738255 0.5673512748775066 0
6693 0.354994114821387 0.5754235266580383 0
6694 0.3507883968234958 0.5834734235704551 0
6695 0.3465646011282629 0.5915007254572244 0
6696 0.3423230270224638 0.5995051960837814 0
6697 0.3380639768795753 0.6074866031795412 0
6698 0.333787756107278 0.6154447184782282 0
6699 0.3294946730944307 0.6233793177575072 0
6700 0.3251850391575276 0.6312901808779128 0
6701 0.3208591684866476 0.63917709182107 0
6702 0.3165173780909042 0.6470398387272001 0
6703 0.3121599877434063 0.6548782139319038 0
6704 0.3077873199257383 0.6626920140022157 0
6705 0.3033996997719717 0.6704810397719245 0
6706 0.2989974550122141 0.6782450963761533 0
6707 0.294580915915709 0.6859839932851909 0
6708 0.2901504152334936 0.6936975443375724 0
6709 0.285706288140627 0.7013855677724008 0
6710 0.2812488721779967 0.7090478862609044 0
6711 0.2767785071937136 0.7166843269372243 0
6712 0.2722955352841087 0.7242947214284283 0
6713 0.2678003007343372 0.7318789058837429 0
6714 0.2632931499586033 0.7394367210030027 0
6715 0.2587744314400163 0.7469680120643063 0
6716 0.2542444956700857 0.7544726289508812 0
6717 0.2497036950878694 0.7619504261771456 0
6718 0.2451523840187825 0.7694012629139688 0
6719 0.2405909186130792 0.7768250030131214 0
6720 0.2360196567840176 0.7842215150309138 0
6721 0.2314389581457186 0.7915906722510178 0
6722 0.2268491839507296 0.798932352706466 0
6723 0.222250697027303 0.8062464392008296 0
6724 0.2176438617164022 0.8135328193285648 0
6725 0.2130290438084445 0.820791385494529 0
6726 0.5640550919471441 0.00869016511200893 0
6727 0.5614203697981883 0.01738002520149151 0
6728 0.5587625062482862 0.02606927529887937 0
6729 0.5560815113437533 0.03475761054051257 0
6730 0.5533773991469892 0.04344472622156775 0
6731 0.550650187734036 0.0521303178489636 0
6732 0.54789989919144 0.06081408119422549 0
6733 0.5451265596124172 0.06949571234630736 0
6734 0.5423301990923228 0.07817490776435526 0
6735 0.5395108517234258 0.0868513643304103 0
6736 0.5366685555889905 0.09552477940203452 0
6737 0.5338033527566637 0.1041948508648571 0
6738 0.5309152892711715 0.1128612771850271 0
6739 0.5280044151463246 0.1215237574615658 0
6740 0.525070784356335 0.1301819914786104 0
6741 0.5221144548264451 0.138835679757536 0
6742 0.5191354884228703 0.1474845236089536 0
6743 0.5161339509420579 0.1561282251845667 0
6744 0.5131099120992642 0.1647664875288848 0
6745 0.5100634455164486 0.1733990146307817 0
6746 0.5069946287094935 0.1820255114748877 0
6747 0.5039035430747447 0.1906456840928121 0
6748 0.5007902738748793 0.1992592396141807 0
6749 0.4976549102241028 0.207865886317485 0
6750 0.4944975450726767 0.2164653336807308 0
6751 0.4913182751907806 0.2250572924318799 0
6752 0.4881172011517105 0.2336414745990716 0
6753 0.4848944273144176 0.2422175935606231 0
6754 0.4816500618053894 0.2507853640947906 0
6755 0.4783842164998764 0.2593445024292917 0
6756 0.4750970070024685 0.2678947262905732 0
6757 0.4717885526270235 0.2764357549528195 0
6758 0.4684589763759516 0.2849673092866931 0
6759 0.4651084049188601 0.2934891118077968 0
6760 0.4617369685705604 0.3020008867248506 0
6761 0.458344801268443 0.3105023599875755 0
6762 0.4549320405492228 0.3189932593342734 0
6763 0.4514988275250604 0.3274733143390986 0
6764 0.4480453068590616 0.3359422564590076 0
6765 0.4445716267401611 0.344399819080386 0
6766 0.441077938857394 0.352845737565336 0
6767 0.4375643983735588 0.3612797492976244 0
6768 0.4340311638982788 0.3697015937282778 0
6769 0.4304783974604634 0.3781110124208193 0
6770 0.4269062644801769 0.3865077490961385 0
6771 0.4233149337399182 0.394891549676987 0
6772 0.4197045773553164 0.4032621623320913 0
6773 0.4160753707452478 0.4116193375198759 0
6774 0.4124274926013803 0.4199628280317894 0
6775 0.4087611248571479 0.4282923890352242 0
6776 0.405076452656164 0.4366077781160252 0
6777 0.4013736643200758 0.444908755320578 0
6778 0.3976529513158688 0.4531950831974691 0
6779 0.3939145082226231 0.4614665268387134 0
6780 0.3901585326977314 0.4697228539205383 0
6781 0.3863852254425807 0.47796383474372 0
6782 0.3825947901677069 0.4861892422734648 0
6783 0.3787874335574263 0.4943988521788262 0
6784 0.3749633652339507 0.5025924428716539 0
6785 0.3711227977209931 0.5107697955450661 0
6786 0.3672659464068685 0.5189306942114384 0
6787 0.3633930295070986 0.5270749257399048 0
6788 0.3595042680265247 0.5352022798933603 0
6789 0.355599885720937 0.5433125493649635 0
6790 0.3516801090582253 0.5514055298141292 0
6791 0.3477451671790604 0.5594810199020053 0
6792 0.3437952918571096 0.5675388213264306 0
6793 0.3398307174587967 0.5755787388563639 0
6794 0.3358516809026104 0.5836005803657796 0
6795 0.3318584216179711 0.5916041568670251 0
6796 0.3278511815036602 0.5995892825436329 0
6797 0.3238302048858224 0.6075557747825825 0
6798 0.3197957384755446 0.6155034542060057 0
6799 0.3157480313260221 0.6234321447023301 0
6800 0.3116873347893181 0.631341673456856 0
6801 0.3076139024727235 0.6392318709817599 0
6802 0.303527990194725 0.6471025711455229 0
6803 0.2994298559405907 0.6549536112017724 0
6804 0.2953197598175774 0.6627848318175396 0
6805 0.2911979640097713 0.6705960771009226 0
6806 0.2870647327325672 0.6783871946281526 0
6807 0.2829203321867949 0.6861580354700578 0
6808 0.2787650305125017 0.6939084542179207 0
6809 0.2745990977423973 0.7016383090087235 0
6810 0.2704228057549709 0.7093474615497795 0
6811 0.266236428227287 0.7170357771427425 0
6812 0.2620402405874698 0.7247031247069944 0
6813 0.2578345199668827 0.7323493768024021 0
6814 0.253619545152013 0.7399744096514449 0
6815 0.2493955965360686 0.7475781031607048 0
6816 0.2451629560702956 0.7551603409417165 0
6817 0.240921907215026 0.7627210103311751 0
6818 0.2366727348904634 0.7702600024104971 0
6819 0.2324157254272141 0.777777212024731 0
6820 0.2281511665165749 0.7852725378008141 0
6821 0.2238793471605837 0.7927458821651728 0
6822 0.2196005576218424 0.8001971513606636 0
6823 0.2153150893731218 0.8076262554628518 0
6824 0.2110232350467555 0.8150331083956233 0
6825 0.5472913189603581 0.008517623834006616 0
6826 0.5445652773486412 0.01703501890111853 0
6827 0.5418218796862146 0.02555195647415937 0
6828 0.539061133507815 0.03406820790538434 0
6829 0.536283049360242 0.04258354466617592 0
6830 0.533487640800527 0.05109773838672282 0
6831 0.53067492439358 0.05961056089566918 0
6832 0.5278449197093129 0.06812178425973048 0
6833 0.5249976493192421 0.07663118082326648 0
6834 0.5221331387925694 0.08513852324780768 0
6835 0.5192514166917429 0.09364358455152583 0
6836 0.5163525145674979 0.1021461381486429 0
6837 0.5134364669533786 0.1106459578887702 0
6838 0.5105033113597435 0.1191428180961743 0
6839 0.5075530882672513 0.1276364936089577 0
6840 0.5045858411198338 0.1361267598181519 0
6841 0.5016016163171527 0.1446133927067151 0
6842 0.4986004632065436 0.153096168888425 0
6843 0.4955824340744481 0.1615748656466635 0
6844 0.4925475841373365 0.1700492609730862 0
6845 0.4894959715321202 0.1785191336061658 0
6846 0.4864276573060585 0.186984263069609 0
6847 0.4833427054061595 0.1954444297106355 0
6848 0.4802411826680771 0.2038994147381137 0
6849 0.4771231588045076 0.2123490002605481 0
6850 0.4739887063930854 0.2207929693239098 0
6851 0.4708379008637829 0.2292311059493037 0
6852 0.4676708204858133 0.2376631951704672 0
6853 0.4644875463540421 0.2460890230710929 0
6854 0.4612881623749074 0.2545083768219687 0
6855 0.4580727552518514 0.2629210447179297 0
6856 0.4548414144702677 0.2713268162146145 0
6857 0.4515942322819638 0.2797254819650196 0
6858 0.4483313036891451 0.2881168338558475 0
6859 0.4450527264279204 0.2965006650436379 0
6860 0.4417586009513323 0.3048767699906815 0
6861 0.4384490304119172 0.3132449445007049 0
6862 0.4351241206437954 0.3216049857543238 0
6863 0.4317839801442963 0.3299566923442556 0
6864 0.4284287200551209 0.3382998643102894 0
6865 0.4250584541430455 0.3466343031740018 0
6866 0.4216732987801692 0.3549598119732181 0
6867 0.4182733729237091 0.3632761952962082 0
6868 0.4148587980953476 0.3715832593156144 0
6869 0.4114296983601328 0.3798808118221038 0
6870 0.4079862003049388 0.3881686622577401 0
6871 0.4045284330164873 0.3964466217490684 0
6872 0.4010565280589359 0.4047145031399068 0
6873 0.3975706194510353 0.412972121023842 0
6874 0.394070843642861 0.421219291776418 0
6875 0.390557339492123 0.4294558335870188 0
6876 0.3870302482400569 0.4376815664904334 0
6877 0.3834897134869016 0.4458963123981018 0
6878 0.3799358811669674 0.454099895129035 0
6879 0.3763688995232986 0.4622921404404036 0
6880 0.3727889190819356 0.4704728760577899 0
6881 0.3691960926257802 0.4786419317050986 0
6882 0.3655905751680698 0.4867991391341195 0
6883 0.3619725239254631 0.4949443321537405 0
6884 0.3583420982907449 0.5030773466587994 0
6885 0.3546994598051514 0.5111980206585788 0
6886 0.351044772130324 0.5193061943049285 0
6887 0.3473782010198936 0.5274017099200201 0
6888 0.3436999142907027 0.5354844120237227 0
6889 0.3400100817936691 0.5435541473605967 0
6890 0.3363088753842954 0.5516107649265038 0
6891 0.3325964688928322 0.559654115994823 0
6892 0.3288730380940976 0.5676840541422729 0
6893 0.3251387606769579 0.5757004352743347 0
6894 0.3213938162134783 0.5837031176502687 0
6895 0.3176383861277452 0.5916919619077246 0
6896 0.3138726536643669 0.5996668310869369 0
6897 0.3100968038566585 0.6076275906545042 0
6898 0.3063110234945166 0.6155741085267474 0
6899 0.3025155010919887 0.6235062550926419 0
6900 0.2987104268545426 0.6314239032363199 0
6901 0.2948959926460438 0.6393269283591423 0
6902 0.291072391955443 0.6472152084013293 0
6903 0.2872398198631831 0.6550886238631546 0
6904 0.2833984730073285 0.662947057825692 0
6905 0.2795485495494254 0.6707903959711145 0
6906 0.2756902491400962 0.6786185266025433 0
6907 0.2718237728843763 0.6864313406634405 0
6908 0.267949323306798 0.6942287317565425 0
6909 0.2640671043162282 0.7020105961623345 0
6910 0.2601773211704652 0.7097768328570568 0
6911 0.2562801804406024 0.7175273435302457 0
6912 0.252375889975162 0.7252620326018017 0
6913 0.2484646588640098 0.7329808072385838 0
6914 0.2445466974020515 0.7406835773705286 0
6915 0.2406222170527218 0.7483702557062872 0
6916 0.2366914304112695 0.7560407577483812 0
6917 0.2327545511678476 0.7636950018078728 0
6918 0.2288117940704106 0.7713329090185482 0
6919 0.2248633748874312 0.7789544033506106 0
6920 0.2209095103704378 0.7865594116238797 0
6921 0.2169504182163818 0.7941478635204978 0
6922 0.2129863170298413 0.8017196915971387 0
6923 0.2090174262850667 0.8092748312967175 0
6924 0.5305275459735721 0.008345082556004524 0
6925 0.5277101848990942 0.0166900126007456 0
6926 0.5248812531241431 0.02503463764943969 0
6927 0.5220407556718767 0.03337880527025633 0
6928 0.5191886995734947 0.04172236311078387 0
6929 0.516325093867018 0.05006515892448193 0
6930 0.51344994959572 0.05840704059711277 0
6931 0.5105632798062086 0.0667478561731536 0
6932 0.5076650995461615 0.07508745388217758 0
6933 0.504755425861713 0.08342568216520513 0
6934 0.5018342777944953 0.09176238970101713 0
6935 0.4989016763783319 0.1000974254324286 0
6936 0.4959576446355858 0.1084306385925135 0
6937 0.4930022075731624 0.1167618787307828 0
6938 0.4900353921781676 0.125090995739305 0
6939 0.4870572274132226 0.1334178398787679 0
6940 0.4840677442114352 0.1417422618044767 0
6941 0.4810669754710291 0.1500641125922832 0
6942 0.4780549560496322 0.1583832437644422 0
6943 0.4750317227582244 0.1666995073153906 0
6944 0.4719973143547468 0.1750127557374438 0
6945 0.4689517715373724 0.1833228420464059 0
6946 0.4658951369374398 0.1916296198070901 0
6947 0.4628274551120515 0.1999329431587423 0
6948 0.4597487725363385 0.2082326668403653 0
6949 0.4566591375953904 0.2165286462159399 0
6950 0.4535586005758553 0.2248207372995357 0
6951 0.4504472136572089 0.2331087967803114 0
6952 0.4473250309026948 0.2413926820473951 0
6953 0.4441921082499384 0.2496722512146456 0
6954 0.4410485035012344 0.2579473631452863 0
6955 0.4378942763135119 0.2662178774764095 0
6956 0.4347294881879759 0.2744836546433463 0
6957 0.4315542024594302 0.2827445559038982 0
6958 0.4283684842852803 0.2910004433624251 0
6959 0.4251724006342216 0.2992511799937875 0
6960 0.4219660202746116 0.3074966296671364 0
6961 0.4187494137625304 0.315736657169549 0
6962 0.415522653429531 0.3239711282295035 0
6963 0.4122858133700807 0.3321999095401927 0
6964 0.4090389694286972 0.3404228687826677 0
6965 0.4057821991867795 0.3486398746488119 0
6966 0.4025155819491396 0.3568507968641386 0
6967 0.3992391987302319 0.3650555062104093 0
6968 0.3959531322400887 0.373253874548069 0
6969 0.3926574668699593 0.3814457748384932 0
6970 0.3893522886776583 0.3896310811660453 0
6971 0.3860376853726241 0.3978096687599377 0
6972 0.3827137463006903 0.4059814140158945 0
6973 0.3793805624285741 0.4141461945176118 0
6974 0.3760382263280821 0.4223038890580124 0
6975 0.372686832160038 0.4304543776602887 0
6976 0.3693264756579345 0.4385975415987344 0
6977 0.3659572541113117 0.4467332634193565 0
6978 0.3625792663488658 0.4548614269602689 0
6979 0.3591926127212905 0.4629819173718597 0
6980 0.3557973950838536 0.4710946211367322 0
6981 0.3523937167787133 0.4791994260894129 0
6982 0.3489816826169755 0.4872962214358268 0
6983 0.3455613988604966 0.4953848977725329 0
6984 0.3421329732034344 0.5034653471057191 0
6985 0.3386965147535494 0.5115374628699522 0
6986 0.3352521340132625 0.51960113994668 0
6987 0.3317999428604685 0.5276562746824817 0
6988 0.3283400545291127 0.5357027649070644 0
6989 0.3248725835895303 0.5437405099510025 0
6990 0.3213976459285549 0.5517694106632152 0
6991 0.3179153587293984 0.5597893694281818 0
6992 0.3144258404513053 0.5678002901828896 0
6993 0.3109292108089856 0.5758020784335124 0
6994 0.3074255907518302 0.5837946412718164 0
6995 0.3039151024429113 0.5917778873912911 0
6996 0.3003978692377723 0.5997517271030027 0
6997 0.2968740156630111 0.607716072351165 0
6998 0.2933436673946591 0.6156708367284278 0
6999 0.2898069512363618 0.6236159354908799 0
7000 0.2862639950973626 0.6315512855727614 0
7001 0.2827149279702954 0.6394768056008862 0
7002 0.2791598799087888 0.6473924159087698 0
7003 0.2755989820048858 0.6552980385504612 0
7004 0.2720323663662837 0.6631935973140762 0
7005 0.2684601660933975 0.6710790177350289 0
7006 0.2648825152562508 0.6789542271089603 0
7007 0.2612995488711987 0.6868191545043616 0
7008 0.2577114028774855 0.6946737307748896 0
7009 0.2541182141136435 0.7025178885713712 0
7010 0.2505201202937349 0.7103515623534972 0
7011 0.2469172599834414 0.7181746884012011 0
7012 0.2433097725760065 0.7259872048257225 0
7013 0.2396977982680344 0.7337890515803523 0
7014 0.2360814780351478 0.7415801704708582 0
7015 0.232460953607513 0.7493605051655875 0
7016 0.2288363674452318 0.7571300012052484 0
7017 0.2252078627136071 0.7648886060123656 0
7018 0.2215755832582875 0.7726362689004072 0
7019 0.2179396735802919 0.7803729410825865 0
7020 0.2143002788109212 0.7880985756803318 0
7021 0.2106575446865609 0.795813127731426 0
7022 0.2070116175233778 0.8035165541978115 0
7023 0.5137637729867861 0.00817254127800221 0
7024 0.5108550924495472 0.01634500630037283 0
7025 0.5079406265620716 0.02451731882471975 0
7026 0.5050203778359383 0.03268940263512821 0
7027 0.5020943497867474 0.04086118155539187 0
7028 0.499162546933509 0.04903257946224082 0
7029 0.49622497479786 0.0572035202985563 0
7030 0.4932816399031044 0.06537392808657672 0
7031 0.4903325497730807 0.07354372694108879 0
7032 0.4873777129308565 0.08171284108260246 0
7033 0.4844171388972477 0.08988119485050855 0
7034 0.481450838189166 0.09804871271621418 0
7035 0.478478822317793 0.1062153192962567 0
7036 0.4755011037865813 0.1143809393653912 0
7037 0.4725176960890838 0.1225454978696525 0
7038 0.4695286137066114 0.1307089199393837 0
7039 0.4665338721057177 0.1388711309022382 0
7040 0.4635334877355146 0.1470320562961415 0
7041 0.4605274780248161 0.155191621882221 0
7042 0.4575158613791123 0.1633497536576952 0
7043 0.4544986571773735 0.1715063778687218 0
7044 0.4514758857686864 0.1796614210232026 0
7045 0.44844756846872 0.1878148099035449 0
7046 0.4454137275560258 0.1959664715793711 0
7047 0.4423743862681693 0.2041163334201825 0
7048 0.4393295687976953 0.2122643231079698 0
7049 0.4362793002879277 0.2204103686497676 0
7050 0.4332236068286046 0.2285543983901554 0
7051 0.4301625154513475 0.2366963410236974 0
7052 0.4270960541249693 0.2448361256073226 0
7053 0.4240242517506173 0.2529736815726429 0
7054 0.4209471381567561 0.2611089387382045 0
7055 0.417864744093988 0.2692418273216729 0
7056 0.4147771012297152 0.2773722779519489 0
7057 0.4116842421426403 0.2855002216812124 0
7058 0.4085862003171109 0.2936255899968935 0
7059 0.4054830101373059 0.3017483148335679 0
7060 0.4023747068812653 0.3098683285847742 0
7061 0.3992613267147656 0.3179855641147515 0
7062 0.3961429066850405 0.326099954770096 0
7063 0.3930194847143487 0.3342114343913335 0
7064 0.3898910995933899 0.3423199373244056 0
7065 0.3867577909745699 0.350425398432069 0
7066 0.3836195993651161 0.3585277531052043 0
7067 0.3804765661200444 0.3666269372740342 0
7068 0.3773287334349797 0.3747228874192463 0
7069 0.3741761443388293 0.3828155405830224 0
7070 0.3710188426863121 0.3909048343799686 0
7071 0.3678568731503453 0.398990707007947 0
7072 0.3646902812142872 0.4070730972588057 0
7073 0.3615191131640412 0.4151519445290059 0
7074 0.3583434160800191 0.4232271888301441 0
7075 0.3551632378289674 0.431298770799367 0
7076 0.351978627055656 0.439366631709678 0
7077 0.348789633174433 0.4474307134801342 0
7078 0.3455963063606453 0.4554909586859296 0
7079 0.3423986975419269 0.463547310568366 0
7080 0.3391968583893568 0.4715997130447062 0
7081 0.3359908413084879 0.4796481107179132 0
7082 0.3327806994302484 0.4876924488862662 0
7083 0.3295664866017173 0.4957326735528593 0
7084 0.3263482573767748 0.5037687314349759 0
7085 0.3231260670066313 0.5118005699733399 0
7086 0.3198999714302344 0.5198281373412407 0
7087 0.3166700272645565 0.527851382453532 0
7088 0.3134362917947652 0.5358702549755011 0
7089 0.3101988229642775 0.5438847053316075 0
7090 0.3069576793646993 0.5518946847140908 0
7091 0.3037129202256527 0.5599001450914447 0
7092 0.3004646054044929 0.5679010392167561 0
7093 0.2972127953759152 0.5758973206359079 0
7094 0.2939575512214557 0.5838889436956454 0
7095 0.2906989346188863 0.5918758635515012 0
7096 0.2874370078315056 0.5998580361755823 0
7097 0.2841718336973296 0.6078354183642138 0
7098 0.280903475618181 0.6158079677454399 0
7099 0.2776319975486814 0.6237756427863806 0
7100 0.2743574639851478 0.631738402800443 0
7101 0.2710799399543945 0.6396962079543849 0
7102 0.2677994910024429 0.6476490192752306 0
7103 0.2645161831831419 0.6555967986570381 0
7104 0.2612300830466988 0.6635395088675143 0
7105 0.2579412576281254 0.67147711355448 0
7106 0.2546497744355994 0.6794095772521808 0
7107 0.2513557014387428 0.6873368653874449 0
7108 0.2480591070568218 0.6952589442856856 0
7109 0.2447600601468675 0.7031757811767486 0
7110 0.2414586299917207 0.7110873442006005 0
7111 0.2381548862880033 0.7189936024128611 0
7112 0.2348488991340172 0.7268945257901762 0
7113 0.231540739017574 0.7347900852354291 0
7114 0.2282304768037565 0.7426802525827938 0
7115 0.2249181837226159 0.7505650006026243 0
7116 0.2216039313568035 0.7584443030061827 0
7117 0.2182877916291438 0.7663181344502035 0
7118 0.2149698367901459 0.7741864705412933 0
7119 0.2116501394054606 0.7820492878401659 0
7120 0.2083287723432805 0.789906563865713 0
7121 0.2050058087616889 0.7977582770989058 0
7122 0.07500000000000007 1.05 0
7123 0.07499999999999973 1.1 0
7124 0.07500000000000018 1.15 0
7125 0.07499999999999984 1.2 0
7126 0.07499999999999984 1.25 0
7127 0.07500000000000007 1.3 0
7128 0.07499999999999996 1.35 0
7129 0.07499999999999984 1.4 0
7130 0.07500000000000007 1.45 0
7131 0.1499999999999999 1.05 0
7132 0.1499999999999999 1.1 0
7133 0.1499999999999999 1.15 0
7134 0.1499999999999999 1.2 0
7135 0.1499999999999999 1.25 0
7136 0.1499999999999999 1.3 0
7137 0.1499999999999999 1.35 0
7138 0.1499999999999999 1.4 0
7139 0.1499999999999998 1.45 0
7140 0.2250000000000002 1.05 0
7141 0.2250000000000002 1.1 0
7142 0.2250000000000001 1.15 0
7143 0.2250000000000001 1.2 0
7144 0.2250000000000001 1.25 0
7145 0.2249999999999999 1.3 0
7146 0.2250000000000001 1.35 0
7147 0.225 1.4 0
7148 0.225 1.45 0
7149 0.3 1.05 0
7150 0.3 1.1 0
7151 0.2999999999999999 1.15 0
7152 0.2999999999999999 1.2 0
7153 0.2999999999999999 1.25 0
7154 0.2999999999999999 1.3 0
7155 0.2999999999999999 1.35 0
7156 0.2999999999999999 1.4 0
7157 0.2999999999999998 1.45 0
7158 0.375 1.05 0
7159 0.3750000000000001 1.1 0
7160 0.3750000000000001 1.15 0
7161 0.3749999999999999 1.2 0
7162 0.3749999999999999 1.25 0
7163 0.3749999999999999 1.3 0
7164 0.3749999999999999 1.35 0
7165 0.3749999999999999 1.4 0
7166 0.375 1.45 0
7167 0.4500000000000001 1.05 0
7168 0.4500000000000001 1.1 0
7169 0.4500000000000001 1.15 0
7170 0.4500000000000001 1.2 0
7171 0.45 1.25 0
7172 0.4500000000000001 1.3 0
7173 0.45 1.35 0
7174 0.45 1.4 0
7175 0.45 1.45 0
7176 0.5249999999999999 1.05 0
7177 0.525 1.1 0
7178 0.525 1.15 0
7179 0.5249999999999999 1.2 0
7180 0.5249999999999999 1.25 0
7181 0.5249999999999999 1.3 0
7182 0.525 1.35 0
7183 0.5249999999999999 1.4 0
7184 0.5249999999999999 1.45 0
7185 0.6000000000000001 1.05 0
7186 0.6000000000000001 1.1 0
7187 0.6 1.15 0
7188 0.6 1.2 0
7189 0.6 1.25 0
7190 0.6 1.3 0
7191 0.5999999999999999 1.35 0
7192 0.6 1.4 0
7193 0.5999999999999999 1.45 0
7194 0.675 1.05 0
7195 0.675 1.1 0
7196 0.6749999999999999 1.15 0
7197 0.6749999999999999 1.2 0
7198 0.675 1.25 0
7199 0.6749999999999999 1.3 0
7200 0.6749999999999999 1.35 0
7201 0.6749999999999999 1.4 0
7202 0.6749999999999999 1.45 0
7203 0.75 1.05 0
7204 0.75 1.1 0
7205 0.75 1.15 0
7206 0.75 1.2 0
7207 0.75 1.25 0
7208 0.75 1.3 0
7209 0.75 1.35 0
7210 0.75 1.4 0
7211 0.75 1.45 0
7212 0.8250000000000002 1.05 0
7213 0.8250000000000002 1.1 0
7214 0.8250000000000001 1.15 0
7215 0.8250000000000002 1.2 0
7216 0.825 1.25 0
7217 0.8250000000000002 1.3 0
7218 0.825 1.35 0
7219 0.8250000000000001 1.4 0
7220 0.825 1.45 0
7221 0.9000000000000001 1.05 0
7222 0.9000000000000001 1.1 0
7223 0.9 1.15 0
7224 0.9 1.2 0
7225 0.9 1.25 0
7226 0.9 1.3 0
7227 0.8999999999999999 1.35 0
7228 0.8999999999999999 1.4 0
7229 0.8999999999999999 1.45 0
7230 0.9750000000000001 1.05 0
7231 0.9750000000000001 1.1 0
7232 0.9750000000000001 1.15 0
7233 0.9750000000000001 1.2 0
7234 0.9750000000000001 1.25 0
7235 0.9750000000000001 1.3 0
7236 0.975 1.35 0
7237 0.9750000000000001 1.4 0
7238 0.975 1.45 0
7239 1.05 1.05 0
7240 1.05 1.1 0
7241 1.05 1.15 0
7242 1.05 1.2 0
7243 1.05 1.25 0
7244 1.05 1.3 0
7245 1.05 1.35 0
7246 1.05 1.4 0
7247 1.05 1.45 0
7248 1.125 1.05 0
7249 1.125 1.1 0
7250 1.125 1.15 0
7251 1.125 1.2 0
7252 1.125 1.25 0
7253 1.125 1.3 0
7254 1.125 1.35 0
7255 1.125 1.4 0
7256 1.125 1.45 0
7257 1.2 1.05 0
7258 1.2 1.1 0
7259 1.2 1.15 0
7260 1.2 1.2 0
7261 1.2 1.25 0
7262 1.2 1.3 0
7263 1.2 1.35 0
7264 1.2 1.4 0
7265 1.2 1.45 0
7266 1.275 1.05 0
7267 1.275 1.1 0
7268 1.275 1.15 0
7269 1.275 1.2 0
7270 1.275 1.25 0
7271 1.275 1.3 0
7272 1.275 1.35 0
7273 1.275 1.4 0
7274 1.275 1.45 0
7275 1.35 1.05 0
7276 1.35 1.1 0
7277 1.35 1.15 0
7278 1.35 1.2 0
7279 1.35 1.25 0
7280 1.35 1.3 0
7281 1.35 1.35 0
7282 1.35 1.4 0
7283 1.35 1.45 0
7284 1.425 1.05 0
7285 1.425 1.1 0
7286 1.425 1.15 0
7287 1.425 1.2 0
7288 1.425 1.25 0
7289 1.425 1.3 0
7290 1.425 1.35 0
7291 1.425 1.4 0
7292 1.425 1.45 0
$EndNodes
$Elements
7480
1 1 2 5 7 2 140
2 1 2 5 7 140 141
3 1 2 5 7 141 142
4 1 2 5 7 142 143
5 1 2 5 7 143 144
6 1 2 5 7 144 145
7 1 2 5 7 145 146
8 1 2 5 7 146 147
9 1 2 5 7 147 148
10 1 2 5 7 148 149
11 1 2 5 7 149 150
12 1 2 5 7 150 151
13 1 2 5 7 151 152
14 1 2 5 7 152 153
15 1 2 5 7 153 154
16 1 2 5 7 154 155
17 1 2 5 7 155 156
18 1 2 5 7 156 157
19 1 2 5 7 157 158
20 1 2 5 7 158 159
21 1 2 5 7 159 160
22 1 2 5 7 160 161
23 1 2 5 7 161 162
24 1 2 5 7 162 163
25 1 2 5 7 163 164
26 1 2 5 7 164 165
27 1 2 5 7 165 166
28 1 2 5 7 166 167
29 1 2 5 7 167 168
30 1 2 5 7 168 3
31 1 2 4 8 3 169
32 1 2 4 8 169 170
33 1 2 4 8 170 171
34 1 2 4 8 171 172
35 1 2 4 8 172 173
36 1 2 4 8 173 174
37 1 2 4 8 174 175
38 1 2 4 8 175 176
39 1 2 4 8 176 177
40 1 2 4 8 177 178
41 1 2 4 8 178 179
42 1 2 4 8 179 180
43 1 2 4 8 180 181
44 1 2 4 8 181 182
45 1 2 4 8 182 183
46 1 2 4 8 183 184
47 1 2 4 8 184 185
48 1 2 4 8 185 186
49 1 2 4 8 186 187
50 1 2 4 8 187 188
51 1 2 4 8 188 189
52 1 2 4 8 189 190
53 1 2 4 8 190 191
54 1 2 4 8 191 192
55 1 2 4 8 192 193
56 1 2 4 8 193 194
57 1 2 4 8 194 195
58 1 2 4 8 195 196
59 1 2 4 8 196 197
60 1 2 4 8 197 198
61 1 2 4 8 198 199
62 1 2 4 8 199 200
63 1 2 4 8 200 201
64 1 2 4 8 201 202
65 1 2 4 8 202 203
66 1 2 4 8 203 204
67 1 2 4 8 204 205
68 1 2 4 8 205 206
69 1 2 4 8 206 207
70 1 2 4 8 207 208
71 1 2 4 8 208 209
72 1 2 4 8 209 210
73 1 2 4 8 210 211
74 1 2 4 8 211 212
75 1 2 4 8 212 213
76 1 2 4 8 213 214
77 1 2 4 8 214 215
78 1 2 4 8 215 216
79 1 2 4 8 216 217
80 1 2 4 8 217 218
81 1 2 4 8 218 219
82 1 2 4 8 219 220
83 1 2 4 8 220 221
84 1 2 4 8 221 222
85 1 2 4 8 222 223
86 1 2 4 8 223 224
87 1 2 4 8 224 225
88 1 2 4 8 225 226
89 1 2 4 8 226 227
90 1 2 4 8 227 228
91 1 2 4 8 228 229
92 1 2 4 8 229 230
93 1 2 4 8 230 231
94 1 2 4 8 231 232
95 1 2 4 8 232 233
96 1 2 4 8 233 234
97 1 2 4 8 234 235
98 1 2 4 8 235 236
99 1 2 4 8 236 237
100 1 2 4 8 237 238
101 1 2 4 8 238 239
102 1 2 4 8 239 240
103 1 2 4 8 240 241
104 1 2 4 8 241 242
105 1 2 4 8 242 243
106 1 2 4 8 243 244
107 1 2 4 8 244 245
108 1 2 4 8 245 246
109 1 2 4 8 246 247
110 1 2 4 8 247 248
111 1 2 4 8 248 249
112 1 2 4 8 249 250
113 1 2 4 8 250 251
114 1 2 4 8 251 252
115 1 2 4 8 252 253
116 1 2 4 8 253 254
117 1 2 4 8 254 255
118 1 2 4 8 255 256
119 1 2 4 8 256 257
120 1 2 4 8 257 258
121 1 2 4 8 258 259
122 1 2 4 8 259 260
123 1 2 4 8 260 261
124 1 2 4 8 261 262
125 1 2 4 8 262 263
126 1 2 4 8 263 264
127 1 2 4 8 264 265
128 1 2 4 8 265 266
129 1 2 4 8 266 267
130 1 2 4 8 267 4
131 1 2 3 10 6 297
132 1 2 3 10 297 298
133 1 2 3 10 298 299
134 1 2 3 10 299 300
135 1 2 3 10 300 301
136 1 2 3 10 301 302
137 1 2 3 10 302 303
138 1 2 3 10 303 304
139 1 2 3 10 304 305
140 1 2 3 10 305 306
141 1 2 3 10 306 307
142 1 2 3 10 307 308
143 1 2 3 10 308 309
144 1 2 3 10 309 310
145 1 2 3 10 310 311
146 1 2 3 10 311 312
147 1 2 3 10 312 313
148 1 2 3 10 313 314
149 1 2 3 10 314 315
150 1 2 3 10 315 316
151 1 2 3 10 316 317
152 1 2 3 10 317 318
153 1 2 3 10 318 319
154 1 2 3 10 319 320
155 1 2 3 10 320 321
156 1 2 3 10 321 322
157 1 2 3 10 322 323
158 1 2 3 10 323 324
159 1 2 3 10 324 325
160 1 2 3 10 325 5
161 1 2 4 11 4 326
162 1 2 4 11 326 327
163 1 2 4 11 327 328
164 1 2 4 11 328 329
165 1 2 4 11 329 330
166 1 2 4 11 330 331
167 1 2 4 11 331 332
168 1 2 4 11 332 333
169 1 2 4 11 333 334
170 1 2 4 11 334 335
171 1 2 4 11 335 336
172 1 2 4 11 336 337
173 1 2 4 11 337 338
174 1 2 4 11 338 339
175 1 2 4 11 339 340
176 1 2 4 11 340 341
177 1 2 4 11 341 342
178 1 2 4 11 342 343
179 1 2 4 11 343 344
180 1 2 4 11 344 345
181 1 2 4 11 345 346
182 1 2 4 11 346 347
183 1 2 4 11 347 348
184 1 2 4 11 348 349
185 1 2 4 11 349 350
186 1 2 4 11 350 351
187 1 2 4 11 351 352
188 1 2 4 11 352 353
189 1 2 4 11 353 354
190 1 2 4 11 354 6
191 1 2 5 12 7 355
192 1 2 5 12 355 356
193 1 2 5 12 356 357
194 1 2 5 12 357 358
195 1 2 5 12 358 359
196 1 2 5 12 359 360
197 1 2 5 12 360 361
198 1 2 5 12 361 362
199 1 2 5 12 362 363
200 1 2 5 12 363 364
201 1 2 5 12 364 365
202 1 2 5 12 365 366
203 1 2 5 12 366 367
204 1 2 5 12 367 368
205 1 2 5 12 368 369
206 1 2 5 12 369 370
207 1 2 5 12 370 371
208 1 2 5 12 371 372
209 1 2 5 12 372 373
210 1 2 5 12 373 374
211 1 2 5 12 374 375
212 1 2 5 12 375 376
213 1 2 5 12 376 377
214 1 2 5 12 377 378
215 1 2 5 12 378 379
216 1 2 5 12 379 380
217 1 2 5 12 380 381
218 1 2 5 12 381 382
219 1 2 5 12 382 383
220 1 2 5 12 383 2
221 1 2 3 13 5 384
222 1 2 3 13 384 385
223 1 2 3 13 385 386
224 1 2 3 13 386 387
225 1 2 3 13 387 388
226 1 2 3 13 388 389
227 1 2 3 13 389 390
228 1 2 3 13 390 391
229 1 2 3 13 391 392
230 1 2 3 13 392 393
231 1 2 3 13 393 394
232 1 2 3 13 394 395
233 1 2 3 13 395 396
234 1 2 3 13 396 397
235 1 2 3 13 397 398
236 1 2 3 13 398 399
237 1 2 3 13 399 400
238 1 2 3 13 400 401
239 1 2 3 13 401 402
240 1 2 3 13 402 403
241 1 2 3 13 403 404
242 1 2 3 13 404 405
243 1 2 3 13 405 406
244 1 2 3 13 406 407
245 1 2 3 13 407 408
246 1 2 3 13 408 409
247 1 2 3 13 409 410
248 1 2 3 13 410 411
249 1 2 3 13 411 412
250 1 2 3 13 412 413
251 1 2 3 13 413 414
252 1 2 3 13 414 415
253 1 2 3 13 415 416
254 1 2 3 13 416 417
255 1 2 3 13 417 418
256 1 2 3 13 418 419
257 1 2 3 13 419 420
258 1 2 3 13 420 421
259 1 2 3 13 421 422
260 1 2 3 13 422 423
261 1 2 3 13 423 424
262 1 2 3 13 424 425
263 1 2 3 13 425 426
264 1 2 3 13 426 427
265 1 2 3 13 427 428
266 1 2 3 13 428 429
267 1 2 3 13 429 430
268 1 2 3 13 430 431
269 1 2 3 13 431 432
270 1 2 3 13 432 433
271 1 2 3 13 433 434
272 1 2 3 13 434 435
273 1 2 3 13 435 436
274 1 2 3 13 436 437
275 1 2 3 13 437 438
276 1 2 3 13 438 439
277 1 2 3 13 439 440
278 1 2 3 13 440 441
279 1 2 3 13 441 442
280 1 2 3 13 442 443
281 1 2 3 13 443 444
282 1 2 3 13 444 445
283 1 2 3 13 445 446
284 1 2 3 13 446 447
285 1 2 3 13 447 448
286 1 2 3 13 448 449
287 1 2 3 13 449 450
288 1 2 3 13 450 451
289 1 2 3 13 451 452
290 1 2 3 13 452 453
291 1 2 3 13 453 454
292 1 2 3 13 454 455
293 1 2 3 13 455 456
294 1 2 3 13 456 457
295 1 2 3 13 457 458
296 1 2 3 13 458 459
297 1 2 3 13 459 460
298 1 2 3 13 460 461
299 1 2 3 13 461 462
300 1 2 3 13 462 463
301 1 2 3 13 463 464
302 1 2 3 13 464 465
303 1 2 3 13 465 466
304 1 2 3 13 466 467
305 1 2 3 13 467 468
306 1 2 3 13 468 469
307 1 2 3 13 469 470
308 1 2 3 13 470 471
309 1 2 3 13 471 472
310 1 2 3 13 472 473
311 1 2 3 13 473 474
312 1 2 3 13 474 475
313 1 2 3 13 475 476
314 1 2 3 13 476 477
315 1 2 3 13 477 478
316 1 2 3 13 478 479
317 1 2 3 13 479 480
318 1 2 3 13 480 481
319 1 2 3 13 481 482
320 1 2 3 13 482 7
321 1 2 8 15 8 483
322 1 2 8 15 483 484
323 1 2 8 15 484 485
324 1 2 8 15 485 486
325 1 2 8 15 486 487
326 1 2 8 15 487 488
327 1 2 8 15 488 489
328 1 2 8 15 489 490
329 1 2 8 15 490 491
330 1 2 8 15 491 492
331 1 2 8 15 492 493
332 1 2 8 15 493 494
333 1 2 8 15 494 495
334 1 2 8 15 495 496
335 1 2 8 15 496 497
336 1 2 8 15 497 498
337 1 2 8 15 498 499
338 1 2 8 15 499 500
339 1 2 8 15 500 501
340 1 2 8 15 501 9
341 1 2 9 16 9 502
342 1 2 9 16 502 503
343 1 2 9 16 503 504
344 1 2 9 16 504 505
345 1 2 9 16 505 506
346 1 2 9 16 506 507
347 1 2 9 16 507 508
348 1 2 9 16 508 509
349 1 2 9 16 509 510
350 1 2 9 16 510 10
351 1 2 6 17 10 511
352 1 2 6 17 511 512
353 1 2 6 17 512 513
354 1 2 6 17 513 514
355 1 2 6 17 514 515
356 1 2 6 17 515 516
357 1 2 6 17 516 517
358 1 2 6 17 517 518
359 1 2 6 17 518 519
360 1 2 6 17 519 520
361 1 2 6 17 520 521
362 1 2 6 17 521 522
363 1 2 6 17 522 523
364 1 2 6 17 523 524
365 1 2 6 17 524 525
366 1 2 6 17 525 526
367 1 2 6 17 526 527
368 1 2 6 17 527 528
369 1 2 6 17 528 529
370 1 2 6 17 529 11
371 1 2 7 18 11 530
372 1 2 7 18 530 531
373 1 2 7 18 531 532
374 1 2 7 18 532 533
375 1 2 7 18 533 534
376 1 2 7 18 534 535
377 1 2 7 18 535 536
378 1 2 7 18 536 537
379 1 2 7 18 537 538
380 1 2 7 18 538 8
381 3 2 1 1 2 140 539 139
382 3 2 1 1 139 539 540 138
383 3 2 1 1 138 540 541 137
384 3 2 1 1 137 541 542 136
385 3 2 1 1 136 542 543 135
386 3 2 1 1 135 543 544 134
387 3 2 1 1 134 544 545 133
388 3 2 1 1 133 545 546 132
389 3 2 1 1 132 546 547 131
390 3 2 1 1 131 547 548 130
391 3 2 1 1 130 548 549 129
392 3 2 1 1 129 549 550 128
393 3 2 1 1 128 550 551 127
394 3 2 1 1 127 551 552 126
395 3 2 1 1 126 552 553 125
396 3 2 1 1 125 553 554 124
397 3 2 1 1 124 554 555 123
398 3 2 1 1 123 555 556 122
399 3 2 1 1 122 556 557 121
400 3 2 1 1 121 557 558 120
401 3 2 1 1 120 558 559 119
402 3 2 1 1 119 559 560 118
403 3 2 1 1 118 560 561 117
404 3 2 1 1 117 561 562 116
405 3 2 1 1 116 562 563 115
406 3 2 1 1 115 563 564 114
407 3 2 1 1 114 564 565 113
408 3 2 1 1 113 565 566 112
409 3 2 1 1 112 566 567 111
410 3 2 1 1 111 567 568 110
411 3 2 1 1 110 568 569 109
412 3 2 1 1 109 569 570 108
413 3 2 1 1 108 570 571 107
414 3 2 1 1 107 571 572 106
415 3 2 1 1 106 572 573 105
416 3 2 1 1 105 573 574 104
417 3 2 1 1 104 574 575 103
418 3 2 1 1 103 575 576 102
419 3 2 1 1 102 576 577 101
420 3 2 1 1 101 577 578 100
421 3 2 1 1 100 578 579 99
422 3 2 1 1 99 579 580 98
423 3 2 1 1 98 580 581 97
424 3 2 1 1 97 581 582 96
425 3 2 1 1 96 582 583 95
426 3 2 1 1 95 583 584 94
427 3 2 1 1 94 584 585 93
428 3 2 1 1 93 585 586 92
429 3 2 1 1 92 586 587 91
430 3 2 1 1 91 587 588 90
431 3 2 1 1 90 588 589 89
432 3 2 1 1 89 589 590 88
433 3 2 1 1 88 590 591 87
434 3 2 1 1 87 591 592 86
435 3 2 1 1 86 592 593 85
436 3 2 1 1 85 593 594 84
437 3 2 1 1 84 594 595 83
438 3 2 1 1 83 595 596 82
439 3 2 1 1 82 596 597 81
440 3 2 1 1 81 597 598 80
441 3 2 1 1 80 598 599 79
442 3 2 1 1 79 599 600 78
443 3 2 1 1 78 600 601 77
444 3 2 1 1 77 601 602 76
445 3 2 1 1 76 602 603 75
446 3 2 1 1 75 603 604 74
447 3 2 1 1 74 604 605 73
448 3 2 1 1 73 605 606 72
449 3 2 1 1 72 606 607 71
450 3 2 1 1 71 607 608 70
451 3 2 1 1 70 608 609 69
452 3 2 1 1 69 609 610 68
453 3 2 1 1 68 610 611 67
454 3 2 1 1 67 611 612 66
455 3 2 1 1 66 612 613 65
456 3 2 1 1 65 613 614 64
457 3 2 1 1 64 614 615 63
458 3 2 1 1 63 615 616 62
459 3 2 1 1 62 616 617 61
460 3 2 1 1 61 617 618 60
461 3 2 1 1 60 618 619 59
462 3 2 1 1 59 619 620 58
463 3 2 1 1 58 620 621 57
464 3 2 1 1 57 621 622 56
465 3 2 1 1 56 622 623 55
466 3 2 1 1 55 623 624 54
467 3 2 1 1 54 624 625 53
468 3 2 1 1 53 625 626 52
469 3 2 1 1 52 626 627 51
470 3 2 1 1 51 627 628 50
471 3 2 1 1 50 628 629 49
472 3 2 1 1 49 629 630 48
473 3 2 1 1 48 630 631 47
474 3 2 1 1 47 631 632 46
475 3 2 1 1 46 632 633 45
476 3 2 1 1 45 633 634 44
477 3 2 1 1 44 634 635 43
478 3 2 1 1 43 635 636 42
479 3 2 1 1 42 636 637 41
480 3 2 1 1 41 637 40 1
481 3 2 1 1 140 141 638 539
482 3 2 1 1 539 638 639 540
483 3 2 1 1 540 639 640 541
484 3 2 1 1 541 640 641 542
485 3 2 1 1 542 641 642 543
486 3 2 1 1 543 642 643 544
487 3 2 1 1 544 643 644 545
488 3 2 1 1 545 644 645 546
489 3 2 1 1 546 645 646 547
490 3 2 1 1 547 646 647 548
491 3 2 1 1 548 647 648 549
492 3 2 1 1 549 648 649 550
493 3 2 1 1 550 649 650 551
494 3 2 1 1 551 650 651 552
495 3 2 1 1 552 651 652 553
496 3 2 1 1 553 652 653 554
497 3 2 1 1 554 653 654 555
498 3 2 1 1 555 654 655 556
499 3 2 1 1 556 655 656 557
500 3 2 1 1 557 656 657 558
501 3 2 1 1 558 657 658 559
502 3 2 1 1 559 658 659 560
503 3 2 1 1 560 659 660 561
504 3 2 1 1 561 660 661 562
505 3 2 1 1 562 661 662 563
506 3 2 1 1 563 662 663 564
507 3 2 1 1 564 663 664 565
508 3 2 1 1 565 664 665 566
509 3 2 1 1 566 665 666 567
510 3 2 1 1 567 666 667 568
511 3 2 1 1 568 667 668 569
512 3 2 1 1 569 668 669 570
513 3 2 1 1 570 669 670 571
514 3 2 1 1 571 670 671 572
515 3 2 1 1 572 671 672 573
516 3 2 1 1 573 672 673 574
517 3 2 1 1 574 673 674 575
518 3 2 1 1 575 674 675 576
519 3 2 1 1 576 675 676 577
520 3 2 1 1 577 676 677 578
521 3 2 1 1 578 677 678 579
522 3 2 1 1 579 678 679 580
523 3 2 1 1 580 679 680 581
524 3 2 1 1 581 680 681 582
525 3 2 1 1 582 681 682 583
526 3 2 1 1 583 682 683 584
527 3 2 1 1 584 683 684 585
528 3 2 1 1 585 684 685 586
529 3 2 1 1 586 685 686 587
530 3 2 1 1 587 686 687 588
531 3 2 1 1 588 687 688 589
532 3 2 1 1 589 688 689 590
533 3 2 1 1 590 689 690 591
534 3 2 1 1 591 690 691 592
535 3 2 1 1 592 691 692 593
536 3 2 1 1 593 692 693 594
537 3 2 1 1 594 693 694 595
538 3 2 1 1 595 694 695 596
539 3 2 1 1 596 695 696 597
540 3 2 1 1 597 696 697 598
541 3 2 1 1 598 697 698 599
542 3 2 1 1 599 698 699 600
543 3 2 1 1 600 699 700 601
544 3 2 1 1 601 700 701 602
545 3 2 1 1 602 701 702 603
546 3 2 1 1 603 702 703 604
547 3 2 1 1 604 703 704 605
548 3 2 1 1 605 704 705 606
549 3 2 1 1 606 705 706 607
550 3 2 1 1 607 706 707 608
551 3 2 1 1 608 707 708 609
552 3 2 1 1 609 708 709 610
553 3 2 1 1 610 709 710 611
554 3 2 1 1 611 710 711 612
555 3 2 1 1 612 711 712 613
556 3 2 1 1 613 712 713 614
557 3 2 1 1 614 713 714 615
558 3 2 1 1 615 714 715 616
559 3 2 1 1 616 715 716 617
560 3 2 1 1 617 716 717 618
561 3 2 1 1 618 717 718 619
562 3 2 1 1 619 718 719 620
563 3 2 1 1 620 719 720 621
564 3 2 1 1 621 720 721 622
565 3 2 1 1 622 721 722 623
566 3 2 1 1 623 722 723 624
567 3 2 1 1 624 723 724 625
568 3 2 1 1 625 724 725 626
569 3 2 1 1 626 725 726 627
570 3 2 1 1 627 726 727 628
571 3 2 1 1 628 727 728 629
572 3 2 1 1 629 728 729 630
573 3 2 1 1 630 729 730 631
574 3 2 1 1 631 730 731 632
575 3 2 1 1 632 731 732 633
576 3 2 1 1 633 732 733 634
577 3 2 1 1 634 733 734 635
578 3 2 1 1 635 734 735 636
579 3 2 1 1 636 735 736 637
580 3 2 1 1 637 736 39 40
581 3 2 1 1 141 142 737 638
582 3 2 1 1 638 737 738 639
583 3 2 1 1 639 738 739 640
584 3 2 1 1 640 739 740 641
585 3 2 1 1 641 740 741 642
586 3 2 1 1 642 741 742 643
587 3 2 1 1 643 742 743 644
588 3 2 1 1 644 743 744 645
589 3 2 1 1 645 744 745 646
590 3 2 1 1 646 745 746 647
591 3 2 1 1 647 746 747 648
592 3 2 1 1 648 747 748 649
593 3 2 1 1 649 748 749 650
594 3 2 1 1 650 749 750 651
595 3 2 1 1 651 750 751 652
596 3 2 1 1 652 751 752 653
597 3 2 1 1 653 752 753 654
598 3 2 1 1 654 753 754 655
599 3 2 1 1 655 754 755 656
600 3 2 1 1 656 755 756 657
601 3 2 1 1 657 756 757 658
602 3 2 1 1 658 757 758 659
603 3 2 1 1 659 758 759 660
604 3 2 1 1 660 759 760 661
605 3 2 1 1 661 760 761 662
606 3 2 1 1 662 761 762 663
607 3 2 1 1 663 762 763 664
608 3 2 1 1 664 763 764 665
609 3 2 1 1 665 764 765 666
610 3 2 1 1 666 765 766 667
611 3 2 1 1 667 766 767 668
612 3 2 1 1 668 767 768 669
613 3 2 1 1 669 768 769 670
614 3 2 1 1 670 769 770 671
615 3 2 1 1 671 770 771 672
616 3 2 1 1 672 771 772 673
617 3 2 1 1 673 772 773 674
618 3 2 1 1 674 773 774 675
619 3 2 1 1 675 774 775 676
620 3 2 1 1 676 775 776 677
621 3 2 1 1 677 776 777 678
622 3 2 1 1 678 777 778 679
623 3 2 1 1 679 778 779 680
624 3 2 1 1 680 779 780 681
625 3 2 1 1 681 780 781 682
626 3 2 1 1 682 781 782 683
627 3 2 1 1 683 782 783 684
628 3 2 1 1 684 783 784 685
629 3 2 1 1 685 784 785 686
630 3 2 1 1 686 785 786 687
631 3 2 1 1 687 786 787 688
632 3 2 1 1 688 787 788 689
633 3 2 1 1 689 788 789 690
634 3 2 1 1 690 789 790 691
635 3 2 1 1 691 790 791 692
636 3 2 1 1 692 791 792 693
637 3 2 1 1 693 792 793 694
638 3 2 1 1 694 793 794 695
639 3 2 1 1 695 794 795 696
640 3 2 1 1 696 795 796 697
641 3 2 1 1 697 796 797 698
642 3 2 1 1 698 797 798 699
643 3 2 1 1 699 798 799 700
644 3 2 1 1 700 799 800 701
645 3 2 1 1 701 800 801 702
646 3 2 1 1 702 801 802 703
647 3 2 1 1 703 802 803 704
648 3 2 1 1 704 803 804 705
649 3 2 1 1 705 804 805 706
650 3 2 1 1 706 805 806 707
651 3 2 1 1 707 806 807 708
652 3 2 1 1 708 807 808 709
653 3 2 1 1 709 808 809 710
654 3 2 1 1 710 809 810 711
655 3 2 1 1 711 810 811 712
656 3 2 1 1 712 811 812 713
657 3 2 1 1 713 812 813 714
658 3 2 1 1 714 813 814 715
659 3 2 1 1 715 814 815 716
660 3 2 1 1 716 815 816 717
661 3 2 1 1 717 816 817 718
662 3 2 1 1 718 817 818 719
663 3 2 1 1 719 818 819 720
664 3 2 1 1 720 819 820 721
665 3 2 1 1 721 820 821 722
666 3 2 1 1 722 821 822 723
667 3 2 1 1 723 822 823 724
668 3 2 1 1 724 823 824 725
669 3 2 1 1 725 824 825 726
670 3 2 1 1 726 825 826 727
671 3 2 1 1 727 826 827 728
672 3 2 1 1 728 827 828 729
673 3 2 1 1 729 828 829 730
674 3 2 1 1 730 829 830 731
675 3 2 1 1 731 830 831 732
676 3 2 1 1 732 831 832 733
677 3 2 1 1 733 832 833 734
678 3 2 1 1 734 833 834 735
679 3 2 1 1 735 834 835 736
680 3 2 1 1 736 835 38 39
681 3 2 1 1 142 143 836 737
682 3 2 1 1 737 836 837 738
683 3 2 1 1 738 837 838 739
684 3 2 1 1 739 838 839 740
685 3 2 1 1 740 839 840 741
686 3 2 1 1 741 840 841 742
687 3 2 1 1 742 841 842 743
688 3 2 1 1 743 842 843 744
689 3 2 1 1 744 843 844 745
690 3 2 1 1 745 844 845 746
691 3 2 1 1 746 845 846 747
692 3 2 1 1 747 846 847 748
693 3 2 1 1 748 847 848 749
694 3 2 1 1 749 848 849 750
695 3 2 1 1 750 849 850 751
696 3 2 1 1 751 850 851 752
697 3 2 1 1 752 851 852 753
698 3 2 1 1 753 852 853 754
699 3 2 1 1 754 853 854 755
700 3 2 1 1 755 854 855 756
701 3 2 1 1 756 855 856 757
702 3 2 1 1 757 856 857 758
703 3 2 1 1 758 857 858 759
704 3 2 1 1 759 858 859 760
705 3 2 1 1 760 859 860 761
706 3 2 1 1 761 860 861 762
707 3 2 1 1 762 861 862 763
708 3 2 1 1 763 862 863 764
709 3 2 1 1 764 863 864 765
710 3 2 1 1 765 864 865 766
711 3 2 1 1 766 865 866 767
712 3 2 1 1 767 866 867 768
713 3 2 1 1 768 867 868 769
714 3 2 1 1 769 868 869 770
715 3 2 1 1 770 869 870 771
716 3 2 1 1 771 870 871 772
717 3 2 1 1 772 871 872 773
718 3 2 1 1 773 872 873 774
719 3 2 1 1 774 873 874 775
720 3 2 1 1 775 874 875 776
721 3 2 1 1 776 875 876 777
722 3 2 1 1 777 876 877 778
723 3 2 1 1 778 877 878 779
724 3 2 1 1 779 878 879 780
725 3 2 1 1 780 879 880 781
726 3 2 1 1 781 880 881 782
727 3 2 1 1 782 881 882 783
728 3 2 1 1 783 882 883 784
729 3 2 1 1 784 883 884 785
730 3 2 1 1 785 884 885 786
731 3 2 1 1 786 885 886 787
732 3 2 1 1 787 886 887 788
733 3 2 1 1 788 887 888 789
734 3 2 1 1 789 888 889 790
735 3 2 1 1 790 889 890 791
736 3 2 1 1 791 890 891 792
737 3 2 1 1 792 891 892 793
738 3 2 1 1 793 892 893 794
739 3 2 1 1 794 893 894 795
740 3 2 1 1 795 894 895 796
741 3 2 1 1 796 895 896 797
742 3 2 1 1 797 896 897 798
743 3 2 1 1 798 897 898 799
744 3 2 1 1 799 898 899 800
745 3 2 1 1 800 899 900 801
746 3 2 1 1 801 900 901 802
747 3 2 1 1 802 901 902 803
748 3 2 1 1 803 902 903 804
749 3 2 1 1 804 903 904 805
750 3 2 1 1 805 904 905 806
751 3 2 1 1 806 905 906 807
752 3 2 1 1 807 906 907 808
753 3 2 1 1 808 907 908 809
754 3 2 1 1 809 908 909 810
755 3 2 1 1 810 909 910 811
756 3 2 1 1 811 910 911 812
757 3 2 1 1 812 911 912 813
758 3 2 1 1 813 912 913 814
759 3 2 1 1 814 913 914 815
760 3 2 1 1 815 914 915 816
761 3 2 1 1 816 915 916 817
762 3 2 1 1 817 916 917 818
763 3 2 1 1 818 917 918 819
764 3 2 1 1 819 918 919 820
765 3 2 1 1 820 919 920 821
766 3 2 1 1 821 920 921 822
767 3 2 1 1 822 921 922 823
768 3 2 1 1 823 922 923 824
769 3 2 1 1 824 923 924 825
770 3 2 1 1 825 924 925 826
771 3 2 1 1 826 925 926 827
772 3 2 1 1 827 926 927 828
773 3 2 1 1 828 927 928 829
774 3 2 1 1 829 928 929 830
775 3 2 1 1 830 929 930 831
776 3 2 1 1 831 930 931 832
777 3 2 1 1 832 931 932 833
778 3 2 1 1 833 932 933 834
779 3 2 1 1 834 933 934 835
780 3 2 1 1 835 934 37 38
781 3 2 1 1 143 144 935 836
782 3 2 1 1 836 935 936 837
783 3 2 1 1 837 936 937 838
784 3 2 1 1 838 937 938 839
785 3 2 1 1 839 938 939 840
786 3 2 1 1 840 939 940 841
787 3 2 1 1 841 940 941 842
788 3 2 1 1 842 941 942 843
789 3 2 1 1 843 942 943 844
790 3 2 1 1 844 943 944 845
791 3 2 1 1 845 944 945 846
792 3 2 1 1 846 945 946 847
793 3 2 1 1 847 946 947 848
794 3 2 1 1 848 947 948 849
795 3 2 1 1 849 948 949 850
796 3 2 1 1 850 949 950 851
797 3 2 1 1 851 950 951 852
798 3 2 1 1 852 951 952 853
799 3 2 1 1 853 952 953 854
800 3 2 1 1 854 953 954 855
801 3 2 1 1 855 954 955 856
802 3 2 1 1 856 955 956 857
803 3 2 1 1 857 956 957 858
804 3 2 1 1 858 957 958 859
805 3 2 1 1 859 958 959 860
806 3 2 1 1 860 959 960 861
807 3 2 1 1 861 960 961 862
808 3 2 1 1 862 961 962 863
809 3 2 1 1 863 962 963 864
810 3 2 1 1 864 963 964 865
811 3 2 1 1 865 964 965 866
812 3 2 1 1 866 965 966 867
813 3 2 1 1 867 966 967 868
814 3 2 1 1 868 967 968 869
815 3 2 1 1 869 968 969 870
816 3 2 1 1 870 969 970 871
817 3 2 1 1 871 970 971 872
818 3 2 1 1 872 971 972 873
819 3 2 1 1 873 972 973 874
820 3 2 1 1 874 973 974 875
821 3 2 1 1 875 974 975 876
822 3 2 1 1 876 975 976 877
823 3 2 1 1 877 976 977 878
824 3 2 1 1 878 977 978 879
825 3 2 1 1 879 978 979 880
826 3 2 1 1 880 979 980 881
827 3 2 1 1 881 980 981 882
828 3 2 1 1 882 981 982 883
829 3 2 1 1 883 982 983 884
830 3 2 1 1 884 983 984 885
831 3 2 1 1 885 984 985 886
832 3 2 1 1 886 985 986 887
833 3 2 1 1 887 986 987 888
834 3 2 1 1 888 987 988 889
835 3 2 1 1 889 988 989 890
836 3 2 1 1 890 989 990 891
837 3 2 1 1 891 990 991 892
838 3 2 1 1 892 991 992 893
839 3 2 1 1 893 992 993 894
840 3 2 1 1 894 993 994 895
841 3 2 1 1 895 994 995 896
842 3 2 1 1 896 995 996 897
843 3 2 1 1 897 996 997 898
844 3 2 1 1 898 997 998 899
845 3 2 1 1 899 998 999 900
846 3 2 1 1 900 999 1000 901
847 3 2 1 1 901 1000 1001 902
848 3 2 1 1 902 1001 1002 903
849 3 2 1 1 903 1002 1003 904
850 3 2 1 1 904 1003 1004 905
851 3 2 1 1 905 1004 1005 906
852 3 2 1 1 906 1005 1006 907
853 3 2 1 1 907 1006 1007 908
854 3 2 1 1 908 1007 1008 909
855 3 2 1 1 909 1008 1009 910
856 3 2 1 1 910 1009 1010 911
857 3 2 1 1 911 1010 1011 912
858 3 2 1 1 912 1011 1012 913
859 3 2 1 1 913 1012 1013 914
860 3 2 1 1 914 1013 1014 915
861 3 2 1 1 915 1014 1015 916
862 3 2 1 1 916 1015 1016 917
863 3 2 1 1 917 1016 1017 918
864 3 2 1 1 918 1017 1018 919
865 3 2 1 1 919 1018 1019 920
866 3 2 1 1 920 1019 1020 921
867 3 2 1 1 921 1020 1021 922
868 3 2 1 1 922 1021 1022 923
869 3 2 1 1 923 1022 1023 924
870 3 2 1 1 924 1023 1024 925
871 3 2 1 1 925 1024 1025 926
872 3 2 1 1 926 1025 1026 927
873 3 2 1 1 927 1026 1027 928
874 3 2 1 1 928 1027 1028 929
875 3 2 1 1 929 1028 1029 930
876 3 2 1 1 930 1029 1030 931
877 3 2 1 1 931 1030 1031 932
878 3 2 1 1 932 1031 1032 933
879 3 2 1 1 933 1032 1033 934
880 3 2 1 1 934 1033 36 37
881 3 2 1 1 144 145 1034 935
882 3 2 1 1 935 1034 1035 936
883 3 2 1 1 936 1035 1036 937
884 3 2 1 1 937 1036 1037 938
885 3 2 1 1 938 1037 1038 939
886 3 2 1 1 939 1038 1039 940
887 3 2 1 1 940 1039 1040 941
888 3 2 1 1 941 1040 1041 942
889 3 2 1 1 942 1041 1042 943
890 3 2 1 1 943 1042 1043 944
891 3 2 1 1 944 1043 1044 945
892 3 2 1 1 945 1044 1045 946
893 3 2 1 1 946 1045 1046 947
894 3 2 1 1 947 1046 1047 948
895 3 2 1 1 948 1047 1048 949
896 3 2 1 1 949 1048 1049 950
897 3 2 1 1 950 1049 1050 951
898 3 2 1 1 951 1050 1051 952
899 3 2 1 1 952 1051 1052 953
900 3 2 1 1 953 1052 1053 954
901 3 2 1 1 954 1053 1054 955
902 3 2 1 1 955 1054 1055 956
903 3 2 1 1 956 1055 1056 957
904 3 2 1 1 957 1056 1057 958
905 3 2 1 1 958 1057 1058 959
906 3 2 1 1 959 1058 1059 960
907 3 2 1 1 960 1059 1060 961
908 3 2 1 1 961 1060 1061 962
909 3 2 1 1 962 1061 1062 963
910 3 2 1 1 963 1062 1063 964
911 3 2 1 1 964 1063 1064 965
912 3 2 1 1 965 1064 1065 966
913 3 2 1 1 966 1065 1066 967
914 3 2 1 1 967 1066 1067 968
915 3 2 1 1 968 1067 1068 969
916 3 2 1 1 969 1068 1069 970
917 3 2 1 1 970 1069 1070 971
918 3 2 1 1 971 1070 1071 972
919 3 2 1 1 972 1071 1072 973
920 3 2 1 1 973 1072 1073 974
921 3 2 1 1 974 1073 1074 975
922 3 2 1 1 975 1074 1075 976
923 3 2 1 1 976 1075 1076 977
924 3 2 1 1 977 1076 1077 978
925 3 2 1 1 978 1077 1078 979
926 3 2 1 1 979 1078 1079 980
927 3 2 1 1 980 1079 1080 981
928 3 2 1 1 981 1080 1081 982
929 3 2 1 1 982 1081 1082 983
930 3 2 1 1 983 1082 1083 984
931 3 2 1 1 984 1083 1084 985
932 3 2 1 1 985 1084 1085 986
933 3 2 1 1 986 1085 1086 987
934 3 2 1 1 987 1086 1087 988
935 3 2 1 1 988 1087 1088 989
936 3 2 1 1 989 1088 1089 990
937 3 2 1 1 990 1089 1090 991
938 3 2 1 1 991 1090 1091 992
939 3 2 1 1 992 1091 1092 993
940 3 2 1 1 993 1092 1093 994
941 3 2 1 1 994 1093 1094 995
942 3 2 1 1 995 1094 1095 996
943 3 2 1 1 996 1095 1096 997
944 3 2 1 1 997 1096 1097 998
945 3 2 1 1 998 1097 1098 999
946 3 2 1 1 999 1098 1099 1000
947 3 2 1 1 1000 1099 1100 1001
948 3 2 1 1 1001 1100 1101 1002
949 3 2 1 1 1002 1101 1102 1003
950 3 2 1 1 1003 1102 1103 1004
951 3 2 1 1 1004 1103 1104 1005
952 3 2 1 1 1005 1104 1105 1006
953 3 2 1 1 1006 1105 1106 1007
954 3 2 1 1 1007 1106 1107 1008
955 3 2 1 1 1008 1107 1108 1009
956 3 2 1 1 1009 1108 1109 1010
957 3 2 1 1 1010 1109 1110 1011
958 3 2 1 1 1011 1110 1111 1012
959 3 2 1 1 1012 1111 1112 1013
960 3 2 1 1 1013 1112 1113 1014
961 3 2 1 1 1014 1113 1114 1015
962 3 2 1 1 1015 1114 1115 1016
963 3 2 1 1 1016 1115 1116 1017
964 3 2 1 1 1017 1116 1117 1018
965 3 2 1 1 1018 1117 1118 1019
966 3 2 1 1 1019 1118 1119 1020
967 3 2 1 1 1020 1119 1120 1021
968 3 2 1 1 1021 1120 1121 1022
969 3 2 1 1 1022 1121 1122 1023
970 3 2 1 1 1023 1122 1123 1024
971 3 2 1 1 1024 1123 1124 1025
972 3 2 1 1 1025 1124 1125 1026
973 3 2 1 1 1026 1125 1126 1027
974 3 2 1 1 1027 1126 1127 1028
975 3 2 1 1 1028 1127 1128 1029
976 3 2 1 1 1029 1128 1129 1030
977 3 2 1 1 1030 1129 1130 1031
978 3 2 1 1 1031 1130 1131 1032
979 3 2 1 1 1032 1131 1132 1033
980 3 2 1 1 1033 1132 35 36
981 3 2 1 1 145 146 1133 1034
982 3 2 1 1 1034 1133 1134 1035
983 3 2 1 1 1035 1134 1135 1036
984 3 2 1 1 1036 1135 1136 1037
985 3 2 1 1 1037 1136 1137 1038
986 3 2 1 1 1038 1137 1138 1039
987 3 2 1 1 1039 1138 1139 1040
988 3 2 1 1 1040 1139 1140 1041
989 3 2 1 1 1041 1140 1141 1042
990 3 2 1 1 1042 1141 1142 1043
991 3 2 1 1 1043 1142 1143 1044
992 3 2 1 1 1044 1143 1144 1045
993 3 2 1 1 1045 1144 1145 1046
994 3 2 1 1 1046 1145 1146 1047
995 3 2 1 1 1047 1146 1147 1048
996 3 2 1 1 1048 1147 1148 1049
997 3 2 1 1 1049 1148 1149 1050
998 3 2 1 1 1050 1149 1150 1051
999 3 2 1 1 1051 1150 1151 1052
1000 3 2 1 1 1052 1151 1152 1053
1001 3 2 1 1 1053 1152 1153 1054
1002 3 2 1 1 1054 1153 1154 1055
1003 3 2 1 1 1055 1154 1155 1056
1004 3 2 1 1 1056 1155 1156 1057
1005 3 2 1 1 1057 1156 1157 1058
1006 3 2 1 1 1058 1157 1158 1059
1007 3 2 1 1 1059 1158 1159 1060
1008 3 2 1 1 1060 1159 1160 1061
1009 3 2 1 1 1061 1160 1161 1062
1010 3 2 1 1 1062 1161 1162 1063
1011 3 2 1 1 1063 1162 1163 1064
1012 3 2 1 1 1064 1163 1164 1065
1013 3 2 1 1 1065 1164 1165 1066
1014 3 2 1 1 1066 1165 1166 1067
1015 3 2 1 1 1067 1166 1167 1068
1016 3 2 1 1 1068 1167 1168 1069
1017 3 2 1 1 1069 1168 1169 1070
1018 3 2 1 1 1070 1169 1170 1071
1019 3 2 1 1 1071 1170 1171 1072
1020 3 2 1 1 1072 1171 1172 1073
1021 3 2 1 1 1073 1172 1173 1074
1022 3 2 1 1 1074 1173 1174 1075
1023 3 2 1 1 1075 1174 1175 1076
1024 3 2 1 1 1076 1175 1176 1077
1025 3 2 1 1 1077 1176 1177 1078
1026 3 2 1 1 1078 1177 1178 1079
1027 3 2 1 1 1079 1178 1179 1080
1028 3 2 1 1 1080 1179 1180 1081
1029 3 2 1 1 1081 1180 1181 1082
1030 3 2 1 1 1082 1181 1182 1083
1031 3 2 1 1 1083 1182 1183 1084
1032 3 2 1 1 1084 1183 1184 1085
1033 3 2 1 1 1085 1184 1185 1086
1034 3 2 1 1 1086 1185 1186 1087
1035 3 2 1 1 1087 1186 1187 1088
1036 3 2 1 1 1088 1187 1188 1089
1037 3 2 1 1 1089 1188 1189 1090
1038 3 2 1 1 1090 1189 1190 1091
1039 3 2 1 1 1091 1190 1191 1092
1040 3 2 1 1 1092 1191 1192 1093
1041 3 2 1 1 1093 1192 1193 1094
1042 3 2 1 1 1094 1193 1194 1095
1043 3 2 1 1 1095 1194 1195 1096
1044 3 2 1 1 1096 1195 1196 1097
1045 3 2 1 1 1097 1196 1197 1098
1046 3 2 1 1 1098 1197 1198 1099
1047 3 2 1 1 1099 1198 1199 1100
1048 3 2 1 1 1100 1199 1200 1101
1049 3 2 1 1 1101 1200 1201 1102
1050 3 2 1 1 1102 1201 1202 1103
1051 3 2 1 1 1103 1202 1203 1104
1052 3 2 1 1 1104 1203 1204 1105
1053 3 2 1 1 1105 1204 1205 1106
1054 3 2 1 1 1106 1205 1206 1107
1055 3 2 1 1 1107 1206 1207 1108
1056 3 2 1 1 1108 1207 1208 1109
1057 3 2 1 1 1109 1208 1209 1110
1058 3 2 1 1 1110 1209 1210 1111
1059 3 2 1 1 1111 1210 1211 1112
1060 3 2 1 1 1112 1211 1212 1113
1061 3 2 1 1 1113 1212 1213 1114
1062 3 2 1 1 1114 1213 1214 1115
1063 3 2 1 1 1115 1214 1215 1116
1064 3 2 1 1 1116 1215 1216 1117
1065 3 2 1 1 1117 1216 1217 1118
1066 3 2 1 1 1118 1217 1218 1119
1067 3 2 1 1 1119 1218 1219 1120
1068 3 2 1 1 1120 1219 1220 1121
1069 3 2 1 1 1121 1220 1221 1122
1070 3 2 1 1 1122 1221 1222 1123
1071 3 2 1 1 1123 1222 1223 1124
1072 3 2 1 1 1124 1223 1224 1125
1073 3 2 1 1 1125 1224 1225 1126
1074 3 2 1 1 1126 1225 1226 1127
1075 3 2 1 1 1127 1226 1227 1128
1076 3 2 1 1 1128 1227 1228 1129
1077 3 2 1 1 1129 1228 1229 1130
1078 3 2 1 1 1130 1229 1230 1131
1079 3 2 1 1 1131 1230 1231 1132
1080 3 2 1 1 1132 1231 34 35
1081 3 2 1 1 146 147 1232 1133
1082 3 2 1 1 1133 1232 1233 1134
1083 3 2 1 1 1134 1233 1234 1135
1084 3 2 1 1 1135 1234 1235 1136
1085 3 2 1 1 1136 1235 1236 1137
1086 3 2 1 1 1137 1236 1237 1138
1087 3 2 1 1 1138 1237 1238 1139
1088 3 2 1 1 1139 1238 1239 1140
1089 3 2 1 1 1140 1239 1240 1141
1090 3 2 1 1 1141 1240 1241 1142
1091 3 2 1 1 1142 1241 1242 1143
1092 3 2 1 1 1143 1242 1243 1144
1093 3 2 1 1 1144 1243 1244 1145
1094 3 2 1 1 1145 1244 1245 1146
1095 3 2 1 1 1146 1245 1246 1147
1096 3 2 1 1 1147 1246 1247 1148
1097 3 2 1 1 1148 1247 1248 1149
1098 3 2 1 1 1149 1248 1249 1150
1099 3 2 1 1 1150 1249 1250 1151
1100 3 2 1 1 1151 1250 1251 1152
1101 3 2 1 1 1152 1251 1252 1153
1102 3 2 1 1 1153 1252 1253 1154
1103 3 2 1 1 1154 1253 1254 1155
1104 3 2 1 1 1155 1254 1255 1156
1105 3 2 1 1 1156 1255 1256 1157
1106 3 2 1 1 1157 1256 1257 1158
1107 3 2 1 1 1158 1257 1258 1159
1108 3 2 1 1 1159 1258 1259 1160
1109 3 2 1 1 1160 1259 1260 1161
1110 3 2 1 1 1161 1260 1261 1162
1111 3 2 1 1 1162 1261 1262 1163
1112 3 2 1 1 1163 1262 1263 1164
1113 3 2 1 1 1164 1263 1264 1165
1114 3 2 1 1 1165 1264 1265 1166
1115 3 2 1 1 1166 1265 1266 1167
1116 3 2 1 1 1167 1266 1267 1168
1117 3 2 1 1 1168 1267 1268 1169
1118 3 2 1 1 1169 1268 1269 1170
1119 3 2 1 1 1170 1269 1270 1171
1120 3 2 1 1 1171 1270 1271 1172
1121 3 2 1 1 1172 1271 1272 1173
1122 3 2 1 1 1173 1272 1273 1174
1123 3 2 1 1 1174 1273 1274 1175
1124 3 2 1 1 1175 1274 1275 1176
1125 3 2 1 1 1176 1275 1276 1177
1126 3 2 1 1 1177 1276 1277 1178
1127 3 2 1 1 1178 1277 1278 1179
1128 3 2 1 1 1179 1278 1279 1180
1129 3 2 1 1 1180 1279 1280 1181
1130 3 2 1 1 1181 1280 1281 1182
1131 3 2 1 1 1182 1281 1282 1183
1132 3 2 1 1 1183 1282 1283 1184
1133 3 2 1 1 1184 1283 1284 1185
1134 3 2 1 1 1185 1284 1285 1186
1135 3 2 1 1 1186 1285 1286 1187
1136 3 2 1 1 1187 1286 1287 1188
1137 3 2 1 1 1188 1287 1288 1189
1138 3 2 1 1 1189 1288 1289 1190
1139 3 2 1 1 1190 1289 1290 1191
1140 3 2 1 1 1191 1290 1291 1192
1141 3 2 1 1 1192 1291 1292 1193
1142 3 2 1 1 1193 1292 1293 1194
1143 3 2 1 1 1194 1293 1294 1195
1144 3 2 1 1 1195 1294 1295 1196
1145 3 2 1 1 1196 1295 1296 1197
1146 3 2 1 1 1197 1296 1297 1198
1147 3 2 1 1 1198 1297 1298 1199
1148 3 2 1 1 1199 1298 1299 1200
1149 3 2 1 1 1200 1299 1300 1201
1150 3 2 1 1 1201 1300 1301 1202
1151 3 2 1 1 1202 1301 1302 1203
1152 3 2 1 1 1203 1302 1303 1204
1153 3 2 1 1 1204 1303 1304 1205
1154 3 2 1 1 1205 1304 1305 1206
1155 3 2 1 1 1206 1305 1306 1207
1156 3 2 1 1 1207 1306 1307 1208
1157 3 2 1 1 1208 1307 1308 1209
1158 3 2 1 1 1209 1308 1309 1210
1159 3 2 1 1 1210 1309 1310 1211
1160 3 2 1 1 1211 1310 1311 1212
1161 3 2 1 1 1212 1311 1312 1213
1162 3 2 1 1 1213 1312 1313 1214
1163 3 2 1 1 1214 1313 1314 1215
1164 3 2 1 1 1215 1314 1315 1216
1165 3 2 1 1 1216 1315 1316 1217
1166 3 2 1 1 1217 1316 1317 1218
1167 3 2 1 1 1218 1317 1318 1219
1168 3 2 1 1 1219 1318 1319 1220
1169 3 2 1 1 1220 1319 1320 1221
1170 3 2 1 1 1221 1320 1321 1222
1171 3 2 1 1 1222 1321 1322 1223
1172 3 2 1 1 1223 1322 1323 1224
1173 3 2 1 1 1224 1323 1324 1225
1174 3 2 1 1 1225 1324 1325 1226
1175 3 2 1 1 1226 1325 1326 1227
1176 3 2 1 1 1227 1326 1327 1228
1177 3 2 1 1 1228 1327 1328 1229
1178 3 2 1 1 1229 1328 1329 1230
1179 3 2 1 1 1230 1329 1330 1231
1180 3 2 1 1 1231 1330 33 34
1181 3 2 1 1 147 148 1331 1232
1182 3 2 1 1 1232 1331 1332 1233
1183 3 2 1 1 1233 1332 1333 1234
1184 3 2 1 1 1234 1333 1334 1235
1185 3 2 1 1 1235 1334 1335 1236
1186 3 2 1 1 1236 1335 1336 1237
1187 3 2 1 1 1237 1336 1337 1238
1188 3 2 1 1 1238 1337 1338 1239
1189 3 2 1 1 1239 1338 1339 1240
1190 3 2 1 1 1240 1339 1340 1241
1191 3 2 1 1 1241 1340 1341 1242
1192 3 2 1 1 1242 1341 1342 1243
1193 3 2 1 1 1243 1342 1343 1244
1194 3 2 1 1 1244 1343 1344 1245
1195 3 2 1 1 1245 1344 1345 1246
1196 3 2 1 1 1246 1345 1346 1247
1197 3 2 1 1 1247 1346 1347 1248
1198 3 2 1 1 1248 1347 1348 1249
1199 3 2 1 1 1249 1348 1349 1250
1200 3 2 1 1 1250 1349 1350 1251
1201 3 2 1 1 1251 1350 1351 1252
1202 3 2 1 1 1252 1351 1352 1253
1203 3 2 1 1 1253 1352 1353 1254
1204 3 2 1 1 1254 1353 1354 1255
1205 3 2 1 1 1255 1354 1355 1256
1206 3 2 1 1 1256 1355 1356 1257
1207 3 2 1 1 1257 1356 1357 1258
1208 3 2 1 1 1258 1357 1358 1259
1209 3 2 1 1 1259 1358 1359 1260
1210 3 2 1 1 1260 1359 1360 1261
1211 3 2 1 1 1261 1360 1361 1262
1212 3 2 1 1 1262 1361 1362 1263
1213 3 2 1 1 1263 1362 1363 1264
1214 3 2 1 1 1264 1363 1364 1265
1215 3 2 1 1 1265 1364 1365 1266
1216 3 2 1 1 1266 1365 1366 1267
1217 3 2 1 1 1267 1366 1367 1268
1218 3 2 1 1 1268 1367 1368 1269
1219 3 2 1 1 1269 1368 1369 1270
1220 3 2 1 1 1270 1369 1370 1271
1221 3 2 1 1 1271 1370 1371 1272
1222 3 2 1 1 1272 1371 1372 1273
1223 3 2 1 1 1273 1372 1373 1274
1224 3 2 1 1 1274 1373 1374 1275
1225 3 2 1 1 1275 1374 1375 1276
1226 3 2 1 1 1276 1375 1376 1277
1227 3 2 1 1 1277 1376 1377 1278
1228 3 2 1 1 1278 1377 1378 1279
1229 3 2 1 1 1279 1378 1379 1280
1230 3 2 1 1 1280 1379 1380 1281
1231 3 2 1 1 1281 1380 1381 1282
1232 3 2 1 1 1282 1381 1382 1283
1233 3 2 1 1 1283 1382 1383 1284
1234 3 2 1 1 1284 1383 1384 1285
1235 3 2 1 1 1285 1384 1385 1286
1236 3 2 1 1 1286 1385 1386 1287
1237 3 2 1 1 1287 1386 1387 1288
1238 3 2 1 1 1288 1387 1388 1289
1239 3 2 1 1 1289 1388 1389 1290
1240 3 2 1 1 1290 1389 1390 1291
1241 3 2 1 1 1291 1390 1391 1292
1242 3 2 1 1 1292 1391 1392 1293
1243 3 2 1 1 1293 1392 1393 1294
1244 3 2 1 1 1294 1393 1394 1295
1245 3 2 1 1 1295 1394 1395 1296
1246 3 2 1 1 1296 1395 1396 1297
1247 3 2 1 1 1297 1396 1397 1298
1248 3 2 1 1 1298 1397 1398 1299
1249 3 2 1 1 1299 1398 1399 1300
1250 3 2 1 1 1300 1399 1400 1301
1251 3 2 1 1 1301 1400 1401 1302
1252 3 2 1 1 1302 1401 1402 1303
1253 3 2 1 1 1303 1402 1403 1304
1254 3 2 1 1 1304 1403 1404 1305
1255 3 2 1 1 1305 1404 1405 1306
1256 3 2 1 1 1306 1405 1406 1307
1257 3 2 1 1 1307 1406 1407 1308
1258 3 2 1 1 1308 1407 1408 1309
1259 3 2 1 1 1309 1408 1409 1310
1260 3 2 1 1 1310 1409 1410 1311
1261 3 2 1 1 1311 1410 1411 1312
1262 3 2 1 1 1312 1411 1412 1313
1263 3 2 1 1 1313 1412 1413 1314
1264 3 2 1 1 1314 1413 1414 1315
1265 3 2 1 1 1315 1414 1415 1316
1266 3 2 1 1 1316 1415 1416 1317
1267 3 2 1 1 1317 1416 1417 1318
1268 3 2 1 1 1318 1417 1418 1319
1269 3 2 1 1 1319 1418 1419 1320
1270 3 2 1 1 1320 1419 1420 1321
1271 3 2 1 1 1321 1420 1421 1322
1272 3 2 1 1 1322 1421 1422 1323
1273 3 2 1 1 1323 1422 1423 1324
1274 3 2 1 1 1324 1423 1424 1325
1275 3 2 1 1 1325 1424 1425 1326
1276 3 2 1 1 1326 1425 1426 1327
1277 3 2 1 1 1327 1426 1427 1328
1278 3 2 1 1 1328 1427 1428 1329
1279 3 2 1 1 1329 1428 1429 1330
1280 3 2 1 1 1330 1429 32 33
1281 3 2 1 1 148 149 1430 1331
1282 3 2 1 1 1331 1430 1431 1332
1283 3 2 1 1 1332 1431 1432 1333
1284 3 2 1 1 1333 1432 1433 1334
1285 3 2 1 1 1334 1433 1434 1335
1286 3 2 1 1 1335 1434 1435 1336
1287 3 2 1 1 1336 1435 1436 1337
1288 3 2 1 1 1337 1436 1437 1338
1289 3 2 1 1 1338 1437 1438 1339
1290 3 2 1 1 1339 1438 1439 1340
1291 3 2 1 1 1340 1439 1440 1341
1292 3 2 1 1 1341 1440 1441 1342
1293 3 2 1 1 1342 1441 1442 1343
1294 3 2 1 1 1343 1442 1443 1344
1295 3 2 1 1 1344 1443 1444 1345
1296 3 2 1 1 1345 1444 1445 1346
1297 3 2 1 1 1346 1445 1446 1347
1298 3 2 1 1 1347 1446 1447 1348
1299 3 2 1 1 1348 1447 1448 1349
1300 3 2 1 1 1349 1448 1449 1350
1301 3 2 1 1 1350 1449 1450 1351
1302 3 2 1 1 1351 1450 1451 1352
1303 3 2 1 1 1352 1451 1452 1353
1304 3 2 1 1 1353 1452 1453 1354
1305 3 2 1 1 1354 1453 1454 1355
1306 3 2 1 1 1355 1454 1455 1356
1307 3 2 1 1 1356 1455 1456 1357
1308 3 2 1 1 1357 1456 1457 1358
1309 3 2 1 1 1358 1457 1458 1359
1310 3 2 1 1 1359 1458 1459 1360
1311 3 2 1 1 1360 1459 1460 1361
1312 3 2 1 1 1361 1460 1461 1362
1313 3 2 1 1 1362 1461 1462 1363
1314 3 2 1 1 1363 1462 1463 1364
1315 3 2 1 1 1364 1463 1464 1365
1316 3 2 1 1 1365 1464 1465 1366
1317 3 2 1 1 1366 1465 1466 1367
1318 3 2 1 1 1367 1466 1467 1368
1319 3 2 1 1 1368 1467 1468 1369
1320 3 2 1 1 1369 1468 1469 1370
1321 3 2 1 1 1370 1469 1470 1371
1322 3 2 1 1 1371 1470 1471 1372
1323 3 2 1 1 1372 1471 1472 1373
1324 3 2 1 1 1373 1472 1473 1374
1325 3 2 1 1 1374 1473 1474 1375
1326 3 2 1 1 1375 1474 1475 1376
1327 3 2 1 1 1376 1475 1476 1377
1328 3 2 1 1 1377 1476 1477 1378
1329 3 2 1 1 1378 1477 1478 1379
1330 3 2 1 1 1379 1478 1479 1380
1331 3 2 1 1 1380 1479 1480 1381
1332 3 2 1 1 1381 1480 1481 1382
1333 3 2 1 1 1382 1481 1482 1383
1334 3 2 1 1 1383 1482 1483 1384
1335 3 2 1 1 1384 1483 1484 1385
1336 3 2 1 1 1385 1484 1485 1386
1337 3 2 1 1 1386 1485 1486 1387
1338 3 2 1 1 1387 1486 1487 1388
1339 3 2 1 1 1388 1487 1488 1389
1340 3 2 1 1 1389 1488 1489 1390
1341 3 2 1 1 1390 1489 1490 1391
1342 3 2 1 1 1391 1490 1491 1392
1343 3 2 1 1 1392 1491 1492 1393
1344 3 2 1 1 1393 1492 1493 1394
1345 3 2 1 1 1394 1493 1494 1395
1346 3 2 1 1 1395 1494 1495 1396
1347 3 2 1 1 1396 1495 1496 1397
1348 3 2 1 1 1397 1496 1497 1398
1349 3 2 1 1 1398 1497 1498 1399
1350 3 2 1 1 1399 1498 1499 1400
1351 3 2 1 1 1400 1499 1500 1401
1352 3 2 1 1 1401 1500 1501 1402
1353 3 2 1 1 1402 1501 1502 1403
1354 3 2 1 1 1403 1502 1503 1404
1355 3 2 1 1 1404 1503 1504 1405
1356 3 2 1 1 1405 1504 1505 1406
1357 3 2 1 1 1406 1505 1506 1407
1358 3 2 1 1 1407 1506 1507 1408
1359 3 2 1 1 1408 1507 1508 1409
1360 3 2 1 1 1409 1508 1509 1410
1361 3 2 1 1 1410 1509 1510 1411
1362 3 2 1 1 1411 1510 1511 1412
1363 3 2 1 1 1412 1511 1512 1413
1364 3 2 1 1 1413 1512 1513 1414
1365 3 2 1 1 1414 1513 1514 1415
1366 3 2 1 1 1415 1514 1515 1416
1367 3 2 1 1 1416 1515 1516 1417
1368 3 2 1 1 1417 1516 1517 1418
1369 3 2 1 1 1418 1517 1518 1419
1370 3 2 1 1 1419 1518 1519 1420
1371 3 2 1 1 1420 1519 1520 1421
1372 3 2 1 1 1421 1520 1521 1422
1373 3 2 1 1 1422 1521 1522 1423
1374 3 2 1 1 1423 1522 1523 1424
1375 3 2 1 1 1424 1523 1524 1425
1376 3 2 1 1 1425 1524 1525 1426
1377 3 2 1 1 1426 1525 1526 1427
1378 3 2 1 1 1427 1526 1527 1428
1379 3 2 1 1 1428 1527 1528 1429
1380 3 2 1 1 1429 1528 31 32
1381 3 2 1 1 149 150 1529 1430
1382 3 2 1 1 1430 1529 1530 1431
1383 3 2 1 1 1431 1530 1531 1432
1384 3 2 1 1 1432 1531 1532 1433
1385 3 2 1 1 1433 1532 1533 1434
1386 3 2 1 1 1434 1533 1534 1435
1387 3 2 1 1 1435 1534 1535 1436
1388 3 2 1 1 1436 1535 1536 1437
1389 3 2 1 1 1437 1536 1537 1438
1390 3 2 1 1 1438 1537 1538 1439
1391 3 2 1 1 1439 1538 1539 1440
1392 3 2 1 1 1440 1539 1540 1441
1393 3 2 1 1 1441 1540 1541 1442
1394 3 2 1 1 1442 1541 1542 1443
1395 3 2 1 1 1443 1542 1543 1444
1396 3 2 1 1 1444 1543 1544 1445
1397 3 2 1 1 1445 1544 1545 1446
1398 3 2 1 1 1446 1545 1546 1447
1399 3 2 1 1 1447 1546 1547 1448
1400 3 2 1 1 1448 1547 1548 1449
1401 3 2 1 1 1449 1548 1549 1450
1402 3 2 1 1 1450 1549 1550 1451
1403 3 2 1 1 1451 1550 1551 1452
1404 3 2 1 1 1452 1551 1552 1453
1405 3 2 1 1 1453 1552 1553 1454
1406 3 2 1 1 1454 1553 1554 1455
1407 3 2 1 1 1455 1554 1555 1456
1408 3 2 1 1 1456 1555 1556 1457
1409 3 2 1 1 1457 1556 1557 1458
1410 3 2 1 1 1458 1557 1558 1459
1411 3 2 1 1 1459 1558 1559 1460
1412 3 2 1 1 1460 1559 1560 1461
1413 3 2 1 1 1461 1560 1561 1462
1414 3 2 1 1 1462 1561 1562 1463
1415 3 2 1 1 1463 1562 1563 1464
1416 3 2 1 1 1464 1563 1564 1465
1417 3 2 1 1 1465 1564 1565 1466
1418 3 2 1 1 1466 1565 1566 1467
1419 3 2 1 1 1467 1566 1567 1468
1420 3 2 1 1 1468 1567 1568 1469
1421 3 2 1 1 1469 1568 1569 1470
1422 3 2 1 1 1470 1569 1570 1471
1423 3 2 1 1 1471 1570 1571 1472
1424 3 2 1 1 1472 1571 1572 1473
1425 3 2 1 1 1473 1572 1573 1474
1426 3 2 1 1 1474 1573 1574 1475
1427 3 2 1 1 1475 1574 1575 1476
1428 3 2 1 1 1476 1575 1576 1477
1429 3 2 1 1 1477 1576 1577 1478
1430 3 2 1 1 1478 1577 1578 1479
1431 3 2 1 1 1479 1578 1579 1480
1432 3 2 1 1 1480 1579 1580 1481
1433 3 2 1 1 1481 1580 1581 1482
1434 3 2 1 1 1482 1581 1582 1483
1435 3 2 1 1 1483 1582 1583 1484
1436 3 2 1 1 1484 1583 1584 1485
1437 3 2 1 1 1485 1584 1585 1486
1438 3 2 1 1 1486 1585 1586 1487
1439 3 2 1 1 1487 1586 1587 1488
1440 3 2 1 1 1488 1587 1588 1489
1441 3 2 1 1 1489 1588 1589 1490
1442 3 2 1 1 1490 1589 1590 1491
1443 3 2 1 1 1491 1590 1591 1492
1444 3 2 1 1 1492 1591 1592 1493
1445 3 2 1 1 1493 1592 1593 1494
1446 3 2 1 1 1494 1593 1594 1495
1447 3 2 1 1 1495 1594 1595 1496
1448 3 2 1 1 1496 1595 1596 1497
1449 3 2 1 1 1497 1596 1597 1498
1450 3 2 1 1 1498 1597 1598 1499
1451 3 2 1 1 1499 1598 1599 1500
1452 3 2 1 1 1500 1599 1600 1501
1453 3 2 1 1 1501 1600 1601 1502
1454 3 2 1 1 1502 1601 1602 1503
1455 3 2 1 1 1503 1602 1603 1504
1456 3 2 1 1 1504 1603 1604 1505
1457 3 2 1 1 1505 1604 1605 1506
1458 3 2 1 1 1506 1605 1606 1507
1459 3 2 1 1 1507 1606 1607 1508
1460 3 2 1 1 1508 1607 1608 1509
1461 3 2 1 1 1509 1608 1609 1510
1462 3 2 1 1 1510 1609 1610 1511
1463 3 2 1 1 1511 1610 1611 1512
1464 3 2 1 1 1512 1611 1612 1513
1465 3 2 1 1 1513 1612 1613 1514
1466 3 2 1 1 1514 1613 1614 1515
1467 3 2 1 1 1515 1614 1615 1516
1468 3 2 1 1 1516 1615 1616 1517
1469 3 2 1 1 1517 1616 1617 1518
1470 3 2 1 1 1518 1617 1618 1519
1471 3 2 1 1 1519 1618 1619 1520
1472 3 2 1 1 1520 1619 1620 1521
1473 3 2 1 1 1521 1620 1621 1522
1474 3 2 1 1 1522 1621 1622 1523
1475 3 2 1 1 1523 1622 1623 1524
1476 3 2 1 1 1524 1623 1624 1525
1477 3 2 1 1 1525 1624 1625 1526
1478 3 2 1 1 1526 1625 1626 1527
1479 3 2 1 1 1527 1626 1627 1528
1480 3 2 1 1 1528 1627 30 31
1481 3 2 1 1 150 151 1628 1529
1482 3 2 1 1 1529 1628 1629 1530
1483 3 2 1 1 1530 1629 1630 1531
1484 3 2 1 1 1531 1630 1631 1532
1485 3 2 1 1 1532 1631 1632 1533
1486 3 2 1 1 1533 1632 1633 1534
1487 3 2 1 1 1534 1633 1634 1535
1488 3 2 1 1 1535 1634 1635 1536
1489 3 2 1 1 1536 1635 1636 1537
1490 3 2 1 1 1537 1636 1637 1538
1491 3 2 1 1 1538 1637 1638 1539
1492 3 2 1 1 1539 1638 1639 1540
1493 3 2 1 1 1540 1639 1640 1541
1494 3 2 1 1 1541 1640 1641 1542
1495 3 2 1 1 1542 1641 1642 1543
1496 3 2 1 1 1543 1642 1643 1544
1497 3 2 1 1 1544 1643 1644 1545
1498 3 2 1 1 1545 1644 1645 1546
1499 3 2 1 1 1546 1645 1646 1547
1500 3 2 1 1 1547 1646 1647 1548
1501 3 2 1 1 1548 1647 1648 1549
1502 3 2 1 1 1549 1648 1649 1550
1503 3 2 1 1 1550 1649 1650 1551
1504 3 2 1 1 1551 1650 1651 1552
1505 3 2 1 1 1552 1651 1652 1553
1506 3 2 1 1 1553 1652 1653 1554
1507 3 2 1 1 1554 1653 1654 1555
1508 3 2 1 1 1555 1654 1655 1556
1509 3 2 1 1 1556 1655 1656 1557
1510 3 2 1 1 1557 1656 1657 1558
1511 3 2 1 1 1558 1657 1658 1559
1512 3 2 1 1 1559 1658 1659 1560
1513 3 2 1 1 1560 1659 1660 1561
1514 3 2 1 1 1561 1660 1661 1562
1515 3 2 1 1 1562 1661 1662 1563
1516 3 2 1 1 1563 1662 1663 1564
1517 3 2 1 1 1564 1663 1664 1565
1518 3 2 1 1 1565 1664 1665 1566
1519 3 2 1 1 1566 1665 1666 1567
1520 3 2 1 1 1567 1666 1667 1568
1521 3 2 1 1 1568 1667 1668 1569
1522 3 2 1 1 1569 1668 1669 1570
1523 3 2 1 1 1570 1669 1670 1571
1524 3 2 1 1 1571 1670 1671 1572
1525 3 2 1 1 1572 1671 1672 1573
1526 3 2 1 1 1573 1672 1673 1574
1527 3 2 1 1 1574 1673 1674 1575
1528 3 2 1 1 1575 1674 1675 1576
1529 3 2 1 1 1576 1675 1676 1577
1530 3 2 1 1 1577 1676 1677 1578
1531 3 2 1 1 1578 1677 1678 1579
1532 3 2 1 1 1579 1678 1679 1580
1533 3 2 1 1 1580 1679 1680 1581
1534 3 2 1 1 1581 1680 1681 1582
1535 3 2 1 1 1582 1681 1682 1583
1536 3 2 1 1 1583 1682 1683 1584
1537 3 2 1 1 1584 1683 1684 1585
1538 3 2 1 1 1585 1684 1685 1586
1539 3 2 1 1 1586 1685 1686 1587
1540 3 2 1 1 1587 1686 1687 1588
1541 3 2 1 1 1588 1687 1688 1589
1542 3 2 1 1 1589 1688 1689 1590
1543 3 2 1 1 1590 1689 1690 1591
1544 3 2 1 1 1591 1690 1691 1592
1545 3 2 1 1 1592 1691 1692 1593
1546 3 2 1 1 1593 1692 1693 1594
1547 3 2 1 1 1594 1693 1694 1595
1548 3 2 1 1 1595 1694 1695 1596
1549 3 2 1 1 1596 1695 1696 1597
1550 3 2 1 1 1597 1696 1697 1598
1551 3 2 1 1 1598 1697 1698 1599
1552 3 2 1 1 1599 1698 1699 1600
1553 3 2 1 1 1600 1699 1700 1601
1554 3 2 1 1 1601 1700 1701 1602
1555 3 2 1 1 1602 1701 1702 1603
1556 3 2 1 1 1603 1702 1703 1604
1557 3 2 1 1 1604 1703 1704 1605
1558 3 2 1 1 1605 1704 1705 1606
1559 3 2 1 1 1606 1705 1706 1607
1560 3 2 1 1 1607 1706 1707 1608
1561 3 2 1 1 1608 1707 1708 1609
1562 3 2 1 1 1609 1708 1709 1610
1563 3 2 1 1 1610 1709 1710 1611
1564 3 2 1 1 1611 1710 1711 1612
1565 3 2 1 1 1612 1711 1712 1613
1566 3 2 1 1 1613 1712 1713 1614
1567 3 2 1 1 1614 1713 1714 1615
1568 3 2 1 1 1615 1714 1715 1616
1569 3 2 1 1 1616 1715 1716 1617
1570 3 2 1 1 1617 1716 1717 1618
1571 3 2 1 1 1618 1717 1718 1619
1572 3 2 1 1 1619 1718 1719 1620
1573 3 2 1 1 1620 1719 1720 1621
1574 3 2 1 1 1621 1720 1721 1622
1575 3 2 1 1 1622 1721 1722 1623
1576 3 2 1 1 1623 1722 1723 1624
1577 3 2 1 1 1624 1723 1724 1625
1578 3 2 1 1 1625 1724 1725 1626
1579 3 2 1 1 1626 1725 1726 1627
1580 3 2 1 1 1627 1726 29 30
1581 3 2 1 1 151 152 1727 1628
1582 3 2 1 1 1628 1727 1728 1629
1583 3 2 1 1 1629 1728 1729 1630
1584 3 2 1 1 1630 1729 1730 1631
1585 3 2 1 1 1631 1730 1731 1632
1586 3 2 1 1 1632 1731 1732 1633
1587 3 2 1 1 1633 1732 1733 1634
1588 3 2 1 1 1634 1733 1734 1635
1589 3 2 1 1 1635 1734 1735 1636
1590 3 2 1 1 1636 1735 1736 1637
1591 3 2 1 1 1637 1736 1737 1638
1592 3 2 1 1 1638 1737 1738 1639
1593 3 2 1 1 1639 1738 1739 1640
1594 3 2 1 1 1640 1739 1740 1641
1595 3 2 1 1 1641 1740 1741 1642
1596 3 2 1 1 1642 1741 1742 1643
1597 3 2 1 1 1643 1742 1743 1644
1598 3 2 1 1 1644 1743 1744 1645
1599 3 2 1 1 1645 1744 1745 1646
1600 3 2 1 1 1646 1745 1746 1647
1601 3 2 1 1 1647 1746 1747 1648
1602 3 2 1 1 1648 1747 1748 1649
1603 3 2 1 1 1649 1748 1749 1650
1604 3 2 1 1 1650 1749 1750 1651
1605 3 2 1 1 1651 1750 1751 1652
1606 3 2 1 1 1652 1751 1752 1653
1607 3 2 1 1 1653 1752 1753 1654
1608 3 2 1 1 1654 1753 1754 1655
1609 3 2 1 1 1655 1754 1755 1656
1610 3 2 1 1 1656 1755 1756 1657
1611 3 2 1 1 1657 1756 1757 1658
1612 3 2 1 1 1658 1757 1758 1659
1613 3 2 1 1 1659 1758 1759 1660
1614 3 2 1 1 1660 1759 1760 1661
1615 3 2 1 1 1661 1760 1761 1662
1616 3 2 1 1 1662 1761 1762 1663
1617 3 2 1 1 1663 1762 1763 1664
1618 3 2 1 1 1664 1763 1764 1665
1619 3 2 1 1 1665 1764 1765 1666
1620 3 2 1 1 1666 1765 1766 1667
1621 3 2 1 1 1667 1766 1767 1668
1622 3 2 1 1 1668 1767 1768 1669
1623 3 2 1 1 1669 1768 1769 1670
1624 3 2 1 1 1670 1769 1770 1671
1625 3 2 1 1 1671 1770 1771 1672
1626 3 2 1 1 1672 1771 1772 1673
1627 3 2 1 1 1673 1772 1773 1674
1628 3 2 1 1 1674 1773 1774 1675
1629 3 2 1 1 1675 1774 1775 1676
1630 3 2 1 1 1676 1775 1776 1677
1631 3 2 1 1 1677 1776 1777 1678
1632 3 2 1 1 1678 1777 1778 1679
1633 3 2 1 1 1679 1778 1779 1680
1634 3 2 1 1 1680 1779 1780 1681
1635 3 2 1 1 1681 1780 1781 1682
1636 3 2 1 1 1682 1781 1782 1683
1637 3 2 1 1 1683 1782 1783 1684
1638 3 2 1 1 1684 1783 1784 1685
1639 3 2 1 1 1685 1784 1785 1686
1640 3 2 1 1 1686 1785 1786 1687
1641 3 2 1 1 1687 1786 1787 1688
1642 3 2 1 1 1688 1787 1788 1689
1643 3 2 1 1 1689 1788 1789 1690
1644 3 2 1 1 1690 1789 1790 1691
1645 3 2 1 1 1691 1790 1791 1692
1646 3 2 1 1 1692 1791 1792 1693
1647 3 2 1 1 1693 1792 1793 1694
1648 3 2 1 1 1694 1793 1794 1695
1649 3 2 1 1 1695 1794 1795 1696
1650 3 2 1 1 1696 1795 1796 1697
1651 3 2 1 1 1697 1796 1797 1698
1652 3 2 1 1 1698 1797 1798 1699
1653 3 2 1 1 1699 1798 1799 1700
1654 3 2 1 1 1700 1799 1800 1701
1655 3 2 1 1 1701 1800 1801 1702
1656 3 2 1 1 1702 1801 1802 1703
1657 3 2 1 1 1703 1802 1803 1704
1658 3 2 1 1 1704 1803 1804 1705
1659 3 2 1 1 1705 1804 1805 1706
1660 3 2 1 1 1706 1805 1806 1707
1661 3 2 1 1 1707 1806 1807 1708
1662 3 2 1 1 1708 1807 1808 1709
1663 3 2 1 1 1709 1808 1809 1710
1664 3 2 1 1 1710 1809 1810 1711
1665 3 2 1 1 1711 1810 1811 1712
1666 3 2 1 1 1712 1811 1812 1713
1667 3 2 1 1 1713 1812 1813 1714
1668 3 2 1 1 1714 1813 1814 1715
1669 3 2 1 1 1715 1814 1815 1716
1670 3 2 1 1 1716 1815 1816 1717
1671 3 2 1 1 1717 1816 1817 1718
1672 3 2 1 1 1718 1817 1818 1719
1673 3 2 1 1 1719 1818 1819 1720
1674 3 2 1 1 1720 1819 1820 1721
1675 3 2 1 1 1721 1820 1821 1722
1676 3 2 1 1 1722 1821 1822 1723
1677 3 2 1 1 1723 1822 1823 1724
1678 3 2 1 1 1724 1823 1824 1725
1679 3 2 1 1 1725 1824 1825 1726
1680 3 2 1 1 1726 1825 28 29
1681 3 2 1 1 152 153 1826 1727
1682 3 2 1 1 1727 1826 1827 1728
1683 3 2 1 1 1728 1827 1828 1729
1684 3 2 1 1 1729 1828 1829 1730
1685 3 2 1 1 1730 1829 1830 1731
1686 3 2 1 1 1731 1830 1831 1732
1687 3 2 1 1 1732 1831 1832 1733
1688 3 2 1 1 1733 1832 1833 1734
1689 3 2 1 1 1734 1833 1834 1735
1690 3 2 1 1 1735 1834 1835 1736
1691 3 2 1 1 1736 1835 1836 1737
1692 3 2 1 1 1737 1836 1837 1738
1693 3 2 1 1 1738 1837 1838 1739
1694 3 2 1 1 1739 1838 1839 1740
1695 3 2 1 1 1740 1839 1840 1741
1696 3 2 1 1 1741 1840 1841 1742
1697 3 2 1 1 1742 1841 1842 1743
1698 3 2 1 1 1743 1842 1843 1744
1699 3 2 1 1 1744 1843 1844 1745
1700 3 2 1 1 1745 1844 1845 1746
1701 3 2 1 1 1746 1845 1846 1747
1702 3 2 1 1 1747 1846 1847 1748
1703 3 2 1 1 1748 1847 1848 1749
1704 3 2 1 1 1749 1848 1849 1750
1705 3 2 1 1 1750 1849 1850 1751
1706 3 2 1 1 1751 1850 1851 1752
1707 3 2 1 1 1752 1851 1852 1753
1708 3 2 1 1 1753 1852 1853 1754
1709 3 2 1 1 1754 1853 1854 1755
1710 3 2 1 1 1755 1854 1855 1756
1711 3 2 1 1 1756 1855 1856 1757
1712 3 2 1 1 1757 1856 1857 1758
1713 3 2 1 1 1758 1857 1858 1759
1714 3 2 1 1 1759 1858 1859 1760
1715 3 2 1 1 1760 1859 1860 1761
1716 3 2 1 1 1761 1860 1861 1762
1717 3 2 1 1 1762 1861 1862 1763
1718 3 2 1 1 1763 1862 1863 1764
1719 3 2 1 1 1764 1863 1864 1765
1720 3 2 1 1 1765 1864 1865 1766
1721 3 2 1 1 1766 1865 1866 1767
1722 3 2 1 1 1767 1866 1867 1768
1723 3 2 1 1 1768 1867 1868 1769
1724 3 2 1 1 1769 1868 1869 1770
1725 3 2 1 1 1770 1869 1870 1771
1726 3 2 1 1 1771 1870 1871 1772
1727 3 2 1 1 1772 1871 1872 1773
1728 3 2 1 1 1773 1872 1873 1774
1729 3 2 1 1 1774 1873 1874 1775
1730 3 2 1 1 1775 1874 1875 1776
1731 3 2 1 1 1776 1875 1876 1777
1732 3 2 1 1 1777 1876 1877 1778
1733 3 2 1 1 1778 1877 1878 1779
1734 3 2 1 1 1779 1878 1879 1780
1735 3 2 1 1 1780 1879 1880 1781
1736 3 2 1 1 1781 1880 1881 1782
1737 3 2 1 1 1782 1881 1882 1783
1738 3 2 1 1 1783 1882 1883 1784
1739 3 2 1 1 1784 1883 1884 1785
1740 3 2 1 1 1785 1884 1885 1786
1741 3 2 1 1 1786 1885 1886 1787
1742 3 2 1 1 1787 1886 1887 1788
1743 3 2 1 1 1788 1887 1888 1789
1744 3 2 1 1 1789 1888 1889 1790
1745 3 2 1 1 1790 1889 1890 1791
1746 3 2 1 1 1791 1890 1891 1792
1747 3 2 1 1 1792 1891 1892 1793
1748 3 2 1 1 1793 1892 1893 1794
1749 3 2 1 1 1794 1893 1894 1795
1750 3 2 1 1 1795 1894 1895 1796
1751 3 2 1 1 1796 1895 1896 1797
1752 3 2 1 1 1797 1896 1897 1798
1753 3 2 1 1 1798 1897 1898 1799
1754 3 2 1 1 1799 1898 1899 1800
1755 3 2 1 1 1800 1899 1900 1801
1756 3 2 1 1 1801 1900 1901 1802
1757 3 2 1 1 1802 1901 1902 1803
1758 3 2 1 1 1803 1902 1903 1804
1759 3 2 1 1 1804 1903 1904 1805
1760 3 2 1 1 1805 1904 1905 1806
1761 3 2 1 1 1806 1905 1906 1807
1762 3 2 1 1 1807 1906 1907 1808
1763 3 2 1 1 1808 1907 1908 1809
1764 3 2 1 1 1809 1908 1909 1810
1765 3 2 1 1 1810 1909 1910 1811
1766 3 2 1 1 1811 1910 1911 1812
1767 3 2 1 1 1812 1911 1912 1813
1768 3 2 1 1 1813 1912 1913 1814
1769 3 2 1 1 1814 1913 1914 1815
1770 3 2 1 1 1815 1914 1915 1816
1771 3 2 1 1 1816 1915 1916 1817
1772 3 2 1 1 1817 1916 1917 1818
1773 3 2 1 1 1818 1917 1918 1819
1774 3 2 1 1 1819 1918 1919 1820
1775 3 2 1 1 1820 1919 1920 1821
1776 3 2 1 1 1821 1920 1921 1822
1777 3 2 1 1 1822 1921 1922 1823
1778 3 2 1 1 1823 1922 1923 1824
1779 3 2 1 1 1824 1923 1924 1825
1780 3 2 1 1 1825 1924 27 28
1781 3 2 1 1 153 154 1925 1826
1782 3 2 1 1 1826 1925 1926 1827
1783 3 2 1 1 1827 1926 1927 1828
1784 3 2 1 1 1828 1927 1928 1829
1785 3 2 1 1 1829 1928 1929 1830
1786 3 2 1 1 1830 1929 1930 1831
1787 3 2 1 1 1831 1930 1931 1832
1788 3 2 1 1 1832 1931 1932 1833
1789 3 2 1 1 1833 1932 1933 1834
1790 3 2 1 1 1834 1933 1934 1835
1791 3 2 1 1 1835 1934 1935 1836
1792 3 2 1 1 1836 1935 1936 1837
1793 3 2 1 1 1837 1936 1937 1838
1794 3 2 1 1 1838 1937 1938 1839
1795 3 2 1 1 1839 1938 1939 1840
1796 3 2 1 1 1840 1939 1940 1841
1797 3 2 1 1 1841 1940 1941 1842
1798 3 2 1 1 1842 1941 1942 1843
1799 3 2 1 1 1843 1942 1943 1844
1800 3 2 1 1 1844 1943 1944 1845
1801 3 2 1 1 1845 1944 1945 1846
1802 3 2 1 1 1846 1945 1946 1847
1803 3 2 1 1 1847 1946 1947 1848
1804 3 2 1 1 1848 1947 1948 1849
1805 3 2 1 1 1849 1948 1949 1850
1806 3 2 1 1 1850 1949 1950 1851
1807 3 2 1 1 1851 1950 1951 1852
1808 3 2 1 1 1852 1951 1952 1853
1809 3 2 1 1 1853 1952 1953 1854
1810 3 2 1 1 1854 1953 1954 1855
1811 3 2 1 1 1855 1954 1955 1856
1812 3 2 1 1 1856 1955 1956 1857
1813 3 2 1 1 1857 1956 1957 1858
1814 3 2 1 1 1858 1957 1958 1859
1815 3 2 1 1 1859 1958 1959 1860
1816 3 2 1 1 1860 1959 1960 1861
1817 3 2 1 1 1861 1960 1961 1862
1818 3 2 1 1 1862 1961 1962 1863
1819 3 2 1 1 1863 1962 1963 1864
1820 3 2 1 1 1864 1963 1964 1865
1821 3 2 1 1 1865 1964 1965 1866
1822 3 2 1 1 1866 1965 1966 1867
1823 3 2 1 1 1867 1966 1967 1868
1824 3 2 1 1 1868 1967 1968 1869
1825 3 2 1 1 1869 1968 1969 1870
1826 3 2 1 1 1870 1969 1970 1871
1827 3 2 1 1 1871 1970 1971 1872
1828 3 2 1 1 1872 1971 1972 1873
1829 3 2 1 1 1873 1972 1973 1874
1830 3 2 1 1 1874 1973 1974 1875
1831 3 2 1 1 1875 1974 1975 1876
1832 3 2 1 1 1876 1975 1976 1877
1833 3 2 1 1 1877 1976 1977 1878
1834 3 2 1 1 1878 1977 1978 1879
1835 3 2 1 1 1879 1978 1979 1880
1836 3 2 1 1 1880 1979 1980 1881
1837 3 2 1 1 1881 1980 1981 1882
1838 3 2 1 1 1882 1981 1982 1883
1839 3 2 1 1 1883 1982 1983 1884
1840 3 2 1 1 1884 1983 1984 1885
1841 3 2 1 1 1885 1984 1985 1886
1842 3 2 1 1 1886 1985 1986 1887
1843 3 2 1 1 1887 1986 1987 1888
1844 3 2 1 1 1888 1987 1988 1889
1845 3 2 1 1 1889 1988 1989 1890
1846 3 2 1 1 1890 1989 1990 1891
1847 3 2 1 1 1891 1990 1991 1892
1848 3 2 1 1 1892 1991 1992 1893
1849 3 2 1 1 1893 1992 1993 1894
1850 3 2 1 1 1894 1993 1994 1895
1851 3 2 1 1 1895 1994 1995 1896
1852 3 2 1 1 1896 1995 1996 1897
1853 3 2 1 1 1897 1996 1997 1898
1854 3 2 1 1 1898 1997 1998 1899
1855 3 2 1 1 1899 1998 1999 1900
1856 3 2 1 1 1900 1999 2000 1901
1857 3 2 1 1 1901 2000 2001 1902
1858 3 2 1 1 1902 2001 2002 1903
1859 3 2 1 1 1903 2002 2003 1904
1860 3 2 1 1 1904 2003 2004 1905
1861 3 2 1 1 1905 2004 2005 1906
1862 3 2 1 1 1906 2005 2006 1907
1863 3 2 1 1 1907 2006 2007 1908
1864 3 2 1 1 1908 2007 2008 1909
1865 3 2 1 1 1909 2008 2009 1910
1866 3 2 1 1 1910 2009 2010 1911
1867 3 2 1 1 1911 2010 2011 1912
1868 3 2 1 1 1912 2011 2012 1913
1869 3 2 1 1 1913 2012 2013 1914
1870 3 2 1 1 1914 2013 2014 1915
1871 3 2 1 1 1915 2014 2015 1916
1872 3 2 1 1 1916 2015 2016 1917
1873 3 2 1 1 1917 2016 2017 1918
1874 3 2 1 1 1918 2017 2018 1919
1875 3 2 1 1 1919 2018 2019 1920
1876 3 2 1 1 1920 2019 2020 1921
1877 3 2 1 1 1921 2020 2021 1922
1878 3 2 1 1 1922 2021 2022 1923
1879 3 2 1 1 1923 2022 2023 1924
1880 3 2 1 1 1924 2023 26 27
1881 3 2 1 1 154 155 2024 1925
1882 3 2 1 1 1925 2024 2025 1926
1883 3 2 1 1 1926 2025 2026 1927
1884 3 2 1 1 1927 2026 2027 1928
1885 3 2 1 1 1928 2027 2028 1929
1886 3 2 1 1 1929 2028 2029 1930
1887 3 2 1 1 1930 2029 2030 1931
1888 3 2 1 1 1931 2030 2031 1932
1889 3 2 1 1 1932 2031 2032 1933
1890 3 2 1 1 1933 2032 2033 1934
1891 3 2 1 1 1934 2033 2034 1935
1892 3 2 1 1 1935 2034 2035 1936
1893 3 2 1 1 1936 2035 2036 1937
1894 3 2 1 1 1937 2036 2037 1938
1895 3 2 1 1 1938 2037 2038 1939
1896 3 2 1 1 1939 2038 2039 1940
1897 3 2 1 1 1940 2039 2040 1941
1898 3 2 1 1 1941 2040 2041 1942
1899 3 2 1 1 1942 2041 2042 1943
1900 3 2 1 1 1943 2042 2043 1944
1901 3 2 1 1 1944 2043 2044 1945
1902 3 2 1 1 1945 2044 2045 1946
1903 3 2 1 1 1946 2045 2046 1947
1904 3 2 1 1 1947 2046 2047 1948
1905 3 2 1 1 1948 2047 2048 1949
1906 3 2 1 1 1949 2048 2049 1950
1907 3 2 1 1 1950 2049 2050 1951
1908 3 2 1 1 1951 2050 2051 1952
1909 3 2 1 1 1952 2051 2052 1953
1910 3 2 1 1 1953 2052 2053 1954
1911 3 2 1 1 1954 2053 2054 1955
1912 3 2 1 1 1955 2054 2055 1956
1913 3 2 1 1 1956 2055 2056 1957
1914 3 2 1 1 1957 2056 2057 1958
1915 3 2 1 1 1958 2057 2058 1959
1916 3 2 1 1 1959 2058 2059 1960
1917 3 2 1 1 1960 2059 2060 1961
1918 3 2 1 1 1961 2060 2061 1962
1919 3 2 1 1 1962 2061 2062 1963
1920 3 2 1 1 1963 2062 2063 1964
1921 3 2 1 1 1964 2063 2064 1965
1922 3 2 1 1 1965 2064 2065 1966
1923 3 2 1 1 1966 2065 2066 1967
1924 3 2 1 1 1967 2066 2067 1968
1925 3 2 1 1 1968 2067 2068 1969
1926 3 2 1 1 1969 2068 2069 1970
1927 3 2 1 1 1970 2069 2070 1971
1928 3 2 1 1 1971 2070 2071 1972
1929 3 2 1 1 1972 2071 2072 1973
1930 3 2 1 1 1973 2072 2073 1974
1931 3 2 1 1 1974 2073 2074 1975
1932 3 2 1 1 1975 2074 2075 1976
1933 3 2 1 1 1976 2075 2076 1977
1934 3 2 1 1 1977 2076 2077 1978
1935 3 2 1 1 1978 2077 2078 1979
1936 3 2 1 1 1979 2078 2079 1980
1937 3 2 1 1 1980 2079 2080 1981
1938 3 2 1 1 1981 2080 2081 1982
1939 3 2 1 1 1982 2081 2082 1983
1940 3 2 1 1 1983 2082 2083 1984
1941 3 2 1 1 1984 2083 2084 1985
1942 3 2 1 1 1985 2084 2085 1986
1943 3 2 1 1 1986 2085 2086 1987
1944 3 2 1 1 1987 2086 2087 1988
1945 3 2 1 1 1988 2087 2088 1989
1946 3 2 1 1 1989 2088 2089 1990
1947 3 2 1 1 1990 2089 2090 1991
1948 3 2 1 1 1991 2090 2091 1992
1949 3 2 1 1 1992 2091 2092 1993
1950 3 2 1 1 1993 2092 2093 1994
1951 3 2 1 1 1994 2093 2094 1995
1952 3 2 1 1 1995 2094 2095 1996
1953 3 2 1 1 1996 2095 2096 1997
1954 3 2 1 1 1997 2096 2097 1998
1955 3 2 1 1 1998 2097 2098 1999
1956 3 2 1 1 1999 2098 2099 2000
1957 3 2 1 1 2000 2099 2100 2001
1958 3 2 1 1 2001 2100 2101 2002
1959 3 2 1 1 2002 2101 2102 2003
1960 3 2 1 1 2003 2102 2103 2004
1961 3 2 1 1 2004 2103 2104 2005
1962 3 2 1 1 2005 2104 2105 2006
1963 3 2 1 1 2006 2105 2106 2007
1964 3 2 1 1 2007 2106 2107 2008
1965 3 2 1 1 2008 2107 2108 2009
1966 3 2 1 1 2009 2108 2109 2010
1967 3 2 1 1 2010 2109 2110 2011
1968 3 2 1 1 2011 2110 2111 2012
1969 3 2 1 1 2012 2111 2112 2013
1970 3 2 1 1 2013 2112 2113 2014
1971 3 2 1 1 2014 2113 2114 2015
1972 3 2 1 1 2015 2114 2115 2016
1973 3 2 1 1 2016 2115 2116 2017
1974 3 2 1 1 2017 2116 2117 2018
1975 3 2 1 1 2018 2117 2118 2019
1976 3 2 1 1 2019 2118 2119 2020
1977 3 2 1 1 2020 2119 2120 2021
1978 3 2 1 1 2021 2120 2121 2022
1979 3 2 1 1 2022 2121 2122 2023
1980 3 2 1 1 2023 2122 25 26
1981 3 2 1 1 155 156 2123 2024
1982 3 2 1 1 2024 2123 2124 2025
1983 3 2 1 1 2025 2124 2125 2026
1984 3 2 1 1 2026 2125 2126 2027
1985 3 2 1 1 2027 2126 2127 2028
1986 3 2 1 1 2028 2127 2128 2029
1987 3 2 1 1 2029 2128 2129 2030
1988 3 2 1 1 2030 2129 2130 2031
1989 3 2 1 1 2031 2130 2131 2032
1990 3 2 1 1 2032 2131 2132 2033
1991 3 2 1 1 2033 2132 2133 2034
1992 3 2 1 1 2034 2133 2134 2035
1993 3 2 1 1 2035 2134 2135 2036
1994 3 2 1 1 2036 2135 2136 2037
1995 3 2 1 1 2037 2136 2137 2038
1996 3 2 1 1 2038 2137 2138 2039
1997 3 2 1 1 2039 2138 2139 2040
1998 3 2 1 1 2040 2139 2140 2041
1999 3 2 1 1 2041 2140 2141 2042
2000 3 2 1 1 2042 2141 2142 2043
2001 3 2 1 1 2043 2142 2143 2044
2002 3 2 1 1 2044 2143 2144 2045
2003 3 2 1 1 2045 2144 2145 2046
2004 3 2 1 1 2046 2145 2146 2047
2005 3 2 1 1 2047 2146 2147 2048
2006 3 2 1 1 2048 2147 2148 2049
2007 3 2 1 1 2049 2148 2149 2050
2008 3 2 1 1 2050 2149 2150 2051
2009 3 2 1 1 2051 2150 2151 2052
2010 3 2 1 1 2052 2151 2152 2053
2011 3 2 1 1 2053 2152 2153 2054
2012 3 2 1 1 2054 2153 2154 2055
2013 3 2 1 1 2055 2154 2155 2056
2014 3 2 1 1 2056 2155 2156 2057
2015 3 2 1 1 2057 2156 2157 2058
2016 3 2 1 1 2058 2157 2158 2059
2017 3 2 1 1 2059 2158 2159 2060
2018 3 2 1 1 2060 2159 2160 2061
2019 3 2 1 1 2061 2160 2161 2062
2020 3 2 1 1 2062 2161 2162 2063
2021 3 2 1 1 2063 2162 2163 2064
2022 3 2 1 1 2064 2163 2164 2065
2023 3 2 1 1 2065 2164 2165 2066
2024 3 2 1 1 2066 2165 2166 2067
2025 3 2 1 1 2067 2166 2167 2068
2026 3 2 1 1 2068 2167 2168 2069
2027 3 2 1 1 2069 2168 2169 2070
2028 3 2 1 1 2070 2169 2170 2071
2029 3 2 1 1 2071 2170 2171 2072
2030 3 2 1 1 2072 2171 2172 2073
2031 3 2 1 1 2073 2172 2173 2074
2032 3 2 1 1 2074 2173 2174 2075
2033 3 2 1 1 2075 2174 2175 2076
2034 3 2 1 1 2076 2175 2176 2077
2035 3 2 1 1 2077 2176 2177 2078
2036 3 2 1 1 2078 2177 2178 2079
2037 3 2 1 1 2079 2178 2179 2080
2038 3 2 1 1 2080 2179 2180 2081
2039 3 2 1 1 2081 2180 2181 2082
2040 3 2 1 1 2082 2181 2182 2083
2041 3 2 1 1 2083 2182 2183 2084
2042 3 2 1 1 2084 2183 2184 2085
2043 3 2 1 1 2085 2184 2185 2086
2044 3 2 1 1 2086 2185 2186 2087
2045 3 2 1 1 2087 2186 2187 2088
2046 3 2 1 1 2088 2187 2188 2089
2047 3 2 1 1 2089 2188 2189 2090
2048 3 2 1 1 2090 2189 2190 2091
2049 3 2 1 1 2091 2190 2191 2092
2050 3 2 1 1 2092 2191 2192 2093
2051 3 2 1 1 2093 2192 2193 2094
2052 3 2 1 1 2094 2193 2194 2095
2053 3 2 1 1 2095 2194 2195 2096
2054 3 2 1 1 2096 2195 2196 2097
2055 3 2 1 1 2097 2196 2197 2098
2056 3 2 1 1 2098 2197 2198 2099
2057 3 2 1 1 2099 2198 2199 2100
2058 3 2 1 1 2100 2199 2200 2101
2059 3 2 1 1 2101 2200 2201 2102
2060 3 2 1 1 2102 2201 2202 2103
2061 3 2 1 1 2103 2202 2203 2104
2062 3 2 1 1 2104 2203 2204 2105
2063 3 2 1 1 2105 2204 2205 2106
2064 3 2 1 1 2106 2205 2206 2107
2065 3 2 1 1 2107 2206 2207 2108
2066 3 2 1 1 2108 2207 2208 2109
2067 3 2 1 1 2109 2208 2209 2110
2068 3 2 1 1 2110 2209 2210 2111
2069 3 2 1 1 2111 2210 2211 2112
2070 3 2 1 1 2112 2211 2212 2113
2071 3 2 1 1 2113 2212 2213 2114
2072 3 2 1 1 2114 2213 2214 2115
2073 3 2 1 1 2115 2214 2215 2116
2074 3 2 1 1 2116 2215 2216 2117
2075 3 2 1 1 2117 2216 2217 2118
2076 3 2 1 1 2118 2217 2218 2119
2077 3 2 1 1 2119 2218 2219 2120
2078 3 2 1 1 2120 2219 2220 2121
2079 3 2 1 1 2121 2220 2221 2122
2080 3 2 1 1 2122 2221 24 25
2081 3 2 1 1 156 157 2222 2123
2082 3 2 1 1 2123 2222 2223 2124
2083 3 2 1 1 2124 2223 2224 2125
2084 3 2 1 1 2125 2224 2225 2126
2085 3 2 1 1 2126 2225 2226 2127
2086 3 2 1 1 2127 2226 2227 2128
2087 3 2 1 1 2128 2227 2228 2129
2088 3 2 1 1 2129 2228 2229 2130
2089 3 2 1 1 2130 2229 2230 2131
2090 3 2 1 1 2131 2230 2231 2132
2091 3 2 1 1 2132 2231 2232 2133
2092 3 2 1 1 2133 2232 2233 2134
2093 3 2 1 1 2134 2233 2234 2135
2094 3 2 1 1 2135 2234 2235 2136
2095 3 2 1 1 2136 2235 2236 2137
2096 3 2 1 1 2137 2236 2237 2138
2097 3 2 1 1 2138 2237 2238 2139
2098 3 2 1 1 2139 2238 2239 2140
2099 3 2 1 1 2140 2239 2240 2141
2100 3 2 1 1 2141 2240 2241 2142
2101 3 2 1 1 2142 2241 2242 2143
2102 3 2 1 1 2143 2242 2243 2144
2103 3 2 1 1 2144 2243 2244 2145
2104 3 2 1 1 2145 2244 2245 2146
2105 3 2 1 1 2146 2245 2246 2147
2106 3 2 1 1 2147 2246 2247 2148
2107 3 2 1 1 2148 2247 2248 2149
2108 3 2 1 1 2149 2248 2249 2150
2109 3 2 1 1 2150 2249 2250 2151
2110 3 2 1 1 2151 2250 2251 2152
2111 3 2 1 1 2152 2251 2252 2153
2112 3 2 1 1 2153 2252 2253 2154
2113 3 2 1 1 2154 2253 2254 2155
2114 3 2 1 1 2155 2254 2255 2156
2115 3 2 1 1 2156 2255 2256 2157
2116 3 2 1 1 2157 2256 2257 2158
2117 3 2 1 1 2158 2257 2258 2159
2118 3 2 1 1 2159 2258 2259 2160
2119 3 2 1 1 2160 2259 2260 2161
2120 3 2 1 1 2161 2260 2261 2162
2121 3 2 1 1 2162 2261 2262 2163
2122 3 2 1 1 2163 2262 2263 2164
2123 3 2 1 1 2164 2263 2264 2165
2124 3 2 1 1 2165 2264 2265 2166
2125 3 2 1 1 2166 2265 2266 2167
2126 3 2 1 1 2167 2266 2267 2168
2127 3 2 1 1 2168 2267 2268 2169
2128 3 2 1 1 2169 2268 2269 2170
2129 3 2 1 1 2170 2269 2270 2171
2130 3 2 1 1 2171 2270 2271 2172
2131 3 2 1 1 2172 2271 2272 2173
2132 3 2 1 1 2173 2272 2273 2174
2133 3 2 1 1 2174 2273 2274 2175
2134 3 2 1 1 2175 2274 2275 2176
2135 3 2 1 1 2176 2275 2276 2177
2136 3 2 1 1 2177 2276 2277 2178
2137 3 2 1 1 2178 2277 2278 2179
2138 3 2 1 1 2179 2278 2279 2180
2139 3 2 1 1 2180 2279 2280 2181
2140 3 2 1 1 2181 2280 2281 2182
2141 3 2 1 1 2182 2281 2282 2183
2142 3 2 1 1 2183 2282 2283 2184
2143 3 2 1 1 2184 2283 2284 2185
2144 3 2 1 1 2185 2284 2285 2186
2145 3 2 1 1 2186 2285 2286 2187
2146 3 2 1 1 2187 2286 2287 2188
2147 3 2 1 1 2188 2287 2288 2189
2148 3 2 1 1 2189 2288 2289 2190
2149 3 2 1 1 2190 2289 2290 2191
2150 3 2 1 1 2191 2290 2291 2192
2151 3 2 1 1 2192 2291 2292 2193
2152 3 2 1 1 2193 2292 2293 2194
2153 3 2 1 1 2194 2293 2294 2195
2154 3 2 1 1 2195 2294 2295 2196
2155 3 2 1 1 2196 2295 2296 2197
2156 3 2 1 1 2197 2296 2297 2198
2157 3 2 1 1 2198 2297 2298 2199
2158 3 2 1 1 2199 2298 2299 2200
2159 3 2 1 1 2200 2299 2300 2201
2160 3 2 1 1 2201 2300 2301 2202
2161 3 2 1 1 2202 2301 2302 2203
2162 3 2 1 1 2203 2302 2303 2204
2163 3 2 1 1 2204 2303 2304 2205
2164 3 2 1 1 2205 2304 2305 2206
2165 3 2 1 1 2206 2305 2306 2207
2166 3 2 1 1 2207 2306 2307 2208
2167 3 2 1 1 2208 2307 2308 2209
2168 3 2 1 1 2209 2308 2309 2210
2169 3 2 1 1 2210 2309 2310 2211
2170 3 2 1 1 2211 2310 2311 2212
2171 3 2 1 1 2212 2311 2312 2213
2172 3 2 1 1 2213 2312 2313 2214
2173 3 2 1 1 2214 2313 2314 2215
2174 3 2 1 1 2215 2314 2315 2216
2175 3 2 1 1 2216 2315 2316 2217
2176 3 2 1 1 2217 2316 2317 2218
2177 3 2 1 1 2218 2317 2318 2219
2178 3 2 1 1 2219 2318 2319 2220
2179 3 2 1 1 2220 2319 2320 2221
2180 3 2 1 1 2221 2320 23 24
2181 3 2 1 1 157 158 2321 2222
2182 3 2 1 1 2222 2321 2322 2223
2183 3 2 1 1 2223 2322 2323 2224
2184 3 2 1 1 2224 2323 2324 2225
2185 3 2 1 1 2225 2324 2325 2226
2186 3 2 1 1 2226 2325 2326 2227
2187 3 2 1 1 2227 2326 2327 2228
2188 3 2 1 1 2228 2327 2328 2229
2189 3 2 1 1 2229 2328 2329 2230
2190 3 2 1 1 2230 2329 2330 2231
2191 3 2 1 1 2231 2330 2331 2232
2192 3 2 1 1 2232 2331 2332 2233
2193 3 2 1 1 2233 2332 2333 2234
2194 3 2 1 1 2234 2333 2334 2235
2195 3 2 1 1 2235 2334 2335 2236
2196 3 2 1 1 2236 2335 2336 2237
2197 3 2 1 1 2237 2336 2337 2238
2198 3 2 1 1 2238 2337 2338 2239
2199 3 2 1 1 2239 2338 2339 2240
2200 3 2 1 1 2240 2339 2340 2241
2201 3 2 1 1 2241 2340 2341 2242
2202 3 2 1 1 2242 2341 2342 2243
2203 3 2 1 1 2243 2342 2343 2244
2204 3 2 1 1 2244 2343 2344 2245
2205 3 2 1 1 2245 2344 2345 2246
2206 3 2 1 1 2246 2345 2346 2247
2207 3 2 1 1 2247 2346 2347 2248
2208 3 2 1 1 2248 2347 2348 2249
2209 3 2 1 1 2249 2348 2349 2250
2210 3 2 1 1 2250 2349 2350 2251
2211 3 2 1 1 2251 2350 2351 2252
2212 3 2 1 1 2252 2351 2352 2253
2213 3 2 1 1 2253 2352 2353 2254
2214 3 2 1 1 2254 2353 2354 2255
2215 3 2 1 1 2255 2354 2355 2256
2216 3 2 1 1 2256 2355 2356 2257
2217 3 2 1 1 2257 2356 2357 2258
2218 3 2 1 1 2258 2357 2358 2259
2219 3 2 1 1 2259 2358 2359 2260
2220 3 2 1 1 2260 2359 2360 2261
2221 3 2 1 1 2261 2360 2361 2262
2222 3 2 1 1 2262 2361 2362 2263
2223 3 2 1 1 2263 2362 2363 2264
2224 3 2 1 1 2264 2363 2364 2265
2225 3 2 1 1 2265 2364 2365 2266
2226 3 2 1 1 2266 2365 2366 2267
2227 3 2 1 1 2267 2366 2367 2268
2228 3 2 1 1 2268 2367 2368 2269
2229 3 2 1 1 2269 2368 2369 2270
2230 3 2 1 1 2270 2369 2370 2271
2231 3 2 1 1 2271 2370 2371 2272
2232 3 2 1 1 2272 2371 2372 2273
2233 3 2 1 1 2273 2372 2373 2274
2234 3 2 1 1 2274 2373 2374 2275
2235 3 2 1 1 2275 2374 2375 2276
2236 3 2 1 1 2276 2375 2376 2277
2237 3 2 1 1 2277 2376 2377 2278
2238 3 2 1 1 2278 2377 2378 2279
2239 3 2 1 1 2279 2378 2379 2280
2240 3 2 1 1 2280 2379 2380 2281
2241 3 2 1 1 2281 2380 2381 2282
2242 3 2 1 1 2282 2381 2382 2283
2243 3 2 1 1 2283 2382 2383 2284
2244 3 2 1 1 2284 2383 2384 2285
2245 3 2 1 1 2285 2384 2385 2286
2246 3 2 1 1 2286 2385 2386 2287
2247 3 2 1 1 2287 2386 2387 2288
2248 3 2 1 1 2288 2387 2388 2289
2249 3 2 1 1 2289 2388 2389 2290
2250 3 2 1 1 2290 2389 2390 2291
2251 3 2 1 1 2291 2390 2391 2292
2252 3 2 1 1 2292 2391 2392 2293
2253 3 2 1 1 2293 2392 2393 2294
2254 3 2 1 1 2294 2393 2394 2295
2255 3 2 1 1 2295 2394 2395 2296
2256 3 2 1 1 2296 2395 2396 2297
2257 3 2 1 1 2297 2396 2397 2298
2258 3 2 1 1 2298 2397 2398 2299
2259 3 2 1 1 2299 2398 2399 2300
2260 3 2 1 1 2300 2399 2400 2301
2261 3 2 1 1 2301 2400 2401 2302
2262 3 2 1 1 2302 2401 2402 2303
2263 3 2 1 1 2303 2402 2403 2304
2264 3 2 1 1 2304 2403 2404 2305
2265 3 2 1 1 2305 2404 2405 2306
2266 3 2 1 1 2306 2405 2406 2307
2267 3 2 1 1 2307 2406 2407 2308
2268 3 2 1 1 2308 2407 2408 2309
2269 3 2 1 1 2309 2408 2409 2310
2270 3 2 1 1 2310 2409 2410 2311
2271 3 2 1 1 2311 2410 2411 2312
2272 3 2 1 1 2312 2411 2412 2313
2273 3 2 1 1 2313 2412 2413 2314
2274 3 2 1 1 2314 2413 2414 2315
2275 3 2 1 1 2315 2414 2415 2316
2276 3 2 1 1 2316 2415 2416 2317
2277 3 2 1 1 2317 2416 2417 2318
2278 3 2 1 1 2318 2417 2418 2319
2279 3 2 1 1 2319 2418 2419 2320
2280 3 2 1 1 2320 2419 22 23
2281 3 2 1 1 158 159 2420 2321
2282 3 2 1 1 2321 2420 2421 2322
2283 3 2 1 1 2322 2421 2422 2323
2284 3 2 1 1 2323 2422 2423 2324
2285 3 2 1 1 2324 2423 2424 2325
2286 3 2 1 1 2325 2424 2425 2326
2287 3 2 1 1 2326 2425 2426 2327
2288 3 2 1 1 2327 2426 2427 2328
2289 3 2 1 1 2328 2427 2428 2329
2290 3 2 1 1 2329 2428 2429 2330
2291 3 2 1 1 2330 2429 2430 2331
2292 3 2 1 1 2331 2430 2431 2332
2293 3 2 1 1 2332 2431 2432 2333
2294 3 2 1 1 2333 2432 2433 2334
2295 3 2 1 1 2334 2433 2434 2335
2296 3 2 1 1 2335 2434 2435 2336
2297 3 2 1 1 2336 2435 2436 2337
2298 3 2 1 1 2337 2436 2437 2338
2299 3 2 1 1 2338 2437 2438 2339
2300 3 2 1 1 2339 2438 2439 2340
2301 3 2 1 1 2340 2439 2440 2341
2302 3 2 1 1 2341 2440 2441 2342
2303 3 2 1 1 2342 2441 2442 2343
2304 3 2 1 1 2343 2442 2443 2344
2305 3 2 1 1 2344 2443 2444 2345
2306 3 2 1 1 2345 2444 2445 2346
2307 3 2 1 1 2346 2445 2446 2347
2308 3 2 1 1 2347 2446 2447 2348
2309 3 2 1 1 2348 2447 2448 2349
2310 3 2 1 1 2349 2448 2449 2350
2311 3 2 1 1 2350 2449 2450 2351
2312 3 2 1 1 2351 2450 2451 2352
2313 3 2 1 1 2352 2451 2452 2353
2314 3 2 1 1 2353 2452 2453 2354
2315 3 2 1 1 2354 2453 2454 2355
2316 3 2 1 1 2355 2454 2455 2356
2317 3 2 1 1 2356 2455 2456 2357
2318 3 2 1 1 2357 2456 2457 2358
2319 3 2 1 1 2358 2457 2458 2359
2320 3 2 1 1 2359 2458 2459 2360
2321 3 2 1 1 2360 2459 2460 2361
2322 3 2 1 1 2361 2460 2461 2362
2323 3 2 1 1 2362 2461 2462 2363
2324 3 2 1 1 2363 2462 2463 2364
2325 3 2 1 1 2364 2463 2464 2365
2326 3 2 1 1 2365 2464 2465 2366
2327 3 2 1 1 2366 2465 2466 2367
2328 3 2 1 1 2367 2466 2467 2368
2329 3 2 1 1 2368 2467 2468 2369
2330 3 2 1 1 2369 2468 2469 2370
2331 3 2 1 1 2370 2469 2470 2371
2332 3 2 1 1 2371 2470 2471 2372
2333 3 2 1 1 2372 2471 2472 2373
2334 3 2 1 1 2373 2472 2473 2374
2335 3 2 1 1 2374 2473 2474 2375
2336 3 2 1 1 2375 2474 2475 2376
2337 3 2 1 1 2376 2475 2476 2377
2338 3 2 1 1 2377 2476 2477 2378
2339 3 2 1 1 2378 2477 2478 2379
2340 3 2 1 1 2379 2478 2479 2380
2341 3 2 1 1 2380 2479 2480 2381
2342 3 2 1 1 2381 2480 2481 2382
2343 3 2 1 1 2382 2481 2482 2383
2344 3 2 1 1 2383 2482 2483 2384
2345 3 2 1 1 2384 2483 2484 2385
2346 3 2 1 1 2385 2484 2485 2386
2347 3 2 1 1 2386 2485 2486 2387
2348 3 2 1 1 2387 2486 2487 2388
2349 3 2 1 1 2388 2487 2488 2389
2350 3 2 1 1 2389 2488 2489 2390
2351 3 2 1 1 2390 2489 2490 2391
2352 3 2 1 1 2391 2490 2491 2392
2353 3 2 1 1 2392 2491 2492 2393
2354 3 2 1 1 2393 2492 2493 2394
2355 3 2 1 1 2394 2493 2494 2395
2356 3 2 1 1 2395 2494 2495 2396
2357 3 2 1 1 2396 2495 2496 2397
2358 3 2 1 1 2397 2496 2497 2398
2359 3 2 1 1 2398 2497 2498 2399
2360 3 2 1 1 2399 2498 2499 2400
2361 3 2 1 1 2400 2499 2500 2401
2362 3 2 1 1 2401 2500 2501 2402
2363 3 2 1 1 2402 2501 2502 2403
2364 3 2 1 1 2403 2502 2503 2404
2365 3 2 1 1 2404 2503 2504 2405
2366 3 2 1 1 2405 2504 2505 2406
2367 3 2 1 1 2406 2505 2506 2407
2368 3 2 1 1 2407 2506 2507 2408
2369 3 2 1 1 2408 2507 2508 2409
2370 3 2 1 1 2409 2508 2509 2410
2371 3 2 1 1 2410 2509 2510 2411
2372 3 2 1 1 2411 2510 2511 2412
2373 3 2 1 1 2412 2511 2512 2413
2374 3 2 1 1 2413 2512 2513 2414
2375 3 2 1 1 2414 2513 2514 2415
2376 3 2 1 1 2415 2514 2515 2416
2377 3 2 1 1 2416 2515 2516 2417
2378 3 2 1 1 2417 2516 2517 2418
2379 3 2 1 1 2418 2517 2518 2419
2380 3 2 1 1 2419 2518 21 22
2381 3 2 1 1 159 160 2519 2420
2382 3 2 1 1 2420 2519 2520 2421
2383 3 2 1 1 2421 2520 2521 2422
2384 3 2 1 1 2422 2521 2522 2423
2385 3 2 1 1 2423 2522 2523 2424
2386 3 2 1 1 2424 2523 2524 2425
2387 3 2 1 1 2425 2524 2525 2426
2388 3 2 1 1 2426 2525 2526 2427
2389 3 2 1 1 2427 2526 2527 2428
2390 3 2 1 1 2428 2527 2528 2429
2391 3 2 1 1 2429 2528 2529 2430
2392 3 2 1 1 2430 2529 2530 2431
2393 3 2 1 1 2431 2530 2531 2432
2394 3 2 1 1 2432 2531 2532 2433
2395 3 2 1 1 2433 2532 2533 2434
2396 3 2 1 1 2434 2533 2534 2435
2397 3 2 1 1 2435 2534 2535 2436
2398 3 2 1 1 2436 2535 2536 2437
2399 3 2 1 1 2437 2536 2537 2438
2400 3 2 1 1 2438 2537 2538 2439
2401 3 2 1 1 2439 2538 2539 2440
2402 3 2 1 1 2440 2539 2540 2441
2403 3 2 1 1 2441 2540 2541 2442
2404 3 2 1 1 2442 2541 2542 2443
2405 3 2 1 1 2443 2542 2543 2444
2406 3 2 1 1 2444 2543 2544 2445
2407 3 2 1 1 2445 2544 2545 2446
2408 3 2 1 1 2446 2545 2546 2447
2409 3 2 1 1 2447 2546 2547 2448
2410 3 2 1 1 2448 2547 2548 2449
2411 3 2 1 1 2449 2548 2549 2450
2412 3 2 1 1 2450 2549 2550 2451
2413 3 2 1 1 2451 2550 2551 2452
2414 3 2 1 1 2452 2551 2552 2453
2415 3 2 1 1 2453 2552 2553 2454
2416 3 2 1 1 2454 2553 2554 2455
2417 3 2 1 1 2455 2554 2555 2456
2418 3 2 1 1 2456 2555 2556 2457
2419 3 2 1 1 2457 2556 2557 2458
2420 3 2 1 1 2458 2557 2558 2459
2421 3 2 1 1 2459 2558 2559 2460
2422 3 2 1 1 2460 2559 2560 2461
2423 3 2 1 1 2461 2560 2561 2462
2424 3 2 1 1 2462 2561 2562 2463
2425 3 2 1 1 2463 2562 2563 2464
2426 3 2 1 1 2464 2563 2564 2465
2427 3 2 1 1 2465 2564 2565 2466
2428 3 2 1 1 2466 2565 2566 2467
2429 3 2 1 1 2467 2566 2567 2468
2430 3 2 1 1 2468 2567 2568 2469
2431 3 2 1 1 2469 2568 2569 2470
2432 3 2 1 1 2470 2569 2570 2471
2433 3 2 1 1 2471 2570 2571 2472
2434 3 2 1 1 2472 2571 2572 2473
2435 3 2 1 1 2473 2572 2573 2474
2436 3 2 1 1 2474 2573 2574 2475
2437 3 2 1 1 2475 2574 2575 2476
2438 3 2 1 1 2476 2575 2576 2477
2439 3 2 1 1 2477 2576 2577 2478
2440 3 2 1 1 2478 2577 2578 2479
2441 3 2 1 1 2479 2578 2579 2480
2442 3 2 1 1 2480 2579 2580 2481
2443 3 2 1 1 2481 2580 2581 2482
2444 3 2 1 1 2482 2581 2582 2483
2445 3 2 1 1 2483 2582 2583 2484
2446 3 2 1 1 2484 2583 2584 2485
2447 3 2 1 1 2485 2584 2585 2486
2448 3 2 1 1 2486 2585 2586 2487
2449 3 2 1 1 2487 2586 2587 2488
2450 3 2 1 1 2488 2587 2588 2489
2451 3 2 1 1 2489 2588 2589 2490
2452 3 2 1 1 2490 2589 2590 2491
2453 3 2 1 1 2491 2590 2591 2492
2454 3 2 1 1 2492 2591 2592 2493
2455 3 2 1 1 2493 2592 2593 2494
2456 3 2 1 1 2494 2593 2594 2495
2457 3 2 1 1 2495 2594 2595 2496
2458 3 2 1 1 2496 2595 2596 2497
2459 3 2 1 1 2497 2596 2597 2498
2460 3 2 1 1 2498 2597 2598 2499
2461 3 2 1 1 2499 2598 2599 2500
2462 3 2 1 1 2500 2599 2600 2501
2463 3 2 1 1 2501 2600 2601 2502
2464 3 2 1 1 2502 2601 2602 2503
2465 3 2 1 1 2503 2602 2603 2504
2466 3 2 1 1 2504 2603 2604 2505
2467 3 2 1 1 2505 2604 2605 2506
2468 3 2 1 1 2506 2605 2606 2507
2469 3 2 1 1 2507 2606 2607 2508
2470 3 2 1 1 2508 2607 2608 2509
2471 3 2 1 1 2509 2608 2609 2510
2472 3 2 1 1 2510 2609 2610 2511
2473 3 2 1 1 2511 2610 2611 2512
2474 3 2 1 1 2512 2611 2612 2513
2475 3 2 1 1 2513 2612 2613 2514
2476 3 2 1 1 2514 2613 2614 2515
2477 3 2 1 1 2515 2614 2615 2516
2478 3 2 1 1 2516 2615 2616 2517
2479 3 2 1 1 2517 2616 2617 2518
2480 3 2 1 1 2518 2617 20 21
2481 3 2 1 1 160 161 2618 2519
2482 3 2 1 1 2519 2618 2619 2520
2483 3 2 1 1 2520 2619 2620 2521
2484 3 2 1 1 2521 2620 2621 2522
2485 3 2 1 1 2522 2621 2622 2523
2486 3 2 1 1 2523 2622 2623 2524
2487 3 2 1 1 2524 2623 2624 2525
2488 3 2 1 1 2525 2624 2625 2526
2489 3 2 1 1 2526 2625 2626 2527
2490 3 2 1 1 2527 2626 2627 2528
2491 3 2 1 1 2528 2627 2628 2529
2492 3 2 1 1 2529 2628 2629 2530
2493 3 2 1 1 2530 2629 2630 2531
2494 3 2 1 1 2531 2630 2631 2532
2495 3 2 1 1 2532 2631 2632 2533
2496 3 2 1 1 2533 2632 2633 2534
2497 3 2 1 1 2534 2633 2634 2535
2498 3 2 1 1 2535 2634 2635 2536
2499 3 2 1 1 2536 2635 2636 2537
2500 3 2 1 1 2537 2636 2637 2538
2501 3 2 1 1 2538 2637 2638 2539
2502 3 2 1 1 2539 2638 2639 2540
2503 3 2 1 1 2540 2639 2640 2541
2504 3 2 1 1 2541 2640 2641 2542
2505 3 2 1 1 2542 2641 2642 2543
2506 3 2 1 1 2543 2642 2643 2544
2507 3 2 1 1 2544 2643 2644 2545
2508 3 2 1 1 2545 2644 2645 2546
2509 3 2 1 1 2546 2645 2646 2547
2510 3 2 1 1 2547 2646 2647 2548
2511 3 2 1 1 2548 2647 2648 2549
2512 3 2 1 1 2549 2648 2649 2550
2513 3 2 1 1 2550 2649 2650 2551
2514 3 2 1 1 2551 2650 2651 2552
2515 3 2 1 1 2552 2651 2652 2553
2516 3 2 1 1 2553 2652 2653 2554
2517 3 2 1 1 2554 2653 2654 2555
2518 3 2 1 1 2555 2654 2655 2556
2519 3 2 1 1 2556 2655 2656 2557
2520 3 2 1 1 2557 2656 2657 2558
2521 3 2 1 1 2558 2657 2658 2559
2522 3 2 1 1 2559 2658 2659 2560
2523 3 2 1 1 2560 2659 2660 2561
2524 3 2 1 1 2561 2660 2661 2562
2525 3 2 1 1 2562 2661 2662 2563
2526 3 2 1 1 2563 2662 2663 2564
2527 3 2 1 1 2564 2663 2664 2565
2528 3 2 1 1 2565 2664 2665 2566
2529 3 2 1 1 2566 2665 2666 2567
2530 3 2 1 1 2567 2666 2667 2568
2531 3 2 1 1 2568 2667 2668 2569
2532 3 2 1 1 2569 2668 2669 2570
2533 3 2 1 1 2570 2669 2670 2571
2534 3 2 1 1 2571 2670 2671 2572
2535 3 2 1 1 2572 2671 2672 2573
2536 3 2 1 1 2573 2672 2673 2574
2537 3 2 1 1 2574 2673 2674 2575
2538 3 2 1 1 2575 2674 2675 2576
2539 3 2 1 1 2576 2675 2676 2577
2540 3 2 1 1 2577 2676 2677 2578
2541 3 2 1 1 2578 2677 2678 2579
2542 3 2 1 1 2579 2678 2679 2580
2543 3 2 1 1 2580 2679 2680 2581
2544 3 2 1 1 2581 2680 2681 2582
2545 3 2 1 1 2582 2681 2682 2583
2546 3 2 1 1 2583 2682 2683 2584
2547 3 2 1 1 2584 2683 2684 2585
2548 3 2 1 1 2585 2684 2685 2586
2549 3 2 1 1 2586 2685 2686 2587
2550 3 2 1 1 2587 2686 2687 2588
2551 3 2 1 1 2588 2687 2688 2589
2552 3 2 1 1 2589 2688 2689 2590
2553 3 2 1 1 2590 2689 2690 2591
2554 3 2 1 1 2591 2690 2691 2592
2555 3 2 1 1 2592 2691 2692 2593
2556 3 2 1 1 2593 2692 2693 2594
2557 3 2 1 1 2594 2693 2694 2595
2558 3 2 1 1 2595 2694 2695 2596
2559 3 2 1 1 2596 2695 2696 2597
2560 3 2 1 1 2597 2696 2697 2598
2561 3 2 1 1 2598 2697 2698 2599
2562 3 2 1 1 2599 2698 2699 2600
2563 3 2 1 1 2600 2699 2700 2601
2564 3 2 1 1 2601 2700 2701 2602
2565 3 2 1 1 2602 2701 2702 2603
2566 3 2 1 1 2603 2702 2703 2604
2567 3 2 1 1 2604 2703 2704 2605
2568 3 2 1 1 2605 2704 2705 2606
2569 3 2 1 1 2606 2705 2706 2607
2570 3 2 1 1 2607 2706 2707 2608
2571 3 2 1 1 2608 2707 2708 2609
2572 3 2 1 1 2609 2708 2709 2610
2573 3 2 1 1 2610 2709 2710 2611
2574 3 2 1 1 2611 2710 2711 2612
2575 3 2 1 1 2612 2711 2712 2613
2576 3 2 1 1 2613 2712 2713 2614
2577 3 2 1 1 2614 2713 2714 2615
2578 3 2 1 1 2615 2714 2715 2616
2579 3 2 1 1 2616 2715 2716 2617
2580 3 2 1 1 2617 2716 19 20
2581 3 2 1 1 161 162 2717 2618
2582 3 2 1 1 2618 2717 2718 2619
2583 3 2 1 1 2619 2718 2719 2620
2584 3 2 1 1 2620 2719 2720 2621
2585 3 2 1 1 2621 2720 2721 2622
2586 3 2 1 1 2622 2721 2722 2623
2587 3 2 1 1 2623 2722 2723 2624
2588 3 2 1 1 2624 2723 2724 2625
2589 3 2 1 1 2625 2724 2725 2626
2590 3 2 1 1 2626 2725 2726 2627
2591 3 2 1 1 2627 2726 2727 2628
2592 3 2 1 1 2628 2727 2728 2629
2593 3 2 1 1 2629 2728 2729 2630
2594 3 2 1 1 2630 2729 2730 2631
2595 3 2 1 1 2631 2730 2731 2632
2596 3 2 1 1 2632 2731 2732 2633
2597 3 2 1 1 2633 2732 2733 2634
2598 3 2 1 1 2634 2733 2734 2635
2599 3 2 1 1 2635 2734 2735 2636
2600 3 2 1 1 2636 2735 2736 2637
2601 3 2 1 1 2637 2736 2737 2638
2602 3 2 1 1 2638 2737 2738 2639
2603 3 2 1 1 2639 2738 2739 2640
2604 3 2 1 1 2640 2739 2740 2641
2605 3 2 1 1 2641 2740 2741 2642
2606 3 2 1 1 2642 2741 2742 2643
2607 3 2 1 1 2643 2742 2743 2644
2608 3 2 1 1 2644 2743 2744 2645
2609 3 2 1 1 2645 2744 2745 2646
2610 3 2 1 1 2646 2745 2746 2647
2611 3 2 1 1 2647 2746 2747 2648
2612 3 2 1 1 2648 2747 2748 2649
2613 3 2 1 1 2649 2748 2749 2650
2614 3 2 1 1 2650 2749 2750 2651
2615 3 2 1 1 2651 2750 2751 2652
2616 3 2 1 1 2652 2751 2752 2653
2617 3 2 1 1 2653 2752 2753 2654
2618 3 2 1 1 2654 2753 2754 2655
2619 3 2 1 1 2655 2754 2755 2656
2620 3 2 1 1 2656 2755 2756 2657
2621 3 2 1 1 2657 2756 2757 2658
2622 3 2 1 1 2658 2757 2758 2659
2623 3 2 1 1 2659 2758 2759 2660
2624 3 2 1 1 2660 2759 2760 2661
2625 3 2 1 1 2661 2760 2761 2662
2626 3 2 1 1 2662 2761 2762 2663
2627 3 2 1 1 2663 2762 2763 2664
2628 3 2 1 1 2664 2763 2764 2665
2629 3 2 1 1 2665 2764 2765 2666
2630 3 2 1 1 2666 2765 2766 2667
2631 3 2 1 1 2667 2766 2767 2668
2632 3 2 1 1 2668 2767 2768 2669
2633 3 2 1 1 2669 2768 2769 2670
2634 3 2 1 1 2670 2769 2770 2671
2635 3 2 1 1 2671 2770 2771 2672
2636 3 2 1 1 2672 2771 2772 2673
2637 3 2 1 1 2673 2772 2773 2674
2638 3 2 1 1 2674 2773 2774 2675
2639 3 2 1 1 2675 2774 2775 2676
2640 3 2 1 1 2676 2775 2776 2677
2641 3 2 1 1 2677 2776 2777 2678
2642 3 2 1 1 2678 2777 2778 2679
2643 3 2 1 1 2679 2778 2779 2680
2644 3 2 1 1 2680 2779 2780 2681
2645 3 2 1 1 2681 2780 2781 2682
2646 3 2 1 1 2682 2781 2782 2683
2647 3 2 1 1 2683 2782 2783 2684
2648 3 2 1 1 2684 2783 2784 2685
2649 3 2 1 1 2685 2784 2785 2686
2650 3 2 1 1 2686 2785 2786 2687
2651 3 2 1 1 2687 2786 2787 2688
2652 3 2 1 1 2688 2787 2788 2689
2653 3 2 1 1 2689 2788 2789 2690
2654 3 2 1 1 2690 2789 2790 2691
2655 3 2 1 1 2691 2790 2791 2692
2656 3 2 1 1 2692 2791 2792 2693
2657 3 2 1 1 2693 2792 2793 2694
2658 3 2 1 1 2694 2793 2794 2695
2659 3 2 1 1 2695 2794 2795 2696
2660 3 2 1 1 2696 2795 2796 2697
2661 3 2 1 1 2697 2796 2797 2698
2662 3 2 1 1 2698 2797 2798 2699
2663 3 2 1 1 2699 2798 2799 2700
2664 3 2 1 1 2700 2799 2800 2701
2665 3 2 1 1 2701 2800 2801 2702
2666 3 2 1 1 2702 2801 2802 2703
2667 3 2 1 1 2703 2802 2803 2704
2668 3 2 1 1 2704 2803 2804 2705
2669 3 2 1 1 2705 2804 2805 2706
2670 3 2 1 1 2706 2805 2806 2707
2671 3 2 1 1 2707 2806 2807 2708
2672 3 2 1 1 2708 2807 2808 2709
2673 3 2 1 1 2709 2808 2809 2710
2674 3 2 1 1 2710 2809 2810 2711
2675 3 2 1 1 2711 2810 2811 2712
2676 3 2 1 1 2712 2811 2812 2713
2677 3 2 1 1 2713 2812 2813 2714
2678 3 2 1 1 2714 2813 2814 2715
2679 3 2 1 1 2715 2814 2815 2716
2680 3 2 1 1 2716 2815 18 19
2681 3 2 1 1 162 163 2816 2717
2682 3 2 1 1 2717 2816 2817 2718
2683 3 2 1 1 2718 2817 2818 2719
2684 3 2 1 1 2719 2818 2819 2720
2685 3 2 1 1 2720 2819 2820 2721
2686 3 2 1 1 2721 2820 2821 2722
2687 3 2 1 1 2722 2821 2822 2723
2688 3 2 1 1 2723 2822 2823 2724
2689 3 2 1 1 2724 2823 2824 2725
2690 3 2 1 1 2725 2824 2825 2726
2691 3 2 1 1 2726 2825 2826 2727
2692 3 2 1 1 2727 2826 2827 2728
2693 3 2 1 1 2728 2827 2828 2729
2694 3 2 1 1 2729 2828 2829 2730
2695 3 2 1 1 2730 2829 2830 2731
2696 3 2 1 1 2731 2830 2831 2732
2697 3 2 1 1 2732 2831 2832 2733
2698 3 2 1 1 2733 2832 2833 2734
2699 3 2 1 1 2734 2833 2834 2735
2700 3 2 1 1 2735 2834 2835 2736
2701 3 2 1 1 2736 2835 2836 2737
2702 3 2 1 1 2737 2836 2837 2738
2703 3 2 1 1 2738 2837 2838 2739
2704 3 2 1 1 2739 2838 2839 2740
2705 3 2 1 1 2740 2839 2840 2741
2706 3 2 1 1 2741 2840 2841 2742
2707 3 2 1 1 2742 2841 2842 2743
2708 3 2 1 1 2743 2842 2843 2744
2709 3 2 1 1 2744 2843 2844 2745
2710 3 2 1 1 2745 2844 2845 2746
2711 3 2 1 1 2746 2845 2846 2747
2712 3 2 1 1 2747 2846 2847 2748
2713 3 2 1 1 2748 2847 2848 2749
2714 3 2 1 1 2749 2848 2849 2750
2715 3 2 1 1 2750 2849 2850 2751
2716 3 2 1 1 2751 2850 2851 2752
2717 3 2 1 1 2752 2851 2852 2753
2718 3 2 1 1 2753 2852 2853 2754
2719 3 2 1 1 2754 2853 2854 2755
2720 3 2 1 1 2755 2854 2855 2756
2721 3 2 1 1 2756 2855 2856 2757
2722 3 2 1 1 2757 2856 2857 2758
2723 3 2 1 1 2758 2857 2858 2759
2724 3 2 1 1 2759 2858 2859 2760
2725 3 2 1 1 2760 2859 2860 2761
2726 3 2 1 1 2761 2860 2861 2762
2727 3 2 1 1 2762 2861 2862 2763
2728 3 2 1 1 2763 2862 2863 2764
2729 3 2 1 1 2764 2863 2864 2765
2730 3 2 1 1 2765 2864 2865 2766
2731 3 2 1 1 2766 2865 2866 2767
2732 3 2 1 1 2767 2866 2867 2768
2733 3 2 1 1 2768 2867 2868 2769
2734 3 2 1 1 2769 2868 2869 2770
2735 3 2 1 1 2770 2869 2870 2771
2736 3 2 1 1 2771 2870 2871 2772
2737 3 2 1 1 2772 2871 2872 2773
2738 3 2 1 1 2773 2872 2873 2774
2739 3 2 1 1 2774 2873 2874 2775
2740 3 2 1 1 2775 2874 2875 2776
2741 3 2 1 1 2776 2875 2876 2777
2742 3 2 1 1 2777 2876 2877 2778
2743 3 2 1 1 2778 2877 2878 2779
2744 3 2 1 1 2779 2878 2879 2780
2745 3 2 1 1 2780 2879 2880 2781
2746 3 2 1 1 2781 2880 2881 2782
2747 3 2 1 1 2782 2881 2882 2783
2748 3 2 1 1 2783 2882 2883 2784
2749 3 2 1 1 2784 2883 2884 2785
2750 3 2 1 1 2785 2884 2885 2786
2751 3 2 1 1 2786 2885 2886 2787
2752 3 2 1 1 2787 2886 2887 2788
2753 3 2 1 1 2788 2887 2888 2789
2754 3 2 1 1 2789 2888 2889 2790
2755 3 2 1 1 2790 2889 2890 2791
2756 3 2 1 1 2791 2890 2891 2792
2757 3 2 1 1 2792 2891 2892 2793
2758 3 2 1 1 2793 2892 2893 2794
2759 3 2 1 1 2794 2893 2894 2795
2760 3 2 1 1 2795 2894 2895 2796
2761 3 2 1 1 2796 2895 2896 2797
2762 3 2 1 1 2797 2896 2897 2798
2763 3 2 1 1 2798 2897 2898 2799
2764 3 2 1 1 2799 2898 2899 2800
2765 3 2 1 1 2800 2899 2900 2801
2766 3 2 1 1 2801 2900 2901 2802
2767 3 2 1 1 2802 2901 2902 2803
2768 3 2 1 1 2803 2902 2903 2804
2769 3 2 1 1 2804 2903 2904 2805
2770 3 2 1 1 2805 2904 2905 2806
2771 3 2 1 1 2806 2905 2906 2807
2772 3 2 1 1 2807 2906 2907 2808
2773 3 2 1 1 2808 2907 2908 2809
2774 3 2 1 1 2809 2908 2909 2810
2775 3 2 1 1 2810 2909 2910 2811
2776 3 2 1 1 2811 2910 2911 2812
2777 3 2 1 1 2812 2911 2912 2813
2778 3 2 1 1 2813 2912 2913 2814
2779 3 2 1 1 2814 2913 2914 2815
2780 3 2 1 1 2815 2914 17 18
2781 3 2 1 1 163 164 2915 2816
2782 3 2 1 1 2816 2915 2916 2817
2783 3 2 1 1 2817 2916 2917 2818
2784 3 2 1 1 2818 2917 2918 2819
2785 3 2 1 1 2819 2918 2919 2820
2786 3 2 1 1 2820 2919 2920 2821
2787 3 2 1 1 2821 2920 2921 2822
2788 3 2 1 1 2822 2921 2922 2823
2789 3 2 1 1 2823 2922 2923 2824
2790 3 2 1 1 2824 2923 2924 2825
2791 3 2 1 1 2825 2924 2925 2826
2792 3 2 1 1 2826 2925 2926 2827
2793 3 2 1 1 2827 2926 2927 2828
2794 3 2 1 1 2828 2927 2928 2829
2795 3 2 1 1 2829 2928 2929 2830
2796 3 2 1 1 2830 2929 2930 2831
2797 3 2 1 1 2831 2930 2931 2832
2798 3 2 1 1 2832 2931 2932 2833
2799 3 2 1 1 2833 2932 2933 2834
2800 3 2 1 1 2834 2933 2934 2835
2801 3 2 1 1 2835 2934 2935 2836
2802 3 2 1 1 2836 2935 2936 2837
2803 3 2 1 1 2837 2936 2937 2838
2804 3 2 1 1 2838 2937 2938 2839
2805 3 2 1 1 2839 2938 2939 2840
2806 3 2 1 1 2840 2939 2940 2841
2807 3 2 1 1 2841 2940 2941 2842
2808 3 2 1 1 2842 2941 2942 2843
2809 3 2 1 1 2843 2942 2943 2844
2810 3 2 1 1 2844 2943 2944 2845
2811 3 2 1 1 2845 2944 2945 2846
2812 3 2 1 1 2846 2945 2946 2847
2813 3 2 1 1 2847 2946 2947 2848
2814 3 2 1 1 2848 2947 2948 2849
2815 3 2 1 1 2849 2948 2949 2850
2816 3 2 1 1 2850 2949 2950 2851
2817 3 2 1 1 2851 2950 2951 2852
2818 3 2 1 1 2852 2951 2952 2853
2819 3 2 1 1 2853 2952 2953 2854
2820 3 2 1 1 2854 2953 2954 2855
2821 3 2 1 1 2855 2954 2955 2856
2822 3 2 1 1 2856 2955 2956 2857
2823 3 2 1 1 2857 2956 2957 2858
2824 3 2 1 1 2858 2957 2958 2859
2825 3 2 1 1 2859 2958 2959 2860
2826 3 2 1 1 2860 2959 2960 2861
2827 3 2 1 1 2861 2960 2961 2862
2828 3 2 1 1 2862 2961 2962 2863
2829 3 2 1 1 2863 2962 2963 2864
2830 3 2 1 1 2864 2963 2964 2865
2831 3 2 1 1 2865 2964 2965 2866
2832 3 2 1 1 2866 2965 2966 2867
2833 3 2 1 1 2867 2966 2967 2868
2834 3 2 1 1 2868 2967 2968 2869
2835 3 2 1 1 2869 2968 2969 2870
2836 3 2 1 1 2870 2969 2970 2871
2837 3 2 1 1 2871 2970 2971 2872
2838 3 2 1 1 2872 2971 2972 2873
2839 3 2 1 1 2873 2972 2973 2874
2840 3 2 1 1 2874 2973 2974 2875
2841 3 2 1 1 2875 2974 2975 2876
2842 3 2 1 1 2876 2975 2976 2877
2843 3 2 1 1 2877 2976 2977 2878
2844 3 2 1 1 2878 2977 2978 2879
2845 3 2 1 1 2879 2978 2979 2880
2846 3 2 1 1 2880 2979 2980 2881
2847 3 2 1 1 2881 2980 2981 2882
2848 3 2 1 1 2882 2981 2982 2883
2849 3 2 1 1 2883 2982 2983 2884
2850 3 2 1 1 2884 2983 2984 2885
2851 3 2 1 1 2885 2984 2985 2886
2852 3 2 1 1 2886 2985 2986 2887
2853 3 2 1 1 2887 2986 2987 2888
2854 3 2 1 1 2888 2987 2988 2889
2855 3 2 1 1 2889 2988 2989 2890
2856 3 2 1 1 2890 2989 2990 2891
2857 3 2 1 1 2891 2990 2991 2892
2858 3 2 1 1 2892 2991 2992 2893
2859 3 2 1 1 2893 2992 2993 2894
2860 3 2 1 1 2894 2993 2994 2895
2861 3 2 1 1 2895 2994 2995 2896
2862 3 2 1 1 2896 2995 2996 2897
2863 3 2 1 1 2897 2996 2997 2898
2864 3 2 1 1 2898 2997 2998 2899
2865 3 2 1 1 2899 2998 2999 2900
2866 3 2 1 1 2900 2999 3000 2901
2867 3 2 1 1 2901 3000 3001 2902
2868 3 2 1 1 2902 3001 3002 2903
2869 3 2 1 1 2903 3002 3003 2904
2870 3 2 1 1 2904 3003 3004 2905
2871 3 2 1 1 2905 3004 3005 2906
2872 3 2 1 1 2906 3005 3006 2907
2873 3 2 1 1 2907 3006 3007 2908
2874 3 2 1 1 2908 3007 3008 2909
2875 3 2 1 1 2909 3008 3009 2910
2876 3 2 1 1 2910 3009 3010 2911
2877 3 2 1 1 2911 3010 3011 2912
2878 3 2 1 1 2912 3011 3012 2913
2879 3 2 1 1 2913 3012 3013 2914
2880 3 2 1 1 2914 3013 16 17
2881 3 2 1 1 164 165 3014 2915
2882 3 2 1 1 2915 3014 3015 2916
2883 3 2 1 1 2916 3015 3016 2917
2884 3 2 1 1 2917 3016 3017 2918
2885 3 2 1 1 2918 3017 3018 2919
2886 3 2 1 1 2919 3018 3019 2920
2887 3 2 1 1 2920 3019 3020 2921
2888 3 2 1 1 2921 3020 3021 2922
2889 3 2 1 1 2922 3021 3022 2923
2890 3 2 1 1 2923 3022 3023 2924
2891 3 2 1 1 2924 3023 3024 2925
2892 3 2 1 1 2925 3024 3025 2926
2893 3 2 1 1 2926 3025 3026 2927
2894 3 2 1 1 2927 3026 3027 2928
2895 3 2 1 1 2928 3027 3028 2929
2896 3 2 1 1 2929 3028 3029 2930
2897 3 2 1 1 2930 3029 3030 2931
2898 3 2 1 1 2931 3030 3031 2932
2899 3 2 1 1 2932 3031 3032 2933
2900 3 2 1 1 2933 3032 3033 2934
2901 3 2 1 1 2934 3033 3034 2935
2902 3 2 1 1 2935 3034 3035 2936
2903 3 2 1 1 2936 3035 3036 2937
2904 3 2 1 1 2937 3036 3037 2938
2905 3 2 1 1 2938 3037 3038 2939
2906 3 2 1 1 2939 3038 3039 2940
2907 3 2 1 1 2940 3039 3040 2941
2908 3 2 1 1 2941 3040 3041 2942
2909 3 2 1 1 2942 3041 3042 2943
2910 3 2 1 1 2943 3042 3043 2944
2911 3 2 1 1 2944 3043 3044 2945
2912 3 2 1 1 2945 3044 3045 2946
2913 3 2 1 1 2946 3045 3046 2947
2914 3 2 1 1 2947 3046 3047 2948
2915 3 2 1 1 2948 3047 3048 2949
2916 3 2 1 1 2949 3048 3049 2950
2917 3 2 1 1 2950 3049 3050 2951
2918 3 2 1 1 2951 3050 3051 2952
2919 3 2 1 1 2952 3051 3052 2953
2920 3 2 1 1 2953 3052 3053 2954
2921 3 2 1 1 2954 3053 3054 2955
2922 3 2 1 1 2955 3054 3055 2956
2923 3 2 1 1 2956 3055 3056 2957
2924 3 2 1 1 2957 3056 3057 2958
2925 3 2 1 1 2958 3057 3058 2959
2926 3 2 1 1 2959 3058 3059 2960
2927 3 2 1 1 2960 3059 3060 2961
2928 3 2 1 1 2961 3060 3061 2962
2929 3 2 1 1 2962 3061 3062 2963
2930 3 2 1 1 2963 3062 3063 2964
2931 3 2 1 1 2964 3063 3064 2965
2932 3 2 1 1 2965 3064 3065 2966
2933 3 2 1 1 2966 3065 3066 2967
2934 3 2 1 1 2967 3066 3067 2968
2935 3 2 1 1 2968 3067 3068 2969
2936 3 2 1 1 2969 3068 3069 2970
2937 3 2 1 1 2970 3069 3070 2971
2938 3 2 1 1 2971 3070 3071 2972
2939 3 2 1 1 2972 3071 3072 2973
2940 3 2 1 1 2973 3072 3073 2974
2941 3 2 1 1 2974 3073 3074 2975
2942 3 2 1 1 2975 3074 3075 2976
2943 3 2 1 1 2976 3075 3076 2977
2944 3 2 1 1 2977 3076 3077 2978
2945 3 2 1 1 2978 3077 3078 2979
2946 3 2 1 1 2979 3078 3079 2980
2947 3 2 1 1 2980 3079 3080 2981
2948 3 2 1 1 2981 3080 3081 2982
2949 3 2 1 1 2982 3081 3082 2983
2950 3 2 1 1 2983 3082 3083 2984
2951 3 2 1 1 2984 3083 3084 2985
2952 3 2 1 1 2985 3084 3085 2986
2953 3 2 1 1 2986 3085 3086 2987
2954 3 2 1 1 2987 3086 3087 2988
2955 3 2 1 1 2988 3087 3088 2989
2956 3 2 1 1 2989 3088 3089 2990
2957 3 2 1 1 2990 3089 3090 2991
2958 3 2 1 1 2991 3090 3091 2992
2959 3 2 1 1 2992 3091 3092 2993
2960 3 2 1 1 2993 3092 3093 2994
2961 3 2 1 1 2994 3093 3094 2995
2962 3 2 1 1 2995 3094 3095 2996
2963 3 2 1 1 2996 3095 3096 2997
2964 3 2 1 1 2997 3096 3097 2998
2965 3 2 1 1 2998 3097 3098 2999
2966 3 2 1 1 2999 3098 3099 3000
2967 3 2 1 1 3000 3099 3100 3001
2968 3 2 1 1 3001 3100 3101 3002
2969 3 2 1 1 3002 3101 3102 3003
2970 3 2 1 1 3003 3102 3103 3004
2971 3 2 1 1 3004 3103 3104 3005
2972 3 2 1 1 3005 3104 3105 3006
2973 3 2 1 1 3006 3105 3106 3007
2974 3 2 1 1 3007 3106 3107 3008
2975 3 2 1 1 3008 3107 3108 3009
2976 3 2 1 1 3009 3108 3109 3010
2977 3 2 1 1 3010 3109 3110 3011
2978 3 2 1 1 3011 3110 3111 3012
2979 3 2 1 1 3012 3111 3112 3013
2980 3 2 1 1 3013 3112 15 16
2981 3 2 1 1 165 166 3113 3014
2982 3 2 1 1 3014 3113 3114 3015
2983 3 2 1 1 3015 3114 3115 3016
2984 3 2 1 1 3016 3115 3116 3017
2985 3 2 1 1 3017 3116 3117 3018
2986 3 2 1 1 3018 3117 3118 3019
2987 3 2 1 1 3019 3118 3119 3020
2988 3 2 1 1 3020 3119 3120 3021
2989 3 2 1 1 3021 3120 3121 3022
2990 3 2 1 1 3022 3121 3122 3023
2991 3 2 1 1 3023 3122 3123 3024
2992 3 2 1 1 3024 3123 3124 3025
2993 3 2 1 1 3025 3124 3125 3026
2994 3 2 1 1 3026 3125 3126 3027
2995 3 2 1 1 3027 3126 3127 3028
2996 3 2 1 1 3028 3127 3128 3029
2997 3 2 1 1 3029 3128 3129 3030
2998 3 2 1 1 3030 3129 3130 3031
2999 3 2 1 1 3031 3130 3131 3032
3000 3 2 1 1 3032 3131 3132 3033
3001 3 2 1 1 3033 3132 3133 3034
3002 3 2 1 1 3034 3133 3134 3035
3003 3 2 1 1 3035 3134 3135 3036
3004 3 2 1 1 3036 3135 3136 3037
3005 3 2 1 1 3037 3136 3137 3038
3006 3 2 1 1 3038 3137 3138 3039
3007 3 2 1 1 3039 3138 3139 3040
3008 3 2 1 1 3040 3139 3140 3041
3009 3 2 1 1 3041 3140 3141 3042
3010 3 2 1 1 3042 3141 3142 3043
3011 3 2 1 1 3043 3142 3143 3044
3012 3 2 1 1 3044 3143 3144 3045
3013 3 2 1 1 3045 3144 3145 3046
3014 3 2 1 1 3046 3145 3146 3047
3015 3 2 1 1 3047 3146 3147 3048
3016 3 2 1 1 3048 3147 3148 3049
3017 3 2 1 1 3049 3148 3149 3050
3018 3 2 1 1 3050 3149 3150 3051
3019 3 2 1 1 3051 3150 3151 3052
3020 3 2 1 1 3052 3151 3152 3053
3021 3 2 1 1 3053 3152 3153 3054
3022 3 2 1 1 3054 3153 3154 3055
3023 3 2 1 1 3055 3154 3155 3056
3024 3 2 1 1 3056 3155 3156 3057
3025 3 2 1 1 3057 3156 3157 3058
3026 3 2 1 1 3058 3157 3158 3059
3027 3 2 1 1 3059 3158 3159 3060
3028 3 2 1 1 3060 3159 3160 3061
3029 3 2 1 1 3061 3160 3161 3062
3030 3 2 1 1 3062 3161 3162 3063
3031 3 2 1 1 3063 3162 3163 3064
3032 3 2 1 1 3064 3163 3164 3065
3033 3 2 1 1 3065 3164 3165 3066
3034 3 2 1 1 3066 3165 3166 3067
3035 3 2 1 1 3067 3166 3167 3068
3036 3 2 1 1 3068 3167 3168 3069
3037 3 2 1 1 3069 3168 3169 3070
3038 3 2 1 1 3070 3169 3170 3071
3039 3 2 1 1 3071 3170 3171 3072
3040 3 2 1 1 3072 3171 3172 3073
3041 3 2 1 1 3073 3172 3173 3074
3042 3 2 1 1 3074 3173 3174 3075
3043 3 2 1 1 3075 3174 3175 3076
3044 3 2 1 1 3076 3175 3176 3077
3045 3 2 1 1 3077 3176 3177 3078
3046 3 2 1 1 3078 3177 3178 3079
3047 3 2 1 1 3079 3178 3179 3080
3048 3 2 1 1 3080 3179 3180 3081
3049 3 2 1 1 3081 3180 3181 3082
3050 3 2 1 1 3082 3181 3182 3083
3051 3 2 1 1 3083 3182 3183 3084
3052 3 2 1 1 3084 3183 3184 3085
3053 3 2 1 1 3085 3184 3185 3086
3054 3 2 1 1 3086 3185 3186 3087
3055 3 2 1 1 3087 3186 3187 3088
3056 3 2 1 1 3088 3187 3188 3089
3057 3 2 1 1 3089 3188 3189 3090
3058 3 2 1 1 3090 3189 3190 3091
3059 3 2 1 1 3091 3190 3191 3092
3060 3 2 1 1 3092 3191 3192 3093
3061 3 2 1 1 3093 3192 3193 3094
3062 3 2 1 1 3094 3193 3194 3095
3063 3 2 1 1 3095 3194 3195 3096
3064 3 2 1 1 3096 3195 3196 3097
3065 3 2 1 1 3097 3196 3197 3098
3066 3 2 1 1 3098 3197 3198 3099
3067 3 2 1 1 3099 3198 3199 3100
3068 3 2 1 1 3100 3199 3200 3101
3069 3 2 1 1 3101 3200 3201 3102
3070 3 2 1 1 3102 3201 3202 3103
3071 3 2 1 1 3103 3202 3203 3104
3072 3 2 1 1 3104 3203 3204 3105
3073 3 2 1 1 3105 3204 3205 3106
3074 3 2 1 1 3106 3205 3206 3107
3075 3 2 1 1 3107 3206 3207 3108
3076 3 2 1 1 3108 3207 3208 3109
3077 3 2 1 1 3109 3208 3209 3110
3078 3 2 1 1 3110 3209 3210 3111
3079 3 2 1 1 3111 3210 3211 3112
3080 3 2 1 1 3112 3211 14 15
3081 3 2 1 1 166 167 3212 3113
3082 3 2 1 1 3113 3212 3213 3114
3083 3 2 1 1 3114 3213 3214 3115
3084 3 2 1 1 3115 3214 3215 3116
3085 3 2 1 1 3116 3215 3216 3117
3086 3 2 1 1 3117 3216 3217 3118
3087 3 2 1 1 3118 3217 3218 3119
3088 3 2 1 1 3119 3218 3219 3120
3089 3 2 1 1 3120 3219 3220 3121
3090 3 2 1 1 3121 3220 3221 3122
3091 3 2 1 1 3122 3221 3222 3123
3092 3 2 1 1 3123 3222 3223 3124
3093 3 2 1 1 3124 3223 3224 3125
3094 3 2 1 1 3125 3224 3225 3126
3095 3 2 1 1 3126 3225 3226 3127
3096 3 2 1 1 3127 3226 3227 3128
3097 3 2 1 1 3128 3227 3228 3129
3098 3 2 1 1 3129 3228 3229 3130
3099 3 2 1 1 3130 3229 3230 3131
3100 3 2 1 1 3131 3230 3231 3132
3101 3 2 1 1 3132 3231 3232 3133
3102 3 2 1 1 3133 3232 3233 3134
3103 3 2 1 1 3134 3233 3234 3135
3104 3 2 1 1 3135 3234 3235 3136
3105 3 2 1 1 3136 3235 3236 3137
3106 3 2 1 1 3137 3236 3237 3138
3107 3 2 1 1 3138 3237 3238 3139
3108 3 2 1 1 3139 3238 3239 3140
3109 3 2 1 1 3140 3239 3240 3141
3110 3 2 1 1 3141 3240 3241 3142
3111 3 2 1 1 3142 3241 3242 3143
3112 3 2 1 1 3143 3242 3243 3144
3113 3 2 1 1 3144 3243 3244 3145
3114 3 2 1 1 3145 3244 3245 3146
3115 3 2 1 1 3146 3245 3246 3147
3116 3 2 1 1 3147 3246 3247 3148
3117 3 2 1 1 3148 3247 3248 3149
3118 3 2 1 1 3149 3248 3249 3150
3119 3 2 1 1 3150 3249 3250 3151
3120 3 2 1 1 3151 3250 3251 3152
3121 3 2 1 1 3152 3251 3252 3153
3122 3 2 1 1 3153 3252 3253 3154
3123 3 2 1 1 3154 3253 3254 3155
3124 3 2 1 1 3155 3254 3255 3156
3125 3 2 1 1 3156 3255 3256 3157
3126 3 2 1 1 3157 3256 3257 3158
3127 3 2 1 1 3158 3257 3258 3159
3128 3 2 1 1 3159 3258 3259 3160
3129 3 2 1 1 3160 3259 3260 3161
3130 3 2 1 1 3161 3260 3261 3162
3131 3 2 1 1 3162 3261 3262 3163
3132 3 2 1 1 3163 3262 3263 3164
3133 3 2 1 1 3164 3263 3264 3165
3134 3 2 1 1 3165 3264 3265 3166
3135 3 2 1 1 3166 3265 3266 3167
3136 3 2 1 1 3167 3266 3267 3168
3137 3 2 1 1 3168 3267 3268 3169
3138 3 2 1 1 3169 3268 3269 3170
3139 3 2 1 1 3170 3269 3270 3171
3140 3 2 1 1 3171 3270 3271 3172
3141 3 2 1 1 3172 3271 3272 3173
3142 3 2 1 1 3173 3272 3273 3174
3143 3 2 1 1 3174 3273 3274 3175
3144 3 2 1 1 3175 3274 3275 3176
3145 3 2 1 1 3176 3275 3276 3177
3146 3 2 1 1 3177 3276 3277 3178
3147 3 2 1 1 3178 3277 3278 3179
3148 3 2 1 1 3179 3278 3279 3180
3149 3 2 1 1 3180 3279 3280 3181
3150 3 2 1 1 3181 3280 3281 3182
3151 3 2 1 1 3182 3281 3282 3183
3152 3 2 1 1 3183 3282 3283 3184
3153 3 2 1 1 3184 3283 3284 3185
3154 3 2 1 1 3185 3284 3285 3186
3155 3 2 1 1 3186 3285 3286 3187
3156 3 2 1 1 3187 3286 3287 3188
3157 3 2 1 1 3188 3287 3288 3189
3158 3 2 1 1 3189 3288 3289 3190
3159 3 2 1 1 3190 3289 3290 3191
3160 3 2 1 1 3191 3290 3291 3192
3161 3 2 1 1 3192 3291 3292 3193
3162 3 2 1 1 3193 3292 3293 3194
3163 3 2 1 1 3194 3293 3294 3195
3164 3 2 1 1 3195 3294 3295 3196
3165 3 2 1 1 3196 3295 3296 3197
3166 3 2 1 1 3197 3296 3297 3198
3167 3 2 1 1 3198 3297 3298 3199
3168 3 2 1 1 3199 3298 3299 3200
3169 3 2 1 1 3200 3299 3300 3201
3170 3 2 1 1 3201 3300 3301 3202
3171 3 2 1 1 3202 3301 3302 3203
3172 3 2 1 1 3203 3302 3303 3204
3173 3 2 1 1 3204 3303 3304 3205
3174 3 2 1 1 3205 3304 3305 3206
3175 3 2 1 1 3206 3305 3306 3207
3176 3 2 1 1 3207 3306 3307 3208
3177 3 2 1 1 3208 3307 3308 3209
3178 3 2 1 1 3209 3308 3309 3210
3179 3 2 1 1 3210 3309 3310 3211
3180 3 2 1 1 3211 3310 13 14
3181 3 2 1 1 167 168 3311 3212
3182 3 2 1 1 3212 3311 3312 3213
3183 3 2 1 1 3213 3312 3313 3214
3184 3 2 1 1 3214 3313 3314 3215
3185 3 2 1 1 3215 3314 3315 3216
3186 3 2 1 1 3216 3315 3316 3217
3187 3 2 1 1 3217 3316 3317 3218
3188 3 2 1 1 3218 3317 3318 3219
3189 3 2 1 1 3219 3318 3319 3220
3190 3 2 1 1 3220 3319 3320 3221
3191 3 2 1 1 3221 3320 3321 3222
3192 3 2 1 1 3222 3321 3322 3223
3193 3 2 1 1 3223 3322 3323 3224
3194 3 2 1 1 3224 3323 3324 3225
3195 3 2 1 1 3225 3324 3325 3226
3196 3 2 1 1 3226 3325 3326 3227
3197 3 2 1 1 3227 3326 3327 3228
3198 3 2 1 1 3228 3327 3328 3229
3199 3 2 1 1 3229 3328 3329 3230
3200 3 2 1 1 3230 3329 3330 3231
3201 3 2 1 1 3231 3330 3331 3232
3202 3 2 1 1 3232 3331 3332 3233
3203 3 2 1 1 3233 3332 3333 3234
3204 3 2 1 1 3234 3333 3334 3235
3205 3 2 1 1 3235 3334 3335 3236
3206 3 2 1 1 3236 3335 3336 3237
3207 3 2 1 1 3237 3336 3337 3238
3208 3 2 1 1 3238 3337 3338 3239
3209 3 2 1 1 3239 3338 3339 3240
3210 3 2 1 1 3240 3339 3340 3241
3211 3 2 1 1 3241 3340 3341 3242
3212 3 2 1 1 3242 3341 3342 3243
3213 3 2 1 1 3243 3342 3343 3244
3214 3 2 1 1 3244 3343 3344 3245
3215 3 2 1 1 3245 3344 3345 3246
3216 3 2 1 1 3246 3345 3346 3247
3217 3 2 1 1 3247 3346 3347 3248
3218 3 2 1 1 3248 3347 3348 3249
3219 3 2 1 1 3249 3348 3349 3250
3220 3 2 1 1 3250 3349 3350 3251
3221 3 2 1 1 3251 3350 3351 3252
3222 3 2 1 1 3252 3351 3352 3253
3223 3 2 1 1 3253 3352 3353 3254
3224 3 2 1 1 3254 3353 3354 3255
3225 3 2 1 1 3255 3354 3355 3256
3226 3 2 1 1 3256 3355 3356 3257
3227 3 2 1 1 3257 3356 3357 3258
3228 3 2 1 1 3258 3357 3358 3259
3229 3 2 1 1 3259 3358 3359 3260
3230 3 2 1 1 3260 3359 3360 3261
3231 3 2 1 1 3261 3360 3361 3262
3232 3 2 1 1 3262 3361 3362 3263
3233 3 2 1 1 3263 3362 3363 3264
3234 3 2 1 1 3264 3363 3364 3265
3235 3 2 1 1 3265 3364 3365 3266
3236 3 2 1 1 3266 3365 3366 3267
3237 3 2 1 1 3267 3366 3367 3268
3238 3 2 1 1 3268 3367 3368 3269
3239 3 2 1 1 3269 3368 3369 3270
3240 3 2 1 1 3270 3369 3370 3271
3241 3 2 1 1 3271 3370 3371 3272
3242 3 2 1 1 3272 3371 3372 3273
3243 3 2 1 1 3273 3372 3373 3274
3244 3 2 1 1 3274 3373 3374 3275
3245 3 2 1 1 3275 3374 3375 3276
3246 3 2 1 1 3276 3375 3376 3277
3247 3 2 1 1 3277 3376 3377 3278
3248 3 2 1 1 3278 3377 3378 3279
3249 3 2 1 1 3279 3378 3379 3280
3250 3 2 1 1 3280 3379 3380 3281
3251 3 2 1 1 3281 3380 3381 3282
3252 3 2 1 1 3282 3381 3382 3283
3253 3 2 1 1 3283 3382 3383 3284
3254 3 2 1 1 3284 3383 3384 3285
3255 3 2 1 1 3285 3384 3385 3286
3256 3 2 1 1 3286 3385 3386 3287
3257 3 2 1 1 3287 3386 3387 3288
3258 3 2 1 1 3288 3387 3388 3289
3259 3 2 1 1 3289 3388 3389 3290
3260 3 2 1 1 3290 3389 3390 3291
3261 3 2 1 1 3291 3390 3391 3292
3262 3 2 1 1 3292 3391 3392 3293
3263 3 2 1 1 3293 3392 3393 3294
3264 3 2 1 1 3294 3393 3394 3295
3265 3 2 1 1 3295 3394 3395 3296
3266 3 2 1 1 3296 3395 3396 3297
3267 3 2 1 1 3297 3396 3397 3298
3268 3 2 1 1 3298 3397 3398 3299
3269 3 2 1 1 3299 3398 3399 3300
3270 3 2 1 1 3300 3399 3400 3301
3271 3 2 1 1 3301 3400 3401 3302
3272 3 2 1 1 3302 3401 3402 3303
3273 3 2 1 1 3303 3402 3403 3304
3274 3 2 1 1 3304 3403 3404 3305
3275 3 2 1 1 3305 3404 3405 3306
3276 3 2 1 1 3306 3405 3406 3307
3277 3 2 1 1 3307 3406 3407 3308
3278 3 2 1 1 3308 3407 3408 3309
3279 3 2 1 1 3309 3408 3409 3310
3280 3 2 1 1 3310 3409 12 13
3281 3 2 1 1 168 3 169 3311
3282 3 2 1 1 3311 169 170 3312
3283 3 2 1 1 3312 170 171 3313
3284 3 2 1 1 3313 171 172 3314
3285 3 2 1 1 3314 172 173 3315
3286 3 2 1 1 3315 173 174 3316
3287 3 2 1 1 3316 174 175 3317
3288 3 2 1 1 3317 175 176 3318
3289 3 2 1 1 3318 176 177 3319
3290 3 2 1 1 3319 177 178 3320
3291 3 2 1 1 3320 178 179 3321
3292 3 2 1 1 3321 179 180 3322
3293 3 2 1 1 3322 180 181 3323
3294 3 2 1 1 3323 181 182 3324
3295 3 2 1 1 3324 182 183 3325
3296 3 2 1 1 3325 183 184 3326
3297 3 2 1 1 3326 184 185 3327
3298 3 2 1 1 3327 185 186 3328
3299 3 2 1 1 3328 186 187 3329
3300 3 2 1 1 3329 187 188 3330
3301 3 2 1 1 3330 188 189 3331
3302 3 2 1 1 3331 189 190 3332
3303 3 2 1 1 3332 190 191 3333
3304 3 2 1 1 3333 191 192 3334
3305 3 2 1 1 3334 192 193 3335
3306 3 2 1 1 3335 193 194 3336
3307 3 2 1 1 3336 194 195 3337
3308 3 2 1 1 3337 195 196 3338
3309 3 2 1 1 3338 196 197 3339
3310 3 2 1 1 3339 197 198 3340
3311 3 2 1 1 3340 198 199 3341
3312 3 2 1 1 3341 199 200 3342
3313 3 2 1 1 3342 200 201 3343
3314 3 2 1 1 3343 201 202 3344
3315 3 2 1 1 3344 202 203 3345
3316 3 2 1 1 3345 203 204 3346
3317 3 2 1 1 3346 204 205 3347
3318 3 2 1 1 3347 205 206 3348
3319 3 2 1 1 3348 206 207 3349
3320 3 2 1 1 3349 207 208 3350
3321 3 2 1 1 3350 208 209 3351
3322 3 2 1 1 3351 209 210 3352
3323 3 2 1 1 3352 210 211 3353
3324 3 2 1 1 3353 211 212 3354
3325 3 2 1 1 3354 212 213 3355
3326 3 2 1 1 3355 213 214 3356
3327 3 2 1 1 3356 214 215 3357
3328 3 2 1 1 3357 215 216 3358
3329 3 2 1 1 3358 216 217 3359
3330 3 2 1 1 3359 217 218 3360
3331 3 2 1 1 3360 218 219 3361
3332 3 2 1 1 3361 219 220 3362
3333 3 2 1 1 3362 220 221 3363
3334 3 2 1 1 3363 221 222 3364
3335 3 2 1 1 3364 222 223 3365
3336 3 2 1 1 3365 223 224 3366
3337 3 2 1 1 3366 224 225 3367
3338 3 2 1 1 3367 225 226 3368
3339 3 2 1 1 3368 226 227 3369
3340 3 2 1 1 3369 227 228 3370
3341 3 2 1 1 3370 228 229 3371
3342 3 2 1 1 3371 229 230 3372
3343 3 2 1 1 3372 230 231 3373
3344 3 2 1 1 3373 231 232 3374
3345 3 2 1 1 3374 232 233 3375
3346 3 2 1 1 3375 233 234 3376
3347 3 2 1 1 3376 234 235 3377
3348 3 2 1 1 3377 235 236 3378
3349 3 2 1 1 3378 236 237 3379
3350 3 2 1 1 3379 237 238 3380
3351 3 2 1 1 3380 238 239 3381
3352 3 2 1 1 3381 239 240 3382
3353 3 2 1 1 3382 240 241 3383
3354 3 2 1 1 3383 241 242 3384
3355 3 2 1 1 3384 242 243 3385
3356 3 2 1 1 3385 243 244 3386
3357 3 2 1 1 3386 244 245 3387
3358 3 2 1 1 3387 245 246 3388
3359 3 2 1 1 3388 246 247 3389
3360 3 2 1 1 3389 247 248 3390
3361 3 2 1 1 3390 248 249 3391
3362 3 2 1 1 3391 249 250 3392
3363 3 2 1 1 3392 250 251 3393
3364 3 2 1 1 3393 251 252 3394
3365 3 2 1 1 3394 252 253 3395
3366 3 2 1 1 3395 253 254 3396
3367 3 2 1 1 3396 254 255 3397
3368 3 2 1 1 3397 255 256 3398
3369 3 2 1 1 3398 256 257 3399
3370 3 2 1 1 3399 257 258 3400
3371 3 2 1 1 3400 258 259 3401
3372 3 2 1 1 3401 259 260 3402
3373 3 2 1 1 3402 260 261 3403
3374 3 2 1 1 3403 261 262 3404
3375 3 2 1 1 3404 262 263 3405
3376 3 2 1 1 3405 263 264 3406
3377 3 2 1 1 3406 264 265 3407
3378 3 2 1 1 3407 265 266 3408
3379 3 2 1 1 3408 266 267 3409
3380 3 2 1 1 3409 267 4 12
3381 3 2 1 2 4 326 3410 12
3382 3 2 1 2 326 327 3411 3410
3383 3 2 1 2 327 328 3412 3411
3384 3 2 1 2 328 329 3413 3412
3385 3 2 1 2 329 330 3414 3413
3386 3 2 1 2 330 331 3415 3414
3387 3 2 1 2 331 332 3416 3415
3388 3 2 1 2 332 333 3417 3416
3389 3 2 1 2 333 334 3418 3417
3390 3 2 1 2 334 335 3419 3418
3391 3 2 1 2 335 336 3420 3419
3392 3 2 1 2 336 337 3421 3420
3393 3 2 1 2 337 338 3422 3421
3394 3 2 1 2 338 339 3423 3422
3395 3 2 1 2 339 340 3424 3423
3396 3 2 1 2 340 341 3425 3424
3397 3 2 1 2 341 342 3426 3425
3398 3 2 1 2 342 343 3427 3426
3399 3 2 1 2 343 344 3428 3427
3400 3 2 1 2 344 345 3429 3428
3401 3 2 1 2 345 346 3430 3429
3402 3 2 1 2 346 347 3431 3430
3403 3 2 1 2 347 348 3432 3431
3404 3 2 1 2 348 349 3433 3432
3405 3 2 1 2 349 350 3434 3433
3406 3 2 1 2 350 351 3435 3434
3407 3 2 1 2 351 352 3436 3435
3408 3 2 1 2 352 353 3437 3436
3409 3 2 1 2 353 354 3438 3437
3410 3 2 1 2 354 6 297 3438
3411 3 2 1 2 12 3410 3439 13
3412 3 2 1 2 3410 3411 3440 3439
3413 3 2 1 2 3411 3412 3441 3440
3414 3 2 1 2 3412 3413 3442 3441
3415 3 2 1 2 3413 3414 3443 3442
3416 3 2 1 2 3414 3415 3444 3443
3417 3 2 1 2 3415 3416 3445 3444
3418 3 2 1 2 3416 3417 3446 3445
3419 3 2 1 2 3417 3418 3447 3446
3420 3 2 1 2 3418 3419 3448 3447
3421 3 2 1 2 3419 3420 3449 3448
3422 3 2 1 2 3420 3421 3450 3449
3423 3 2 1 2 3421 3422 3451 3450
3424 3 2 1 2 3422 3423 3452 3451
3425 3 2 1 2 3423 3424 3453 3452
3426 3 2 1 2 3424 3425 3454 3453
3427 3 2 1 2 3425 3426 3455 3454
3428 3 2 1 2 3426 3427 3456 3455
3429 3 2 1 2 3427 3428 3457 3456
3430 3 2 1 2 3428 3429 3458 3457
3431 3 2 1 2 3429 3430 3459 3458
3432 3 2 1 2 3430 3431 3460 3459
3433 3 2 1 2 3431 3432 3461 3460
3434 3 2 1 2 3432 3433 3462 3461
3435 3 2 1 2 3433 3434 3463 3462
3436 3 2 1 2 3434 3435 3464 3463
3437 3 2 1 2 3435 3436 3465 3464
3438 3 2 1 2 3436 3437 3466 3465
3439 3 2 1 2 3437 3438 3467 3466
3440 3 2 1 2 3438 297 298 3467
3441 3 2 1 2 13 3439 3468 14
3442 3 2 1 2 3439 3440 3469 3468
3443 3 2 1 2 3440 3441 3470 3469
3444 3 2 1 2 3441 3442 3471 3470
3445 3 2 1 2 3442 3443 3472 3471
3446 3 2 1 2 3443 3444 3473 3472
3447 3 2 1 2 3444 3445 3474 3473
3448 3 2 1 2 3445 3446 3475 3474
3449 3 2 1 2 3446 3447 3476 3475
3450 3 2 1 2 3447 3448 3477 3476
3451 3 2 1 2 3448 3449 3478 3477
3452 3 2 1 2 3449 3450 3479 3478
3453 3 2 1 2 3450 3451 3480 3479
3454 3 2 1 2 3451 3452 3481 3480
3455 3 2 1 2 3452 3453 3482 3481
3456 3 2 1 2 3453 3454 3483 3482
3457 3 2 1 2 3454 3455 3484 3483
3458 3 2 1 2 3455 3456 3485 3484
3459 3 2 1 2 3456 3457 3486 3485
3460 3 2 1 2 3457 3458 3487 3486
3461 3 2 1 2 3458 3459 3488 3487
3462 3 2 1 2 3459 3460 3489 3488
3463 3 2 1 2 3460 3461 3490 3489
3464 3 2 1 2 3461 3462 3491 3490
3465 3 2 1 2 3462 3463 3492 3491
3466 3 2 1 2 3463 3464 3493 3492
3467 3 2 1 2 3464 3465 3494 3493
3468 3 2 1 2 3465 3466 3495 3494
3469 3 2 1 2 3466 3467 3496 3495
3470 3 2 1 2 3467 298 299 3496
3471 3 2 1 2 14 3468 3497 15
3472 3 2 1 2 3468 3469 3498 3497
3473 3 2 1 2 3469 3470 3499 3498
3474 3 2 1 2 3470 3471 3500 3499
3475 3 2 1 2 3471 3472 3501 3500
3476 3 2 1 2 3472 3473 3502 3501
3477 3 2 1 2 3473 3474 3503 3502
3478 3 2 1 2 3474 3475 3504 3503
3479 3 2 1 2 3475 3476 3505 3504
3480 3 2 1 2 3476 3477 3506 3505
3481 3 2 1 2 3477 3478 3507 3506
3482 3 2 1 2 3478 3479 3508 3507
3483 3 2 1 2 3479 3480 3509 3508
3484 3 2 1 2 3480 3481 3510 3509
3485 3 2 1 2 3481 3482 3511 3510
3486 3 2 1 2 3482 3483 3512 3511
3487 3 2 1 2 3483 3484 3513 3512
3488 3 2 1 2 3484 3485 3514 3513
3489 3 2 1 2 3485 3486 3515 3514
3490 3 2 1 2 3486 3487 3516 3515
3491 3 2 1 2 3487 3488 3517 3516
3492 3 2 1 2 3488 3489 3518 3517
3493 3 2 1 2 3489 3490 3519 3518
3494 3 2 1 2 3490 3491 3520 3519
3495 3 2 1 2 3491 3492 3521 3520
3496 3 2 1 2 3492 3493 3522 3521
3497 3 2 1 2 3493 3494 3523 3522
3498 3 2 1 2 3494 3495 3524 3523
3499 3 2 1 2 3495 3496 3525 3524
3500 3 2 1 2 3496 299 300 3525
3501 3 2 1 2 15 3497 3526 16
3502 3 2 1 2 3497 3498 3527 3526
3503 3 2 1 2 3498 3499 3528 3527
3504 3 2 1 2 3499 3500 3529 3528
3505 3 2 1 2 3500 3501 3530 3529
3506 3 2 1 2 3501 3502 3531 3530
3507 3 2 1 2 3502 3503 3532 3531
3508 3 2 1 2 3503 3504 3533 3532
3509 3 2 1 2 3504 3505 3534 3533
3510 3 2 1 2 3505 3506 3535 3534
3511 3 2 1 2 3506 3507 3536 3535
3512 3 2 1 2 3507 3508 3537 3536
3513 3 2 1 2 3508 3509 3538 3537
3514 3 2 1 2 3509 3510 3539 3538
3515 3 2 1 2 3510 3511 3540 3539
3516 3 2 1 2 3511 3512 3541 3540
3517 3 2 1 2 3512 3513 3542 3541
3518 3 2 1 2 3513 3514 3543 3542
3519 3 2 1 2 3514 3515 3544 3543
3520 3 2 1 2 3515 3516 3545 3544
3521 3 2 1 2 3516 3517 3546 3545
3522 3 2 1 2 3517 3518 3547 3546
3523 3 2 1 2 3518 3519 3548 3547
3524 3 2 1 2 3519 3520 3549 3548
3525 3 2 1 2 3520 3521 3550 3549
3526 3 2 1 2 3521 3522 3551 3550
3527 3 2 1 2 3522 3523 3552 3551
3528 3 2 1 2 3523 3524 3553 3552
3529 3 2 1 2 3524 3525 3554 3553
3530 3 2 1 2 3525 300 301 3554
3531 3 2 1 2 16 3526 3555 17
3532 3 2 1 2 3526 3527 3556 3555
3533 3 2 1 2 3527 3528 3557 3556
3534 3 2 1 2 3528 3529 3558 3557
3535 3 2 1 2 3529 3530 3559 3558
3536 3 2 1 2 3530 3531 3560 3559
3537 3 2 1 2 3531 3532 3561 3560
3538 3 2 1 2 3532 3533 3562 3561
3539 3 2 1 2 3533 3534 3563 3562
3540 3 2 1 2 3534 3535 3564 3563
3541 3 2 1 2 3535 3536 3565 3564
3542 3 2 1 2 3536 3537 3566 3565
3543 3 2 1 2 3537 3538 3567 3566
3544 3 2 1 2 3538 3539 3568 3567
3545 3 2 1 2 3539 3540 3569 3568
3546 3 2 1 2 3540 3541 3570 3569
3547 3 2 1 2 3541 3542 3571 3570
3548 3 2 1 2 3542 3543 3572 3571
3549 3 2 1 2 3543 3544 3573 3572
3550 3 2 1 2 3544 3545 3574 3573
3551 3 2 1 2 3545 3546 3575 3574
3552 3 2 1 2 3546 3547 3576 3575
3553 3 2 1 2 3547 3548 3577 3576
3554 3 2 1 2 3548 3549 3578 3577
3555 3 2 1 2 3549 3550 3579 3578
3556 3 2 1 2 3550 3551 3580 3579
3557 3 2 1 2 3551 3552 3581 3580
3558 3 2 1 2 3552 3553 3582 3581
3559 3 2 1 2 3553 3554 3583 3582
3560 3 2 1 2 3554 301 302 3583
3561 3 2 1 2 17 3555 3584 18
3562 3 2 1 2 3555 3556 3585 3584
3563 3 2 1 2 3556 3557 3586 3585
3564 3 2 1 2 3557 3558 3587 3586
3565 3 2 1 2 3558 3559 3588 3587
3566 3 2 1 2 3559 3560 3589 3588
3567 3 2 1 2 3560 3561 3590 3589
3568 3 2 1 2 3561 3562 3591 3590
3569 3 2 1 2 3562 3563 3592 3591
3570 3 2 1 2 3563 3564 3593 3592
3571 3 2 1 2 3564 3565 3594 3593
3572 3 2 1 2 3565 3566 3595 3594
3573 3 2 1 2 3566 3567 3596 3595
3574 3 2 1 2 3567 3568 3597 3596
3575 3 2 1 2 3568 3569 3598 3597
3576 3 2 1 2 3569 3570 3599 3598
3577 3 2 1 2 3570 3571 3600 3599
3578 3 2 1 2 3571 3572 3601 3600
3579 3 2 1 2 3572 3573 3602 3601
3580 3 2 1 2 3573 3574 3603 3602
3581 3 2 1 2 3574 3575 3604 3603
3582 3 2 1 2 3575 3576 3605 3604
3583 3 2 1 2 3576 3577 3606 3605
3584 3 2 1 2 3577 3578 3607 3606
3585 3 2 1 2 3578 3579 3608 3607
3586 3 2 1 2 3579 3580 3609 3608
3587 3 2 1 2 3580 3581 3610 3609
3588 3 2 1 2 3581 3582 3611 3610
3589 3 2 1 2 3582 3583 3612 3611
3590 3 2 1 2 3583 302 303 3612
3591 3 2 1 2 18 3584 3613 19
3592 3 2 1 2 3584 3585 3614 3613
3593 3 2 1 2 3585 3586 3615 3614
3594 3 2 1 2 3586 3587 3616 3615
3595 3 2 1 2 3587 3588 3617 3616
3596 3 2 1 2 3588 3589 3618 3617
3597 3 2 1 2 3589 3590 3619 3618
3598 3 2 1 2 3590 3591 3620 3619
3599 3 2 1 2 3591 3592 3621 3620
3600 3 2 1 2 3592 3593 3622 3621
3601 3 2 1 2 3593 3594 3623 3622
3602 3 2 1 2 3594 3595 3624 3623
3603 3 2 1 2 3595 3596 3625 3624
3604 3 2 1 2 3596 3597 3626 3625
3605 3 2 1 2 3597 3598 3627 3626
3606 3 2 1 2 3598 3599 3628 3627
3607 3 2 1 2 3599 3600 3629 3628
3608 3 2 1 2 3600 3601 3630 3629
3609 3 2 1 2 3601 3602 3631 3630
3610 3 2 1 2 3602 3603 3632 3631
3611 3 2 1 2 3603 3604 3633 3632
3612 3 2 1 2 3604 3605 3634 3633
3613 3 2 1 2 3605 3606 3635 3634
3614 3 2 1 2 3606 3607 3636 3635
3615 3 2 1 2 3607 3608 3637 3636
3616 3 2 1 2 3608 3609 3638 3637
3617 3 2 1 2 3609 3610 3639 3638
3618 3 2 1 2 3610 3611 3640 3639
3619 3 2 1 2 3611 3612 3641 3640
3620 3 2 1 2 3612 303 304 3641
3621 3 2 1 2 19 3613 3642 20
3622 3 2 1 2 3613 3614 3643 3642
3623 3 2 1 2 3614 3615 3644 3643
3624 3 2 1 2 3615 3616 3645 3644
3625 3 2 1 2 3616 3617 3646 3645
3626 3 2 1 2 3617 3618 3647 3646
3627 3 2 1 2 3618 3619 3648 3647
3628 3 2 1 2 3619 3620 3649 3648
3629 3 2 1 2 3620 3621 3650 3649
3630 3 2 1 2 3621 3622 3651 3650
3631 3 2 1 2 3622 3623 3652 3651
3632 3 2 1 2 3623 3624 3653 3652
3633 3 2 1 2 3624 3625 3654 3653
3634 3 2 1 2 3625 3626 3655 3654
3635 3 2 1 2 3626 3627 3656 3655
3636 3 2 1 2 3627 3628 3657 3656
3637 3 2 1 2 3628 3629 3658 3657
3638 3 2 1 2 3629 3630 3659 3658
3639 3 2 1 2 3630 3631 3660 3659
3640 3 2 1 2 3631 3632 3661 3660
3641 3 2 1 2 3632 3633 3662 3661
3642 3 2 1 2 3633 3634 3663 3662
3643 3 2 1 2 3634 3635 3664 3663
3644 3 2 1 2 3635 3636 3665 3664
3645 3 2 1 2 3636 3637 3666 3665
3646 3 2 1 2 3637 3638 3667 3666
3647 3 2 1 2 3638 3639 3668 3667
3648 3 2 1 2 3639 3640 3669 3668
3649 3 2 1 2 3640 3641 3670 3669
3650 3 2 1 2 3641 304 305 3670
3651 3 2 1 2 20 3642 3671 21
3652 3 2 1 2 3642 3643 3672 3671
3653 3 2 1 2 3643 3644 3673 3672
3654 3 2 1 2 3644 3645 3674 3673
3655 3 2 1 2 3645 3646 3675 3674
3656 3 2 1 2 3646 3647 3676 3675
3657 3 2 1 2 3647 3648 3677 3676
3658 3 2 1 2 3648 3649 3678 3677
3659 3 2 1 2 3649 3650 3679 3678
3660 3 2 1 2 3650 3651 3680 3679
3661 3 2 1 2 3651 3652 3681 3680
3662 3 2 1 2 3652 3653 3682 3681
3663 3 2 1 2 3653 3654 3683 3682
3664 3 2 1 2 3654 3655 3684 3683
3665 3 2 1 2 3655 3656 3685 3684
3666 3 2 1 2 3656 3657 3686 3685
3667 3 2 1 2 3657 3658 3687 3686
3668 3 2 1 2 3658 3659 3688 3687
3669 3 2 1 2 3659 3660 3689 3688
3670 3 2 1 2 3660 3661 3690 3689
3671 3 2 1 2 3661 3662 3691 3690
3672 3 2 1 2 3662 3663 3692 3691
3673 3 2 1 2 3663 3664 3693 3692
3674 3 2 1 2 3664 3665 3694 3693
3675 3 2 1 2 3665 3666 3695 3694
3676 3 2 1 2 3666 3667 3696 3695
3677 3 2 1 2 3667 3668 3697 3696
3678 3 2 1 2 3668 3669 3698 3697
3679 3 2 1 2 3669 3670 3699 3698
3680 3 2 1 2 3670 305 306 3699
3681 3 2 1 2 21 3671 3700 22
3682 3 2 1 2 3671 3672 3701 3700
3683 3 2 1 2 3672 3673 3702 3701
3684 3 2 1 2 3673 3674 3703 3702
3685 3 2 1 2 3674 3675 3704 3703
3686 3 2 1 2 3675 3676 3705 3704
3687 3 2 1 2 3676 3677 3706 3705
3688 3 2 1 2 3677 3678 3707 3706
3689 3 2 1 2 3678 3679 3708 3707
3690 3 2 1 2 3679 3680 3709 3708
3691 3 2 1 2 3680 3681 3710 3709
3692 3 2 1 2 3681 3682 3711 3710
3693 3 2 1 2 3682 3683 3712 3711
3694 3 2 1 2 3683 3684 3713 3712
3695 3 2 1 2 3684 3685 3714 3713
3696 3 2 1 2 3685 3686 3715 3714
3697 3 2 1 2 3686 3687 3716 3715
3698 3 2 1 2 3687 3688 3717 3716
3699 3 2 1 2 3688 3689 3718 3717
3700 3 2 1 2 3689 3690 3719 3718
3701 3 2 1 2 3690 3691 3720 3719
3702 3 2 1 2 3691 3692 3721 3720
3703 3 2 1 2 3692 3693 3722 3721
3704 3 2 1 2 3693 3694 3723 3722
3705 3 2 1 2 3694 3695 3724 3723
3706 3 2 1 2 3695 3696 3725 3724
3707 3 2 1 2 3696 3697 3726 3725
3708 3 2 1 2 3697 3698 3727 3726
3709 3 2 1 2 3698 3699 3728 3727
3710 3 2 1 2 3699 306 307 3728
3711 3 2 1 2 22 3700 3729 23
3712 3 2 1 2 3700 3701 3730 3729
3713 3 2 1 2 3701 3702 3731 3730
3714 3 2 1 2 3702 3703 3732 3731
3715 3 2 1 2 3703 3704 3733 3732
3716 3 2 1 2 3704 3705 3734 3733
3717 3 2 1 2 3705 3706 3735 3734
3718 3 2 1 2 3706 3707 3736 3735
3719 3 2 1 2 3707 3708 3737 3736
3720 3 2 1 2 3708 3709 3738 3737
3721 3 2 1 2 3709 3710 3739 3738
3722 3 2 1 2 3710 3711 3740 3739
3723 3 2 1 2 3711 3712 3741 3740
3724 3 2 1 2 3712 3713 3742 3741
3725 3 2 1 2 3713 3714 3743 3742
3726 3 2 1 2 3714 3715 3744 3743
3727 3 2 1 2 3715 3716 3745 3744
3728 3 2 1 2 3716 3717 3746 3745
3729 3 2 1 2 3717 3718 3747 3746
3730 3 2 1 2 3718 3719 3748 3747
3731 3 2 1 2 3719 3720 3749 3748
3732 3 2 1 2 3720 3721 3750 3749
3733 3 2 1 2 3721 3722 3751 3750
3734 3 2 1 2 3722 3723 3752 3751
3735 3 2 1 2 3723 3724 3753 3752
3736 3 2 1 2 3724 3725 3754 3753
3737 3 2 1 2 3725 3726 3755 3754
3738 3 2 1 2 3726 3727 3756 3755
3739 3 2 1 2 3727 3728 3757 3756
3740 3 2 1 2 3728 307 308 3757
3741 3 2 1 2 23 3729 3758 24
3742 3 2 1 2 3729 3730 3759 3758
3743 3 2 1 2 3730 3731 3760 3759
3744 3 2 1 2 3731 3732 3761 3760
3745 3 2 1 2 3732 3733 3762 3761
3746 3 2 1 2 3733 3734 3763 3762
3747 3 2 1 2 3734 3735 3764 3763
3748 3 2 1 2 3735 3736 3765 3764
3749 3 2 1 2 3736 3737 3766 3765
3750 3 2 1 2 3737 3738 3767 3766
3751 3 2 1 2 3738 3739 3768 3767
3752 3 2 1 2 3739 3740 3769 3768
3753 3 2 1 2 3740 3741 3770 3769
3754 3 2 1 2 3741 3742 3771 3770
3755 3 2 1 2 3742 3743 3772 3771
3756 3 2 1 2 3743 3744 3773 3772
3757 3 2 1 2 3744 3745 3774 3773
3758 3 2 1 2 3745 3746 3775 3774
3759 3 2 1 2 3746 3747 3776 3775
3760 3 2 1 2 3747 3748 3777 3776
3761 3 2 1 2 3748 3749 3778 3777
3762 3 2 1 2 3749 3750 3779 3778
3763 3 2 1 2 3750 3751 3780 3779
3764 3 2 1 2 3751 3752 3781 3780
3765 3 2 1 2 3752 3753 3782 3781
3766 3 2 1 2 3753 3754 3783 3782
3767 3 2 1 2 3754 3755 3784 3783
3768 3 2 1 2 3755 3756 3785 3784
3769 3 2 1 2 3756 3757 3786 3785
3770 3 2 1 2 3757 308 309 3786
3771 3 2 1 2 24 3758 3787 25
3772 3 2 1 2 3758 3759 3788 3787
3773 3 2 1 2 3759 3760 3789 3788
3774 3 2 1 2 3760 3761 3790 3789
3775 3 2 1 2 3761 3762 3791 3790
3776 3 2 1 2 3762 3763 3792 3791
3777 3 2 1 2 3763 3764 3793 3792
3778 3 2 1 2 3764 3765 3794 3793
3779 3 2 1 2 3765 3766 3795 3794
3780 3 2 1 2 3766 3767 3796 3795
3781 3 2 1 2 3767 3768 3797 3796
3782 3 2 1 2 3768 3769 3798 3797
3783 3 2 1 2 3769 3770 3799 3798
3784 3 2 1 2 3770 3771 3800 3799
3785 3 2 1 2 3771 3772 3801 3800
3786 3 2 1 2 3772 3773 3802 3801
3787 3 2 1 2 3773 3774 3803 3802
3788 3 2 1 2 3774 3775 3804 3803
3789 3 2 1 2 3775 3776 3805 3804
3790 3 2 1 2 3776 3777 3806 3805
3791 3 2 1 2 3777 3778 3807 3806
3792 3 2 1 2 3778 3779 3808 3807
3793 3 2 1 2 3779 3780 3809 3808
3794 3 2 1 2 3780 3781 3810 3809
3795 3 2 1 2 3781 3782 3811 3810
3796 3 2 1 2 3782 3783 3812 3811
3797 3 2 1 2 3783 3784 3813 3812
3798 3 2 1 2 3784 3785 3814 3813
3799 3 2 1 2 3785 3786 3815 3814
3800 3 2 1 2 3786 309 310 3815
3801 3 2 1 2 25 3787 3816 26
3802 3 2 1 2 3787 3788 3817 3816
3803 3 2 1 2 3788 3789 3818 3817
3804 3 2 1 2 3789 3790 3819 3818
3805 3 2 1 2 3790 3791 3820 3819
3806 3 2 1 2 3791 3792 3821 3820
3807 3 2 1 2 3792 3793 3822 3821
3808 3 2 1 2 3793 3794 3823 3822
3809 3 2 1 2 3794 3795 3824 3823
3810 3 2 1 2 3795 3796 3825 3824
3811 3 2 1 2 3796 3797 3826 3825
3812 3 2 1 2 3797 3798 3827 3826
3813 3 2 1 2 3798 3799 3828 3827
3814 3 2 1 2 3799 3800 3829 3828
3815 3 2 1 2 3800 3801 3830 3829
3816 3 2 1 2 3801 3802 3831 3830
3817 3 2 1 2 3802 3803 3832 3831
3818 3 2 1 2 3803 3804 3833 3832
3819 3 2 1 2 3804 3805 3834 3833
3820 3 2 1 2 3805 3806 3835 3834
3821 3 2 1 2 3806 3807 3836 3835
3822 3 2 1 2 3807 3808 3837 3836
3823 3 2 1 2 3808 3809 3838 3837
3824 3 2 1 2 3809 3810 3839 3838
3825 3 2 1 2 3810 3811 3840 3839
3826 3 2 1 2 3811 3812 3841 3840
3827 3 2 1 2 3812 3813 3842 3841
3828 3 2 1 2 3813 3814 3843 3842
3829 3 2 1 2 3814 3815 3844 3843
3830 3 2 1 2 3815 310 311 3844
3831 3 2 1 2 26 3816 3845 27
3832 3 2 1 2 3816 3817 3846 3845
3833 3 2 1 2 3817 3818 3847 3846
3834 3 2 1 2 3818 3819 3848 3847
3835 3 2 1 2 3819 3820 3849 3848
3836 3 2 1 2 3820 3821 3850 3849
3837 3 2 1 2 3821 3822 3851 3850
3838 3 2 1 2 3822 3823 3852 3851
3839 3 2 1 2 3823 3824 3853 3852
3840 3 2 1 2 3824 3825 3854 3853
3841 3 2 1 2 3825 3826 3855 3854
3842 3 2 1 2 3826 3827 3856 3855
3843 3 2 1 2 3827 3828 3857 3856
3844 3 2 1 2 3828 3829 3858 3857
3845 3 2 1 2 3829 3830 3859 3858
3846 3 2 1 2 3830 3831 3860 3859
3847 3 2 1 2 3831 3832 3861 3860
3848 3 2 1 2 3832 3833 3862 3861
3849 3 2 1 2 3833 3834 3863 3862
3850 3 2 1 2 3834 3835 3864 3863
3851 3 2 1 2 3835 3836 3865 3864
3852 3 2 1 2 3836 3837 3866 3865
3853 3 2 1 2 3837 3838 3867 3866
3854 3 2 1 2 3838 3839 3868 3867
3855 3 2 1 2 3839 3840 3869 3868
3856 3 2 1 2 3840 3841 3870 3869
3857 3 2 1 2 3841 3842 3871 3870
3858 3 2 1 2 3842 3843 3872 3871
3859 3 2 1 2 3843 3844 3873 3872
3860 3 2 1 2 3844 311 312 3873
3861 3 2 1 2 27 3845 3874 28
3862 3 2 1 2 3845 3846 3875 3874
3863 3 2 1 2 3846 3847 3876 3875
3864 3 2 1 2 3847 3848 3877 3876
3865 3 2 1 2 3848 3849 3878 3877
3866 3 2 1 2 3849 3850 3879 3878
3867 3 2 1 2 3850 3851 3880 3879
3868 3 2 1 2 3851 3852 3881 3880
3869 3 2 1 2 3852 3853 3882 3881
3870 3 2 1 2 3853 3854 3883 3882
3871 3 2 1 2 3854 3855 3884 3883
3872 3 2 1 2 3855 3856 3885 3884
3873 3 2 1 2 3856 3857 3886 3885
3874 3 2 1 2 3857 3858 3887 3886
3875 3 2 1 2 3858 3859 3888 3887
3876 3 2 1 2 3859 3860 3889 3888
3877 3 2 1 2 3860 3861 3890 3889
3878 3 2 1 2 3861 3862 3891 3890
3879 3 2 1 2 3862 3863 3892 3891
3880 3 2 1 2 3863 3864 3893 3892
3881 3 2 1 2 3864 3865 3894 3893
3882 3 2 1 2 3865 3866 3895 3894
3883 3 2 1 2 3866 3867 3896 3895
3884 3 2 1 2 3867 3868 3897 3896
3885 3 2 1 2 3868 3869 3898 3897
3886 3 2 1 2 3869 3870 3899 3898
3887 3 2 1 2 3870 3871 3900 3899
3888 3 2 1 2 3871 3872 3901 3900
3889 3 2 1 2 3872 3873 3902 3901
3890 3 2 1 2 3873 312 313 3902
3891 3 2 1 2 28 3874 3903 29
3892 3 2 1 2 3874 3875 3904 3903
3893 3 2 1 2 3875 3876 3905 3904
3894 3 2 1 2 3876 3877 3906 3905
3895 3 2 1 2 3877 3878 3907 3906
3896 3 2 1 2 3878 3879 3908 3907
3897 3 2 1 2 3879 3880 3909 3908
3898 3 2 1 2 3880 3881 3910 3909
3899 3 2 1 2 3881 3882 3911 3910
3900 3 2 1 2 3882 3883 3912 3911
3901 3 2 1 2 3883 3884 3913 3912
3902 3 2 1 2 3884 3885 3914 3913
3903 3 2 1 2 3885 3886 3915 3914
3904 3 2 1 2 3886 3887 3916 3915
3905 3 2 1 2 3887 3888 3917 3916
3906 3 2 1 2 3888 3889 3918 3917
3907 3 2 1 2 3889 3890 3919 3918
3908 3 2 1 2 3890 3891 3920 3919
3909 3 2 1 2 3891 3892 3921 3920
3910 3 2 1 2 3892 3893 3922 3921
3911 3 2 1 2 3893 3894 3923 3922
3912 3 2 1 2 3894 3895 3924 3923
3913 3 2 1 2 3895 3896 3925 3924
3914 3 2 1 2 3896 3897 3926 3925
3915 3 2 1 2 3897 3898 3927 3926
3916 3 2 1 2 3898 3899 3928 3927
3917 3 2 1 2 3899 3900 3929 3928
3918 3 2 1 2 3900 3901 3930 3929
3919 3 2 1 2 3901 3902 3931 3930
3920 3 2 1 2 3902 313 314 3931
3921 3 2 1 2 29 3903 3932 30
3922 3 2 1 2 3903 3904 3933 3932
3923 3 2 1 2 3904 3905 3934 3933
3924 3 2 1 2 3905 3906 3935 3934
3925 3 2 1 2 3906 3907 3936 3935
3926 3 2 1 2 3907 3908 3937 3936
3927 3 2 1 2 3908 3909 3938 3937
3928 3 2 1 2 3909 3910 3939 3938
3929 3 2 1 2 3910 3911 3940 3939
3930 3 2 1 2 3911 3912 3941 3940
3931 3 2 1 2 3912 3913 3942 3941
3932 3 2 1 2 3913 3914 3943 3942
3933 3 2 1 2 3914 3915 3944 3943
3934 3 2 1 2 3915 3916 3945 3944
3935 3 2 1 2 3916 3917 3946 3945
3936 3 2 1 2 3917 3918 3947 3946
3937 3 2 1 2 3918 3919 3948 3947
3938 3 2 1 2 3919 3920 3949 3948
3939 3 2 1 2 3920 3921 3950 3949
3940 3 2 1 2 3921 3922 3951 3950
3941 3 2 1 2 3922 3923 3952 3951
3942 3 2 1 2 3923 3924 3953 3952
3943 3 2 1 2 3924 3925 3954 3953
3944 3 2 1 2 3925 3926 3955 3954
3945 3 2 1 2 3926 3927 3956 3955
3946 3 2 1 2 3927 3928 3957 3956
3947 3 2 1 2 3928 3929 3958 3957
3948 3 2 1 2 3929 3930 3959 3958
3949 3 2 1 2 3930 3931 3960 3959
3950 3 2 1 2 3931 314 315 3960
3951 3 2 1 2 30 3932 3961 31
3952 3 2 1 2 3932 3933 3962 3961
3953 3 2 1 2 3933 3934 3963 3962
3954 3 2 1 2 3934 3935 3964 3963
3955 3 2 1 2 3935 3936 3965 3964
3956 3 2 1 2 3936 3937 3966 3965
3957 3 2 1 2 3937 3938 3967 3966
3958 3 2 1 2 3938 3939 3968 3967
3959 3 2 1 2 3939 3940 3969 3968
3960 3 2 1 2 3940 3941 3970 3969
3961 3 2 1 2 3941 3942 3971 3970
3962 3 2 1 2 3942 3943 3972 3971
3963 3 2 1 2 3943 3944 3973 3972
3964 3 2 1 2 3944 3945 3974 3973
3965 3 2 1 2 3945 3946 3975 3974
3966 3 2 1 2 3946 3947 3976 3975
3967 3 2 1 2 3947 3948 3977 3976
3968 3 2 1 2 3948 3949 3978 3977
3969 3 2 1 2 3949 3950 3979 3978
3970 3 2 1 2 3950 3951 3980 3979
3971 3 2 1 2 3951 3952 3981 3980
3972 3 2 1 2 3952 3953 3982 3981
3973 3 2 1 2 3953 3954 3983 3982
3974 3 2 1 2 3954 3955 3984 3983
3975 3 2 1 2 3955 3956 3985 3984
3976 3 2 1 2 3956 3957 3986 3985
3977 3 2 1 2 3957 3958 3987 3986
3978 3 2 1 2 3958 3959 3988 3987
3979 3 2 1 2 3959 3960 3989 3988
3980 3 2 1 2 3960 315 316 3989
3981 3 2 1 2 31 3961 3990 32
3982 3 2 1 2 3961 3962 3991 3990
3983 3 2 1 2 3962 3963 3992 3991
3984 3 2 1 2 3963 3964 3993 3992
3985 3 2 1 2 3964 3965 3994 3993
3986 3 2 1 2 3965 3966 3995 3994
3987 3 2 1 2 3966 3967 3996 3995
3988 3 2 1 2 3967 3968 3997 3996
3989 3 2 1 2 3968 3969 3998 3997
3990 3 2 1 2 3969 3970 3999 3998
3991 3 2 1 2 3970 3971 4000 3999
3992 3 2 1 2 3971 3972 4001 4000
3993 3 2 1 2 3972 3973 4002 4001
3994 3 2 1 2 3973 3974 4003 4002
3995 3 2 1 2 3974 3975 4004 4003
3996 3 2 1 2 3975 3976 4005 4004
3997 3 2 1 2 3976 3977 4006 4005
3998 3 2 1 2 3977 3978 4007 4006
3999 3 2 1 2 3978 3979 4008 4007
4000 3 2 1 2 3979 3980 4009 4008
4001 3 2 1 2 3980 3981 4010 4009
4002 3 2 1 2 3981 3982 4011 4010
4003 3 2 1 2 3982 3983 4012 4011
4004 3 2 1 2 3983 3984 4013 4012
4005 3 2 1 2 3984 3985 4014 4013
4006 3 2 1 2 3985 3986 4015 4014
4007 3 2 1 2 3986 3987 4016 4015
4008 3 2 1 2 3987 3988 4017 4016
4009 3 2 1 2 3988 3989 4018 4017
4010 3 2 1 2 3989 316 317 4018
4011 3 2 1 2 32 3990 4019 33
4012 3 2 1 2 3990 3991 4020 4019
4013 3 2 1 2 3991 3992 4021 4020
4014 3 2 1 2 3992 3993 4022 4021
4015 3 2 1 2 3993 3994 4023 4022
4016 3 2 1 2 3994 3995 4024 4023
4017 3 2 1 2 3995 3996 4025 4024
4018 3 2 1 2 3996 3997 4026 4025
4019 3 2 1 2 3997 3998 4027 4026
4020 3 2 1 2 3998 3999 4028 4027
4021 3 2 1 2 3999 4000 4029 4028
4022 3 2 1 2 4000 4001 4030 4029
4023 3 2 1 2 4001 4002 4031 4030
4024 3 2 1 2 4002 4003 4032 4031
4025 3 2 1 2 4003 4004 4033 4032
4026 3 2 1 2 4004 4005 4034 4033
4027 3 2 1 2 4005 4006 4035 4034
4028 3 2 1 2 4006 4007 4036 4035
4029 3 2 1 2 4007 4008 4037 4036
4030 3 2 1 2 4008 4009 4038 4037
4031 3 2 1 2 4009 4010 4039 4038
4032 3 2 1 2 4010 4011 4040 4039
4033 3 2 1 2 4011 4012 4041 4040
4034 3 2 1 2 4012 4013 4042 4041
4035 3 2 1 2 4013 4014 4043 4042
4036 3 2 1 2 4014 4015 4044 4043
4037 3 2 1 2 4015 4016 4045 4044
4038 3 2 1 2 4016 4017 4046 4045
4039 3 2 1 2 4017 4018 4047 4046
4040 3 2 1 2 4018 317 318 4047
4041 3 2 1 2 33 4019 4048 34
4042 3 2 1 2 4019 4020 4049 4048
4043 3 2 1 2 4020 4021 4050 4049
4044 3 2 1 2 4021 4022 4051 4050
4045 3 2 1 2 4022 4023 4052 4051
4046 3 2 1 2 4023 4024 4053 4052
4047 3 2 1 2 4024 4025 4054 4053
4048 3 2 1 2 4025 4026 4055 4054
4049 3 2 1 2 4026 4027 4056 4055
4050 3 2 1 2 4027 4028 4057 4056
4051 3 2 1 2 4028 4029 4058 4057
4052 3 2 1 2 4029 4030 4059 4058
4053 3 2 1 2 4030 4031 4060 4059
4054 3 2 1 2 4031 4032 4061 4060
4055 3 2 1 2 4032 4033 4062 4061
4056 3 2 1 2 4033 4034 4063 4062
4057 3 2 1 2 4034 4035 4064 4063
4058 3 2 1 2 4035 4036 4065 4064
4059 3 2 1 2 4036 4037 4066 4065
4060 3 2 1 2 4037 4038 4067 4066
4061 3 2 1 2 4038 4039 4068 4067
4062 3 2 1 2 4039 4040 4069 4068
4063 3 2 1 2 4040 4041 4070 4069
4064 3 2 1 2 4041 4042 4071 4070
4065 3 2 1 2 4042 4043 4072 4071
4066 3 2 1 2 4043 4044 4073 4072
4067 3 2 1 2 4044 4045 4074 4073
4068 3 2 1 2 4045 4046 4075 4074
4069 3 2 1 2 4046 4047 4076 4075
4070 3 2 1 2 4047 318 319 4076
4071 3 2 1 2 34 4048 4077 35
4072 3 2 1 2 4048 4049 4078 4077
4073 3 2 1 2 4049 4050 4079 4078
4074 3 2 1 2 4050 4051 4080 4079
4075 3 2 1 2 4051 4052 4081 4080
4076 3 2 1 2 4052 4053 4082 4081
4077 3 2 1 2 4053 4054 4083 4082
4078 3 2 1 2 4054 4055 4084 4083
4079 3 2 1 2 4055 4056 4085 4084
4080 3 2 1 2 4056 4057 4086 4085
4081 3 2 1 2 4057 4058 4087 4086
4082 3 2 1 2 4058 4059 4088 4087
4083 3 2 1 2 4059 4060 4089 4088
4084 3 2 1 2 4060 4061 4090 4089
4085 3 2 1 2 4061 4062 4091 4090
4086 3 2 1 2 4062 4063 4092 4091
4087 3 2 1 2 4063 4064 4093 4092
4088 3 2 1 2 4064 4065 4094 4093
4089 3 2 1 2 4065 4066 4095 4094
4090 3 2 1 2 4066 4067 4096 4095
4091 3 2 1 2 4067 4068 4097 4096
4092 3 2 1 2 4068 4069 4098 4097
4093 3 2 1 2 4069 4070 4099 4098
4094 3 2 1 2 4070 4071 4100 4099
4095 3 2 1 2 4071 4072 4101 4100
4096 3 2 1 2 4072 4073 4102 4101
4097 3 2 1 2 4073 4074 4103 4102
4098 3 2 1 2 4074 4075 4104 4103
4099 3 2 1 2 4075 4076 4105 4104
4100 3 2 1 2 4076 319 320 4105
4101 3 2 1 2 35 4077 4106 36
4102 3 2 1 2 4077 4078 4107 4106
4103 3 2 1 2 4078 4079 4108 4107
4104 3 2 1 2 4079 4080 4109 4108
4105 3 2 1 2 4080 4081 4110 4109
4106 3 2 1 2 4081 4082 4111 4110
4107 3 2 1 2 4082 4083 4112 4111
4108 3 2 1 2 4083 4084 4113 4112
4109 3 2 1 2 4084 4085 4114 4113
4110 3 2 1 2 4085 4086 4115 4114
4111 3 2 1 2 4086 4087 4116 4115
4112 3 2 1 2 4087 4088 4117 4116
4113 3 2 1 2 4088 4089 4118 4117
4114 3 2 1 2 4089 4090 4119 4118
4115 3 2 1 2 4090 4091 4120 4119
4116 3 2 1 2 4091 4092 4121 4120
4117 3 2 1 2 4092 4093 4122 4121
4118 3 2 1 2 4093 4094 4123 4122
4119 3 2 1 2 4094 4095 4124 4123
4120 3 2 1 2 4095 4096 4125 4124
4121 3 2 1 2 4096 4097 4126 4125
4122 3 2 1 2 4097 4098 4127 4126
4123 3 2 1 2 4098 4099 4128 4127
4124 3 2 1 2 4099 4100 4129 4128
4125 3 2 1 2 4100 4101 4130 4129
4126 3 2 1 2 4101 4102 4131 4130
4127 3 2 1 2 4102 4103 4132 4131
4128 3 2 1 2 4103 4104 4133 4132
4129 3 2 1 2 4104 4105 4134 4133
4130 3 2 1 2 4105 320 321 4134
4131 3 2 1 2 36 4106 4135 37
4132 3 2 1 2 4106 4107 4136 4135
4133 3 2 1 2 4107 4108 4137 4136
4134 3 2 1 2 4108 4109 4138 4137
4135 3 2 1 2 4109 4110 4139 4138
4136 3 2 1 2 4110 4111 4140 4139
4137 3 2 1 2 4111 4112 4141 4140
4138 3 2 1 2 4112 4113 4142 4141
4139 3 2 1 2 4113 4114 4143 4142
4140 3 2 1 2 4114 4115 4144 4143
4141 3 2 1 2 4115 4116 4145 4144
4142 3 2 1 2 4116 4117 4146 4145
4143 3 2 1 2 4117 4118 4147 4146
4144 3 2 1 2 4118 4119 4148 4147
4145 3 2 1 2 4119 4120 4149 4148
4146 3 2 1 2 4120 4121 4150 4149
4147 3 2 1 2 4121 4122 4151 4150
4148 3 2 1 2 4122 4123 4152 4151
4149 3 2 1 2 4123 4124 4153 4152
4150 3 2 1 2 4124 4125 4154 4153
4151 3 2 1 2 4125 4126 4155 4154
4152 3 2 1 2 4126 4127 4156 4155
4153 3 2 1 2 4127 4128 4157 4156
4154 3 2 1 2 4128 4129 4158 4157
4155 3 2 1 2 4129 4130 4159 4158
4156 3 2 1 2 4130 4131 4160 4159
4157 3 2 1 2 4131 4132 4161 4160
4158 3 2 1 2 4132 4133 4162 4161
4159 3 2 1 2 4133 4134 4163 4162
4160 3 2 1 2 4134 321 322 4163
4161 3 2 1 2 37 4135 4164 38
4162 3 2 1 2 4135 4136 4165 4164
4163 3 2 1 2 4136 4137 4166 4165
4164 3 2 1 2 4137 4138 4167 4166
4165 3 2 1 2 4138 4139 4168 4167
4166 3 2 1 2 4139 4140 4169 4168
4167 3 2 1 2 4140 4141 4170 4169
4168 3 2 1 2 4141 4142 4171 4170
4169 3 2 1 2 4142 4143 4172 4171
4170 3 2 1 2 4143 4144 4173 4172
4171 3 2 1 2 4144 4145 4174 4173
4172 3 2 1 2 4145 4146 4175 4174
4173 3 2 1 2 4146 4147 4176 4175
4174 3 2 1 2 4147 4148 4177 4176
4175 3 2 1 2 4148 4149 4178 4177
4176 3 2 1 2 4149 4150 4179 4178
4177 3 2 1 2 4150 4151 4180 4179
4178 3 2 1 2 4151 4152 4181 4180
4179 3 2 1 2 4152 4153 4182 4181
4180 3 2 1 2 4153 4154 4183 4182
4181 3 2 1 2 4154 4155 4184 4183
4182 3 2 1 2 4155 4156 4185 4184
4183 3 2 1 2 4156 4157 4186 4185
4184 3 2 1 2 4157 4158 4187 4186
4185 3 2 1 2 4158 4159 4188 4187
4186 3 2 1 2 4159 4160 4189 4188
4187 3 2 1 2 4160 4161 4190 4189
4188 3 2 1 2 4161 4162 4191 4190
4189 3 2 1 2 4162 4163 4192 4191
4190 3 2 1 2 4163 322 323 4192
4191 3 2 1 2 38 4164 4193 39
4192 3 2 1 2 4164 4165 4194 4193
4193 3 2 1 2 4165 4166 4195 4194
4194 3 2 1 2 4166 4167 4196 4195
4195 3 2 1 2 4167 4168 4197 4196
4196 3 2 1 2 4168 4169 4198 4197
4197 3 2 1 2 4169 4170 4199 4198
4198 3 2 1 2 4170 4171 4200 4199
4199 3 2 1 2 4171 4172 4201 4200
4200 3 2 1 2 4172 4173 4202 4201
4201 3 2 1 2 4173 4174 4203 4202
4202 3 2 1 2 4174 4175 4204 4203
4203 3 2 1 2 4175 4176 4205 4204
4204 3 2 1 2 4176 4177 4206 4205
4205 3 2 1 2 4177 4178 4207 4206
4206 3 2 1 2 4178 4179 4208 4207
4207 3 2 1 2 4179 4180 4209 4208
4208 3 2 1 2 4180 4181 4210 4209
4209 3 2 1 2 4181 4182 4211 4210
4210 3 2 1 2 4182 4183 4212 4211
4211 3 2 1 2 4183 4184 4213 4212
4212 3 2 1 2 4184 4185 4214 4213
4213 3 2 1 2 4185 4186 4215 4214
4214 3 2 1 2 4186 4187 4216 4215
4215 3 2 1 2 4187 4188 4217 4216
4216 3 2 1 2 4188 4189 4218 4217
4217 3 2 1 2 4189 4190 4219 4218
4218 3 2 1 2 4190 4191 4220 4219
4219 3 2 1 2 4191 4192 4221 4220
4220 3 2 1 2 4192 323 324 4221
4221 3 2 1 2 39 4193 4222 40
4222 3 2 1 2 4193 4194 4223 4222
4223 3 2 1 2 4194 4195 4224 4223
4224 3 2 1 2 4195 4196 4225 4224
4225 3 2 1 2 4196 4197 4226 4225
4226 3 2 1 2 4197 4198 4227 4226
4227 3 2 1 2 4198 4199 4228 4227
4228 3 2 1 2 4199 4200 4229 4228
4229 3 2 1 2 4200 4201 4230 4229
4230 3 2 1 2 4201 4202 4231 4230
4231 3 2 1 2 4202 4203 4232 4231
4232 3 2 1 2 4203 4204 4233 4232
4233 3 2 1 2 4204 4205 4234 4233
4234 3 2 1 2 4205 4206 4235 4234
4235 3 2 1 2 4206 4207 4236 4235
4236 3 2 1 2 4207 4208 4237 4236
4237 3 2 1 2 4208 4209 4238 4237
4238 3 2 1 2 4209 4210 4239 4238
4239 3 2 1 2 4210 4211 4240 4239
4240 3 2 1 2 4211 4212 4241 4240
4241 3 2 1 2 4212 4213 4242 4241
4242 3 2 1 2 4213 4214 4243 4242
4243 3 2 1 2 4214 4215 4244 4243
4244 3 2 1 2 4215 4216 4245 4244
4245 3 2 1 2 4216 4217 4246 4245
4246 3 2 1 2 4217 4218 4247 4246
4247 3 2 1 2 4218 4219 4248 4247
4248 3 2 1 2 4219 4220 4249 4248
4249 3 2 1 2 4220 4221 4250 4249
4250 3 2 1 2 4221 324 325 4250
4251 3 2 1 2 40 4222 268 1
4252 3 2 1 2 4222 4223 269 268
4253 3 2 1 2 4223 4224 270 269
4254 3 2 1 2 4224 4225 271 270
4255 3 2 1 2 4225 4226 272 271
4256 3 2 1 2 4226 4227 273 272
4257 3 2 1 2 4227 4228 274 273
4258 3 2 1 2 4228 4229 275 274
4259 3 2 1 2 4229 4230 276 275
4260 3 2 1 2 4230 4231 277 276
4261 3 2 1 2 4231 4232 278 277
4262 3 2 1 2 4232 4233 279 278
4263 3 2 1 2 4233 4234 280 279
4264 3 2 1 2 4234 4235 281 280
4265 3 2 1 2 4235 4236 282 281
4266 3 2 1 2 4236 4237 283 282
4267 3 2 1 2 4237 4238 284 283
4268 3 2 1 2 4238 4239 285 284
4269 3 2 1 2 4239 4240 286 285
4270 3 2 1 2 4240 4241 287 286
4271 3 2 1 2 4241 4242 288 287
4272 3 2 1 2 4242 4243 289 288
4273 3 2 1 2 4243 4244 290 289
4274 3 2 1 2 4244 4245 291 290
4275 3 2 1 2 4245 4246 292 291
4276 3 2 1 2 4246 4247 293 292
4277 3 2 1 2 4247 4248 294 293
4278 3 2 1 2 4248 4249 295 294
4279 3 2 1 2 4249 4250 296 295
4280 3 2 1 2 4250 325 5 296
4281 3 2 1 3 7 355 4251 482
4282 3 2 1 3 482 4251 4252 481
4283 3 2 1 3 481 4252 4253 480
4284 3 2 1 3 480 4253 4254 479
4285 3 2 1 3 479 4254 4255 478
4286 3 2 1 3 478 4255 4256 477
4287 3 2 1 3 477 4256 4257 476
4288 3 2 1 3 476 4257 4258 475
4289 3 2 1 3 475 4258 4259 474
4290 3 2 1 3 474 4259 4260 473
4291 3 2 1 3 473 4260 4261 472
4292 3 2 1 3 472 4261 4262 471
4293 3 2 1 3 471 4262 4263 470
4294 3 2 1 3 470 4263 4264 469
4295 3 2 1 3 469 4264 4265 468
4296 3 2 1 3 468 4265 4266 467
4297 3 2 1 3 467 4266 4267 466
4298 3 2 1 3 466 4267 4268 465
4299 3 2 1 3 465 4268 4269 464
4300 3 2 1 3 464 4269 4270 463
4301 3 2 1 3 463 4270 4271 462
4302 3 2 1 3 462 4271 4272 461
4303 3 2 1 3 461 4272 4273 460
4304 3 2 1 3 460 4273 4274 459
4305 3 2 1 3 459 4274 4275 458
4306 3 2 1 3 458 4275 4276 457
4307 3 2 1 3 457 4276 4277 456
4308 3 2 1 3 456 4277 4278 455
4309 3 2 1 3 455 4278 4279 454
4310 3 2 1 3 454 4279 4280 453
4311 3 2 1 3 453 4280 4281 452
4312 3 2 1 3 452 4281 4282 451
4313 3 2 1 3 451 4282 4283 450
4314 3 2 1 3 450 4283 4284 449
4315 3 2 1 3 449 4284 4285 448
4316 3 2 1 3 448 4285 4286 447
4317 3 2 1 3 447 4286 4287 446
4318 3 2 1 3 446 4287 4288 445
4319 3 2 1 3 445 4288 4289 444
4320 3 2 1 3 444 4289 4290 443
4321 3 2 1 3 443 4290 4291 442
4322 3 2 1 3 442 4291 4292 441
4323 3 2 1 3 441 4292 4293 440
4324 3 2 1 3 440 4293 4294 439
4325 3 2 1 3 439 4294 4295 438
4326 3 2 1 3 438 4295 4296 437
4327 3 2 1 3 437 4296 4297 436
4328 3 2 1 3 436 4297 4298 435
4329 3 2 1 3 435 4298 4299 434
4330 3 2 1 3 434 4299 4300 433
4331 3 2 1 3 433 4300 4301 432
4332 3 2 1 3 432 4301 4302 431
4333 3 2 1 3 431 4302 4303 430
4334 3 2 1 3 430 4303 4304 429
4335 3 2 1 3 429 4304 4305 428
4336 3 2 1 3 428 4305 4306 427
4337 3 2 1 3 427 4306 4307 426
4338 3 2 1 3 426 4307 4308 425
4339 3 2 1 3 425 4308 4309 424
4340 3 2 1 3 424 4309 4310 423
4341 3 2 1 3 423 4310 4311 422
4342 3 2 1 3 422 4311 4312 421
4343 3 2 1 3 421 4312 4313 420
4344 3 2 1 3 420 4313 4314 419
4345 3 2 1 3 419 4314 4315 418
4346 3 2 1 3 418 4315 4316 417
4347 3 2 1 3 417 4316 4317 416
4348 3 2 1 3 416 4317 4318 415
4349 3 2 1 3 415 4318 4319 414
4350 3 2 1 3 414 4319 4320 413
4351 3 2 1 3 413 4320 4321 412
4352 3 2 1 3 412 4321 4322 411
4353 3 2 1 3 411 4322 4323 410
4354 3 2 1 3 410 4323 4324 409
4355 3 2 1 3 409 4324 4325 408
4356 3 2 1 3 408 4325 4326 407
4357 3 2 1 3 407 4326 4327 406
4358 3 2 1 3 406 4327 4328 405
4359 3 2 1 3 405 4328 4329 404
4360 3 2 1 3 404 4329 4330 403
4361 3 2 1 3 403 4330 4331 402
4362 3 2 1 3 402 4331 4332 401
4363 3 2 1 3 401 4332 4333 400
4364 3 2 1 3 400 4333 4334 399
4365 3 2 1 3 399 4334 4335 398
4366 3 2 1 3 398 4335 4336 397
4367 3 2 1 3 397 4336 4337 396
4368 3 2 1 3 396 4337 4338 395
4369 3 2 1 3 395 4338 4339 394
4370 3 2 1 3 394 4339 4340 393
4371 3 2 1 3 393 4340 4341 392
4372 3 2 1 3 392 4341 4342 391
4373 3 2 1 3 391 4342 4343 390
4374 3 2 1 3 390 4343 4344 389
4375 3 2 1 3 389 4344 4345 388
4376 3 2 1 3 388 4345 4346 387
4377 3 2 1 3 387 4346 4347 386
4378 3 2 1 3 386 4347 4348 385
4379 3 2 1 3 385 4348 4349 384
4380 3 2 1 3 384 4349 296 5
4381 3 2 1 3 355 356 4350 4251
4382 3 2 1 3 4251 4350 4351 4252
4383 3 2 1 3 4252 4351 4352 4253
4384 3 2 1 3 4253 4352 4353 4254
4385 3 2 1 3 4254 4353 4354 4255
4386 3 2 1 3 4255 4354 4355 4256
4387 3 2 1 3 4256 4355 4356 4257
4388 3 2 1 3 4257 4356 4357 4258
4389 3 2 1 3 4258 4357 4358 4259
4390 3 2 1 3 4259 4358 4359 4260
4391 3 2 1 3 4260 4359 4360 4261
4392 3 2 1 3 4261 4360 4361 4262
4393 3 2 1 3 4262 4361 4362 4263
4394 3 2 1 3 4263 4362 4363 4264
4395 3 2 1 3 4264 4363 4364 4265
4396 3 2 1 3 4265 4364 4365 4266
4397 3 2 1 3 4266 4365 4366 4267
4398 3 2 1 3 4267 4366 4367 4268
4399 3 2 1 3 4268 4367 4368 4269
4400 3 2 1 3 4269 4368 4369 4270
4401 3 2 1 3 4270 4369 4370 4271
4402 3 2 1 3 4271 4370 4371 4272
4403 3 2 1 3 4272 4371 4372 4273
4404 3 2 1 3 4273 4372 4373 4274
4405 3 2 1 3 4274 4373 4374 4275
4406 3 2 1 3 4275 4374 4375 4276
4407 3 2 1 3 4276 4375 4376 4277
4408 3 2 1 3 4277 4376 4377 4278
4409 3 2 1 3 4278 4377 4378 4279
4410 3 2 1 3 4279 4378 4379 4280
4411 3 2 1 3 4280 4379 4380 4281
4412 3 2 1 3 4281 4380 4381 4282
4413 3 2 1 3 4282 4381 4382 4283
4414 3 2 1 3 4283 4382 4383 4284
4415 3 2 1 3 4284 4383 4384 4285
4416 3 2 1 3 4285 4384 4385 4286
4417 3 2 1 3 4286 4385 4386 4287
4418 3 2 1 3 4287 4386 4387 4288
4419 3 2 1 3 4288 4387 4388 4289
4420 3 2 1 3 4289 4388 4389 4290
4421 3 2 1 3 4290 4389 4390 4291
4422 3 2 1 3 4291 4390 4391 4292
4423 3 2 1 3 4292 4391 4392 4293
4424 3 2 1 3 4293 4392 4393 4294
4425 3 2 1 3 4294 4393 4394 4295
4426 3 2 1 3 4295 4394 4395 4296
4427 3 2 1 3 4296 4395 4396 4297
4428 3 2 1 3 4297 4396 4397 4298
4429 3 2 1 3 4298 4397 4398 4299
4430 3 2 1 3 4299 4398 4399 4300
4431 3 2 1 3 4300 4399 4400 4301
4432 3 2 1 3 4301 4400 4401 4302
4433 3 2 1 3 4302 4401 4402 4303
4434 3 2 1 3 4303 4402 4403 4304
4435 3 2 1 3 4304 4403 4404 4305
4436 3 2 1 3 4305 4404 4405 4306
4437 3 2 1 3 4306 4405 4406 4307
4438 3 2 1 3 4307 4406 4407 4308
4439 3 2 1 3 4308 4407 4408 4309
4440 3 2 1 3 4309 4408 4409 4310
4441 3 2 1 3 4310 4409 4410 4311
4442 3 2 1 3 4311 4410 4411 4312
4443 3 2 1 3 4312 4411 4412 4313
4444 3 2 1 3 4313 4412 4413 4314
4445 3 2 1 3 4314 4413 4414 4315
4446 3 2 1 3 4315 4414 4415 4316
4447 3 2 1 3 4316 4415 4416 4317
4448 3 2 1 3 4317 4416 4417 4318
4449 3 2 1 3 4318 4417 4418 4319
4450 3 2 1 3 4319 4418 4419 4320
4451 3 2 1 3 4320 4419 4420 4321
4452 3 2 1 3 4321 4420 4421 4322
4453 3 2 1 3 4322 4421 4422 4323
4454 3 2 1 3 4323 4422 4423 4324
4455 3 2 1 3 4324 4423 4424 4325
4456 3 2 1 3 4325 4424 4425 4326
4457 3 2 1 3 4326 4425 4426 4327
4458 3 2 1 3 4327 4426 4427 4328
4459 3 2 1 3 4328 4427 4428 4329
4460 3 2 1 3 4329 4428 4429 4330
4461 3 2 1 3 4330 4429 4430 4331
4462 3 2 1 3 4331 4430 4431 4332
4463 3 2 1 3 4332 4431 4432 4333
4464 3 2 1 3 4333 4432 4433 4334
4465 3 2 1 3 4334 4433 4434 4335
4466 3 2 1 3 4335 4434 4435 4336
4467 3 2 1 3 4336 4435 4436 4337
4468 3 2 1 3 4337 4436 4437 4338
4469 3 2 1 3 4338 4437 4438 4339
4470 3 2 1 3 4339 4438 4439 4340
4471 3 2 1 3 4340 4439 4440 4341
4472 3 2 1 3 4341 4440 4441 4342
4473 3 2 1 3 4342 4441 4442 4343
4474 3 2 1 3 4343 4442 4443 4344
4475 3 2 1 3 4344 4443 4444 4345
4476 3 2 1 3 4345 4444 4445 4346
4477 3 2 1 3 4346 4445 4446 4347
4478 3 2 1 3 4347 4446 4447 4348
4479 3 2 1 3 4348 4447 4448 4349
4480 3 2 1 3 4349 4448 295 296
4481 3 2 1 3 356 357 4449 4350
4482 3 2 1 3 4350 4449 4450 4351
4483 3 2 1 3 4351 4450 4451 4352
4484 3 2 1 3 4352 4451 4452 4353
4485 3 2 1 3 4353 4452 4453 4354
4486 3 2 1 3 4354 4453 4454 4355
4487 3 2 1 3 4355 4454 4455 4356
4488 3 2 1 3 4356 4455 4456 4357
4489 3 2 1 3 4357 4456 4457 4358
4490 3 2 1 3 4358 4457 4458 4359
4491 3 2 1 3 4359 4458 4459 4360
4492 3 2 1 3 4360 4459 4460 4361
4493 3 2 1 3 4361 4460 4461 4362
4494 3 2 1 3 4362 4461 4462 4363
4495 3 2 1 3 4363 4462 4463 4364
4496 3 2 1 3 4364 4463 4464 4365
4497 3 2 1 3 4365 4464 4465 4366
4498 3 2 1 3 4366 4465 4466 4367
4499 3 2 1 3 4367 4466 4467 4368
4500 3 2 1 3 4368 4467 4468 4369
4501 3 2 1 3 4369 4468 4469 4370
4502 3 2 1 3 4370 4469 4470 4371
4503 3 2 1 3 4371 4470 4471 4372
4504 3 2 1 3 4372 4471 4472 4373
4505 3 2 1 3 4373 4472 4473 4374
4506 3 2 1 3 4374 4473 4474 4375
4507 3 2 1 3 4375 4474 4475 4376
4508 3 2 1 3 4376 4475 4476 4377
4509 3 2 1 3 4377 4476 4477 4378
4510 3 2 1 3 4378 4477 4478 4379
4511 3 2 1 3 4379 4478 4479 4380
4512 3 2 1 3 4380 4479 4480 4381
4513 3 2 1 3 4381 4480 4481 4382
4514 3 2 1 3 4382 4481 4482 4383
4515 3 2 1 3 4383 4482 4483 4384
4516 3 2 1 3 4384 4483 4484 4385
4517 3 2 1 3 4385 4484 4485 4386
4518 3 2 1 3 4386 4485 4486 4387
4519 3 2 1 3 4387 4486 4487 4388
4520 3 2 1 3 4388 4487 4488 4389
4521 3 2 1 3 4389 4488 4489 4390
4522 3 2 1 3 4390 4489 4490 4391
4523 3 2 1 3 4391 4490 4491 4392
4524 3 2 1 3 4392 4491 4492 4393
4525 3 2 1 3 4393 4492 4493 4394
4526 3 2 1 3 4394 4493 4494 4395
4527 3 2 1 3 4395 4494 4495 4396
4528 3 2 1 3 4396 4495 4496 4397
4529 3 2 1 3 4397 4496 4497 4398
4530 3 2 1 3 4398 4497 4498 4399
4531 3 2 1 3 4399 4498 4499 4400
4532 3 2 1 3 4400 4499 4500 4401
4533 3 2 1 3 4401 4500 4501 4402
4534 3 2 1 3 4402 4501 4502 4403
4535 3 2 1 3 4403 4502 4503 4404
4536 3 2 1 3 4404 4503 4504 4405
4537 3 2 1 3 4405 4504 4505 4406
4538 3 2 1 3 4406 4505 4506 4407
4539 3 2 1 3 4407 4506 4507 4408
4540 3 2 1 3 4408 4507 4508 4409
4541 3 2 1 3 4409 4508 4509 4410
4542 3 2 1 3 4410 4509 4510 4411
4543 3 2 1 3 4411 4510 4511 4412
4544 3 2 1 3 4412 4511 4512 4413
4545 3 2 1 3 4413 4512 4513 4414
4546 3 2 1 3 4414 4513 4514 4415
4547 3 2 1 3 4415 4514 4515 4416
4548 3 2 1 3 4416 4515 4516 4417
4549 3 2 1 3 4417 4516 4517 4418
4550 3 2 1 3 4418 4517 4518 4419
4551 3 2 1 3 4419 4518 4519 4420
4552 3 2 1 3 4420 4519 4520 4421
4553 3 2 1 3 4421 4520 4521 4422
4554 3 2 1 3 4422 4521 4522 4423
4555 3 2 1 3 4423 4522 4523 4424
4556 3 2 1 3 4424 4523 4524 4425
4557 3 2 1 3 4425 4524 4525 4426
4558 3 2 1 3 4426 4525 4526 4427
4559 3 2 1 3 4427 4526 4527 4428
4560 3 2 1 3 4428 4527 4528 4429
4561 3 2 1 3 4429 4528 4529 4430
4562 3 2 1 3 4430 4529 4530 4431
4563 3 2 1 3 4431 4530 4531 4432
4564 3 2 1 3 4432 4531 4532 4433
4565 3 2 1 3 4433 4532 4533 4434
4566 3 2 1 3 4434 4533 4534 4435
4567 3 2 1 3 4435 4534 4535 4436
4568 3 2 1 3 4436 4535 4536 4437
4569 3 2 1 3 4437 4536 4537 4438
4570 3 2 1 3 4438 4537 4538 4439
4571 3 2 1 3 4439 4538 4539 4440
4572 3 2 1 3 4440 4539 4540 4441
4573 3 2 1 3 4441 4540 4541 4442
4574 3 2 1 3 4442 4541 4542 4443
4575 3 2 1 3 4443 4542 4543 4444
4576 3 2 1 3 4444 4543 4544 4445
4577 3 2 1 3 4445 4544 4545 4446
4578 3 2 1 3 4446 4545 4546 4447
4579 3 2 1 3 4447 4546 4547 4448
4580 3 2 1 3 4448 4547 294 295
4581 3 2 1 3 357 358 4548 4449
4582 3 2 1 3 4449 4548 4549 4450
4583 3 2 1 3 4450 4549 4550 4451
4584 3 2 1 3 4451 4550 4551 4452
4585 3 2 1 3 4452 4551 4552 4453
4586 3 2 1 3 4453 4552 4553 4454
4587 3 2 1 3 4454 4553 4554 4455
4588 3 2 1 3 4455 4554 4555 4456
4589 3 2 1 3 4456 4555 4556 4457
4590 3 2 1 3 4457 4556 4557 4458
4591 3 2 1 3 4458 4557 4558 4459
4592 3 2 1 3 4459 4558 4559 4460
4593 3 2 1 3 4460 4559 4560 4461
4594 3 2 1 3 4461 4560 4561 4462
4595 3 2 1 3 4462 4561 4562 4463
4596 3 2 1 3 4463 4562 4563 4464
4597 3 2 1 3 4464 4563 4564 4465
4598 3 2 1 3 4465 4564 4565 4466
4599 3 2 1 3 4466 4565 4566 4467
4600 3 2 1 3 4467 4566 4567 4468
4601 3 2 1 3 4468 4567 4568 4469
4602 3 2 1 3 4469 4568 4569 4470
4603 3 2 1 3 4470 4569 4570 4471
4604 3 2 1 3 4471 4570 4571 4472
4605 3 2 1 3 4472 4571 4572 4473
4606 3 2 1 3 4473 4572 4573 4474
4607 3 2 1 3 4474 4573 4574 4475
4608 3 2 1 3 4475 4574 4575 4476
4609 3 2 1 3 4476 4575 4576 4477
4610 3 2 1 3 4477 4576 4577 4478
4611 3 2 1 3 4478 4577 4578 4479
4612 3 2 1 3 4479 4578 4579 4480
4613 3 2 1 3 4480 4579 4580 4481
4614 3 2 1 3 4481 4580 4581 4482
4615 3 2 1 3 4482 4581 4582 4483
4616 3 2 1 3 4483 4582 4583 4484
4617 3 2 1 3 4484 4583 4584 4485
4618 3 2 1 3 4485 4584 4585 4486
4619 3 2 1 3 4486 4585 4586 4487
4620 3 2 1 3 4487 4586 4587 4488
4621 3 2 1 3 4488 4587 4588 4489
4622 3 2 1 3 4489 4588 4589 4490
4623 3 2 1 3 4490 4589 4590 4491
4624 3 2 1 3 4491 4590 4591 4492
4625 3 2 1 3 4492 4591 4592 4493
4626 3 2 1 3 4493 4592 4593 4494
4627 3 2 1 3 4494 4593 4594 4495
4628 3 2 1 3 4495 4594 4595 4496
4629 3 2 1 3 4496 4595 4596 4497
4630 3 2 1 3 4497 4596 4597 4498
4631 3 2 1 3 4498 4597 4598 4499
4632 3 2 1 3 4499 4598 4599 4500
4633 3 2 1 3 4500 4599 4600 4501
4634 3 2 1 3 4501 4600 4601 4502
4635 3 2 1 3 4502 4601 4602 4503
4636 3 2 1 3 4503 4602 4603 4504
4637 3 2 1 3 4504 4603 4604 4505
4638 3 2 1 3 4505 4604 4605 4506
4639 3 2 1 3 4506 4605 4606 4507
4640 3 2 1 3 4507 4606 4607 4508
4641 3 2 1 3 4508 4607 4608 4509
4642 3 2 1 3 4509 4608 4609 4510
4643 3 2 1 3 4510 4609 4610 4511
4644 3 2 1 3 4511 4610 4611 4512
4645 3 2 1 3 4512 4611 4612 4513
4646 3 2 1 3 4513 4612 4613 4514
4647 3 2 1 3 4514 4613 4614 4515
4648 3 2 1 3 4515 4614 4615 4516
4649 3 2 1 3 4516 4615 4616 4517
4650 3 2 1 3 4517 4616 4617 4518
4651 3 2 1 3 4518 4617 4618 4519
4652 3 2 1 3 4519 4618 4619 4520
4653 3 2 1 3 4520 4619 4620 4521
4654 3 2 1 3 4521 4620 4621 4522
4655 3 2 1 3 4522 4621 4622 4523
4656 3 2 1 3 4523 4622 4623 4524
4657 3 2 1 3 4524 4623 4624 4525
4658 3 2 1 3 4525 4624 4625 4526
4659 3 2 1 3 4526 4625 4626 4527
4660 3 2 1 3 4527 4626 4627 4528
4661 3 2 1 3 4528 4627 4628 4529
4662 3 2 1 3 4529 4628 4629 4530
4663 3 2 1 3 4530 4629 4630 4531
4664 3 2 1 3 4531 4630 4631 4532
4665 3 2 1 3 4532 4631 4632 4533
4666 3 2 1 3 4533 4632 4633 4534
4667 3 2 1 3 4534 4633 4634 4535
4668 3 2 1 3 4535 4634 4635 4536
4669 3 2 1 3 4536 4635 4636 4537
4670 3 2 1 3 4537 4636 4637 4538
4671 3 2 1 3 4538 4637 4638 4539
4672 3 2 1 3 4539 4638 4639 4540
4673 3 2 1 3 4540 4639 4640 4541
4674 3 2 1 3 4541 4640 4641 4542
4675 3 2 1 3 4542 4641 4642 4543
4676 3 2 1 3 4543 4642 4643 4544
4677 3 2 1 3 4544 4643 4644 4545
4678 3 2 1 3 4545 4644 4645 4546
4679 3 2 1 3 4546 4645 4646 4547
4680 3 2 1 3 4547 4646 293 294
4681 3 2 1 3 358 359 4647 4548
4682 3 2 1 3 4548 4647 4648 4549
4683 3 2 1 3 4549 4648 4649 4550
4684 3 2 1 3 4550 4649 4650 4551
4685 3 2 1 3 4551 4650 4651 4552
4686 3 2 1 3 4552 4651 4652 4553
4687 3 2 1 3 4553 4652 4653 4554
4688 3 2 1 3 4554 4653 4654 4555
4689 3 2 1 3 4555 4654 4655 4556
4690 3 2 1 3 4556 4655 4656 4557
4691 3 2 1 3 4557 4656 4657 4558
4692 3 2 1 3 4558 4657 4658 4559
4693 3 2 1 3 4559 4658 4659 4560
4694 3 2 1 3 4560 4659 4660 4561
4695 3 2 1 3 4561 4660 4661 4562
4696 3 2 1 3 4562 4661 4662 4563
4697 3 2 1 3 4563 4662 4663 4564
4698 3 2 1 3 4564 4663 4664 4565
4699 3 2 1 3 4565 4664 4665 4566
4700 3 2 1 3 4566 4665 4666 4567
4701 3 2 1 3 4567 4666 4667 4568
4702 3 2 1 3 4568 4667 4668 4569
4703 3 2 1 3 4569 4668 4669 4570
4704 3 2 1 3 4570 4669 4670 4571
4705 3 2 1 3 4571 4670 4671 4572
4706 3 2 1 3 4572 4671 4672 4573
4707 3 2 1 3 4573 4672 4673 4574
4708 3 2 1 3 4574 4673 4674 4575
4709 3 2 1 3 4575 4674 4675 4576
4710 3 2 1 3 4576 4675 4676 4577
4711 3 2 1 3 4577 4676 4677 4578
4712 3 2 1 3 4578 4677 4678 4579
4713 3 2 1 3 4579 4678 4679 4580
4714 3 2 1 3 4580 4679 4680 4581
4715 3 2 1 3 4581 4680 4681 4582
4716 3 2 1 3 4582 4681 4682 4583
4717 3 2 1 3 4583 4682 4683 4584
4718 3 2 1 3 4584 4683 4684 4585
4719 3 2 1 3 4585 4684 4685 4586
4720 3 2 1 3 4586 4685 4686 4587
4721 3 2 1 3 4587 4686 4687 4588
4722 3 2 1 3 4588 4687 4688 4589
4723 3 2 1 3 4589 4688 4689 4590
4724 3 2 1 3 4590 4689 4690 4591
4725 3 2 1 3 4591 4690 4691 4592
4726 3 2 1 3 4592 4691 4692 4593
4727 3 2 1 3 4593 4692 4693 4594
4728 3 2 1 3 4594 4693 4694 4595
4729 3 2 1 3 4595 4694 4695 4596
4730 3 2 1 3 4596 4695 4696 4597
4731 3 2 1 3 4597 4696 4697 4598
4732 3 2 1 3 4598 4697 4698 4599
4733 3 2 1 3 4599 4698 4699 4600
4734 3 2 1 3 4600 4699 4700 4601
4735 3 2 1 3 4601 4700 4701 4602
4736 3 2 1 3 4602 4701 4702 4603
4737 3 2 1 3 4603 4702 4703 4604
4738 3 2 1 3 4604 4703 4704 4605
4739 3 2 1 3 4605 4704 4705 4606
4740 3 2 1 3 4606 4705 4706 4607
4741 3 2 1 3 4607 4706 4707 4608
4742 3 2 1 3 4608 4707 4708 4609
4743 3 2 1 3 4609 4708 4709 4610
4744 3 2 1 3 4610 4709 4710 4611
4745 3 2 1 3 4611 4710 4711 4612
4746 3 2 1 3 4612 4711 4712 4613
4747 3 2 1 3 4613 4712 4713 4614
4748 3 2 1 3 4614 4713 4714 4615
4749 3 2 1 3 4615 4714 4715 4616
4750 3 2 1 3 4616 4715 4716 4617
4751 3 2 1 3 4617 4716 4717 4618
4752 3 2 1 3 4618 4717 4718 4619
4753 3 2 1 3 4619 4718 4719 4620
4754 3 2 1 3 4620 4719 4720 4621
4755 3 2 1 3 4621 4720 4721 4622
4756 3 2 1 3 4622 4721 4722 4623
4757 3 2 1 3 4623 4722 4723 4624
4758 3 2 1 3 4624 4723 4724 4625
4759 3 2 1 3 4625 4724 4725 4626
4760 3 2 1 3 4626 4725 4726 4627
4761 3 2 1 3 4627 4726 4727 4628
4762 3 2 1 3 4628 4727 4728 4629
4763 3 2 1 3 4629 4728 4729 4630
4764 3 2 1 3 4630 4729 4730 4631
4765 3 2 1 3 4631 4730 4731 4632
4766 3 2 1 3 4632 4731 4732 4633
4767 3 2 1 3 4633 4732 4733 4634
4768 3 2 1 3 4634 4733 4734 4635
4769 3 2 1 3 4635 4734 4735 4636
4770 3 2 1 3 4636 4735 4736 4637
4771 3 2 1 3 4637 4736 4737 4638
4772 3 2 1 3 4638 4737 4738 4639
4773 3 2 1 3 4639 4738 4739 4640
4774 3 2 1 3 4640 4739 4740 4641
4775 3 2 1 3 4641 4740 4741 4642
4776 3 2 1 3 4642 4741 4742 4643
4777 3 2 1 3 4643 4742 4743 4644
4778 3 2 1 3 4644 4743 4744 4645
4779 3 2 1 3 4645 4744 4745 4646
4780 3 2 1 3 4646 4745 292 293
4781 3 2 1 3 359 360 4746 4647
4782 3 2 1 3 4647 4746 4747 4648
4783 3 2 1 3 4648 4747 4748 4649
4784 3 2 1 3 4649 4748 4749 4650
4785 3 2 1 3 4650 4749 4750 4651
4786 3 2 1 3 4651 4750 4751 4652
4787 3 2 1 3 4652 4751 4752 4653
4788 3 2 1 3 4653 4752 4753 4654
4789 3 2 1 3 4654 4753 4754 4655
4790 3 2 1 3 4655 4754 4755 4656
4791 3 2 1 3 4656 4755 4756 4657
4792 3 2 1 3 4657 4756 4757 4658
4793 3 2 1 3 4658 4757 4758 4659
4794 3 2 1 3 4659 4758 4759 4660
4795 3 2 1 3 4660 4759 4760 4661
4796 3 2 1 3 4661 4760 4761 4662
4797 3 2 1 3 4662 4761 4762 4663
4798 3 2 1 3 4663 4762 4763 4664
4799 3 2 1 3 4664 4763 4764 4665
4800 3 2 1 3 4665 4764 4765 4666
4801 3 2 1 3 4666 4765 4766 4667
4802 3 2 1 3 4667 4766 4767 4668
4803 3 2 1 3 4668 4767 4768 4669
4804 3 2 1 3 4669 4768 4769 4670
4805 3 2 1 3 4670 4769 4770 4671
4806 3 2 1 3 4671 4770 4771 4672
4807 3 2 1 3 4672 4771 4772 4673
4808 3 2 1 3 4673 4772 4773 4674
4809 3 2 1 3 4674 4773 4774 4675
4810 3 2 1 3 4675 4774 4775 4676
4811 3 2 1 3 4676 4775 4776 4677
4812 3 2 1 3 4677 4776 4777 4678
4813 3 2 1 3 4678 4777 4778 4679
4814 3 2 1 3 4679 4778 4779 4680
4815 3 2 1 3 4680 4779 4780 4681
4816 3 2 1 3 4681 4780 4781 4682
4817 3 2 1 3 4682 4781 4782 4683
4818 3 2 1 3 4683 4782 4783 4684
4819 3 2 1 3 4684 4783 4784 4685
4820 3 2 1 3 4685 4784 4785 4686
4821 3 2 1 3 4686 4785 4786 4687
4822 3 2 1 3 4687 4786 4787 4688
4823 3 2 1 3 4688 4787 4788 4689
4824 3 2 1 3 4689 4788 4789 4690
4825 3 2 1 3 4690 4789 4790 4691
4826 3 2 1 3 4691 4790 4791 4692
4827 3 2 1 3 4692 4791 4792 4693
4828 3 2 1 3 4693 4792 4793 4694
4829 3 2 1 3 4694 4793 4794 4695
4830 3 2 1 3 4695 4794 4795 4696
4831 3 2 1 3 4696 4795 4796 4697
4832 3 2 1 3 4697 4796 4797 4698
4833 3 2 1 3 4698 4797 4798 4699
4834 3 2 1 3 4699 4798 4799 4700
4835 3 2 1 3 4700 4799 4800 4701
4836 3 2 1 3 4701 4800 4801 4702
4837 3 2 1 3 4702 4801 4802 4703
4838 3 2 1 3 4703 4802 4803 4704
4839 3 2 1 3 4704 4803 4804 4705
4840 3 2 1 3 4705 4804 4805 4706
4841 3 2 1 3 4706 4805 4806 4707
4842 3 2 1 3 4707 4806 4807 4708
4843 3 2 1 3 4708 4807 4808 4709
4844 3 2 1 3 4709 4808 4809 4710
4845 3 2 1 3 4710 4809 4810 4711
4846 3 2 1 3 4711 4810 4811 4712
4847 3 2 1 3 4712 4811 4812 4713
4848 3 2 1 3 4713 4812 4813 4714
4849 3 2 1 3 4714 4813 4814 4715
4850 3 2 1 3 4715 4814 4815 4716
4851 3 2 1 3 4716 4815 4816 4717
4852 3 2 1 3 4717 4816 4817 4718
4853 3 2 1 3 4718 4817 4818 4719
4854 3 2 1 3 4719 4818 4819 4720
4855 3 2 1 3 4720 4819 4820 4721
4856 3 2 1 3 4721 4820 4821 4722
4857 3 2 1 3 4722 4821 4822 4723
4858 3 2 1 3 4723 4822 4823 4724
4859 3 2 1 3 4724 4823 4824 4725
4860 3 2 1 3 4725 4824 4825 4726
4861 3 2 1 3 4726 4825 4826 4727
4862 3 2 1 3 4727 4826 4827 4728
4863 3 2 1 3 4728 4827 4828 4729
4864 3 2 1 3 4729 4828 4829 4730
4865 3 2 1 3 4730 4829 4830 4731
4866 3 2 1 3 4731 4830 4831 4732
4867 3 2 1 3 4732 4831 4832 4733
4868 3 2 1 3 4733 4832 4833 4734
4869 3 2 1 3 4734 4833 4834 4735
4870 3 2 1 3 4735 4834 4835 4736
4871 3 2 1 3 4736 4835 4836 4737
4872 3 2 1 3 4737 4836 4837 4738
4873 3 2 1 3 4738 4837 4838 4739
4874 3 2 1 3 4739 4838 4839 4740
4875 3 2 1 3 4740 4839 4840 4741
4876 3 2 1 3 4741 4840 4841 4742
4877 3 2 1 3 4742 4841 4842 4743
4878 3 2 1 3 4743 4842 4843 4744
4879 3 2 1 3 4744 4843 4844 4745
4880 3 2 1 3 4745 4844 291 292
4881 3 2 1 3 360 361 4845 4746
4882 3 2 1 3 4746 4845 4846 4747
4883 3 2 1 3 4747 4846 4847 4748
4884 3 2 1 3 4748 4847 4848 4749
4885 3 2 1 3 4749 4848 4849 4750
4886 3 2 1 3 4750 4849 4850 4751
4887 3 2 1 3 4751 4850 4851 4752
4888 3 2 1 3 4752 4851 4852 4753
4889 3 2 1 3 4753 4852 4853 4754
4890 3 2 1 3 4754 4853 4854 4755
4891 3 2 1 3 4755 4854 4855 4756
4892 3 2 1 3 4756 4855 4856 4757
4893 3 2 1 3 4757 4856 4857 4758
4894 3 2 1 3 4758 4857 4858 4759
4895 3 2 1 3 4759 4858 4859 4760
4896 3 2 1 3 4760 4859 4860 4761
4897 3 2 1 3 4761 4860 4861 4762
4898 3 2 1 3 4762 4861 4862 4763
4899 3 2 1 3 4763 4862 4863 4764
4900 3 2 1 3 4764 4863 4864 4765
4901 3 2 1 3 4765 4864 4865 4766
4902 3 2 1 3 4766 4865 4866 4767
4903 3 2 1 3 4767 4866 4867 4768
4904 3 2 1 3 4768 4867 4868 4769
4905 3 2 1 3 4769 4868 4869 4770
4906 3 2 1 3 4770 4869 4870 4771
4907 3 2 1 3 4771 4870 4871 4772
4908 3 2 1 3 4772 4871 4872 4773
4909 3 2 1 3 4773 4872 4873 4774
4910 3 2 1 3 4774 4873 4874 4775
4911 3 2 1 3 4775 4874 4875 4776
4912 3 2 1 3 4776 4875 4876 4777
4913 3 2 1 3 4777 4876 4877 4778
4914 3 2 1 3 4778 4877 4878 4779
4915 3 2 1 3 4779 4878 4879 4780
4916 3 2 1 3 4780 4879 4880 4781
4917 3 2 1 3 4781 4880 4881 4782
4918 3 2 1 3 4782 4881 4882 4783
4919 3 2 1 3 4783 4882 4883 4784
4920 3 2 1 3 4784 4883 4884 4785
4921 3 2 1 3 4785 4884 4885 4786
4922 3 2 1 3 4786 4885 4886 4787
4923 3 2 1 3 4787 4886 4887 4788
4924 3 2 1 3 4788 4887 4888 4789
4925 3 2 1 3 4789 4888 4889 4790
4926 3 2 1 3 4790 4889 4890 4791
4927 3 2 1 3 4791 4890 4891 4792
4928 3 2 1 3 4792 4891 4892 4793
4929 3 2 1 3 4793 4892 4893 4794
4930 3 2 1 3 4794 4893 4894 4795
4931 3 2 1 3 4795 4894 4895 4796
4932 3 2 1 3 4796 4895 4896 4797
4933 3 2 1 3 4797 4896 4897 4798
4934 3 2 1 3 4798 4897 4898 4799
4935 3 2 1 3 4799 4898 4899 4800
4936 3 2 1 3 4800 4899 4900 4801
4937 3 2 1 3 4801 4900 4901 4802
4938 3 2 1 3 4802 4901 4902 4803
4939 3 2 1 3 4803 4902 4903 4804
4940 3 2 1 3 4804 4903 4904 4805
4941 3 2 1 3 4805 4904 4905 4806
4942 3 2 1 3 4806 4905 4906 4807
4943 3 2 1 3 4807 4906 4907 4808
4944 3 2 1 3 4808 4907 4908 4809
4945 3 2 1 3 4809 4908 4909 4810
4946 3 2 1 3 4810 4909 4910 4811
4947 3 2 1 3 4811 4910 4911 4812
4948 3 2 1 3 4812 4911 4912 4813
4949 3 2 1 3 4813 4912 4913 4814
4950 3 2 1 3 4814 4913 4914 4815
4951 3 2 1 3 4815 4914 4915 4816
4952 3 2 1 3 4816 4915 4916 4817
4953 3 2 1 3 4817 4916 4917 4818
4954 3 2 1 3 4818 4917 4918 4819
4955 3 2 1 3 4819 4918 4919 4820
4956 3 2 1 3 4820 4919 4920 4821
4957 3 2 1 3 4821 4920 4921 4822
4958 3 2 1 3 4822 4921 4922 4823
4959 3 2 1 3 4823 4922 4923 4824
4960 3 2 1 3 4824 4923 4924 4825
4961 3 2 1 3 4825 4924 4925 4826
4962 3 2 1 3 4826 4925 4926 4827
4963 3 2 1 3 4827 4926 4927 4828
4964 3 2 1 3 4828 4927 4928 4829
4965 3 2 1 3 4829 4928 4929 4830
4966 3 2 1 3 4830 4929 4930 4831
4967 3 2 1 3 4831 4930 4931 4832
4968 3 2 1 3 4832 4931 4932 4833
4969 3 2 1 3 4833 4932 4933 4834
4970 3 2 1 3 4834 4933 4934 4835
4971 3 2 1 3 4835 4934 4935 4836
4972 3 2 1 3 4836 4935 4936 4837
4973 3 2 1 3 4837 4936 4937 4838
4974 3 2 1 3 4838 4937 4938 4839
4975 3 2 1 3 4839 4938 4939 4840
4976 3 2 1 3 4840 4939 4940 4841
4977 3 2 1 3 4841 4940 4941 4842
4978 3 2 1 3 4842 4941 4942 4843
4979 3 2 1 3 4843 4942 4943 4844
4980 3 2 1 3 4844 4943 290 291
4981 3 2 1 3 361 362 4944 4845
4982 3 2 1 3 4845 4944 4945 4846
4983 3 2 1 3 4846 4945 4946 4847
4984 3 2 1 3 4847 4946 4947 4848
4985 3 2 1 3 4848 4947 4948 4849
4986 3 2 1 3 4849 4948 4949 4850
4987 3 2 1 3 4850 4949 4950 4851
4988 3 2 1 3 4851 4950 4951 4852
4989 3 2 1 3 4852 4951 4952 4853
4990 3 2 1 3 4853 4952 4953 4854
4991 3 2 1 3 4854 4953 4954 4855
4992 3 2 1 3 4855 4954 4955 4856
4993 3 2 1 3 4856 4955 4956 4857
4994 3 2 1 3 4857 4956 4957 4858
4995 3 2 1 3 4858 4957 4958 4859
4996 3 2 1 3 4859 4958 4959 4860
4997 3 2 1 3 4860 4959 4960 4861
4998 3 2 1 3 4861 4960 4961 4862
4999 3 2 1 3 4862 4961 4962 4863
5000 3 2 1 3 4863 4962 4963 4864
5001 3 2 1 3 4864 4963 4964 4865
5002 3 2 1 3 4865 4964 4965 4866
5003 3 2 1 3 4866 4965 4966 4867
5004 3 2 1 3 4867 4966 4967 4868
5005 3 2 1 3 4868 4967 4968 4869
5006 3 2 1 3 4869 4968 4969 4870
5007 3 2 1 3 4870 4969 4970 4871
5008 3 2 1 3 4871 4970 4971 4872
5009 3 2 1 3 4872 4971 4972 4873
5010 3 2 1 3 4873 4972 4973 4874
5011 3 2 1 3 4874 4973 4974 4875
5012 3 2 1 3 4875 4974 4975 4876
5013 3 2 1 3 4876 4975 4976 4877
5014 3 2 1 3 4877 4976 4977 4878
5015 3 2 1 3 4878 4977 4978 4879
5016 3 2 1 3 4879 4978 4979 4880
5017 3 2 1 3 4880 4979 4980 4881
5018 3 2 1 3 4881 4980 4981 4882
5019 3 2 1 3 4882 4981 4982 4883
5020 3 2 1 3 4883 4982 4983 4884
5021 3 2 1 3 4884 4983 4984 4885
5022 3 2 1 3 4885 4984 4985 4886
5023 3 2 1 3 4886 4985 4986 4887
5024 3 2 1 3 4887 4986 4987 4888
5025 3 2 1 3 4888 4987 4988 4889
5026 3 2 1 3 4889 4988 4989 4890
5027 3 2 1 3 4890 4989 4990 4891
5028 3 2 1 3 4891 4990 4991 4892
5029 3 2 1 3 4892 4991 4992 4893
5030 3 2 1 3 4893 4992 4993 4894
5031 3 2 1 3 4894 4993 4994 4895
5032 3 2 1 3 4895 4994 4995 4896
5033 3 2 1 3 4896 4995 4996 4897
5034 3 2 1 3 4897 4996 4997 4898
5035 3 2 1 3 4898 4997 4998 4899
5036 3 2 1 3 4899 4998 4999 4900
5037 3 2 1 3 4900 4999 5000 4901
5038 3 2 1 3 4901 5000 5001 4902
5039 3 2 1 3 4902 5001 5002 4903
5040 3 2 1 3 4903 5002 5003 4904
5041 3 2 1 3 4904 5003 5004 4905
5042 3 2 1 3 4905 5004 5005 4906
5043 3 2 1 3 4906 5005 5006 4907
5044 3 2 1 3 4907 5006 5007 4908
5045 3 2 1 3 4908 5007 5008 4909
5046 3 2 1 3 4909 5008 5009 4910
5047 3 2 1 3 4910 5009 5010 4911
5048 3 2 1 3 4911 5010 5011 4912
5049 3 2 1 3 4912 5011 5012 4913
5050 3 2 1 3 4913 5012 5013 4914
5051 3 2 1 3 4914 5013 5014 4915
5052 3 2 1 3 4915 5014 5015 4916
5053 3 2 1 3 4916 5015 5016 4917
5054 3 2 1 3 4917 5016 5017 4918
5055 3 2 1 3 4918 5017 5018 4919
5056 3 2 1 3 4919 5018 5019 4920
5057 3 2 1 3 4920 5019 5020 4921
5058 3 2 1 3 4921 5020 5021 4922
5059 3 2 1 3 4922 5021 5022 4923
5060 3 2 1 3 4923 5022 5023 4924
5061 3 2 1 3 4924 5023 5024 4925
5062 3 2 1 3 4925 5024 5025 4926
5063 3 2 1 3 4926 5025 5026 4927
5064 3 2 1 3 4927 5026 5027 4928
5065 3 2 1 3 4928 5027 5028 4929
5066 3 2 1 3 4929 5028 5029 4930
5067 3 2 1 3 4930 5029 5030 4931
5068 3 2 1 3 4931 5030 5031 4932
5069 3 2 1 3 4932 5031 5032 4933
5070 3 2 1 3 4933 5032 5033 4934
5071 3 2 1 3 4934 5033 5034 4935
5072 3 2 1 3 4935 5034 5035 4936
5073 3 2 1 3 4936 5035 5036 4937
5074 3 2 1 3 4937 5036 5037 4938
5075 3 2 1 3 4938 5037 5038 4939
5076 3 2 1 3 4939 5038 5039 4940
5077 3 2 1 3 4940 5039 5040 4941
5078 3 2 1 3 4941 5040 5041 4942
5079 3 2 1 3 4942 5041 5042 4943
5080 3 2 1 3 4943 5042 289 290
5081 3 2 1 3 362 363 5043 4944
5082 3 2 1 3 4944 5043 5044 4945
5083 3 2 1 3 4945 5044 5045 4946
5084 3 2 1 3 4946 5045 5046 4947
5085 3 2 1 3 4947 5046 5047 4948
5086 3 2 1 3 4948 5047 5048 4949
5087 3 2 1 3 4949 5048 5049 4950
5088 3 2 1 3 4950 5049 5050 4951
5089 3 2 1 3 4951 5050 5051 4952
5090 3 2 1 3 4952 5051 5052 4953
5091 3 2 1 3 4953 5052 5053 4954
5092 3 2 1 3 4954 5053 5054 4955
5093 3 2 1 3 4955 5054 5055 4956
5094 3 2 1 3 4956 5055 5056 4957
5095 3 2 1 3 4957 5056 5057 4958
5096 3 2 1 3 4958 5057 5058 4959
5097 3 2 1 3 4959 5058 5059 4960
5098 3 2 1 3 4960 5059 5060 4961
5099 3 2 1 3 4961 5060 5061 4962
5100 3 2 1 3 4962 5061 5062 4963
5101 3 2 1 3 4963 5062 5063 4964
5102 3 2 1 3 4964 5063 5064 4965
5103 3 2 1 3 4965 5064 5065 4966
5104 3 2 1 3 4966 5065 5066 4967
5105 3 2 1 3 4967 5066 5067 4968
5106 3 2 1 3 4968 5067 5068 4969
5107 3 2 1 3 4969 5068 5069 4970
5108 3 2 1 3 4970 5069 5070 4971
5109 3 2 1 3 4971 5070 5071 4972
5110 3 2 1 3 4972 5071 5072 4973
5111 3 2 1 3 4973 5072 5073 4974
5112 3 2 1 3 4974 5073 5074 4975
5113 3 2 1 3 4975 5074 5075 4976
5114 3 2 1 3 4976 5075 5076 4977
5115 3 2 1 3 4977 5076 5077 4978
5116 3 2 1 3 4978 5077 5078 4979
5117 3 2 1 3 4979 5078 5079 4980
5118 3 2 1 3 4980 5079 5080 4981
5119 3 2 1 3 4981 5080 5081 4982
5120 3 2 1 3 4982 5081 5082 4983
5121 3 2 1 3 4983 5082 5083 4984
5122 3 2 1 3 4984 5083 5084 4985
5123 3 2 1 3 4985 5084 5085 4986
5124 3 2 1 3 4986 5085 5086 4987
5125 3 2 1 3 4987 5086 5087 4988
5126 3 2 1 3 4988 5087 5088 4989
5127 3 2 1 3 4989 5088 5089 4990
5128 3 2 1 3 4990 5089 5090 4991
5129 3 2 1 3 4991 5090 5091 4992
5130 3 2 1 3 4992 5091 5092 4993
5131 3 2 1 3 4993 5092 5093 4994
5132 3 2 1 3 4994 5093 5094 4995
5133 3 2 1 3 4995 5094 5095 4996
5134 3 2 1 3 4996 5095 5096 4997
5135 3 2 1 3 4997 5096 5097 4998
5136 3 2 1 3 4998 5097 5098 4999
5137 3 2 1 3 4999 5098 5099 5000
5138 3 2 1 3 5000 5099 5100 5001
5139 3 2 1 3 5001 5100 5101 5002
5140 3 2 1 3 5002 5101 5102 5003
5141 3 2 1 3 5003 5102 5103 5004
5142 3 2 1 3 5004 5103 5104 5005
5143 3 2 1 3 5005 5104 5105 5006
5144 3 2 1 3 5006 5105 5106 5007
5145 3 2 1 3 5007 5106 5107 5008
5146 3 2 1 3 5008 5107 5108 5009
5147 3 2 1 3 5009 5108 5109 5010
5148 3 2 1 3 5010 5109 5110 5011
5149 3 2 1 3 5011 5110 5111 5012
5150 3 2 1 3 5012 5111 5112 5013
5151 3 2 1 3 5013 5112 5113 5014
5152 3 2 1 3 5014 5113 5114 5015
5153 3 2 1 3 5015 5114 5115 5016
5154 3 2 1 3 5016 5115 5116 5017
5155 3 2 1 3 5017 5116 5117 5018
5156 3 2 1 3 5018 5117 5118 5019
5157 3 2 1 3 5019 5118 5119 5020
5158 3 2 1 3 5020 5119 5120 5021
5159 3 2 1 3 5021 5120 5121 5022
5160 3 2 1 3 5022 5121 5122 5023
5161 3 2 1 3 5023 5122 5123 5024
5162 3 2 1 3 5024 5123 5124 5025
5163 3 2 1 3 5025 5124 5125 5026
5164 3 2 1 3 5026 5125 5126 5027
5165 3 2 1 3 5027 5126 5127 5028
5166 3 2 1 3 5028 5127 5128 5029
5167 3 2 1 3 5029 5128 5129 5030
5168 3 2 1 3 5030 5129 5130 5031
5169 3 2 1 3 5031 5130 5131 5032
5170 3 2 1 3 5032 5131 5132 5033
5171 3 2 1 3 5033 5132 5133 5034
5172 3 2 1 3 5034 5133 5134 5035
5173 3 2 1 3 5035 5134 5135 5036
5174 3 2 1 3 5036 5135 5136 5037
5175 3 2 1 3 5037 5136 5137 5038
5176 3 2 1 3 5038 5137 5138 5039
5177 3 2 1 3 5039 5138 5139 5040
5178 3 2 1 3 5040 5139 5140 5041
5179 3 2 1 3 5041 5140 5141 5042
5180 3 2 1 3 5042 5141 288 289
5181 3 2 1 3 363 364 5142 5043
5182 3 2 1 3 5043 5142 5143 5044
5183 3 2 1 3 5044 5143 5144 5045
5184 3 2 1 3 5045 5144 5145 5046
5185 3 2 1 3 5046 5145 5146 5047
5186 3 2 1 3 5047 5146 5147 5048
5187 3 2 1 3 5048 5147 5148 5049
5188 3 2 1 3 5049 5148 5149 5050
5189 3 2 1 3 5050 5149 5150 5051
5190 3 2 1 3 5051 5150 5151 5052
5191 3 2 1 3 5052 5151 5152 5053
5192 3 2 1 3 5053 5152 5153 5054
5193 3 2 1 3 5054 5153 5154 5055
5194 3 2 1 3 5055 5154 5155 5056
5195 3 2 1 3 5056 5155 5156 5057
5196 3 2 1 3 5057 5156 5157 5058
5197 3 2 1 3 5058 5157 5158 5059
5198 3 2 1 3 5059 5158 5159 5060
5199 3 2 1 3 5060 5159 5160 5061
5200 3 2 1 3 5061 5160 5161 5062
5201 3 2 1 3 5062 5161 5162 5063
5202 3 2 1 3 5063 5162 5163 5064
5203 3 2 1 3 5064 5163 5164 5065
5204 3 2 1 3 5065 5164 5165 5066
5205 3 2 1 3 5066 5165 5166 5067
5206 3 2 1 3 5067 5166 5167 5068
5207 3 2 1 3 5068 5167 5168 5069
5208 3 2 1 3 5069 5168 5169 5070
5209 3 2 1 3 5070 5169 5170 5071
5210 3 2 1 3 5071 5170 5171 5072
5211 3 2 1 3 5072 5171 5172 5073
5212 3 2 1 3 5073 5172 5173 5074
5213 3 2 1 3 5074 5173 5174 5075
5214 3 2 1 3 5075 5174 5175 5076
5215 3 2 1 3 5076 5175 5176 5077
5216 3 2 1 3 5077 5176 5177 5078
5217 3 2 1 3 5078 5177 5178 5079
5218 3 2 1 3 5079 5178 5179 5080
5219 3 2 1 3 5080 5179 5180 5081
5220 3 2 1 3 5081 5180 5181 5082
5221 3 2 1 3 5082 5181 5182 5083
5222 3 2 1 3 5083 5182 5183 5084
5223 3 2 1 3 5084 5183 5184 5085
5224 3 2 1 3 5085 5184 5185 5086
5225 3 2 1 3 5086 5185 5186 5087
5226 3 2 1 3 5087 5186 5187 5088
5227 3 2 1 3 5088 5187 5188 5089
5228 3 2 1 3 5089 5188 5189 5090
5229 3 2 1 3 5090 5189 5190 5091
5230 3 2 1 3 5091 5190 5191 5092
5231 3 2 1 3 5092 5191 5192 5093
5232 3 2 1 3 5093 5192 5193 5094
5233 3 2 1 3 5094 5193 5194 5095
5234 3 2 1 3 5095 5194 5195 5096
5235 3 2 1 3 5096 5195 5196 5097
5236 3 2 1 3 5097 5196 5197 5098
5237 3 2 1 3 5098 5197 5198 5099
5238 3 2 1 3 5099 5198 5199 5100
5239 3 2 1 3 5100 5199 5200 5101
5240 3 2 1 3 5101 5200 5201 5102
5241 3 2 1 3 5102 5201 5202 5103
5242 3 2 1 3 5103 5202 5203 5104
5243 3 2 1 3 5104 5203 5204 5105
5244 3 2 1 3 5105 5204 5205 5106
5245 3 2 1 3 5106 5205 5206 5107
5246 3 2 1 3 5107 5206 5207 5108
5247 3 2 1 3 5108 5207 5208 5109
5248 3 2 1 3 5109 5208 5209 5110
5249 3 2 1 3 5110 5209 5210 5111
5250 3 2 1 3 5111 5210 5211 5112
5251 3 2 1 3 5112 5211 5212 5113
5252 3 2 1 3 5113 5212 5213 5114
5253 3 2 1 3 5114 5213 5214 5115
5254 3 2 1 3 5115 5214 5215 5116
5255 3 2 1 3 5116 5215 5216 5117
5256 3 2 1 3 5117 5216 5217 5118
5257 3 2 1 3 5118 5217 5218 5119
5258 3 2 1 3 5119 5218 5219 5120
5259 3 2 1 3 5120 5219 5220 5121
5260 3 2 1 3 5121 5220 5221 5122
5261 3 2 1 3 5122 5221 5222 5123
5262 3 2 1 3 5123 5222 5223 5124
5263 3 2 1 3 5124 5223 5224 5125
5264 3 2 1 3 5125 5224 5225 5126
5265 3 2 1 3 5126 5225 5226 5127
5266 3 2 1 3 5127 5226 5227 5128
5267 3 2 1 3 5128 5227 5228 5129
5268 3 2 1 3 5129 5228 5229 5130
5269 3 2 1 3 5130 5229 5230 5131
5270 3 2 1 3 5131 5230 5231 5132
5271 3 2 1 3 5132 5231 5232 5133
5272 3 2 1 3 5133 5232 5233 5134
5273 3 2 1 3 5134 5233 5234 5135
5274 3 2 1 3 5135 5234 5235 5136
5275 3 2 1 3 5136 5235 5236 5137
5276 3 2 1 3 5137 5236 5237 5138
5277 3 2 1 3 5138 5237 5238 5139
5278 3 2 1 3 5139 5238 5239 5140
5279 3 2 1 3 5140 5239 5240 5141
5280 3 2 1 3 5141 5240 287 288
5281 3 2 1 3 364 365 5241 5142
5282 3 2 1 3 5142 5241 5242 5143
5283 3 2 1 3 5143 5242 5243 5144
5284 3 2 1 3 5144 5243 5244 5145
5285 3 2 1 3 5145 5244 5245 5146
5286 3 2 1 3 5146 5245 5246 5147
5287 3 2 1 3 5147 5246 5247 5148
5288 3 2 1 3 5148 5247 5248 5149
5289 3 2 1 3 5149 5248 5249 5150
5290 3 2 1 3 5150 5249 5250 5151
5291 3 2 1 3 5151 5250 5251 5152
5292 3 2 1 3 5152 5251 5252 5153
5293 3 2 1 3 5153 5252 5253 5154
5294 3 2 1 3 5154 5253 5254 5155
5295 3 2 1 3 5155 5254 5255 5156
5296 3 2 1 3 5156 5255 5256 5157
5297 3 2 1 3 5157 5256 5257 5158
5298 3 2 1 3 5158 5257 5258 5159
5299 3 2 1 3 5159 5258 5259 5160
5300 3 2 1 3 5160 5259 5260 5161
5301 3 2 1 3 5161 5260 5261 5162
5302 3 2 1 3 5162 5261 5262 5163
5303 3 2 1 3 5163 5262 5263 5164
5304 3 2 1 3 5164 5263 5264 5165
5305 3 2 1 3 5165 5264 5265 5166
5306 3 2 1 3 5166 5265 5266 5167
5307 3 2 1 3 5167 5266 5267 5168
5308 3 2 1 3 5168 5267 5268 5169
5309 3 2 1 3 5169 5268 5269 5170
5310 3 2 1 3 5170 5269 5270 5171
5311 3 2 1 3 5171 5270 5271 5172
5312 3 2 1 3 5172 5271 5272 5173
5313 3 2 1 3 5173 5272 5273 5174
5314 3 2 1 3 5174 5273 5274 5175
5315 3 2 1 3 5175 5274 5275 5176
5316 3 2 1 3 5176 5275 5276 5177
5317 3 2 1 3 5177 5276 5277 5178
5318 3 2 1 3 5178 5277 5278 5179
5319 3 2 1 3 5179 5278 5279 5180
5320 3 2 1 3 5180 5279 5280 5181
5321 3 2 1 3 5181 5280 5281 5182
5322 3 2 1 3 5182 5281 5282 5183
5323 3 2 1 3 5183 5282 5283 5184
5324 3 2 1 3 5184 5283 5284 5185
5325 3 2 1 3 5185 5284 5285 5186
5326 3 2 1 3 5186 5285 5286 5187
5327 3 2 1 3 5187 5286 5287 5188
5328 3 2 1 3 5188 5287 5288 5189
5329 3 2 1 3 5189 5288 5289 5190
5330 3 2 1 3 5190 5289 5290 5191
5331 3 2 1 3 5191 5290 5291 5192
5332 3 2 1 3 5192 5291 5292 5193
5333 3 2 1 3 5193 5292 5293 5194
5334 3 2 1 3 5194 5293 5294 5195
5335 3 2 1 3 5195 5294 5295 5196
5336 3 2 1 3 5196 5295 5296 5197
5337 3 2 1 3 5197 5296 5297 5198
5338 3 2 1 3 5198 5297 5298 5199
5339 3 2 1 3 5199 5298 5299 5200
5340 3 2 1 3 5200 5299 5300 5201
5341 3 2 1 3 5201 5300 5301 5202
5342 3 2 1 3 5202 5301 5302 5203
5343 3 2 1 3 5203 5302 5303 5204
5344 3 2 1 3 5204 5303 5304 5205
5345 3 2 1 3 5205 5304 5305 5206
5346 3 2 1 3 5206 5305 5306 5207
5347 3 2 1 3 5207 5306 5307 5208
5348 3 2 1 3 5208 5307 5308 5209
5349 3 2 1 3 5209 5308 5309 5210
5350 3 2 1 3 5210 5309 5310 5211
5351 3 2 1 3 5211 5310 5311 5212
5352 3 2 1 3 5212 5311 5312 5213
5353 3 2 1 3 5213 5312 5313 5214
5354 3 2 1 3 5214 5313 5314 5215
5355 3 2 1 3 5215 5314 5315 5216
5356 3 2 1 3 5216 5315 5316 5217
5357 3 2 1 3 5217 5316 5317 5218
5358 3 2 1 3 5218 5317 5318 5219
5359 3 2 1 3 5219 5318 5319 5220
5360 3 2 1 3 5220 5319 5320 5221
5361 3 2 1 3 5221 5320 5321 5222
5362 3 2 1 3 5222 5321 5322 5223
5363 3 2 1 3 5223 5322 5323 5224
5364 3 2 1 3 5224 5323 5324 5225
5365 3 2 1 3 5225 5324 5325 5226
5366 3 2 1 3 5226 5325 5326 5227
5367 3 2 1 3 5227 5326 5327 5228
5368 3 2 1 3 5228 5327 5328 5229
5369 3 2 1 3 5229 5328 5329 5230
5370 3 2 1 3 5230 5329 5330 5231
5371 3 2 1 3 5231 5330 5331 5232
5372 3 2 1 3 5232 5331 5332 5233
5373 3 2 1 3 5233 5332 5333 5234
5374 3 2 1 3 5234 5333 5334 5235
5375 3 2 1 3 5235 5334 5335 5236
5376 3 2 1 3 5236 5335 5336 5237
5377 3 2 1 3 5237 5336 5337 5238
5378 3 2 1 3 5238 5337 5338 5239
5379 3 2 1 3 5239 5338 5339 5240
5380 3 2 1 3 5240 5339 286 287
5381 3 2 1 3 365 366 5340 5241
5382 3 2 1 3 5241 5340 5341 5242
5383 3 2 1 3 5242 5341 5342 5243
5384 3 2 1 3 5243 5342 5343 5244
5385 3 2 1 3 5244 5343 5344 5245
5386 3 2 1 3 5245 5344 5345 5246
5387 3 2 1 3 5246 5345 5346 5247
5388 3 2 1 3 5247 5346 5347 5248
5389 3 2 1 3 5248 5347 5348 5249
5390 3 2 1 3 5249 5348 5349 5250
5391 3 2 1 3 5250 5349 5350 5251
5392 3 2 1 3 5251 5350 5351 5252
5393 3 2 1 3 5252 5351 5352 5253
5394 3 2 1 3 5253 5352 5353 5254
5395 3 2 1 3 5254 5353 5354 5255
5396 3 2 1 3 5255 5354 5355 5256
5397 3 2 1 3 5256 5355 5356 5257
5398 3 2 1 3 5257 5356 5357 5258
5399 3 2 1 3 5258 5357 5358 5259
5400 3 2 1 3 5259 5358 5359 5260
5401 3 2 1 3 5260 5359 5360 5261
5402 3 2 1 3 5261 5360 5361 5262
5403 3 2 1 3 5262 5361 5362 5263
5404 3 2 1 3 5263 5362 5363 5264
5405 3 2 1 3 5264 5363 5364 5265
5406 3 2 1 3 5265 5364 5365 5266
5407 3 2 1 3 5266 5365 5366 5267
5408 3 2 1 3 5267 5366 5367 5268
5409 3 2 1 3 5268 5367 5368 5269
5410 3 2 1 3 5269 5368 5369 5270
5411 3 2 1 3 5270 5369 5370 5271
5412 3 2 1 3 5271 5370 5371 5272
5413 3 2 1 3 5272 5371 5372 5273
5414 3 2 1 3 5273 5372 5373 5274
5415 3 2 1 3 5274 5373 5374 5275
5416 3 2 1 3 5275 5374 5375 5276
5417 3 2 1 3 5276 5375 5376 5277
5418 3 2 1 3 5277 5376 5377 5278
5419 3 2 1 3 5278 5377 5378 5279
5420 3 2 1 3 5279 5378 5379 5280
5421 3 2 1 3 5280 5379 5380 5281
5422 3 2 1 3 5281 5380 5381 5282
5423 3 2 1 3 5282 5381 5382 5283
5424 3 2 1 3 5283 5382 5383 5284
5425 3 2 1 3 5284 5383 5384 5285
5426 3 2 1 3 5285 5384 5385 5286
5427 3 2 1 3 5286 5385 5386 5287
5428 3 2 1 3 5287 5386 5387 5288
5429 3 2 1 3 5288 5387 5388 5289
5430 3 2 1 3 5289 5388 5389 5290
5431 3 2 1 3 5290 5389 5390 5291
5432 3 2 1 3 5291 5390 5391 5292
5433 3 2 1 3 5292 5391 5392 5293
5434 3 2 1 3 5293 5392 5393 5294
5435 3 2 1 3 5294 5393 5394 5295
5436 3 2 1 3 5295 5394 5395 5296
5437 3 2 1 3 5296 5395 5396 5297
5438 3 2 1 3 5297 5396 5397 5298
5439 3 2 1 3 5298 5397 5398 5299
5440 3 2 1 3 5299 5398 5399 5300
5441 3 2 1 3 5300 5399 5400 5301
5442 3 2 1 3 5301 5400 5401 5302
5443 3 2 1 3 5302 5401 5402 5303
5444 3 2 1 3 5303 5402 5403 5304
5445 3 2 1 3 5304 5403 5404 5305
5446 3 2 1 3 5305 5404 5405 5306
5447 3 2 1 3 5306 5405 5406 5307
5448 3 2 1 3 5307 5406 5407 5308
5449 3 2 1 3 5308 5407 5408 5309
5450 3 2 1 3 5309 5408 5409 5310
5451 3 2 1 3 5310 5409 5410 5311
5452 3 2 1 3 5311 5410 5411 5312
5453 3 2 1 3 5312 5411 5412 5313
5454 3 2 1 3 5313 5412 5413 5314
5455 3 2 1 3 5314 5413 5414 5315
5456 3 2 1 3 5315 5414 5415 5316
5457 3 2 1 3 5316 5415 5416 5317
5458 3 2 1 3 5317 5416 5417 5318
5459 3 2 1 3 5318 5417 5418 5319
5460 3 2 1 3 5319 5418 5419 5320
5461 3 2 1 3 5320 5419 5420 5321
5462 3 2 1 3 5321 5420 5421 5322
5463 3 2 1 3 5322 5421 5422 5323
5464 3 2 1 3 5323 5422 5423 5324
5465 3 2 1 3 5324 5423 5424 5325
5466 3 2 1 3 5325 5424 5425 5326
5467 3 2 1 3 5326 5425 5426 5327
5468 3 2 1 3 5327 5426 5427 5328
5469 3 2 1 3 5328 5427 5428 5329
5470 3 2 1 3 5329 5428 5429 5330
5471 3 2 1 3 5330 5429 5430 5331
5472 3 2 1 3 5331 5430 5431 5332
5473 3 2 1 3 5332 5431 5432 5333
5474 3 2 1 3 5333 5432 5433 5334
5475 3 2 1 3 5334 5433 5434 5335
5476 3 2 1 3 5335 5434 5435 5336
5477 3 2 1 3 5336 5435 5436 5337
5478 3 2 1 3 5337 5436 5437 5338
5479 3 2 1 3 5338 5437 5438 5339
5480 3 2 1 3 5339 5438 285 286
5481 3 2 1 3 366 367 5439 5340
5482 3 2 1 3 5340 5439 5440 5341
5483 3 2 1 3 5341 5440 5441 5342
5484 3 2 1 3 5342 5441 5442 5343
5485 3 2 1 3 5343 5442 5443 5344
5486 3 2 1 3 5344 5443 5444 5345
5487 3 2 1 3 5345 5444 5445 5346
5488 3 2 1 3 5346 5445 5446 5347
5489 3 2 1 3 5347 5446 5447 5348
5490 3 2 1 3 5348 5447 5448 5349
5491 3 2 1 3 5349 5448 5449 5350
5492 3 2 1 3 5350 5449 5450 5351
5493 3 2 1 3 5351 5450 5451 5352
5494 3 2 1 3 5352 5451 5452 5353
5495 3 2 1 3 5353 5452 5453 5354
5496 3 2 1 3 5354 5453 5454 5355
5497 3 2 1 3 5355 5454 5455 5356
5498 3 2 1 3 5356 5455 5456 5357
5499 3 2 1 3 5357 5456 5457 5358
5500 3 2 1 3 5358 5457 5458 5359
5501 3 2 1 3 5359 5458 5459 5360
5502 3 2 1 3 5360 5459 5460 5361
5503 3 2 1 3 5361 5460 5461 5362
5504 3 2 1 3 5362 5461 5462 5363
5505 3 2 1 3 5363 5462 5463 5364
5506 3 2 1 3 5364 5463 5464 5365
5507 3 2 1 3 5365 5464 5465 5366
5508 3 2 1 3 5366 5465 5466 5367
5509 3 2 1 3 5367 5466 5467 5368
5510 3 2 1 3 5368 5467 5468 5369
5511 3 2 1 3 5369 5468 5469 5370
5512 3 2 1 3 5370 5469 5470 5371
5513 3 2 1 3 5371 5470 5471 5372
5514 3 2 1 3 5372 5471 5472 5373
5515 3 2 1 3 5373 5472 5473 5374
5516 3 2 1 3 5374 5473 5474 5375
5517 3 2 1 3 5375 5474 5475 5376
5518 3 2 1 3 5376 5475 5476 5377
5519 3 2 1 3 5377 5476 5477 5378
5520 3 2 1 3 5378 5477 5478 5379
5521 3 2 1 3 5379 5478 5479 5380
5522 3 2 1 3 5380 5479 5480 5381
5523 3 2 1 3 5381 5480 5481 5382
5524 3 2 1 3 5382 5481 5482 5383
5525 3 2 1 3 5383 5482 5483 5384
5526 3 2 1 3 5384 5483 5484 5385
5527 3 2 1 3 5385 5484 5485 5386
5528 3 2 1 3 5386 5485 5486 5387
5529 3 2 1 3 5387 5486 5487 5388
5530 3 2 1 3 5388 5487 5488 5389
5531 3 2 1 3 5389 5488 5489 5390
5532 3 2 1 3 5390 5489 5490 5391
5533 3 2 1 3 5391 5490 5491 5392
5534 3 2 1 3 5392 5491 5492 5393
5535 3 2 1 3 5393 5492 5493 5394
5536 3 2 1 3 5394 5493 5494 5395
5537 3 2 1 3 5395 5494 5495 5396
5538 3 2 1 3 5396 5495 5496 5397
5539 3 2 1 3 5397 5496 5497 5398
5540 3 2 1 3 5398 5497 5498 5399
5541 3 2 1 3 5399 5498 5499 5400
5542 3 2 1 3 5400 5499 5500 5401
5543 3 2 1 3 5401 5500 5501 5402
5544 3 2 1 3 5402 5501 5502 5403
5545 3 2 1 3 5403 5502 5503 5404
5546 3 2 1 3 5404 5503 5504 5405
5547 3 2 1 3 5405 5504 5505 5406
5548 3 2 1 3 5406 5505 5506 5407
5549 3 2 1 3 5407 5506 5507 5408
5550 3 2 1 3 5408 5507 5508 5409
5551 3 2 1 3 5409 5508 5509 5410
5552 3 2 1 3 5410 5509 5510 5411
5553 3 2 1 3 5411 5510 5511 5412
5554 3 2 1 3 5412 5511 5512 5413
5555 3 2 1 3 5413 5512 5513 5414
5556 3 2 1 3 5414 5513 5514 5415
5557 3 2 1 3 5415 5514 5515 5416
5558 3 2 1 3 5416 5515 5516 5417
5559 3 2 1 3 5417 5516 5517 5418
5560 3 2 1 3 5418 5517 5518 5419
5561 3 2 1 3 5419 5518 5519 5420
5562 3 2 1 3 5420 5519 5520 5421
5563 3 2 1 3 5421 5520 5521 5422
5564 3 2 1 3 5422 5521 5522 5423
5565 3 2 1 3 5423 5522 5523 5424
5566 3 2 1 3 5424 5523 5524 5425
5567 3 2 1 3 5425 5524 5525 5426
5568 3 2 1 3 5426 5525 5526 5427
5569 3 2 1 3 5427 5526 5527 5428
5570 3 2 1 3 5428 5527 5528 5429
5571 3 2 1 3 5429 5528 5529 5430
5572 3 2 1 3 5430 5529 5530 5431
5573 3 2 1 3 5431 5530 5531 5432
5574 3 2 1 3 5432 5531 5532 5433
5575 3 2 1 3 5433 5532 5533 5434
5576 3 2 1 3 5434 5533 5534 5435
5577 3 2 1 3 5435 5534 5535 5436
5578 3 2 1 3 5436 5535 5536 5437
5579 3 2 1 3 5437 5536 5537 5438
5580 3 2 1 3 5438 5537 284 285
5581 3 2 1 3 367 368 5538 5439
5582 3 2 1 3 5439 5538 5539 5440
5583 3 2 1 3 5440 5539 5540 5441
5584 3 2 1 3 5441 5540 5541 5442
5585 3 2 1 3 5442 5541 5542 5443
5586 3 2 1 3 5443 5542 5543 5444
5587 3 2 1 3 5444 5543 5544 5445
5588 3 2 1 3 5445 5544 5545 5446
5589 3 2 1 3 5446 5545 5546 5447
5590 3 2 1 3 5447 5546 5547 5448
5591 3 2 1 3 5448 5547 5548 5449
5592 3 2 1 3 5449 5548 5549 5450
5593 3 2 1 3 5450 5549 5550 5451
5594 3 2 1 3 5451 5550 5551 5452
5595 3 2 1 3 5452 5551 5552 5453
5596 3 2 1 3 5453 5552 5553 5454
5597 3 2 1 3 5454 5553 5554 5455
5598 3 2 1 3 5455 5554 5555 5456
5599 3 2 1 3 5456 5555 5556 5457
5600 3 2 1 3 5457 5556 5557 5458
5601 3 2 1 3 5458 5557 5558 5459
5602 3 2 1 3 5459 5558 5559 5460
5603 3 2 1 3 5460 5559 5560 5461
5604 3 2 1 3 5461 5560 5561 5462
5605 3 2 1 3 5462 5561 5562 5463
5606 3 2 1 3 5463 5562 5563 5464
5607 3 2 1 3 5464 5563 5564 5465
5608 3 2 1 3 5465 5564 5565 5466
5609 3 2 1 3 5466 5565 5566 5467
5610 3 2 1 3 5467 5566 5567 5468
5611 3 2 1 3 5468 5567 5568 5469
5612 3 2 1 3 5469 5568 5569 5470
5613 3 2 1 3 5470 5569 5570 5471
5614 3 2 1 3 5471 5570 5571 5472
5615 3 2 1 3 5472 5571 5572 5473
5616 3 2 1 3 5473 5572 5573 5474
5617 3 2 1 3 5474 5573 5574 5475
5618 3 2 1 3 5475 5574 5575 5476
5619 3 2 1 3 5476 5575 5576 5477
5620 3 2 1 3 5477 5576 5577 5478
5621 3 2 1 3 5478 5577 5578 5479
5622 3 2 1 3 5479 5578 5579 5480
5623 3 2 1 3 5480 5579 5580 5481
5624 3 2 1 3 5481 5580 5581 5482
5625 3 2 1 3 5482 5581 5582 5483
5626 3 2 1 3 5483 5582 5583 5484
5627 3 2 1 3 5484 5583 5584 5485
5628 3 2 1 3 5485 5584 5585 5486
5629 3 2 1 3 5486 5585 5586 5487
5630 3 2 1 3 5487 5586 5587 5488
5631 3 2 1 3 5488 5587 5588 5489
5632 3 2 1 3 5489 5588 5589 5490
5633 3 2 1 3 5490 5589 5590 5491
5634 3 2 1 3 5491 5590 5591 5492
5635 3 2 1 3 5492 5591 5592 5493
5636 3 2 1 3 5493 5592 5593 5494
5637 3 2 1 3 5494 5593 5594 5495
5638 3 2 1 3 5495 5594 5595 5496
5639 3 2 1 3 5496 5595 5596 5497
5640 3 2 1 3 5497 5596 5597 5498
5641 3 2 1 3 5498 5597 5598 5499
5642 3 2 1 3 5499 5598 5599 5500
5643 3 2 1 3 5500 5599 5600 5501
5644 3 2 1 3 5501 5600 5601 5502
5645 3 2 1 3 5502 5601 5602 5503
5646 3 2 1 3 5503 5602 5603 5504
5647 3 2 1 3 5504 5603 5604 5505
5648 3 2 1 3 5505 5604 5605 5506
5649 3 2 1 3 5506 5605 5606 5507
5650 3 2 1 3 5507 5606 5607 5508
5651 3 2 1 3 5508 5607 5608 5509
5652 3 2 1 3 5509 5608 5609 5510
5653 3 2 1 3 5510 5609 5610 5511
5654 3 2 1 3 5511 5610 5611 5512
5655 3 2 1 3 5512 5611 5612 5513
5656 3 2 1 3 5513 5612 5613 5514
5657 3 2 1 3 5514 5613 5614 5515
5658 3 2 1 3 5515 5614 5615 5516
5659 3 2 1 3 5516 5615 5616 5517
5660 3 2 1 3 5517 5616 5617 5518
5661 3 2 1 3 5518 5617 5618 5519
5662 3 2 1 3 5519 5618 5619 5520
5663 3 2 1 3 5520 5619 5620 5521
5664 3 2 1 3 5521 5620 5621 5522
5665 3 2 1 3 5522 5621 5622 5523
5666 3 2 1 3 5523 5622 5623 5524
5667 3 2 1 3 5524 5623 5624 5525
5668 3 2 1 3 5525 5624 5625 5526
5669 3 2 1 3 5526 5625 5626 5527
5670 3 2 1 3 5527 5626 5627 5528
5671 3 2 1 3 5528 5627 5628 5529
5672 3 2 1 3 5529 5628 5629 5530
5673 3 2 1 3 5530 5629 5630 5531
5674 3 2 1 3 5531 5630 5631 5532
5675 3 2 1 3 5532 5631 5632 5533
5676 3 2 1 3 5533 5632 5633 5534
5677 3 2 1 3 5534 5633 5634 5535
5678 3 2 1 3 5535 5634 5635 5536
5679 3 2 1 3 5536 5635 5636 5537
5680 3 2 1 3 5537 5636 283 284
5681 3 2 1 3 368 369 5637 5538
5682 3 2 1 3 5538 5637 5638 5539
5683 3 2 1 3 5539 5638 5639 5540
5684 3 2 1 3 5540 5639 5640 5541
5685 3 2 1 3 5541 5640 5641 5542
5686 3 2 1 3 5542 5641 5642 5543
5687 3 2 1 3 5543 5642 5643 5544
5688 3 2 1 3 5544 5643 5644 5545
5689 3 2 1 3 5545 5644 5645 5546
5690 3 2 1 3 5546 5645 5646 5547
5691 3 2 1 3 5547 5646 5647 5548
5692 3 2 1 3 5548 5647 5648 5549
5693 3 2 1 3 5549 5648 5649 5550
5694 3 2 1 3 5550 5649 5650 5551
5695 3 2 1 3 5551 5650 5651 5552
5696 3 2 1 3 5552 5651 5652 5553
5697 3 2 1 3 5553 5652 5653 5554
5698 3 2 1 3 5554 5653 5654 5555
5699 3 2 1 3 5555 5654 5655 5556
5700 3 2 1 3 5556 5655 5656 5557
5701 3 2 1 3 5557 5656 5657 5558
5702 3 2 1 3 5558 5657 5658 5559
5703 3 2 1 3 5559 5658 5659 5560
5704 3 2 1 3 5560 5659 5660 5561
5705 3 2 1 3 5561 5660 5661 5562
5706 3 2 1 3 5562 5661 5662 5563
5707 3 2 1 3 5563 5662 5663 5564
5708 3 2 1 3 5564 5663 5664 5565
5709 3 2 1 3 5565 5664 5665 5566
5710 3 2 1 3 5566 5665 5666 5567
5711 3 2 1 3 5567 5666 5667 5568
5712 3 2 1 3 5568 5667 5668 5569
5713 3 2 1 3 5569 5668 5669 5570
5714 3 2 1 3 5570 5669 5670 5571
5715 3 2 1 3 5571 5670 5671 5572
5716 3 2 1 3 5572 5671 5672 5573
5717 3 2 1 3 5573 5672 5673 5574
5718 3 2 1 3 5574 5673 5674 5575
5719 3 2 1 3 5575 5674 5675 5576
5720 3 2 1 3 5576 5675 5676 5577
5721 3 2 1 3 5577 5676 5677 5578
5722 3 2 1 3 5578 5677 5678 5579
5723 3 2 1 3 5579 5678 5679 5580
5724 3 2 1 3 5580 5679 5680 5581
5725 3 2 1 3 5581 5680 5681 5582
5726 3 2 1 3 5582 5681 5682 5583
5727 3 2 1 3 5583 5682 5683 5584
5728 3 2 1 3 5584 5683 5684 5585
5729 3 2 1 3 5585 5684 5685 5586
5730 3 2 1 3 5586 5685 5686 5587
5731 3 2 1 3 5587 5686 5687 5588
5732 3 2 1 3 5588 5687 5688 5589
5733 3 2 1 3 5589 5688 5689 5590
5734 3 2 1 3 5590 5689 5690 5591
5735 3 2 1 3 5591 5690 5691 5592
5736 3 2 1 3 5592 5691 5692 5593
5737 3 2 1 3 5593 5692 5693 5594
5738 3 2 1 3 5594 5693 5694 5595
5739 3 2 1 3 5595 5694 5695 5596
5740 3 2 1 3 5596 5695 5696 5597
5741 3 2 1 3 5597 5696 5697 5598
5742 3 2 1 3 5598 5697 5698 5599
5743 3 2 1 3 5599 5698 5699 5600
5744 3 2 1 3 5600 5699 5700 5601
5745 3 2 1 3 5601 5700 5701 5602
5746 3 2 1 3 5602 5701 5702 5603
5747 3 2 1 3 5603 5702 5703 5604
5748 3 2 1 3 5604 5703 5704 5605
5749 3 2 1 3 5605 5704 5705 5606
5750 3 2 1 3 5606 5705 5706 5607
5751 3 2 1 3 5607 5706 5707 5608
5752 3 2 1 3 5608 5707 5708 5609
5753 3 2 1 3 5609 5708 5709 5610
5754 3 2 1 3 5610 5709 5710 5611
5755 3 2 1 3 5611 5710 5711 5612
5756 3 2 1 3 5612 5711 5712 5613
5757 3 2 1 3 5613 5712 5713 5614
5758 3 2 1 3 5614 5713 5714 5615
5759 3 2 1 3 5615 5714 5715 5616
5760 3 2 1 3 5616 5715 5716 5617
5761 3 2 1 3 5617 5716 5717 5618
5762 3 2 1 3 5618 5717 5718 5619
5763 3 2 1 3 5619 5718 5719 5620
5764 3 2 1 3 5620 5719 5720 5621
5765 3 2 1 3 5621 5720 5721 5622
5766 3 2 1 3 5622 5721 5722 5623
5767 3 2 1 3 5623 5722 5723 5624
5768 3 2 1 3 5624 5723 5724 5625
5769 3 2 1 3 5625 5724 5725 5626
5770 3 2 1 3 5626 5725 5726 5627
5771 3 2 1 3 5627 5726 5727 5628
5772 3 2 1 3 5628 5727 5728 5629
5773 3 2 1 3 5629 5728 5729 5630
5774 3 2 1 3 5630 5729 5730 5631
5775 3 2 1 3 5631 5730 5731 5632
5776 3 2 1 3 5632 5731 5732 5633
5777 3 2 1 3 5633 5732 5733 5634
5778 3 2 1 3 5634 5733 5734 5635
5779 3 2 1 3 5635 5734 5735 5636
5780 3 2 1 3 5636 5735 282 283
5781 3 2 1 3 369 370 5736 5637
5782 3 2 1 3 5637 5736 5737 5638
5783 3 2 1 3 5638 5737 5738 5639
5784 3 2 1 3 5639 5738 5739 5640
5785 3 2 1 3 5640 5739 5740 5641
5786 3 2 1 3 5641 5740 5741 5642
5787 3 2 1 3 5642 5741 5742 5643
5788 3 2 1 3 5643 5742 5743 5644
5789 3 2 1 3 5644 5743 5744 5645
5790 3 2 1 3 5645 5744 5745 5646
5791 3 2 1 3 5646 5745 5746 5647
5792 3 2 1 3 5647 5746 5747 5648
5793 3 2 1 3 5648 5747 5748 5649
5794 3 2 1 3 5649 5748 5749 5650
5795 3 2 1 3 5650 5749 5750 5651
5796 3 2 1 3 5651 5750 5751 5652
5797 3 2 1 3 5652 5751 5752 5653
5798 3 2 1 3 5653 5752 5753 5654
5799 3 2 1 3 5654 5753 5754 5655
5800 3 2 1 3 5655 5754 5755 5656
5801 3 2 1 3 5656 5755 5756 5657
5802 3 2 1 3 5657 5756 5757 5658
5803 3 2 1 3 5658 5757 5758 5659
5804 3 2 1 3 5659 5758 5759 5660
5805 3 2 1 3 5660 5759 5760 5661
5806 3 2 1 3 5661 5760 5761 5662
5807 3 2 1 3 5662 5761 5762 5663
5808 3 2 1 3 5663 5762 5763 5664
5809 3 2 1 3 5664 5763 5764 5665
5810 3 2 1 3 5665 5764 5765 5666
5811 3 2 1 3 5666 5765 5766 5667
5812 3 2 1 3 5667 5766 5767 5668
5813 3 2 1 3 5668 5767 5768 5669
5814 3 2 1 3 5669 5768 5769 5670
5815 3 2 1 3 5670 5769 5770 5671
5816 3 2 1 3 5671 5770 5771 5672
5817 3 2 1 3 5672 5771 5772 5673
5818 3 2 1 3 5673 5772 5773 5674
5819 3 2 1 3 5674 5773 5774 5675
5820 3 2 1 3 5675 5774 5775 5676
5821 3 2 1 3 5676 5775 5776 5677
5822 3 2 1 3 5677 5776 5777 5678
5823 3 2 1 3 5678 5777 5778 5679
5824 3 2 1 3 5679 5778 5779 5680
5825 3 2 1 3 5680 5779 5780 5681
5826 3 2 1 3 5681 5780 5781 5682
5827 3 2 1 3 5682 5781 5782 5683
5828 3 2 1 3 5683 5782 5783 5684
5829 3 2 1 3 5684 5783 5784 5685
5830 3 2 1 3 5685 5784 5785 5686
5831 3 2 1 3 5686 5785 5786 5687
5832 3 2 1 3 5687 5786 5787 5688
5833 3 2 1 3 5688 5787 5788 5689
5834 3 2 1 3 5689 5788 5789 5690
5835 3 2 1 3 5690 5789 5790 5691
5836 3 2 1 3 5691 5790 5791 5692
5837 3 2 1 3 5692 5791 5792 5693
5838 3 2 1 3 5693 5792 5793 5694
5839 3 2 1 3 5694 5793 5794 5695
5840 3 2 1 3 5695 5794 5795 5696
5841 3 2 1 3 5696 5795 5796 5697
5842 3 2 1 3 5697 5796 5797 5698
5843 3 2 1 3 5698 5797 5798 5699
5844 3 2 1 3 5699 5798 5799 5700
5845 3 2 1 3 5700 5799 5800 5701
5846 3 2 1 3 5701 5800 5801 5702
5847 3 2 1 3 5702 5801 5802 5703
5848 3 2 1 3 5703 5802 5803 5704
5849 3 2 1 3 5704 5803 5804 5705
5850 3 2 1 3 5705 5804 5805 5706
5851 3 2 1 3 5706 5805 5806 5707
5852 3 2 1 3 5707 5806 5807 5708
5853 3 2 1 3 5708 5807 5808 5709
5854 3 2 1 3 5709 5808 5809 5710
5855 3 2 1 3 5710 5809 5810 5711
5856 3 2 1 3 5711 5810 5811 5712
5857 3 2 1 3 5712 5811 5812 5713
5858 3 2 1 3 5713 5812 5813 5714
5859 3 2 1 3 5714 5813 5814 5715
5860 3 2 1 3 5715 5814 5815 5716
5861 3 2 1 3 5716 5815 5816 5717
5862 3 2 1 3 5717 5816 5817 5718
5863 3 2 1 3 5718 5817 5818 5719
5864 3 2 1 3 5719 5818 5819 5720
5865 3 2 1 3 5720 5819 5820 5721
5866 3 2 1 3 5721 5820 5821 5722
5867 3 2 1 3 5722 5821 5822 5723
5868 3 2 1 3 5723 5822 5823 5724
5869 3 2 1 3 5724 5823 5824 5725
5870 3 2 1 3 5725 5824 5825 5726
5871 3 2 1 3 5726 5825 5826 5727
5872 3 2 1 3 5727 5826 5827 5728
5873 3 2 1 3 5728 5827 5828 5729
5874 3 2 1 3 5729 5828 5829 5730
5875 3 2 1 3 5730 5829 5830 5731
5876 3 2 1 3 5731 5830 5831 5732
5877 3 2 1 3 5732 5831 5832 5733
5878 3 2 1 3 5733 5832 5833 5734
5879 3 2 1 3 5734 5833 5834 5735
5880 3 2 1 3 5735 5834 281 282
5881 3 2 1 3 370 371 5835 5736
5882 3 2 1 3 5736 5835 5836 5737
5883 3 2 1 3 5737 5836 5837 5738
5884 3 2 1 3 5738 5837 5838 5739
5885 3 2 1 3 5739 5838 5839 5740
5886 3 2 1 3 5740 5839 5840 5741
5887 3 2 1 3 5741 5840 5841 5742
5888 3 2 1 3 5742 5841 5842 5743
5889 3 2 1 3 5743 5842 5843 5744
5890 3 2 1 3 5744 5843 5844 5745
5891 3 2 1 3 5745 5844 5845 5746
5892 3 2 1 3 5746 5845 5846 5747
5893 3 2 1 3 5747 5846 5847 5748
5894 3 2 1 3 5748 5847 5848 5749
5895 3 2 1 3 5749 5848 5849 5750
5896 3 2 1 3 5750 5849 5850 5751
5897 3 2 1 3 5751 5850 5851 5752
5898 3 2 1 3 5752 5851 5852 5753
5899 3 2 1 3 5753 5852 5853 5754
5900 3 2 1 3 5754 5853 5854 5755
5901 3 2 1 3 5755 5854 5855 5756
5902 3 2 1 3 5756 5855 5856 5757
5903 3 2 1 3 5757 5856 5857 5758
5904 3 2 1 3 5758 5857 5858 5759
5905 3 2 1 3 5759 5858 5859 5760
5906 3 2 1 3 5760 5859 5860 5761
5907 3 2 1 3 5761 5860 5861 5762
5908 3 2 1 3 5762 5861 5862 5763
5909 3 2 1 3 5763 5862 5863 5764
5910 3 2 1 3 5764 5863 5864 5765
5911 3 2 1 3 5765 5864 5865 5766
5912 3 2 1 3 5766 5865 5866 5767
5913 3 2 1 3 5767 5866 5867 5768
5914 3 2 1 3 5768 5867 5868 5769
5915 3 2 1 3 5769 5868 5869 5770
5916 3 2 1 3 5770 5869 5870 5771
5917 3 2 1 3 5771 5870 5871 5772
5918 3 2 1 3 5772 5871 5872 5773
5919 3 2 1 3 5773 5872 5873 5774
5920 3 2 1 3 5774 5873 5874 5775
5921 3 2 1 3 5775 5874 5875 5776
5922 3 2 1 3 5776 5875 5876 5777
5923 3 2 1 3 5777 5876 5877 5778
5924 3 2 1 3 5778 5877 5878 5779
5925 3 2 1 3 5779 5878 5879 5780
5926 3 2 1 3 5780 5879 5880 5781
5927 3 2 1 3 5781 5880 5881 5782
5928 3 2 1 3 5782 5881 5882 5783
5929 3 2 1 3 5783 5882 5883 5784
5930 3 2 1 3 5784 5883 5884 5785
5931 3 2 1 3 5785 5884 5885 5786
5932 3 2 1 3 5786 5885 5886 5787
5933 3 2 1 3 5787 5886 5887 5788
5934 3 2 1 3 5788 5887 5888 5789
5935 3 2 1 3 5789 5888 5889 5790
5936 3 2 1 3 5790 5889 5890 5791
5937 3 2 1 3 5791 5890 5891 5792
5938 3 2 1 3 5792 5891 5892 5793
5939 3 2 1 3 5793 5892 5893 5794
5940 3 2 1 3 5794 5893 5894 5795
5941 3 2 1 3 5795 5894 5895 5796
5942 3 2 1 3 5796 5895 5896 5797
5943 3 2 1 3 5797 5896 5897 5798
5944 3 2 1 3 5798 5897 5898 5799
5945 3 2 1 3 5799 5898 5899 5800
5946 3 2 1 3 5800 5899 5900 5801
5947 3 2 1 3 5801 5900 5901 5802
5948 3 2 1 3 5802 5901 5902 5803
5949 3 2 1 3 5803 5902 5903 5804
5950 3 2 1 3 5804 5903 5904 5805
5951 3 2 1 3 5805 5904 5905 5806
5952 3 2 1 3 5806 5905 5906 5807
5953 3 2 1 3 5807 5906 5907 5808
5954 3 2 1 3 5808 5907 5908 5809
5955 3 2 1 3 5809 5908 5909 5810
5956 3 2 1 3 5810 5909 5910 5811
5957 3 2 1 3 5811 5910 5911 5812
5958 3 2 1 3 5812 5911 5912 5813
5959 3 2 1 3 5813 5912 5913 5814
5960 3 2 1 3 5814 5913 5914 5815
5961 3 2 1 3 5815 5914 5915 5816
5962 3 2 1 3 5816 5915 5916 5817
5963 3 2 1 3 5817 5916 5917 5818
5964 3 2 1 3 5818 5917 5918 5819
5965 3 2 1 3 5819 5918 5919 5820
5966 3 2 1 3 5820 5919 5920 5821
5967 3 2 1 3 5821 5920 5921 5822
5968 3 2 1 3 5822 5921 5922 5823
5969 3 2 1 3 5823 5922 5923 5824
5970 3 2 1 3 5824 5923 5924 5825
5971 3 2 1 3 5825 5924 5925 5826
5972 3 2 1 3 5826 5925 5926 5827
5973 3 2 1 3 5827 5926 5927 5828
5974 3 2 1 3 5828 5927 5928 5829
5975 3 2 1 3 5829 5928 5929 5830
5976 3 2 1 3 5830 5929 5930 5831
5977 3 2 1 3 5831 5930 5931 5832
5978 3 2 1 3 5832 5931 5932 5833
5979 3 2 1 3 5833 5932 5933 5834
5980 3 2 1 3 5834 5933 280 281
5981 3 2 1 3 371 372 5934 5835
5982 3 2 1 3 5835 5934 5935 5836
5983 3 2 1 3 5836 5935 5936 5837
5984 3 2 1 3 5837 5936 5937 5838
5985 3 2 1 3 5838 5937 5938 5839
5986 3 2 1 3 5839 5938 5939 5840
5987 3 2 1 3 5840 5939 5940 5841
5988 3 2 1 3 5841 5940 5941 5842
5989 3 2 1 3 5842 5941 5942 5843
5990 3 2 1 3 5843 5942 5943 5844
5991 3 2 1 3 5844 5943 5944 5845
5992 3 2 1 3 5845 5944 5945 5846
5993 3 2 1 3 5846 5945 5946 5847
5994 3 2 1 3 5847 5946 5947 5848
5995 3 2 1 3 5848 5947 5948 5849
5996 3 2 1 3 5849 5948 5949 5850
5997 3 2 1 3 5850 5949 5950 5851
5998 3 2 1 3 5851 5950 5951 5852
5999 3 2 1 3 5852 5951 5952 5853
6000 3 2 1 3 5853 5952 5953 5854
6001 3 2 1 3 5854 5953 5954 5855
6002 3 2 1 3 5855 5954 5955 5856
6003 3 2 1 3 5856 5955 5956 5857
6004 3 2 1 3 5857 5956 5957 5858
6005 3 2 1 3 5858 5957 5958 5859
6006 3 2 1 3 5859 5958 5959 5860
6007 3 2 1 3 5860 5959 5960 5861
6008 3 2 1 3 5861 5960 5961 5862
6009 3 2 1 3 5862 5961 5962 5863
6010 3 2 1 3 5863 5962 5963 5864
6011 3 2 1 3 5864 5963 5964 5865
6012 3 2 1 3 5865 5964 5965 5866
6013 3 2 1 3 5866 5965 5966 5867
6014 3 2 1 3 5867 5966 5967 5868
6015 3 2 1 3 5868 5967 5968 5869
6016 3 2 1 3 5869 5968 5969 5870
6017 3 2 1 3 5870 5969 5970 5871
6018 3 2 1 3 5871 5970 5971 5872
6019 3 2 1 3 5872 5971 5972 5873
6020 3 2 1 3 5873 5972 5973 5874
6021 3 2 1 3 5874 5973 5974 5875
6022 3 2 1 3 5875 5974 5975 5876
6023 3 2 1 3 5876 5975 5976 5877
6024 3 2 1 3 5877 5976 5977 5878
6025 3 2 1 3 5878 5977 5978 5879
6026 3 2 1 3 5879 5978 5979 5880
6027 3 2 1 3 5880 5979 5980 5881
6028 3 2 1 3 5881 5980 5981 5882
6029 3 2 1 3 5882 5981 5982 5883
6030 3 2 1 3 5883 5982 5983 5884
6031 3 2 1 3 5884 5983 5984 5885
6032 3 2 1 3 5885 5984 5985 5886
6033 3 2 1 3 5886 5985 5986 5887
6034 3 2 1 3 5887 5986 5987 5888
6035 3 2 1 3 5888 5987 5988 5889
6036 3 2 1 3 5889 5988 5989 5890
6037 3 2 1 3 5890 5989 5990 5891
6038 3 2 1 3 5891 5990 5991 5892
6039 3 2 1 3 5892 5991 5992 5893
6040 3 2 1 3 5893 5992 5993 5894
6041 3 2 1 3 5894 5993 5994 5895
6042 3 2 1 3 5895 5994 5995 5896
6043 3 2 1 3 5896 5995 5996 5897
6044 3 2 1 3 5897 5996 5997 5898
6045 3 2 1 3 5898 5997 5998 5899
6046 3 2 1 3 5899 5998 5999 5900
6047 3 2 1 3 5900 5999 6000 5901
6048 3 2 1 3 5901 6000 6001 5902
6049 3 2 1 3 5902 6001 6002 5903
6050 3 2 1 3 5903 6002 6003 5904
6051 3 2 1 3 5904 6003 6004 5905
6052 3 2 1 3 5905 6004 6005 5906
6053 3 2 1 3 5906 6005 6006 5907
6054 3 2 1 3 5907 6006 6007 5908
6055 3 2 1 3 5908 6007 6008 5909
6056 3 2 1 3 5909 6008 6009 5910
6057 3 2 1 3 5910 6009 6010 5911
6058 3 2 1 3 5911 6010 6011 5912
6059 3 2 1 3 5912 6011 6012 5913
6060 3 2 1 3 5913 6012 6013 5914
6061 3 2 1 3 5914 6013 6014 5915
6062 3 2 1 3 5915 6014 6015 5916
6063 3 2 1 3 5916 6015 6016 5917
6064 3 2 1 3 5917 6016 6017 5918
6065 3 2 1 3 5918 6017 6018 5919
6066 3 2 1 3 5919 6018 6019 5920
6067 3 2 1 3 5920 6019 6020 5921
6068 3 2 1 3 5921 6020 6021 5922
6069 3 2 1 3 5922 6021 6022 5923
6070 3 2 1 3 5923 6022 6023 5924
6071 3 2 1 3 5924 6023 6024 5925
6072 3 2 1 3 5925 6024 6025 5926
6073 3 2 1 3 5926 6025 6026 5927
6074 3 2 1 3 5927 6026 6027 5928
6075 3 2 1 3 5928 6027 6028 5929
6076 3 2 1 3 5929 6028 6029 5930
6077 3 2 1 3 5930 6029 6030 5931
6078 3 2 1 3 5931 6030 6031 5932
6079 3 2 1 3 5932 6031 6032 5933
6080 3 2 1 3 5933 6032 279 280
6081 3 2 1 3 372 373 6033 5934
6082 3 2 1 3 5934 6033 6034 5935
6083 3 2 1 3 5935 6034 6035 5936
6084 3 2 1 3 5936 6035 6036 5937
6085 3 2 1 3 5937 6036 6037 5938
6086 3 2 1 3 5938 6037 6038 5939
6087 3 2 1 3 5939 6038 6039 5940
6088 3 2 1 3 5940 6039 6040 5941
6089 3 2 1 3 5941 6040 6041 5942
6090 3 2 1 3 5942 6041 6042 5943
6091 3 2 1 3 5943 6042 6043 5944
6092 3 2 1 3 5944 6043 6044 5945
6093 3 2 1 3 5945 6044 6045 5946
6094 3 2 1 3 5946 6045 6046 5947
6095 3 2 1 3 5947 6046 6047 5948
6096 3 2 1 3 5948 6047 6048 5949
6097 3 2 1 3 5949 6048 6049 5950
6098 3 2 1 3 5950 6049 6050 5951
6099 3 2 1 3 5951 6050 6051 5952
6100 3 2 1 3 5952 6051 6052 5953
6101 3 2 1 3 5953 6052 6053 5954
6102 3 2 1 3 5954 6053 6054 5955
6103 3 2 1 3 5955 6054 6055 5956
6104 3 2 1 3 5956 6055 6056 5957
6105 3 2 1 3 5957 6056 6057 5958
6106 3 2 1 3 5958 6057 6058 5959
6107 3 2 1 3 5959 6058 6059 5960
6108 3 2 1 3 5960 6059 6060 5961
6109 3 2 1 3 5961 6060 6061 5962
6110 3 2 1 3 5962 6061 6062 5963
6111 3 2 1 3 5963 6062 6063 5964
6112 3 2 1 3 5964 6063 6064 5965
6113 3 2 1 3 5965 6064 6065 5966
6114 3 2 1 3 5966 6065 6066 5967
6115 3 2 1 3 5967 6066 6067 5968
6116 3 2 1 3 5968 6067 6068 5969
6117 3 2 1 3 5969 6068 6069 5970
6118 3 2 1 3 5970 6069 6070 5971
6119 3 2 1 3 5971 6070 6071 5972
6120 3 2 1 3 5972 6071 6072 5973
6121 3 2 1 3 5973 6072 6073 5974
6122 3 2 1 3 5974 6073 6074 5975
6123 3 2 1 3 5975 6074 6075 5976
6124 3 2 1 3 5976 6075 6076 5977
6125 3 2 1 3 5977 6076 6077 5978
6126 3 2 1 3 5978 6077 6078 5979
6127 3 2 1 3 5979 6078 6079 5980
6128 3 2 1 3 5980 6079 6080 5981
6129 3 2 1 3 5981 6080 6081 5982
6130 3 2 1 3 5982 6081 6082 5983
6131 3 2 1 3 5983 6082 6083 5984
6132 3 2 1 3 5984 6083 6084 5985
6133 3 2 1 3 5985 6084 6085 5986
6134 3 2 1 3 5986 6085 6086 5987
6135 3 2 1 3 5987 6086 6087 5988
6136 3 2 1 3 5988 6087 6088 5989
6137 3 2 1 3 5989 6088 6089 5990
6138 3 2 1 3 5990 6089 6090 5991
6139 3 2 1 3 5991 6090 6091 5992
6140 3 2 1 3 5992 6091 6092 5993
6141 3 2 1 3 5993 6092 6093 5994
6142 3 2 1 3 5994 6093 6094 5995
6143 3 2 1 3 5995 6094 6095 5996
6144 3 2 1 3 5996 6095 6096 5997
6145 3 2 1 3 5997 6096 6097 5998
6146 3 2 1 3 5998 6097 6098 5999
6147 3 2 1 3 5999 6098 6099 6000
6148 3 2 1 3 6000 6099 6100 6001
6149 3 2 1 3 6001 6100 6101 6002
6150 3 2 1 3 6002 6101 6102 6003
6151 3 2 1 3 6003 6102 6103 6004
6152 3 2 1 3 6004 6103 6104 6005
6153 3 2 1 3 6005 6104 6105 6006
6154 3 2 1 3 6006 6105 6106 6007
6155 3 2 1 3 6007 6106 6107 6008
6156 3 2 1 3 6008 6107 6108 6009
6157 3 2 1 3 6009 6108 6109 6010
6158 3 2 1 3 6010 6109 6110 6011
6159 3 2 1 3 6011 6110 6111 6012
6160 3 2 1 3 6012 6111 6112 6013
6161 3 2 1 3 6013 6112 6113 6014
6162 3 2 1 3 6014 6113 6114 6015
6163 3 2 1 3 6015 6114 6115 6016
6164 3 2 1 3 6016 6115 6116 6017
6165 3 2 1 3 6017 6116 6117 6018
6166 3 2 1 3 6018 6117 6118 6019
6167 3 2 1 3 6019 6118 6119 6020
6168 3 2 1 3 6020 6119 6120 6021
6169 3 2 1 3 6021 6120 6121 6022
6170 3 2 1 3 6022 6121 6122 6023
6171 3 2 1 3 6023 6122 6123 6024
6172 3 2 1 3 6024 6123 6124 6025
6173 3 2 1 3 6025 6124 6125 6026
6174 3 2 1 3 6026 6125 6126 6027
6175 3 2 1 3 6027 6126 6127 6028
6176 3 2 1 3 6028 6127 6128 6029
6177 3 2 1 3 6029 6128 6129 6030
6178 3 2 1 3 6030 6129 6130 6031
6179 3 2 1 3 6031 6130 6131 6032
6180 3 2 1 3 6032 6131 278 279
6181 3 2 1 3 373 374 6132 6033
6182 3 2 1 3 6033 6132 6133 6034
6183 3 2 1 3 6034 6133 6134 6035
6184 3 2 1 3 6035 6134 6135 6036
6185 3 2 1 3 6036 6135 6136 6037
6186 3 2 1 3 6037 6136 6137 6038
6187 3 2 1 3 6038 6137 6138 6039
6188 3 2 1 3 6039 6138 6139 6040
6189 3 2 1 3 6040 6139 6140 6041
6190 3 2 1 3 6041 6140 6141 6042
6191 3 2 1 3 6042 6141 6142 6043
6192 3 2 1 3 6043 6142 6143 6044
6193 3 2 1 3 6044 6143 6144 6045
6194 3 2 1 3 6045 6144 6145 6046
6195 3 2 1 3 6046 6145 6146 6047
6196 3 2 1 3 6047 6146 6147 6048
6197 3 2 1 3 6048 6147 6148 6049
6198 3 2 1 3 6049 6148 6149 6050
6199 3 2 1 3 6050 6149 6150 6051
6200 3 2 1 3 6051 6150 6151 6052
6201 3 2 1 3 6052 6151 6152 6053
6202 3 2 1 3 6053 6152 6153 6054
6203 3 2 1 3 6054 6153 6154 6055
6204 3 2 1 3 6055 6154 6155 6056
6205 3 2 1 3 6056 6155 6156 6057
6206 3 2 1 3 6057 6156 6157 6058
6207 3 2 1 3 6058 6157 6158 6059
6208 3 2 1 3 6059 6158 6159 6060
6209 3 2 1 3 6060 6159 6160 6061
6210 3 2 1 3 6061 6160 6161 6062
6211 3 2 1 3 6062 6161 6162 6063
6212 3 2 1 3 6063 6162 6163 6064
6213 3 2 1 3 6064 6163 6164 6065
6214 3 2 1 3 6065 6164 6165 6066
6215 3 2 1 3 6066 6165 6166 6067
6216 3 2 1 3 6067 6166 6167 6068
6217 3 2 1 3 6068 6167 6168 6069
6218 3 2 1 3 6069 6168 6169 6070
6219 3 2 1 3 6070 6169 6170 6071
6220 3 2 1 3 6071 6170 6171 6072
6221 3 2 1 3 6072 6171 6172 6073
6222 3 2 1 3 6073 6172 6173 6074
6223 3 2 1 3 6074 6173 6174 6075
6224 3 2 1 3 6075 6174 6175 6076
6225 3 2 1 3 6076 6175 6176 6077
6226 3 2 1 3 6077 6176 6177 6078
6227 3 2 1 3 6078 6177 6178 6079
6228 3 2 1 3 6079 6178 6179 6080
6229 3 2 1 3 6080 6179 6180 6081
6230 3 2 1 3 6081 6180 6181 6082
6231 3 2 1 3 6082 6181 6182 6083
6232 3 2 1 3 6083 6182 6183 6084
6233 3 2 1 3 6084 6183 6184 6085
6234 3 2 1 3 6085 6184 6185 6086
6235 3 2 1 3 6086 6185 6186 6087
6236 3 2 1 3 6087 6186 6187 6088
6237 3 2 1 3 6088 6187 6188 6089
6238 3 2 1 3 6089 6188 6189 6090
6239 3 2 1 3 6090 6189 6190 6091
6240 3 2 1 3 6091 6190 6191 6092
6241 3 2 1 3 6092 6191 6192 6093
6242 3 2 1 3 6093 6192 6193 6094
6243 3 2 1 3 6094 6193 6194 6095
6244 3 2 1 3 6095 6194 6195 6096
6245 3 2 1 3 6096 6195 6196 6097
6246 3 2 1 3 6097 6196 6197 6098
6247 3 2 1 3 6098 6197 6198 6099
6248 3 2 1 3 6099 6198 6199 6100
6249 3 2 1 3 6100 6199 6200 6101
6250 3 2 1 3 6101 6200 6201 6102
6251 3 2 1 3 6102 6201 6202 6103
6252 3 2 1 3 6103 6202 6203 6104
6253 3 2 1 3 6104 6203 6204 6105
6254 3 2 1 3 6105 6204 6205 6106
6255 3 2 1 3 6106 6205 6206 6107
6256 3 2 1 3 6107 6206 6207 6108
6257 3 2 1 3 6108 6207 6208 6109
6258 3 2 1 3 6109 6208 6209 6110
6259 3 2 1 3 6110 6209 6210 6111
6260 3 2 1 3 6111 6210 6211 6112
6261 3 2 1 3 6112 6211 6212 6113
6262 3 2 1 3 6113 6212 6213 6114
6263 3 2 1 3 6114 6213 6214 6115
6264 3 2 1 3 6115 6214 6215 6116
6265 3 2 1 3 6116 6215 6216 6117
6266 3 2 1 3 6117 6216 6217 6118
6267 3 2 1 3 6118 6217 6218 6119
6268 3 2 1 3 6119 6218 6219 6120
6269 3 2 1 3 6120 6219 6220 6121
6270 3 2 1 3 6121 6220 6221 6122
6271 3 2 1 3 6122 6221 6222 6123
6272 3 2 1 3 6123 6222 6223 6124
6273 3 2 1 3 6124 6223 6224 6125
6274 3 2 1 3 6125 6224 6225 6126
6275 3 2 1 3 6126 6225 6226 6127
6276 3 2 1 3 6127 6226 6227 6128
6277 3 2 1 3 6128 6227 6228 6129
6278 3 2 1 3 6129 6228 6229 6130
6279 3 2 1 3 6130 6229 6230 6131
6280 3 2 1 3 6131 6230 277 278
6281 3 2 1 3 374 375 6231 6132
6282 3 2 1 3 6132 6231 6232 6133
6283 3 2 1 3 6133 6232 6233 6134
6284 3 2 1 3 6134 6233 6234 6135
6285 3 2 1 3 6135 6234 6235 6136
6286 3 2 1 3 6136 6235 6236 6137
6287 3 2 1 3 6137 6236 6237 6138
6288 3 2 1 3 6138 6237 6238 6139
6289 3 2 1 3 6139 6238 6239 6140
6290 3 2 1 3 6140 6239 6240 6141
6291 3 2 1 3 6141 6240 6241 6142
6292 3 2 1 3 6142 6241 6242 6143
6293 3 2 1 3 6143 6242 6243 6144
6294 3 2 1 3 6144 6243 6244 6145
6295 3 2 1 3 6145 6244 6245 6146
6296 3 2 1 3 6146 6245 6246 6147
6297 3 2 1 3 6147 6246 6247 6148
6298 3 2 1 3 6148 6247 6248 6149
6299 3 2 1 3 6149 6248 6249 6150
6300 3 2 1 3 6150 6249 6250 6151
6301 3 2 1 3 6151 6250 6251 6152
6302 3 2 1 3 6152 6251 6252 6153
6303 3 2 1 3 6153 6252 6253 6154
6304 3 2 1 3 6154 6253 6254 6155
6305 3 2 1 3 6155 6254 6255 6156
6306 3 2 1 3 6156 6255 6256 6157
6307 3 2 1 3 6157 6256 6257 6158
6308 3 2 1 3 6158 6257 6258 6159
6309 3 2 1 3 6159 6258 6259 6160
6310 3 2 1 3 6160 6259 6260 6161
6311 3 2 1 3 6161 6260 6261 6162
6312 3 2 1 3 6162 6261 6262 6163
6313 3 2 1 3 6163 6262 6263 6164
6314 3 2 1 3 6164 6263 6264 6165
6315 3 2 1 3 6165 6264 6265 6166
6316 3 2 1 3 6166 6265 6266 6167
6317 3 2 1 3 6167 6266 6267 6168
6318 3 2 1 3 6168 6267 6268 6169
6319 3 2 1 3 6169 6268 6269 6170
6320 3 2 1 3 6170 6269 6270 6171
6321 3 2 1 3 6171 6270 6271 6172
6322 3 2 1 3 6172 6271 6272 6173
6323 3 2 1 3 6173 6272 6273 6174
6324 3 2 1 3 6174 6273 6274 6175
6325 3 2 1 3 6175 6274 6275 6176
6326 3 2 1 3 6176 6275 6276 6177
6327 3 2 1 3 6177 6276 6277 6178
6328 3 2 1 3 6178 6277 6278 6179
6329 3 2 1 3 6179 6278 6279 6180
6330 3 2 1 3 6180 6279 6280 6181
6331 3 2 1 3 6181 6280 6281 6182
6332 3 2 1 3 6182 6281 6282 6183
6333 3 2 1 3 6183 6282 6283 6184
6334 3 2 1 3 6184 6283 6284 6185
6335 3 2 1 3 6185 6284 6285 6186
6336 3 2 1 3 6186 6285 6286 6187
6337 3 2 1 3 6187 6286 6287 6188
6338 3 2 1 3 6188 6287 6288 6189
6339 3 2 1 3 6189 6288 6289 6190
6340 3 2 1 3 6190 6289 6290 6191
6341 3 2 1 3 6191 6290 6291 6192
6342 3 2 1 3 6192 6291 6292 6193
6343 3 2 1 3 6193 6292 6293 6194
6344 3 2 1 3 6194 6293 6294 6195
6345 3 2 1 3 6195 6294 6295 6196
6346 3 2 1 3 6196 6295 6296 6197
6347 3 2 1 3 6197 6296 6297 6198
6348 3 2 1 3 6198 6297 6298 6199
6349 3 2 1 3 6199 6298 6299 6200
6350 3 2 1 3 6200 6299 6300 6201
6351 3 2 1 3 6201 6300 6301 6202
6352 3 2 1 3 6202 6301 6302 6203
6353 3 2 1 3 6203 6302 6303 6204
6354 3 2 1 3 6204 6303 6304 6205
6355 3 2 1 3 6205 6304 6305 6206
6356 3 2 1 3 6206 6305 6306 6207
6357 3 2 1 3 6207 6306 6307 6208
6358 3 2 1 3 6208 6307 6308 6209
6359 3 2 1 3 6209 6308 6309 6210
6360 3 2 1 3 6210 6309 6310 6211
6361 3 2 1 3 6211 6310 6311 6212
6362 3 2 1 3 6212 6311 6312 6213
6363 3 2 1 3 6213 6312 6313 6214
6364 3 2 1 3 6214 6313 6314 6215
6365 3 2 1 3 6215 6314 6315 6216
6366 3 2 1 3 6216 6315 6316 6217
6367 3 2 1 3 6217 6316 6317 6218
6368 3 2 1 3 6218 6317 6318 6219
6369 3 2 1 3 6219 6318 6319 6220
6370 3 2 1 3 6220 6319 6320 6221
6371 3 2 1 3 6221 6320 6321 6222
6372 3 2 1 3 6222 6321 6322 6223
6373 3 2 1 3 6223 6322 6323 6224
6374 3 2 1 3 6224 6323 6324 6225
6375 3 2 1 3 6225 6324 6325 6226
6376 3 2 1 3 6226 6325 6326 6227
6377 3 2 1 3 6227 6326 6327 6228
6378 3 2 1 3 6228 6327 6328 6229
6379 3 2 1 3 6229 6328 6329 6230
6380 3 2 1 3 6230 6329 276 277
6381 3 2 1 3 375 376 6330 6231
6382 3 2 1 3 6231 6330 6331 6232
6383 3 2 1 3 6232 6331 6332 6233
6384 3 2 1 3 6233 6332 6333 6234
6385 3 2 1 3 6234 6333 6334 6235
6386 3 2 1 3 6235 6334 6335 6236
6387 3 2 1 3 6236 6335 6336 6237
6388 3 2 1 3 6237 6336 6337 6238
6389 3 2 1 3 6238 6337 6338 6239
6390 3 2 1 3 6239 6338 6339 6240
6391 3 2 1 3 6240 6339 6340 6241
6392 3 2 1 3 6241 6340 6341 6242
6393 3 2 1 3 6242 6341 6342 6243
6394 3 2 1 3 6243 6342 6343 6244
6395 3 2 1 3 6244 6343 6344 6245
6396 3 2 1 3 6245 6344 6345 6246
6397 3 2 1 3 6246 6345 6346 6247
6398 3 2 1 3 6247 6346 6347 6248
6399 3 2 1 3 6248 6347 6348 6249
6400 3 2 1 3 6249 6348 6349 6250
6401 3 2 1 3 6250 6349 6350 6251
6402 3 2 1 3 6251 6350 6351 6252
6403 3 2 1 3 6252 6351 6352 6253
6404 3 2 1 3 6253 6352 6353 6254
6405 3 2 1 3 6254 6353 6354 6255
6406 3 2 1 3 6255 6354 6355 6256
6407 3 2 1 3 6256 6355 6356 6257
6408 3 2 1 3 6257 6356 6357 6258
6409 3 2 1 3 6258 6357 6358 6259
6410 3 2 1 3 6259 6358 6359 6260
6411 3 2 1 3 6260 6359 6360 6261
6412 3 2 1 3 6261 6360 6361 6262
6413 3 2 1 3 6262 6361 6362 6263
6414 3 2 1 3 6263 6362 6363 6264
6415 3 2 1 3 6264 6363 6364 6265
6416 3 2 1 3 6265 6364 6365 6266
6417 3 2 1 3 6266 6365 6366 6267
6418 3 2 1 3 6267 6366 6367 6268
6419 3 2 1 3 6268 6367 6368 6269
6420 3 2 1 3 6269 6368 6369 6270
6421 3 2 1 3 6270 6369 6370 6271
6422 3 2 1 3 6271 6370 6371 6272
6423 3 2 1 3 6272 6371 6372 6273
6424 3 2 1 3 6273 6372 6373 6274
6425 3 2 1 3 6274 6373 6374 6275
6426 3 2 1 3 6275 6374 6375 6276
6427 3 2 1 3 6276 6375 6376 6277
6428 3 2 1 3 6277 6376 6377 6278
6429 3 2 1 3 6278 6377 6378 6279
6430 3 2 1 3 6279 6378 6379 6280
6431 3 2 1 3 6280 6379 6380 6281
6432 3 2 1 3 6281 6380 6381 6282
6433 3 2 1 3 6282 6381 6382 6283
6434 3 2 1 3 6283 6382 6383 6284
6435 3 2 1 3 6284 6383 6384 6285
6436 3 2 1 3 6285 6384 6385 6286
6437 3 2 1 3 6286 6385 6386 6287
6438 3 2 1 3 6287 6386 6387 6288
6439 3 2 1 3 6288 6387 6388 6289
6440 3 2 1 3 6289 6388 6389 6290
6441 3 2 1 3 6290 6389 6390 6291
6442 3 2 1 3 6291 6390 6391 6292
6443 3 2 1 3 6292 6391 6392 6293
6444 3 2 1 3 6293 6392 6393 6294
6445 3 2 1 3 6294 6393 6394 6295
6446 3 2 1 3 6295 6394 6395 6296
6447 3 2 1 3 6296 6395 6396 6297
6448 3 2 1 3 6297 6396 6397 6298
6449 3 2 1 3 6298 6397 6398 6299
6450 3 2 1 3 6299 6398 6399 6300
6451 3 2 1 3 6300 6399 6400 6301
6452 3 2 1 3 6301 6400 6401 6302
6453 3 2 1 3 6302 6401 6402 6303
6454 3 2 1 3 6303 6402 6403 6304
6455 3 2 1 3 6304 6403 6404 6305
6456 3 2 1 3 6305 6404 6405 6306
6457 3 2 1 3 6306 6405 6406 6307
6458 3 2 1 3 6307 6406 6407 6308
6459 3 2 1 3 6308 6407 6408 6309
6460 3 2 1 3 6309 6408 6409 6310
6461 3 2 1 3 6310 6409 6410 6311
6462 3 2 1 3 6311 6410 6411 6312
6463 3 2 1 3 6312 6411 6412 6313
6464 3 2 1 3 6313 6412 6413 6314
6465 3 2 1 3 6314 6413 6414 6315
6466 3 2 1 3 6315 6414 6415 6316
6467 3 2 1 3 6316 6415 6416 6317
6468 3 2 1 3 6317 6416 6417 6318
6469 3 2 1 3 6318 6417 6418 6319
6470 3 2 1 3 6319 6418 6419 6320
6471 3 2 1 3 6320 6419 6420 6321
6472 3 2 1 3 6321 6420 6421 6322
6473 3 2 1 3 6322 6421 6422 6323
6474 3 2 1 3 6323 6422 6423 6324
6475 3 2 1 3 6324 6423 6424 6325
6476 3 2 1 3 6325 6424 6425 6326
6477 3 2 1 3 6326 6425 6426 6327
6478 3 2 1 3 6327 6426 6427 6328
6479 3 2 1 3 6328 6427 6428 6329
6480 3 2 1 3 6329 6428 275 276
6481 3 2 1 3 376 377 6429 6330
6482 3 2 1 3 6330 6429 6430 6331
6483 3 2 1 3 6331 6430 6431 6332
6484 3 2 1 3 6332 6431 6432 6333
6485 3 2 1 3 6333 6432 6433 6334
6486 3 2 1 3 6334 6433 6434 6335
6487 3 2 1 3 6335 6434 6435 6336
6488 3 2 1 3 6336 6435 6436 6337
6489 3 2 1 3 6337 6436 6437 6338
6490 3 2 1 3 6338 6437 6438 6339
6491 3 2 1 3 6339 6438 6439 6340
6492 3 2 1 3 6340 6439 6440 6341
6493 3 2 1 3 6341 6440 6441 6342
6494 3 2 1 3 6342 6441 6442 6343
6495 3 2 1 3 6343 6442 6443 6344
6496 3 2 1 3 6344 6443 6444 6345
6497 3 2 1 3 6345 6444 6445 6346
6498 3 2 1 3 6346 6445 6446 6347
6499 3 2 1 3 6347 6446 6447 6348
6500 3 2 1 3 6348 6447 6448 6349
6501 3 2 1 3 6349 6448 6449 6350
6502 3 2 1 3 6350 6449 6450 6351
6503 3 2 1 3 6351 6450 6451 6352
6504 3 2 1 3 6352 6451 6452 6353
6505 3 2 1 3 6353 6452 6453 6354
6506 3 2 1 3 6354 6453 6454 6355
6507 3 2 1 3 6355 6454 6455 6356
6508 3 2 1 3 6356 6455 6456 6357
6509 3 2 1 3 6357 6456 6457 6358
6510 3 2 1 3 6358 6457 6458 6359
6511 3 2 1 3 6359 6458 6459 6360
6512 3 2 1 3 6360 6459 6460 6361
6513 3 2 1 3 6361 6460 6461 6362
6514 3 2 1 3 6362 6461 6462 6363
6515 3 2 1 3 6363 6462 6463 6364
6516 3 2 1 3 6364 6463 6464 6365
6517 3 2 1 3 6365 6464 6465 6366
6518 3 2 1 3 6366 6465 6466 6367
6519 3 2 1 3 6367 6466 6467 6368
6520 3 2 1 3 6368 6467 6468 6369
6521 3 2 1 3 6369 6468 6469 6370
6522 3 2 1 3 6370 6469 6470 6371
6523 3 2 1 3 6371 6470 6471 6372
6524 3 2 1 3 6372 6471 6472 6373
6525 3 2 1 3 6373 6472 6473 6374
6526 3 2 1 3 6374 6473 6474 6375
6527 3 2 1 3 6375 6474 6475 6376
6528 3 2 1 3 6376 6475 6476 6377
6529 3 2 1 3 6377 6476 6477 6378
6530 3 2 1 3 6378 6477 6478 6379
6531 3 2 1 3 6379 6478 6479 6380
6532 3 2 1 3 6380 6479 6480 6381
6533 3 2 1 3 6381 6480 6481 6382
6534 3 2 1 3 6382 6481 6482 6383
6535 3 2 1 3 6383 6482 6483 6384
6536 3 2 1 3 6384 6483 6484 6385
6537 3 2 1 3 6385 6484 6485 6386
6538 3 2 1 3 6386 6485 6486 6387
6539 3 2 1 3 6387 6486 6487 6388
6540 3 2 1 3 6388 6487 6488 6389
6541 3 2 1 3 6389 6488 6489 6390
6542 3 2 1 3 6390 6489 6490 6391
6543 3 2 1 3 6391 6490 6491 6392
6544 3 2 1 3 6392 6491 6492 6393
6545 3 2 1 3 6393 6492 6493 6394
6546 3 2 1 3 6394 6493 6494 6395
6547 3 2 1 3 6395 6494 6495 6396
6548 3 2 1 3 6396 6495 6496 6397
6549 3 2 1 3 6397 6496 6497 6398
6550 3 2 1 3 6398 6497 6498 6399
6551 3 2 1 3 6399 6498 6499 6400
6552 3 2 1 3 6400 6499 6500 6401
6553 3 2 1 3 6401 6500 6501 6402
6554 3 2 1 3 6402 6501 6502 6403
6555 3 2 1 3 6403 6502 6503 6404
6556 3 2 1 3 6404 6503 6504 6405
6557 3 2 1 3 6405 6504 6505 6406
6558 3 2 1 3 6406 6505 6506 6407
6559 3 2 1 3 6407 6506 6507 6408
6560 3 2 1 3 6408 6507 6508 6409
6561 3 2 1 3 6409 6508 6509 6410
6562 3 2 1 3 6410 6509 6510 6411
6563 3 2 1 3 6411 6510 6511 6412
6564 3 2 1 3 6412 6511 6512 6413
6565 3 2 1 3 6413 6512 6513 6414
6566 3 2 1 3 6414 6513 6514 6415
6567 3 2 1 3 6415 6514 6515 6416
6568 3 2 1 3 6416 6515 6516 6417
6569 3 2 1 3 6417 6516 6517 6418
6570 3 2 1 3 6418 6517 6518 6419
6571 3 2 1 3 6419 6518 6519 6420
6572 3 2 1 3 6420 6519 6520 6421
6573 3 2 1 3 6421 6520 6521 6422
6574 3 2 1 3 6422 6521 6522 6423
6575 3 2 1 3 6423 6522 6523 6424
6576 3 2 1 3 6424 6523 6524 6425
6577 3 2 1 3 6425 6524 6525 6426
6578 3 2 1 3 6426 6525 6526 6427
6579 3 2 1 3 6427 6526 6527 6428
6580 3 2 1 3 6428 6527 274 275
6581 3 2 1 3 377 378 6528 6429
6582 3 2 1 3 6429 6528 6529 6430
6583 3 2 1 3 6430 6529 6530 6431
6584 3 2 1 3 6431 6530 6531 6432
6585 3 2 1 3 6432 6531 6532 6433
6586 3 2 1 3 6433 6532 6533 6434
6587 3 2 1 3 6434 6533 6534 6435
6588 3 2 1 3 6435 6534 6535 6436
6589 3 2 1 3 6436 6535 6536 6437
6590 3 2 1 3 6437 6536 6537 6438
6591 3 2 1 3 6438 6537 6538 6439
6592 3 2 1 3 6439 6538 6539 6440
6593 3 2 1 3 6440 6539 6540 6441
6594 3 2 1 3 6441 6540 6541 6442
6595 3 2 1 3 6442 6541 6542 6443
6596 3 2 1 3 6443 6542 6543 6444
6597 3 2 1 3 6444 6543 6544 6445
6598 3 2 1 3 6445 6544 6545 6446
6599 3 2 1 3 6446 6545 6546 6447
6600 3 2 1 3 6447 6546 6547 6448
6601 3 2 1 3 6448 6547 6548 6449
6602 3 2 1 3 6449 6548 6549 6450
6603 3 2 1 3 6450 6549 6550 6451
6604 3 2 1 3 6451 6550 6551 6452
6605 3 2 1 3 6452 6551 6552 6453
6606 3 2 1 3 6453 6552 6553 6454
6607 3 2 1 3 6454 6553 6554 6455
6608 3 2 1 3 6455 6554 6555 6456
6609 3 2 1 3 6456 6555 6556 6457
6610 3 2 1 3 6457 6556 6557 6458
6611 3 2 1 3 6458 6557 6558 6459
6612 3 2 1 3 6459 6558 6559 6460
6613 3 2 1 3 6460 6559 6560 6461
6614 3 2 1 3 6461 6560 6561 6462
6615 3 2 1 3 6462 6561 6562 6463
6616 3 2 1 3 6463 6562 6563 6464
6617 3 2 1 3 6464 6563 6564 6465
6618 3 2 1 3 6465 6564 6565 6466
6619 3 2 1 3 6466 6565 6566 6467
6620 3 2 1 3 6467 6566 6567 6468
6621 3 2 1 3 6468 6567 6568 6469
6622 3 2 1 3 6469 6568 6569 6470
6623 3 2 1 3 6470 6569 6570 6471
6624 3 2 1 3 6471 6570 6571 6472
6625 3 2 1 3 6472 6571 6572 6473
6626 3 2 1 3 6473 6572 6573 6474
6627 3 2 1 3 6474 6573 6574 6475
6628 3 2 1 3 6475 6574 6575 6476
6629 3 2 1 3 6476 6575 6576 6477
6630 3 2 1 3 6477 6576 6577 6478
6631 3 2 1 3 6478 6577 6578 6479
6632 3 2 1 3 6479 6578 6579 6480
6633 3 2 1 3 6480 6579 6580 6481
6634 3 2 1 3 6481 6580 6581 6482
6635 3 2 1 3 6482 6581 6582 6483
6636 3 2 1 3 6483 6582 6583 6484
6637 3 2 1 3 6484 6583 6584 6485
6638 3 2 1 3 6485 6584 6585 6486
6639 3 2 1 3 6486 6585 6586 6487
6640 3 2 1 3 6487 6586 6587 6488
6641 3 2 1 3 6488 6587 6588 6489
6642 3 2 1 3 6489 6588 6589 6490
6643 3 2 1 3 6490 6589 6590 6491
6644 3 2 1 3 6491 6590 6591 6492
6645 3 2 1 3 6492 6591 6592 6493
6646 3 2 1 3 6493 6592 6593 6494
6647 3 2 1 3 6494 6593 6594 6495
6648 3 2 1 3 6495 6594 6595 6496
6649 3 2 1 3 6496 6595 6596 6497
6650 3 2 1 3 6497 6596 6597 6498
6651 3 2 1 3 6498 6597 6598 6499
6652 3 2 1 3 6499 6598 6599 6500
6653 3 2 1 3 6500 6599 6600 6501
6654 3 2 1 3 6501 6600 6601 6502
6655 3 2 1 3 6502 6601 6602 6503
6656 3 2 1 3 6503 6602 6603 6504
6657 3 2 1 3 6504 6603 6604 6505
6658 3 2 1 3 6505 6604 6605 6506
6659 3 2 1 3 6506 6605 6606 6507
6660 3 2 1 3 6507 6606 6607 6508
6661 3 2 1 3 6508 6607 6608 6509
6662 3 2 1 3 6509 6608 6609 6510
6663 3 2 1 3 6510 6609 6610 6511
6664 3 2 1 3 6511 6610 6611 6512
6665 3 2 1 3 6512 6611 6612 6513
6666 3 2 1 3 6513 6612 6613 6514
6667 3 2 1 3 6514 6613 6614 6515
6668 3 2 1 3 6515 6614 6615 6516
6669 3 2 1 3 6516 6615 6616 6517
6670 3 2 1 3 6517 6616 6617 6518
6671 3 2 1 3 6518 6617 6618 6519
6672 3 2 1 3 6519 6618 6619 6520
6673 3 2 1 3 6520 6619 6620 6521
6674 3 2 1 3 6521 6620 6621 6522
6675 3 2 1 3 6522 6621 6622 6523
6676 3 2 1 3 6523 6622 6623 6524
6677 3 2 1 3 6524 6623 6624 6525
6678 3 2 1 3 6525 6624 6625 6526
6679 3 2 1 3 6526 6625 6626 6527
6680 3 2 1 3 6527 6626 273 274
6681 3 2 1 3 378 379 6627 6528
6682 3 2 1 3 6528 6627 6628 6529
6683 3 2 1 3 6529 6628 6629 6530
6684 3 2 1 3 6530 6629 6630 6531
6685 3 2 1 3 6531 6630 6631 6532
6686 3 2 1 3 6532 6631 6632 6533
6687 3 2 1 3 6533 6632 6633 6534
6688 3 2 1 3 6534 6633 6634 6535
6689 3 2 1 3 6535 6634 6635 6536
6690 3 2 1 3 6536 6635 6636 6537
6691 3 2 1 3 6537 6636 6637 6538
6692 3 2 1 3 6538 6637 6638 6539
6693 3 2 1 3 6539 6638 6639 6540
6694 3 2 1 3 6540 6639 6640 6541
6695 3 2 1 3 6541 6640 6641 6542
6696 3 2 1 3 6542 6641 6642 6543
6697 3 2 1 3 6543 6642 6643 6544
6698 3 2 1 3 6544 6643 6644 6545
6699 3 2 1 3 6545 6644 6645 6546
6700 3 2 1 3 6546 6645 6646 6547
6701 3 2 1 3 6547 6646 6647 6548
6702 3 2 1 3 6548 6647 6648 6549
6703 3 2 1 3 6549 6648 6649 6550
6704 3 2 1 3 6550 6649 6650 6551
6705 3 2 1 3 6551 6650 6651 6552
6706 3 2 1 3 6552 6651 6652 6553
6707 3 2 1 3 6553 6652 6653 6554
6708 3 2 1 3 6554 6653 6654 6555
6709 3 2 1 3 6555 6654 6655 6556
6710 3 2 1 3 6556 6655 6656 6557
6711 3 2 1 3 6557 6656 6657 6558
6712 3 2 1 3 6558 6657 6658 6559
6713 3 2 1 3 6559 6658 6659 6560
6714 3 2 1 3 6560 6659 6660 6561
6715 3 2 1 3 6561 6660 6661 6562
6716 3 2 1 3 6562 6661 6662 6563
6717 3 2 1 3 6563 6662 6663 6564
6718 3 2 1 3 6564 6663 6664 6565
6719 3 2 1 3 6565 6664 6665 6566
6720 3 2 1 3 6566 6665 6666 6567
6721 3 2 1 3 6567 6666 6667 6568
6722 3 2 1 3 6568 6667 6668 6569
6723 3 2 1 3 6569 6668 6669 6570
6724 3 2 1 3 6570 6669 6670 6571
6725 3 2 1 3 6571 6670 6671 6572
6726 3 2 1 3 6572 6671 6672 6573
6727 3 2 1 3 6573 6672 6673 6574
6728 3 2 1 3 6574 6673 6674 6575
6729 3 2 1 3 6575 6674 6675 6576
6730 3 2 1 3 6576 6675 6676 6577
6731 3 2 1 3 6577 6676 6677 6578
6732 3 2 1 3 6578 6677 6678 6579
6733 3 2 1 3 6579 6678 6679 6580
6734 3 2 1 3 6580 6679 6680 6581
6735 3 2 1 3 6581 6680 6681 6582
6736 3 2 1 3 6582 6681 6682 6583
6737 3 2 1 3 6583 6682 6683 6584
6738 3 2 1 3 6584 6683 6684 6585
6739 3 2 1 3 6585 6684 6685 6586
6740 3 2 1 3 6586 6685 6686 6587
6741 3 2 1 3 6587 6686 6687 6588
6742 3 2 1 3 6588 6687 6688 6589
6743 3 2 1 3 6589 6688 6689 6590
6744 3 2 1 3 6590 6689 6690 6591
6745 3 2 1 3 6591 6690 6691 6592
6746 3 2 1 3 6592 6691 6692 6593
6747 3 2 1 3 6593 6692 6693 6594
6748 3 2 1 3 6594 6693 6694 6595
6749 3 2 1 3 6595 6694 6695 6596
6750 3 2 1 3 6596 6695 6696 6597
6751 3 2 1 3 6597 6696 6697 6598
6752 3 2 1 3 6598 6697 6698 6599
6753 3 2 1 3 6599 6698 6699 6600
6754 3 2 1 3 6600 6699 6700 6601
6755 3 2 1 3 6601 6700 6701 6602
6756 3 2 1 3 6602 6701 6702 6603
6757 3 2 1 3 6603 6702 6703 6604
6758 3 2 1 3 6604 6703 6704 6605
6759 3 2 1 3 6605 6704 6705 6606
6760 3 2 1 3 6606 6705 6706 6607
6761 3 2 1 3 6607 6706 6707 6608
6762 3 2 1 3 6608 6707 6708 6609
6763 3 2 1 3 6609 6708 6709 6610
6764 3 2 1 3 6610 6709 6710 6611
6765 3 2 1 3 6611 6710 6711 6612
6766 3 2 1 3 6612 6711 6712 6613
6767 3 2 1 3 6613 6712 6713 6614
6768 3 2 1 3 6614 6713 6714 6615
6769 3 2 1 3 6615 6714 6715 6616
6770 3 2 1 3 6616 6715 6716 6617
6771 3 2 1 3 6617 6716 6717 6618
6772 3 2 1 3 6618 6717 6718 6619
6773 3 2 1 3 6619 6718 6719 6620
6774 3 2 1 3 6620 6719 6720 6621
6775 3 2 1 3 6621 6720 6721 6622
6776 3 2 1 3 6622 6721 6722 6623
6777 3 2 1 3 6623 6722 6723 6624
6778 3 2 1 3 6624 6723 6724 6625
6779 3 2 1 3 6625 6724 6725 6626
6780 3 2 1 3 6626 6725 272 273
6781 3 2 1 3 379 380 6726 6627
6782 3 2 1 3 6627 6726 6727 6628
6783 3 2 1 3 6628 6727 6728 6629
6784 3 2 1 3 6629 6728 6729 6630
6785 3 2 1 3 6630 6729 6730 6631
6786 3 2 1 3 6631 6730 6731 6632
6787 3 2 1 3 6632 6731 6732 6633
6788 3 2 1 3 6633 6732 6733 6634
6789 3 2 1 3 6634 6733 6734 6635
6790 3 2 1 3 6635 6734 6735 6636
6791 3 2 1 3 6636 6735 6736 6637
6792 3 2 1 3 6637 6736 6737 6638
6793 3 2 1 3 6638 6737 6738 6639
6794 3 2 1 3 6639 6738 6739 6640
6795 3 2 1 3 6640 6739 6740 6641
6796 3 2 1 3 6641 6740 6741 6642
6797 3 2 1 3 6642 6741 6742 6643
6798 3 2 1 3 6643 6742 6743 6644
6799 3 2 1 3 6644 6743 6744 6645
6800 3 2 1 3 6645 6744 6745 6646
6801 3 2 1 3 6646 6745 6746 6647
6802 3 2 1 3 6647 6746 6747 6648
6803 3 2 1 3 6648 6747 6748 6649
6804 3 2 1 3 6649 6748 6749 6650
6805 3 2 1 3 6650 6749 6750 6651
6806 3 2 1 3 6651 6750 6751 6652
6807 3 2 1 3 6652 6751 6752 6653
6808 3 2 1 3 6653 6752 6753 6654
6809 3 2 1 3 6654 6753 6754 6655
6810 3 2 1 3 6655 6754 6755 6656
6811 3 2 1 3 6656 6755 6756 6657
6812 3 2 1 3 6657 6756 6757 6658
6813 3 2 1 3 6658 6757 6758 6659
6814 3 2 1 3 6659 6758 6759 6660
6815 3 2 1 3 6660 6759 6760 6661
6816 3 2 1 3 6661 6760 6761 6662
6817 3 2 1 3 6662 6761 6762 6663
6818 3 2 1 3 6663 6762 6763 6664
6819 3 2 1 3 6664 6763 6764 6665
6820 3 2 1 3 6665 6764 6765 6666
6821 3 2 1 3 6666 6765 6766 6667
6822 3 2 1 3 6667 6766 6767 6668
6823 3 2 1 3 6668 6767 6768 6669
6824 3 2 1 3 6669 6768 6769 6670
6825 3 2 1 3 6670 6769 6770 6671
6826 3 2 1 3 6671 6770 6771 6672
6827 3 2 1 3 6672 6771 6772 6673
6828 3 2 1 3 6673 6772 6773 6674
6829 3 2 1 3 6674 6773 6774 6675
6830 3 2 1 3 6675 6774 6775 6676
6831 3 2 1 3 6676 6775 6776 6677
6832 3 2 1 3 6677 6776 6777 6678
6833 3 2 1 3 6678 6777 6778 6679
6834 3 2 1 3 6679 6778 6779 6680
6835 3 2 1 3 6680 6779 6780 6681
6836 3 2 1 3 6681 6780 6781 6682
6837 3 2 1 3 6682 6781 6782 6683
6838 3 2 1 3 6683 6782 6783 6684
6839 3 2 1 3 6684 6783 6784 6685
6840 3 2 1 3 6685 6784 6785 6686
6841 3 2 1 3 6686 6785 6786 6687
6842 3 2 1 3 6687 6786 6787 6688
6843 3 2 1 3 6688 6787 6788 6689
6844 3 2 1 3 6689 6788 6789 6690
6845 3 2 1 3 6690 6789 6790 6691
6846 3 2 1 3 6691 6790 6791 6692
6847 3 2 1 3 6692 6791 6792 6693
6848 3 2 1 3 6693 6792 6793 6694
6849 3 2 1 3 6694 6793 6794 6695
6850 3 2 1 3 6695 6794 6795 6696
6851 3 2 1 3 6696 6795 6796 6697
6852 3 2 1 3 6697 6796 6797 6698
6853 3 2 1 3 6698 6797 6798 6699
6854 3 2 1 3 6699 6798 6799 6700
6855 3 2 1 3 6700 6799 6800 6701
6856 3 2 1 3 6701 6800 6801 6702
6857 3 2 1 3 6702 6801 6802 6703
6858 3 2 1 3 6703 6802 6803 6704
6859 3 2 1 3 6704 6803 6804 6705
6860 3 2 1 3 6705 6804 6805 6706
6861 3 2 1 3 6706 6805 6806 6707
6862 3 2 1 3 6707 6806 6807 6708
6863 3 2 1 3 6708 6807 6808 6709
6864 3 2 1 3 6709 6808 6809 6710
6865 3 2 1 3 6710 6809 6810 6711
6866 3 2 1 3 6711 6810 6811 6712
6867 3 2 1 3 6712 6811 6812 6713
6868 3 2 1 3 6713 6812 6813 6714
6869 3 2 1 3 6714 6813 6814 6715
6870 3 2 1 3 6715 6814 6815 6716
6871 3 2 1 3 6716 6815 6816 6717
6872 3 2 1 3 6717 6816 6817 6718
6873 3 2 1 3 6718 6817 6818 6719
6874 3 2 1 3 6719 6818 6819 6720
6875 3 2 1 3 6720 6819 6820 6721
6876 3 2 1 3 6721 6820 6821 6722
6877 3 2 1 3 6722 6821 6822 6723
6878 3 2 1 3 6723 6822 6823 6724
6879 3 2 1 3 6724 6823 6824 6725
6880 3 2 1 3 6725 6824 271 272
6881 3 2 1 3 380 381 6825 6726
6882 3 2 1 3 6726 6825 6826 6727
6883 3 2 1 3 6727 6826 6827 6728
6884 3 2 1 3 6728 6827 6828 6729
6885 3 2 1 3 6729 6828 6829 6730
6886 3 2 1 3 6730 6829 6830 6731
6887 3 2 1 3 6731 6830 6831 6732
6888 3 2 1 3 6732 6831 6832 6733
6889 3 2 1 3 6733 6832 6833 6734
6890 3 2 1 3 6734 6833 6834 6735
6891 3 2 1 3 6735 6834 6835 6736
6892 3 2 1 3 6736 6835 6836 6737
6893 3 2 1 3 6737 6836 6837 6738
6894 3 2 1 3 6738 6837 6838 6739
6895 3 2 1 3 6739 6838 6839 6740
6896 3 2 1 3 6740 6839 6840 6741
6897 3 2 1 3 6741 6840 6841 6742
6898 3 2 1 3 6742 6841 6842 6743
6899 3 2 1 3 6743 6842 6843 6744
6900 3 2 1 3 6744 6843 6844 6745
6901 3 2 1 3 6745 6844 6845 6746
6902 3 2 1 3 6746 6845 6846 6747
6903 3 2 1 3 6747 6846 6847 6748
6904 3 2 1 3 6748 6847 6848 6749
6905 3 2 1 3 6749 6848 6849 6750
6906 3 2 1 3 6750 6849 6850 6751
6907 3 2 1 3 6751 6850 6851 6752
6908 3 2 1 3 6752 6851 6852 6753
6909 3 2 1 3 6753 6852 6853 6754
6910 3 2 1 3 6754 6853 6854 6755
6911 3 2 1 3 6755 6854 6855 6756
6912 3 2 1 3 6756 6855 6856 6757
6913 3 2 1 3 6757 6856 6857 6758
6914 3 2 1 3 6758 6857 6858 6759
6915 3 2 1 3 6759 6858 6859 6760
6916 3 2 1 3 6760 6859 6860 6761
6917 3 2 1 3 6761 6860 6861 6762
6918 3 2 1 3 6762 6861 6862 6763
6919 3 2 1 3 6763 6862 6863 6764
6920 3 2 1 3 6764 6863 6864 6765
6921 3 2 1 3 6765 6864 6865 6766
6922 3 2 1 3 6766 6865 6866 6767
6923 3 2 1 3 6767 6866 6867 6768
6924 3 2 1 3 6768 6867 6868 6769
6925 3 2 1 3 6769 6868 6869 6770
6926 3 2 1 3 6770 6869 6870 6771
6927 3 2 1 3 6771 6870 6871 6772
6928 3 2 1 3 6772 6871 6872 6773
6929 3 2 1 3 6773 6872 6873 6774
6930 3 2 1 3 6774 6873 6874 6775
6931 3 2 1 3 6775 6874 6875 6776
6932 3 2 1 3 6776 6875 6876 6777
6933 3 2 1 3 6777 6876 6877 6778
6934 3 2 1 3 6778 6877 6878 6779
6935 3 2 1 3 6779 6878 6879 6780
6936 3 2 1 3 6780 6879 6880 6781
6937 3 2 1 3 6781 6880 6881 6782
6938 3 2 1 3 6782 6881 6882 6783
6939 3 2 1 3 6783 6882 6883 6784
6940 3 2 1 3 6784 6883 6884 6785
6941 3 2 1 3 6785 6884 6885 6786
6942 3 2 1 3 6786 6885 6886 6787
6943 3 2 1 3 6787 6886 6887 6788
6944 3 2 1 3 6788 6887 6888 6789
6945 3 2 1 3 6789 6888 6889 6790
6946 3 2 1 3 6790 6889 6890 6791
6947 3 2 1 3 6791 6890 6891 6792
6948 3 2 1 3 6792 6891 6892 6793
6949 3 2 1 3 6793 6892 6893 6794
6950 3 2 1 3 6794 6893 6894 6795
6951 3 2 1 3 6795 6894 6895 6796
6952 3 2 1 3 6796 6895 6896 6797
6953 3 2 1 3 6797 6896 6897 6798
6954 3 2 1 3 6798 6897 6898 6799
6955 3 2 1 3 6799 6898 6899 6800
6956 3 2 1 3 6800 6899 6900 6801
6957 3 2 1 3 6801 6900 6901 6802
6958 3 2 1 3 6802 6901 6902 6803
6959 3 2 1 3 6803 6902 6903 6804
6960 3 2 1 3 6804 6903 6904 6805
6961 3 2 1 3 6805 6904 6905 6806
6962 3 2 1 3 6806 6905 6906 6807
6963 3 2 1 3 6807 6906 6907 6808
6964 3 2 1 3 6808 6907 6908 6809
6965 3 2 1 3 6809 6908 6909 6810
6966 3 2 1 3 6810 6909 6910 6811
6967 3 2 1 3 6811 6910 6911 6812
6968 3 2 1 3 6812 6911 6912 6813
6969 3 2 1 3 6813 6912 6913 6814
6970 3 2 1 3 6814 6913 6914 6815
6971 3 2 1 3 6815 6914 6915 6816
6972 3 2 1 3 6816 6915 6916 6817
6973 3 2 1 3 6817 6916 6917 6818
6974 3 2 1 3 6818 6917 6918 6819
6975 3 2 1 3 6819 6918 6919 6820
6976 3 2 1 3 6820 6919 6920 6821
6977 3 2 1 3 6821 6920 6921 6822
6978 3 2 1 3 6822 6921 6922 6823
6979 3 2 1 3 6823 6922 6923 6824
6980 3 2 1 3 6824 6923 270 271
6981 3 2 1 3 381 382 6924 6825
6982 3 2 1 3 6825 6924 6925 6826
6983 3 2 1 3 6826 6925 6926 6827
6984 3 2 1 3 6827 6926 6927 6828
6985 3 2 1 3 6828 6927 6928 6829
6986 3 2 1 3 6829 6928 6929 6830
6987 3 2 1 3 6830 6929 6930 6831
6988 3 2 1 3 6831 6930 6931 6832
6989 3 2 1 3 6832 6931 6932 6833
6990 3 2 1 3 6833 6932 6933 6834
6991 3 2 1 3 6834 6933 6934 6835
6992 3 2 1 3 6835 6934 6935 6836
6993 3 2 1 3 6836 6935 6936 6837
6994 3 2 1 3 6837 6936 6937 6838
6995 3 2 1 3 6838 6937 6938 6839
6996 3 2 1 3 6839 6938 6939 6840
6997 3 2 1 3 6840 6939 6940 6841
6998 3 2 1 3 6841 6940 6941 6842
6999 3 2 1 3 6842 6941 6942 6843
7000 3 2 1 3 6843 6942 6943 6844
7001 3 2 1 3 6844 6943 6944 6845
7002 3 2 1 3 6845 6944 6945 6846
7003 3 2 1 3 6846 6945 6946 6847
7004 3 2 1 3 6847 6946 6947 6848
7005 3 2 1 3 6848 6947 6948 6849
7006 3 2 1 3 6849 6948 6949 6850
7007 3 2 1 3 6850 6949 6950 6851
7008 3 2 1 3 6851 6950 6951 6852
7009 3 2 1 3 6852 6951 6952 6853
7010 3 2 1 3 6853 6952 6953 6854
7011 3 2 1 3 6854 6953 6954 6855
7012 3 2 1 3 6855 6954 6955 6856
7013 3 2 1 3 6856 6955 6956 6857
7014 3 2 1 3 6857 6956 6957 6858
7015 3 2 1 3 6858 6957 6958 6859
7016 3 2 1 3 6859 6958 6959 6860
7017 3 2 1 3 6860 6959 6960 6861
7018 3 2 1 3 6861 6960 6961 6862
7019 3 2 1 3 6862 6961 6962 6863
7020 3 2 1 3 6863 6962 6963 6864
7021 3 2 1 3 6864 6963 6964 6865
7022 3 2 1 3 6865 6964 6965 6866
7023 3 2 1 3 6866 6965 6966 6867
7024 3 2 1 3 6867 6966 6967 6868
7025 3 2 1 3 6868 6967 6968 6869
7026 3 2 1 3 6869 6968 6969 6870
7027 3 2 1 3 6870 6969 6970 6871
7028 3 2 1 3 6871 6970 6971 6872
7029 3 2 1 3 6872 6971 6972 6873
7030 3 2 1 3 6873 6972 6973 6874
7031 3 2 1 3 6874 6973 6974 6875
7032 3 2 1 3 6875 6974 6975 6876
7033 3 2 1 3 6876 6975 6976 6877
7034 3 2 1 3 6877 6976 6977 6878
7035 3 2 1 3 6878 6977 6978 6879
7036 3 2 1 3 6879 6978 6979 6880
7037 3 2 1 3 6880 6979 6980 6881
7038 3 2 1 3 6881 6980 6981 6882
7039 3 2 1 3 6882 6981 6982 6883
7040 3 2 1 3 6883 6982 6983 6884
7041 3 2 1 3 6884 6983 6984 6885
7042 3 2 1 3 6885 6984 6985 6886
7043 3 2 1 3 6886 6985 6986 6887
7044 3 2 1 3 6887 6986 6987 6888
7045 3 2 1 3 6888 6987 6988 6889
7046 3 2 1 3 6889 6988 6989 6890
7047 3 2 1 3 6890 6989 6990 6891
7048 3 2 1 3 6891 6990 6991 6892
7049 3 2 1 3 6892 6991 6992 6893
7050 3 2 1 3 6893 6992 6993 6894
7051 3 2 1 3 6894 6993 6994 6895
7052 3 2 1 3 6895 6994 6995 6896
7053 3 2 1 3 6896 6995 6996 6897
7054 3 2 1 3 6897 6996 6997 6898
7055 3 2 1 3 6898 6997 6998 6899
7056 3 2 1 3 6899 6998 6999 6900
7057 3 2 1 3 6900 6999 7000 6901
7058 3 2 1 3 6901 7000 7001 6902
7059 3 2 1 3 6902 7001 7002 6903
7060 3 2 1 3 6903 7002 7003 6904
7061 3 2 1 3 6904 7003 7004 6905
7062 3 2 1 3 6905 7004 7005 6906
7063 3 2 1 3 6906 7005 7006 6907
7064 3 2 1 3 6907 7006 7007 6908
7065 3 2 1 3 6908 7007 7008 6909
7066 3 2 1 3 6909 7008 7009 6910
7067 3 2 1 3 6910 7009 7010 6911
7068 3 2 1 3 6911 7010 7011 6912
7069 3 2 1 3 6912 7011 7012 6913
7070 3 2 1 3 6913 7012 7013 6914
7071 3 2 1 3 6914 7013 7014 6915
7072 3 2 1 3 6915 7014 7015 6916
7073 3 2 1 3 6916 7015 7016 6917
7074 3 2 1 3 6917 7016 7017 6918
7075 3 2 1 3 6918 7017 7018 6919
7076 3 2 1 3 6919 7018 7019 6920
7077 3 2 1 3 6920 7019 7020 6921
7078 3 2 1 3 6921 7020 7021 6922
7079 3 2 1 3 6922 7021 7022 6923
7080 3 2 1 3 6923 7022 269 270
7081 3 2 1 3 382 383 7023 6924
7082 3 2 1 3 6924 7023 7024 6925
7083 3 2 1 3 6925 7024 7025 6926
7084 3 2 1 3 6926 7025 7026 6927
7085 3 2 1 3 6927 7026 7027 6928
7086 3 2 1 3 6928 7027 7028 6929
7087 3 2 1 3 6929 7028 7029 6930
7088 3 2 1 3 6930 7029 7030 6931
7089 3 2 1 3 6931 7030 7031 6932
7090 3 2 1 3 6932 7031 7032 6933
7091 3 2 1 3 6933 7032 7033 6934
7092 3 2 1 3 6934 7033 7034 6935
7093 3 2 1 3 6935 7034 7035 6936
7094 3 2 1 3 6936 7035 7036 6937
7095 3 2 1 3 6937 7036 7037 6938
7096 3 2 1 3 6938 7037 7038 6939
7097 3 2 1 3 6939 7038 7039 6940
7098 3 2 1 3 6940 7039 7040 6941
7099 3 2 1 3 6941 7040 7041 6942
7100 3 2 1 3 6942 7041 7042 6943
7101 3 2 1 3 6943 7042 7043 6944
7102 3 2 1 3 6944 7043 7044 6945
7103 3 2 1 3 6945 7044 7045 6946
7104 3 2 1 3 6946 7045 7046 6947
7105 3 2 1 3 6947 7046 7047 6948
7106 3 2 1 3 6948 7047 7048 6949
7107 3 2 1 3 6949 7048 7049 6950
7108 3 2 1 3 6950 7049 7050 6951
7109 3 2 1 3 6951 7050 7051 6952
7110 3 2 1 3 6952 7051 7052 6953
7111 3 2 1 3 6953 7052 7053 6954
7112 3 2 1 3 6954 7053 7054 6955
7113 3 2 1 3 6955 7054 7055 6956
7114 3 2 1 3 6956 7055 7056 6957
7115 3 2 1 3 6957 7056 7057 6958
7116 3 2 1 3 6958 7057 7058 6959
7117 3 2 1 3 6959 7058 7059 6960
7118 3 2 1 3 6960 7059 7060 6961
7119 3 2 1 3 6961 7060 7061 6962
7120 3 2 1 3 6962 7061 7062 6963
7121 3 2 1 3 6963 7062 7063 6964
7122 3 2 1 3 6964 7063 7064 6965
7123 3 2 1 3 6965 7064 7065 6966
7124 3 2 1 3 6966 7065 7066 6967
7125 3 2 1 3 6967 7066 7067 6968
7126 3 2 1 3 6968 7067 7068 6969
7127 3 2 1 3 6969 7068 7069 6970
7128 3 2 1 3 6970 7069 7070 6971
7129 3 2 1 3 6971 7070 7071 6972
7130 3 2 1 3 6972 7071 7072 6973
7131 3 2 1 3 6973 7072 7073 6974
7132 3 2 1 3 6974 7073 7074 6975
7133 3 2 1 3 6975 7074 7075 6976
7134 3 2 1 3 6976 7075 7076 6977
7135 3 2 1 3 6977 7076 7077 6978
7136 3 2 1 3 6978 7077 7078 6979
7137 3 2 1 3 6979 7078 7079 6980
7138 3 2 1 3 6980 7079 7080 6981
7139 3 2 1 3 6981 7080 7081 6982
7140 3 2 1 3 6982 7081 7082 6983
7141 3 2 1 3 6983 7082 7083 6984
7142 3 2 1 3 6984 7083 7084 6985
7143 3 2 1 3 6985 7084 7085 6986
7144 3 2 1 3 6986 7085 7086 6987
7145 3 2 1 3 6987 7086 7087 6988
7146 3 2 1 3 6988 7087 7088 6989
7147 3 2 1 3 6989 7088 7089 6990
7148 3 2 1 3 6990 7089 7090 6991
7149 3 2 1 3 6991 7090 7091 6992
7150 3 2 1 3 6992 7091 7092 6993
7151 3 2 1 3 6993 7092 7093 6994
7152 3 2 1 3 6994 7093 7094 6995
7153 3 2 1 3 6995 7094 7095 6996
7154 3 2 1 3 6996 7095 7096 6997
7155 3 2 1 3 6997 7096 7097 6998
7156 3 2 1 3 6998 7097 7098 6999
7157 3 2 1 3 6999 7098 7099 7000
7158 3 2 1 3 7000 7099 7100 7001
7159 3 2 1 3 7001 7100 7101 7002
7160 3 2 1 3 7002 7101 7102 7003
7161 3 2 1 3 7003 7102 7103 7004
7162 3 2 1 3 7004 7103 7104 7005
7163 3 2 1 3 7005 7104 7105 7006
7164 3 2 1 3 7006 7105 7106 7007
7165 3 2 1 3 7007 7106 7107 7008
7166 3 2 1 3 7008 7107 7108 7009
7167 3 2 1 3 7009 7108 7109 7010
7168 3 2 1 3 7010 7109 7110 7011
7169 3 2 1 3 7011 7110 7111 7012
7170 3 2 1 3 7012 7111 7112 7013
7171 3 2 1 3 7013 7112 7113 7014
7172 3 2 1 3 7014 7113 7114 7015
7173 3 2 1 3 7015 7114 7115 7016
7174 3 2 1 3 7016 7115 7116 7017
7175 3 2 1 3 7017 7116 7117 7018
7176 3 2 1 3 7018 7117 7118 7019
7177 3 2 1 3 7019 7118 7119 7020
7178 3 2 1 3 7020 7119 7120 7021
7179 3 2 1 3 7021 7120 7121 7022
7180 3 2 1 3 7022 7121 268 269
7181 3 2 1 3 383 2 139 7023
7182 3 2 1 3 7023 139 138 7024
7183 3 2 1 3 7024 138 137 7025
7184 3 2 1 3 7025 137 136 7026
7185 3 2 1 3 7026 136 135 7027
7186 3 2 1 3 7027 135 134 7028
7187 3 2 1 3 7028 134 133 7029
7188 3 2 1 3 7029 133 132 7030
7189 3 2 1 3 7030 132 131 7031
7190 3 2 1 3 7031 131 130 7032
7191 3 2 1 3 7032 130 129 7033
7192 3 2 1 3 7033 129 128 7034
7193 3 2 1 3 7034 128 127 7035
7194 3 2 1 3 7035 127 126 7036
7195 3 2 1 3 7036 126 125 7037
7196 3 2 1 3 7037 125 124 7038
7197 3 2 1 3 7038 124 123 7039
7198 3 2 1 3 7039 123 122 7040
7199 3 2 1 3 7040 122 121 7041
7200 3 2 1 3 7041 121 120 7042
7201 3 2 1 3 7042 120 119 7043
7202 3 2 1 3 7043 119 118 7044
7203 3 2 1 3 7044 118 117 7045
7204 3 2 1 3 7045 117 116 7046
7205 3 2 1 3 7046 116 115 7047
7206 3 2 1 3 7047 115 114 7048
7207 3 2 1 3 7048 114 113 7049
7208 3 2 1 3 7049 113 112 7050
7209 3 2 1 3 7050 112 111 7051
7210 3 2 1 3 7051 111 110 7052
7211 3 2 1 3 7052 110 109 7053
7212 3 2 1 3 7053 109 108 7054
7213 3 2 1 3 7054 108 107 7055
7214 3 2 1 3 7055 107 106 7056
7215 3 2 1 3 7056 106 105 7057
7216 3 2 1 3 7057 105 104 7058
7217 3 2 1 3 7058 104 103 7059
7218 3 2 1 3 7059 103 102 7060
7219 3 2 1 3 7060 102 101 7061
7220 3 2 1 3 7061 101 100 7062
7221 3 2 1 3 7062 100 99 7063
7222 3 2 1 3 7063 99 98 7064
7223 3 2 1 3 7064 98 97 7065
7224 3 2 1 3 7065 97 96 7066
7225 3 2 1 3 7066 96 95 7067
7226 3 2 1 3 7067 95 94 7068
7227 3 2 1 3 7068 94 93 7069
7228 3 2 1 3 7069 93 92 7070
7229 3 2 1 3 7070 92 91 7071
7230 3 2 1 3 7071 91 90 7072
7231 3 2 1 3 7072 90 89 7073
7232 3 2 1 3 7073 89 88 7074
7233 3 2 1 3 7074 88 87 7075
7234 3 2 1 3 7075 87 86 7076
7235 3 2 1 3 7076 86 85 7077
7236 3 2 1 3 7077 85 84 7078
7237 3 2 1 3 7078 84 83 7079
7238 3 2 1 3 7079 83 82 7080
7239 3 2 1 3 7080 82 81 7081
7240 3 2 1 3 7081 81 80 7082
7241 3 2 1 3 7082 80 79 7083
7242 3 2 1 3 7083 79 78 7084
7243 3 2 1 3 7084 78 77 7085
7244 3 2 1 3 7085 77 76 7086
7245 3 2 1 3 7086 76 75 7087
7246 3 2 1 3 7087 75 74 7088
7247 3 2 1 3 7088 74 73 7089
7248 3 2 1 3 7089 73 72 7090
7249 3 2 1 3 7090 72 71 7091
7250 3 2 1 3 7091 71 70 7092
7251 3 2 1 3 7092 70 69 7093
7252 3 2 1 3 7093 69 68 7094
7253 3 2 1 3 7094 68 67 7095
7254 3 2 1 3 7095 67 66 7096
7255 3 2 1 3 7096 66 65 7097
7256 3 2 1 3 7097 65 64 7098
7257 3 2 1 3 7098 64 63 7099
7258 3 2 1 3 7099 63 62 7100
7259 3 2 1 3 7100 62 61 7101
7260 3 2 1 3 7101 61 60 7102
7261 3 2 1 3 7102 60 59 7103
7262 3 2 1 3 7103 59 58 7104
7263 3 2 1 3 7104 58 57 7105
7264 3 2 1 3 7105 57 56 7106
7265 3 2 1 3 7106 56 55 7107
7266 3 2 1 3 7107 55 54 7108
7267 3 2 1 3 7108 54 53 7109
7268 3 2 1 3 7109 53 52 7110
7269 3 2 1 3 7110 52 51 7111
7270 3 2 1 3 7111 51 50 7112
7271 3 2 1 3 7112 50 49 7113
7272 3 2 1 3 7113 49 48 7114
7273 3 2 1 3 7114 48 47 7115
7274 3 2 1 3 7115 47 46 7116
7275 3 2 1 3 7116 46 45 7117
7276 3 2 1 3 7117 45 44 7118
7277 3 2 1 3 7118 44 43 7119
7278 3 2 1 3 7119 43 42 7120
7279 3 2 1 3 7120 42 41 7121
7280 3 2 1 3 7121 41 1 268
7281 3 2 2 4 8 483 7122 538
7282 3 2 2 4 538 7122 7123 537
7283 3 2 2 4 537 7123 7124 536
7284 3 2 2 4 536 7124 7125 535
7285 3 2 2 4 535 7125 7126 534
7286 3 2 2 4 534 7126 7127 533
7287 3 2 2 4 533 7127 7128 532
7288 3 2 2 4 532 7128 7129 531
7289 3 2 2 4 531 7129 7130 530
7290 3 2 2 4 530 7130 529 11
7291 3 2 2 4 483 484 7131 7122
7292 3 2 2 4 7122 7131 7132 7123
7293 3 2 2 4 7123 7132 7133 7124
7294 3 2 2 4 7124 7133 7134 7125
7295 3 2 2 4 7125 7134 7135 7126
7296 3 2 2 4 7126 7135 7136 7127
7297 3 2 2 4 7127 7136 7137 7128
7298 3 2 2 4 7128 7137 7138 7129
7299 3 2 2 4 7129 7138 7139 7130
7300 3 2 2 4 7130 7139 528 529
7301 3 2 2 4 484 485 7140 7131
7302 3 2 2 4 7131 7140 7141 7132
7303 3 2 2 4 7132 7141 7142 7133
7304 3 2 2 4 7133 7142 7143 7134
7305 3 2 2 4 7134 7143 7144 7135
7306 3 2 2 4 7135 7144 7145 7136
7307 3 2 2 4 7136 7145 7146 7137
7308 3 2 2 4 7137 7146 7147 7138
7309 3 2 2 4 7138 7147 7148 7139
7310 3 2 2 4 7139 7148 527 528
7311 3 2 2 4 485 486 7149 7140
7312 3 2 2 4 7140 7149 7150 7141
7313 3 2 2 4 7141 7150 7151 7142
7314 3 2 2 4 7142 7151 7152 7143
7315 3 2 2 4 7143 7152 7153 7144
7316 3 2 2 4 7144 7153 7154 7145
7317 3 2 2 4 7145 7154 7155 7146
7318 3 2 2 4 7146 7155 7156 7147
7319 3 2 2 4 7147 7156 7157 7148
7320 3 2 2 4 7148 7157 526 527
7321 3 2 2 4 486 487 7158 7149
7322 3 2 2 4 7149 7158 7159 7150
7323 3 2 2 4 7150 7159 7160 7151
7324 3 2 2 4 7151 7160 7161 7152
7325 3 2 2 4 7152 7161 7162 7153
7326 3 2 2 4 7153 7162 7163 7154
7327 3 2 2 4 7154 7163 7164 7155
7328 3 2 2 4 7155 7164 7165 7156
7329 3 2 2 4 7156 7165 7166 7157
7330 3 2 2 4 7157 7166 525 526
7331 3 2 2 4 487 488 7167 7158
7332 3 2 2 4 7158 7167 7168 7159
7333 3 2 2 4 7159 7168 7169 7160
7334 3 2 2 4 7160 7169 7170 7161
7335 3 2 2 4 7161 7170 7171 7162
7336 3 2 2 4 7162 7171 7172 7163
7337 3 2 2 4 7163 7172 7173 7164
7338 3 2 2 4 7164 7173 7174 7165
7339 3 2 2 4 7165 7174 7175 7166
7340 3 2 2 4 7166 7175 524 525
7341 3 2 2 4 488 489 7176 7167
7342 3 2 2 4 7167 7176 7177 7168
7343 3 2 2 4 7168 7177 7178 7169
7344 3 2 2 4 7169 7178 7179 7170
7345 3 2 2 4 7170 7179 7180 7171
7346 3 2 2 4 7171 7180 7181 7172
7347 3 2 2 4 7172 7181 7182 7173
7348 3 2 2 4 7173 7182 7183 7174
7349 3 2 2 4 7174 7183 7184 7175
7350 3 2 2 4 7175 7184 523 524
7351 3 2 2 4 489 490 7185 7176
7352 3 2 2 4 7176 7185 7186 7177
7353 3 2 2 4 7177 7186 7187 7178
7354 3 2 2 4 7178 7187 7188 7179
7355 3 2 2 4 7179 7188 7189 7180
7356 3 2 2 4 7180 7189 7190 7181
7357 3 2 2 4 7181 7190 7191 7182
7358 3 2 2 4 7182 7191 7192 7183
7359 3 2 2 4 7183 7192 7193 7184
7360 3 2 2 4 7184 7193 522 523
7361 3 2 2 4 490 491 7194 7185
7362 3 2 2 4 7185 7194 7195 7186
7363 3 2 2 4 7186 7195 7196 7187
7364 3 2 2 4 7187 7196 7197 7188
7365 3 2 2 4 7188 7197 7198 7189
7366 3 2 2 4 7189 7198 7199 7190
7367 3 2 2 4 7190 7199 7200 7191
7368 3 2 2 4 7191 7200 7201 7192
7369 3 2 2 4 7192 7201 7202 7193
7370 3 2 2 4 7193 7202 521 522
7371 3 2 2 4 491 492 7203 7194
7372 3 2 2 4 7194 7203 7204 7195
7373 3 2 2 4 7195 7204 7205 7196
7374 3 2 2 4 7196 7205 7206 7197
7375 3 2 2 4 7197 7206 7207 7198
7376 3 2 2 4 7198 7207 7208 7199
7377 3 2 2 4 7199 7208 7209 7200
7378 3 2 2 4 7200 7209 7210 7201
7379 3 2 2 4 7201 7210 7211 7202
7380 3 2 2 4 7202 7211 520 521
7381 3 2 2 4 492 493 7212 7203
7382 3 2 2 4 7203 7212 7213 7204
7383 3 2 2 4 7204 7213 7214 7205
7384 3 2 2 4 7205 7214 7215 7206
7385 3 2 2 4 7206 7215 7216 7207
7386 3 2 2 4 7207 7216 7217 7208
7387 3 2 2 4 7208 7217 7218 7209
7388 3 2 2 4 7209 7218 7219 7210
7389 3 2 2 4 7210 7219 7220 7211
7390 3 2 2 4 7211 7220 519 520
7391 3 2 2 4 493 494 7221 7212
7392 3 2 2 4 7212 7221 7222 7213
7393 3 2 2 4 7213 7222 7223 7214
7394 3 2 2 4 7214 7223 7224 7215
7395 3 2 2 4 7215 7224 7225 7216
7396 3 2 2 4 7216 7225 7226 7217
7397 3 2 2 4 7217 7226 7227 7218
7398 3 2 2 4 7218 7227 7228 7219
7399 3 2 2 4 7219 7228 7229 7220
7400 3 2 2 4 7220 7229 518 519
7401 3 2 2 4 494 495 7230 7221
7402 3 2 2 4 7221 7230 7231 7222
7403 3 2 2 4 7222 7231 7232 7223
7404 3 2 2 4 7223 7232 7233 7224
7405 3 2 2 4 7224 7233 7234 7225
7406 3 2 2 4 7225 7234 7235 7226
7407 3 2 2 4 7226 7235 7236 7227
7408 3 2 2 4 7227 7236 7237 7228
7409 3 2 2 4 7228 7237 7238 7229
7410 3 2 2 4 7229 7238 517 518
7411 3 2 2 4 495 496 7239 7230
7412 3 2 2 4 7230 7239 7240 7231
7413 3 2 2 4 7231 7240 7241 7232
7414 3 2 2 4 7232 7241 7242 7233
7415 3 2 2 4 7233 7242 7243 7234
7416 3 2 2 4 7234 7243 7244 7235
7417 3 2 2 4 7235 7244 7245 7236
7418 3 2 2 4 7236 7245 7246 7237
7419 3 2 2 4 7237 7246 7247 7238
7420 3 2 2 4 7238 7247 516 517
7421 3 2 2 4 496 497 7248 7239
7422 3 2 2 4 7239 7248 7249 7240
7423 3 2 2 4 7240 7249 7250 7241
7424 3 2 2 4 7241 7250 7251 7242
7425 3 2 2 4 7242 7251 7252 7243
7426 3 2 2 4 7243 7252 7253 7244
7427 3 2 2 4 7244 7253 7254 7245
7428 3 2 2 4 7245 7254 7255 7246
7429 3 2 2 4 7246 7255 7256 7247
7430 3 2 2 4 7247 7256 515 516
7431 3 2 2 4 497 498 7257 7248
7432 3 2 2 4 7248 7257 7258 7249
7433 3 2 2 4 7249 7258 7259 7250
7434 3 2 2 4 7250 7259 7260 7251
7435 3 2 2 4 7251 7260 7261 7252
7436 3 2 2 4 7252 7261 7262 7253
7437 3 2 2 4 7253 7262 7263 7254
7438 3 2 2 4 7254 7263 7264 7255
7439 3 2 2 4 7255 7264 7265 7256
7440 3 2 2 4 7256 7265 514 515
7441 3 2 2 4 498 499 7266 7257
7442 3 2 2 4 7257 7266 7267 7258
7443 3 2 2 4 7258 7267 7268 7259
7444 3 2 2 4 7259 7268 7269 7260
7445 3 2 2 4 7260 7269 7270 7261
7446 3 2 2 4 7261 7270 7271 7262
7447 3 2 2 4 7262 7271 7272 7263
7448 3 2 2 4 7263 7272 7273 7264
7449 3 2 2 4 7264 7273 7274 7265
7450 3 2 2 4 7265 7274 513 514
7451 3 2 2 4 499 500 7275 7266
7452 3 2 2 4 7266 7275 7276 7267
7453 3 2 2 4 7267 7276 7277 7268
7454 3 2 2 4 7268 7277 7278 7269
7455 3 2 2 4 7269 7278 7279 7270
7456 3 2 2 4 7270 7279 7280 7271
7457 3 2 2 4 7271 7280 7281 7272
7458 3 2 2 4 7272 7281 7282 7273
7459 3 2 2 4 7273 7282 7283 7274
7460 3 2 2 4 7274 7283 512 513
7461 3 2 2 4 500 501 7284 7275
7462 3 2 2 4 7275 7284 7285 7276
7463 3 2 2 4 7276 7285 7286 7277
7464 3 2 2 4 7277 7286 7287 7278
7465 3 2 2 4 7278 7287 7288 7279
7466 3 2 2 4 7279 7288 7289 7280
7467 3 2 2 4 7280 7289 7290 7281
7468 3 2 2 4 7281 7290 7291 7282
7469 3 2 2 4 7282 7291 7292 7283
7470 3 2 2 4 7283 7292 511 512
7471 3 2 2 4 501 9 502 7284
7472 3 2 2 4 7284 502 503 7285
7473 3 2 2 4 7285 503 504 7286
7474 3 2 2 4 7286 504 505 7287
7475 3 2 2 4 7287 505 506 7288
7476 3 2 2 4 7288 506 507 7289
7477 3 2 2 4 7289 507 508 7290
7478 3 2 2 4 7290 508 509 7291
7479 3 2 2 4 7291 509 510 7292
7480 3 2 2 4 7292 510 10 511
$EndElements
