$MeshFormat
2.2 0 8
$EndMeshFormat
$PhysicalNames
9
1 3 "Specimen_Top_Edge"
1 4 "Specimen_Left_Edge"
1 5 "Specimen_Bottom_Edge"
1 6 "Indenter_Top_Edge"
1 7 "Indenter_Left_Edge"
1 8 "Indenter_Bottom_Edge"
1 9 "Indenter_Right_Edge"
2 1 "Specimen_Body"
2 2 "Indenter_Body"
$EndPhysicalNames
$Nodes
10454
1 0.2 0.8 0
2 0.5 0 0
3 0 0 0
4 0 0.8 0
5 0.250439662878749 0.9681322095959701 0
6 0 1 0
7 1 0 0
8 0 1 0
9 1.5 1 0
10 1.5 1.5 0
11 0 1.5 0
12 0.005555555555555564 0.8 0
13 0.01111111111111113 0.8 0
14 0.01666666666666669 0.8 0
15 0.02222222222222226 0.8 0
16 0.02777777777777783 0.8 0
17 0.0333333333333334 0.8 0
18 0.03888888888888897 0.8 0
19 0.04444444444444453 0.8 0
20 0.0500000000000001 0.8 0
21 0.05555555555555567 0.8 0
22 0.06111111111111123 0.8 0
23 0.06666666666666679 0.8 0
24 0.07222222222222233 0.8 0
25 0.07777777777777788 0.8 0
26 0.08333333333333343 0.8 0
27 0.08888888888888898 0.8 0
28 0.09444444444444453 0.8 0
29 0.1000000000000001 0.8 0
30 0.1055555555555556 0.8 0
31 0.1111111111111112 0.8 0
32 0.1166666666666668 0.8 0
33 0.1222222222222223 0.8 0
34 0.1277777777777779 0.8 0
35 0.1333333333333334 0.8 0
36 0.138888888888889 0.8 0
37 0.1444444444444445 0.8 0
38 0.1500000000000001 0.8 0
39 0.1555555555555556 0.8 0
40 0.1611111111111112 0.8 0
41 0.1666666666666667 0.8 0
42 0.1722222222222223 0.8 0
43 0.1777777777777778 0.8 0
44 0.1833333333333334 0.8 0
45 0.1888888888888889 0.8 0
46 0.1944444444444445 0.8 0
47 0.2025 0.7933333333333333 0
48 0.205 0.7866666666666667 0
49 0.2075 0.78 0
50 0.21 0.7733333333333333 0
51 0.2125 0.7666666666666667 0
52 0.215 0.76 0
53 0.2175 0.7533333333333333 0
54 0.22 0.7466666666666666 0
55 0.2225 0.74 0
56 0.225 0.7333333333333333 0
57 0.2275 0.7266666666666666 0
58 0.23 0.72 0
59 0.2325 0.7133333333333333 0
60 0.235 0.7066666666666666 0
61 0.2375 0.7 0
62 0.24 0.6933333333333332 0
63 0.2425 0.6866666666666665 0
64 0.2450000000000001 0.6799999999999999 0
65 0.2475000000000001 0.6733333333333332 0
66 0.2500000000000001 0.6666666666666665 0
67 0.2525000000000001 0.6599999999999999 0
68 0.2550000000000001 0.6533333333333332 0
69 0.2575000000000001 0.6466666666666665 0
70 0.2600000000000001 0.6399999999999999 0
71 0.2625000000000001 0.6333333333333332 0
72 0.2650000000000001 0.6266666666666665 0
73 0.2675000000000001 0.6199999999999998 0
74 0.2700000000000001 0.6133333333333332 0
75 0.2725000000000001 0.6066666666666665 0
76 0.2750000000000001 0.5999999999999998 0
77 0.2775000000000001 0.5933333333333332 0
78 0.2800000000000001 0.5866666666666664 0
79 0.2825000000000001 0.5799999999999997 0
80 0.2850000000000001 0.5733333333333331 0
81 0.2875000000000001 0.5666666666666664 0
82 0.2900000000000001 0.5599999999999997 0
83 0.2925000000000001 0.553333333333333 0
84 0.2950000000000002 0.5466666666666664 0
85 0.2975000000000001 0.5399999999999997 0
86 0.3000000000000002 0.533333333333333 0
87 0.3025000000000001 0.5266666666666664 0
88 0.3050000000000002 0.5199999999999997 0
89 0.3075000000000002 0.513333333333333 0
90 0.3100000000000002 0.5066666666666664 0
91 0.3125000000000002 0.4999999999999997 0
92 0.3150000000000002 0.493333333333333 0
93 0.3175000000000002 0.4866666666666663 0
94 0.3200000000000001 0.4799999999999997 0
95 0.3225000000000002 0.473333333333333 0
96 0.3250000000000002 0.4666666666666662 0
97 0.3275000000000001 0.4599999999999996 0
98 0.3300000000000002 0.453333333333333 0
99 0.3325000000000001 0.4466666666666663 0
100 0.3350000000000002 0.4399999999999996 0
101 0.3375000000000002 0.4333333333333329 0
102 0.3400000000000002 0.4266666666666662 0
103 0.3425000000000002 0.4199999999999995 0
104 0.3450000000000002 0.4133333333333329 0
105 0.3475000000000001 0.4066666666666662 0
106 0.3500000000000002 0.3999999999999995 0
107 0.3525000000000002 0.3933333333333329 0
108 0.3550000000000002 0.3866666666666662 0
109 0.3575000000000003 0.3799999999999994 0
110 0.3600000000000002 0.3733333333333329 0
111 0.3625000000000002 0.3666666666666662 0
112 0.3650000000000002 0.3599999999999995 0
113 0.3675000000000002 0.3533333333333328 0
114 0.3700000000000002 0.3466666666666662 0
115 0.3725000000000002 0.3399999999999995 0
116 0.3750000000000002 0.3333333333333328 0
117 0.3775000000000002 0.3266666666666661 0
118 0.3800000000000002 0.3199999999999995 0
119 0.3825000000000002 0.3133333333333329 0
120 0.3850000000000002 0.3066666666666661 0
121 0.3875000000000002 0.2999999999999995 0
122 0.3900000000000002 0.2933333333333328 0
123 0.3925000000000002 0.2866666666666662 0
124 0.3950000000000002 0.2799999999999996 0
125 0.3975000000000002 0.2733333333333329 0
126 0.4000000000000002 0.2666666666666663 0
127 0.4025000000000002 0.2599999999999996 0
128 0.4050000000000001 0.253333333333333 0
129 0.4075000000000001 0.2466666666666664 0
130 0.4100000000000001 0.2399999999999997 0
131 0.4125000000000001 0.2333333333333329 0
132 0.4150000000000001 0.2266666666666663 0
133 0.4175000000000001 0.2199999999999998 0
134 0.4200000000000002 0.2133333333333329 0
135 0.4225000000000001 0.2066666666666663 0
136 0.4250000000000002 0.1999999999999997 0
137 0.4275000000000001 0.193333333333333 0
138 0.4300000000000001 0.1866666666666664 0
139 0.4325000000000001 0.1799999999999998 0
140 0.4350000000000001 0.1733333333333331 0
141 0.4375000000000001 0.1666666666666664 0
142 0.4400000000000001 0.1599999999999999 0
143 0.4425000000000001 0.1533333333333332 0
144 0.4450000000000001 0.1466666666666665 0
145 0.4475000000000001 0.1399999999999999 0
146 0.4500000000000001 0.1333333333333332 0
147 0.4525 0.1266666666666666 0
148 0.4550000000000001 0.1199999999999999 0
149 0.4575 0.1133333333333333 0
150 0.46 0.1066666666666666 0
151 0.4625 0.09999999999999987 0
152 0.465 0.09333333333333338 0
153 0.4675 0.08666666666666667 0
154 0.47 0.07999999999999996 0
155 0.4725 0.07333333333333336 0
156 0.475 0.06666666666666665 0
157 0.4775 0.06000000000000005 0
158 0.48 0.05333333333333345 0
159 0.4825 0.04666666666666675 0
160 0.485 0.04000000000000004 0
161 0.4874999999999999 0.03333333333333344 0
162 0.49 0.02666666666666673 0
163 0.4924999999999999 0.02000000000000013 0
164 0.4949999999999999 0.01333333333333342 0
165 0.4974999999999999 0.006666666666666821 0
166 0.4861111111111112 0 0
167 0.4722222222222222 0 0
168 0.4583333333333334 0 0
169 0.4444444444444444 0 0
170 0.4305555555555556 0 0
171 0.4166666666666666 0 0
172 0.4027777777777778 0 0
173 0.3888888888888888 0 0
174 0.375 0 0
175 0.3611111111111112 0 0
176 0.3472222222222222 0 0
177 0.3333333333333334 0 0
178 0.3194444444444444 0 0
179 0.3055555555555556 0 0
180 0.2916666666666667 0 0
181 0.2777777777777778 0 0
182 0.2638888888888888 0 0
183 0.25 0 0
184 0.2361111111111112 0 0
185 0.2222222222222222 0 0
186 0.2083333333333334 0 0
187 0.1944444444444444 0 0
188 0.1805555555555556 0 0
189 0.1666666666666667 0 0
190 0.1527777777777778 0 0
191 0.1388888888888888 0 0
192 0.125 0 0
193 0.1111111111111112 0 0
194 0.09722222222222232 0 0
195 0.08333333333333337 0 0
196 0.06944444444444442 0 0
197 0.05555555555555558 0 0
198 0.04166666666666674 0 0
199 0.02777777777777779 0 0
200 0.01388888888888884 0 0
201 0 0.006666666666666678 0
202 0 0.01333333333333336 0
203 0 0.02000000000000004 0
204 0 0.02666666666666671 0
205 0 0.03333333333333339 0
206 0 0.04000000000000007 0
207 0 0.04666666666666675 0
208 0 0.05333333333333343 0
209 0 0.06000000000000009 0
210 0 0.06666666666666678 0
211 0 0.07333333333333346 0
212 0 0.08000000000000015 0
213 0 0.08666666666666684 0
214 0 0.09333333333333352 0
215 0 0.1000000000000002 0
216 0 0.1066666666666669 0
217 0 0.1133333333333335 0
218 0 0.1200000000000002 0
219 0 0.1266666666666669 0
220 0 0.1333333333333336 0
221 0 0.1400000000000003 0
222 0 0.1466666666666669 0
223 0 0.1533333333333336 0
224 0 0.1600000000000003 0
225 0 0.166666666666667 0
226 0 0.1733333333333337 0
227 0 0.1800000000000004 0
228 0 0.186666666666667 0
229 0 0.1933333333333337 0
230 0 0.2000000000000004 0
231 0 0.2066666666666671 0
232 0 0.2133333333333338 0
233 0 0.2200000000000005 0
234 0 0.2266666666666672 0
235 0 0.2333333333333338 0
236 0 0.2400000000000005 0
237 0 0.2466666666666672 0
238 0 0.2533333333333339 0
239 0 0.2600000000000005 0
240 0 0.2666666666666672 0
241 0 0.2733333333333338 0
242 0 0.2800000000000005 0
243 0 0.2866666666666671 0
244 0 0.2933333333333338 0
245 0 0.3000000000000004 0
246 0 0.3066666666666671 0
247 0 0.3133333333333338 0
248 0 0.3200000000000005 0
249 0 0.326666666666667 0
250 0 0.3333333333333338 0
251 0 0.3400000000000004 0
252 0 0.3466666666666671 0
253 0 0.3533333333333337 0
254 0 0.3600000000000004 0
255 0 0.366666666666667 0
256 0 0.3733333333333337 0
257 0 0.3800000000000003 0
258 0 0.386666666666667 0
259 0 0.3933333333333336 0
260 0 0.4000000000000003 0
261 0 0.406666666666667 0
262 0 0.4133333333333337 0
263 0 0.4200000000000004 0
264 0 0.426666666666667 0
265 0 0.4333333333333337 0
266 0 0.4400000000000004 0
267 0 0.446666666666667 0
268 0 0.4533333333333338 0
269 0 0.4600000000000005 0
270 0 0.4666666666666671 0
271 0 0.4733333333333338 0
272 0 0.4800000000000004 0
273 0 0.4866666666666671 0
274 0 0.4933333333333338 0
275 0 0.5000000000000004 0
276 0 0.5066666666666672 0
277 0 0.5133333333333338 0
278 0 0.5200000000000005 0
279 0 0.5266666666666672 0
280 0 0.5333333333333338 0
281 0 0.5400000000000005 0
282 0 0.5466666666666671 0
283 0 0.5533333333333337 0
284 0 0.5600000000000004 0
285 0 0.5666666666666671 0
286 0 0.5733333333333338 0
287 0 0.5800000000000004 0
288 0 0.586666666666667 0
289 0 0.5933333333333337 0
290 0 0.6000000000000003 0
291 0 0.606666666666667 0
292 0 0.6133333333333337 0
293 0 0.6200000000000003 0
294 0 0.626666666666667 0
295 0 0.6333333333333336 0
296 0 0.6400000000000003 0
297 0 0.6466666666666671 0
298 0 0.6533333333333337 0
299 0 0.6600000000000004 0
300 0 0.666666666666667 0
301 0 0.6733333333333336 0
302 0 0.6800000000000003 0
303 0 0.6866666666666669 0
304 0 0.6933333333333336 0
305 0 0.7000000000000003 0
306 0 0.7066666666666669 0
307 0 0.7133333333333336 0
308 0 0.7200000000000002 0
309 0 0.7266666666666669 0
310 0 0.7333333333333335 0
311 0 0.7400000000000002 0
312 0 0.7466666666666669 0
313 0 0.7533333333333335 0
314 0 0.7600000000000002 0
315 0 0.7666666666666668 0
316 0 0.7733333333333334 0
317 0 0.7800000000000001 0
318 0 0.7866666666666668 0
319 0 0.7933333333333334 0
320 0.201401101746633 0.8046703391554433 0
321 0.202802203493266 0.8093406783108866 0
322 0.204203305239899 0.81401101746633 0
323 0.205604406986532 0.8186813566217732 0
324 0.207005508733165 0.8233516957772166 0
325 0.2084066104797979 0.8280220349326598 0
326 0.2098077122264309 0.8326923740881031 0
327 0.2112088139730639 0.8373627132435464 0
328 0.2126099157196969 0.8420330523989897 0
329 0.2140110174663299 0.846703391554433 0
330 0.2154121192129629 0.8513737307098763 0
331 0.2168132209595959 0.8560440698653196 0
332 0.2182143227062289 0.8607144090207629 0
333 0.2196154244528619 0.8653847481762063 0
334 0.2210165261994949 0.8700550873316495 0
335 0.2224176279461278 0.8747254264870928 0
336 0.2238187296927608 0.8793957656425361 0
337 0.2252198314393938 0.8840661047979794 0
338 0.2266209331860268 0.8887364439534228 0
339 0.2280220349326598 0.893406783108866 0
340 0.2294231366792928 0.8980771222643094 0
341 0.2308242384259258 0.9027474614197526 0
342 0.2322253401725588 0.9074178005751959 0
343 0.2336264419191917 0.9120881397306392 0
344 0.2350275436658247 0.9167584788860825 0
345 0.2364286454124577 0.9214288180415258 0
346 0.2378297471590907 0.926099157196969 0
347 0.2392308489057237 0.9307694963524122 0
348 0.2406319506523567 0.9354398355078556 0
349 0.2420330523989897 0.9401101746632989 0
350 0.2434341541456227 0.9447805138187422 0
351 0.2448352558922556 0.9494508529741854 0
352 0.2462363576388886 0.9541211921296288 0
353 0.2476374593855216 0.958791531285072 0
354 0.2490385611321546 0.9634618704405153 0
355 0.007031452159345982 0.9999752790347024 0
356 0.01406255667012161 0.9999011173610617 0
357 0.02109296590094726 0.9997775186457742 0
358 0.02812233225481589 0.9996044889997993 0
359 0.03515030818628589 0.9993820369780563 0
360 0.04217654621865725 0.999110173579003 0
361 0.04920069896115861 0.9987889122440905 0
362 0.05622241912611579 0.9984182688570995 0
363 0.06324135954612954 0.9979982617433545 0
364 0.07025717319123385 0.9975289116688182 0
365 0.07726951318605654 0.9970102418390645 0
366 0.08427803282697204 0.9964422778981309 0
367 0.0912823855992369 0.9958250479272512 0
368 0.0982822251941293 0.9951585824434669 0
369 0.105277205526064 0.9944429143981182 0
370 0.1122669807497107 0.9936780791752147 0
371 0.1192512052770861 0.9928641145896866 0
372 0.1262295337946477 0.9920010608855143 0
373 0.1332016212803604 0.9910889607337393 0
374 0.1401671230207577 0.9901278592303541 0
375 0.1471256946279877 0.9891178038940721 0
376 0.1540769920568342 0.9880588446639796 0
377 0.161020671621734 0.9869510338970651 0
378 0.1679563900137622 0.9857944263656317 0
379 0.1748838043176132 0.9845890792545887 0
380 0.181802572028548 0.9833350521586244 0
381 0.1887123510693354 0.9820324070792592 0
382 0.1956127998071588 0.9806812084217809 0
383 0.2025035770705096 0.9792815229920598 0
384 0.2093843421660585 0.9778334199932456 0
385 0.2162547548954935 0.9763369710223464 0
386 0.2231144755723468 0.9747922500666881 0
387 0.2299631650387833 0.9731993335002574 0
388 0.2368004846823752 0.9715583000799243 0
389 0.2436260964528377 0.9698692309415494 0
390 0 0.8055555555555556 0
391 0 0.8111111111111111 0
392 0 0.8166666666666667 0
393 0 0.8222222222222223 0
394 0 0.8277777777777778 0
395 0 0.8333333333333334 0
396 0 0.8388888888888889 0
397 0 0.8444444444444444 0
398 0 0.8500000000000001 0
399 0 0.8555555555555556 0
400 0 0.8611111111111112 0
401 0 0.8666666666666667 0
402 0 0.8722222222222222 0
403 0 0.8777777777777778 0
404 0 0.8833333333333333 0
405 0 0.888888888888889 0
406 0 0.8944444444444445 0
407 0 0.9 0
408 0 0.9055555555555556 0
409 0 0.9111111111111111 0
410 0 0.9166666666666666 0
411 0 0.9222222222222223 0
412 0 0.9277777777777778 0
413 0 0.9333333333333333 0
414 0 0.9388888888888889 0
415 0 0.9444444444444444 0
416 0 0.9500000000000001 0
417 0 0.9555555555555556 0
418 0 0.9611111111111111 0
419 0 0.9666666666666667 0
420 0 0.9722222222222222 0
421 0 0.9777777777777777 0
422 0 0.9833333333333334 0
423 0 0.9888888888888889 0
424 0 0.9944444444444445 0
425 0.9861111111111112 0 0
426 0.9722222222222222 0 0
427 0.9583333333333334 0 0
428 0.9444444444444444 0 0
429 0.9305555555555556 0 0
430 0.9166666666666666 0 0
431 0.9027777777777778 0 0
432 0.8888888888888888 0 0
433 0.875 0 0
434 0.8611111111111112 0 0
435 0.8472222222222222 0 0
436 0.8333333333333334 0 0
437 0.8194444444444444 0 0
438 0.8055555555555556 0 0
439 0.7916666666666667 0 0
440 0.7777777777777778 0 0
441 0.7638888888888888 0 0
442 0.75 0 0
443 0.7361111111111112 0 0
444 0.7222222222222222 0 0
445 0.7083333333333334 0 0
446 0.6944444444444444 0 0
447 0.6805555555555556 0 0
448 0.6666666666666667 0 0
449 0.6527777777777778 0 0
450 0.6388888888888888 0 0
451 0.625 0 0
452 0.6111111111111112 0 0
453 0.5972222222222223 0 0
454 0.5833333333333334 0 0
455 0.5694444444444444 0 0
456 0.5555555555555556 0 0
457 0.5416666666666667 0 0
458 0.5277777777777778 0 0
459 0.5138888888888888 0 0
460 0.2610549429996956 0.9653239439356229 0
461 0.2716387475883106 0.9623992886575998 0
462 0.2821898005496858 0.9593585963891336 0
463 0.2927068297377942 0.9562022337480968 0
464 0.3031885671088728 0.9529305812987998 0
465 0.3136337488743117 0.9495440335061062 0
466 0.3240411156530298 0.9460429986878713 0
467 0.3344094126233187 0.9424278989657123 0
468 0.3447373896741376 0.9386991702141116 0
469 0.3550238015558397 0.9348572620078638 0
470 0.3652674080303124 0.9309026375678701 0
471 0.375466974020514 0.9268357737052874 0
472 0.3856212697593868 0.9226571607640393 0
473 0.3957290709381315 0.9183673025616947 0
474 0.4057891588538232 0.9139667163287221 0
475 0.415800320556348 0.9094559326461279 0
476 0.4257613489946536 0.9048354953814824 0
477 0.4356710431622811 0.9001059616233468 0
478 0.4455282082421718 0.8952679016141034 0
479 0.4553316557507268 0.8903218986812026 0
480 0.465080203681103 0.8852685491668297 0
481 0.4747726766457288 0.8801084623560043 0
482 0.4844079060180204 0.8748422604031179 0
483 0.4939847300732845 0.8694705782569209 0
484 0.5035019941287875 0.8639940635839661 0
485 0.5129585506829764 0.8584133766905199 0
486 0.5223532595538338 0.8527291904429478 0
487 0.5316849880163503 0.8469421901865873 0
488 0.5409526109390973 0.8410530736631153 0
489 0.5501550109198851 0.8350625509264208 0
490 0.5592910784204884 0.8289713442569936 0
491 0.5683597119004246 0.8227801880748384 0
492 0.5773598179497658 0.8164898288509254 0
493 0.5862903114209739 0.8101010250171873 0
494 0.5951501155597336 0.8036145468750773 0
495 0.6039381621347822 0.7970311765026896 0
496 0.6126533915667035 0.7903517076604665 0
497 0.6212947530556826 0.7835769456954935 0
498 0.6298612047082016 0.7767077074443982 0
499 0.6383517136626612 0.769744821134864 0
500 0.6467652562139131 0.7626891262857701 0
501 0.655100817936689 0.7555414736059703 0
502 0.6633573938079103 0.7483027248917226 0
503 0.6715339883278642 0.740973752922782 0
504 0.6796296156402315 0.7335554413571691 0
505 0.6876432996509525 0.7260486846246266 0
506 0.6955740741459139 0.7184543878187777 0
507 0.703420982907447 0.7107734665879989 0
508 0.7111830798296189 0.7030068470250186 0
509 0.7188594290323046 0.6951554655552592 0
510 0.7264491049740271 0.6872202688239302 0
511 0.7339511925635505 0.679202213581892 0
512 0.7413647872702129 0.6711022665702985 0
513 0.7486889952329846 0.6629214044040395 0
514 0.7559229333682443 0.6546606134539856 0
515 0.7630657294762513 0.6463208897280642 0
516 0.7701165223463068 0.6379032387511686 0
517 0.7770744618605911 0.6294086754439223 0
518 0.783938709096663 0.6208382240003089 0
519 0.7907084364286082 0.6121929177641845 0
520 0.7973828276268277 0.6034737991046876 0
521 0.80396107795645 0.594681919290559 0
522 0.810442394274359 0.5858183383633908 0
523 0.8168259951248241 0.5768841250098158 0
524 0.8231111108337196 0.5678803564326559 0
525 0.8292969836013253 0.5588081182210429 0
526 0.8353828675936954 0.5496685042195291 0
527 0.841368029032583 0.5404626163962004 0
528 0.847251746283913 0.5311915647098135 0
529 0.8530333099447892 0.5218564669759657 0
530 0.8587120229290283 0.5124584487323203 0
531 0.8642872005512071 0.5029986431028989 0
532 0.8697581706092151 0.4934781906614633 0
533 0.8751242734653035 0.483898239293991 0
534 0.8803848621256176 0.4742599440602772 0
535 0.8855393023182045 0.4645644670546678 0
536 0.8905869725694885 0.4548129772659452 0
537 0.8955272642792016 0.4450066504363828 0
538 0.9003595817937637 0.4351466689199847 0
539 0.9050833424781004 0.4252342215399291 0
540 0.9096979767858915 0.415270503445231 0
541 0.9142029283282416 0.4052567159666426 0
542 0.9185976539407643 0.3951940664718081 0
543 0.9228816237490719 0.3850837682196908 0
544 0.9270543212326623 0.37492704021429 0
545 0.9311152432871965 0.3647251070576645 0
546 0.935063900285158 0.3544791988022825 0
547 0.9388998161348874 0.3441905508027127 0
548 0.942622528337985 0.3338604035666775 0
549 0.9462315880450746 0.3234900026054843 0
550 0.949726560109922 0.3130805982838522 0
551 0.9531070231418989 0.3026334456691589 0
552 0.956372569556793 0.2921498043801111 0
553 0.9595228056259485 0.2816309384348749 0
554 0.962557351523739 0.2710781160986722 0
555 0.9654758413733632 0.2604926097308645 0
556 0.9682779232909587 0.2498756956315445 0
557 0.9709632594280292 0.2392286538876515 0
558 0.9735315260121784 0.228552768218631 0
559 0.9759824133861481 0.2178493258216555 0
560 0.9783156260451535 0.2071196172164271 0
561 0.9805308826725122 0.1963649360895782 0
562 0.9826279161735627 0.1855865791386914 0
563 0.9846064737078686 0.1747858459159562 0
564 0.986466316719703 0.1639640386714805 0
565 0.9882072209668118 0.1531224621962784 0
566 0.9898289765474508 0.1422624236649507 0
567 0.9913313879256933 0.1313852324780779 0
568 0.9927142739550059 0.1204922001043452 0
569 0.9939774679000899 0.1095846399224173 0
570 0.995120817456984 0.09866386706258699 0
571 0.9961441847714287 0.087731198248204 0
572 0.9970474464554864 0.07678795163692041 0
573 0.9978304936024188 0.06583544666175892 0
574 0.998493231799818 0.05487500387202801 0
575 0.9990355811409893 0.04390794477410266 0
576 0.9994574762345867 0.03293559167208964 0
577 0.9997588662124957 0.02195926750839658 0
578 0.9999397147359673 0.01098029570422409 0
579 0.0625 1 0
580 0.125 1 0
581 0.1875 1 0
582 0.25 1 0
583 0.3125 1 0
584 0.375 1 0
585 0.4374999999999999 1 0
586 0.5 1 0
587 0.5625 1 0
588 0.625 1 0
589 0.6875 1 0
590 0.75 1 0
591 0.8125 1 0
592 0.8749999999999999 1 0
593 0.9375 1 0
594 1 1 0
595 1.0625 1 0
596 1.125 1 0
597 1.1875 1 0
598 1.25 1 0
599 1.3125 1 0
600 1.375 1 0
601 1.4375 1 0
602 1.5 1.041666666666667 0
603 1.5 1.083333333333333 0
604 1.5 1.125 0
605 1.5 1.166666666666667 0
606 1.5 1.208333333333333 0
607 1.5 1.25 0
608 1.5 1.291666666666667 0
609 1.5 1.333333333333333 0
610 1.5 1.375 0
611 1.5 1.416666666666667 0
612 1.5 1.458333333333333 0
613 1.4375 1.5 0
614 1.375 1.5 0
615 1.3125 1.5 0
616 1.25 1.5 0
617 1.1875 1.5 0
618 1.125 1.5 0
619 1.0625 1.5 0
620 1 1.5 0
621 0.9375 1.5 0
622 0.875 1.5 0
623 0.8125 1.5 0
624 0.75 1.5 0
625 0.6875 1.5 0
626 0.6250000000000001 1.5 0
627 0.5625 1.5 0
628 0.5 1.5 0
629 0.4375 1.5 0
630 0.375 1.5 0
631 0.3125 1.5 0
632 0.25 1.5 0
633 0.1875 1.5 0
634 0.125 1.5 0
635 0.0625 1.5 0
636 0 1.458333333333333 0
637 0 1.416666666666667 0
638 0 1.375 0
639 0 1.333333333333333 0
640 0 1.291666666666667 0
641 0 1.25 0
642 0 1.208333333333333 0
643 0 1.166666666666667 0
644 0 1.125 0
645 0 1.083333333333333 0
646 0 1.041666666666667 0
647 0.4836805555555556 0.006666666666666821 0
648 0.48125 0.01333333333333342 0
649 0.4788194444444445 0.02000000000000018 0
650 0.476388888888889 0.02666666666666667 0
651 0.4739583333333334 0.03333333333333355 0
652 0.4715277777777778 0.04000000000000004 0
653 0.4690972222222223 0.04666666666666669 0
654 0.4666666666666667 0.0533333333333334 0
655 0.4642361111111112 0.06 0
656 0.4618055555555557 0.06666666666666665 0
657 0.4593750000000001 0.07333333333333342 0
658 0.4569444444444446 0.08000000000000007 0
659 0.454513888888889 0.08666666666666656 0
660 0.4520833333333334 0.09333333333333332 0
661 0.4496527777777779 0.1000000000000001 0
662 0.4472222222222224 0.1066666666666666 0
663 0.4447916666666668 0.1133333333333333 0
664 0.4423611111111113 0.1199999999999999 0
665 0.4399305555555557 0.1266666666666665 0
666 0.4375000000000002 0.1333333333333332 0
667 0.4350694444444446 0.1399999999999998 0
668 0.4326388888888891 0.1466666666666666 0
669 0.4302083333333335 0.1533333333333332 0
670 0.4277777777777779 0.16 0
671 0.4253472222222224 0.1666666666666666 0
672 0.4229166666666668 0.1733333333333331 0
673 0.4204861111111113 0.1799999999999998 0
674 0.4180555555555557 0.1866666666666665 0
675 0.4156250000000002 0.193333333333333 0
676 0.4131944444444446 0.1999999999999997 0
677 0.4107638888888891 0.2066666666666664 0
678 0.4083333333333335 0.2133333333333331 0
679 0.4059027777777779 0.2199999999999997 0
680 0.4034722222222225 0.2266666666666663 0
681 0.4010416666666669 0.233333333333333 0
682 0.3986111111111113 0.2399999999999995 0
683 0.3961805555555558 0.2466666666666664 0
684 0.3937500000000002 0.2533333333333331 0
685 0.3913194444444447 0.2599999999999996 0
686 0.3888888888888891 0.2666666666666662 0
687 0.3864583333333336 0.273333333333333 0
688 0.384027777777778 0.2799999999999997 0
689 0.3815972222222225 0.2866666666666662 0
690 0.3791666666666669 0.2933333333333329 0
691 0.3767361111111114 0.2999999999999996 0
692 0.3743055555555558 0.3066666666666661 0
693 0.3718750000000002 0.3133333333333329 0
694 0.3694444444444447 0.3199999999999995 0
695 0.3670138888888892 0.3266666666666661 0
696 0.3645833333333336 0.3333333333333328 0
697 0.362152777777778 0.3399999999999995 0
698 0.3597222222222225 0.3466666666666662 0
699 0.357291666666667 0.3533333333333327 0
700 0.3548611111111114 0.3599999999999995 0
701 0.3524305555555558 0.3666666666666661 0
702 0.3500000000000003 0.3733333333333329 0
703 0.3475694444444447 0.3799999999999994 0
704 0.3451388888888891 0.3866666666666662 0
705 0.3427083333333336 0.393333333333333 0
706 0.340277777777778 0.3999999999999995 0
707 0.3378472222222225 0.4066666666666663 0
708 0.3354166666666669 0.4133333333333329 0
709 0.3329861111111113 0.4199999999999996 0
710 0.3305555555555558 0.4266666666666663 0
711 0.3281250000000002 0.4333333333333329 0
712 0.3256944444444447 0.4399999999999996 0
713 0.3232638888888891 0.4466666666666663 0
714 0.3208333333333335 0.453333333333333 0
715 0.318402777777778 0.4599999999999996 0
716 0.3159722222222225 0.4666666666666663 0
717 0.3135416666666668 0.473333333333333 0
718 0.3111111111111113 0.4799999999999998 0
719 0.3086805555555557 0.4866666666666664 0
720 0.3062500000000002 0.4933333333333331 0
721 0.3038194444444446 0.4999999999999997 0
722 0.301388888888889 0.5066666666666664 0
723 0.2989583333333335 0.513333333333333 0
724 0.2965277777777779 0.5199999999999997 0
725 0.2940972222222224 0.5266666666666664 0
726 0.2916666666666669 0.5333333333333331 0
727 0.2892361111111112 0.5399999999999998 0
728 0.2868055555555557 0.5466666666666664 0
729 0.2843750000000001 0.5533333333333331 0
730 0.2819444444444446 0.5599999999999998 0
731 0.2795138888888891 0.5666666666666664 0
732 0.2770833333333335 0.5733333333333331 0
733 0.274652777777778 0.5799999999999998 0
734 0.2722222222222224 0.5866666666666664 0
735 0.2697916666666668 0.5933333333333332 0
736 0.2673611111111113 0.5999999999999999 0
737 0.2649305555555557 0.6066666666666665 0
738 0.2625000000000001 0.6133333333333332 0
739 0.2600694444444446 0.6199999999999999 0
740 0.257638888888889 0.6266666666666665 0
741 0.2552083333333334 0.6333333333333333 0
742 0.2527777777777779 0.6399999999999999 0
743 0.2503472222222223 0.6466666666666665 0
744 0.2479166666666668 0.6533333333333332 0
745 0.2454861111111112 0.6599999999999999 0
746 0.2430555555555557 0.6666666666666666 0
747 0.2406250000000001 0.6733333333333332 0
748 0.2381944444444445 0.6799999999999999 0
749 0.235763888888889 0.6866666666666665 0
750 0.2333333333333334 0.6933333333333334 0
751 0.2309027777777778 0.7 0
752 0.2284722222222223 0.7066666666666666 0
753 0.2260416666666668 0.7133333333333334 0
754 0.2236111111111112 0.72 0
755 0.2211805555555556 0.7266666666666666 0
756 0.2187500000000001 0.7333333333333333 0
757 0.2163194444444445 0.74 0
758 0.2138888888888889 0.7466666666666667 0
759 0.2114583333333334 0.7533333333333334 0
760 0.2090277777777778 0.7599999999999999 0
761 0.2065972222222223 0.7666666666666666 0
762 0.2041666666666667 0.7733333333333334 0
763 0.2017361111111111 0.78 0
764 0.1993055555555556 0.7866666666666666 0
765 0.196875 0.7933333333333334 0
766 0.4698611111111111 0.006666666666666765 0
767 0.4675 0.01333333333333342 0
768 0.4651388888888889 0.02000000000000018 0
769 0.4627777777777778 0.02666666666666678 0
770 0.4604166666666666 0.03333333333333355 0
771 0.4580555555555556 0.03999999999999998 0
772 0.4556944444444445 0.04666666666666675 0
773 0.4533333333333334 0.05333333333333345 0
774 0.4509722222222222 0.06000000000000005 0
775 0.4486111111111112 0.06666666666666671 0
776 0.44625 0.07333333333333342 0
777 0.4438888888888889 0.08000000000000007 0
778 0.4415277777777779 0.08666666666666661 0
779 0.4391666666666668 0.09333333333333332 0
780 0.4368055555555556 0.1 0
781 0.4344444444444445 0.1066666666666666 0
782 0.4320833333333334 0.1133333333333333 0
783 0.4297222222222223 0.1199999999999999 0
784 0.4273611111111112 0.1266666666666665 0
785 0.4250000000000001 0.1333333333333332 0
786 0.422638888888889 0.1399999999999998 0
787 0.4202777777777779 0.1466666666666666 0
788 0.4179166666666668 0.1533333333333332 0
789 0.4155555555555557 0.1599999999999999 0
790 0.4131944444444446 0.1666666666666665 0
791 0.4108333333333334 0.1733333333333332 0
792 0.4084722222222223 0.1799999999999999 0
793 0.4061111111111113 0.1866666666666665 0
794 0.4037500000000002 0.1933333333333331 0
795 0.401388888888889 0.1999999999999998 0
796 0.3990277777777779 0.2066666666666663 0
797 0.3966666666666668 0.2133333333333332 0
798 0.3943055555555557 0.2199999999999998 0
799 0.3919444444444447 0.2266666666666663 0
800 0.3895833333333335 0.2333333333333331 0
801 0.3872222222222224 0.2399999999999997 0
802 0.3848611111111113 0.2466666666666664 0
803 0.3825000000000002 0.2533333333333331 0
804 0.3801388888888891 0.2599999999999996 0
805 0.377777777777778 0.2666666666666663 0
806 0.3754166666666668 0.273333333333333 0
807 0.3730555555555558 0.2799999999999998 0
808 0.3706944444444447 0.2866666666666662 0
809 0.3683333333333336 0.2933333333333329 0
810 0.3659722222222224 0.2999999999999996 0
811 0.3636111111111113 0.3066666666666661 0
812 0.3612500000000002 0.3133333333333329 0
813 0.3588888888888891 0.3199999999999995 0
814 0.356527777777778 0.3266666666666661 0
815 0.3541666666666669 0.3333333333333328 0
816 0.3518055555555558 0.3399999999999995 0
817 0.3494444444444447 0.3466666666666662 0
818 0.3470833333333336 0.3533333333333328 0
819 0.3447222222222224 0.3599999999999995 0
820 0.3423611111111113 0.3666666666666663 0
821 0.3400000000000002 0.3733333333333329 0
822 0.3376388888888892 0.3799999999999995 0
823 0.335277777777778 0.3866666666666663 0
824 0.3329166666666669 0.393333333333333 0
825 0.3305555555555558 0.3999999999999996 0
826 0.3281944444444447 0.4066666666666663 0
827 0.3258333333333335 0.413333333333333 0
828 0.3234722222222224 0.4199999999999996 0
829 0.3211111111111113 0.4266666666666663 0
830 0.3187500000000002 0.4333333333333329 0
831 0.3163888888888891 0.4399999999999996 0
832 0.314027777777778 0.4466666666666663 0
833 0.3116666666666669 0.453333333333333 0
834 0.3093055555555557 0.4599999999999996 0
835 0.3069444444444446 0.4666666666666663 0
836 0.3045833333333335 0.4733333333333331 0
837 0.3022222222222224 0.4799999999999997 0
838 0.2998611111111113 0.4866666666666664 0
839 0.2975000000000002 0.4933333333333331 0
840 0.2951388888888891 0.4999999999999997 0
841 0.2927777777777779 0.5066666666666664 0
842 0.2904166666666668 0.5133333333333331 0
843 0.2880555555555557 0.5199999999999998 0
844 0.2856944444444446 0.5266666666666664 0
845 0.2833333333333334 0.5333333333333331 0
846 0.2809722222222223 0.5399999999999998 0
847 0.2786111111111113 0.5466666666666665 0
848 0.2762500000000001 0.5533333333333331 0
849 0.273888888888889 0.5599999999999998 0
850 0.2715277777777779 0.5666666666666664 0
851 0.2691666666666668 0.5733333333333333 0
852 0.2668055555555557 0.5799999999999998 0
853 0.2644444444444445 0.5866666666666664 0
854 0.2620833333333334 0.5933333333333332 0
855 0.2597222222222224 0.5999999999999998 0
856 0.2573611111111113 0.6066666666666665 0
857 0.2550000000000001 0.6133333333333332 0
858 0.252638888888889 0.6199999999999999 0
859 0.2502777777777778 0.6266666666666666 0
860 0.2479166666666667 0.6333333333333332 0
861 0.2455555555555556 0.6399999999999999 0
862 0.2431944444444445 0.6466666666666666 0
863 0.2408333333333335 0.6533333333333332 0
864 0.2384722222222223 0.6599999999999999 0
865 0.2361111111111112 0.6666666666666665 0
866 0.23375 0.6733333333333332 0
867 0.2313888888888889 0.6799999999999999 0
868 0.2290277777777778 0.6866666666666665 0
869 0.2266666666666667 0.6933333333333331 0
870 0.2243055555555556 0.6999999999999998 0
871 0.2219444444444445 0.7066666666666667 0
872 0.2195833333333334 0.7133333333333334 0
873 0.2172222222222223 0.72 0
874 0.2148611111111111 0.7266666666666668 0
875 0.2125 0.7333333333333334 0
876 0.2101388888888889 0.74 0
877 0.2077777777777778 0.7466666666666667 0
878 0.2054166666666667 0.7533333333333334 0
879 0.2030555555555555 0.76 0
880 0.2006944444444445 0.7666666666666666 0
881 0.1983333333333334 0.7733333333333333 0
882 0.1959722222222222 0.78 0
883 0.1936111111111112 0.7866666666666667 0
884 0.19125 0.7933333333333333 0
885 0.4560416666666667 0.006666666666666765 0
886 0.45375 0.01333333333333342 0
887 0.4514583333333334 0.02000000000000013 0
888 0.4491666666666668 0.02666666666666667 0
889 0.446875 0.0333333333333336 0
890 0.4445833333333334 0.04000000000000004 0
891 0.4422916666666667 0.04666666666666675 0
892 0.4400000000000001 0.05333333333333345 0
893 0.4377083333333334 0.06000000000000005 0
894 0.4354166666666668 0.06666666666666665 0
895 0.4331250000000001 0.07333333333333342 0
896 0.4308333333333335 0.08000000000000002 0
897 0.4285416666666668 0.08666666666666661 0
898 0.4262500000000001 0.09333333333333327 0
899 0.4239583333333334 0.09999999999999998 0
900 0.4216666666666667 0.1066666666666666 0
901 0.4193750000000001 0.1133333333333333 0
902 0.4170833333333335 0.1199999999999999 0
903 0.4147916666666668 0.1266666666666665 0
904 0.4125000000000001 0.1333333333333332 0
905 0.4102083333333335 0.1399999999999998 0
906 0.4079166666666668 0.1466666666666666 0
907 0.4056250000000001 0.1533333333333331 0
908 0.4033333333333335 0.16 0
909 0.4010416666666669 0.1666666666666666 0
910 0.3987500000000002 0.1733333333333332 0
911 0.3964583333333335 0.1799999999999999 0
912 0.3941666666666668 0.1866666666666666 0
913 0.3918750000000002 0.193333333333333 0
914 0.3895833333333335 0.1999999999999998 0
915 0.3872916666666669 0.2066666666666665 0
916 0.3850000000000002 0.2133333333333332 0
917 0.3827083333333335 0.2199999999999998 0
918 0.3804166666666669 0.2266666666666665 0
919 0.3781250000000002 0.2333333333333331 0
920 0.3758333333333335 0.2399999999999996 0
921 0.3735416666666669 0.2466666666666664 0
922 0.3712500000000002 0.2533333333333331 0
923 0.3689583333333336 0.2599999999999996 0
924 0.3666666666666669 0.2666666666666664 0
925 0.3643750000000002 0.2733333333333331 0
926 0.3620833333333336 0.2799999999999997 0
927 0.359791666666667 0.2866666666666662 0
928 0.3575000000000003 0.2933333333333329 0
929 0.3552083333333336 0.2999999999999996 0
930 0.3529166666666669 0.3066666666666662 0
931 0.3506250000000002 0.313333333333333 0
932 0.3483333333333336 0.3199999999999995 0
933 0.3460416666666669 0.3266666666666662 0
934 0.3437500000000003 0.3333333333333328 0
935 0.3414583333333336 0.3399999999999996 0
936 0.3391666666666669 0.3466666666666662 0
937 0.3368750000000003 0.3533333333333329 0
938 0.3345833333333336 0.3599999999999995 0
939 0.3322916666666669 0.3666666666666663 0
940 0.3300000000000002 0.373333333333333 0
941 0.3277083333333336 0.3799999999999996 0
942 0.3254166666666669 0.3866666666666663 0
943 0.3231250000000002 0.393333333333333 0
944 0.3208333333333335 0.3999999999999996 0
945 0.3185416666666668 0.4066666666666663 0
946 0.3162500000000003 0.413333333333333 0
947 0.3139583333333336 0.4199999999999996 0
948 0.3116666666666669 0.4266666666666663 0
949 0.3093750000000002 0.433333333333333 0
950 0.3070833333333336 0.4399999999999996 0
951 0.3047916666666669 0.4466666666666663 0
952 0.3025000000000002 0.453333333333333 0
953 0.3002083333333335 0.4599999999999997 0
954 0.2979166666666669 0.4666666666666663 0
955 0.2956250000000002 0.4733333333333331 0
956 0.2933333333333336 0.4799999999999998 0
957 0.2910416666666669 0.4866666666666664 0
958 0.2887500000000002 0.4933333333333331 0
959 0.2864583333333335 0.4999999999999997 0
960 0.2841666666666668 0.5066666666666664 0
961 0.2818750000000002 0.513333333333333 0
962 0.2795833333333335 0.5199999999999997 0
963 0.2772916666666669 0.5266666666666664 0
964 0.2750000000000002 0.5333333333333331 0
965 0.2727083333333336 0.5399999999999998 0
966 0.2704166666666669 0.5466666666666664 0
967 0.2681250000000002 0.5533333333333331 0
968 0.2658333333333335 0.5599999999999998 0
969 0.2635416666666669 0.5666666666666664 0
970 0.2612500000000002 0.5733333333333331 0
971 0.2589583333333335 0.5799999999999998 0
972 0.2566666666666668 0.5866666666666664 0
973 0.2543750000000001 0.5933333333333332 0
974 0.2520833333333335 0.5999999999999999 0
975 0.2497916666666668 0.6066666666666665 0
976 0.2475000000000002 0.6133333333333332 0
977 0.2452083333333335 0.6199999999999999 0
978 0.2429166666666668 0.6266666666666665 0
979 0.2406250000000001 0.6333333333333332 0
980 0.2383333333333335 0.6399999999999999 0
981 0.2360416666666668 0.6466666666666666 0
982 0.2337500000000001 0.6533333333333332 0
983 0.2314583333333334 0.6599999999999999 0
984 0.2291666666666668 0.6666666666666666 0
985 0.2268750000000001 0.6733333333333333 0
986 0.2245833333333335 0.6799999999999999 0
987 0.2222916666666667 0.6866666666666665 0
988 0.2200000000000001 0.6933333333333334 0
989 0.2177083333333334 0.7 0
990 0.2154166666666667 0.7066666666666666 0
991 0.2131250000000001 0.7133333333333334 0
992 0.2108333333333334 0.72 0
993 0.2085416666666667 0.7266666666666668 0
994 0.2062500000000001 0.7333333333333332 0
995 0.2039583333333334 0.74 0
996 0.2016666666666667 0.7466666666666667 0
997 0.1993750000000001 0.7533333333333334 0
998 0.1970833333333333 0.76 0
999 0.1947916666666668 0.7666666666666666 0
1000 0.1925 0.7733333333333334 0
1001 0.1902083333333334 0.78 0
1002 0.1879166666666667 0.7866666666666666 0
1003 0.185625 0.7933333333333334 0
1004 0.4422222222222222 0.006666666666666765 0
1005 0.4399999999999999 0.01333333333333347 0
1006 0.4377777777777778 0.02000000000000007 0
1007 0.4355555555555556 0.02666666666666673 0
1008 0.4333333333333333 0.0333333333333336 0
1009 0.4311111111111111 0.04000000000000004 0
1010 0.4288888888888889 0.04666666666666675 0
1011 0.4266666666666667 0.05333333333333345 0
1012 0.4244444444444445 0.06 0
1013 0.4222222222222223 0.06666666666666671 0
1014 0.42 0.07333333333333336 0
1015 0.4177777777777779 0.08000000000000002 0
1016 0.4155555555555556 0.08666666666666661 0
1017 0.4133333333333334 0.09333333333333327 0
1018 0.4111111111111111 0.1 0
1019 0.408888888888889 0.1066666666666666 0
1020 0.4066666666666667 0.1133333333333333 0
1021 0.4044444444444446 0.1199999999999998 0
1022 0.4022222222222223 0.1266666666666666 0
1023 0.4000000000000001 0.1333333333333332 0
1024 0.3977777777777779 0.1399999999999999 0
1025 0.3955555555555557 0.1466666666666666 0
1026 0.3933333333333334 0.1533333333333332 0
1027 0.3911111111111112 0.16 0
1028 0.388888888888889 0.1666666666666666 0
1029 0.3866666666666668 0.1733333333333332 0
1030 0.3844444444444446 0.1799999999999998 0
1031 0.3822222222222224 0.1866666666666665 0
1032 0.3800000000000001 0.1933333333333331 0
1033 0.3777777777777779 0.1999999999999998 0
1034 0.3755555555555557 0.2066666666666665 0
1035 0.3733333333333335 0.2133333333333332 0
1036 0.3711111111111112 0.2199999999999999 0
1037 0.368888888888889 0.2266666666666665 0
1038 0.3666666666666668 0.2333333333333331 0
1039 0.3644444444444446 0.2399999999999997 0
1040 0.3622222222222223 0.2466666666666663 0
1041 0.3600000000000002 0.2533333333333331 0
1042 0.357777777777778 0.2599999999999996 0
1043 0.3555555555555557 0.2666666666666664 0
1044 0.3533333333333335 0.2733333333333331 0
1045 0.3511111111111113 0.2799999999999997 0
1046 0.3488888888888891 0.2866666666666663 0
1047 0.3466666666666669 0.2933333333333329 0
1048 0.3444444444444447 0.2999999999999996 0
1049 0.3422222222222224 0.3066666666666662 0
1050 0.3400000000000002 0.313333333333333 0
1051 0.337777777777778 0.3199999999999996 0
1052 0.3355555555555558 0.3266666666666662 0
1053 0.3333333333333335 0.3333333333333329 0
1054 0.3311111111111114 0.3399999999999995 0
1055 0.3288888888888891 0.3466666666666662 0
1056 0.3266666666666669 0.3533333333333329 0
1057 0.3244444444444446 0.3599999999999996 0
1058 0.3222222222222224 0.3666666666666664 0
1059 0.3200000000000002 0.373333333333333 0
1060 0.317777777777778 0.3799999999999996 0
1061 0.3155555555555557 0.3866666666666663 0
1062 0.3133333333333335 0.393333333333333 0
1063 0.3111111111111113 0.3999999999999996 0
1064 0.308888888888889 0.4066666666666663 0
1065 0.3066666666666669 0.413333333333333 0
1066 0.3044444444444446 0.4199999999999996 0
1067 0.3022222222222224 0.4266666666666663 0
1068 0.3000000000000002 0.433333333333333 0
1069 0.297777777777778 0.4399999999999996 0
1070 0.2955555555555557 0.4466666666666663 0
1071 0.2933333333333336 0.4533333333333331 0
1072 0.2911111111111113 0.4599999999999997 0
1073 0.2888888888888891 0.4666666666666663 0
1074 0.2866666666666668 0.4733333333333331 0
1075 0.2844444444444446 0.4799999999999998 0
1076 0.2822222222222224 0.4866666666666665 0
1077 0.2800000000000001 0.4933333333333331 0
1078 0.2777777777777779 0.4999999999999998 0
1079 0.2755555555555557 0.5066666666666664 0
1080 0.2733333333333335 0.5133333333333331 0
1081 0.2711111111111113 0.5199999999999998 0
1082 0.2688888888888891 0.5266666666666665 0
1083 0.2666666666666668 0.5333333333333331 0
1084 0.2644444444444446 0.5399999999999998 0
1085 0.2622222222222224 0.5466666666666664 0
1086 0.2600000000000001 0.5533333333333332 0
1087 0.2577777777777779 0.5599999999999998 0
1088 0.2555555555555556 0.5666666666666665 0
1089 0.2533333333333335 0.5733333333333331 0
1090 0.2511111111111112 0.5799999999999998 0
1091 0.248888888888889 0.5866666666666664 0
1092 0.2466666666666668 0.5933333333333332 0
1093 0.2444444444444446 0.5999999999999999 0
1094 0.2422222222222223 0.6066666666666665 0
1095 0.2400000000000001 0.6133333333333333 0
1096 0.2377777777777779 0.6199999999999999 0
1097 0.2355555555555557 0.6266666666666665 0
1098 0.2333333333333334 0.6333333333333333 0
1099 0.2311111111111112 0.6399999999999999 0
1100 0.228888888888889 0.6466666666666666 0
1101 0.2266666666666668 0.6533333333333333 0
1102 0.2244444444444445 0.6599999999999999 0
1103 0.2222222222222223 0.6666666666666667 0
1104 0.2200000000000001 0.6733333333333333 0
1105 0.2177777777777779 0.6799999999999999 0
1106 0.2155555555555556 0.6866666666666665 0
1107 0.2133333333333334 0.6933333333333334 0
1108 0.2111111111111112 0.7 0
1109 0.2088888888888889 0.7066666666666667 0
1110 0.2066666666666667 0.7133333333333333 0
1111 0.2044444444444445 0.72 0
1112 0.2022222222222223 0.7266666666666668 0
1113 0.2 0.7333333333333332 0
1114 0.1977777777777778 0.74 0
1115 0.1955555555555556 0.7466666666666667 0
1116 0.1933333333333334 0.7533333333333334 0
1117 0.1911111111111112 0.76 0
1118 0.1888888888888889 0.7666666666666667 0
1119 0.1866666666666667 0.7733333333333334 0
1120 0.1844444444444445 0.78 0
1121 0.1822222222222223 0.7866666666666667 0
1122 0.18 0.7933333333333334 0
1123 0.4284027777777778 0.006666666666666765 0
1124 0.42625 0.01333333333333347 0
1125 0.4240972222222222 0.02000000000000013 0
1126 0.4219444444444445 0.02666666666666667 0
1127 0.4197916666666667 0.0333333333333336 0
1128 0.4176388888888889 0.04000000000000004 0
1129 0.4154861111111112 0.04666666666666675 0
1130 0.4133333333333334 0.05333333333333351 0
1131 0.4111805555555556 0.05999999999999994 0
1132 0.4090277777777779 0.06666666666666671 0
1133 0.4068750000000001 0.07333333333333342 0
1134 0.4047222222222223 0.08000000000000007 0
1135 0.4025694444444445 0.08666666666666656 0
1136 0.4004166666666668 0.09333333333333327 0
1137 0.398263888888889 0.1 0
1138 0.3961111111111112 0.1066666666666666 0
1139 0.3939583333333334 0.1133333333333333 0
1140 0.3918055555555557 0.12 0
1141 0.3896527777777778 0.1266666666666666 0
1142 0.3875000000000002 0.1333333333333332 0
1143 0.3853472222222223 0.1399999999999998 0
1144 0.3831944444444446 0.1466666666666666 0
1145 0.3810416666666668 0.1533333333333332 0
1146 0.378888888888889 0.16 0
1147 0.3767361111111113 0.1666666666666666 0
1148 0.3745833333333335 0.1733333333333331 0
1149 0.3724305555555557 0.1799999999999998 0
1150 0.3702777777777779 0.1866666666666666 0
1151 0.3681250000000001 0.193333333333333 0
1152 0.3659722222222224 0.1999999999999998 0
1153 0.3638194444444446 0.2066666666666666 0
1154 0.3616666666666669 0.2133333333333332 0
1155 0.3595138888888891 0.2199999999999998 0
1156 0.3573611111111113 0.2266666666666665 0
1157 0.3552083333333335 0.2333333333333331 0
1158 0.3530555555555557 0.2399999999999997 0
1159 0.350902777777778 0.2466666666666664 0
1160 0.3487500000000002 0.2533333333333331 0
1161 0.3465972222222224 0.2599999999999997 0
1162 0.3444444444444447 0.2666666666666664 0
1163 0.3422916666666669 0.2733333333333331 0
1164 0.3401388888888891 0.2799999999999998 0
1165 0.3379861111111114 0.2866666666666662 0
1166 0.3358333333333336 0.293333333333333 0
1167 0.3336805555555558 0.2999999999999997 0
1168 0.331527777777778 0.3066666666666662 0
1169 0.3293750000000002 0.313333333333333 0
1170 0.3272222222222225 0.3199999999999996 0
1171 0.3250694444444447 0.3266666666666662 0
1172 0.3229166666666669 0.3333333333333329 0
1173 0.3207638888888891 0.3399999999999996 0
1174 0.3186111111111113 0.3466666666666663 0
1175 0.3164583333333336 0.3533333333333329 0
1176 0.3143055555555558 0.3599999999999996 0
1177 0.312152777777778 0.3666666666666663 0
1178 0.3100000000000002 0.373333333333333 0
1179 0.3078472222222225 0.3799999999999996 0
1180 0.3056944444444446 0.3866666666666663 0
1181 0.3035416666666669 0.3933333333333331 0
1182 0.3013888888888891 0.3999999999999996 0
1183 0.2992361111111113 0.4066666666666664 0
1184 0.2970833333333336 0.413333333333333 0
1185 0.2949305555555558 0.4199999999999997 0
1186 0.292777777777778 0.4266666666666664 0
1187 0.2906250000000002 0.433333333333333 0
1188 0.2884722222222225 0.4399999999999996 0
1189 0.2863194444444446 0.4466666666666664 0
1190 0.2841666666666669 0.453333333333333 0
1191 0.2820138888888891 0.4599999999999997 0
1192 0.2798611111111113 0.4666666666666664 0
1193 0.2777083333333336 0.4733333333333331 0
1194 0.2755555555555557 0.4799999999999998 0
1195 0.273402777777778 0.4866666666666664 0
1196 0.2712500000000002 0.4933333333333332 0
1197 0.2690972222222224 0.4999999999999998 0
1198 0.2669444444444447 0.5066666666666665 0
1199 0.2647916666666668 0.5133333333333332 0
1200 0.262638888888889 0.5199999999999998 0
1201 0.2604861111111113 0.5266666666666664 0
1202 0.2583333333333335 0.5333333333333332 0
1203 0.2561805555555557 0.5399999999999998 0
1204 0.254027777777778 0.5466666666666664 0
1205 0.2518750000000002 0.5533333333333332 0
1206 0.2497222222222224 0.5599999999999998 0
1207 0.2475694444444446 0.5666666666666665 0
1208 0.2454166666666668 0.5733333333333333 0
1209 0.2432638888888891 0.5799999999999998 0
1210 0.2411111111111113 0.5866666666666664 0
1211 0.2389583333333335 0.5933333333333332 0
1212 0.2368055555555557 0.5999999999999999 0
1213 0.2346527777777779 0.6066666666666666 0
1214 0.2325000000000002 0.6133333333333333 0
1215 0.2303472222222223 0.6199999999999999 0
1216 0.2281944444444446 0.6266666666666666 0
1217 0.2260416666666668 0.6333333333333333 0
1218 0.223888888888889 0.6399999999999999 0
1219 0.2217361111111112 0.6466666666666666 0
1220 0.2195833333333335 0.6533333333333333 0
1221 0.2174305555555557 0.6599999999999999 0
1222 0.2152777777777779 0.6666666666666666 0
1223 0.2131250000000001 0.6733333333333333 0
1224 0.2109722222222223 0.6799999999999999 0
1225 0.2088194444444446 0.6866666666666665 0
1226 0.2066666666666667 0.6933333333333334 0
1227 0.204513888888889 0.7 0
1228 0.2023611111111112 0.7066666666666666 0
1229 0.2002083333333334 0.7133333333333333 0
1230 0.1980555555555557 0.72 0
1231 0.1959027777777778 0.7266666666666668 0
1232 0.1937500000000001 0.7333333333333333 0
1233 0.1915972222222223 0.74 0
1234 0.1894444444444445 0.7466666666666666 0
1235 0.1872916666666667 0.7533333333333334 0
1236 0.1851388888888889 0.76 0
1237 0.1829861111111112 0.7666666666666667 0
1238 0.1808333333333334 0.7733333333333334 0
1239 0.1786805555555556 0.78 0
1240 0.1765277777777778 0.7866666666666666 0
1241 0.1743750000000001 0.7933333333333333 0
1242 0.4145833333333333 0.00666666666666671 0
1243 0.4125 0.01333333333333336 0
1244 0.4104166666666666 0.02000000000000007 0
1245 0.4083333333333333 0.02666666666666667 0
1246 0.4062499999999999 0.03333333333333355 0
1247 0.4041666666666667 0.03999999999999998 0
1248 0.4020833333333333 0.04666666666666675 0
1249 0.4 0.05333333333333351 0
1250 0.3979166666666666 0.06000000000000005 0
1251 0.3958333333333334 0.06666666666666671 0
1252 0.39375 0.07333333333333342 0
1253 0.3916666666666667 0.08000000000000007 0
1254 0.3895833333333334 0.08666666666666661 0
1255 0.3875 0.09333333333333327 0
1256 0.3854166666666667 0.1000000000000001 0
1257 0.3833333333333334 0.1066666666666666 0
1258 0.38125 0.1133333333333333 0
1259 0.3791666666666668 0.1199999999999999 0
1260 0.3770833333333334 0.1266666666666666 0
1261 0.3750000000000001 0.1333333333333332 0
1262 0.3729166666666667 0.1399999999999998 0
1263 0.3708333333333334 0.1466666666666666 0
1264 0.3687500000000001 0.1533333333333332 0
1265 0.3666666666666668 0.16 0
1266 0.3645833333333334 0.1666666666666667 0
1267 0.3625000000000001 0.1733333333333333 0
1268 0.3604166666666668 0.18 0
1269 0.3583333333333334 0.1866666666666666 0
1270 0.3562500000000001 0.1933333333333331 0
1271 0.3541666666666667 0.1999999999999997 0
1272 0.3520833333333334 0.2066666666666665 0
1273 0.3500000000000001 0.2133333333333332 0
1274 0.3479166666666668 0.2199999999999999 0
1275 0.3458333333333334 0.2266666666666665 0
1276 0.3437500000000001 0.2333333333333331 0
1277 0.3416666666666668 0.2399999999999997 0
1278 0.3395833333333335 0.2466666666666665 0
1279 0.3375000000000001 0.2533333333333332 0
1280 0.3354166666666668 0.2599999999999997 0
1281 0.3333333333333335 0.2666666666666664 0
1282 0.3312500000000002 0.2733333333333331 0
1283 0.3291666666666668 0.2799999999999998 0
1284 0.3270833333333335 0.2866666666666662 0
1285 0.3250000000000002 0.293333333333333 0
1286 0.3229166666666669 0.2999999999999997 0
1287 0.3208333333333335 0.3066666666666663 0
1288 0.3187500000000002 0.313333333333333 0
1289 0.3166666666666669 0.3199999999999996 0
1290 0.3145833333333335 0.3266666666666662 0
1291 0.3125000000000002 0.3333333333333329 0
1292 0.3104166666666669 0.3399999999999996 0
1293 0.3083333333333335 0.3466666666666663 0
1294 0.3062500000000002 0.3533333333333329 0
1295 0.3041666666666669 0.3599999999999997 0
1296 0.3020833333333335 0.3666666666666664 0
1297 0.3000000000000002 0.373333333333333 0
1298 0.2979166666666668 0.3799999999999996 0
1299 0.2958333333333335 0.3866666666666663 0
1300 0.2937500000000002 0.3933333333333331 0
1301 0.2916666666666669 0.3999999999999997 0
1302 0.2895833333333335 0.4066666666666663 0
1303 0.2875000000000002 0.4133333333333331 0
1304 0.2854166666666669 0.4199999999999997 0
1305 0.2833333333333334 0.4266666666666664 0
1306 0.2812500000000002 0.433333333333333 0
1307 0.2791666666666669 0.4399999999999997 0
1308 0.2770833333333335 0.4466666666666664 0
1309 0.2750000000000001 0.4533333333333331 0
1310 0.2729166666666668 0.4599999999999997 0
1311 0.2708333333333335 0.4666666666666664 0
1312 0.2687500000000002 0.4733333333333331 0
1313 0.2666666666666668 0.4799999999999999 0
1314 0.2645833333333335 0.4866666666666665 0
1315 0.2625000000000001 0.4933333333333332 0
1316 0.2604166666666667 0.4999999999999998 0
1317 0.2583333333333335 0.5066666666666665 0
1318 0.2562500000000002 0.5133333333333332 0
1319 0.2541666666666668 0.5199999999999998 0
1320 0.2520833333333335 0.5266666666666665 0
1321 0.2500000000000001 0.5333333333333332 0
1322 0.2479166666666668 0.5399999999999998 0
1323 0.2458333333333335 0.5466666666666665 0
1324 0.2437500000000001 0.5533333333333332 0
1325 0.2416666666666668 0.5599999999999998 0
1326 0.2395833333333335 0.5666666666666665 0
1327 0.2375000000000001 0.5733333333333333 0
1328 0.2354166666666668 0.5799999999999998 0
1329 0.2333333333333335 0.5866666666666664 0
1330 0.2312500000000001 0.5933333333333333 0
1331 0.2291666666666668 0.5999999999999999 0
1332 0.2270833333333335 0.6066666666666665 0
1333 0.2250000000000001 0.6133333333333333 0
1334 0.2229166666666668 0.6199999999999999 0
1335 0.2208333333333334 0.6266666666666666 0
1336 0.2187500000000001 0.6333333333333333 0
1337 0.2166666666666668 0.6399999999999999 0
1338 0.2145833333333335 0.6466666666666666 0
1339 0.2125000000000001 0.6533333333333333 0
1340 0.2104166666666668 0.6599999999999999 0
1341 0.2083333333333334 0.6666666666666666 0
1342 0.2062500000000001 0.6733333333333333 0
1343 0.2041666666666668 0.68 0
1344 0.2020833333333334 0.6866666666666665 0
1345 0.2000000000000001 0.6933333333333334 0
1346 0.1979166666666668 0.7 0
1347 0.1958333333333334 0.7066666666666667 0
1348 0.19375 0.7133333333333333 0
1349 0.1916666666666667 0.72 0
1350 0.1895833333333334 0.7266666666666667 0
1351 0.1875000000000001 0.7333333333333334 0
1352 0.1854166666666667 0.74 0
1353 0.1833333333333334 0.7466666666666667 0
1354 0.1812500000000001 0.7533333333333334 0
1355 0.1791666666666667 0.76 0
1356 0.1770833333333333 0.7666666666666667 0
1357 0.175 0.7733333333333334 0
1358 0.1729166666666667 0.78 0
1359 0.1708333333333334 0.7866666666666666 0
1360 0.16875 0.7933333333333333 0
1361 0.4007638888888889 0.006666666666666821 0
1362 0.39875 0.01333333333333347 0
1363 0.3967361111111111 0.02000000000000013 0
1364 0.3947222222222223 0.02666666666666673 0
1365 0.3927083333333333 0.0333333333333336 0
1366 0.3906944444444445 0.03999999999999992 0
1367 0.3886805555555556 0.04666666666666669 0
1368 0.3866666666666667 0.05333333333333345 0
1369 0.3846527777777778 0.06000000000000005 0
1370 0.382638888888889 0.06666666666666671 0
1371 0.3806250000000001 0.07333333333333336 0
1372 0.3786111111111112 0.08000000000000013 0
1373 0.3765972222222223 0.08666666666666667 0
1374 0.3745833333333334 0.09333333333333338 0
1375 0.3725694444444445 0.1 0
1376 0.3705555555555556 0.1066666666666666 0
1377 0.3685416666666668 0.1133333333333333 0
1378 0.3665277777777779 0.1200000000000001 0
1379 0.364513888888889 0.1266666666666666 0
1380 0.3625000000000001 0.1333333333333334 0
1381 0.3604861111111112 0.1399999999999998 0
1382 0.3584722222222223 0.1466666666666666 0
1383 0.3564583333333334 0.1533333333333333 0
1384 0.3544444444444446 0.1600000000000001 0
1385 0.3524305555555556 0.1666666666666666 0
1386 0.3504166666666668 0.1733333333333332 0
1387 0.3484027777777779 0.18 0
1388 0.346388888888889 0.1866666666666666 0
1389 0.3443750000000001 0.1933333333333331 0
1390 0.3423611111111112 0.1999999999999998 0
1391 0.3403472222222224 0.2066666666666665 0
1392 0.3383333333333335 0.2133333333333332 0
1393 0.3363194444444446 0.2199999999999998 0
1394 0.3343055555555557 0.2266666666666665 0
1395 0.3322916666666669 0.2333333333333332 0
1396 0.3302777777777779 0.2399999999999998 0
1397 0.328263888888889 0.2466666666666665 0
1398 0.3262500000000002 0.2533333333333332 0
1399 0.3242361111111113 0.2599999999999997 0
1400 0.3222222222222224 0.2666666666666664 0
1401 0.3202083333333335 0.2733333333333332 0
1402 0.3181944444444446 0.2799999999999998 0
1403 0.3161805555555557 0.2866666666666662 0
1404 0.3141666666666669 0.293333333333333 0
1405 0.312152777777778 0.2999999999999997 0
1406 0.3101388888888891 0.3066666666666663 0
1407 0.3081250000000002 0.3133333333333331 0
1408 0.3061111111111113 0.3199999999999996 0
1409 0.3040972222222225 0.3266666666666663 0
1410 0.3020833333333336 0.3333333333333329 0
1411 0.3000694444444447 0.3399999999999996 0
1412 0.2980555555555557 0.3466666666666663 0
1413 0.2960416666666669 0.353333333333333 0
1414 0.294027777777778 0.3599999999999997 0
1415 0.2920138888888891 0.3666666666666664 0
1416 0.2900000000000001 0.373333333333333 0
1417 0.2879861111111113 0.3799999999999996 0
1418 0.2859722222222224 0.3866666666666664 0
1419 0.2839583333333335 0.3933333333333331 0
1420 0.2819444444444447 0.3999999999999997 0
1421 0.2799305555555557 0.4066666666666664 0
1422 0.2779166666666669 0.4133333333333331 0
1423 0.275902777777778 0.4199999999999997 0
1424 0.2738888888888891 0.4266666666666664 0
1425 0.2718750000000001 0.433333333333333 0
1426 0.2698611111111113 0.4399999999999997 0
1427 0.2678472222222223 0.4466666666666664 0
1428 0.2658333333333335 0.4533333333333331 0
1429 0.2638194444444446 0.4599999999999998 0
1430 0.2618055555555557 0.4666666666666665 0
1431 0.2597916666666669 0.4733333333333332 0
1432 0.2577777777777779 0.4799999999999999 0
1433 0.2557638888888891 0.4866666666666665 0
1434 0.2537500000000002 0.4933333333333331 0
1435 0.2517361111111112 0.4999999999999998 0
1436 0.2497222222222224 0.5066666666666665 0
1437 0.2477083333333335 0.5133333333333332 0
1438 0.2456944444444445 0.5199999999999998 0
1439 0.2436805555555557 0.5266666666666665 0
1440 0.2416666666666668 0.5333333333333332 0
1441 0.2396527777777779 0.5399999999999999 0
1442 0.237638888888889 0.5466666666666665 0
1443 0.2356250000000001 0.5533333333333332 0
1444 0.2336111111111112 0.5599999999999998 0
1445 0.2315972222222223 0.5666666666666665 0
1446 0.2295833333333334 0.5733333333333333 0
1447 0.2275694444444446 0.5799999999999998 0
1448 0.2255555555555557 0.5866666666666664 0
1449 0.2235416666666668 0.5933333333333333 0
1450 0.2215277777777779 0.5999999999999999 0
1451 0.219513888888889 0.6066666666666666 0
1452 0.2175000000000001 0.6133333333333333 0
1453 0.2154861111111113 0.62 0
1454 0.2134722222222223 0.6266666666666666 0
1455 0.2114583333333335 0.6333333333333333 0
1456 0.2094444444444445 0.6399999999999999 0
1457 0.2074305555555557 0.6466666666666666 0
1458 0.2054166666666667 0.6533333333333333 0
1459 0.2034027777777779 0.6599999999999999 0
1460 0.201388888888889 0.6666666666666666 0
1461 0.1993750000000001 0.6733333333333333 0
1462 0.1973611111111112 0.68 0
1463 0.1953472222222223 0.6866666666666665 0
1464 0.1933333333333335 0.6933333333333334 0
1465 0.1913194444444445 0.7 0
1466 0.1893055555555556 0.7066666666666666 0
1467 0.1872916666666667 0.7133333333333334 0
1468 0.1852777777777778 0.72 0
1469 0.1832638888888889 0.7266666666666668 0
1470 0.18125 0.7333333333333334 0
1471 0.1792361111111112 0.74 0
1472 0.1772222222222222 0.7466666666666667 0
1473 0.1752083333333334 0.7533333333333333 0
1474 0.1731944444444445 0.76 0
1475 0.1711805555555556 0.7666666666666667 0
1476 0.1691666666666667 0.7733333333333333 0
1477 0.1671527777777778 0.78 0
1478 0.1651388888888889 0.7866666666666666 0
1479 0.163125 0.7933333333333334 0
1480 0.3869444444444444 0.006666666666666765 0
1481 0.385 0.01333333333333342 0
1482 0.3830555555555555 0.02000000000000018 0
1483 0.3811111111111111 0.02666666666666667 0
1484 0.3791666666666667 0.03333333333333355 0
1485 0.3772222222222222 0.03999999999999992 0
1486 0.3752777777777778 0.04666666666666669 0
1487 0.3733333333333333 0.05333333333333357 0
1488 0.3713888888888889 0.06000000000000005 0
1489 0.3694444444444445 0.06666666666666671 0
1490 0.3675 0.07333333333333342 0
1491 0.3655555555555556 0.08000000000000002 0
1492 0.3636111111111111 0.08666666666666667 0
1493 0.3616666666666667 0.09333333333333338 0
1494 0.3597222222222222 0.1 0
1495 0.3577777777777778 0.1066666666666666 0
1496 0.3558333333333333 0.1133333333333333 0
1497 0.3538888888888889 0.12 0
1498 0.3519444444444444 0.1266666666666666 0
1499 0.3500000000000001 0.1333333333333334 0
1500 0.3480555555555556 0.1399999999999999 0
1501 0.3461111111111111 0.1466666666666668 0
1502 0.3441666666666667 0.1533333333333333 0
1503 0.3422222222222223 0.1600000000000001 0
1504 0.3402777777777778 0.1666666666666666 0
1505 0.3383333333333334 0.1733333333333332 0
1506 0.336388888888889 0.1799999999999999 0
1507 0.3344444444444445 0.1866666666666666 0
1508 0.3325000000000001 0.1933333333333331 0
1509 0.3305555555555557 0.1999999999999998 0
1510 0.3286111111111112 0.2066666666666665 0
1511 0.3266666666666668 0.2133333333333333 0
1512 0.3247222222222224 0.2199999999999999 0
1513 0.3227777777777779 0.2266666666666666 0
1514 0.3208333333333335 0.2333333333333332 0
1515 0.318888888888889 0.2399999999999998 0
1516 0.3169444444444445 0.2466666666666665 0
1517 0.3150000000000001 0.2533333333333332 0
1518 0.3130555555555557 0.2599999999999998 0
1519 0.3111111111111112 0.2666666666666664 0
1520 0.3091666666666668 0.2733333333333332 0
1521 0.3072222222222224 0.2799999999999999 0
1522 0.305277777777778 0.2866666666666663 0
1523 0.3033333333333335 0.293333333333333 0
1524 0.301388888888889 0.2999999999999997 0
1525 0.2994444444444446 0.3066666666666663 0
1526 0.2975000000000002 0.313333333333333 0
1527 0.2955555555555557 0.3199999999999996 0
1528 0.2936111111111113 0.3266666666666663 0
1529 0.2916666666666669 0.333333333333333 0
1530 0.2897222222222224 0.3399999999999997 0
1531 0.287777777777778 0.3466666666666663 0
1532 0.2858333333333335 0.3533333333333331 0
1533 0.2838888888888891 0.3599999999999997 0
1534 0.2819444444444446 0.3666666666666664 0
1535 0.2800000000000001 0.3733333333333331 0
1536 0.2780555555555558 0.3799999999999996 0
1537 0.2761111111111113 0.3866666666666664 0
1538 0.2741666666666668 0.3933333333333331 0
1539 0.2722222222222224 0.3999999999999997 0
1540 0.2702777777777779 0.4066666666666664 0
1541 0.2683333333333335 0.4133333333333331 0
1542 0.266388888888889 0.4199999999999997 0
1543 0.2644444444444446 0.4266666666666665 0
1544 0.2625000000000002 0.4333333333333331 0
1545 0.2605555555555558 0.4399999999999997 0
1546 0.2586111111111112 0.4466666666666664 0
1547 0.2566666666666668 0.4533333333333331 0
1548 0.2547222222222223 0.4599999999999999 0
1549 0.2527777777777779 0.4666666666666665 0
1550 0.2508333333333334 0.4733333333333332 0
1551 0.248888888888889 0.4799999999999999 0
1552 0.2469444444444445 0.4866666666666665 0
1553 0.2450000000000002 0.4933333333333332 0
1554 0.2430555555555557 0.4999999999999998 0
1555 0.2411111111111112 0.5066666666666665 0
1556 0.2391666666666668 0.5133333333333332 0
1557 0.2372222222222224 0.5199999999999998 0
1558 0.2352777777777779 0.5266666666666665 0
1559 0.2333333333333334 0.5333333333333332 0
1560 0.2313888888888891 0.5399999999999999 0
1561 0.2294444444444446 0.5466666666666666 0
1562 0.2275000000000001 0.5533333333333332 0
1563 0.2255555555555557 0.5599999999999999 0
1564 0.2236111111111113 0.5666666666666665 0
1565 0.2216666666666668 0.5733333333333333 0
1566 0.2197222222222223 0.5799999999999998 0
1567 0.2177777777777779 0.5866666666666664 0
1568 0.2158333333333334 0.5933333333333333 0
1569 0.213888888888889 0.5999999999999999 0
1570 0.2119444444444446 0.6066666666666666 0
1571 0.21 0.6133333333333333 0
1572 0.2080555555555557 0.6199999999999999 0
1573 0.2061111111111112 0.6266666666666667 0
1574 0.2041666666666668 0.6333333333333333 0
1575 0.2022222222222223 0.6399999999999999 0
1576 0.2002777777777779 0.6466666666666667 0
1577 0.1983333333333334 0.6533333333333333 0
1578 0.196388888888889 0.66 0
1579 0.1944444444444446 0.6666666666666666 0
1580 0.1925000000000001 0.6733333333333335 0
1581 0.1905555555555556 0.6799999999999999 0
1582 0.1886111111111112 0.6866666666666665 0
1583 0.1866666666666667 0.6933333333333334 0
1584 0.1847222222222223 0.7 0
1585 0.1827777777777779 0.7066666666666666 0
1586 0.1808333333333334 0.7133333333333333 0
1587 0.178888888888889 0.72 0
1588 0.1769444444444445 0.7266666666666668 0
1589 0.175 0.7333333333333334 0
1590 0.1730555555555556 0.74 0
1591 0.1711111111111112 0.7466666666666666 0
1592 0.1691666666666667 0.7533333333333334 0
1593 0.1672222222222223 0.76 0
1594 0.1652777777777778 0.7666666666666667 0
1595 0.1633333333333333 0.7733333333333334 0
1596 0.161388888888889 0.78 0
1597 0.1594444444444445 0.7866666666666667 0
1598 0.1575 0.7933333333333333 0
1599 0.373125 0.006666666666666765 0
1600 0.37125 0.01333333333333336 0
1601 0.369375 0.02000000000000018 0
1602 0.3675 0.02666666666666667 0
1603 0.365625 0.0333333333333336 0
1604 0.36375 0.04000000000000004 0
1605 0.361875 0.04666666666666675 0
1606 0.36 0.05333333333333345 0
1607 0.358125 0.06 0
1608 0.3562500000000001 0.06666666666666671 0
1609 0.3543750000000001 0.07333333333333342 0
1610 0.3525 0.08000000000000002 0
1611 0.3506250000000001 0.08666666666666667 0
1612 0.3487500000000001 0.09333333333333338 0
1613 0.346875 0.1 0
1614 0.3450000000000001 0.1066666666666666 0
1615 0.3431250000000001 0.1133333333333335 0
1616 0.3412500000000001 0.12 0
1617 0.3393750000000001 0.1266666666666666 0
1618 0.3375000000000001 0.1333333333333334 0
1619 0.3356250000000001 0.1399999999999999 0
1620 0.3337500000000001 0.1466666666666669 0
1621 0.3318750000000001 0.1533333333333333 0
1622 0.3300000000000001 0.1600000000000001 0
1623 0.3281250000000001 0.1666666666666667 0
1624 0.3262500000000002 0.1733333333333333 0
1625 0.3243750000000001 0.18 0
1626 0.3225000000000001 0.1866666666666666 0
1627 0.3206250000000002 0.1933333333333331 0
1628 0.3187500000000001 0.1999999999999997 0
1629 0.3168750000000001 0.2066666666666664 0
1630 0.3150000000000002 0.2133333333333332 0
1631 0.3131250000000002 0.2199999999999999 0
1632 0.3112500000000001 0.2266666666666665 0
1633 0.3093750000000002 0.2333333333333333 0
1634 0.3075000000000002 0.2399999999999998 0
1635 0.3056250000000001 0.2466666666666665 0
1636 0.3037500000000001 0.2533333333333332 0
1637 0.3018750000000002 0.2599999999999998 0
1638 0.3000000000000002 0.2666666666666665 0
1639 0.2981250000000002 0.2733333333333332 0
1640 0.2962500000000002 0.2799999999999999 0
1641 0.2943750000000002 0.2866666666666663 0
1642 0.2925000000000002 0.2933333333333331 0
1643 0.2906250000000002 0.2999999999999998 0
1644 0.2887500000000002 0.3066666666666663 0
1645 0.2868750000000002 0.313333333333333 0
1646 0.2850000000000003 0.3199999999999997 0
1647 0.2831250000000002 0.3266666666666663 0
1648 0.2812500000000002 0.3333333333333329 0
1649 0.2793750000000002 0.3399999999999997 0
1650 0.2775000000000002 0.3466666666666663 0
1651 0.2756250000000002 0.3533333333333329 0
1652 0.2737500000000002 0.3599999999999997 0
1653 0.2718750000000002 0.3666666666666664 0
1654 0.2700000000000002 0.3733333333333331 0
1655 0.2681250000000002 0.3799999999999997 0
1656 0.2662500000000002 0.3866666666666664 0
1657 0.2643750000000001 0.3933333333333331 0
1658 0.2625000000000002 0.3999999999999997 0
1659 0.2606250000000001 0.4066666666666664 0
1660 0.2587500000000002 0.4133333333333331 0
1661 0.2568750000000002 0.4199999999999998 0
1662 0.2550000000000002 0.4266666666666664 0
1663 0.2531250000000002 0.433333333333333 0
1664 0.2512500000000002 0.4399999999999997 0
1665 0.2493750000000001 0.4466666666666664 0
1666 0.2475000000000002 0.4533333333333333 0
1667 0.2456250000000001 0.4599999999999999 0
1668 0.2437500000000002 0.4666666666666665 0
1669 0.2418750000000002 0.4733333333333332 0
1670 0.2400000000000002 0.4799999999999999 0
1671 0.2381250000000001 0.4866666666666665 0
1672 0.2362500000000002 0.4933333333333332 0
1673 0.2343750000000001 0.4999999999999998 0
1674 0.2325000000000002 0.5066666666666665 0
1675 0.2306250000000001 0.5133333333333332 0
1676 0.2287500000000001 0.5199999999999999 0
1677 0.2268750000000001 0.5266666666666666 0
1678 0.2250000000000002 0.5333333333333332 0
1679 0.2231250000000001 0.5399999999999998 0
1680 0.2212500000000001 0.5466666666666666 0
1681 0.2193750000000002 0.5533333333333332 0
1682 0.2175000000000001 0.5599999999999999 0
1683 0.2156250000000001 0.5666666666666665 0
1684 0.2137500000000002 0.5733333333333333 0
1685 0.2118750000000001 0.5799999999999998 0
1686 0.2100000000000001 0.5866666666666666 0
1687 0.2081250000000002 0.5933333333333333 0
1688 0.2062500000000002 0.5999999999999999 0
1689 0.2043750000000001 0.6066666666666666 0
1690 0.2025000000000001 0.6133333333333333 0
1691 0.2006250000000002 0.62 0
1692 0.1987500000000001 0.6266666666666666 0
1693 0.1968750000000001 0.6333333333333333 0
1694 0.1950000000000001 0.6399999999999999 0
1695 0.1931250000000002 0.6466666666666667 0
1696 0.1912500000000001 0.6533333333333332 0
1697 0.1893750000000001 0.6600000000000001 0
1698 0.1875000000000001 0.6666666666666665 0
1699 0.1856250000000002 0.6733333333333333 0
1700 0.1837500000000001 0.6800000000000002 0
1701 0.1818750000000001 0.6866666666666666 0
1702 0.1800000000000002 0.6933333333333334 0
1703 0.1781250000000001 0.7 0
1704 0.1762500000000001 0.7066666666666666 0
1705 0.1743750000000001 0.7133333333333334 0
1706 0.1725 0.72 0
1707 0.1706250000000001 0.7266666666666668 0
1708 0.1687500000000001 0.7333333333333333 0
1709 0.1668750000000001 0.74 0
1710 0.1650000000000001 0.7466666666666667 0
1711 0.1631250000000001 0.7533333333333334 0
1712 0.1612500000000002 0.76 0
1713 0.159375 0.7666666666666667 0
1714 0.1575 0.7733333333333334 0
1715 0.1556250000000001 0.78 0
1716 0.15375 0.7866666666666666 0
1717 0.1518750000000001 0.7933333333333334 0
1718 0.3593055555555556 0.006666666666666821 0
1719 0.3575 0.01333333333333342 0
1720 0.3556944444444445 0.02000000000000013 0
1721 0.353888888888889 0.02666666666666667 0
1722 0.3520833333333334 0.03333333333333355 0
1723 0.3502777777777779 0.04000000000000015 0
1724 0.3484722222222223 0.04666666666666686 0
1725 0.3466666666666668 0.05333333333333351 0
1726 0.3448611111111112 0.06000000000000005 0
1727 0.3430555555555557 0.06666666666666671 0
1728 0.3412500000000001 0.07333333333333336 0
1729 0.3394444444444445 0.08000000000000007 0
1730 0.337638888888889 0.08666666666666667 0
1731 0.3358333333333334 0.09333333333333338 0
1732 0.3340277777777779 0.09999999999999998 0
1733 0.3322222222222223 0.1066666666666666 0
1734 0.3304166666666668 0.1133333333333334 0
1735 0.3286111111111112 0.1200000000000001 0
1736 0.3268055555555556 0.1266666666666666 0
1737 0.3250000000000002 0.1333333333333333 0
1738 0.3231944444444446 0.14 0
1739 0.3213888888888891 0.1466666666666668 0
1740 0.3195833333333334 0.1533333333333334 0
1741 0.3177777777777779 0.16 0
1742 0.3159722222222224 0.1666666666666666 0
1743 0.3141666666666668 0.1733333333333332 0
1744 0.3123611111111113 0.1799999999999999 0
1745 0.3105555555555557 0.1866666666666666 0
1746 0.3087500000000002 0.1933333333333331 0
1747 0.3069444444444446 0.1999999999999998 0
1748 0.3051388888888891 0.2066666666666666 0
1749 0.3033333333333336 0.2133333333333332 0
1750 0.3015277777777779 0.2199999999999999 0
1751 0.2997222222222224 0.2266666666666665 0
1752 0.2979166666666669 0.2333333333333332 0
1753 0.2961111111111113 0.2399999999999998 0
1754 0.2943055555555557 0.2466666666666666 0
1755 0.2925000000000002 0.2533333333333333 0
1756 0.2906944444444447 0.2599999999999998 0
1757 0.2888888888888891 0.2666666666666666 0
1758 0.2870833333333336 0.2733333333333332 0
1759 0.285277777777778 0.2799999999999999 0
1760 0.2834722222222225 0.2866666666666664 0
1761 0.2816666666666669 0.2933333333333331 0
1762 0.2798611111111113 0.2999999999999998 0
1763 0.2780555555555558 0.3066666666666663 0
1764 0.2762500000000002 0.3133333333333331 0
1765 0.2744444444444447 0.3199999999999997 0
1766 0.2726388888888892 0.3266666666666663 0
1767 0.2708333333333336 0.333333333333333 0
1768 0.269027777777778 0.3399999999999997 0
1769 0.2672222222222225 0.3466666666666665 0
1770 0.2654166666666669 0.3533333333333331 0
1771 0.2636111111111114 0.3599999999999998 0
1772 0.2618055555555558 0.3666666666666664 0
1773 0.2600000000000002 0.3733333333333331 0
1774 0.2581944444444447 0.3799999999999997 0
1775 0.2563888888888891 0.3866666666666664 0
1776 0.2545833333333336 0.3933333333333331 0
1777 0.252777777777778 0.3999999999999997 0
1778 0.2509722222222224 0.4066666666666665 0
1779 0.2491666666666669 0.4133333333333331 0
1780 0.2473611111111114 0.4199999999999998 0
1781 0.2455555555555558 0.4266666666666664 0
1782 0.2437500000000002 0.4333333333333331 0
1783 0.2419444444444447 0.4399999999999998 0
1784 0.2401388888888891 0.4466666666666665 0
1785 0.2383333333333335 0.4533333333333333 0
1786 0.2365277777777779 0.4599999999999999 0
1787 0.2347222222222224 0.4666666666666665 0
1788 0.2329166666666669 0.4733333333333332 0
1789 0.2311111111111113 0.4799999999999999 0
1790 0.2293055555555558 0.4866666666666665 0
1791 0.2275000000000002 0.4933333333333332 0
1792 0.2256944444444446 0.4999999999999999 0
1793 0.2238888888888891 0.5066666666666666 0
1794 0.2220833333333336 0.5133333333333332 0
1795 0.220277777777778 0.5199999999999999 0
1796 0.2184722222222224 0.5266666666666666 0
1797 0.2166666666666669 0.5333333333333332 0
1798 0.2148611111111113 0.5399999999999999 0
1799 0.2130555555555558 0.5466666666666666 0
1800 0.2112500000000002 0.5533333333333332 0
1801 0.2094444444444446 0.5599999999999998 0
1802 0.207638888888889 0.5666666666666667 0
1803 0.2058333333333335 0.5733333333333333 0
1804 0.204027777777778 0.58 0
1805 0.2022222222222224 0.5866666666666666 0
1806 0.2004166666666669 0.5933333333333333 0
1807 0.1986111111111113 0.6 0
1808 0.1968055555555557 0.6066666666666666 0
1809 0.1950000000000002 0.6133333333333333 0
1810 0.1931944444444446 0.6199999999999999 0
1811 0.1913888888888891 0.6266666666666667 0
1812 0.1895833333333335 0.6333333333333333 0
1813 0.1877777777777779 0.64 0
1814 0.1859722222222224 0.6466666666666666 0
1815 0.1841666666666668 0.6533333333333333 0
1816 0.1823611111111113 0.66 0
1817 0.1805555555555557 0.6666666666666666 0
1818 0.1787500000000002 0.6733333333333333 0
1819 0.1769444444444446 0.6800000000000002 0
1820 0.1751388888888891 0.6866666666666666 0
1821 0.1733333333333335 0.6933333333333334 0
1822 0.1715277777777779 0.7 0
1823 0.1697222222222224 0.7066666666666666 0
1824 0.1679166666666668 0.7133333333333334 0
1825 0.1661111111111113 0.72 0
1826 0.1643055555555556 0.7266666666666668 0
1827 0.1625000000000001 0.7333333333333333 0
1828 0.1606944444444446 0.74 0
1829 0.1588888888888889 0.7466666666666667 0
1830 0.1570833333333335 0.7533333333333334 0
1831 0.1552777777777778 0.76 0
1832 0.1534722222222224 0.7666666666666667 0
1833 0.1516666666666668 0.7733333333333334 0
1834 0.1498611111111113 0.78 0
1835 0.1480555555555557 0.7866666666666666 0
1836 0.14625 0.7933333333333334 0
1837 0.345486111111111 0.00666666666666671 0
1838 0.3437499999999999 0.01333333333333342 0
1839 0.3420138888888888 0.02000000000000018 0
1840 0.3402777777777778 0.02666666666666678 0
1841 0.3385416666666666 0.03333333333333349 0
1842 0.3368055555555556 0.04000000000000015 0
1843 0.3350694444444445 0.04666666666666686 0
1844 0.3333333333333333 0.0533333333333334 0
1845 0.3315972222222222 0.06 0
1846 0.3298611111111112 0.06666666666666665 0
1847 0.3281250000000001 0.07333333333333342 0
1848 0.326388888888889 0.07999999999999996 0
1849 0.3246527777777778 0.08666666666666673 0
1850 0.3229166666666667 0.09333333333333338 0
1851 0.3211805555555556 0.09999999999999992 0
1852 0.3194444444444445 0.1066666666666666 0
1853 0.3177083333333334 0.1133333333333334 0
1854 0.3159722222222223 0.12 0
1855 0.3142361111111112 0.1266666666666667 0
1856 0.3125000000000001 0.1333333333333332 0
1857 0.310763888888889 0.1399999999999999 0
1858 0.3090277777777779 0.1466666666666668 0
1859 0.3072916666666667 0.1533333333333334 0
1860 0.3055555555555556 0.16 0
1861 0.3038194444444445 0.1666666666666666 0
1862 0.3020833333333335 0.1733333333333332 0
1863 0.3003472222222223 0.1799999999999999 0
1864 0.2986111111111112 0.1866666666666666 0
1865 0.2968750000000001 0.1933333333333332 0
1866 0.295138888888889 0.1999999999999998 0
1867 0.2934027777777779 0.2066666666666666 0
1868 0.2916666666666667 0.2133333333333333 0
1869 0.2899305555555557 0.22 0
1870 0.2881944444444446 0.2266666666666665 0
1871 0.2864583333333335 0.2333333333333332 0
1872 0.2847222222222223 0.2399999999999999 0
1873 0.2829861111111113 0.2466666666666666 0
1874 0.2812500000000002 0.2533333333333333 0
1875 0.2795138888888891 0.2599999999999998 0
1876 0.2777777777777779 0.2666666666666666 0
1877 0.2760416666666669 0.2733333333333332 0
1878 0.2743055555555557 0.2799999999999999 0
1879 0.2725694444444446 0.2866666666666665 0
1880 0.2708333333333335 0.2933333333333331 0
1881 0.2690972222222224 0.2999999999999998 0
1882 0.2673611111111113 0.3066666666666664 0
1883 0.2656250000000001 0.3133333333333332 0
1884 0.2638888888888891 0.3199999999999998 0
1885 0.262152777777778 0.3266666666666663 0
1886 0.2604166666666669 0.333333333333333 0
1887 0.2586805555555557 0.3399999999999998 0
1888 0.2569444444444446 0.3466666666666665 0
1889 0.2552083333333335 0.3533333333333331 0
1890 0.2534722222222224 0.3599999999999998 0
1891 0.2517361111111113 0.3666666666666665 0
1892 0.2500000000000002 0.3733333333333331 0
1893 0.2482638888888891 0.3799999999999997 0
1894 0.246527777777778 0.3866666666666664 0
1895 0.2447916666666669 0.3933333333333332 0
1896 0.2430555555555557 0.3999999999999997 0
1897 0.2413194444444446 0.4066666666666665 0
1898 0.2395833333333335 0.4133333333333331 0
1899 0.2378472222222224 0.4199999999999998 0
1900 0.2361111111111113 0.4266666666666665 0
1901 0.2343750000000002 0.4333333333333331 0
1902 0.2326388888888891 0.4399999999999998 0
1903 0.2309027777777779 0.4466666666666665 0
1904 0.2291666666666669 0.4533333333333333 0
1905 0.2274305555555557 0.4599999999999999 0
1906 0.2256944444444446 0.4666666666666665 0
1907 0.2239583333333335 0.4733333333333332 0
1908 0.2222222222222223 0.4799999999999999 0
1909 0.2204861111111112 0.4866666666666666 0
1910 0.2187500000000002 0.4933333333333333 0
1911 0.2170138888888891 0.4999999999999999 0
1912 0.2152777777777779 0.5066666666666666 0
1913 0.2135416666666668 0.5133333333333332 0
1914 0.2118055555555557 0.5199999999999999 0
1915 0.2100694444444447 0.5266666666666666 0
1916 0.2083333333333335 0.5333333333333332 0
1917 0.2065972222222224 0.5399999999999999 0
1918 0.2048611111111112 0.5466666666666666 0
1919 0.2031250000000002 0.5533333333333332 0
1920 0.201388888888889 0.5599999999999999 0
1921 0.1996527777777779 0.5666666666666667 0
1922 0.1979166666666669 0.5733333333333333 0
1923 0.1961805555555557 0.58 0
1924 0.1944444444444446 0.5866666666666666 0
1925 0.1927083333333335 0.5933333333333333 0
1926 0.1909722222222224 0.6 0
1927 0.1892361111111112 0.6066666666666667 0
1928 0.1875000000000001 0.6133333333333333 0
1929 0.1857638888888891 0.6199999999999999 0
1930 0.1840277777777779 0.6266666666666667 0
1931 0.1822916666666668 0.6333333333333333 0
1932 0.1805555555555557 0.6399999999999999 0
1933 0.1788194444444446 0.6466666666666667 0
1934 0.1770833333333335 0.6533333333333333 0
1935 0.1753472222222224 0.6600000000000001 0
1936 0.1736111111111112 0.6666666666666666 0
1937 0.1718750000000001 0.6733333333333333 0
1938 0.1701388888888891 0.68 0
1939 0.1684027777777779 0.6866666666666666 0
1940 0.1666666666666668 0.6933333333333335 0
1941 0.1649305555555557 0.7 0
1942 0.1631944444444446 0.7066666666666667 0
1943 0.1614583333333335 0.7133333333333334 0
1944 0.1597222222222223 0.72 0
1945 0.1579861111111113 0.7266666666666668 0
1946 0.1562500000000002 0.7333333333333334 0
1947 0.154513888888889 0.74 0
1948 0.152777777777778 0.7466666666666667 0
1949 0.1510416666666667 0.7533333333333334 0
1950 0.1493055555555556 0.76 0
1951 0.1475694444444445 0.7666666666666667 0
1952 0.1458333333333335 0.7733333333333334 0
1953 0.1440972222222224 0.78 0
1954 0.1423611111111112 0.7866666666666667 0
1955 0.1406250000000002 0.7933333333333334 0
1956 0.3316666666666667 0.00666666666666671 0
1957 0.33 0.01333333333333342 0
1958 0.3283333333333334 0.02000000000000018 0
1959 0.3266666666666668 0.02666666666666667 0
1960 0.3250000000000001 0.03333333333333355 0
1961 0.3233333333333334 0.04000000000000009 0
1962 0.3216666666666668 0.04666666666666669 0
1963 0.3200000000000001 0.05333333333333345 0
1964 0.3183333333333334 0.06000000000000005 0
1965 0.3166666666666668 0.06666666666666665 0
1966 0.3150000000000001 0.07333333333333336 0
1967 0.3133333333333334 0.08000000000000002 0
1968 0.3116666666666668 0.08666666666666678 0
1969 0.3100000000000001 0.09333333333333338 0
1970 0.3083333333333334 0.09999999999999998 0
1971 0.3066666666666668 0.1066666666666667 0
1972 0.3050000000000001 0.1133333333333335 0
1973 0.3033333333333335 0.1200000000000001 0
1974 0.3016666666666667 0.1266666666666666 0
1975 0.3000000000000002 0.1333333333333334 0
1976 0.2983333333333335 0.14 0
1977 0.2966666666666668 0.1466666666666668 0
1978 0.2950000000000001 0.1533333333333334 0
1979 0.2933333333333334 0.1600000000000001 0
1980 0.2916666666666668 0.1666666666666667 0
1981 0.2900000000000001 0.1733333333333333 0
1982 0.2883333333333335 0.1799999999999999 0
1983 0.2866666666666668 0.1866666666666666 0
1984 0.2850000000000001 0.1933333333333332 0
1985 0.2833333333333335 0.1999999999999999 0
1986 0.2816666666666668 0.2066666666666666 0
1987 0.2800000000000002 0.2133333333333333 0
1988 0.2783333333333335 0.22 0
1989 0.2766666666666669 0.2266666666666667 0
1990 0.2750000000000002 0.2333333333333333 0
1991 0.2733333333333335 0.2399999999999999 0
1992 0.2716666666666668 0.2466666666666666 0
1993 0.2700000000000001 0.2533333333333333 0
1994 0.2683333333333335 0.2599999999999998 0
1995 0.2666666666666668 0.2666666666666665 0
1996 0.2650000000000002 0.2733333333333333 0
1997 0.2633333333333335 0.2799999999999999 0
1998 0.2616666666666669 0.2866666666666665 0
1999 0.2600000000000002 0.2933333333333332 0
2000 0.2583333333333335 0.2999999999999997 0
2001 0.2566666666666669 0.3066666666666664 0
2002 0.2550000000000002 0.3133333333333331 0
2003 0.2533333333333336 0.3199999999999998 0
2004 0.2516666666666669 0.3266666666666664 0
2005 0.2500000000000002 0.3333333333333331 0
2006 0.2483333333333336 0.3399999999999998 0
2007 0.2466666666666669 0.3466666666666665 0
2008 0.2450000000000002 0.3533333333333331 0
2009 0.2433333333333336 0.3599999999999998 0
2010 0.2416666666666669 0.3666666666666665 0
2011 0.2400000000000002 0.3733333333333332 0
2012 0.2383333333333335 0.3799999999999997 0
2013 0.2366666666666668 0.3866666666666664 0
2014 0.2350000000000002 0.3933333333333332 0
2015 0.2333333333333336 0.3999999999999998 0
2016 0.2316666666666669 0.4066666666666665 0
2017 0.2300000000000003 0.4133333333333332 0
2018 0.2283333333333335 0.4199999999999998 0
2019 0.2266666666666668 0.4266666666666665 0
2020 0.2250000000000003 0.4333333333333332 0
2021 0.2233333333333335 0.4399999999999998 0
2022 0.2216666666666669 0.4466666666666665 0
2023 0.2200000000000002 0.4533333333333333 0
2024 0.2183333333333335 0.46 0
2025 0.2166666666666669 0.4666666666666666 0
2026 0.2150000000000002 0.4733333333333333 0
2027 0.2133333333333335 0.48 0
2028 0.2116666666666669 0.4866666666666666 0
2029 0.2100000000000002 0.4933333333333333 0
2030 0.2083333333333335 0.4999999999999999 0
2031 0.2066666666666669 0.5066666666666666 0
2032 0.2050000000000002 0.5133333333333332 0
2033 0.2033333333333335 0.5199999999999999 0
2034 0.2016666666666669 0.5266666666666666 0
2035 0.2000000000000002 0.5333333333333332 0
2036 0.1983333333333335 0.54 0
2037 0.1966666666666669 0.5466666666666666 0
2038 0.1950000000000002 0.5533333333333333 0
2039 0.1933333333333335 0.5599999999999999 0
2040 0.1916666666666668 0.5666666666666667 0
2041 0.1900000000000002 0.5733333333333334 0
2042 0.1883333333333336 0.58 0
2043 0.1866666666666668 0.5866666666666666 0
2044 0.1850000000000002 0.5933333333333333 0
2045 0.1833333333333335 0.6 0
2046 0.1816666666666668 0.6066666666666667 0
2047 0.1800000000000002 0.6133333333333333 0
2048 0.1783333333333335 0.62 0
2049 0.1766666666666668 0.6266666666666667 0
2050 0.1750000000000002 0.6333333333333333 0
2051 0.1733333333333335 0.64 0
2052 0.1716666666666668 0.6466666666666667 0
2053 0.1700000000000002 0.6533333333333333 0
2054 0.1683333333333335 0.6600000000000001 0
2055 0.1666666666666668 0.6666666666666666 0
2056 0.1650000000000001 0.6733333333333333 0
2057 0.1633333333333335 0.68 0
2058 0.1616666666666669 0.6866666666666666 0
2059 0.1600000000000002 0.6933333333333334 0
2060 0.1583333333333335 0.7000000000000001 0
2061 0.1566666666666668 0.7066666666666666 0
2062 0.1550000000000001 0.7133333333333334 0
2063 0.1533333333333334 0.72 0
2064 0.1516666666666669 0.7266666666666668 0
2065 0.1500000000000002 0.7333333333333334 0
2066 0.1483333333333335 0.7400000000000001 0
2067 0.1466666666666669 0.7466666666666667 0
2068 0.1450000000000001 0.7533333333333334 0
2069 0.1433333333333335 0.7600000000000002 0
2070 0.1416666666666668 0.7666666666666667 0
2071 0.1400000000000001 0.7733333333333334 0
2072 0.1383333333333335 0.78 0
2073 0.1366666666666669 0.7866666666666666 0
2074 0.1350000000000001 0.7933333333333333 0
2075 0.3178472222222222 0.006666666666666821 0
2076 0.31625 0.01333333333333342 0
2077 0.3146527777777777 0.02000000000000018 0
2078 0.3130555555555556 0.02666666666666662 0
2079 0.3114583333333333 0.03333333333333349 0
2080 0.3098611111111111 0.04000000000000004 0
2081 0.3082638888888889 0.04666666666666669 0
2082 0.3066666666666666 0.05333333333333345 0
2083 0.3050694444444445 0.06 0
2084 0.3034722222222223 0.06666666666666676 0
2085 0.3018750000000001 0.07333333333333336 0
2086 0.3002777777777778 0.08000000000000007 0
2087 0.2986805555555556 0.08666666666666684 0
2088 0.2970833333333334 0.09333333333333343 0
2089 0.2954861111111112 0.1 0
2090 0.2938888888888889 0.1066666666666667 0
2091 0.2922916666666667 0.1133333333333334 0
2092 0.2906944444444445 0.12 0
2093 0.2890972222222222 0.1266666666666666 0
2094 0.2875 0.1333333333333334 0
2095 0.2859027777777778 0.14 0
2096 0.2843055555555556 0.1466666666666668 0
2097 0.2827083333333334 0.1533333333333333 0
2098 0.2811111111111112 0.16 0
2099 0.279513888888889 0.1666666666666667 0
2100 0.2779166666666667 0.1733333333333334 0
2101 0.2763194444444446 0.18 0
2102 0.2747222222222223 0.1866666666666666 0
2103 0.2731250000000001 0.1933333333333332 0
2104 0.2715277777777779 0.2 0
2105 0.2699305555555557 0.2066666666666667 0
2106 0.2683333333333335 0.2133333333333333 0
2107 0.2667361111111112 0.22 0
2108 0.265138888888889 0.2266666666666666 0
2109 0.2635416666666668 0.2333333333333333 0
2110 0.2619444444444445 0.2399999999999999 0
2111 0.2603472222222223 0.2466666666666666 0
2112 0.2587500000000001 0.2533333333333334 0
2113 0.257152777777778 0.2599999999999999 0
2114 0.2555555555555557 0.2666666666666666 0
2115 0.2539583333333335 0.2733333333333333 0
2116 0.2523611111111113 0.28 0
2117 0.250763888888889 0.2866666666666665 0
2118 0.2491666666666669 0.2933333333333332 0
2119 0.2475694444444446 0.2999999999999998 0
2120 0.2459722222222224 0.3066666666666664 0
2121 0.2443750000000001 0.3133333333333331 0
2122 0.2427777777777779 0.3199999999999999 0
2123 0.2411805555555557 0.3266666666666664 0
2124 0.2395833333333336 0.3333333333333331 0
2125 0.2379861111111113 0.3399999999999997 0
2126 0.2363888888888891 0.3466666666666665 0
2127 0.2347916666666668 0.3533333333333332 0
2128 0.2331944444444447 0.3599999999999998 0
2129 0.2315972222222224 0.3666666666666665 0
2130 0.2300000000000001 0.3733333333333331 0
2131 0.228402777777778 0.3799999999999998 0
2132 0.2268055555555556 0.3866666666666665 0
2133 0.2252083333333335 0.3933333333333332 0
2134 0.2236111111111113 0.3999999999999998 0
2135 0.2220138888888891 0.4066666666666665 0
2136 0.2204166666666669 0.4133333333333332 0
2137 0.2188194444444446 0.4199999999999998 0
2138 0.2172222222222224 0.4266666666666665 0
2139 0.2156250000000002 0.4333333333333332 0
2140 0.214027777777778 0.4399999999999999 0
2141 0.2124305555555557 0.4466666666666665 0
2142 0.2108333333333335 0.4533333333333333 0
2143 0.2092361111111113 0.46 0
2144 0.207638888888889 0.4666666666666666 0
2145 0.2060416666666668 0.4733333333333332 0
2146 0.2044444444444446 0.4799999999999999 0
2147 0.2028472222222224 0.4866666666666666 0
2148 0.2012500000000002 0.4933333333333333 0
2149 0.199652777777778 0.4999999999999999 0
2150 0.1980555555555557 0.5066666666666666 0
2151 0.1964583333333335 0.5133333333333333 0
2152 0.1948611111111113 0.52 0
2153 0.1932638888888891 0.5266666666666666 0
2154 0.1916666666666668 0.5333333333333333 0
2155 0.1900694444444446 0.54 0
2156 0.1884722222222224 0.5466666666666667 0
2157 0.1868750000000001 0.5533333333333333 0
2158 0.1852777777777779 0.5599999999999999 0
2159 0.1836805555555557 0.5666666666666667 0
2160 0.1820833333333335 0.5733333333333334 0
2161 0.1804861111111112 0.5800000000000001 0
2162 0.178888888888889 0.5866666666666667 0
2163 0.1772916666666668 0.5933333333333334 0
2164 0.1756944444444447 0.6 0
2165 0.1740972222222223 0.6066666666666667 0
2166 0.1725000000000001 0.6133333333333334 0
2167 0.1709027777777779 0.62 0
2168 0.1693055555555557 0.6266666666666667 0
2169 0.1677083333333335 0.6333333333333333 0
2170 0.1661111111111113 0.64 0
2171 0.164513888888889 0.6466666666666667 0
2172 0.1629166666666668 0.6533333333333334 0
2173 0.1613194444444446 0.6600000000000001 0
2174 0.1597222222222223 0.6666666666666666 0
2175 0.1581250000000002 0.6733333333333333 0
2176 0.1565277777777779 0.6800000000000002 0
2177 0.1549305555555557 0.6866666666666665 0
2178 0.1533333333333334 0.6933333333333335 0
2179 0.1517361111111112 0.7000000000000001 0
2180 0.150138888888889 0.7066666666666666 0
2181 0.1485416666666668 0.7133333333333334 0
2182 0.1469444444444445 0.72 0
2183 0.1453472222222223 0.7266666666666668 0
2184 0.1437500000000001 0.7333333333333334 0
2185 0.142152777777778 0.74 0
2186 0.1405555555555557 0.7466666666666667 0
2187 0.1389583333333334 0.7533333333333334 0
2188 0.1373611111111112 0.7600000000000002 0
2189 0.135763888888889 0.7666666666666667 0
2190 0.1341666666666668 0.7733333333333333 0
2191 0.1325694444444446 0.78 0
2192 0.1309722222222224 0.7866666666666667 0
2193 0.1293750000000001 0.7933333333333334 0
2194 0.3040277777777778 0.00666666666666671 0
2195 0.3025 0.01333333333333336 0
2196 0.3009722222222222 0.02000000000000013 0
2197 0.2994444444444445 0.02666666666666673 0
2198 0.2979166666666667 0.03333333333333349 0
2199 0.2963888888888889 0.04000000000000015 0
2200 0.2948611111111111 0.0466666666666668 0
2201 0.2933333333333333 0.05333333333333345 0
2202 0.2918055555555556 0.06 0
2203 0.2902777777777779 0.06666666666666665 0
2204 0.2887500000000001 0.07333333333333336 0
2205 0.2872222222222223 0.08000000000000002 0
2206 0.2856944444444446 0.08666666666666678 0
2207 0.2841666666666668 0.09333333333333332 0
2208 0.282638888888889 0.09999999999999998 0
2209 0.2811111111111112 0.1066666666666667 0
2210 0.2795833333333334 0.1133333333333336 0
2211 0.2780555555555557 0.1200000000000001 0
2212 0.2765277777777778 0.1266666666666666 0
2213 0.2750000000000001 0.1333333333333334 0
2214 0.2734722222222223 0.1400000000000001 0
2215 0.2719444444444445 0.1466666666666668 0
2216 0.2704166666666667 0.1533333333333334 0
2217 0.268888888888889 0.16 0
2218 0.2673611111111113 0.1666666666666667 0
2219 0.2658333333333334 0.1733333333333334 0
2220 0.2643055555555556 0.1799999999999999 0
2221 0.2627777777777779 0.1866666666666667 0
2222 0.2612500000000001 0.1933333333333332 0
2223 0.2597222222222223 0.2 0
2224 0.2581944444444446 0.2066666666666667 0
2225 0.2566666666666668 0.2133333333333334 0
2226 0.255138888888889 0.22 0
2227 0.2536111111111112 0.2266666666666667 0
2228 0.2520833333333335 0.2333333333333333 0
2229 0.2505555555555556 0.2399999999999999 0
2230 0.2490277777777778 0.2466666666666666 0
2231 0.2475000000000002 0.2533333333333334 0
2232 0.2459722222222224 0.2599999999999999 0
2233 0.2444444444444446 0.2666666666666667 0
2234 0.2429166666666668 0.2733333333333333 0
2235 0.241388888888889 0.28 0
2236 0.2398611111111113 0.2866666666666665 0
2237 0.2383333333333335 0.2933333333333332 0
2238 0.2368055555555557 0.2999999999999999 0
2239 0.235277777777778 0.3066666666666665 0
2240 0.2337500000000002 0.3133333333333332 0
2241 0.2322222222222224 0.3199999999999998 0
2242 0.2306944444444446 0.3266666666666664 0
2243 0.2291666666666669 0.3333333333333331 0
2244 0.2276388888888891 0.3399999999999999 0
2245 0.2261111111111112 0.3466666666666665 0
2246 0.2245833333333335 0.3533333333333331 0
2247 0.2230555555555557 0.3599999999999999 0
2248 0.2215277777777779 0.3666666666666665 0
2249 0.2200000000000001 0.3733333333333332 0
2250 0.2184722222222223 0.3799999999999998 0
2251 0.2169444444444446 0.3866666666666665 0
2252 0.2154166666666668 0.3933333333333333 0
2253 0.2138888888888891 0.3999999999999999 0
2254 0.2123611111111113 0.4066666666666665 0
2255 0.2108333333333335 0.4133333333333332 0
2256 0.2093055555555557 0.4199999999999999 0
2257 0.2077777777777779 0.4266666666666665 0
2258 0.2062500000000002 0.4333333333333332 0
2259 0.2047222222222224 0.4399999999999999 0
2260 0.2031944444444446 0.4466666666666666 0
2261 0.2016666666666668 0.4533333333333333 0
2262 0.200138888888889 0.46 0
2263 0.1986111111111113 0.4666666666666666 0
2264 0.1970833333333335 0.4733333333333333 0
2265 0.1955555555555556 0.48 0
2266 0.1940277777777779 0.4866666666666666 0
2267 0.1925000000000002 0.4933333333333333 0
2268 0.1909722222222224 0.5 0
2269 0.1894444444444445 0.5066666666666666 0
2270 0.1879166666666668 0.5133333333333333 0
2271 0.186388888888889 0.52 0
2272 0.1848611111111112 0.5266666666666667 0
2273 0.1833333333333334 0.5333333333333333 0
2274 0.1818055555555557 0.54 0
2275 0.1802777777777779 0.5466666666666666 0
2276 0.1787500000000002 0.5533333333333333 0
2277 0.1772222222222224 0.5600000000000001 0
2278 0.1756944444444445 0.5666666666666667 0
2279 0.1741666666666668 0.5733333333333334 0
2280 0.172638888888889 0.5800000000000001 0
2281 0.1711111111111112 0.5866666666666667 0
2282 0.1695833333333334 0.5933333333333334 0
2283 0.1680555555555557 0.6000000000000001 0
2284 0.1665277777777779 0.6066666666666667 0
2285 0.1650000000000001 0.6133333333333334 0
2286 0.1634722222222224 0.62 0
2287 0.1619444444444446 0.6266666666666667 0
2288 0.1604166666666668 0.6333333333333334 0
2289 0.158888888888889 0.64 0
2290 0.1573611111111112 0.6466666666666667 0
2291 0.1558333333333334 0.6533333333333334 0
2292 0.1543055555555556 0.6600000000000001 0
2293 0.152777777777778 0.6666666666666666 0
2294 0.1512500000000001 0.6733333333333333 0
2295 0.1497222222222223 0.6800000000000002 0
2296 0.1481944444444446 0.6866666666666666 0
2297 0.1466666666666667 0.6933333333333334 0
2298 0.145138888888889 0.7000000000000001 0
2299 0.1436111111111112 0.7066666666666667 0
2300 0.1420833333333333 0.7133333333333334 0
2301 0.1405555555555557 0.72 0
2302 0.1390277777777779 0.7266666666666668 0
2303 0.1375000000000001 0.7333333333333334 0
2304 0.1359722222222222 0.7400000000000001 0
2305 0.1344444444444444 0.7466666666666667 0
2306 0.1329166666666666 0.7533333333333334 0
2307 0.1313888888888889 0.7600000000000002 0
2308 0.1298611111111112 0.7666666666666668 0
2309 0.1283333333333334 0.7733333333333334 0
2310 0.1268055555555556 0.78 0
2311 0.1252777777777778 0.7866666666666667 0
2312 0.1237500000000001 0.7933333333333334 0
2313 0.2902083333333334 0.00666666666666671 0
2314 0.2887500000000001 0.01333333333333342 0
2315 0.2872916666666667 0.02000000000000013 0
2316 0.2858333333333334 0.02666666666666673 0
2317 0.284375 0.03333333333333349 0
2318 0.2829166666666667 0.04000000000000009 0
2319 0.2814583333333335 0.04666666666666663 0
2320 0.28 0.0533333333333334 0
2321 0.2785416666666668 0.06000000000000011 0
2322 0.2770833333333335 0.06666666666666665 0
2323 0.2756250000000001 0.07333333333333336 0
2324 0.2741666666666668 0.08000000000000007 0
2325 0.2727083333333334 0.08666666666666678 0
2326 0.2712500000000001 0.09333333333333332 0
2327 0.2697916666666668 0.09999999999999998 0
2328 0.2683333333333335 0.1066666666666666 0
2329 0.2668750000000001 0.1133333333333336 0
2330 0.2654166666666669 0.12 0
2331 0.2639583333333334 0.1266666666666666 0
2332 0.2625000000000002 0.1333333333333334 0
2333 0.2610416666666668 0.14 0
2334 0.2595833333333335 0.1466666666666668 0
2335 0.2581250000000001 0.1533333333333334 0
2336 0.2566666666666668 0.1600000000000001 0
2337 0.2552083333333335 0.1666666666666667 0
2338 0.2537500000000001 0.1733333333333333 0
2339 0.2522916666666669 0.18 0
2340 0.2508333333333335 0.1866666666666667 0
2341 0.2493750000000002 0.1933333333333334 0
2342 0.2479166666666668 0.2 0
2343 0.2464583333333336 0.2066666666666667 0
2344 0.2450000000000002 0.2133333333333334 0
2345 0.2435416666666669 0.22 0
2346 0.2420833333333335 0.2266666666666667 0
2347 0.2406250000000002 0.2333333333333333 0
2348 0.2391666666666668 0.2399999999999999 0
2349 0.2377083333333335 0.2466666666666667 0
2350 0.2362500000000002 0.2533333333333334 0
2351 0.2347916666666668 0.2599999999999999 0
2352 0.2333333333333336 0.2666666666666667 0
2353 0.2318750000000002 0.2733333333333333 0
2354 0.2304166666666669 0.28 0
2355 0.2289583333333336 0.2866666666666666 0
2356 0.2275000000000002 0.2933333333333332 0
2357 0.2260416666666668 0.2999999999999999 0
2358 0.2245833333333336 0.3066666666666665 0
2359 0.2231250000000002 0.3133333333333332 0
2360 0.2216666666666669 0.3199999999999998 0
2361 0.2202083333333336 0.3266666666666665 0
2362 0.2187500000000002 0.3333333333333332 0
2363 0.2172916666666669 0.3399999999999999 0
2364 0.2158333333333335 0.3466666666666666 0
2365 0.2143750000000002 0.3533333333333332 0
2366 0.2129166666666668 0.3599999999999999 0
2367 0.2114583333333335 0.3666666666666666 0
2368 0.2100000000000002 0.3733333333333332 0
2369 0.2085416666666668 0.3799999999999998 0
2370 0.2070833333333335 0.3866666666666665 0
2371 0.2056250000000002 0.3933333333333333 0
2372 0.2041666666666669 0.3999999999999998 0
2373 0.2027083333333335 0.4066666666666666 0
2374 0.2012500000000002 0.4133333333333332 0
2375 0.1997916666666668 0.4199999999999999 0
2376 0.1983333333333335 0.4266666666666666 0
2377 0.1968750000000001 0.4333333333333332 0
2378 0.1954166666666668 0.4399999999999999 0
2379 0.1939583333333335 0.4466666666666666 0
2380 0.1925000000000001 0.4533333333333334 0
2381 0.1910416666666668 0.46 0
2382 0.1895833333333335 0.4666666666666667 0
2383 0.1881250000000002 0.4733333333333333 0
2384 0.1866666666666669 0.48 0
2385 0.1852083333333335 0.4866666666666666 0
2386 0.1837500000000002 0.4933333333333333 0
2387 0.1822916666666668 0.5 0
2388 0.1808333333333335 0.5066666666666667 0
2389 0.1793750000000001 0.5133333333333333 0
2390 0.1779166666666668 0.52 0
2391 0.1764583333333334 0.5266666666666667 0
2392 0.1750000000000001 0.5333333333333333 0
2393 0.1735416666666669 0.54 0
2394 0.1720833333333334 0.5466666666666666 0
2395 0.1706250000000001 0.5533333333333333 0
2396 0.1691666666666668 0.5600000000000001 0
2397 0.1677083333333335 0.5666666666666667 0
2398 0.1662500000000001 0.5733333333333334 0
2399 0.1647916666666668 0.5800000000000001 0
2400 0.1633333333333336 0.5866666666666667 0
2401 0.1618750000000002 0.5933333333333334 0
2402 0.1604166666666668 0.6 0
2403 0.1589583333333335 0.6066666666666667 0
2404 0.1575 0.6133333333333335 0
2405 0.1560416666666668 0.62 0
2406 0.1545833333333335 0.6266666666666667 0
2407 0.1531250000000001 0.6333333333333333 0
2408 0.1516666666666668 0.64 0
2409 0.1502083333333334 0.6466666666666667 0
2410 0.1487500000000001 0.6533333333333334 0
2411 0.1472916666666668 0.6600000000000001 0
2412 0.1458333333333335 0.6666666666666666 0
2413 0.1443750000000002 0.6733333333333333 0
2414 0.1429166666666669 0.6800000000000002 0
2415 0.1414583333333335 0.6866666666666666 0
2416 0.1400000000000001 0.6933333333333334 0
2417 0.1385416666666668 0.7000000000000001 0
2418 0.1370833333333334 0.7066666666666668 0
2419 0.1356250000000001 0.7133333333333334 0
2420 0.1341666666666668 0.72 0
2421 0.1327083333333334 0.7266666666666668 0
2422 0.1312500000000001 0.7333333333333334 0
2423 0.1297916666666667 0.7400000000000001 0
2424 0.1283333333333334 0.7466666666666667 0
2425 0.1268750000000001 0.7533333333333334 0
2426 0.1254166666666667 0.7600000000000002 0
2427 0.1239583333333333 0.7666666666666667 0
2428 0.1225 0.7733333333333334 0
2429 0.1210416666666668 0.78 0
2430 0.1195833333333334 0.7866666666666667 0
2431 0.1181250000000002 0.7933333333333334 0
2432 0.2763888888888889 0.006666666666666765 0
2433 0.275 0.01333333333333342 0
2434 0.2736111111111111 0.02000000000000007 0
2435 0.2722222222222223 0.02666666666666673 0
2436 0.2708333333333334 0.03333333333333355 0
2437 0.2694444444444445 0.0400000000000002 0
2438 0.2680555555555556 0.04666666666666675 0
2439 0.2666666666666667 0.05333333333333345 0
2440 0.2652777777777778 0.06000000000000005 0
2441 0.263888888888889 0.06666666666666665 0
2442 0.2625000000000001 0.07333333333333336 0
2443 0.2611111111111112 0.08000000000000007 0
2444 0.2597222222222222 0.08666666666666678 0
2445 0.2583333333333334 0.09333333333333332 0
2446 0.2569444444444445 0.1000000000000002 0
2447 0.2555555555555556 0.1066666666666667 0
2448 0.2541666666666668 0.1133333333333335 0
2449 0.2527777777777779 0.12 0
2450 0.2513888888888889 0.1266666666666667 0
2451 0.2500000000000001 0.1333333333333333 0
2452 0.2486111111111112 0.14 0
2453 0.2472222222222223 0.1466666666666668 0
2454 0.2458333333333334 0.1533333333333334 0
2455 0.2444444444444445 0.1600000000000001 0
2456 0.2430555555555557 0.1666666666666668 0
2457 0.2416666666666668 0.1733333333333335 0
2458 0.2402777777777778 0.18 0
2459 0.238888888888889 0.1866666666666667 0
2460 0.2375000000000002 0.1933333333333333 0
2461 0.2361111111111112 0.2 0
2462 0.2347222222222224 0.2066666666666667 0
2463 0.2333333333333335 0.2133333333333334 0
2464 0.2319444444444446 0.2200000000000001 0
2465 0.2305555555555557 0.2266666666666668 0
2466 0.2291666666666668 0.2333333333333333 0
2467 0.2277777777777779 0.24 0
2468 0.226388888888889 0.2466666666666667 0
2469 0.2250000000000001 0.2533333333333334 0
2470 0.2236111111111112 0.26 0
2471 0.2222222222222223 0.2666666666666667 0
2472 0.2208333333333335 0.2733333333333333 0
2473 0.2194444444444446 0.28 0
2474 0.2180555555555557 0.2866666666666666 0
2475 0.2166666666666668 0.2933333333333332 0
2476 0.2152777777777779 0.2999999999999999 0
2477 0.2138888888888891 0.3066666666666665 0
2478 0.2125000000000002 0.3133333333333332 0
2479 0.2111111111111113 0.3199999999999999 0
2480 0.2097222222222224 0.3266666666666665 0
2481 0.2083333333333335 0.3333333333333332 0
2482 0.2069444444444447 0.3399999999999999 0
2483 0.2055555555555558 0.3466666666666666 0
2484 0.2041666666666669 0.3533333333333332 0
2485 0.2027777777777779 0.3599999999999999 0
2486 0.201388888888889 0.3666666666666665 0
2487 0.2000000000000001 0.3733333333333332 0
2488 0.1986111111111112 0.3799999999999998 0
2489 0.1972222222222224 0.3866666666666666 0
2490 0.1958333333333336 0.3933333333333332 0
2491 0.1944444444444446 0.3999999999999999 0
2492 0.1930555555555557 0.4066666666666666 0
2493 0.1916666666666669 0.4133333333333332 0
2494 0.1902777777777779 0.4199999999999999 0
2495 0.188888888888889 0.4266666666666666 0
2496 0.1875000000000002 0.4333333333333332 0
2497 0.1861111111111113 0.4399999999999999 0
2498 0.1847222222222224 0.4466666666666666 0
2499 0.1833333333333335 0.4533333333333334 0
2500 0.1819444444444446 0.4600000000000001 0
2501 0.1805555555555557 0.4666666666666666 0
2502 0.1791666666666669 0.4733333333333333 0
2503 0.1777777777777779 0.48 0
2504 0.1763888888888891 0.4866666666666666 0
2505 0.1750000000000002 0.4933333333333334 0
2506 0.1736111111111113 0.5 0
2507 0.1722222222222223 0.5066666666666667 0
2508 0.1708333333333334 0.5133333333333333 0
2509 0.1694444444444446 0.52 0
2510 0.1680555555555557 0.5266666666666667 0
2511 0.1666666666666669 0.5333333333333334 0
2512 0.1652777777777779 0.54 0
2513 0.163888888888889 0.5466666666666666 0
2514 0.1625 0.5533333333333332 0
2515 0.1611111111111112 0.5600000000000001 0
2516 0.1597222222222224 0.5666666666666668 0
2517 0.1583333333333334 0.5733333333333334 0
2518 0.1569444444444445 0.5800000000000001 0
2519 0.1555555555555557 0.5866666666666667 0
2520 0.1541666666666668 0.5933333333333333 0
2521 0.152777777777778 0.6000000000000001 0
2522 0.151388888888889 0.6066666666666667 0
2523 0.1500000000000002 0.6133333333333334 0
2524 0.1486111111111112 0.62 0
2525 0.1472222222222224 0.6266666666666667 0
2526 0.1458333333333335 0.6333333333333333 0
2527 0.1444444444444447 0.6400000000000001 0
2528 0.1430555555555557 0.6466666666666667 0
2529 0.1416666666666668 0.6533333333333334 0
2530 0.1402777777777779 0.6600000000000001 0
2531 0.138888888888889 0.6666666666666666 0
2532 0.1375000000000001 0.6733333333333333 0
2533 0.1361111111111112 0.6800000000000002 0
2534 0.1347222222222224 0.6866666666666666 0
2535 0.1333333333333335 0.6933333333333334 0
2536 0.1319444444444445 0.7000000000000001 0
2537 0.1305555555555558 0.7066666666666667 0
2538 0.1291666666666668 0.7133333333333334 0
2539 0.1277777777777779 0.72 0
2540 0.126388888888889 0.7266666666666668 0
2541 0.1250000000000001 0.7333333333333334 0
2542 0.1236111111111112 0.7400000000000002 0
2543 0.1222222222222224 0.7466666666666667 0
2544 0.1208333333333335 0.7533333333333334 0
2545 0.1194444444444445 0.7600000000000001 0
2546 0.1180555555555556 0.7666666666666667 0
2547 0.1166666666666668 0.7733333333333334 0
2548 0.1152777777777779 0.78 0
2549 0.113888888888889 0.7866666666666667 0
2550 0.1125000000000001 0.7933333333333333 0
2551 0.2625694444444444 0.006666666666666765 0
2552 0.2612499999999999 0.01333333333333336 0
2553 0.2599305555555555 0.02000000000000002 0
2554 0.2586111111111111 0.02666666666666673 0
2555 0.2572916666666666 0.03333333333333349 0
2556 0.2559722222222223 0.04000000000000015 0
2557 0.2546527777777778 0.04666666666666686 0
2558 0.2533333333333334 0.05333333333333351 0
2559 0.2520138888888889 0.06000000000000005 0
2560 0.2506944444444444 0.0666666666666666 0
2561 0.249375 0.07333333333333331 0
2562 0.2480555555555556 0.07999999999999996 0
2563 0.2467361111111111 0.08666666666666673 0
2564 0.2454166666666667 0.09333333333333338 0
2565 0.2440972222222222 0.1000000000000002 0
2566 0.2427777777777778 0.1066666666666668 0
2567 0.2414583333333333 0.1133333333333335 0
2568 0.2401388888888889 0.12 0
2569 0.2388194444444445 0.1266666666666666 0
2570 0.2375 0.1333333333333334 0
2571 0.2361805555555556 0.14 0
2572 0.2348611111111112 0.1466666666666668 0
2573 0.2335416666666667 0.1533333333333333 0
2574 0.2322222222222222 0.1600000000000001 0
2575 0.2309027777777779 0.1666666666666667 0
2576 0.2295833333333334 0.1733333333333335 0
2577 0.228263888888889 0.1800000000000001 0
2578 0.2269444444444446 0.1866666666666668 0
2579 0.2256250000000001 0.1933333333333334 0
2580 0.2243055555555556 0.2 0
2581 0.2229861111111112 0.2066666666666667 0
2582 0.2216666666666668 0.2133333333333334 0
2583 0.2203472222222223 0.22 0
2584 0.219027777777778 0.2266666666666667 0
2585 0.2177083333333334 0.2333333333333334 0
2586 0.216388888888889 0.24 0
2587 0.2150694444444445 0.2466666666666668 0
2588 0.2137500000000001 0.2533333333333334 0
2589 0.2124305555555557 0.26 0
2590 0.2111111111111112 0.2666666666666666 0
2591 0.2097916666666668 0.2733333333333333 0
2592 0.2084722222222223 0.2800000000000001 0
2593 0.2071527777777779 0.2866666666666666 0
2594 0.2058333333333335 0.2933333333333333 0
2595 0.204513888888889 0.2999999999999999 0
2596 0.2031944444444446 0.3066666666666665 0
2597 0.2018750000000001 0.3133333333333332 0
2598 0.2005555555555557 0.32 0
2599 0.1992361111111113 0.3266666666666665 0
2600 0.1979166666666668 0.3333333333333332 0
2601 0.1965972222222224 0.3399999999999999 0
2602 0.195277777777778 0.3466666666666666 0
2603 0.1939583333333335 0.3533333333333332 0
2604 0.192638888888889 0.3599999999999999 0
2605 0.1913194444444446 0.3666666666666666 0
2606 0.1900000000000001 0.3733333333333332 0
2607 0.1886805555555558 0.3799999999999999 0
2608 0.1873611111111113 0.3866666666666665 0
2609 0.1860416666666668 0.3933333333333333 0
2610 0.1847222222222224 0.3999999999999999 0
2611 0.1834027777777779 0.4066666666666666 0
2612 0.1820833333333335 0.4133333333333333 0
2613 0.1807638888888891 0.4199999999999999 0
2614 0.1794444444444446 0.4266666666666666 0
2615 0.1781250000000002 0.4333333333333332 0
2616 0.1768055555555557 0.4399999999999999 0
2617 0.1754861111111112 0.4466666666666667 0
2618 0.1741666666666668 0.4533333333333334 0
2619 0.1728472222222224 0.46 0
2620 0.1715277777777779 0.4666666666666667 0
2621 0.1702083333333334 0.4733333333333333 0
2622 0.168888888888889 0.48 0
2623 0.1675694444444446 0.4866666666666667 0
2624 0.1662500000000001 0.4933333333333334 0
2625 0.1649305555555557 0.5 0
2626 0.1636111111111112 0.5066666666666667 0
2627 0.1622916666666667 0.5133333333333333 0
2628 0.1609722222222223 0.52 0
2629 0.1596527777777779 0.5266666666666667 0
2630 0.1583333333333335 0.5333333333333334 0
2631 0.1570138888888891 0.54 0
2632 0.1556944444444445 0.5466666666666666 0
2633 0.154375 0.5533333333333335 0
2634 0.1530555555555557 0.5600000000000001 0
2635 0.1517361111111111 0.5666666666666668 0
2636 0.1504166666666668 0.5733333333333335 0
2637 0.1490972222222224 0.5800000000000001 0
2638 0.147777777777778 0.5866666666666667 0
2639 0.1464583333333335 0.5933333333333334 0
2640 0.145138888888889 0.6000000000000001 0
2641 0.1438194444444444 0.6066666666666667 0
2642 0.1425000000000001 0.6133333333333335 0
2643 0.1411805555555556 0.6200000000000001 0
2644 0.1398611111111112 0.6266666666666667 0
2645 0.1385416666666668 0.6333333333333335 0
2646 0.1372222222222223 0.6400000000000001 0
2647 0.1359027777777779 0.6466666666666667 0
2648 0.1345833333333333 0.6533333333333334 0
2649 0.133263888888889 0.6600000000000001 0
2650 0.1319444444444445 0.6666666666666666 0
2651 0.1306250000000001 0.6733333333333335 0
2652 0.1293055555555557 0.68 0
2653 0.1279861111111112 0.6866666666666666 0
2654 0.1266666666666666 0.6933333333333335 0
2655 0.1253472222222222 0.7000000000000002 0
2656 0.1240277777777778 0.7066666666666667 0
2657 0.1227083333333334 0.7133333333333335 0
2658 0.121388888888889 0.72 0
2659 0.1200694444444446 0.7266666666666668 0
2660 0.1187500000000001 0.7333333333333334 0
2661 0.1174305555555556 0.7400000000000001 0
2662 0.1161111111111112 0.7466666666666667 0
2663 0.1147916666666667 0.7533333333333334 0
2664 0.1134722222222224 0.7600000000000002 0
2665 0.1121527777777779 0.7666666666666668 0
2666 0.1108333333333334 0.7733333333333334 0
2667 0.109513888888889 0.78 0
2668 0.1081944444444444 0.7866666666666667 0
2669 0.1068750000000001 0.7933333333333334 0
2670 0.24875 0.00666666666666671 0
2671 0.2475 0.01333333333333342 0
2672 0.24625 0.02000000000000007 0
2673 0.2450000000000001 0.02666666666666673 0
2674 0.24375 0.03333333333333349 0
2675 0.2425 0.04000000000000015 0
2676 0.24125 0.04666666666666686 0
2677 0.24 0.05333333333333351 0
2678 0.23875 0.06000000000000011 0
2679 0.2375000000000001 0.06666666666666665 0
2680 0.23625 0.07333333333333336 0
2681 0.235 0.08000000000000007 0
2682 0.23375 0.08666666666666678 0
2683 0.2325 0.09333333333333332 0
2684 0.23125 0.1000000000000002 0
2685 0.23 0.1066666666666668 0
2686 0.22875 0.1133333333333335 0
2687 0.2275000000000001 0.12 0
2688 0.22625 0.1266666666666667 0
2689 0.2250000000000001 0.1333333333333333 0
2690 0.2237500000000001 0.14 0
2691 0.2225000000000001 0.1466666666666668 0
2692 0.2212500000000001 0.1533333333333334 0
2693 0.2200000000000001 0.1600000000000001 0
2694 0.2187500000000001 0.1666666666666668 0
2695 0.2175000000000001 0.1733333333333335 0
2696 0.21625 0.1800000000000002 0
2697 0.2150000000000001 0.1866666666666668 0
2698 0.2137500000000001 0.1933333333333333 0
2699 0.2125 0.2 0
2700 0.2112500000000001 0.2066666666666667 0
2701 0.2100000000000001 0.2133333333333334 0
2702 0.2087500000000001 0.2200000000000001 0
2703 0.2075000000000001 0.2266666666666668 0
2704 0.2062500000000001 0.2333333333333334 0
2705 0.2050000000000001 0.24 0
2706 0.2037500000000001 0.2466666666666667 0
2707 0.2025000000000002 0.2533333333333335 0
2708 0.2012500000000001 0.26 0
2709 0.2000000000000001 0.2666666666666668 0
2710 0.1987500000000001 0.2733333333333334 0
2711 0.1975000000000001 0.2800000000000001 0
2712 0.1962500000000002 0.2866666666666666 0
2713 0.1950000000000001 0.2933333333333333 0
2714 0.1937500000000001 0.3 0
2715 0.1925000000000001 0.3066666666666666 0
2716 0.1912500000000001 0.3133333333333333 0
2717 0.1900000000000002 0.32 0
2718 0.1887500000000002 0.3266666666666665 0
2719 0.1875000000000001 0.3333333333333333 0
2720 0.1862500000000002 0.34 0
2721 0.1850000000000002 0.3466666666666666 0
2722 0.1837500000000001 0.3533333333333332 0
2723 0.1825000000000001 0.3599999999999999 0
2724 0.1812500000000001 0.3666666666666666 0
2725 0.1800000000000001 0.3733333333333333 0
2726 0.1787500000000001 0.3799999999999999 0
2727 0.1775000000000001 0.3866666666666666 0
2728 0.1762500000000001 0.3933333333333333 0
2729 0.1750000000000002 0.3999999999999999 0
2730 0.1737500000000002 0.4066666666666666 0
2731 0.1725000000000002 0.4133333333333333 0
2732 0.1712500000000002 0.42 0
2733 0.1700000000000001 0.4266666666666666 0
2734 0.1687500000000001 0.4333333333333333 0
2735 0.1675000000000002 0.44 0
2736 0.1662500000000001 0.4466666666666667 0
2737 0.1650000000000001 0.4533333333333334 0
2738 0.1637500000000001 0.4600000000000001 0
2739 0.1625000000000001 0.4666666666666667 0
2740 0.1612500000000002 0.4733333333333333 0
2741 0.1600000000000001 0.48 0
2742 0.1587500000000001 0.4866666666666667 0
2743 0.1575000000000001 0.4933333333333335 0
2744 0.1562500000000002 0.5 0
2745 0.1550000000000001 0.5066666666666667 0
2746 0.1537500000000002 0.5133333333333333 0
2747 0.1525 0.52 0
2748 0.1512500000000001 0.5266666666666667 0
2749 0.1500000000000002 0.5333333333333334 0
2750 0.1487500000000002 0.5400000000000001 0
2751 0.1475 0.5466666666666667 0
2752 0.1462500000000001 0.5533333333333335 0
2753 0.1450000000000002 0.5600000000000001 0
2754 0.1437500000000002 0.5666666666666668 0
2755 0.1425 0.5733333333333335 0
2756 0.14125 0.5800000000000001 0
2757 0.1400000000000001 0.5866666666666667 0
2758 0.1387500000000001 0.5933333333333335 0
2759 0.1375000000000001 0.6000000000000001 0
2760 0.1362500000000002 0.6066666666666667 0
2761 0.1350000000000002 0.6133333333333335 0
2762 0.1337500000000001 0.6200000000000001 0
2763 0.1325000000000001 0.6266666666666667 0
2764 0.1312500000000001 0.6333333333333334 0
2765 0.1300000000000001 0.64 0
2766 0.1287500000000001 0.6466666666666668 0
2767 0.1275000000000001 0.6533333333333333 0
2768 0.1262500000000001 0.6600000000000001 0
2769 0.1250000000000001 0.6666666666666667 0
2770 0.1237500000000001 0.6733333333333333 0
2771 0.1225000000000001 0.6800000000000002 0
2772 0.1212500000000001 0.6866666666666668 0
2773 0.1200000000000001 0.6933333333333335 0
2774 0.11875 0.7000000000000001 0
2775 0.1175000000000001 0.7066666666666668 0
2776 0.11625 0.7133333333333336 0
2777 0.115 0.7200000000000001 0
2778 0.1137500000000001 0.7266666666666668 0
2779 0.1125000000000001 0.7333333333333334 0
2780 0.1112500000000002 0.7400000000000001 0
2781 0.1100000000000001 0.7466666666666668 0
2782 0.1087500000000001 0.7533333333333334 0
2783 0.1075000000000001 0.7600000000000001 0
2784 0.1062500000000001 0.7666666666666667 0
2785 0.1050000000000001 0.7733333333333334 0
2786 0.1037500000000002 0.78 0
2787 0.1025000000000001 0.7866666666666667 0
2788 0.1012500000000001 0.7933333333333334 0
2789 0.2349305555555556 0.006666666666666765 0
2790 0.2337500000000001 0.01333333333333342 0
2791 0.2325694444444445 0.02000000000000002 0
2792 0.2313888888888891 0.02666666666666678 0
2793 0.2302083333333334 0.03333333333333349 0
2794 0.2290277777777779 0.04000000000000015 0
2795 0.2278472222222224 0.0466666666666668 0
2796 0.2266666666666667 0.05333333333333362 0
2797 0.2254861111111112 0.06000000000000005 0
2798 0.2243055555555556 0.0666666666666666 0
2799 0.2231250000000001 0.07333333333333336 0
2800 0.2219444444444446 0.08000000000000002 0
2801 0.2207638888888889 0.08666666666666678 0
2802 0.2195833333333334 0.09333333333333332 0
2803 0.2184027777777779 0.1000000000000003 0
2804 0.2172222222222223 0.1066666666666668 0
2805 0.2160416666666667 0.1133333333333336 0
2806 0.2148611111111112 0.1200000000000001 0
2807 0.2136805555555557 0.1266666666666666 0
2808 0.2125000000000001 0.1333333333333333 0
2809 0.2113194444444446 0.14 0
2810 0.210138888888889 0.1466666666666668 0
2811 0.2089583333333335 0.1533333333333334 0
2812 0.2077777777777778 0.1600000000000003 0
2813 0.2065972222222223 0.1666666666666669 0
2814 0.2054166666666668 0.1733333333333334 0
2815 0.2042361111111113 0.1800000000000002 0
2816 0.2030555555555557 0.1866666666666668 0
2817 0.2018750000000002 0.1933333333333334 0
2818 0.2006944444444446 0.2 0
2819 0.199513888888889 0.2066666666666667 0
2820 0.1983333333333335 0.2133333333333334 0
2821 0.197152777777778 0.2200000000000001 0
2822 0.1959722222222224 0.2266666666666667 0
2823 0.1947916666666669 0.2333333333333334 0
2824 0.1936111111111113 0.24 0
2825 0.1924305555555557 0.2466666666666668 0
2826 0.1912500000000001 0.2533333333333335 0
2827 0.1900694444444446 0.26 0
2828 0.1888888888888891 0.2666666666666668 0
2829 0.1877083333333335 0.2733333333333334 0
2830 0.1865277777777779 0.2800000000000001 0
2831 0.1853472222222224 0.2866666666666667 0
2832 0.1841666666666668 0.2933333333333333 0
2833 0.1829861111111112 0.3 0
2834 0.1818055555555557 0.3066666666666666 0
2835 0.1806250000000001 0.3133333333333334 0
2836 0.1794444444444446 0.32 0
2837 0.1782638888888891 0.3266666666666665 0
2838 0.1770833333333335 0.3333333333333333 0
2839 0.1759027777777779 0.34 0
2840 0.1747222222222224 0.3466666666666666 0
2841 0.1735416666666669 0.3533333333333333 0
2842 0.1723611111111113 0.3599999999999999 0
2843 0.1711805555555557 0.3666666666666666 0
2844 0.1700000000000002 0.3733333333333333 0
2845 0.1688194444444446 0.3799999999999999 0
2846 0.167638888888889 0.3866666666666666 0
2847 0.1664583333333335 0.3933333333333334 0
2848 0.1652777777777779 0.3999999999999999 0
2849 0.1640972222222224 0.4066666666666666 0
2850 0.1629166666666668 0.4133333333333333 0
2851 0.1617361111111113 0.42 0
2852 0.1605555555555557 0.4266666666666667 0
2853 0.1593750000000002 0.4333333333333333 0
2854 0.1581944444444446 0.4400000000000001 0
2855 0.157013888888889 0.4466666666666667 0
2856 0.1558333333333334 0.4533333333333335 0
2857 0.1546527777777779 0.4600000000000001 0
2858 0.1534722222222224 0.4666666666666667 0
2859 0.1522916666666668 0.4733333333333334 0
2860 0.1511111111111112 0.4800000000000001 0
2861 0.1499305555555557 0.4866666666666667 0
2862 0.1487500000000002 0.4933333333333335 0
2863 0.1475694444444445 0.5000000000000001 0
2864 0.1463888888888891 0.5066666666666668 0
2865 0.1452083333333334 0.5133333333333334 0
2866 0.1440277777777779 0.52 0
2867 0.1428472222222224 0.5266666666666668 0
2868 0.1416666666666668 0.5333333333333334 0
2869 0.1404861111111112 0.5400000000000001 0
2870 0.1393055555555557 0.5466666666666669 0
2871 0.1381250000000002 0.5533333333333335 0
2872 0.1369444444444446 0.5600000000000001 0
2873 0.135763888888889 0.5666666666666668 0
2874 0.1345833333333335 0.5733333333333335 0
2875 0.1334027777777778 0.5800000000000001 0
2876 0.1322222222222224 0.5866666666666667 0
2877 0.1310416666666667 0.5933333333333335 0
2878 0.1298611111111112 0.6000000000000001 0
2879 0.1286805555555557 0.6066666666666667 0
2880 0.1275000000000001 0.6133333333333335 0
2881 0.1263194444444445 0.6200000000000001 0
2882 0.1251388888888891 0.6266666666666667 0
2883 0.1239583333333333 0.6333333333333334 0
2884 0.1227777777777779 0.6400000000000001 0
2885 0.1215972222222224 0.6466666666666668 0
2886 0.1204166666666668 0.6533333333333334 0
2887 0.1192361111111112 0.6600000000000001 0
2888 0.1180555555555556 0.6666666666666667 0
2889 0.116875 0.6733333333333333 0
2890 0.1156944444444445 0.6800000000000002 0
2891 0.1145138888888891 0.6866666666666668 0
2892 0.1133333333333333 0.6933333333333335 0
2893 0.1121527777777779 0.7000000000000001 0
2894 0.1109722222222222 0.7066666666666668 0
2895 0.1097916666666667 0.7133333333333335 0
2896 0.1086111111111112 0.7200000000000001 0
2897 0.1074305555555555 0.7266666666666668 0
2898 0.10625 0.7333333333333335 0
2899 0.1050694444444445 0.7400000000000001 0
2900 0.103888888888889 0.7466666666666668 0
2901 0.1027083333333334 0.7533333333333334 0
2902 0.1015277777777779 0.7600000000000002 0
2903 0.1003472222222222 0.7666666666666668 0
2904 0.09916666666666674 0.7733333333333334 0
2905 0.09798611111111127 0.78 0
2906 0.09680555555555553 0.7866666666666668 0
2907 0.09562500000000002 0.7933333333333334 0
2908 0.2211111111111111 0.006666666666666765 0
2909 0.22 0.01333333333333342 0
2910 0.2188888888888889 0.02000000000000007 0
2911 0.2177777777777778 0.02666666666666678 0
2912 0.2166666666666666 0.03333333333333349 0
2913 0.2155555555555555 0.0400000000000002 0
2914 0.2144444444444444 0.0466666666666668 0
2915 0.2133333333333333 0.05333333333333351 0
2916 0.2122222222222222 0.06000000000000005 0
2917 0.2111111111111112 0.06666666666666665 0
2918 0.21 0.07333333333333336 0
2919 0.208888888888889 0.08000000000000002 0
2920 0.2077777777777778 0.08666666666666678 0
2921 0.2066666666666667 0.09333333333333332 0
2922 0.2055555555555556 0.1000000000000002 0
2923 0.2044444444444445 0.1066666666666668 0
2924 0.2033333333333334 0.1133333333333335 0
2925 0.2022222222222223 0.12 0
2926 0.2011111111111112 0.1266666666666667 0
2927 0.2 0.1333333333333334 0
2928 0.1988888888888889 0.14 0
2929 0.1977777777777778 0.1466666666666668 0
2930 0.1966666666666667 0.1533333333333335 0
2931 0.1955555555555555 0.1600000000000003 0
2932 0.1944444444444445 0.1666666666666668 0
2933 0.1933333333333334 0.1733333333333335 0
2934 0.1922222222222223 0.1800000000000001 0
2935 0.1911111111111112 0.1866666666666668 0
2936 0.19 0.1933333333333333 0
2937 0.188888888888889 0.2 0
2938 0.1877777777777778 0.2066666666666667 0
2939 0.1866666666666668 0.2133333333333335 0
2940 0.1855555555555556 0.2200000000000001 0
2941 0.1844444444444446 0.2266666666666668 0
2942 0.1833333333333335 0.2333333333333335 0
2943 0.1822222222222223 0.24 0
2944 0.1811111111111112 0.2466666666666668 0
2945 0.1800000000000001 0.2533333333333335 0
2946 0.178888888888889 0.2600000000000001 0
2947 0.1777777777777779 0.2666666666666668 0
2948 0.1766666666666668 0.2733333333333335 0
2949 0.1755555555555557 0.2800000000000001 0
2950 0.1744444444444445 0.2866666666666667 0
2951 0.1733333333333335 0.2933333333333334 0
2952 0.1722222222222223 0.3 0
2953 0.1711111111111112 0.3066666666666666 0
2954 0.1700000000000001 0.3133333333333334 0
2955 0.168888888888889 0.32 0
2956 0.1677777777777779 0.3266666666666667 0
2957 0.1666666666666669 0.3333333333333333 0
2958 0.1655555555555557 0.34 0
2959 0.1644444444444446 0.3466666666666667 0
2960 0.1633333333333334 0.3533333333333333 0
2961 0.1622222222222223 0.36 0
2962 0.1611111111111112 0.3666666666666666 0
2963 0.1600000000000001 0.3733333333333333 0
2964 0.158888888888889 0.3799999999999999 0
2965 0.1577777777777779 0.3866666666666667 0
2966 0.1566666666666668 0.3933333333333333 0
2967 0.1555555555555557 0.4 0
2968 0.1544444444444446 0.4066666666666667 0
2969 0.1533333333333334 0.4133333333333333 0
2970 0.1522222222222223 0.42 0
2971 0.1511111111111111 0.4266666666666667 0
2972 0.1500000000000001 0.4333333333333333 0
2973 0.148888888888889 0.44 0
2974 0.147777777777778 0.4466666666666667 0
2975 0.1466666666666668 0.4533333333333335 0
2976 0.1455555555555557 0.4600000000000001 0
2977 0.1444444444444445 0.4666666666666667 0
2978 0.1433333333333334 0.4733333333333334 0
2979 0.1422222222222223 0.4800000000000001 0
2980 0.1411111111111112 0.4866666666666667 0
2981 0.1400000000000001 0.4933333333333335 0
2982 0.138888888888889 0.5000000000000001 0
2983 0.1377777777777779 0.5066666666666668 0
2984 0.1366666666666669 0.5133333333333334 0
2985 0.1355555555555557 0.5200000000000001 0
2986 0.1344444444444445 0.5266666666666668 0
2987 0.1333333333333334 0.5333333333333334 0
2988 0.1322222222222224 0.5400000000000001 0
2989 0.1311111111111111 0.5466666666666669 0
2990 0.1300000000000001 0.5533333333333335 0
2991 0.128888888888889 0.5600000000000001 0
2992 0.1277777777777779 0.5666666666666669 0
2993 0.1266666666666668 0.5733333333333335 0
2994 0.1255555555555556 0.5800000000000001 0
2995 0.1244444444444446 0.5866666666666667 0
2996 0.1233333333333334 0.5933333333333335 0
2997 0.1222222222222223 0.6000000000000001 0
2998 0.1211111111111112 0.6066666666666667 0
2999 0.1200000000000001 0.6133333333333335 0
3000 0.1188888888888889 0.6200000000000001 0
3001 0.1177777777777779 0.6266666666666668 0
3002 0.1166666666666668 0.6333333333333334 0
3003 0.1155555555555556 0.6400000000000001 0
3004 0.1144444444444446 0.6466666666666668 0
3005 0.1133333333333333 0.6533333333333335 0
3006 0.1122222222222223 0.6600000000000001 0
3007 0.1111111111111111 0.6666666666666667 0
3008 0.1100000000000001 0.6733333333333333 0
3009 0.1088888888888889 0.6800000000000002 0
3010 0.1077777777777778 0.6866666666666668 0
3011 0.1066666666666669 0.6933333333333334 0
3012 0.1055555555555556 0.7000000000000001 0
3013 0.1044444444444446 0.7066666666666668 0
3014 0.1033333333333334 0.7133333333333336 0
3015 0.1022222222222224 0.7200000000000001 0
3016 0.1011111111111112 0.7266666666666668 0
3017 0.1000000000000001 0.7333333333333334 0
3018 0.09888888888888897 0.7400000000000001 0
3019 0.0977777777777778 0.7466666666666668 0
3020 0.09666666666666673 0.7533333333333334 0
3021 0.09555555555555556 0.7600000000000002 0
3022 0.09444444444444461 0.7666666666666668 0
3023 0.09333333333333332 0.7733333333333334 0
3024 0.09222222222222237 0.78 0
3025 0.09111111111111109 0.7866666666666668 0
3026 0.09000000000000002 0.7933333333333334 0
3027 0.2072916666666667 0.006666666666666654 0
3028 0.20625 0.01333333333333336 0
3029 0.2052083333333334 0.02000000000000007 0
3030 0.2041666666666667 0.02666666666666673 0
3031 0.203125 0.03333333333333349 0
3032 0.2020833333333334 0.0400000000000002 0
3033 0.2010416666666667 0.0466666666666668 0
3034 0.2 0.05333333333333351 0
3035 0.1989583333333334 0.06000000000000005 0
3036 0.1979166666666667 0.0666666666666666 0
3037 0.1968750000000001 0.07333333333333336 0
3038 0.1958333333333335 0.08000000000000007 0
3039 0.1947916666666668 0.08666666666666678 0
3040 0.1937500000000001 0.09333333333333332 0
3041 0.1927083333333335 0.1000000000000003 0
3042 0.1916666666666667 0.1066666666666667 0
3043 0.190625 0.1133333333333335 0
3044 0.1895833333333334 0.12 0
3045 0.1885416666666667 0.1266666666666666 0
3046 0.1875000000000001 0.1333333333333333 0
3047 0.1864583333333334 0.14 0
3048 0.1854166666666668 0.1466666666666667 0
3049 0.1843750000000001 0.1533333333333335 0
3050 0.1833333333333335 0.1600000000000003 0
3051 0.1822916666666668 0.1666666666666669 0
3052 0.1812500000000001 0.1733333333333335 0
3053 0.1802083333333334 0.1800000000000001 0
3054 0.1791666666666668 0.1866666666666668 0
3055 0.1781250000000002 0.1933333333333334 0
3056 0.1770833333333335 0.2000000000000001 0
3057 0.1760416666666668 0.2066666666666668 0
3058 0.1750000000000001 0.2133333333333335 0
3059 0.1739583333333335 0.2200000000000002 0
3060 0.1729166666666667 0.2266666666666668 0
3061 0.1718750000000001 0.2333333333333335 0
3062 0.1708333333333334 0.2400000000000001 0
3063 0.1697916666666668 0.2466666666666668 0
3064 0.1687500000000001 0.2533333333333335 0
3065 0.1677083333333335 0.2600000000000001 0
3066 0.1666666666666668 0.2666666666666667 0
3067 0.1656250000000002 0.2733333333333335 0
3068 0.1645833333333334 0.2800000000000001 0
3069 0.1635416666666668 0.2866666666666666 0
3070 0.1625000000000001 0.2933333333333334 0
3071 0.1614583333333335 0.3 0
3072 0.1604166666666668 0.3066666666666666 0
3073 0.1593750000000002 0.3133333333333334 0
3074 0.1583333333333335 0.3200000000000001 0
3075 0.1572916666666669 0.3266666666666667 0
3076 0.1562500000000002 0.3333333333333333 0
3077 0.1552083333333336 0.34 0
3078 0.1541666666666668 0.3466666666666667 0
3079 0.1531250000000001 0.3533333333333333 0
3080 0.1520833333333335 0.36 0
3081 0.1510416666666668 0.3666666666666666 0
3082 0.1500000000000001 0.3733333333333334 0
3083 0.1489583333333335 0.38 0
3084 0.1479166666666669 0.3866666666666667 0
3085 0.1468750000000001 0.3933333333333334 0
3086 0.1458333333333335 0.4 0
3087 0.1447916666666668 0.4066666666666667 0
3088 0.1437500000000002 0.4133333333333333 0
3089 0.1427083333333335 0.42 0
3090 0.1416666666666669 0.4266666666666667 0
3091 0.1406250000000001 0.4333333333333333 0
3092 0.1395833333333334 0.4400000000000001 0
3093 0.1385416666666668 0.4466666666666668 0
3094 0.1375000000000001 0.4533333333333335 0
3095 0.1364583333333335 0.4600000000000001 0
3096 0.1354166666666669 0.4666666666666667 0
3097 0.1343750000000002 0.4733333333333334 0
3098 0.1333333333333334 0.4800000000000001 0
3099 0.1322916666666669 0.4866666666666668 0
3100 0.13125 0.4933333333333335 0
3101 0.1302083333333334 0.5000000000000001 0
3102 0.1291666666666667 0.5066666666666668 0
3103 0.1281250000000002 0.5133333333333334 0
3104 0.1270833333333334 0.5200000000000001 0
3105 0.1260416666666668 0.5266666666666668 0
3106 0.1250000000000001 0.5333333333333334 0
3107 0.1239583333333334 0.54 0
3108 0.1229166666666668 0.5466666666666669 0
3109 0.1218750000000001 0.5533333333333335 0
3110 0.1208333333333335 0.5600000000000002 0
3111 0.1197916666666668 0.5666666666666669 0
3112 0.1187500000000002 0.5733333333333335 0
3113 0.1177083333333334 0.5800000000000001 0
3114 0.1166666666666668 0.5866666666666667 0
3115 0.1156250000000001 0.5933333333333335 0
3116 0.1145833333333335 0.6000000000000001 0
3117 0.1135416666666667 0.6066666666666668 0
3118 0.1125000000000002 0.6133333333333335 0
3119 0.1114583333333335 0.6200000000000001 0
3120 0.1104166666666669 0.6266666666666668 0
3121 0.1093750000000001 0.6333333333333334 0
3122 0.1083333333333334 0.6400000000000001 0
3123 0.1072916666666668 0.6466666666666668 0
3124 0.10625 0.6533333333333335 0
3125 0.1052083333333335 0.6600000000000001 0
3126 0.1041666666666668 0.6666666666666669 0
3127 0.1031250000000002 0.6733333333333333 0
3128 0.1020833333333334 0.6800000000000002 0
3129 0.1010416666666668 0.6866666666666668 0
3130 0.1000000000000001 0.6933333333333335 0
3131 0.09895833333333354 0.7000000000000001 0
3132 0.09791666666666671 0.7066666666666668 0
3133 0.0968750000000001 0.7133333333333336 0
3134 0.09583333333333344 0.7200000000000001 0
3135 0.09479166666666677 0.7266666666666667 0
3136 0.09375000000000011 0.7333333333333334 0
3137 0.09270833333333334 0.7400000000000001 0
3138 0.09166666666666679 0.7466666666666668 0
3139 0.09062500000000012 0.7533333333333334 0
3140 0.08958333333333346 0.7600000000000002 0
3141 0.08854166666666669 0.7666666666666667 0
3142 0.08750000000000013 0.7733333333333335 0
3143 0.08645833333333341 0.78 0
3144 0.08541666666666675 0.7866666666666667 0
3145 0.08437500000000003 0.7933333333333334 0
3146 0.1934722222222221 0.00666666666666671 0
3147 0.1924999999999999 0.01333333333333336 0
3148 0.1915277777777778 0.02000000000000013 0
3149 0.1905555555555555 0.02666666666666673 0
3150 0.1895833333333333 0.03333333333333349 0
3151 0.1886111111111111 0.0400000000000002 0
3152 0.1876388888888888 0.0466666666666668 0
3153 0.1866666666666666 0.05333333333333345 0
3154 0.1856944444444444 0.06000000000000011 0
3155 0.1847222222222222 0.06666666666666665 0
3156 0.18375 0.07333333333333336 0
3157 0.1827777777777777 0.07999999999999996 0
3158 0.1818055555555556 0.08666666666666678 0
3159 0.1808333333333333 0.09333333333333332 0
3160 0.1798611111111112 0.1000000000000001 0
3161 0.1788888888888889 0.1066666666666667 0
3162 0.1779166666666667 0.1133333333333335 0
3163 0.1769444444444445 0.1200000000000001 0
3164 0.1759722222222223 0.1266666666666668 0
3165 0.175 0.1333333333333334 0
3166 0.1740277777777778 0.14 0
3167 0.1730555555555555 0.1466666666666668 0
3168 0.1720833333333333 0.1533333333333335 0
3169 0.1711111111111112 0.1600000000000003 0
3170 0.1701388888888889 0.1666666666666668 0
3171 0.1691666666666667 0.1733333333333335 0
3172 0.1681944444444445 0.1800000000000002 0
3173 0.1672222222222223 0.1866666666666669 0
3174 0.1662500000000001 0.1933333333333335 0
3175 0.1652777777777778 0.2 0
3176 0.1643055555555556 0.2066666666666668 0
3177 0.1633333333333333 0.2133333333333335 0
3178 0.1623611111111111 0.2200000000000002 0
3179 0.1613888888888889 0.2266666666666669 0
3180 0.1604166666666668 0.2333333333333335 0
3181 0.1594444444444445 0.2400000000000001 0
3182 0.1584722222222223 0.2466666666666669 0
3183 0.1575000000000001 0.2533333333333336 0
3184 0.1565277777777778 0.2600000000000001 0
3185 0.1555555555555556 0.2666666666666668 0
3186 0.1545833333333334 0.2733333333333335 0
3187 0.1536111111111112 0.2800000000000002 0
3188 0.152638888888889 0.2866666666666668 0
3189 0.1516666666666667 0.2933333333333334 0
3190 0.1506944444444446 0.3 0
3191 0.1497222222222224 0.3066666666666668 0
3192 0.1487500000000002 0.3133333333333335 0
3193 0.147777777777778 0.3200000000000001 0
3194 0.1468055555555556 0.3266666666666666 0
3195 0.1458333333333335 0.3333333333333334 0
3196 0.1448611111111112 0.3400000000000001 0
3197 0.143888888888889 0.3466666666666666 0
3198 0.1429166666666667 0.3533333333333333 0
3199 0.1419444444444445 0.36 0
3200 0.1409722222222222 0.3666666666666667 0
3201 0.1400000000000002 0.3733333333333334 0
3202 0.139027777777778 0.38 0
3203 0.1380555555555557 0.3866666666666667 0
3204 0.1370833333333335 0.3933333333333334 0
3205 0.1361111111111112 0.4 0
3206 0.135138888888889 0.4066666666666667 0
3207 0.1341666666666668 0.4133333333333334 0
3208 0.1331944444444446 0.4200000000000001 0
3209 0.1322222222222223 0.4266666666666667 0
3210 0.1312500000000001 0.4333333333333333 0
3211 0.1302777777777779 0.4400000000000001 0
3212 0.1293055555555557 0.4466666666666668 0
3213 0.1283333333333335 0.4533333333333335 0
3214 0.1273611111111113 0.4600000000000002 0
3215 0.1263888888888891 0.4666666666666668 0
3216 0.1254166666666667 0.4733333333333334 0
3217 0.1244444444444445 0.4800000000000001 0
3218 0.1234722222222224 0.4866666666666668 0
3219 0.1225000000000001 0.4933333333333335 0
3220 0.121527777777778 0.5000000000000001 0
3221 0.1205555555555556 0.5066666666666668 0
3222 0.1195833333333334 0.5133333333333334 0
3223 0.1186111111111113 0.5200000000000001 0
3224 0.117638888888889 0.5266666666666668 0
3225 0.1166666666666668 0.5333333333333335 0
3226 0.1156944444444445 0.5400000000000001 0
3227 0.1147222222222222 0.5466666666666669 0
3228 0.1137500000000001 0.5533333333333335 0
3229 0.1127777777777779 0.5600000000000002 0
3230 0.1118055555555557 0.5666666666666669 0
3231 0.1108333333333335 0.5733333333333335 0
3232 0.1098611111111112 0.5800000000000002 0
3233 0.108888888888889 0.5866666666666668 0
3234 0.1079166666666668 0.5933333333333335 0
3235 0.1069444444444446 0.6000000000000001 0
3236 0.1059722222222223 0.6066666666666668 0
3237 0.1050000000000001 0.6133333333333335 0
3238 0.1040277777777779 0.6200000000000001 0
3239 0.1030555555555557 0.6266666666666668 0
3240 0.1020833333333334 0.6333333333333335 0
3241 0.1011111111111112 0.6400000000000001 0
3242 0.1001388888888891 0.6466666666666668 0
3243 0.09916666666666674 0.6533333333333334 0
3244 0.09819444444444453 0.6600000000000001 0
3245 0.09722222222222232 0.6666666666666669 0
3246 0.09625000000000011 0.6733333333333333 0
3247 0.09527777777777785 0.68 0
3248 0.09430555555555559 0.6866666666666668 0
3249 0.09333333333333343 0.6933333333333335 0
3250 0.09236111111111128 0.7000000000000002 0
3251 0.09138888888888891 0.7066666666666668 0
3252 0.0904166666666667 0.7133333333333336 0
3253 0.08944444444444449 0.7200000000000001 0
3254 0.08847222222222223 0.7266666666666668 0
3255 0.08750000000000019 0.7333333333333334 0
3256 0.08652777777777781 0.7400000000000001 0
3257 0.08555555555555555 0.7466666666666668 0
3258 0.0845833333333334 0.7533333333333334 0
3259 0.08361111111111119 0.7600000000000002 0
3260 0.08263888888888898 0.7666666666666668 0
3261 0.08166666666666683 0.7733333333333334 0
3262 0.08069444444444451 0.78 0
3263 0.07972222222222225 0.7866666666666668 0
3264 0.07875000000000015 0.7933333333333334 0
3265 0.1796527777777779 0.006666666666666765 0
3266 0.17875 0.01333333333333342 0
3267 0.1778472222222222 0.02000000000000013 0
3268 0.1769444444444444 0.02666666666666673 0
3269 0.1760416666666667 0.03333333333333349 0
3270 0.175138888888889 0.04000000000000015 0
3271 0.1742361111111112 0.04666666666666669 0
3272 0.1733333333333334 0.05333333333333357 0
3273 0.1724305555555556 0.06000000000000011 0
3274 0.1715277777777779 0.0666666666666666 0
3275 0.1706250000000001 0.07333333333333336 0
3276 0.1697222222222223 0.08000000000000007 0
3277 0.1688194444444446 0.08666666666666678 0
3278 0.1679166666666667 0.09333333333333332 0
3279 0.167013888888889 0.1000000000000001 0
3280 0.1661111111111112 0.1066666666666668 0
3281 0.1652083333333335 0.1133333333333335 0
3282 0.1643055555555557 0.1200000000000001 0
3283 0.1634027777777778 0.1266666666666668 0
3284 0.1625 0.1333333333333335 0
3285 0.1615972222222223 0.14 0
3286 0.1606944444444446 0.1466666666666668 0
3287 0.1597916666666668 0.1533333333333335 0
3288 0.1588888888888889 0.1600000000000003 0
3289 0.1579861111111113 0.1666666666666669 0
3290 0.1570833333333334 0.1733333333333334 0
3291 0.1561805555555557 0.1800000000000002 0
3292 0.1552777777777778 0.1866666666666668 0
3293 0.1543750000000001 0.1933333333333334 0
3294 0.1534722222222224 0.2000000000000002 0
3295 0.1525694444444445 0.2066666666666668 0
3296 0.1516666666666668 0.2133333333333335 0
3297 0.1507638888888891 0.2200000000000002 0
3298 0.1498611111111112 0.2266666666666669 0
3299 0.1489583333333335 0.2333333333333336 0
3300 0.1480555555555557 0.2400000000000001 0
3301 0.1471527777777779 0.2466666666666669 0
3302 0.1462500000000001 0.2533333333333335 0
3303 0.1453472222222224 0.2600000000000001 0
3304 0.1444444444444445 0.2666666666666668 0
3305 0.1435416666666669 0.2733333333333335 0
3306 0.142638888888889 0.2800000000000002 0
3307 0.1417361111111112 0.2866666666666668 0
3308 0.1408333333333335 0.2933333333333334 0
3309 0.1399305555555557 0.3000000000000001 0
3310 0.139027777777778 0.3066666666666667 0
3311 0.1381250000000001 0.3133333333333335 0
3312 0.1372222222222224 0.3200000000000001 0
3313 0.1363194444444447 0.3266666666666667 0
3314 0.1354166666666668 0.3333333333333334 0
3315 0.1345138888888891 0.3400000000000001 0
3316 0.1336111111111112 0.3466666666666667 0
3317 0.1327083333333335 0.3533333333333334 0
3318 0.1318055555555558 0.36 0
3319 0.130902777777778 0.3666666666666667 0
3320 0.1300000000000001 0.3733333333333334 0
3321 0.1290972222222225 0.38 0
3322 0.1281944444444447 0.3866666666666667 0
3323 0.1272916666666669 0.3933333333333334 0
3324 0.126388888888889 0.4 0
3325 0.1254861111111113 0.4066666666666667 0
3326 0.1245833333333334 0.4133333333333333 0
3327 0.1236805555555557 0.4200000000000002 0
3328 0.122777777777778 0.4266666666666667 0
3329 0.1218750000000001 0.4333333333333334 0
3330 0.1209722222222224 0.4400000000000001 0
3331 0.1200694444444446 0.4466666666666668 0
3332 0.1191666666666669 0.4533333333333335 0
3333 0.1182638888888891 0.4600000000000002 0
3334 0.1173611111111113 0.4666666666666668 0
3335 0.1164583333333334 0.4733333333333334 0
3336 0.1155555555555557 0.4800000000000001 0
3337 0.114652777777778 0.4866666666666668 0
3338 0.1137500000000002 0.4933333333333336 0
3339 0.1128472222222224 0.5000000000000001 0
3340 0.1119444444444446 0.5066666666666668 0
3341 0.1110416666666669 0.5133333333333334 0
3342 0.1101388888888891 0.5200000000000001 0
3343 0.1092361111111112 0.5266666666666668 0
3344 0.1083333333333336 0.5333333333333335 0
3345 0.1074305555555558 0.5400000000000003 0
3346 0.1065277777777779 0.5466666666666669 0
3347 0.1056250000000001 0.5533333333333335 0
3348 0.1047222222222224 0.5600000000000002 0
3349 0.1038194444444446 0.5666666666666669 0
3350 0.1029166666666668 0.5733333333333336 0
3351 0.102013888888889 0.5800000000000002 0
3352 0.1011111111111113 0.5866666666666667 0
3353 0.1002083333333335 0.5933333333333335 0
3354 0.0993055555555557 0.6000000000000001 0
3355 0.09840277777777801 0.6066666666666668 0
3356 0.09750000000000014 0.6133333333333335 0
3357 0.09659722222222239 0.6200000000000001 0
3358 0.09569444444444453 0.6266666666666668 0
3359 0.09479166666666683 0.6333333333333335 0
3360 0.09388888888888897 0.6400000000000001 0
3361 0.09298611111111116 0.6466666666666669 0
3362 0.09208333333333346 0.6533333333333335 0
3363 0.09118055555555576 0.6600000000000001 0
3364 0.09027777777777796 0.6666666666666669 0
3365 0.08937500000000015 0.6733333333333335 0
3366 0.08847222222222234 0.68 0
3367 0.08756944444444459 0.6866666666666668 0
3368 0.08666666666666673 0.6933333333333334 0
3369 0.08576388888888903 0.7000000000000002 0
3370 0.08486111111111116 0.7066666666666668 0
3371 0.08395833333333347 0.7133333333333335 0
3372 0.0830555555555556 0.7200000000000001 0
3373 0.08215277777777791 0.7266666666666668 0
3374 0.08125000000000004 0.7333333333333334 0
3375 0.08034722222222235 0.7400000000000001 0
3376 0.0794444444444446 0.7466666666666668 0
3377 0.07854166666666679 0.7533333333333334 0
3378 0.07763888888888903 0.7600000000000002 0
3379 0.07673611111111128 0.7666666666666668 0
3380 0.07583333333333347 0.7733333333333334 0
3381 0.07493055555555578 0.7800000000000001 0
3382 0.07402777777777786 0.7866666666666668 0
3383 0.07312500000000011 0.7933333333333334 0
3384 0.1658333333333333 0.006666666666666654 0
3385 0.1650000000000001 0.01333333333333331 0
3386 0.1641666666666668 0.02000000000000007 0
3387 0.1633333333333335 0.02666666666666673 0
3388 0.1625000000000001 0.03333333333333349 0
3389 0.1616666666666668 0.04000000000000015 0
3390 0.1608333333333334 0.04666666666666675 0
3391 0.1600000000000001 0.05333333333333351 0
3392 0.1591666666666667 0.06000000000000011 0
3393 0.1583333333333334 0.06666666666666665 0
3394 0.1575000000000001 0.07333333333333331 0
3395 0.1566666666666667 0.07999999999999996 0
3396 0.1558333333333334 0.08666666666666673 0
3397 0.1550000000000001 0.09333333333333338 0
3398 0.1541666666666667 0.1000000000000002 0
3399 0.1533333333333334 0.1066666666666668 0
3400 0.1525000000000001 0.1133333333333335 0
3401 0.1516666666666669 0.1200000000000003 0
3402 0.1508333333333335 0.1266666666666668 0
3403 0.1500000000000001 0.1333333333333334 0
3404 0.1491666666666669 0.14 0
3405 0.1483333333333334 0.1466666666666668 0
3406 0.1475000000000001 0.1533333333333336 0
3407 0.1466666666666668 0.1600000000000003 0
3408 0.1458333333333334 0.1666666666666668 0
3409 0.1450000000000002 0.1733333333333335 0
3410 0.1441666666666669 0.1800000000000002 0
3411 0.1433333333333334 0.1866666666666668 0
3412 0.1425000000000002 0.1933333333333335 0
3413 0.1416666666666668 0.2000000000000001 0
3414 0.1408333333333334 0.2066666666666668 0
3415 0.1400000000000002 0.2133333333333336 0
3416 0.1391666666666669 0.2200000000000002 0
3417 0.1383333333333335 0.2266666666666669 0
3418 0.1375000000000001 0.2333333333333335 0
3419 0.1366666666666668 0.2400000000000001 0
3420 0.1358333333333335 0.2466666666666669 0
3421 0.1350000000000001 0.2533333333333336 0
3422 0.1341666666666668 0.2600000000000002 0
3423 0.1333333333333336 0.2666666666666668 0
3424 0.1325000000000002 0.2733333333333335 0
3425 0.1316666666666668 0.2800000000000002 0
3426 0.1308333333333336 0.2866666666666668 0
3427 0.1300000000000001 0.2933333333333334 0
3428 0.1291666666666669 0.3000000000000001 0
3429 0.1283333333333336 0.3066666666666667 0
3430 0.1275000000000002 0.3133333333333335 0
3431 0.1266666666666668 0.3200000000000001 0
3432 0.1258333333333335 0.3266666666666667 0
3433 0.1250000000000002 0.3333333333333334 0
3434 0.1241666666666669 0.3400000000000001 0
3435 0.1233333333333336 0.3466666666666668 0
3436 0.1225000000000002 0.3533333333333334 0
3437 0.1216666666666668 0.36 0
3438 0.1208333333333335 0.3666666666666668 0
3439 0.1200000000000002 0.3733333333333334 0
3440 0.1191666666666668 0.3800000000000001 0
3441 0.1183333333333334 0.3866666666666667 0
3442 0.1175000000000002 0.3933333333333334 0
3443 0.1166666666666668 0.4 0
3444 0.1158333333333336 0.4066666666666667 0
3445 0.1150000000000002 0.4133333333333334 0
3446 0.1141666666666669 0.4200000000000002 0
3447 0.1133333333333335 0.4266666666666668 0
3448 0.1125000000000002 0.4333333333333335 0
3449 0.1116666666666667 0.4400000000000002 0
3450 0.1108333333333335 0.4466666666666668 0
3451 0.11 0.4533333333333336 0
3452 0.1091666666666668 0.4600000000000002 0
3453 0.1083333333333335 0.4666666666666668 0
3454 0.1075000000000002 0.4733333333333335 0
3455 0.1066666666666669 0.4800000000000001 0
3456 0.1058333333333334 0.4866666666666668 0
3457 0.1050000000000001 0.4933333333333335 0
3458 0.104166666666667 0.5000000000000002 0
3459 0.1033333333333336 0.5066666666666668 0
3460 0.1025000000000001 0.5133333333333334 0
3461 0.1016666666666669 0.5200000000000001 0
3462 0.1008333333333336 0.5266666666666668 0
3463 0.1000000000000001 0.5333333333333335 0
3464 0.0991666666666669 0.5400000000000003 0
3465 0.09833333333333355 0.5466666666666669 0
3466 0.09750000000000014 0.5533333333333335 0
3467 0.0966666666666669 0.5600000000000002 0
3468 0.09583333333333349 0.5666666666666669 0
3469 0.09500000000000014 0.5733333333333336 0
3470 0.09416666666666684 0.5800000000000002 0
3471 0.09333333333333349 0.5866666666666668 0
3472 0.09250000000000008 0.5933333333333335 0
3473 0.09166666666666684 0.6000000000000001 0
3474 0.09083333333333354 0.6066666666666668 0
3475 0.09000000000000014 0.6133333333333335 0
3476 0.08916666666666684 0.6200000000000001 0
3477 0.08833333333333354 0.6266666666666668 0
3478 0.08750000000000008 0.6333333333333334 0
3479 0.08666666666666673 0.6400000000000001 0
3480 0.08583333333333359 0.6466666666666669 0
3481 0.08500000000000013 0.6533333333333335 0
3482 0.08416666666666689 0.6600000000000001 0
3483 0.08333333333333348 0.6666666666666669 0
3484 0.08250000000000013 0.6733333333333333 0
3485 0.08166666666666683 0.6800000000000002 0
3486 0.08083333333333359 0.6866666666666668 0
3487 0.08000000000000013 0.6933333333333334 0
3488 0.07916666666666683 0.7000000000000002 0
3489 0.07833333333333348 0.7066666666666668 0
3490 0.07750000000000012 0.7133333333333335 0
3491 0.07666666666666672 0.7200000000000001 0
3492 0.07583333333333359 0.7266666666666668 0
3493 0.07500000000000012 0.7333333333333334 0
3494 0.07416666666666688 0.7400000000000002 0
3495 0.07333333333333353 0.7466666666666668 0
3496 0.07250000000000006 0.7533333333333334 0
3497 0.07166666666666671 0.7600000000000002 0
3498 0.07083333333333347 0.7666666666666668 0
3499 0.07000000000000017 0.7733333333333334 0
3500 0.06916666666666682 0.7800000000000002 0
3501 0.06833333333333352 0.7866666666666668 0
3502 0.06750000000000012 0.7933333333333334 0
3503 0.1520138888888888 0.00666666666666671 0
3504 0.1512500000000001 0.01333333333333342 0
3505 0.1504861111111111 0.02000000000000013 0
3506 0.1497222222222223 0.02666666666666678 0
3507 0.1489583333333334 0.03333333333333349 0
3508 0.1481944444444445 0.04000000000000015 0
3509 0.1474305555555556 0.04666666666666686 0
3510 0.1466666666666667 0.05333333333333351 0
3511 0.1459027777777779 0.06000000000000005 0
3512 0.1451388888888889 0.06666666666666665 0
3513 0.144375 0.07333333333333325 0
3514 0.1436111111111112 0.08000000000000013 0
3515 0.1428472222222223 0.08666666666666673 0
3516 0.1420833333333333 0.09333333333333332 0
3517 0.1413194444444446 0.1000000000000002 0
3518 0.1405555555555556 0.1066666666666668 0
3519 0.1397916666666668 0.1133333333333335 0
3520 0.1390277777777778 0.1200000000000002 0
3521 0.1382638888888889 0.1266666666666668 0
3522 0.1375 0.1333333333333335 0
3523 0.1367361111111112 0.1400000000000001 0
3524 0.1359722222222223 0.146666666666667 0
3525 0.1352083333333333 0.1533333333333336 0
3526 0.1344444444444445 0.1600000000000003 0
3527 0.1336805555555556 0.1666666666666668 0
3528 0.1329166666666668 0.1733333333333335 0
3529 0.1321527777777778 0.1800000000000001 0
3530 0.1313888888888889 0.1866666666666668 0
3531 0.1306250000000001 0.1933333333333335 0
3532 0.1298611111111112 0.2000000000000001 0
3533 0.1290972222222224 0.2066666666666669 0
3534 0.1283333333333334 0.2133333333333336 0
3535 0.1275694444444445 0.2200000000000002 0
3536 0.1268055555555557 0.226666666666667 0
3537 0.1260416666666668 0.2333333333333336 0
3538 0.1252777777777778 0.2400000000000002 0
3539 0.124513888888889 0.2466666666666669 0
3540 0.1237500000000002 0.2533333333333336 0
3541 0.1229861111111113 0.2600000000000002 0
3542 0.1222222222222223 0.2666666666666668 0
3543 0.1214583333333335 0.2733333333333336 0
3544 0.1206944444444445 0.2800000000000002 0
3545 0.1199305555555557 0.2866666666666667 0
3546 0.1191666666666669 0.2933333333333334 0
3547 0.1184027777777779 0.3000000000000002 0
3548 0.1176388888888889 0.3066666666666668 0
3549 0.116875 0.3133333333333335 0
3550 0.1161111111111112 0.3200000000000002 0
3551 0.1153472222222224 0.3266666666666668 0
3552 0.1145833333333335 0.3333333333333335 0
3553 0.1138194444444445 0.3400000000000001 0
3554 0.1130555555555556 0.3466666666666668 0
3555 0.1122916666666668 0.3533333333333334 0
3556 0.1115277777777779 0.3600000000000001 0
3557 0.110763888888889 0.3666666666666668 0
3558 0.1100000000000001 0.3733333333333335 0
3559 0.1092361111111113 0.3800000000000001 0
3560 0.1084722222222222 0.3866666666666667 0
3561 0.1077083333333334 0.3933333333333335 0
3562 0.1069444444444446 0.4000000000000001 0
3563 0.1061805555555557 0.4066666666666668 0
3564 0.1054166666666668 0.4133333333333334 0
3565 0.104652777777778 0.4200000000000002 0
3566 0.103888888888889 0.4266666666666668 0
3567 0.1031250000000002 0.4333333333333335 0
3568 0.1023611111111112 0.4400000000000002 0
3569 0.1015972222222223 0.4466666666666668 0
3570 0.1008333333333335 0.4533333333333335 0
3571 0.1000694444444447 0.4600000000000002 0
3572 0.09930555555555559 0.4666666666666668 0
3573 0.09854166666666675 0.4733333333333335 0
3574 0.09777777777777791 0.4800000000000002 0
3575 0.09701388888888901 0.4866666666666669 0
3576 0.09625 0.4933333333333336 0
3577 0.09548611111111127 0.5000000000000002 0
3578 0.09472222222222232 0.5066666666666668 0
3579 0.09395833333333348 0.5133333333333335 0
3580 0.09319444444444464 0.5200000000000002 0
3581 0.09243055555555574 0.5266666666666669 0
3582 0.09166666666666679 0.5333333333333335 0
3583 0.09090277777777789 0.5400000000000003 0
3584 0.09013888888888899 0.5466666666666669 0
3585 0.08937500000000009 0.5533333333333335 0
3586 0.08861111111111131 0.5600000000000002 0
3587 0.08784722222222235 0.5666666666666669 0
3588 0.08708333333333346 0.5733333333333336 0
3589 0.08631944444444456 0.5800000000000003 0
3590 0.08555555555555566 0.5866666666666668 0
3591 0.08479166666666677 0.5933333333333335 0
3592 0.08402777777777798 0.6000000000000001 0
3593 0.08326388888888903 0.6066666666666669 0
3594 0.08250000000000018 0.6133333333333336 0
3595 0.08173611111111123 0.6200000000000001 0
3596 0.08097222222222239 0.6266666666666668 0
3597 0.08020833333333344 0.6333333333333335 0
3598 0.07944444444444448 0.6400000000000001 0
3599 0.07868055555555564 0.6466666666666669 0
3600 0.07791666666666675 0.6533333333333335 0
3601 0.07715277777777779 0.6600000000000003 0
3602 0.07638888888888901 0.6666666666666669 0
3603 0.07562500000000005 0.6733333333333335 0
3604 0.07486111111111121 0.6800000000000003 0
3605 0.07409722222222243 0.6866666666666668 0
3606 0.07333333333333347 0.6933333333333334 0
3607 0.07256944444444458 0.7000000000000002 0
3608 0.07180555555555568 0.7066666666666668 0
3609 0.07104166666666678 0.7133333333333335 0
3610 0.07027777777777788 0.7200000000000001 0
3611 0.06951388888888893 0.7266666666666668 0
3612 0.06875000000000009 0.7333333333333334 0
3613 0.06798611111111119 0.7400000000000002 0
3614 0.06722222222222224 0.7466666666666668 0
3615 0.06645833333333351 0.7533333333333334 0
3616 0.0656944444444445 0.7600000000000002 0
3617 0.06493055555555566 0.7666666666666668 0
3618 0.06416666666666687 0.7733333333333334 0
3619 0.06340277777777797 0.78 0
3620 0.06263888888888908 0.7866666666666668 0
3621 0.06187500000000012 0.7933333333333334 0
3622 0.1381944444444445 0.006666666666666765 0
3623 0.1375 0.01333333333333342 0
3624 0.1368055555555555 0.02000000000000013 0
3625 0.1361111111111111 0.02666666666666678 0
3626 0.1354166666666666 0.03333333333333349 0
3627 0.1347222222222221 0.04000000000000015 0
3628 0.1340277777777777 0.04666666666666669 0
3629 0.1333333333333333 0.05333333333333351 0
3630 0.1326388888888889 0.06000000000000011 0
3631 0.1319444444444445 0.0666666666666666 0
3632 0.1312499999999999 0.07333333333333347 0
3633 0.1305555555555556 0.08000000000000007 0
3634 0.1298611111111111 0.08666666666666673 0
3635 0.1291666666666667 0.09333333333333338 0
3636 0.1284722222222221 0.1000000000000002 0
3637 0.1277777777777778 0.1066666666666668 0
3638 0.1270833333333333 0.1133333333333335 0
3639 0.1263888888888889 0.1200000000000002 0
3640 0.1256944444444444 0.1266666666666668 0
3641 0.125 0.1333333333333335 0
3642 0.1243055555555556 0.1400000000000001 0
3643 0.1236111111111112 0.146666666666667 0
3644 0.1229166666666666 0.1533333333333336 0
3645 0.1222222222222223 0.1600000000000003 0
3646 0.1215277777777777 0.166666666666667 0
3647 0.1208333333333334 0.1733333333333335 0
3648 0.1201388888888889 0.1800000000000003 0
3649 0.1194444444444446 0.1866666666666668 0
3650 0.11875 0.1933333333333335 0
3651 0.1180555555555557 0.2000000000000002 0
3652 0.1173611111111111 0.2066666666666669 0
3653 0.1166666666666666 0.2133333333333337 0
3654 0.1159722222222222 0.2200000000000003 0
3655 0.1152777777777779 0.226666666666667 0
3656 0.1145833333333333 0.2333333333333336 0
3657 0.1138888888888889 0.2400000000000002 0
3658 0.1131944444444445 0.246666666666667 0
3659 0.1125 0.2533333333333336 0
3660 0.1118055555555557 0.2600000000000002 0
3661 0.1111111111111112 0.266666666666667 0
3662 0.1104166666666668 0.2733333333333336 0
3663 0.1097222222222224 0.2800000000000002 0
3664 0.1090277777777779 0.2866666666666668 0
3665 0.1083333333333334 0.2933333333333335 0
3666 0.1076388888888891 0.3000000000000002 0
3667 0.1069444444444445 0.3066666666666668 0
3668 0.1062500000000001 0.3133333333333336 0
3669 0.1055555555555556 0.3200000000000002 0
3670 0.1048611111111113 0.3266666666666668 0
3671 0.1041666666666667 0.3333333333333335 0
3672 0.1034722222222224 0.3400000000000001 0
3673 0.1027777777777779 0.3466666666666668 0
3674 0.1020833333333334 0.3533333333333334 0
3675 0.101388888888889 0.3600000000000002 0
3676 0.1006944444444445 0.3666666666666668 0
3677 0.1000000000000001 0.3733333333333335 0
3678 0.09930555555555565 0.3800000000000001 0
3679 0.09861111111111126 0.3866666666666668 0
3680 0.09791666666666682 0.3933333333333334 0
3681 0.09722222222222238 0.4000000000000001 0
3682 0.09652777777777788 0.4066666666666668 0
3683 0.09583333333333349 0.4133333333333334 0
3684 0.09513888888888899 0.4200000000000002 0
3685 0.09444444444444461 0.4266666666666669 0
3686 0.09375000000000011 0.4333333333333335 0
3687 0.09305555555555567 0.4400000000000002 0
3688 0.09236111111111128 0.4466666666666669 0
3689 0.09166666666666684 0.4533333333333336 0
3690 0.09097222222222229 0.4600000000000002 0
3691 0.09027777777777796 0.4666666666666668 0
3692 0.0895833333333334 0.4733333333333336 0
3693 0.08888888888888902 0.4800000000000002 0
3694 0.08819444444444452 0.4866666666666669 0
3695 0.08750000000000008 0.4933333333333336 0
3696 0.08680555555555564 0.5000000000000002 0
3697 0.08611111111111119 0.5066666666666669 0
3698 0.08541666666666675 0.5133333333333335 0
3699 0.08472222222222231 0.5200000000000002 0
3700 0.08402777777777787 0.5266666666666669 0
3701 0.08333333333333343 0.5333333333333337 0
3702 0.08263888888888898 0.5400000000000003 0
3703 0.0819444444444446 0.5466666666666669 0
3704 0.0812500000000001 0.5533333333333335 0
3705 0.08055555555555571 0.5600000000000003 0
3706 0.07986111111111127 0.5666666666666669 0
3707 0.07916666666666677 0.5733333333333336 0
3708 0.0784722222222225 0.5800000000000003 0
3709 0.07777777777777795 0.5866666666666668 0
3710 0.0770833333333335 0.5933333333333336 0
3711 0.07638888888888895 0.6000000000000002 0
3712 0.07569444444444462 0.6066666666666669 0
3713 0.07500000000000001 0.6133333333333336 0
3714 0.07430555555555562 0.6200000000000002 0
3715 0.07361111111111113 0.6266666666666669 0
3716 0.07291666666666674 0.6333333333333335 0
3717 0.0722222222222223 0.6400000000000001 0
3718 0.0715277777777778 0.6466666666666669 0
3719 0.07083333333333347 0.6533333333333335 0
3720 0.07013888888888903 0.6600000000000001 0
3721 0.06944444444444453 0.6666666666666669 0
3722 0.06875000000000014 0.6733333333333333 0
3723 0.0680555555555557 0.6800000000000002 0
3724 0.0673611111111112 0.6866666666666668 0
3725 0.06666666666666676 0.6933333333333335 0
3726 0.06597222222222232 0.7000000000000002 0
3727 0.06527777777777788 0.7066666666666668 0
3728 0.06458333333333349 0.7133333333333335 0
3729 0.06388888888888899 0.7200000000000001 0
3730 0.06319444444444455 0.7266666666666668 0
3731 0.06250000000000011 0.7333333333333334 0
3732 0.06180555555555572 0.7400000000000002 0
3733 0.06111111111111128 0.7466666666666668 0
3734 0.06041666666666684 0.7533333333333334 0
3735 0.05972222222222245 0.7600000000000001 0
3736 0.05902777777777796 0.7666666666666668 0
3737 0.05833333333333357 0.7733333333333334 0
3738 0.05763888888888913 0.7800000000000002 0
3739 0.05694444444444469 0.7866666666666667 0
3740 0.05625000000000019 0.7933333333333334 0
3741 0.1243749999999999 0.00666666666666671 0
3742 0.12375 0.01333333333333331 0
3743 0.1231249999999999 0.02000000000000007 0
3744 0.1225000000000001 0.02666666666666673 0
3745 0.121875 0.03333333333333349 0
3746 0.12125 0.0400000000000002 0
3747 0.120625 0.04666666666666675 0
3748 0.12 0.05333333333333351 0
3749 0.1193750000000001 0.06000000000000016 0
3750 0.11875 0.0666666666666666 0
3751 0.1181249999999999 0.07333333333333342 0
3752 0.1175000000000001 0.08000000000000007 0
3753 0.116875 0.08666666666666678 0
3754 0.1162500000000001 0.09333333333333332 0
3755 0.1156249999999999 0.1000000000000002 0
3756 0.115 0.1066666666666668 0
3757 0.1143750000000001 0.1133333333333335 0
3758 0.1137500000000001 0.1200000000000002 0
3759 0.113125 0.1266666666666668 0
3760 0.1124999999999999 0.1333333333333335 0
3761 0.111875 0.1400000000000001 0
3762 0.11125 0.146666666666667 0
3763 0.1106250000000001 0.1533333333333337 0
3764 0.1099999999999999 0.1600000000000003 0
3765 0.1093750000000001 0.1666666666666669 0
3766 0.1087500000000001 0.1733333333333336 0
3767 0.1081250000000001 0.1800000000000003 0
3768 0.1075 0.186666666666667 0
3769 0.1068750000000001 0.1933333333333336 0
3770 0.1062500000000001 0.2000000000000001 0
3771 0.1056250000000001 0.2066666666666669 0
3772 0.1049999999999999 0.2133333333333336 0
3773 0.104375 0.2200000000000003 0
3774 0.10375 0.2266666666666669 0
3775 0.1031250000000001 0.2333333333333336 0
3776 0.1025 0.2400000000000002 0
3777 0.101875 0.246666666666667 0
3778 0.10125 0.2533333333333336 0
3779 0.1006250000000001 0.2600000000000002 0
3780 0.09999999999999998 0.2666666666666669 0
3781 0.0993750000000001 0.2733333333333337 0
3782 0.09875000000000012 0.2800000000000003 0
3783 0.09812500000000018 0.2866666666666668 0
3784 0.09750000000000009 0.2933333333333335 0
3785 0.09687499999999993 0.3000000000000002 0
3786 0.09625000000000011 0.3066666666666668 0
3787 0.09562500000000018 0.3133333333333336 0
3788 0.09500000000000008 0.3200000000000002 0
3789 0.09437500000000004 0.3266666666666668 0
3790 0.09375000000000006 0.3333333333333335 0
3791 0.09312500000000018 0.3400000000000002 0
3792 0.09250000000000008 0.3466666666666668 0
3793 0.0918750000000001 0.3533333333333335 0
3794 0.09125 0.3600000000000002 0
3795 0.09062500000000007 0.3666666666666668 0
3796 0.09000000000000008 0.3733333333333335 0
3797 0.08937500000000004 0.3800000000000001 0
3798 0.08874999999999994 0.3866666666666668 0
3799 0.08812500000000012 0.3933333333333335 0
3800 0.08750000000000008 0.4000000000000001 0
3801 0.08687500000000009 0.4066666666666668 0
3802 0.08625000000000005 0.4133333333333335 0
3803 0.08562500000000017 0.4200000000000002 0
3804 0.08500000000000008 0.4266666666666669 0
3805 0.08437500000000009 0.4333333333333335 0
3806 0.0837500000000001 0.4400000000000002 0
3807 0.08312500000000017 0.4466666666666669 0
3808 0.08250000000000007 0.4533333333333336 0
3809 0.08187499999999998 0.4600000000000002 0
3810 0.0812500000000001 0.4666666666666668 0
3811 0.08062500000000011 0.4733333333333336 0
3812 0.08000000000000002 0.4800000000000002 0
3813 0.07937500000000008 0.4866666666666669 0
3814 0.0787500000000001 0.4933333333333336 0
3815 0.07812500000000011 0.5000000000000002 0
3816 0.07750000000000007 0.5066666666666669 0
3817 0.07687500000000008 0.5133333333333336 0
3818 0.0762500000000001 0.5200000000000002 0
3819 0.07562499999999994 0.5266666666666669 0
3820 0.07500000000000012 0.5333333333333337 0
3821 0.07437500000000002 0.5400000000000003 0
3822 0.07375000000000004 0.5466666666666669 0
3823 0.07312500000000005 0.5533333333333336 0
3824 0.07250000000000001 0.5600000000000003 0
3825 0.07187500000000008 0.566666666666667 0
3826 0.07125000000000009 0.5733333333333336 0
3827 0.07062499999999994 0.5800000000000003 0
3828 0.07000000000000001 0.5866666666666669 0
3829 0.06937500000000008 0.5933333333333335 0
3830 0.06875000000000009 0.6000000000000002 0
3831 0.0681250000000001 0.6066666666666669 0
3832 0.06750000000000006 0.6133333333333335 0
3833 0.06687500000000018 0.6200000000000002 0
3834 0.0662500000000002 0.6266666666666669 0
3835 0.0656250000000001 0.6333333333333335 0
3836 0.065 0.6400000000000001 0
3837 0.06437500000000007 0.6466666666666669 0
3838 0.06375000000000008 0.6533333333333335 0
3839 0.0631250000000001 0.6600000000000004 0
3840 0.06250000000000011 0.6666666666666669 0
3841 0.06187500000000012 0.6733333333333333 0
3842 0.06125000000000008 0.6800000000000002 0
3843 0.0606250000000001 0.6866666666666668 0
3844 0.06000000000000005 0.6933333333333335 0
3845 0.05937500000000001 0.7000000000000002 0
3846 0.05875000000000008 0.7066666666666668 0
3847 0.05812500000000004 0.7133333333333336 0
3848 0.05750000000000011 0.7200000000000002 0
3849 0.05687500000000012 0.7266666666666668 0
3850 0.05625000000000019 0.7333333333333334 0
3851 0.05562500000000009 0.7400000000000002 0
3852 0.05499999999999999 0.7466666666666669 0
3853 0.05437500000000001 0.7533333333333334 0
3854 0.05375000000000008 0.7600000000000001 0
3855 0.05312500000000009 0.7666666666666668 0
3856 0.05250000000000005 0.7733333333333334 0
3857 0.05187500000000012 0.7800000000000002 0
3858 0.05125000000000013 0.7866666666666668 0
3859 0.05062500000000009 0.7933333333333334 0
3860 0.1105555555555557 0.00666666666666671 0
3861 0.1100000000000001 0.01333333333333342 0
3862 0.1094444444444446 0.02000000000000007 0
3863 0.108888888888889 0.02666666666666673 0
3864 0.1083333333333333 0.03333333333333349 0
3865 0.1077777777777779 0.04000000000000009 0
3866 0.1072222222222223 0.04666666666666669 0
3867 0.1066666666666667 0.05333333333333345 0
3868 0.106111111111111 0.06000000000000005 0
3869 0.1055555555555557 0.0666666666666666 0
3870 0.105 0.07333333333333342 0
3871 0.1044444444444444 0.08000000000000007 0
3872 0.103888888888889 0.08666666666666678 0
3873 0.1033333333333334 0.09333333333333332 0
3874 0.1027777777777778 0.1000000000000001 0
3875 0.1022222222222222 0.1066666666666667 0
3876 0.1016666666666667 0.1133333333333336 0
3877 0.1011111111111112 0.1200000000000002 0
3878 0.1005555555555556 0.1266666666666668 0
3879 0.1000000000000001 0.1333333333333336 0
3880 0.09944444444444456 0.1400000000000001 0
3881 0.09888888888888892 0.146666666666667 0
3882 0.09833333333333355 0.1533333333333335 0
3883 0.09777777777777791 0.1600000000000003 0
3884 0.09722222222222227 0.1666666666666669 0
3885 0.09666666666666673 0.1733333333333337 0
3886 0.09611111111111131 0.1800000000000002 0
3887 0.09555555555555567 0.1866666666666669 0
3888 0.09500000000000008 0.1933333333333335 0
3889 0.0944444444444445 0.2000000000000001 0
3890 0.09388888888888902 0.2066666666666669 0
3891 0.09333333333333349 0.2133333333333336 0
3892 0.09277777777777779 0.2200000000000003 0
3893 0.09222222222222232 0.226666666666667 0
3894 0.09166666666666679 0.2333333333333336 0
3895 0.0911111111111112 0.2400000000000002 0
3896 0.09055555555555561 0.246666666666667 0
3897 0.09000000000000008 0.2533333333333337 0
3898 0.08944444444444455 0.2600000000000003 0
3899 0.08888888888888902 0.2666666666666669 0
3900 0.08833333333333354 0.2733333333333337 0
3901 0.08777777777777784 0.2800000000000004 0
3902 0.08722222222222226 0.286666666666667 0
3903 0.08666666666666673 0.2933333333333336 0
3904 0.08611111111111114 0.3000000000000002 0
3905 0.08555555555555561 0.3066666666666669 0
3906 0.08500000000000013 0.3133333333333336 0
3907 0.08444444444444449 0.3200000000000003 0
3908 0.08388888888888896 0.3266666666666669 0
3909 0.08333333333333348 0.3333333333333335 0
3910 0.08277777777777784 0.3400000000000002 0
3911 0.08222222222222225 0.3466666666666668 0
3912 0.08166666666666672 0.3533333333333335 0
3913 0.08111111111111124 0.3600000000000002 0
3914 0.08055555555555571 0.3666666666666668 0
3915 0.08000000000000013 0.3733333333333335 0
3916 0.0794444444444446 0.3800000000000002 0
3917 0.07888888888888901 0.3866666666666668 0
3918 0.07833333333333348 0.3933333333333335 0
3919 0.07777777777777789 0.4000000000000001 0
3920 0.07722222222222225 0.4066666666666668 0
3921 0.07666666666666672 0.4133333333333335 0
3922 0.07611111111111124 0.4200000000000002 0
3923 0.07555555555555571 0.4266666666666669 0
3924 0.07500000000000012 0.4333333333333335 0
3925 0.07444444444444459 0.4400000000000002 0
3926 0.073888888888889 0.4466666666666669 0
3927 0.07333333333333336 0.4533333333333336 0
3928 0.07277777777777789 0.4600000000000004 0
3929 0.07222222222222224 0.4666666666666669 0
3930 0.07166666666666677 0.4733333333333336 0
3931 0.07111111111111124 0.4800000000000003 0
3932 0.07055555555555565 0.486666666666667 0
3933 0.07000000000000012 0.4933333333333337 0
3934 0.06944444444444448 0.5000000000000002 0
3935 0.068888888888889 0.5066666666666669 0
3936 0.06833333333333336 0.5133333333333336 0
3937 0.06777777777777783 0.5200000000000002 0
3938 0.06722222222222235 0.5266666666666671 0
3939 0.06666666666666676 0.5333333333333337 0
3940 0.06611111111111118 0.5400000000000004 0
3941 0.06555555555555576 0.5466666666666669 0
3942 0.06500000000000011 0.5533333333333336 0
3943 0.06444444444444447 0.5600000000000003 0
3944 0.06388888888888899 0.5666666666666669 0
3945 0.06333333333333346 0.5733333333333337 0
3946 0.06277777777777788 0.5800000000000002 0
3947 0.06222222222222235 0.5866666666666669 0
3948 0.06166666666666676 0.5933333333333335 0
3949 0.06111111111111123 0.6000000000000003 0
3950 0.0605555555555557 0.6066666666666669 0
3951 0.05999999999999994 0.6133333333333336 0
3952 0.05944444444444447 0.6200000000000002 0
3953 0.05888888888888894 0.6266666666666669 0
3954 0.0583333333333334 0.6333333333333335 0
3955 0.05777777777777798 0.6400000000000002 0
3956 0.05722222222222223 0.6466666666666669 0
3957 0.0566666666666667 0.6533333333333335 0
3958 0.05611111111111117 0.6600000000000004 0
3959 0.05555555555555569 0.6666666666666667 0
3960 0.05499999999999999 0.6733333333333336 0
3961 0.05444444444444452 0.6800000000000002 0
3962 0.05388888888888899 0.6866666666666668 0
3963 0.05333333333333351 0.6933333333333336 0
3964 0.05277777777777792 0.7000000000000002 0
3965 0.05222222222222223 0.7066666666666668 0
3966 0.05166666666666669 0.7133333333333336 0
3967 0.05111111111111116 0.7200000000000002 0
3968 0.05055555555555569 0.7266666666666669 0
3969 0.04999999999999999 0.7333333333333334 0
3970 0.04944444444444446 0.7400000000000002 0
3971 0.04888888888888893 0.7466666666666669 0
3972 0.04833333333333345 0.7533333333333335 0
3973 0.04777777777777797 0.7600000000000002 0
3974 0.04722222222222222 0.7666666666666668 0
3975 0.04666666666666675 0.7733333333333334 0
3976 0.04611111111111121 0.7800000000000001 0
3977 0.04555555555555568 0.786666666666667 0
3978 0.0450000000000001 0.7933333333333334 0
3979 0.09673611111111108 0.006666666666666765 0
3980 0.09625 0.01333333333333336 0
3981 0.09576388888888898 0.02000000000000007 0
3982 0.09527777777777796 0.02666666666666673 0
3983 0.09479166666666672 0.03333333333333349 0
3984 0.09430555555555559 0.04000000000000009 0
3985 0.09381944444444451 0.04666666666666669 0
3986 0.09333333333333332 0.05333333333333345 0
3987 0.09284722222222236 0.06000000000000005 0
3988 0.09236111111111128 0.06666666666666665 0
3989 0.09187500000000015 0.07333333333333358 0
3990 0.09138888888888896 0.08000000000000024 0
3991 0.09090277777777789 0.08666666666666673 0
3992 0.09041666666666665 0.09333333333333343 0
3993 0.08993055555555557 0.1000000000000001 0
3994 0.0894444444444446 0.1066666666666669 0
3995 0.08895833333333342 0.1133333333333336 0
3996 0.0884722222222224 0.1200000000000002 0
3997 0.08798611111111126 0.1266666666666668 0
3998 0.08750000000000002 0.1333333333333336 0
3999 0.08701388888888889 0.1400000000000001 0
4000 0.08652777777777787 0.146666666666667 0
4001 0.08604166666666685 0.1533333333333336 0
4002 0.08555555555555572 0.1600000000000003 0
4003 0.08506944444444453 0.1666666666666669 0
4004 0.08458333333333351 0.1733333333333336 0
4005 0.08409722222222227 0.1800000000000002 0
4006 0.08361111111111119 0.1866666666666669 0
4007 0.08312500000000017 0.1933333333333335 0
4008 0.08263888888888904 0.2000000000000003 0
4009 0.08215277777777785 0.2066666666666669 0
4010 0.08166666666666672 0.2133333333333336 0
4011 0.08118055555555553 0.2200000000000003 0
4012 0.08069444444444446 0.226666666666667 0
4013 0.08020833333333344 0.2333333333333336 0
4014 0.07972222222222236 0.2400000000000003 0
4015 0.07923611111111117 0.246666666666667 0
4016 0.07875000000000015 0.2533333333333337 0
4017 0.07826388888888897 0.2600000000000003 0
4018 0.07777777777777795 0.2666666666666669 0
4019 0.07729166666666665 0.2733333333333337 0
4020 0.07680555555555574 0.2800000000000004 0
4021 0.07631944444444461 0.2866666666666668 0
4022 0.07583333333333342 0.2933333333333336 0
4023 0.07534722222222229 0.3000000000000002 0
4024 0.07486111111111127 0.3066666666666669 0
4025 0.07437500000000019 0.3133333333333336 0
4026 0.07388888888888889 0.3200000000000003 0
4027 0.07340277777777793 0.3266666666666669 0
4028 0.07291666666666691 0.3333333333333335 0
4029 0.07243055555555561 0.3400000000000002 0
4030 0.07194444444444453 0.3466666666666669 0
4031 0.07145833333333351 0.3533333333333335 0
4032 0.07097222222222221 0.3600000000000003 0
4033 0.07048611111111119 0.3666666666666669 0
4034 0.07000000000000017 0.3733333333333335 0
4035 0.06951388888888893 0.3800000000000001 0
4036 0.06902777777777785 0.3866666666666668 0
4037 0.06854166666666678 0.3933333333333335 0
4038 0.06805555555555565 0.4000000000000001 0
4039 0.06756944444444452 0.4066666666666668 0
4040 0.06708333333333333 0.4133333333333336 0
4041 0.06659722222222231 0.4200000000000002 0
4042 0.06611111111111118 0.4266666666666669 0
4043 0.06562500000000004 0.4333333333333335 0
4044 0.06513888888888902 0.4400000000000002 0
4045 0.06465277777777784 0.4466666666666669 0
4046 0.06416666666666682 0.4533333333333337 0
4047 0.06368055555555557 0.4600000000000004 0
4048 0.0631944444444445 0.4666666666666669 0
4049 0.06270833333333342 0.4733333333333336 0
4050 0.06222222222222229 0.4800000000000003 0
4051 0.06173611111111116 0.486666666666667 0
4052 0.06125000000000019 0.4933333333333336 0
4053 0.06076388888888895 0.5000000000000003 0
4054 0.06027777777777782 0.5066666666666669 0
4055 0.0597916666666668 0.5133333333333335 0
4056 0.05930555555555561 0.5200000000000004 0
4057 0.05881944444444448 0.5266666666666671 0
4058 0.0583333333333334 0.5333333333333337 0
4059 0.05784722222222233 0.5400000000000004 0
4060 0.05736111111111114 0.546666666666667 0
4061 0.05687500000000012 0.5533333333333336 0
4062 0.05638888888888904 0.5600000000000003 0
4063 0.05590277777777791 0.566666666666667 0
4064 0.05541666666666667 0.5733333333333337 0
4065 0.05493055555555565 0.5800000000000003 0
4066 0.05444444444444457 0.5866666666666669 0
4067 0.05395833333333339 0.5933333333333336 0
4068 0.05347222222222237 0.6000000000000003 0
4069 0.05298611111111123 0.6066666666666669 0
4070 0.05250000000000005 0.6133333333333336 0
4071 0.05201388888888903 0.6200000000000002 0
4072 0.05152777777777784 0.6266666666666669 0
4073 0.05104166666666671 0.6333333333333335 0
4074 0.05055555555555569 0.6400000000000002 0
4075 0.0500694444444445 0.6466666666666669 0
4076 0.04958333333333337 0.6533333333333335 0
4077 0.04909722222222229 0.6600000000000004 0
4078 0.04861111111111116 0.6666666666666669 0
4079 0.04812500000000003 0.6733333333333335 0
4080 0.04763888888888901 0.6800000000000003 0
4081 0.04715277777777782 0.6866666666666668 0
4082 0.04666666666666663 0.6933333333333336 0
4083 0.04618055555555561 0.7000000000000002 0
4084 0.04569444444444454 0.7066666666666669 0
4085 0.04520833333333341 0.7133333333333336 0
4086 0.04472222222222233 0.7200000000000002 0
4087 0.04423611111111114 0.7266666666666668 0
4088 0.04375000000000001 0.7333333333333334 0
4089 0.04326388888888894 0.7400000000000002 0
4090 0.04277777777777791 0.7466666666666669 0
4091 0.04229166666666678 0.7533333333333334 0
4092 0.0418055555555556 0.7600000000000002 0
4093 0.04131944444444458 0.7666666666666668 0
4094 0.04083333333333333 0.7733333333333334 0
4095 0.04034722222222226 0.7800000000000001 0
4096 0.03986111111111124 0.786666666666667 0
4097 0.03937500000000005 0.7933333333333334 0
4098 0.08291666666666669 0.00666666666666671 0
4099 0.08250000000000002 0.01333333333333336 0
4100 0.08208333333333345 0.02000000000000002 0
4101 0.08166666666666661 0.02666666666666673 0
4102 0.08125000000000004 0.03333333333333344 0
4103 0.08083333333333337 0.04000000000000009 0
4104 0.08041666666666669 0.04666666666666669 0
4105 0.07999999999999996 0.05333333333333345 0
4106 0.07958333333333339 0.06000000000000005 0
4107 0.07916666666666661 0.0666666666666666 0
4108 0.07875000000000004 0.07333333333333347 0
4109 0.07833333333333337 0.08000000000000007 0
4110 0.07791666666666663 0.08666666666666673 0
4111 0.07750000000000012 0.09333333333333343 0
4112 0.07708333333333339 0.1000000000000002 0
4113 0.07666666666666683 0.1066666666666669 0
4114 0.07625000000000004 0.1133333333333336 0
4115 0.07583333333333336 0.1200000000000002 0
4116 0.0754166666666668 0.1266666666666668 0
4117 0.07499999999999996 0.1333333333333336 0
4118 0.07458333333333345 0.1400000000000002 0
4119 0.07416666666666677 0.1466666666666669 0
4120 0.07375000000000004 0.1533333333333335 0
4121 0.07333333333333342 0.1600000000000003 0
4122 0.07291666666666669 0.166666666666667 0
4123 0.07250000000000012 0.1733333333333336 0
4124 0.07208333333333344 0.1800000000000002 0
4125 0.07166666666666682 0.1866666666666669 0
4126 0.07125000000000009 0.1933333333333335 0
4127 0.0708333333333333 0.2000000000000003 0
4128 0.07041666666666679 0.2066666666666669 0
4129 0.06999999999999995 0.2133333333333337 0
4130 0.06958333333333333 0.2200000000000003 0
4131 0.06916666666666677 0.2266666666666671 0
4132 0.0687500000000002 0.2333333333333336 0
4133 0.06833333333333341 0.2400000000000003 0
4134 0.06791666666666668 0.246666666666667 0
4135 0.06750000000000012 0.2533333333333337 0
4136 0.06708333333333333 0.2600000000000003 0
4137 0.06666666666666676 0.2666666666666671 0
4138 0.0662500000000002 0.2733333333333337 0
4139 0.06583333333333341 0.2800000000000003 0
4140 0.06541666666666679 0.286666666666667 0
4141 0.06500000000000006 0.2933333333333336 0
4142 0.06458333333333333 0.3000000000000003 0
4143 0.06416666666666682 0.3066666666666669 0
4144 0.06375000000000003 0.3133333333333336 0
4145 0.0633333333333333 0.3200000000000002 0
4146 0.06291666666666679 0.3266666666666669 0
4147 0.06250000000000006 0.3333333333333335 0
4148 0.06208333333333332 0.3400000000000002 0
4149 0.0616666666666667 0.3466666666666669 0
4150 0.06125000000000014 0.3533333333333336 0
4151 0.06083333333333346 0.3600000000000002 0
4152 0.06041666666666673 0.3666666666666669 0
4153 0.05999999999999994 0.3733333333333336 0
4154 0.05958333333333338 0.3800000000000002 0
4155 0.05916666666666681 0.3866666666666668 0
4156 0.05875000000000019 0.3933333333333335 0
4157 0.05833333333333346 0.4000000000000002 0
4158 0.05791666666666678 0.4066666666666668 0
4159 0.05750000000000005 0.4133333333333336 0
4160 0.05708333333333343 0.4200000000000003 0
4161 0.0566666666666667 0.4266666666666669 0
4162 0.05625000000000019 0.4333333333333335 0
4163 0.05583333333333335 0.4400000000000002 0
4164 0.05541666666666684 0.4466666666666669 0
4165 0.05499999999999994 0.4533333333333336 0
4166 0.05458333333333343 0.4600000000000004 0
4167 0.05416666666666681 0.4666666666666669 0
4168 0.05375000000000002 0.4733333333333336 0
4169 0.05333333333333334 0.4800000000000003 0
4170 0.05291666666666672 0.486666666666667 0
4171 0.05250000000000016 0.4933333333333337 0
4172 0.05208333333333331 0.5000000000000003 0
4173 0.05166666666666669 0.506666666666667 0
4174 0.05125000000000013 0.5133333333333336 0
4175 0.0508333333333334 0.5200000000000002 0
4176 0.05041666666666683 0.5266666666666671 0
4177 0.04999999999999993 0.5333333333333337 0
4178 0.04958333333333342 0.5400000000000003 0
4179 0.04916666666666686 0.546666666666667 0
4180 0.04875000000000002 0.5533333333333337 0
4181 0.04833333333333345 0.5600000000000003 0
4182 0.04791666666666666 0.566666666666667 0
4183 0.0475000000000001 0.5733333333333337 0
4184 0.04708333333333342 0.5800000000000003 0
4185 0.04666666666666669 0.5866666666666669 0
4186 0.04625000000000007 0.5933333333333336 0
4187 0.04583333333333328 0.6000000000000002 0
4188 0.04541666666666672 0.6066666666666669 0
4189 0.0450000000000001 0.6133333333333337 0
4190 0.04458333333333336 0.6200000000000003 0
4191 0.04416666666666669 0.626666666666667 0
4192 0.04375000000000001 0.6333333333333336 0
4193 0.04333333333333345 0.6400000000000002 0
4194 0.04291666666666666 0.6466666666666669 0
4195 0.04250000000000009 0.6533333333333335 0
4196 0.04208333333333347 0.6600000000000004 0
4197 0.04166666666666669 0.6666666666666669 0
4198 0.04125000000000012 0.6733333333333336 0
4199 0.04083333333333333 0.6800000000000003 0
4200 0.04041666666666671 0.6866666666666668 0
4201 0.03999999999999998 0.6933333333333336 0
4202 0.03958333333333347 0.7000000000000002 0
4203 0.03916666666666668 0.7066666666666668 0
4204 0.03875000000000001 0.7133333333333335 0
4205 0.03833333333333344 0.7200000000000002 0
4206 0.03791666666666665 0.7266666666666668 0
4207 0.03750000000000009 0.7333333333333334 0
4208 0.0370833333333333 0.7400000000000002 0
4209 0.03666666666666668 0.7466666666666669 0
4210 0.03625 0.7533333333333336 0
4211 0.03583333333333333 0.7600000000000002 0
4212 0.03541666666666676 0.7666666666666668 0
4213 0.03500000000000003 0.7733333333333334 0
4214 0.03458333333333335 0.7800000000000001 0
4215 0.03416666666666673 0.7866666666666668 0
4216 0.03375 0.7933333333333334 0
4217 0.06909722222222231 0.006666666666666654 0
4218 0.06875000000000003 0.01333333333333336 0
4219 0.06840277777777781 0.02000000000000002 0
4220 0.06805555555555548 0.02666666666666673 0
4221 0.06770833333333326 0.03333333333333349 0
4222 0.06736111111111104 0.04000000000000009 0
4223 0.06701388888888882 0.04666666666666675 0
4224 0.06666666666666665 0.05333333333333345 0
4225 0.06631944444444438 0.06 0
4226 0.06597222222222215 0.06666666666666682 0
4227 0.06562499999999993 0.07333333333333358 0
4228 0.06527777777777782 0.08000000000000024 0
4229 0.06493055555555566 0.08666666666666667 0
4230 0.06458333333333344 0.09333333333333343 0
4231 0.0642361111111111 0.1000000000000002 0
4232 0.06388888888888888 0.1066666666666669 0
4233 0.06354166666666661 0.1133333333333335 0
4234 0.06319444444444444 0.1200000000000002 0
4235 0.06284722222222217 0.1266666666666668 0
4236 0.0625 0.1333333333333336 0
4237 0.06215277777777778 0.1400000000000002 0
4238 0.0618055555555555 0.146666666666667 0
4239 0.06145833333333328 0.1533333333333335 0
4240 0.06111111111111106 0.1600000000000004 0
4241 0.06076388888888901 0.166666666666667 0
4242 0.06041666666666673 0.1733333333333337 0
4243 0.06006944444444462 0.1800000000000003 0
4244 0.05972222222222223 0.1866666666666669 0
4245 0.05937500000000001 0.1933333333333336 0
4246 0.05902777777777773 0.2000000000000003 0
4247 0.05868055555555562 0.2066666666666669 0
4248 0.05833333333333335 0.2133333333333337 0
4249 0.05798611111111113 0.2200000000000003 0
4250 0.05763888888888885 0.2266666666666671 0
4251 0.05729166666666674 0.2333333333333337 0
4252 0.05694444444444446 0.2400000000000003 0
4253 0.05659722222222224 0.246666666666667 0
4254 0.05625000000000013 0.2533333333333337 0
4255 0.0559027777777778 0.2600000000000003 0
4256 0.05555555555555558 0.2666666666666671 0
4257 0.05520833333333336 0.2733333333333337 0
4258 0.05486111111111119 0.2800000000000004 0
4259 0.05451388888888886 0.286666666666667 0
4260 0.0541666666666667 0.2933333333333336 0
4261 0.05381944444444448 0.3000000000000003 0
4262 0.05347222222222242 0.3066666666666669 0
4263 0.05312500000000009 0.3133333333333337 0
4264 0.05277777777777798 0.3200000000000003 0
4265 0.05243055555555559 0.3266666666666669 0
4266 0.05208333333333348 0.3333333333333336 0
4267 0.05173611111111115 0.3400000000000004 0
4268 0.05138888888888898 0.346666666666667 0
4269 0.0510416666666666 0.3533333333333336 0
4270 0.05069444444444449 0.3600000000000003 0
4271 0.05034722222222227 0.3666666666666669 0
4272 0.05000000000000004 0.3733333333333336 0
4273 0.04965277777777788 0.3800000000000002 0
4274 0.04930555555555566 0.3866666666666669 0
4275 0.04895833333333333 0.3933333333333336 0
4276 0.0486111111111111 0.4000000000000002 0
4277 0.04826388888888899 0.406666666666667 0
4278 0.04791666666666666 0.4133333333333336 0
4279 0.0475694444444445 0.4200000000000003 0
4280 0.04722222222222222 0.426666666666667 0
4281 0.04687500000000011 0.4333333333333336 0
4282 0.04652777777777783 0.4400000000000003 0
4283 0.04618055555555567 0.446666666666667 0
4284 0.04583333333333334 0.4533333333333337 0
4285 0.04548611111111112 0.4600000000000004 0
4286 0.04513888888888901 0.466666666666667 0
4287 0.04479166666666679 0.4733333333333337 0
4288 0.0444444444444444 0.4800000000000003 0
4289 0.04409722222222223 0.486666666666667 0
4290 0.04375000000000001 0.4933333333333337 0
4291 0.04340277777777785 0.5000000000000003 0
4292 0.04305555555555562 0.506666666666667 0
4293 0.04270833333333346 0.5133333333333336 0
4294 0.04236111111111113 0.5200000000000004 0
4295 0.04201388888888896 0.5266666666666671 0
4296 0.04166666666666669 0.5333333333333337 0
4297 0.04131944444444441 0.5400000000000003 0
4298 0.0409722222222223 0.546666666666667 0
4299 0.04062500000000013 0.5533333333333337 0
4300 0.0402777777777778 0.5600000000000003 0
4301 0.03993055555555558 0.566666666666667 0
4302 0.03958333333333341 0.5733333333333337 0
4303 0.03923611111111119 0.5800000000000003 0
4304 0.03888888888888892 0.5866666666666669 0
4305 0.03854166666666686 0.5933333333333336 0
4306 0.03819444444444453 0.6000000000000003 0
4307 0.03784722222222237 0.6066666666666669 0
4308 0.03750000000000009 0.6133333333333336 0
4309 0.03715277777777792 0.6200000000000003 0
4310 0.03680555555555559 0.6266666666666669 0
4311 0.03645833333333326 0.6333333333333335 0
4312 0.03611111111111115 0.6400000000000002 0
4313 0.03576388888888887 0.6466666666666669 0
4314 0.03541666666666671 0.6533333333333335 0
4315 0.03506944444444449 0.6600000000000004 0
4316 0.03472222222222227 0.6666666666666669 0
4317 0.03437500000000004 0.6733333333333336 0
4318 0.03402777777777788 0.6800000000000004 0
4319 0.0336805555555556 0.6866666666666668 0
4320 0.03333333333333344 0.6933333333333336 0
4321 0.0329861111111111 0.7000000000000002 0
4322 0.03263888888888899 0.7066666666666668 0
4323 0.03229166666666666 0.7133333333333335 0
4324 0.03194444444444461 0.7200000000000002 0
4325 0.03159722222222222 0.7266666666666668 0
4326 0.03125000000000011 0.7333333333333334 0
4327 0.03090277777777783 0.7400000000000002 0
4328 0.03055555555555567 0.7466666666666669 0
4329 0.03020833333333339 0.7533333333333334 0
4330 0.02986111111111123 0.7600000000000001 0
4331 0.0295138888888889 0.7666666666666668 0
4332 0.02916666666666684 0.7733333333333335 0
4333 0.02881944444444445 0.78 0
4334 0.02847222222222234 0.7866666666666668 0
4335 0.02812500000000007 0.7933333333333334 0
4336 0.05527777777777776 0.00666666666666671 0
4337 0.05499999999999999 0.01333333333333336 0
4338 0.05472222222222217 0.01999999999999996 0
4339 0.05444444444444446 0.02666666666666673 0
4340 0.05416666666666664 0.03333333333333349 0
4341 0.05388888888888876 0.04000000000000015 0
4342 0.05361111111111116 0.04666666666666675 0
4343 0.0533333333333334 0.05333333333333351 0
4344 0.05305555555555563 0.06000000000000016 0
4345 0.05277777777777776 0.0666666666666666 0
4346 0.05250000000000005 0.07333333333333353 0
4347 0.05222222222222217 0.08000000000000013 0
4348 0.05194444444444446 0.08666666666666684 0
4349 0.05166666666666664 0.09333333333333338 0
4350 0.05138888888888871 0.1000000000000001 0
4351 0.05111111111111116 0.106666666666667 0
4352 0.0508333333333334 0.1133333333333335 0
4353 0.05055555555555563 0.1200000000000002 0
4354 0.05027777777777775 0.1266666666666668 0
4355 0.04999999999999999 0.1333333333333336 0
4356 0.04972222222222222 0.1400000000000002 0
4357 0.0494444444444444 0.1466666666666669 0
4358 0.04916666666666664 0.1533333333333335 0
4359 0.04888888888888904 0.1600000000000004 0
4360 0.04861111111111116 0.166666666666667 0
4361 0.04833333333333339 0.1733333333333337 0
4362 0.04805555555555552 0.1800000000000004 0
4363 0.0477777777777777 0.186666666666667 0
4364 0.04750000000000004 0.1933333333333336 0
4365 0.04722222222222217 0.2000000000000003 0
4366 0.04694444444444451 0.206666666666667 0
4367 0.04666666666666663 0.2133333333333337 0
4368 0.04638888888888903 0.2200000000000004 0
4369 0.04611111111111121 0.2266666666666671 0
4370 0.04583333333333328 0.2333333333333337 0
4371 0.04555555555555563 0.2400000000000004 0
4372 0.04527777777777786 0.2466666666666671 0
4373 0.04500000000000004 0.2533333333333337 0
4374 0.04472222222222227 0.2600000000000003 0
4375 0.0444444444444444 0.2666666666666671 0
4376 0.04416666666666663 0.2733333333333338 0
4377 0.04388888888888887 0.2800000000000004 0
4378 0.04361111111111116 0.286666666666667 0
4379 0.04333333333333328 0.2933333333333337 0
4380 0.04305555555555562 0.3000000000000003 0
4381 0.0427777777777778 0.306666666666667 0
4382 0.04250000000000004 0.3133333333333336 0
4383 0.04222222222222216 0.3200000000000004 0
4384 0.04194444444444451 0.3266666666666669 0
4385 0.04166666666666663 0.3333333333333336 0
4386 0.04138888888888892 0.3400000000000003 0
4387 0.04111111111111115 0.3466666666666669 0
4388 0.04083333333333328 0.3533333333333336 0
4389 0.04055555555555568 0.3600000000000003 0
4390 0.04027777777777775 0.3666666666666669 0
4391 0.04000000000000015 0.3733333333333336 0
4392 0.03972222222222227 0.3800000000000002 0
4393 0.03944444444444439 0.3866666666666669 0
4394 0.03916666666666668 0.3933333333333336 0
4395 0.03888888888888892 0.4000000000000002 0
4396 0.03861111111111115 0.406666666666667 0
4397 0.03833333333333327 0.4133333333333336 0
4398 0.03805555555555568 0.4200000000000003 0
4399 0.0377777777777778 0.426666666666667 0
4400 0.03750000000000014 0.4333333333333336 0
4401 0.03722222222222227 0.4400000000000003 0
4402 0.0369444444444445 0.446666666666667 0
4403 0.03666666666666668 0.4533333333333337 0
4404 0.03638888888888903 0.4600000000000004 0
4405 0.03611111111111115 0.466666666666667 0
4406 0.03583333333333327 0.4733333333333337 0
4407 0.03555555555555567 0.4800000000000003 0
4408 0.0352777777777778 0.486666666666667 0
4409 0.03500000000000003 0.4933333333333338 0
4410 0.0347222222222221 0.5000000000000003 0
4411 0.03444444444444444 0.506666666666667 0
4412 0.03416666666666679 0.5133333333333336 0
4413 0.03388888888888891 0.5200000000000004 0
4414 0.03361111111111104 0.5266666666666671 0
4415 0.03333333333333338 0.5333333333333337 0
4416 0.03305555555555556 0.5400000000000004 0
4417 0.03277777777777779 0.546666666666667 0
4418 0.03250000000000003 0.5533333333333337 0
4419 0.0322222222222221 0.5600000000000004 0
4420 0.0319444444444445 0.5666666666666671 0
4421 0.03166666666666662 0.5733333333333337 0
4422 0.03138888888888891 0.5800000000000003 0
4423 0.03111111111111114 0.5866666666666669 0
4424 0.03083333333333332 0.5933333333333337 0
4425 0.03055555555555567 0.6000000000000003 0
4426 0.03027777777777779 0.6066666666666669 0
4427 0.03000000000000003 0.6133333333333337 0
4428 0.02972222222222221 0.6200000000000003 0
4429 0.02944444444444444 0.6266666666666669 0
4430 0.02916666666666673 0.6333333333333336 0
4431 0.02888888888888891 0.6400000000000003 0
4432 0.02861111111111103 0.6466666666666671 0
4433 0.02833333333333343 0.6533333333333337 0
4434 0.02805555555555556 0.6600000000000004 0
4435 0.02777777777777779 0.6666666666666669 0
4436 0.02750000000000002 0.6733333333333336 0
4437 0.0272222222222222 0.6800000000000003 0
4438 0.02694444444444449 0.6866666666666668 0
4439 0.02666666666666667 0.6933333333333336 0
4440 0.02638888888888891 0.7000000000000002 0
4441 0.02611111111111114 0.7066666666666669 0
4442 0.02583333333333332 0.7133333333333335 0
4443 0.02555555555555555 0.7200000000000002 0
4444 0.02527777777777779 0.7266666666666668 0
4445 0.02500000000000002 0.7333333333333334 0
4446 0.02472222222222226 0.7400000000000002 0
4447 0.02444444444444444 0.7466666666666669 0
4448 0.02416666666666673 0.7533333333333336 0
4449 0.0238888888888889 0.7600000000000002 0
4450 0.02361111111111108 0.7666666666666668 0
4451 0.02333333333333337 0.7733333333333335 0
4452 0.0230555555555555 0.7800000000000001 0
4453 0.02277777777777779 0.7866666666666668 0
4454 0.02250000000000002 0.7933333333333334 0
4455 0.04145833333333349 0.006666666666666654 0
4456 0.04125000000000006 0.01333333333333336 0
4457 0.04104166666666675 0.02000000000000007 0
4458 0.04083333333333339 0.02666666666666673 0
4459 0.04062500000000008 0.03333333333333349 0
4460 0.04041666666666677 0.04000000000000015 0
4461 0.04020833333333335 0.04666666666666675 0
4462 0.04000000000000004 0.05333333333333351 0
4463 0.03979166666666656 0.06000000000000016 0
4464 0.03958333333333341 0.06666666666666682 0
4465 0.0393750000000001 0.07333333333333347 0
4466 0.03916666666666674 0.08000000000000018 0
4467 0.03895833333333348 0.08666666666666667 0
4468 0.03875000000000006 0.09333333333333343 0
4469 0.03854166666666664 0.1000000000000001 0
4470 0.03833333333333339 0.1066666666666669 0
4471 0.03812500000000008 0.1133333333333336 0
4472 0.03791666666666671 0.1200000000000002 0
4473 0.03770833333333334 0.1266666666666668 0
4474 0.03749999999999998 0.1333333333333336 0
4475 0.03729166666666678 0.1400000000000002 0
4476 0.03708333333333347 0.146666666666667 0
4477 0.03687500000000005 0.1533333333333336 0
4478 0.03666666666666663 0.1600000000000004 0
4479 0.03645833333333331 0.166666666666667 0
4480 0.03625000000000012 0.1733333333333336 0
4481 0.03604166666666669 0.1800000000000004 0
4482 0.03583333333333344 0.186666666666667 0
4483 0.03562500000000013 0.1933333333333336 0
4484 0.03541666666666671 0.2000000000000004 0
4485 0.03520833333333345 0.206666666666667 0
4486 0.03500000000000014 0.2133333333333338 0
4487 0.03479166666666678 0.2200000000000004 0
4488 0.03458333333333341 0.226666666666667 0
4489 0.0343750000000001 0.2333333333333337 0
4490 0.03416666666666679 0.2400000000000004 0
4491 0.03395833333333331 0.2466666666666671 0
4492 0.03375000000000011 0.2533333333333338 0
4493 0.0335416666666668 0.2600000000000003 0
4494 0.03333333333333344 0.2666666666666672 0
4495 0.03312499999999996 0.2733333333333338 0
4496 0.03291666666666682 0.2800000000000004 0
4497 0.03270833333333339 0.286666666666667 0
4498 0.0325000000000002 0.2933333333333337 0
4499 0.03229166666666683 0.3000000000000004 0
4500 0.03208333333333341 0.306666666666667 0
4501 0.03187500000000015 0.3133333333333337 0
4502 0.03166666666666668 0.3200000000000004 0
4503 0.03145833333333342 0.3266666666666669 0
4504 0.03125000000000011 0.3333333333333336 0
4505 0.03104166666666663 0.3400000000000003 0
4506 0.03083333333333338 0.346666666666667 0
4507 0.03062500000000007 0.3533333333333336 0
4508 0.0304166666666667 0.3600000000000003 0
4509 0.03020833333333339 0.366666666666667 0
4510 0.03000000000000008 0.3733333333333336 0
4511 0.02979166666666672 0.3800000000000002 0
4512 0.02958333333333346 0.3866666666666669 0
4513 0.02937500000000021 0.3933333333333336 0
4514 0.02916666666666662 0.4000000000000002 0
4515 0.02895833333333331 0.406666666666667 0
4516 0.02875000000000016 0.4133333333333336 0
4517 0.02854166666666669 0.4200000000000003 0
4518 0.02833333333333349 0.426666666666667 0
4519 0.02812499999999996 0.4333333333333336 0
4520 0.0279166666666667 0.4400000000000003 0
4521 0.02770833333333339 0.446666666666667 0
4522 0.02750000000000014 0.4533333333333338 0
4523 0.02729166666666671 0.4600000000000004 0
4524 0.02708333333333335 0.4666666666666671 0
4525 0.0268750000000002 0.4733333333333337 0
4526 0.02666666666666667 0.4800000000000004 0
4527 0.02645833333333342 0.4866666666666671 0
4528 0.02625000000000005 0.4933333333333338 0
4529 0.02604166666666669 0.5000000000000004 0
4530 0.02583333333333337 0.506666666666667 0
4531 0.02562500000000012 0.5133333333333338 0
4532 0.0254166666666667 0.5200000000000004 0
4533 0.02520833333333333 0.5266666666666671 0
4534 0.02500000000000013 0.5333333333333337 0
4535 0.02479166666666677 0.5400000000000005 0
4536 0.02458333333333346 0.546666666666667 0
4537 0.02437500000000009 0.5533333333333337 0
4538 0.02416666666666673 0.5600000000000003 0
4539 0.0239583333333333 0.5666666666666671 0
4540 0.02375000000000005 0.5733333333333337 0
4541 0.02354166666666674 0.5800000000000003 0
4542 0.02333333333333337 0.5866666666666669 0
4543 0.02312499999999995 0.5933333333333337 0
4544 0.02291666666666681 0.6000000000000003 0
4545 0.02270833333333344 0.6066666666666669 0
4546 0.02250000000000002 0.6133333333333336 0
4547 0.02229166666666688 0.6200000000000003 0
4548 0.02208333333333351 0.6266666666666669 0
4549 0.02187500000000009 0.6333333333333336 0
4550 0.02166666666666683 0.6400000000000003 0
4551 0.02145833333333347 0.6466666666666671 0
4552 0.02125000000000016 0.6533333333333335 0
4553 0.02104166666666663 0.6600000000000004 0
4554 0.02083333333333348 0.6666666666666667 0
4555 0.02062500000000012 0.6733333333333336 0
4556 0.02041666666666664 0.6800000000000004 0
4557 0.02020833333333333 0.6866666666666668 0
4558 0.02000000000000013 0.6933333333333337 0
4559 0.01979166666666671 0.7000000000000002 0
4560 0.01958333333333334 0.7066666666666668 0
4561 0.01937500000000009 0.7133333333333336 0
4562 0.01916666666666678 0.7200000000000002 0
4563 0.01895833333333341 0.726666666666667 0
4564 0.01874999999999999 0.7333333333333334 0
4565 0.01854166666666685 0.7400000000000002 0
4566 0.01833333333333337 0.7466666666666669 0
4567 0.018125 0.7533333333333336 0
4568 0.01791666666666669 0.7600000000000002 0
4569 0.01770833333333344 0.7666666666666668 0
4570 0.01750000000000002 0.7733333333333334 0
4571 0.01729166666666671 0.78 0
4572 0.01708333333333345 0.7866666666666668 0
4573 0.01687500000000008 0.7933333333333334 0
4574 0.02763888888888894 0.006666666666666654 0
4575 0.02749999999999997 0.01333333333333331 0
4576 0.02736111111111117 0.02000000000000007 0
4577 0.0272222222222222 0.02666666666666678 0
4578 0.02708333333333329 0.03333333333333344 0
4579 0.02694444444444455 0.04000000000000015 0
4580 0.02680555555555569 0.0466666666666668 0
4581 0.02666666666666673 0.05333333333333345 0
4582 0.02652777777777798 0.06000000000000016 0
4583 0.02638888888888885 0.06666666666666682 0
4584 0.02625000000000005 0.07333333333333342 0
4585 0.02611111111111108 0.08000000000000018 0
4586 0.02597222222222223 0.08666666666666684 0
4587 0.02583333333333343 0.09333333333333332 0
4588 0.02569444444444446 0.1000000000000001 0
4589 0.0255555555555555 0.106666666666667 0
4590 0.02541666666666675 0.1133333333333337 0
4591 0.02527777777777779 0.1200000000000001 0
4592 0.02513888888888899 0.1266666666666669 0
4593 0.02500000000000002 0.1333333333333336 0
4594 0.02486111111111122 0.1400000000000001 0
4595 0.02472222222222226 0.146666666666667 0
4596 0.02458333333333346 0.1533333333333336 0
4597 0.0244444444444446 0.1600000000000004 0
4598 0.02430555555555569 0.166666666666667 0
4599 0.02416666666666689 0.1733333333333337 0
4600 0.02402777777777776 0.1800000000000003 0
4601 0.02388888888888885 0.186666666666667 0
4602 0.02375000000000005 0.1933333333333337 0
4603 0.02361111111111108 0.2000000000000004 0
4604 0.02347222222222228 0.2066666666666669 0
4605 0.02333333333333332 0.2133333333333338 0
4606 0.02319444444444441 0.2200000000000004 0
4607 0.02305555555555566 0.2266666666666672 0
4608 0.02291666666666664 0.2333333333333337 0
4609 0.02277777777777784 0.2400000000000004 0
4610 0.02263888888888888 0.246666666666667 0
4611 0.02250000000000008 0.2533333333333338 0
4612 0.02236111111111111 0.2600000000000005 0
4613 0.02222222222222237 0.2666666666666672 0
4614 0.02208333333333329 0.2733333333333338 0
4615 0.02194444444444443 0.2800000000000005 0
4616 0.02180555555555547 0.2866666666666671 0
4617 0.02166666666666683 0.2933333333333337 0
4618 0.02152777777777781 0.3000000000000004 0
4619 0.02138888888888896 0.306666666666667 0
4620 0.02125000000000005 0.3133333333333337 0
4621 0.02111111111111125 0.3200000000000004 0
4622 0.02097222222222228 0.3266666666666669 0
4623 0.02083333333333348 0.3333333333333337 0
4624 0.0206944444444444 0.3400000000000004 0
4625 0.02055555555555566 0.346666666666667 0
4626 0.02041666666666675 0.3533333333333337 0
4627 0.02027777777777784 0.3600000000000003 0
4628 0.02013888888888898 0.366666666666667 0
4629 0.01999999999999996 0.3733333333333337 0
4630 0.01986111111111116 0.3800000000000003 0
4631 0.01972222222222225 0.3866666666666669 0
4632 0.01958333333333334 0.3933333333333336 0
4633 0.01944444444444449 0.4000000000000002 0
4634 0.01930555555555563 0.406666666666667 0
4635 0.01916666666666672 0.4133333333333337 0
4636 0.01902777777777787 0.4200000000000004 0
4637 0.01888888888888884 0.426666666666667 0
4638 0.0187500000000001 0.4333333333333336 0
4639 0.01861111111111113 0.4400000000000003 0
4640 0.01847222222222233 0.446666666666667 0
4641 0.01833333333333337 0.4533333333333338 0
4642 0.01819444444444451 0.4600000000000004 0
4643 0.01805555555555549 0.466666666666667 0
4644 0.0179166666666668 0.4733333333333337 0
4645 0.01777777777777784 0.4800000000000003 0
4646 0.01763888888888893 0.4866666666666671 0
4647 0.01750000000000002 0.4933333333333338 0
4648 0.01736111111111122 0.5000000000000003 0
4649 0.01722222222222236 0.5066666666666672 0
4650 0.01708333333333334 0.5133333333333336 0
4651 0.01694444444444448 0.5200000000000004 0
4652 0.01680555555555557 0.5266666666666672 0
4653 0.01666666666666672 0.5333333333333338 0
4654 0.01652777777777792 0.5400000000000005 0
4655 0.01638888888888895 0.5466666666666671 0
4656 0.01625000000000004 0.5533333333333337 0
4657 0.01611111111111119 0.5600000000000003 0
4658 0.01597222222222233 0.5666666666666671 0
4659 0.01583333333333337 0.5733333333333337 0
4660 0.01569444444444451 0.5800000000000004 0
4661 0.0155555555555556 0.586666666666667 0
4662 0.01541666666666669 0.5933333333333337 0
4663 0.01527777777777783 0.6000000000000003 0
4664 0.01513888888888898 0.6066666666666669 0
4665 0.01500000000000012 0.6133333333333337 0
4666 0.01486111111111121 0.6200000000000003 0
4667 0.01472222222222225 0.626666666666667 0
4668 0.01458333333333328 0.6333333333333336 0
4669 0.01444444444444448 0.6400000000000002 0
4670 0.01430555555555568 0.6466666666666671 0
4671 0.01416666666666672 0.6533333333333337 0
4672 0.01402777777777781 0.6600000000000004 0
4673 0.0138888888888889 0.6666666666666669 0
4674 0.01374999999999998 0.6733333333333336 0
4675 0.01361111111111113 0.6800000000000003 0
4676 0.01347222222222233 0.6866666666666668 0
4677 0.01333333333333336 0.6933333333333336 0
4678 0.01319444444444445 0.7000000000000004 0
4679 0.01305555555555549 0.7066666666666669 0
4680 0.01291666666666669 0.7133333333333336 0
4681 0.01277777777777772 0.7200000000000002 0
4682 0.01263888888888892 0.726666666666667 0
4683 0.01250000000000001 0.7333333333333334 0
4684 0.0123611111111111 0.7400000000000002 0
4685 0.01222222222222225 0.7466666666666669 0
4686 0.01208333333333333 0.7533333333333334 0
4687 0.01194444444444454 0.7600000000000002 0
4688 0.01180555555555557 0.7666666666666668 0
4689 0.01166666666666666 0.7733333333333334 0
4690 0.0115277777777778 0.7800000000000002 0
4691 0.01138888888888889 0.786666666666667 0
4692 0.01125000000000004 0.7933333333333334 0
4693 0.01381944444444438 0.00666666666666671 0
4694 0.01374999999999998 0.01333333333333331 0
4695 0.01368055555555547 0.02000000000000007 0
4696 0.01361111111111096 0.02666666666666667 0
4697 0.01354166666666667 0.03333333333333349 0
4698 0.01347222222222222 0.04000000000000015 0
4699 0.01340277777777776 0.04666666666666669 0
4700 0.01333333333333325 0.05333333333333357 0
4701 0.01326388888888885 0.06000000000000011 0
4702 0.01319444444444456 0.06666666666666676 0
4703 0.01312500000000011 0.07333333333333353 0
4704 0.0130555555555556 0.08000000000000013 0
4705 0.0129861111111112 0.08666666666666684 0
4706 0.01291666666666663 0.09333333333333343 0
4707 0.01284722222222229 0.1000000000000002 0
4708 0.01277777777777772 0.106666666666667 0
4709 0.01270833333333332 0.1133333333333337 0
4710 0.01263888888888881 0.1200000000000002 0
4711 0.01256944444444436 0.1266666666666669 0
4712 0.01250000000000001 0.1333333333333336 0
4713 0.01243055555555544 0.1400000000000002 0
4714 0.01236111111111104 0.1466666666666669 0
4715 0.01229166666666665 0.1533333333333335 0
4716 0.01222222222222208 0.1600000000000005 0
4717 0.01215277777777785 0.166666666666667 0
4718 0.01208333333333345 0.1733333333333338 0
4719 0.01201388888888899 0.1800000000000003 0
4720 0.01194444444444442 0.1866666666666669 0
4721 0.01187499999999997 0.1933333333333337 0
4722 0.01180555555555557 0.2000000000000003 0
4723 0.01173611111111106 0.206666666666667 0
4724 0.01166666666666666 0.2133333333333338 0
4725 0.0115972222222222 0.2200000000000004 0
4726 0.01152777777777764 0.2266666666666672 0
4727 0.0114583333333334 0.2333333333333338 0
4728 0.01138888888888889 0.2400000000000004 0
4729 0.01131944444444433 0.2466666666666671 0
4730 0.01125000000000004 0.2533333333333338 0
4731 0.01118055555555553 0.2600000000000005 0
4732 0.01111111111111113 0.2666666666666672 0
4733 0.01104166666666667 0.2733333333333338 0
4734 0.01097222222222222 0.2800000000000004 0
4735 0.01090277777777771 0.2866666666666671 0
4736 0.01083333333333336 0.2933333333333338 0
4737 0.01076388888888896 0.3000000000000004 0
4738 0.01069444444444445 0.3066666666666671 0
4739 0.01062500000000011 0.3133333333333338 0
4740 0.01055555555555565 0.3200000000000004 0
4741 0.01048611111111103 0.326666666666667 0
4742 0.01041666666666674 0.3333333333333337 0
4743 0.01034722222222229 0.3400000000000004 0
4744 0.01027777777777777 0.346666666666667 0
4745 0.01020833333333337 0.3533333333333337 0
4746 0.01013888888888886 0.3600000000000004 0
4747 0.01006944444444446 0.366666666666667 0
4748 0.01000000000000012 0.3733333333333337 0
4749 0.009930555555555609 0.3800000000000003 0
4750 0.009861111111111209 0.3866666666666669 0
4751 0.009791666666666643 0.3933333333333336 0
4752 0.009722222222222243 0.4000000000000002 0
4753 0.009652777777777788 0.406666666666667 0
4754 0.009583333333333277 0.4133333333333337 0
4755 0.009513888888888877 0.4200000000000004 0
4756 0.009444444444444366 0.426666666666667 0
4757 0.009375000000000133 0.4333333333333336 0
4758 0.009305555555555567 0.4400000000000004 0
4759 0.009236111111111223 0.446666666666667 0
4760 0.009166666666666656 0.4533333333333338 0
4761 0.009097222222222145 0.4600000000000005 0
4762 0.009027777777777857 0.466666666666667 0
4763 0.008958333333333401 0.4733333333333337 0
4764 0.008888888888888891 0.4800000000000004 0
4765 0.008819444444444435 0.4866666666666671 0
4766 0.008749999999999925 0.4933333333333338 0
4767 0.008680555555555636 0.5000000000000003 0
4768 0.00861111111111118 0.506666666666667 0
4769 0.008541666666666503 0.5133333333333338 0
4770 0.008472222222222325 0.5200000000000005 0
4771 0.008402777777777759 0.5266666666666672 0
4772 0.008333333333333359 0.5333333333333338 0
4773 0.008263888888888904 0.5400000000000005 0
4774 0.00819444444444456 0.5466666666666671 0
4775 0.008124999999999938 0.5533333333333337 0
4776 0.008055555555555594 0.5600000000000003 0
4777 0.007986111111111305 0.5666666666666671 0
4778 0.007916666666666683 0.5733333333333338 0
4779 0.007847222222222339 0.5800000000000004 0
4780 0.007777777777777939 0.5866666666666669 0
4781 0.007708333333333373 0.5933333333333337 0
4782 0.007638888888888973 0.6000000000000003 0
4783 0.007569444444444517 0.6066666666666669 0
4784 0.007500000000000007 0.6133333333333337 0
4785 0.007430555555555496 0.6200000000000003 0
4786 0.007361111111111152 0.6266666666666669 0
4787 0.007291666666666752 0.6333333333333337 0
4788 0.007222222222222241 0.6400000000000003 0
4789 0.007152777777777952 0.6466666666666671 0
4790 0.00708333333333333 0.6533333333333337 0
4791 0.007013888888888986 0.6600000000000004 0
4792 0.006944444444444475 0.666666666666667 0
4793 0.00687500000000002 0.6733333333333336 0
4794 0.00680555555555562 0.6800000000000004 0
4795 0.006736111111111109 0.6866666666666669 0
4796 0.006666666666666654 0.6933333333333336 0
4797 0.00659722222222231 0.7000000000000002 0
4798 0.00652777777777791 0.7066666666666668 0
4799 0.006458333333333399 0.7133333333333336 0
4800 0.006388888888888999 0.7200000000000002 0
4801 0.006319444444444544 0.726666666666667 0
4802 0.006250000000000089 0.7333333333333335 0
4803 0.006180555555555634 0.7400000000000002 0
4804 0.006111111111111178 0.7466666666666669 0
4805 0.006041666666666667 0.7533333333333336 0
4806 0.005972222222222268 0.7600000000000001 0
4807 0.005902777777777757 0.7666666666666668 0
4808 0.005833333333333357 0.7733333333333335 0
4809 0.005763888888889124 0.7800000000000002 0
4810 0.005694444444444502 0.7866666666666668 0
4811 0.005624999999999991 0.7933333333333334 0
4812 0.005596552683438671 0.8055548688620751 0
4813 0.005637549811321751 0.8111097377241502 0
4814 0.005678546939204776 0.8166646065862253 0
4815 0.005719544067087856 0.8222194754483004 0
4816 0.005760541194970881 0.8277743443103753 0
4817 0.005801538322854072 0.8333292131724503 0
4818 0.005842535450737096 0.8388840820345255 0
4819 0.005883532578620176 0.8444389508966006 0
4820 0.005924529706503256 0.8499938197586756 0
4821 0.005965526834386503 0.8555486886207508 0
4822 0.006006523962269417 0.8611035574828257 0
4823 0.006047521090152441 0.8666584263449009 0
4824 0.006088518218035521 0.8722132952069759 0
4825 0.006129515345918601 0.8777681640690509 0
4826 0.006170512473801681 0.8833230329311259 0
4827 0.006211509601684873 0.8888779017932013 0
4828 0.006252506729567953 0.8944327706552762 0
4829 0.006293503857450755 0.8999876395173513 0
4830 0.006334500985333891 0.9055425083794262 0
4831 0.006375498113216915 0.9110973772415014 0
4832 0.006416495241100106 0.9166522461035763 0
4833 0.006457492368983131 0.9222071149656514 0
4834 0.006498489496866211 0.9277619838277266 0
4835 0.006539486624749291 0.9333168526898016 0
4836 0.006580483752632427 0.9388717215518767 0
4837 0.006621480880515451 0.9444265904139517 0
4838 0.006662478008398531 0.9499814592760271 0
4839 0.006703475136281556 0.9555363281381019 0
4840 0.006744472264164636 0.961091197000177 0
4841 0.006785469392047661 0.966646065862252 0
4842 0.006826466519930741 0.9722009347243271 0
4843 0.006867463647813821 0.9777558035864022 0
4844 0.006908460775697012 0.9833106724484771 0
4845 0.006949457903580092 0.9888655413105522 0
4846 0.006990455031463116 0.9944204101726273 0
4847 0.01119309570997257 0.8055528088155852 0
4848 0.01127508030883401 0.8111056176311702 0
4849 0.01135706490769522 0.8166584264467552 0
4850 0.01143904950655678 0.8222112352623403 0
4851 0.0115210341054181 0.8277640440779254 0
4852 0.01160301870427966 0.8333168528935102 0
4853 0.01168500330314109 0.8388696617090953 0
4854 0.01176698790200231 0.8444224705246804 0
4855 0.01184897250086375 0.8499752793402655 0
4856 0.01193095709972514 0.8555280881558506 0
4857 0.01201294169858663 0.8610808969714355 0
4858 0.01209492629744802 0.8666337057870206 0
4859 0.01217691089630946 0.8721865146026058 0
4860 0.01225889549517095 0.8777393234181906 0
4861 0.01234088009403228 0.8832921322337758 0
4862 0.01242286469289361 0.8888449410493607 0
4863 0.01250484929175505 0.8943977498649458 0
4864 0.01258683389061649 0.899950558680531 0
4865 0.01266881848947787 0.9055033674961159 0
4866 0.01275080308833926 0.911056176311701 0
4867 0.01283278768720059 0.9166089851272859 0
4868 0.01291477228606214 0.922161793942871 0
4869 0.01299675688492358 0.9277146027584561 0
4870 0.01307874148378479 0.9332674115740413 0
4871 0.01316072608264635 0.938820220389626 0
4872 0.01324271068150773 0.9443730292052112 0
4873 0.01332469528036911 0.9499258380207964 0
4874 0.01340667987923055 0.9554786468363814 0
4875 0.01348866447809199 0.9610314556519665 0
4876 0.01357064907695332 0.9665842644675513 0
4877 0.01365263367581476 0.9721370732831364 0
4878 0.0137346182746762 0.9776898820987214 0
4879 0.01381660287353764 0.9832426909143065 0
4880 0.01389858747239897 0.9887954997298916 0
4881 0.01398057207126047 0.9943483085454766 0
4882 0.01678961942317458 0.8055493755179381 0
4883 0.01691257217968239 0.8110987510358764 0
4884 0.01703552493619015 0.8166481265538146 0
4885 0.01715847769269796 0.8221975020717528 0
4886 0.0172814304492056 0.8277468775896909 0
4887 0.01740438320571353 0.8332962531076289 0
4888 0.01752733596222122 0.8388456286255672 0
4889 0.01765028871872915 0.8443950041435054 0
4890 0.01777324147523696 0.8499443796614435 0
4891 0.01789619423174477 0.8554937551793819 0
4892 0.01801914698825235 0.8610431306973199 0
4893 0.01814209974476022 0.8665925062152582 0
4894 0.0182650525012682 0.8721418817331962 0
4895 0.0183880052577759 0.8776912572511344 0
4896 0.01851095801428376 0.8832406327690726 0
4897 0.01863391077079152 0.8887900082870108 0
4898 0.01875686352729927 0.8943393838049489 0
4899 0.01887981628380703 0.8998887593228873 0
4900 0.01900276904031484 0.9054381348408254 0
4901 0.01912572179682265 0.9109875103587636 0
4902 0.01924867455333057 0.9165368858767017 0
4903 0.01937162730983827 0.92208626139464 0
4904 0.01949458006634613 0.9276356369125781 0
4905 0.01961753282285389 0.9331850124305164 0
4906 0.01974048557936164 0.9387343879484542 0
4907 0.0198634383358694 0.9442837634663926 0
4908 0.01998639109237732 0.9498331389843309 0
4909 0.02010934384888502 0.9553825145022687 0
4910 0.02023229660539289 0.9609318900202071 0
4911 0.0203552493619007 0.9664812655381453 0
4912 0.02047820211840851 0.9720306410560833 0
4913 0.02060115487491626 0.9775800165740216 0
4914 0.02072410763142402 0.9831293920919598 0
4915 0.02084706038793194 0.9886787676098979 0
4916 0.02097001314443964 0.994228143127836 0
4917 0.02238611416757219 0.8055445691388834 0
4918 0.02255000611292191 0.8110891382777666 0
4919 0.02271389805827179 0.8166337074166499 0
4920 0.0228777900036215 0.8221782765555333 0
4921 0.02304168194897133 0.8277228456944166 0
4922 0.02320557389432121 0.8332674148332999 0
4923 0.02336946583967103 0.8388119839721833 0
4924 0.0235333577850208 0.8443565531110665 0
4925 0.02369724973037068 0.84990112224995 0
4926 0.02386114167572057 0.8554456913888332 0
4927 0.02402503362107039 0.8609902605277164 0
4928 0.02418892556642011 0.8665348296665998 0
4929 0.02435281751176993 0.8720793988054831 0
4930 0.02451670945711987 0.8776239679443663 0
4931 0.0246806014024698 0.8831685370832498 0
4932 0.02484449334781946 0.888713106222133 0
4933 0.02500838529316934 0.8942576753610163 0
4934 0.02517227723851906 0.8998022444998997 0
4935 0.02533616918386894 0.905346813638783 0
4936 0.02550006112921877 0.9108913827776661 0
4937 0.02566395307456865 0.9164359519165496 0
4938 0.02582784501991847 0.9219805210554329 0
4939 0.0259917369652683 0.9275250901943161 0
4940 0.02615562891061807 0.9330696593331995 0
4941 0.02631952085596789 0.9386142284720829 0
4942 0.02648341280131772 0.9441587976109661 0
4943 0.0266473047466676 0.9497033667498495 0
4944 0.02681119669201731 0.9552479358887328 0
4945 0.02697508863736725 0.9607925050276162 0
4946 0.02713898058271702 0.9663370741664993 0
4947 0.0273028725280669 0.9718816433053827 0
4948 0.02746676447341667 0.9774262124442662 0
4949 0.0276306564187665 0.9829707815831492 0
4950 0.02779454836411632 0.9885153507220327 0
4951 0.0279584403094662 0.9940599198609159 0
4952 0.02798257028912532 0.8055383899160571 0
4953 0.02818736280047274 0.8110767798321141 0
4954 0.02839215531182021 0.8166151697481714 0
4955 0.02859694782316763 0.8221535596642284 0
4956 0.02880174033451521 0.8276919495802856 0
4957 0.02900653284586252 0.8332303394963427 0
4958 0.02921132535720999 0.8387687294123998 0
4959 0.02941611786855752 0.844307119328457 0
4960 0.02962091037990494 0.8498455092445142 0
4961 0.02982570289125236 0.8553838991605713 0
4962 0.03003049540259978 0.8609222890766284 0
4963 0.0302352879139472 0.8664606789926854 0
4964 0.03044008042529472 0.8719990689087427 0
4965 0.03064487293664214 0.8775374588247997 0
4966 0.03084966544798967 0.8830758487408568 0
4967 0.03105445795933709 0.888614238656914 0
4968 0.03125925047068451 0.894152628572971 0
4969 0.03146404298203198 0.8996910184890282 0
4970 0.03166883549337934 0.9052294084050853 0
4971 0.03187362800472687 0.9107677983211424 0
4972 0.03207842051607435 0.9163061882371996 0
4973 0.03228321302742171 0.9218445781532566 0
4974 0.03248800553876929 0.9273829680693136 0
4975 0.0326927980501166 0.9329213579853709 0
4976 0.03289759056146407 0.9384597479014277 0
4977 0.03310238307281155 0.9439981378174852 0
4978 0.03330717558415908 0.9495365277335424 0
4979 0.03351196809550644 0.9550749176495993 0
4980 0.03371676060685391 0.9606133075656565 0
4981 0.03392155311820133 0.9661516974817136 0
4982 0.03412634562954886 0.9716900873977709 0
4983 0.03433113814089633 0.9772284773138278 0
4984 0.0345359306522437 0.9827668672298849 0
4985 0.03474072316359111 0.9883052571459421 0
4986 0.03494551567493859 0.993843647061999 0
4987 0.03357897813570349 0.8055308381549724 0
4988 0.0338246229380737 0.8110616763099445 0
4989 0.03407026774044364 0.8165925144649169 0
4990 0.0343159125428138 0.8221233526198892 0
4991 0.0345615573451839 0.8276541907748616 0
4992 0.03480720214755395 0.8331850289298339 0
4993 0.03505284694992422 0.8387158670848062 0
4994 0.03529849175229416 0.8442467052397784 0
4995 0.03554413655466443 0.8497775433947508 0
4996 0.03578978135703459 0.8553083815497232 0
4997 0.03603542615940464 0.8608392197046955 0
4998 0.03628107096177474 0.8663700578596678 0
4999 0.0365267157641449 0.87190089601464 0
5000 0.03677236056651501 0.8774317341696123 0
5001 0.03701800536888517 0.8829625723245846 0
5002 0.03726365017125516 0.8884934104795569 0
5003 0.03750929497362526 0.8940242486345293 0
5004 0.03775493977599537 0.8995550867895016 0
5005 0.03800058457836542 0.9050859249444739 0
5006 0.03824622938073569 0.9106167630994461 0
5007 0.03849187418310568 0.9161476012544185 0
5008 0.03873751898547578 0.9216784394093909 0
5009 0.03898316378784594 0.9272092775643632 0
5010 0.03922880859021599 0.9327401157193352 0
5011 0.03947445339258615 0.9382709538743076 0
5012 0.03972009819495631 0.9438017920292799 0
5013 0.03996574299732647 0.9493326301842525 0
5014 0.04021138779969657 0.9548634683392246 0
5015 0.04045703260206662 0.960394306494197 0
5016 0.04070267740443673 0.965925144649169 0
5017 0.04094832220680689 0.9714559828041414 0
5018 0.04119396700917693 0.9769868209591138 0
5019 0.04143961181154698 0.9825176591140863 0
5020 0.04168525661391714 0.9880484972690583 0
5021 0.04193090141628725 0.9935793354240308 0
5022 0.0391753280575633 0.8055219142290025 0
5023 0.03946176722623729 0.811043828458005 0
5024 0.0397482063949115 0.8165657426870077 0
5025 0.04003464556358566 0.8220876569160103 0
5026 0.04032108473225987 0.8276095711450124 0
5027 0.04060752390093408 0.8331314853740152 0
5028 0.04089396306960791 0.8386533996030177 0
5029 0.04118040223828229 0.8441753138320203 0
5030 0.04146684140695633 0.8496972280610227 0
5031 0.0417532805756306 0.8552191422900252 0
5032 0.0420397197443047 0.8607410565190277 0
5033 0.04232615891297892 0.8662629707480303 0
5034 0.04261259808165307 0.8717848849770328 0
5035 0.04289903725032723 0.8773067992060352 0
5036 0.04318547641900145 0.8828287134350377 0
5037 0.04347191558767555 0.8883506276640403 0
5038 0.04375835475634987 0.8938725418930428 0
5039 0.04404479392502381 0.8993944561220452 0
5040 0.04433123309369796 0.9049163703510478 0
5041 0.04461767226237218 0.9104382845800503 0
5042 0.04490411143104639 0.9159601988090528 0
5043 0.04519055059972049 0.9214821130380554 0
5044 0.0454769897683947 0.9270040272670578 0
5045 0.04576342893706881 0.9325259414960605 0
5046 0.04604986810574296 0.9380478557250629 0
5047 0.04633630727441712 0.9435697699540654 0
5048 0.04662274644309122 0.949091684183068 0
5049 0.04690918561176544 0.9546135984120703 0
5050 0.04719562478043965 0.9601355126410729 0
5051 0.04748206394911375 0.9656574268700756 0
5052 0.04776850311778796 0.971179341099078 0
5053 0.04805494228646212 0.9767012553280806 0
5054 0.04834138145513628 0.9822231695570829 0
5055 0.04862782062381038 0.9877450837860854 0
5056 0.04891425979248459 0.993266998015088 0
5057 0.04477161040782435 0.8055116185793638 0
5058 0.04509877637120391 0.8110232371587278 0
5059 0.04542594233458375 0.8165348557380916 0
5060 0.04575310829796359 0.8220464743174556 0
5061 0.04608027426134337 0.8275580928968195 0
5062 0.0464074402247231 0.8330697114761833 0
5063 0.04673460618810293 0.8385813300555471 0
5064 0.04706177215148255 0.8440929486349109 0
5065 0.04738893811486244 0.8496045672142749 0
5066 0.04771610407824217 0.8551161857936389 0
5067 0.0480432700416219 0.8606278043730027 0
5068 0.04837043600500163 0.8661394229523666 0
5069 0.04869760196838147 0.8716510415317305 0
5070 0.04902476793176119 0.8771626601110942 0
5071 0.04935193389514086 0.8826742786904581 0
5072 0.04967909985852065 0.888185897269822 0
5073 0.05000626582190049 0.8936975158491859 0
5074 0.05033343178528032 0.8992091344285499 0
5075 0.05066059774865994 0.9047207530079137 0
5076 0.05098776371203984 0.9102323715872774 0
5077 0.05131492967541956 0.9157439901666413 0
5078 0.05164209563879935 0.9212556087460052 0
5079 0.05196926160217907 0.9267672273253692 0
5080 0.05229642756555875 0.932278845904733 0
5081 0.05262359352893858 0.937790464484097 0
5082 0.05295075949231837 0.9433020830634609 0
5083 0.05327792545569815 0.9488137016428246 0
5084 0.05360509141907793 0.9543253202221884 0
5085 0.05393225738245766 0.9598369388015525 0
5086 0.05425942334583739 0.9653485573809162 0
5087 0.05458658930921728 0.9708601759602801 0
5088 0.05491375527259695 0.9763717945396441 0
5089 0.05524092123597663 0.9818834131190081 0
5090 0.05556808719935652 0.9873950316983718 0
5091 0.05589525316273614 0.9929066502777355 0
5092 0.05036781554294822 0.8054999517150931 0
5093 0.05073563108589624 0.8109999034301864 0
5094 0.05110344662884442 0.8164998551452795 0
5095 0.05147126217179221 0.8219998068603728 0
5096 0.05183907771474039 0.827499758575466 0
5097 0.0522068932576884 0.8329997102905591 0
5098 0.05257470880063647 0.8384996620056522 0
5099 0.05294252434358454 0.8439996137207455 0
5100 0.0533103398865325 0.8494995654358386 0
5101 0.05367815542948057 0.8549995171509319 0
5102 0.05404597097242853 0.8604994688660251 0
5103 0.05441378651537665 0.8659994205811182 0
5104 0.05478160205832477 0.8714993722962113 0
5105 0.05514941760127279 0.8769993240113045 0
5106 0.05551723314422069 0.8824992757263976 0
5107 0.05588504868716876 0.8879992274414911 0
5108 0.05625286423011688 0.8934991791565842 0
5109 0.05662067977306484 0.8989991308716773 0
5110 0.05698849531601297 0.9044990825867705 0
5111 0.05735631085896103 0.9099990343018637 0
5112 0.0577241264019091 0.9154989860169567 0
5113 0.05809194194485701 0.92099893773205 0
5114 0.05845975748780508 0.9264988894471432 0
5115 0.05882757303075309 0.9319988411622363 0
5116 0.05919538857370116 0.9374987928773294 0
5117 0.05956320411664923 0.9429987445924227 0
5118 0.0599310196595973 0.948498696307516 0
5119 0.06029883520254531 0.9539986480226089 0
5120 0.06066665074549338 0.9594985997377021 0
5121 0.06103446628844139 0.9649985514527954 0
5122 0.06140228183138946 0.9704985031678887 0
5123 0.06177009737433753 0.9759984548829816 0
5124 0.06213791291728554 0.9814984065980749 0
5125 0.06250572846023356 0.9869983583131683 0
5126 0.06287354400318163 0.9924983100282613 0
5127 0.05596393382321346 0.8054869142130228 0
5128 0.05637231209087118 0.8109738284260455 0
5129 0.0567806903585289 0.8164607426390681 0
5130 0.05718906862618661 0.8219476568520909 0
5131 0.05759744689384433 0.8274345710651136 0
5132 0.05800582516150204 0.8329214852781364 0
5133 0.05841420342915987 0.8384083994911591 0
5134 0.05882258169681764 0.8438953137041818 0
5135 0.0592309599644753 0.8493822279172045 0
5136 0.05963933823213302 0.8548691421302272 0
5137 0.06004771649979074 0.8603560563432501 0
5138 0.06045609476744845 0.8658429705562728 0
5139 0.06086447303510617 0.8713298847692954 0
5140 0.06127285130276394 0.8768167989823182 0
5141 0.0616812295704216 0.8823037131953408 0
5142 0.06208960783807954 0.8877906274083637 0
5143 0.0624979861057372 0.8932775416213865 0
5144 0.06290636437339486 0.8987644558344091 0
5145 0.06331474264105258 0.9042513700474318 0
5146 0.06372312090871024 0.9097382842604547 0
5147 0.06413149917636812 0.9152251984734774 0
5148 0.06453987744402573 0.9207121126865002 0
5149 0.06494825571168361 0.9261990268995229 0
5150 0.06535663397934127 0.9316859411125454 0
5151 0.06576501224699899 0.9371728553255683 0
5152 0.0661733905146567 0.942659769538591 0
5153 0.06658176878231442 0.9481466837516138 0
5154 0.06699014704997219 0.9536335979646363 0
5155 0.06739852531762985 0.959120512177659 0
5156 0.06780690358528763 0.9646074263906819 0
5157 0.0682152818529454 0.9700943406037047 0
5158 0.06862366012060322 0.9755812548167272 0
5159 0.06903203838826094 0.9810681690297501 0
5160 0.06944041665591855 0.9865550832427729 0
5161 0.06984879492357632 0.9920419974557955 0
5162 0.061559955613193 0.8054725067177518 0
5163 0.06200880011527476 0.8109450134355036 0
5164 0.0624576446173567 0.8164175201532553 0
5165 0.06290648911943858 0.8218900268710072 0
5166 0.06335533362152029 0.8273625335887591 0
5167 0.06380417812360228 0.8328350403065107 0
5168 0.06425302262568394 0.8383075470242625 0
5169 0.06470186712776577 0.8437800537420144 0
5170 0.06515071162984754 0.8492525604597662 0
5171 0.06559955613192947 0.8547250671775179 0
5172 0.0660484006340113 0.8601975738952697 0
5173 0.06649724513609301 0.8656700806130215 0
5174 0.06694608963817483 0.8711425873307733 0
5175 0.06739493414025671 0.8766150940485251 0
5176 0.06784377864233854 0.8820876007662769 0
5177 0.06829262314442036 0.8875601074840288 0
5178 0.06874146764650219 0.8930326142017806 0
5179 0.06919031214858384 0.8985051209195323 0
5180 0.06963915665066578 0.9039776276372841 0
5181 0.07008800115274755 0.9094501343550359 0
5182 0.07053684565482937 0.9149226410727874 0
5183 0.07098569015691131 0.9203951477905395 0
5184 0.07143453465899313 0.9258676545082912 0
5185 0.07188337916107485 0.9313401612260431 0
5186 0.07233222366315673 0.9368126679437948 0
5187 0.07278106816523855 0.9422851746615465 0
5188 0.07322991266732032 0.9477576813792984 0
5189 0.07367875716940214 0.9532301880970502 0
5190 0.07412760167148397 0.9587026948148019 0
5191 0.07457644617356579 0.9641752015325536 0
5192 0.07502529067564762 0.9696477082503056 0
5193 0.07547413517772938 0.9751202149680575 0
5194 0.07592297967981104 0.9805927216858091 0
5195 0.07637182418189298 0.9860652284035609 0
5196 0.0768206686839748 0.9915377351213127 0
5197 0.06715587128223088 0.8054567299416147 0
5198 0.06764507589779495 0.8109134598832296 0
5199 0.06813428051335896 0.8163701898248442 0
5200 0.06862348512892297 0.8218269197664591 0
5201 0.06911268974448703 0.8272836497080738 0
5202 0.06960189436005099 0.8327403796496885 0
5203 0.070091098975615 0.8381971095913031 0
5204 0.07058030359117923 0.8436538395329181 0
5205 0.07106950820674313 0.8491105694745327 0
5206 0.07155871282230719 0.8545672994161476 0
5207 0.07204791743787126 0.8600240293577623 0
5208 0.07253712205343527 0.865480759299377 0
5209 0.07302632666899928 0.8709374892409918 0
5210 0.0735155312845634 0.8763942191826065 0
5211 0.07400473590012729 0.8818509491242212 0
5212 0.07449394051569141 0.887307679065836 0
5213 0.07498314513125542 0.8927644090074507 0
5214 0.07547234974681966 0.8982211389490655 0
5215 0.07596155436238367 0.9036778688906801 0
5216 0.07645075897794756 0.909134598832295 0
5217 0.07693996359351152 0.9145913287739097 0
5218 0.07742916820907569 0.9200480587155245 0
5219 0.0779183728246397 0.9255047886571394 0
5220 0.07840757744020366 0.9309615185987542 0
5221 0.07889678205576772 0.9364182485403687 0
5222 0.07938598667133179 0.9418749784819833 0
5223 0.07987519128689585 0.9473317084235984 0
5224 0.08036439590245986 0.952788438365213 0
5225 0.08085360051802393 0.9582451683068278 0
5226 0.08134280513358799 0.9637018982484425 0
5227 0.081832009749152 0.9691586281900572 0
5228 0.08232121436471612 0.9746153581316718 0
5229 0.08281041898028013 0.9800720880732868 0
5230 0.08329962359584409 0.9855288180149013 0
5231 0.08378882821140826 0.9909855479565162 0
5232 0.07275167120491721 0.8054395846646459 0
5233 0.07328112018761213 0.8108791693292917 0
5234 0.07381056917030687 0.8163187539939376 0
5235 0.07434001815300179 0.8217583386585835 0
5236 0.07486946713569659 0.8271979233232294 0
5237 0.07539891611839145 0.8326375079878752 0
5238 0.07592836510108641 0.8380770926525212 0
5239 0.07645781408378122 0.843516677317167 0
5240 0.07698726306647607 0.8489562619818128 0
5241 0.07751671204917093 0.8543958466464587 0
5242 0.07804616103186562 0.8598354313111046 0
5243 0.0785756100145607 0.8652750159757504 0
5244 0.07910505899725545 0.8707146006403963 0
5245 0.07963450797995025 0.8761541853050423 0
5246 0.08016395696264517 0.881593769969688 0
5247 0.08069340594534008 0.887033354634334 0
5248 0.08122285492803494 0.8924729392989799 0
5249 0.08175230391072968 0.8979125239636255 0
5250 0.08228175289342454 0.9033521086282716 0
5251 0.0828112018761194 0.9087916932929173 0
5252 0.08334065085881426 0.9142312779575633 0
5253 0.08387009984150912 0.9196708626222092 0
5254 0.08439954882420403 0.925110447286855 0
5255 0.08492899780689883 0.9305500319515009 0
5256 0.08545844678959374 0.9359896166161469 0
5257 0.08598789577228855 0.9414292012807925 0
5258 0.08651734475498335 0.9468687859454386 0
5259 0.0870467937376781 0.9523083706100844 0
5260 0.08757624272037318 0.9577479552747302 0
5261 0.08810569170306792 0.9631875399393762 0
5262 0.08863514068576267 0.9686271246040221 0
5263 0.08916458966845764 0.9740667092686676 0
5264 0.0896940386511525 0.9795062939333137 0
5265 0.09022348763384735 0.9849458785979596 0
5266 0.0907529366165421 0.9903854632626053 0
5267 0.07834734576156549 0.8054210717345408 0
5268 0.07891691374535298 0.8108421434690816 0
5269 0.07948648172914058 0.8162632152036222 0
5270 0.08005604971292818 0.8216842869381631 0
5271 0.08062561769671561 0.8271053586727037 0
5272 0.08119518568050321 0.8325264304072445 0
5273 0.08176475366429053 0.8379475021417853 0
5274 0.08233432164807819 0.8433685738763259 0
5275 0.08290388963186579 0.8487896456108666 0
5276 0.08347345761565333 0.8542107173454075 0
5277 0.08404302559944088 0.8596317890799483 0
5278 0.08461259358322842 0.865052860814489 0
5279 0.08518216156701591 0.8704739325490298 0
5280 0.08575172955080351 0.8758950042835705 0
5281 0.08632129753459106 0.8813160760181111 0
5282 0.08689086551837855 0.886737147752652 0
5283 0.08746043350216604 0.8921582194871929 0
5284 0.08803000148595358 0.8975792912217335 0
5285 0.08859956946974118 0.9030003629562743 0
5286 0.08916913745352867 0.908421434690815 0
5287 0.08973870543731621 0.9138425064253557 0
5288 0.09030827342110376 0.9192635781598966 0
5289 0.0908778414048913 0.9246846498944373 0
5290 0.09144740938867885 0.9301057216289781 0
5291 0.09201697737246634 0.9355267933635186 0
5292 0.09258654535625394 0.9409478650980594 0
5293 0.09315611334004154 0.9463689368326004 0
5294 0.09372568132382914 0.9517900085671408 0
5295 0.09429524930761662 0.9572110803016818 0
5296 0.09486481729140411 0.9626321520362225 0
5297 0.0954343852751916 0.9680532237707631 0
5298 0.09600395325897915 0.9734742955053038 0
5299 0.09657352124276669 0.9788953672398446 0
5300 0.09714308922655429 0.9843164389743854 0
5301 0.09771265721034178 0.9897375107089261 0
5302 0.08394288533868693 0.8054011920666142 0
5303 0.08455243734404067 0.8108023841332288 0
5304 0.08516198934939434 0.8162035761998432 0
5305 0.08577154135474802 0.8216047682664576 0
5306 0.08638109336010169 0.8270059603330719 0
5307 0.0869906453654552 0.8324071523996863 0
5308 0.08760019737080887 0.8378083444663006 0
5309 0.08820974937616244 0.8432095365329152 0
5310 0.08881930138151606 0.8486107285995295 0
5311 0.08942885338686973 0.8540119206661441 0
5312 0.09003840539222341 0.8594131127327584 0
5313 0.09064795739757697 0.8648143047993727 0
5314 0.09125750940293059 0.8702154968659872 0
5315 0.09186706140828438 0.8756166889326015 0
5316 0.09247661341363789 0.881017880999216 0
5317 0.09308616541899145 0.8864190730658303 0
5318 0.09369571742434507 0.8918202651324447 0
5319 0.09430526942969869 0.8972214571990591 0
5320 0.09491482143505242 0.9026226492656736 0
5321 0.09552437344040604 0.9080238413322879 0
5322 0.09613392544575966 0.9134250333989024 0
5323 0.09674347745111328 0.9188262254655168 0
5324 0.0973530294564669 0.9242274175321312 0
5325 0.09796258146182052 0.9296286095987453 0
5326 0.09857213346717414 0.9350298016653599 0
5327 0.09918168547252776 0.9404309937319743 0
5328 0.09979123747788149 0.9458321857985886 0
5329 0.1004007894832351 0.9512333778652032 0
5330 0.1010103414885887 0.9566345699318174 0
5331 0.1016198934939423 0.9620357619984319 0
5332 0.102229445499296 0.9674369540650463 0
5333 0.1028389975046496 0.9728381461316606 0
5334 0.1034485495100033 0.9782393381982751 0
5335 0.1040581015153569 0.9836405302648893 0
5336 0.1046676535207106 0.9890417223315039 0
5337 0.08953828032946726 0.8053799466437559 0
5338 0.09018767177004577 0.810759893287512 0
5339 0.09083706321062407 0.8161398399312678 0
5340 0.09148645465120236 0.8215197865750239 0
5341 0.09213584609178099 0.8268997332187797 0
5342 0.09278523753235934 0.8322796798625358 0
5343 0.09343462897293775 0.8376596265062919 0
5344 0.09408402041351605 0.8430395731500477 0
5345 0.09473341185409434 0.8484195197938036 0
5346 0.0953828032946728 0.8537994664375597 0
5347 0.0960321947352511 0.8591794130813157 0
5348 0.09668158617582956 0.8645593597250716 0
5349 0.09733097761640802 0.8699393063688274 0
5350 0.09798036905698637 0.8753192530125836 0
5351 0.09862976049756472 0.8806991996563396 0
5352 0.09927915193814302 0.8860791463000955 0
5353 0.09992854337872153 0.8914590929438515 0
5354 0.1005779348192998 0.8968390395876074 0
5355 0.1012273262598783 0.9022189862313633 0
5356 0.1018767177004567 0.9075989328751193 0
5357 0.102526109141035 0.9129788795188752 0
5358 0.1031755005816133 0.9183588261626313 0
5359 0.1038248920221919 0.9237387728063872 0
5360 0.1044742834627702 0.9291187194501431 0
5361 0.1051236749033486 0.934498666093899 0
5362 0.105773066343927 0.9398786127376552 0
5363 0.1064224577845054 0.9452585593814112 0
5364 0.1070718492250837 0.950638506025167 0
5365 0.107721240665662 0.956018452668923 0
5366 0.1083706321062405 0.961398399312679 0
5367 0.1090200235468189 0.9667783459564349 0
5368 0.1096694149873972 0.9721582926001908 0
5369 0.1103188064279756 0.9775382392439469 0
5370 0.1109681978685541 0.9829181858877027 0
5371 0.1116175893091324 0.9882981325314586 0
5372 0.09513352113424006 0.8053573365163802 0
5373 0.09582259782403574 0.8107146730327603 0
5374 0.09651167451383136 0.8160720095491405 0
5375 0.09720075120362687 0.8214293460655208 0
5376 0.09788982789342243 0.826786682581901 0
5377 0.09857890458321811 0.8321440190982812 0
5378 0.09926798127301373 0.8375013556146613 0
5379 0.09995705796280929 0.8428586921310416 0
5380 0.1006461346526049 0.8482160286474215 0
5381 0.1013352113424005 0.8535733651638019 0
5382 0.102024288032196 0.8589307016801822 0
5383 0.1027133647219917 0.8642880381965622 0
5384 0.1034024414117873 0.8696453747129425 0
5385 0.104091518101583 0.8750027112293226 0
5386 0.1047805947913785 0.8803600477457029 0
5387 0.1054696714811741 0.8857173842620831 0
5388 0.1061587481709698 0.8910747207784632 0
5389 0.1068478248607653 0.8964320572948434 0
5390 0.1075369015505609 0.9017893938112235 0
5391 0.1082259782403566 0.9071467303276036 0
5392 0.1089150549301521 0.9125040668439839 0
5393 0.1096041316199477 0.9178614033603641 0
5394 0.1102932083097434 0.9232187398767444 0
5395 0.110982284999539 0.9285760763931247 0
5396 0.1116713616893347 0.9339334129095045 0
5397 0.1123604383791302 0.9392907494258849 0
5398 0.1130495150689258 0.944648085942265 0
5399 0.1137385917587214 0.9500054224586454 0
5400 0.114427668448517 0.9553627589750254 0
5401 0.1151167451383126 0.9607200954914054 0
5402 0.1158058218281083 0.9660774320077857 0
5403 0.1164948985179039 0.971434768524166 0
5404 0.1171839752076995 0.9767921050405459 0
5405 0.117873051897495 0.9821494415569265 0
5406 0.1185621285872906 0.9875067780733063 0
5407 0.1007285981609625 0.8053333628023753 0
5408 0.1014571963219251 0.8106667256047508 0
5409 0.1021857944828873 0.8160000884071261 0
5410 0.1029143926438499 0.8213334512095016 0
5411 0.1036429908048123 0.8266668140118769 0
5412 0.1043715889657749 0.8320001768142524 0
5413 0.105100187126737 0.8373335396166278 0
5414 0.1058287852876996 0.8426669024190032 0
5415 0.1065573834486621 0.8480002652213786 0
5416 0.1072859816096244 0.853333628023754 0
5417 0.1080145797705869 0.8586669908261294 0
5418 0.1087431779315495 0.8640003536285049 0
5419 0.1094717760925117 0.8693337164308802 0
5420 0.1102003742534742 0.8746670792332556 0
5421 0.1109289724144367 0.8800004420356311 0
5422 0.1116575705753991 0.8853338048380065 0
5423 0.1123861687363615 0.8906671676403819 0
5424 0.113114766897324 0.8960005304427572 0
5425 0.1138433650582864 0.9013338932451327 0
5426 0.1145719632192487 0.906667256047508 0
5427 0.1153005613802113 0.9120006188498833 0
5428 0.1160291595411737 0.9173339816522588 0
5429 0.1167577577021362 0.9226673444546342 0
5430 0.1174863558630985 0.9280007072570097 0
5431 0.1182149540240611 0.9333340700593851 0
5432 0.1189435521850235 0.9386674328617604 0
5433 0.1196721503459859 0.9440007956641356 0
5434 0.1204007485069483 0.9493341584665113 0
5435 0.1211293466679108 0.9546675212688867 0
5436 0.1218579448288732 0.9600008840712618 0
5437 0.1225865429898357 0.9653342468736373 0
5438 0.1233151411507981 0.9706676096760126 0
5439 0.1240437393117605 0.976000972478388 0
5440 0.1247723374727229 0.9813343352807635 0
5441 0.1255009356336854 0.9866676980831389 0
5442 0.1063235018256892 0.8053080266870484 0
5443 0.1070914480958226 0.8106160533740967 0
5444 0.1078593943659561 0.8159240800611449 0
5445 0.1086273406360894 0.8212321067481932 0
5446 0.1093952869062231 0.8265401334352415 0
5447 0.1101632331763566 0.8318481601222899 0
5448 0.1109311794464899 0.8371561868093382 0
5449 0.1116991257166234 0.8424642134963864 0
5450 0.1124670719867569 0.8477722401834349 0
5451 0.1132350182568903 0.8530802668704833 0
5452 0.1140029645270238 0.8583882935575315 0
5453 0.1147709107971573 0.8636963202445798 0
5454 0.1155388570672907 0.8690043469316282 0
5455 0.1163068033374242 0.8743123736186764 0
5456 0.1170747496075576 0.8796204003057246 0
5457 0.1178426958776912 0.8849284269927731 0
5458 0.1186106421478246 0.8902364536798215 0
5459 0.1193785884179581 0.8955444803668697 0
5460 0.1201465346880915 0.9008525070539182 0
5461 0.1209144809582251 0.9061605337409664 0
5462 0.1216824272283585 0.9114685604280146 0
5463 0.122450373498492 0.916776587115063 0
5464 0.1232183197686254 0.9220846138021114 0
5465 0.123986266038759 0.9273926404891596 0
5466 0.1247542123088924 0.9327006671762078 0
5467 0.1255221585790259 0.9380086938632561 0
5468 0.1262901048491593 0.9433167205503044 0
5469 0.1270580511192929 0.9486247472373527 0
5470 0.1278259973894263 0.9539327739244011 0
5471 0.1285939436595597 0.9592408006114496 0
5472 0.1293618899296932 0.9645488272984978 0
5473 0.1301298361998267 0.969856853985546 0
5474 0.1308977824699601 0.9751648806725944 0
5475 0.1316657287400936 0.9804729073596427 0
5476 0.132433675010227 0.9857809340466909 0
5477 0.1119182225530458 0.8052813294230654 0
5478 0.1127253339949805 0.8105626588461308 0
5479 0.113532445436915 0.8158439882691961 0
5480 0.1143395568788498 0.8211253176922616 0
5481 0.1151466683207844 0.8264066471153271 0
5482 0.1159537797627189 0.8316879765383923 0
5483 0.1167608912046537 0.8369693059614577 0
5484 0.1175680026465882 0.8422506353845233 0
5485 0.1183751140885229 0.8475319648075884 0
5486 0.1191822255304575 0.8528132942306538 0
5487 0.119989336972392 0.8580946236537194 0
5488 0.1207964484143267 0.8633759530767848 0
5489 0.1216035598562614 0.8686572824998502 0
5490 0.122410671298196 0.8739386119229156 0
5491 0.1232177827401307 0.8792199413459809 0
5492 0.1240248941820654 0.8845012707690463 0
5493 0.1248320056239998 0.8897826001921119 0
5494 0.1256391170659346 0.8950639296151771 0
5495 0.1264462285078691 0.9003452590382426 0
5496 0.1272533399498038 0.9056265884613078 0
5497 0.1280604513917384 0.9109079178843733 0
5498 0.128867562833673 0.9161892473074388 0
5499 0.1296746742756076 0.9214705767305039 0
5500 0.1304817857175423 0.9267519061535695 0
5501 0.1312888971594769 0.9320332355766346 0
5502 0.1320960086014115 0.9373145649997002 0
5503 0.1329031200433462 0.9425958944227657 0
5504 0.1337102314852808 0.947877223845831 0
5505 0.1345173429272153 0.9531585532688964 0
5506 0.1353244543691499 0.9584398826919617 0
5507 0.1361315658110847 0.9637212121150271 0
5508 0.1369386772530192 0.9690025415380924 0
5509 0.1377457886949539 0.974283870961158 0
5510 0.1385529001368885 0.9795652003842233 0
5511 0.1393600115788231 0.9848465298072885 0
5512 0.1175127507767034 0.8052532723303907 0
5513 0.1183588348867401 0.8105065446607818 0
5514 0.1192049189967768 0.8157598169911726 0
5515 0.1200510031068135 0.8210130893215635 0
5516 0.1208970872168502 0.8262663616519544 0
5517 0.1217431713268869 0.8315196339823454 0
5518 0.1225892554369237 0.8367729063127363 0
5519 0.1234353395469603 0.8420261786431271 0
5520 0.124281423656997 0.847279450973518 0
5521 0.1251275077670337 0.8525327233039089 0
5522 0.1259735918770704 0.8577859956342999 0
5523 0.1268196759871071 0.8630392679646908 0
5524 0.1276657600971438 0.8682925402950816 0
5525 0.1285118442071805 0.8735458126254725 0
5526 0.1293579283172172 0.8787990849558633 0
5527 0.1302040124272538 0.8840523572862544 0
5528 0.1310500965372906 0.8893056296166453 0
5529 0.1318961806473273 0.894558901947036 0
5530 0.1327422647573639 0.899812174277427 0
5531 0.1335883488674007 0.9050654466078178 0
5532 0.1344344329774373 0.9103187189382088 0
5533 0.1352805170874741 0.9155719912685997 0
5534 0.1361266011975108 0.9208252635989905 0
5535 0.1369726853075474 0.9260785359293816 0
5536 0.137818769417584 0.9313318082597724 0
5537 0.1386648535276208 0.9365850805901632 0
5538 0.1395109376376575 0.941838352920554 0
5539 0.1403570217476942 0.9470916252509451 0
5540 0.1412031058577309 0.9523448975813359 0
5541 0.1420491899677677 0.9575981699117266 0
5542 0.1428952740778043 0.9628514422421178 0
5543 0.143741358187841 0.9681047145725085 0
5544 0.1445874422978777 0.9733579869028994 0
5545 0.1454335264079144 0.9786112592332902 0
5546 0.146279610517951 0.9838645315636813 0
5547 0.1231070769398504 0.8052238567962218 0
5548 0.1239919316574784 0.8104477135924434 0
5549 0.1248767863751066 0.8156715703886649 0
5550 0.1257616410927349 0.8208954271848866 0
5551 0.1266464958103629 0.8261192839811083 0
5552 0.127531350527991 0.8313431407773301 0
5553 0.1284162052456191 0.8365669975735515 0
5554 0.1293010599632471 0.8417908543697732 0
5555 0.1301859146808753 0.8470147111659949 0
5556 0.1310707693985034 0.8522385679622166 0
5557 0.1319556241161315 0.8574624247584381 0
5558 0.1328404788337597 0.86268628155466 0
5559 0.1337253335513877 0.8679101383508816 0
5560 0.1346101882690158 0.8731339951471033 0
5561 0.135495042986644 0.8783578519433248 0
5562 0.1363798977042721 0.8835817087395466 0
5563 0.1372647524219001 0.8888055655357683 0
5564 0.1381496071395282 0.8940294223319898 0
5565 0.1390344618571564 0.8992532791282116 0
5566 0.1399193165747845 0.9044771359244331 0
5567 0.1408041712924126 0.9097009927206549 0
5568 0.1416890260100407 0.9149248495168766 0
5569 0.1425738807276689 0.9201487063130981 0
5570 0.1434587354452969 0.9253725631093197 0
5571 0.1443435901629251 0.9305964199055414 0
5572 0.1452284448805531 0.9358202767017633 0
5573 0.1461132995981813 0.9410441334979848 0
5574 0.1469981543158094 0.9462679902942064 0
5575 0.1478830090334374 0.9514918470904281 0
5576 0.1487678637510656 0.9567157038866496 0
5577 0.1496527184686937 0.9619395606828715 0
5578 0.1505375731863217 0.967163417479093 0
5579 0.1514224279039499 0.9723872742753147 0
5580 0.152307282621578 0.9776111310715365 0
5581 0.1531921373392061 0.9828349878677578 0
5582 0.1287011914956655 0.8051930842749185 0
5583 0.1296246052135532 0.810386168549837 0
5584 0.1305480189314408 0.8155792528247554 0
5585 0.1314714326493285 0.820772337099674 0
5586 0.1323948463672162 0.8259654213745925 0
5587 0.133318260085104 0.8311585056495108 0
5588 0.1342416738029916 0.8363515899244294 0
5589 0.1351650875208792 0.841544674199348 0
5590 0.1360885012387669 0.8467377584742664 0
5591 0.1370119149566546 0.8519308427491848 0
5592 0.1379353286745423 0.8571239270241033 0
5593 0.13885874239243 0.8623170112990218 0
5594 0.1397821561103176 0.8675100955739403 0
5595 0.1407055698282053 0.8727031798488587 0
5596 0.1416289835460929 0.8778962641237771 0
5597 0.1425523972639806 0.8830893483986957 0
5598 0.1434758109818683 0.8882824326736142 0
5599 0.144399224699756 0.8934755169485327 0
5600 0.1453226384176438 0.898668601223451 0
5601 0.1462460521355314 0.9038616854983695 0
5602 0.147169465853419 0.909054769773288 0
5603 0.1480928795713066 0.9142478540482065 0
5604 0.1490162932891944 0.9194409383231249 0
5605 0.149939707007082 0.9246340225980435 0
5606 0.1508631207249697 0.9298271068729619 0
5607 0.1517865344428574 0.9350201911478804 0
5608 0.152709948160745 0.9402132754227989 0
5609 0.1536333618786327 0.9454063596977174 0
5610 0.1545567755965204 0.950599443972636 0
5611 0.155480189314408 0.9557925282475541 0
5612 0.1564036030322957 0.9609856125224728 0
5613 0.1573270167501833 0.966178696797391 0
5614 0.158250430468071 0.9713717810723098 0
5615 0.1591738441859587 0.9765648653472283 0
5616 0.1600972579038464 0.9817579496221464 0
5617 0.1342950849077899 0.805160956287934 0
5618 0.1352568364822462 0.8103219125758685 0
5619 0.1362185880567024 0.8154828688638026 0
5620 0.1371803396311588 0.8206438251517369 0
5621 0.1381420912056153 0.8258047814396711 0
5622 0.1391038427800716 0.8309657377276052 0
5623 0.140065594354528 0.8361266940155396 0
5624 0.1410273459289843 0.8412876503034737 0
5625 0.1419890975034407 0.8464486065914081 0
5626 0.1429508490778971 0.8516095628793421 0
5627 0.1439126006523533 0.8567705191672764 0
5628 0.1448743522268098 0.8619314754552106 0
5629 0.145836103801266 0.867092431743145 0
5630 0.1467978553757225 0.8722533880310791 0
5631 0.1477596069501789 0.8774143443190132 0
5632 0.1487213585246352 0.8825753006069474 0
5633 0.1496831100990915 0.8877362568948817 0
5634 0.1506448616735479 0.8928972131828159 0
5635 0.1516066132480043 0.8980581694707502 0
5636 0.1525683648224606 0.9032191257586843 0
5637 0.1535301163969169 0.9083800820466188 0
5638 0.1544918679713733 0.9135410383345529 0
5639 0.1554536195458297 0.918701994622487 0
5640 0.156415371120286 0.9238629509104213 0
5641 0.1573771226947423 0.9290239071983556 0
5642 0.1583388742691988 0.9341848634862898 0
5643 0.1593006258436552 0.939345819774224 0
5644 0.1602623774181114 0.9445067760621583 0
5645 0.1612241289925678 0.9496677323500925 0
5646 0.1621858805670242 0.9548286886380265 0
5647 0.1631476321414805 0.9599896449259607 0
5648 0.164109383715937 0.965150601213895 0
5649 0.1650711352903932 0.9703115575018292 0
5650 0.1660328868648496 0.9754725137897633 0
5651 0.1669946384393059 0.9806334700776975 0
5652 0.139888747650798 0.8051274744237386 0
5653 0.140888606412707 0.8102549488474773 0
5654 0.141888465174616 0.8153824232712157 0
5655 0.1428883239365251 0.8205098976949543 0
5656 0.1438881826984341 0.8256373721186929 0
5657 0.1448880414603431 0.8307648465424313 0
5658 0.145887900222252 0.8358923209661699 0
5659 0.146887758984161 0.8410197953899088 0
5660 0.1478876177460701 0.8461472698136473 0
5661 0.148887476507979 0.8512747442373858 0
5662 0.1498873352698881 0.8564022186611244 0
5663 0.150887194031797 0.861529693084863 0
5664 0.1518870527937062 0.8666571675086017 0
5665 0.1528869115556152 0.8717846419323401 0
5666 0.1538867703175241 0.8769121163560787 0
5667 0.1548866290794331 0.8820395907798173 0
5668 0.1558864878413422 0.8871670652035559 0
5669 0.1568863466032512 0.8922945396272943 0
5670 0.1578862053651602 0.8974220140510331 0
5671 0.1588860641270691 0.9025494884747717 0
5672 0.1598859228889782 0.9076769628985102 0
5673 0.1608857816508872 0.9128044373222487 0
5674 0.1618856404127962 0.9179319117459873 0
5675 0.1628854991747051 0.923059386169726 0
5676 0.1638853579366142 0.9281868605934644 0
5677 0.1648852166985232 0.9333143350172028 0
5678 0.1658850754604322 0.9384418094409416 0
5679 0.1668849342223412 0.9435692838646803 0
5680 0.1678847929842503 0.9486967582884188 0
5681 0.1688846517461593 0.9538242327121573 0
5682 0.1698845105080682 0.9589517071358958 0
5683 0.1708843692699773 0.9640791815596345 0
5684 0.1718842280318863 0.9692066559833731 0
5685 0.1728840867937953 0.9743341304071117 0
5686 0.1738839455557042 0.9794616048308499 0
5687 0.1454821702106696 0.8050926403377396 0
5688 0.1465198959768947 0.8101852806754791 0
5689 0.1475576217431198 0.8152779210132186 0
5690 0.1485953475093449 0.8203705613509584 0
5691 0.14963307327557 0.8254632016886978 0
5692 0.1506707990417951 0.8305558420264374 0
5693 0.1517085248080203 0.835648482364177 0
5694 0.1527462505742454 0.8407411227019166 0
5695 0.1537839763404704 0.8458337630396561 0
5696 0.1548217021066955 0.8509264033773958 0
5697 0.1558594278729205 0.8560190437151353 0
5698 0.1568971536391457 0.8611116840528749 0
5699 0.1579348794053708 0.8662043243906143 0
5700 0.1589726051715959 0.8712969647283539 0
5701 0.160010330937821 0.8763896050660935 0
5702 0.1610480567040461 0.8814822454038331 0
5703 0.1620857824702712 0.8865748857415726 0
5704 0.1631235082364963 0.8916675260793122 0
5705 0.1641612340027214 0.8967601664170518 0
5706 0.1651989597689466 0.9018528067547915 0
5707 0.1662366855351716 0.9069454470925309 0
5708 0.1672744113013967 0.9120380874302707 0
5709 0.1683121370676219 0.9171307277680101 0
5710 0.169349862833847 0.9222233681057498 0
5711 0.170387588600072 0.927316008443489 0
5712 0.1714253143662971 0.9324086487812288 0
5713 0.1724630401325222 0.9375012891189685 0
5714 0.1735007658987473 0.9425939294567077 0
5715 0.1745384916649724 0.9476865697944474 0
5716 0.1755762174311975 0.9527792101321871 0
5717 0.1766139431974226 0.9578718504699266 0
5718 0.1776516689636477 0.9629644908076661 0
5719 0.1786893947298727 0.9680571311454057 0
5720 0.1797271204960979 0.9731497714831453 0
5721 0.1807648462623229 0.9782424118208847 0
5722 0.1510753430852593 0.8050564557522017 0
5723 0.1521506861705187 0.8101129115044035 0
5724 0.153226029255778 0.815169367256605 0
5725 0.1543013723410374 0.8202258230088065 0
5726 0.1553767154262967 0.8252822787610082 0
5727 0.156452058511556 0.8303387345132101 0
5728 0.1575274015968152 0.8353951902654115 0
5729 0.1586027446820746 0.840451646017613 0
5730 0.1596780877673339 0.8455081017698149 0
5731 0.1607534308525933 0.8505645575220167 0
5732 0.1618287739378526 0.8556210132742181 0
5733 0.1629041170231119 0.8606774690264198 0
5734 0.1639794601083712 0.8657339247786215 0
5735 0.1650548031936306 0.8707903805308231 0
5736 0.1661301462788899 0.8758468362830247 0
5737 0.1672054893641492 0.8809032920352264 0
5738 0.1682808324494086 0.8859597477874283 0
5739 0.1693561755346678 0.8910162035396297 0
5740 0.1704315186199271 0.8960726592918313 0
5741 0.1715068617051865 0.9011291150440329 0
5742 0.1725822047904457 0.9061855707962345 0
5743 0.1736575478757051 0.9112420265484362 0
5744 0.1747328909609644 0.9162984823006378 0
5745 0.1758082340462237 0.9213549380528395 0
5746 0.176883577131483 0.9264113938050412 0
5747 0.1779589202167423 0.9314678495572428 0
5748 0.1790342633020017 0.9365243053094445 0
5749 0.1801096063872609 0.9415807610616462 0
5750 0.1811849494725202 0.9466372168138478 0
5751 0.1822602925577795 0.9516936725660493 0
5752 0.1833356356430389 0.956750128318251 0
5753 0.1844109787282982 0.9618065840704525 0
5754 0.1854863218135575 0.9668630398226543 0
5755 0.1865616648988168 0.9719194955748559 0
5756 0.1876370079840762 0.9769759513270576 0
5757 0.1566682567847667 0.8050189224561606 0
5758 0.157780958013978 0.8100378449123213 0
5759 0.1588936592431893 0.8150567673684816 0
5760 0.1600063604724004 0.8200756898246424 0
5761 0.1611190617016117 0.8250946122808029 0
5762 0.1622317629308228 0.8301135347369635 0
5763 0.163344464160034 0.835132457193124 0
5764 0.1644571653892452 0.8401513796492848 0
5765 0.1655698666184564 0.8451703021054453 0
5766 0.1666825678476676 0.8501892245616058 0
5767 0.1677952690768788 0.8552081470177666 0
5768 0.16890797030609 0.8602270694739269 0
5769 0.1700206715353012 0.8652459919300876 0
5770 0.1711333727645124 0.8702649143862482 0
5771 0.1722460739937236 0.875283836842409 0
5772 0.1733587752229348 0.8803027592985694 0
5773 0.174471476452146 0.88532168175473 0
5774 0.1755841776813572 0.8903406042108906 0
5775 0.1766968789105684 0.8953595266670511 0
5776 0.1778095801397797 0.9003784491232116 0
5777 0.1789222813689909 0.9053973715793722 0
5778 0.180034982598202 0.9104162940355327 0
5779 0.1811476838274133 0.9154352164916933 0
5780 0.1822603850566244 0.9204541389478541 0
5781 0.1833730862858357 0.9254730614040144 0
5782 0.1844857875150468 0.9304919838601753 0
5783 0.185598488744258 0.9355109063163358 0
5784 0.1867111899734693 0.9405298287724965 0
5785 0.1878238912026804 0.9455487512286567 0
5786 0.1889365924318916 0.9505676736848175 0
5787 0.1900492936611028 0.9555865961409781 0
5788 0.191161994890314 0.9606055185971387 0
5789 0.1922746961195252 0.9656244410532993 0
5790 0.1933873973487364 0.9706433635094598 0
5791 0.1945000985779476 0.9756622859656201 0
5792 0.1622609018322055 0.804980042305335 0
5793 0.1634106925533 0.80996008461067 0
5794 0.1645604832743943 0.8149401269160049 0
5795 0.1657102739954887 0.81992016922134 0
5796 0.1668600647165832 0.824900211526675 0
5797 0.1680098554376776 0.82988025383201 0
5798 0.1691596461587719 0.8348602961373448 0
5799 0.1703094368798663 0.8398403384426799 0
5800 0.1714592276009607 0.844820380748015 0
5801 0.1726090183220552 0.84980042305335 0
5802 0.1737588090431496 0.854780465358685 0
5803 0.174908599764244 0.85976050766402 0
5804 0.1760583904853385 0.864740549969355 0
5805 0.1772081812064328 0.86972059227469 0
5806 0.1783579719275272 0.874700634580025 0
5807 0.1795077626486216 0.87968067688536 0
5808 0.180657553369716 0.8846607191906951 0
5809 0.1818073440908105 0.8896407614960299 0
5810 0.1829571348119048 0.894620803801365 0
5811 0.1841069255329993 0.8996008461067 0
5812 0.1852567162540936 0.904580888412035 0
5813 0.186406506975188 0.90956093071737 0
5814 0.1875562976962824 0.9145409730227052 0
5815 0.1887060884173768 0.9195210153280401 0
5816 0.1898558791384712 0.924501057633375 0
5817 0.1910056698595656 0.9294810999387101 0
5818 0.19215546058066 0.9344611422440449 0
5819 0.1933052513017545 0.9394411845493797 0
5820 0.1944550420228489 0.9444212268547149 0
5821 0.1956048327439432 0.9494012691600499 0
5822 0.1967546234650377 0.9543813114653849 0
5823 0.197904414186132 0.9593613537707198 0
5824 0.1990542049072265 0.9643413960760548 0
5825 0.2002039956283209 0.96932143838139 0
5826 0.2013537863494152 0.9743014806867248 0
5827 0.167853268763872 0.8049398172220346 0
5828 0.1690398708610774 0.8098796344440693 0
5829 0.1702264729582827 0.8148194516661039 0
5830 0.1714130750554879 0.8197592688881385 0
5831 0.1725996771526933 0.8246990861101731 0
5832 0.1737862792498987 0.8296389033322076 0
5833 0.174972881347104 0.8345787205542423 0
5834 0.1761594834443093 0.8395185377762771 0
5835 0.1773460855415147 0.8444583549983116 0
5836 0.17853268763872 0.8493981722203461 0
5837 0.1797192897359253 0.8543379894423808 0
5838 0.1809058918331307 0.8592778066644153 0
5839 0.1820924939303361 0.8642176238864498 0
5840 0.1832790960275413 0.8691574411084844 0
5841 0.1844656981247467 0.8740972583305191 0
5842 0.1856523002219519 0.8790370755525536 0
5843 0.1868389023191574 0.8839768927745884 0
5844 0.1880255044163627 0.8889167099966229 0
5845 0.189212106513568 0.8938565272186574 0
5846 0.1903987086107732 0.8987963444406921 0
5847 0.1915853107079787 0.9037361616627266 0
5848 0.192771912805184 0.9086759788847614 0
5849 0.1939585149023894 0.9136157961067958 0
5850 0.1951451169995946 0.9185556133288305 0
5851 0.1963317190967999 0.9234954305508649 0
5852 0.1975183211940053 0.9284352477728997 0
5853 0.1987049232912106 0.9333750649949343 0
5854 0.199891525388416 0.9383148822169688 0
5855 0.2010781274856213 0.9432546994390035 0
5856 0.2022647295828266 0.948194516661038 0
5857 0.2034513316800319 0.9531343338830727 0
5858 0.2046379337772372 0.9580741511051072 0
5859 0.2058245358744425 0.9630139683271418 0
5860 0.2070111379716479 0.9679537855491765 0
5861 0.2081977400688532 0.9728936027712107 0
5862 0.1734453481298132 0.8048982491950651 0
5863 0.174668474037404 0.8097964983901305 0
5864 0.1758915999449949 0.8146947475851953 0
5865 0.1771147258525857 0.8195929967802608 0
5866 0.1783378517601766 0.824491245975326 0
5867 0.1795609776677675 0.8293894951703911 0
5868 0.1807841035753583 0.8342877443654563 0
5869 0.1820072294829492 0.8391859935605215 0
5870 0.1832303553905401 0.8440842427555866 0
5871 0.184453481298131 0.8489824919506517 0
5872 0.1856766072057218 0.853880741145717 0
5873 0.1868997331133127 0.8587789903407821 0
5874 0.1881228590209036 0.8636772395358474 0
5875 0.1893459849284946 0.8685754887309125 0
5876 0.1905691108360853 0.8734737379259777 0
5877 0.1917922367436762 0.8783719871210429 0
5878 0.193015362651267 0.8832702363161081 0
5879 0.1942384885588579 0.8881684855111732 0
5880 0.1954616144664488 0.8930667347062387 0
5881 0.1966847403740397 0.8979649839013037 0
5882 0.1979078662816305 0.9028632330963688 0
5883 0.1991309921892214 0.9077614822914339 0
5884 0.2003541180968122 0.9126597314864991 0
5885 0.2015772440044031 0.9175579806815645 0
5886 0.202800369911994 0.9224562298766295 0
5887 0.2040234958195848 0.9273544790716949 0
5888 0.2052466217271757 0.93225272826676 0
5889 0.2064697476347666 0.937150977461825 0
5890 0.2076928735423574 0.9420492266568902 0
5891 0.2089159994499483 0.9469474758519553 0
5892 0.2101391253575392 0.9518457250470207 0
5893 0.21136225126513 0.9567439742420857 0
5894 0.2125853771727209 0.961642223437151 0
5895 0.2138085030803118 0.9665404726322161 0
5896 0.2150316289879026 0.9714387218272812 0
5897 0.1790371304942936 0.8048553402796301 0
5898 0.1802964832108094 0.8097106805592604 0
5899 0.1815558359273252 0.8145660208388906 0
5900 0.182815188643841 0.819421361118521 0
5901 0.1840745413603569 0.8242767013981511 0
5902 0.1853338940768726 0.8291320416777814 0
5903 0.1865932467933885 0.8339873819574115 0
5904 0.1878525995099042 0.8388427222370418 0
5905 0.1891119522264201 0.8436980625166721 0
5906 0.1903713049429359 0.8485534027963024 0
5907 0.1916306576594516 0.8534087430759326 0
5908 0.1928900103759675 0.8582640833555627 0
5909 0.1941493630924833 0.863119423635193 0
5910 0.195408715808999 0.8679747639148232 0
5911 0.196668068525515 0.8728301041944535 0
5912 0.1979274212420307 0.8776854444740837 0
5913 0.1991867739585466 0.8825407847537139 0
5914 0.2004461266750624 0.8873961250333442 0
5915 0.2017054793915781 0.8922514653129743 0
5916 0.202964832108094 0.8971068055926047 0
5917 0.2042241848246097 0.9019621458722349 0
5918 0.2054835375411255 0.9068174861518652 0
5919 0.2067428902576414 0.9116728264314954 0
5920 0.2080022429741571 0.9165281667111254 0
5921 0.209261595690673 0.9213835069907558 0
5922 0.2105209484071888 0.9262388472703862 0
5923 0.2117803011237046 0.9310941875500162 0
5924 0.2130396538402204 0.9359495278296464 0
5925 0.2142990065567363 0.9408048681092765 0
5926 0.215558359273252 0.9456602083889067 0
5927 0.2168177119897678 0.9505155486685369 0
5928 0.2180770647062836 0.9553708889481674 0
5929 0.2193364174227994 0.9602262292277975 0
5930 0.2205957701393153 0.9650815695074276 0
5931 0.221855122855831 0.9699369097870578 0
5932 0.1846286064362626 0.8048110925972294 0
5933 0.1859238795391917 0.8096221851944587 0
5934 0.1872191526421209 0.8144332777916882 0
5935 0.18851442574505 0.8192443703889175 0
5936 0.1898096988479792 0.824055462986147 0
5937 0.1911049719509084 0.8288665555833763 0
5938 0.1924002450538375 0.8336776481806056 0
5939 0.1936955181567667 0.8384887407778351 0
5940 0.1949907912596959 0.8432998333750644 0
5941 0.196286064362625 0.8481109259722936 0
5942 0.1975813374655542 0.8529220185695232 0
5943 0.1988766105684833 0.8577331111667525 0
5944 0.2001718836714126 0.8625442037639819 0
5945 0.2014671567743417 0.8673552963612112 0
5946 0.2027624298772708 0.8721663889584406 0
5947 0.2040577029802 0.8769774815556701 0
5948 0.2053529760831292 0.8817885741528995 0
5949 0.2066482491860584 0.8865996667501288 0
5950 0.2079435222889875 0.8914107593473581 0
5951 0.2092387953919166 0.8962218519445876 0
5952 0.2105340684948458 0.9010329445418169 0
5953 0.2118293415977749 0.9058440371390462 0
5954 0.2131246147007042 0.9106551297362757 0
5955 0.2144198878036333 0.9154662223335053 0
5956 0.2157151609065625 0.9202773149307345 0
5957 0.2170104340094917 0.9250884075279638 0
5958 0.2183057071124208 0.9298995001251934 0
5959 0.21960098021535 0.9347105927224227 0
5960 0.2208962533182791 0.9395216853196519 0
5961 0.2221915264212083 0.9443327779168812 0
5962 0.2234867995241375 0.9491438705141105 0
5963 0.2247820726270666 0.9539549631113399 0
5964 0.2260773457299958 0.9587660557085693 0
5965 0.227372618832925 0.9635771483057985 0
5966 0.2286678919358541 0.9683882409030281 0
5967 0.1902197665498191 0.8047655083355534 0
5968 0.1915506442107492 0.8095310166711069 0
5969 0.1928815218716795 0.8142965250066603 0
5970 0.1942123995326096 0.8190620333422138 0
5971 0.1955432771935398 0.8238275416777674 0
5972 0.19687415485447 0.8285930500133207 0
5973 0.1982050325154001 0.8333585583488742 0
5974 0.1995359101763304 0.8381240666844276 0
5975 0.2008667878372605 0.8428895750199812 0
5976 0.2021976654981907 0.8476550833555345 0
5977 0.2035285431591209 0.8524205916910881 0
5978 0.204859420820051 0.8571861000266414 0
5979 0.2061902984809812 0.861951608362195 0
5980 0.2075211761419114 0.8667171166977483 0
5981 0.2088520538028415 0.8714826250333019 0
5982 0.2101829314637718 0.8762481333688552 0
5983 0.211513809124702 0.8810136417044088 0
5984 0.2128446867856321 0.8857791500399621 0
5985 0.2141755644465623 0.8905446583755158 0
5986 0.2155064421074925 0.8953101667110692 0
5987 0.2168373197684227 0.9000756750466226 0
5988 0.2181681974293528 0.9048411833821761 0
5989 0.219499075090283 0.9096066917177295 0
5990 0.2208299527512132 0.914372200053283 0
5991 0.2221608304121433 0.9191377083888363 0
5992 0.2234917080730736 0.9239032167243899 0
5993 0.2248225857340037 0.9286687250599434 0
5994 0.2261534633949338 0.9334342333954967 0
5995 0.227484341055864 0.9381997417310501 0
5996 0.2288152187167943 0.9429652500666036 0
5997 0.2301460963777244 0.947730758402157 0
5998 0.2314769740386546 0.9524962667377106 0
5999 0.2328078516995847 0.9572617750732638 0
6000 0.2341387293605149 0.9620272834088175 0
6001 0.2354696070214451 0.9667927917443708 0
6002 0.1958106014446777 0.8047185897483764 0
6003 0.1971767584449108 0.8094371794967528 0
6004 0.1985429154451439 0.8141557692451291 0
6005 0.1999090724453771 0.8188743589935057 0
6006 0.2012752294456103 0.8235929487418818 0
6007 0.2026413864458433 0.8283115384902582 0
6008 0.2040075434460764 0.8330301282386348 0
6009 0.2053737004463097 0.8377487179870111 0
6010 0.2067398574465428 0.8424673077353872 0
6011 0.2081060144467759 0.8471858974837638 0
6012 0.2094721714470091 0.8519044872321402 0
6013 0.2108383284472422 0.8566230769805168 0
6014 0.2122044854474753 0.861341666728893 0
6015 0.2135706424477085 0.8660602564772691 0
6016 0.2149367994479418 0.8707788462256456 0
6017 0.2163029564481748 0.875497435974022 0
6018 0.217669113448408 0.8802160257223983 0
6019 0.2190352704486411 0.8849346154707748 0
6020 0.2204014274488743 0.8896532052191511 0
6021 0.2217675844491074 0.8943717949675277 0
6022 0.2231337414493406 0.8990903847159039 0
6023 0.2244998984495737 0.9038089744642803 0
6024 0.225866055449807 0.9085275642126567 0
6025 0.22723221245004 0.9132461539610331 0
6026 0.2285983694502732 0.9179647437094094 0
6027 0.2299645264505062 0.922683333457786 0
6028 0.2313306834507394 0.9274019232061621 0
6029 0.2326968404509726 0.9321205129545386 0
6030 0.2340629974512057 0.9368391027029147 0
6031 0.2354291544514389 0.9415576924512913 0
6032 0.236795311451672 0.9462762821996678 0
6033 0.2381614684519052 0.950994871948044 0
6034 0.2395276254521383 0.9557134616964204 0
6035 0.2408937824523714 0.9604320514447968 0
6036 0.2422599394526045 0.9651506411931728 0
6037 0.9859830559933018 0.01086047267540308 0
6038 0.9857377865954819 0.02171965822575589 0
6039 0.9853753241169596 0.03257626968119826 0
6040 0.9848957038870731 0.04342902038222946 0
6041 0.9842989753609341 0.05427662413484208 0
6042 0.9835852021134626 0.06511779536559886 0
6043 0.982754461831723 0.07595124927663555 0
6044 0.9818068463055558 0.08677570200056867 0
6045 0.9807424614165123 0.09758987075529285 0
6046 0.9795614271250874 0.1083924739986463 0
6047 0.9782638774562558 0.1191822315829282 0
6048 0.9768499604833127 0.1299578649092424 0
6049 0.9753198383100219 0.140718097081665 0
6050 0.9736736870510672 0.1514616530611966 0
6051 0.9719116968108226 0.1621872598194948 0
6052 0.9700340716604279 0.1728936464923648 0
6053 0.9680410296131858 0.1835795445329871 0
6054 0.9659328025982759 0.1942436878648677 0
6055 0.9637096364327884 0.2048848130344892 0
6056 0.9613717907920885 0.2155016593636465 0
6057 0.9589195391785068 0.2260929691014466 0
6058 0.9563531688883617 0.2366574875759577 0
6059 0.953672980977321 0.2471939633454831 0
6060 0.950879290224103 0.2577011483494516 0
6061 0.9479724250925241 0.2681777980588943 0
6062 0.9449527276918943 0.2786226716264987 0
6063 0.9418205537357709 0.289034532036219 0
6064 0.9385762724990683 0.2994121462524231 0
6065 0.9352202667735352 0.3097542853685601 0
6066 0.9317529328216003 0.3200597247553319 0
6067 0.9281746803285966 0.3303272442083438 0
6068 0.924485932353363 0.3405556280952299 0
6069 0.9206871252772368 0.350743665502219 0
6070 0.9167787087514412 0.3608901503801368 0
6071 0.9127611456428661 0.3709938816898189 0
6072 0.9086349119782644 0.3810536635469216 0
6073 0.9044004968868543 0.3910683053661097 0
6074 0.9000584025413461 0.4010366220046062 0
6075 0.8956091440973946 0.4109574339050857 0
6076 0.8910532496314865 0.420829567237894 0
6077 0.8863912600772703 0.4306518540425778 0
6078 0.8816237291603348 0.4404231323687055 0
6079 0.8767512233314472 0.4501422464159653 0
6080 0.8717743216982544 0.4598080466735195 0
6081 0.8666936159554617 0.4694193900586028 0
6082 0.8615097103134894 0.4789751400543432 0
6083 0.856223221425626 0.488474166846793 0
6084 0.8508347783136736 0.4979153474611517 0
6085 0.8453450222921108 0.5072975658971632 0
6086 0.8397546068907673 0.5166197132636703 0
6087 0.8340641977760266 0.5258806879123187 0
6088 0.8282744726705669 0.5350793955703801 0
6089 0.8223861212716483 0.5442147494726902 0
6090 0.8163998451679551 0.5532856704926806 0
6091 0.8103163577550053 0.5622910872724896 0
6092 0.8041363841491347 0.5712299363521356 0
6093 0.7978606611000714 0.5801011622977411 0
6094 0.7914899369021042 0.5889037178287841 0
6095 0.7850249713038603 0.5976365639443721 0
6096 0.7784665354167025 0.6062986700485127 0
6097 0.7718154116217557 0.6148890140743744 0
6098 0.7650723934755748 0.623406582607517 0
6099 0.7582382856144649 0.6318503710080806 0
6100 0.7513139036574665 0.6402193835319143 0
6101 0.7443000741080155 0.6485126334506341 0
6102 0.7371976342542906 0.6567291431705939 0
6103 0.7300074320682626 0.6648679443507531 0
6104 0.7227303261034519 0.672928078019432 0
6105 0.7153671853914154 0.6809085946899321 0
6106 0.7079188893369629 0.6888085544750204 0
6107 0.7003863276121296 0.6966270272002496 0
6108 0.6927704000489068 0.70436309251611 0
6109 0.6850720165307497 0.7120158400089969 0
6110 0.6772920968828706 0.7195843693109795 0
6111 0.6694315707613362 0.7270677902083589 0
6112 0.6614913775409792 0.7344652227490011 0
6113 0.6534724662021349 0.7417757973484339 0
6114 0.6453757952162255 0.7489986548946934 0
6115 0.6372023324301934 0.7561329468519061 0
6116 0.6289530549498095 0.7631778353625993 0
6117 0.6206289490218627 0.7701324933487204 0
6118 0.612231009915247 0.7769961046113594 0
6119 0.6037602418009618 0.7837678639291572 0
6120 0.5952176576310384 0.7904469771553927 0
6121 0.5866042790164078 0.7970326613137326 0
6122 0.5779211361037246 0.8035241446926358 0
6123 0.5691692674511611 0.8099206669383996 0
6124 0.5603497199031906 0.8162214791468336 0
6125 0.5514635484643637 0.8224258439535586 0
6126 0.5425118161721105 0.828533035622909 0
6127 0.5334955939685668 0.8345423401354362 0
6128 0.5244159605714518 0.8404530552739968 0
6129 0.5152740023440051 0.8462644907084214 0
6130 0.5060708131640048 0.8519759680787462 0
6131 0.4968074942918768 0.8575868210770041 0
6132 0.4874851542379155 0.8630963955275619 0
6133 0.478104908628631 0.8685040494659942 0
6134 0.4686678800722364 0.8738091532164856 0
6135 0.4591751980232946 0.8790110894677511 0
6136 0.4496279986465399 0.8841092533474655 0
6137 0.4400274246798892 0.8891030524951931 0
6138 0.4303746252966621 0.8939919071338093 0
6139 0.4206707559670243 0.8987752501394042 0
6140 0.4109169783186717 0.9034525271096614 0
6141 0.4011144599967725 0.908023196430702 0
6142 0.3912643745231834 0.9124867293423884 0
6143 0.3813679011549593 0.9168426100020751 0
6144 0.3714262247421664 0.9210903355468071 0
6145 0.361440535585026 0.9252294161539477 0
6146 0.3514120292903997 0.9292593751002379 0
6147 0.3413419066276338 0.9331797488192751 0
6148 0.3312313733837821 0.9369900869574055 0
6149 0.3210816402182234 0.9406899524280229 0
6150 0.310893922516692 0.9442789214642697 0
6151 0.3006694402447375 0.9477565836701295 0
6152 0.2904094178006332 0.9511225420699086 0
6153 0.2801150838677502 0.9543764131561021 0
6154 0.2697876712664131 0.9575178269356295 0
6155 0.2594284168052596 0.9605464269744481 0
6156 0.9720263972506358 0.01074064964658206 0
6157 0.9717167069784682 0.02148004894311523 0
6158 0.9712931719993319 0.03221694769030692 0
6159 0.9707558266331564 0.04295009599035626 0
6160 0.9701047189220504 0.05367824439765595 0
6161 0.9693399106245066 0.06440014406943895 0
6162 0.9684614772079594 0.07511454691635078 0
6163 0.9674695078396827 0.08582020575293337 0
6164 0.9663641053760403 0.09651587444799881 0
6165 0.9651453863500847 0.1072003080748757 0
6166 0.9638134809575056 0.1178722630615112 0
6167 0.9623685330409326 0.1285304973404068 0
6168 0.9608107000725925 0.1391737704983793 0
6169 0.9591401531353225 0.1498008439261148 0
6170 0.9573570769019417 0.1604104809675093 0
6171 0.9554616696129872 0.1710014470687735 0
6172 0.9534541430528092 0.1815725099272827 0
6173 0.9513347225240394 0.1921224396401571 0
6174 0.9491036468204228 0.2026500088525515 0
6175 0.9467611681980288 0.2131539929056377 0
6176 0.9443075523448352 0.2236331699842625 0
6177 0.9417430783486942 0.2340863212642635 0
6178 0.9390680386636832 0.2445122310594217 0
6179 0.9362827390748429 0.2549096869680387 0
6180 0.9333874986613091 0.2652774800191163 0
6181 0.9303826497578402 0.2756144048181224 0
6182 0.9272685379147487 0.2859192596923271 0
6183 0.9240455218562378 0.2961908468356871 0
6184 0.9207139734371486 0.3064279724532678 0
6185 0.917274277598126 0.3166294469051796 0
6186 0.9137268323192083 0.3267940848500102 0
6187 0.9100720485718381 0.3369207053877472 0
6188 0.9063103502693159 0.3470081322021557 0
6189 0.9024421742156858 0.3570551937026092 0
6190 0.8984679700530699 0.3670607231653479 0
6191 0.8943882002074568 0.3770235588741524 0
6192 0.8902033398329443 0.3869425442604114 0
6193 0.8859138767544505 0.3968165280425698 0
6194 0.8815203114088976 0.4066443643649404 0
6195 0.8770231567848725 0.416424912935859 0
6196 0.8724229383607769 0.4261570391651707 0
6197 0.8677201940414683 0.4358396143010281 0
6198 0.8629154740934057 0.4454715155659852 0
6199 0.8580093410783044 0.4550516262923714 0
6200 0.8530023697853055 0.4645788360569285 0
6201 0.8478951471616756 0.4740520408146952 0
6202 0.8426882722420366 0.4834701430321228 0
6203 0.8373823560761402 0.4928320518194045 0
6204 0.8319780216551933 0.5021366830620062 0
6205 0.8264759038367453 0.5113829595513749 0
6206 0.8208766492681401 0.5205698111148239 0
6207 0.8151809163085506 0.5296961747445597 0
6208 0.8093893749496013 0.5387609947258515 0
6209 0.803502706734585 0.5477632227643183 0
6210 0.7975216046762907 0.5567018181123231 0
6211 0.791446773173445 0.5655757476944556 0
6212 0.7852789279257835 0.5743839862320913 0
6213 0.7790187958477583 0.5831255163670094 0
6214 0.7726671149808928 0.5917993287840568 0
6215 0.7662246344047967 0.6004044223328409 0
6216 0.7596921141468485 0.6089398041484397 0
6217 0.7530703250905584 0.6174044897711118 0
6218 0.7463600488826232 0.6257975032649926 0
6219 0.7395620778386818 0.6341178773357643 0
6220 0.7326772148477863 0.6423646534472827 0
6221 0.7257062732755967 0.6505368819371483 0
6222 0.7186500768663122 0.6586336221312078 0
6223 0.7115094596433531 0.6666539424569722 0
6224 0.7042852658088035 0.6745969205559341 0
6225 0.6969783496416211 0.6824616433947818 0
6226 0.6895895753946401 0.6902472073754806 0
6227 0.6821198171903666 0.6979527184442211 0
6228 0.6745699589155854 0.7055772921992158 0
6229 0.6669408941147885 0.7131200539973324 0
6230 0.6592335258824409 0.7205801390595487 0
6231 0.651448766754094 0.72795669257522 0
6232 0.6435875385963596 0.7352488698051454 0
6233 0.6356507724957619 0.7424558361834165 0
6234 0.6276394086464736 0.749576767418042 0
6235 0.6195543962369578 0.7566108495903344 0
6236 0.6113966933355237 0.7635572792530428 0
6237 0.6031672667748114 0.7704152635272253 0
6238 0.5948670920352199 0.777184020197848 0
6239 0.5864971531272943 0.7838627778080957 0
6240 0.5780584424730818 0.790450775752388 0
6241 0.5695519607864753 0.7969472643680843 0
6242 0.5609787169525565 0.8033515050258739 0
6243 0.5523397279059565 0.8096627702188289 0
6244 0.5436360185082391 0.8158803436501235 0
6245 0.5348686214243359 0.8220035203193975 0
6246 0.5260385769980364 0.828031606607757 0
6247 0.5171469331265531 0.8339639203614067 0
6248 0.5081947451341764 0.8397997909738952 0
6249 0.4991830756450332 0.8455385594669724 0
6250 0.490112994454966 0.8511795785700421 0
6251 0.4809855784025465 0.856722212798203 0
6252 0.4718019112392415 0.8621658385288704 0
6253 0.4625630834987439 0.8675098440769671 0
6254 0.4532701923654863 0.8727536297686727 0
6255 0.4439243415423531 0.8778966080137283 0
6256 0.4345266411176067 0.8829382033762828 0
6257 0.4250782074310432 0.8878778526442721 0
6258 0.415580162939395 0.892715004897326 0
6259 0.4060336360809953 0.8974491215731948 0
6260 0.3964397611397219 0.902079676532682 0
6261 0.3867996781082353 0.906606156123082 0
6262 0.377114532550532 0.9110280592401111 0
6263 0.3673854754638188 0.915344897388327 0
6264 0.3576136631397395 0.9195561947400254 0
6265 0.3478002570249598 0.9236614881926121 0
6266 0.3379464235811299 0.9276603274244388 0
6267 0.3280533341442454 0.9315522749490986 0
6268 0.318122164783417 0.9353369061681747 0
6269 0.3081540961590722 0.9390138094224336 0
6270 0.2981503133806022 0.9425825860414591 0
6271 0.2881120058634723 0.946042850391721 0
6272 0.2780403671858144 0.9493942299230707 0
6273 0.2679365949445155 0.9526363652136591 0
6274 0.2578018906108236 0.9557689100132736 0
6275 0.9580697385079697 0.01062082661776098 0
6276 0.9576956273614543 0.02124043966047467 0
6277 0.9572110198817045 0.03185762569941547 0
6278 0.9566159493792405 0.0424711715984829 0
6279 0.9559104624831662 0.05307986466047021 0
6280 0.9550946191355507 0.06368249277327898 0
6281 0.9541684925841958 0.07427784455606612 0
6282 0.95313216937381 0.08486470950529823 0
6283 0.9519857493355686 0.09544187814070471 0
6284 0.9507293455750825 0.1060081421511048 0
6285 0.9493630844587555 0.1165622945400942 0
6286 0.9478871055985523 0.1271031297715713 0
6287 0.9463015618351633 0.1376294439150937 0
6288 0.9446066192195777 0.1481400347910329 0
6289 0.9428024569930613 0.1586337021155237 0
6290 0.9408892675655465 0.1691092476451821 0
6291 0.9388672564924327 0.1795654753215783 0
6292 0.9367366424498029 0.1900011914154467 0
6293 0.9344976572080577 0.2004152046706137 0
6294 0.9321505456039691 0.2108063264476286 0
6295 0.9296955655111636 0.2211733708670783 0
6296 0.9271329878090269 0.2315151549525695 0
6297 0.9244630963500455 0.2418304987733602 0
6298 0.9216861879255829 0.2521182255866258 0
6299 0.9188025722300941 0.2623771619793384 0
6300 0.9158125718237862 0.2726061380097465 0
6301 0.912716522093727 0.2828039873484351 0
6302 0.9095147712134073 0.2929695474189511 0
6303 0.9062076801007619 0.3031016595379756 0
6304 0.9027956223746518 0.3131991690550273 0
6305 0.8992789843098197 0.3232609254916765 0
6306 0.8956581647903135 0.3332857826802643 0
6307 0.8919335752613948 0.3432725989020923 0
6308 0.8881056396799302 0.3532202370250814 0
6309 0.8841747944632738 0.3631275646408769 0
6310 0.8801414884366492 0.3729934542013833 0
6311 0.8760061827790342 0.3828167831547129 0
6312 0.8717693509675548 0.3925964340805335 0
6313 0.8674314787204005 0.4023312948247951 0
6314 0.8629930639382588 0.4120202586338239 0
6315 0.8584546166442835 0.4216622242877638 0
6316 0.8538166589226015 0.4312560962333509 0
6317 0.8490797248553645 0.4408007847160053 0
6318 0.8442443604583543 0.4502952059112231 0
6319 0.8393111236151495 0.459738282055254 0
6320 0.8342805840098617 0.4691289415750473 0
6321 0.8291533230584474 0.4784661192174524 0
6322 0.8239299338386066 0.4877487561776573 0
6323 0.818611021018276 0.4969758002268491 0
6324 0.8131972007827235 0.5061462058390797 0
6325 0.8076891007602536 0.5152589343173291 0
6326 0.8020873599465346 0.5243129539187392 0
6327 0.7963926286275542 0.5333072399790127 0
6328 0.790605568301215 0.542240775035956 0
6329 0.7847268515975763 0.5511125489521568 0
6330 0.7787571621977556 0.5599215590367755 0
6331 0.7726971947514958 0.5686668101664416 0
6332 0.7665476547934126 0.5773473149052347 0
6333 0.7603092586579254 0.5859620936237414 0
6334 0.753982733392891 0.5945101746171692 0
6335 0.747568816671941 0.6029905942225054 0
6336 0.741068256705542 0.6114023969347067 0
6337 0.7344818121507813 0.6197446355219046 0
6338 0.7278102520198971 0.6280163711396145 0
6339 0.7210543555875575 0.6362166734439313 0
6340 0.7142149122969026 0.6443446207037028 0
6341 0.707292721664362 0.6523992999116625 0
6342 0.7002885931832548 0.6603798068945121 0
6343 0.6932033462261916 0.668285246421936 0
6344 0.6860378099462794 0.6761147323145432 0
6345 0.6787928231771507 0.6838673875507115 0
6346 0.6714692343318265 0.6915423443723324 0
6347 0.6640679013004211 0.6991387443894351 0
6348 0.6565896913467066 0.7066557386836855 0
6349 0.6490354810035457 0.7140924879107384 0
6350 0.6414061559672088 0.7214481624014391 0
6351 0.6337026109905844 0.7287219422618568 0
6352 0.6259257497752984 0.7359130174721396 0
6353 0.6180764848627538 0.7430205879841782 0
6354 0.6101557375241062 0.7500438638180698 0
6355 0.6021644376491849 0.7569820651573651 0
6356 0.5941035236343758 0.7638344224430913 0
6357 0.5859739422694783 0.7706001764665387 0
6358 0.5777766486235505 0.777278578460799 0
6359 0.5695126059297558 0.783868890191043 0
6360 0.5611827854692262 0.7903703840435329 0
6361 0.552788166453952 0.7967823431133483 0
6362 0.5443297359087226 0.8031040612908241 0
6363 0.5358084885521144 0.8093348433466886 0
6364 0.5272254266765614 0.8154740050158857 0
6365 0.5185815600275059 0.8215208730800779 0
6366 0.5098779056816545 0.8274747854488161 0
6367 0.5011154879243477 0.8333350912393689 0
6368 0.4922953381260617 0.8391011508551989 0
6369 0.4834184946180552 0.8447723360630801 0
6370 0.4744860025671774 0.8503480300688442 0
6371 0.4654989138498521 0.855827627591747 0
6372 0.4564582869252515 0.8612105349374485 0
6373 0.4473651867076778 0.866496170069594 0
6374 0.4382206844381662 0.8716839626799914 0
6375 0.4290258575553241 0.8767733542573726 0
6376 0.4197817895654243 0.8817637981547346 0
6377 0.4104895699117658 0.8866547596552479 0
6378 0.401150293843319 0.8914457160367284 0
6379 0.3917650622826713 0.896136156634662 0
6380 0.3823349816932872 0.9007255829037757 0
6381 0.3728611639461046 0.9052135084781472 0
6382 0.3633447261854712 0.9095994592298468 0
6383 0.3537867906944531 0.9138829733261031 0
6384 0.3441884847595197 0.9180636012849862 0
6385 0.3345509405346261 0.9221409060296025 0
6386 0.3248752949047088 0.9261144629407919 0
6387 0.3151626893486106 0.9299838599083264 0
6388 0.3054142698014525 0.9337486973805972 0
6389 0.2956311865164668 0.9374085884127888 0
6390 0.2858145939263114 0.9409631587135332 0
6391 0.2759656505038787 0.9444120466900391 0
6392 0.2660855186226181 0.9477549034916887 0
6393 0.2561753644163876 0.9509913930520988 0
6394 0.9441130797653043 0.01050100358893996 0
6395 0.9436745477444406 0.02100083037783401 0
6396 0.943128867764077 0.03149830370852413 0
6397 0.9424760721253238 0.04199224720660977 0
6398 0.9417162060442825 0.05248148492328425 0
6399 0.9408493276465946 0.062964841477119 0
6400 0.9398755079604326 0.07344114219578129 0
6401 0.9387948309079368 0.08390921325766282 0
6402 0.9376073932950968 0.09436788183341061 0
6403 0.9363133048000798 0.1048159762273339 0
6404 0.9349126879600054 0.1152523260186774 0
6405 0.9334056781561717 0.1256757622027359 0
6406 0.931792423597734 0.1360851173318081 0
6407 0.9300730853038328 0.1464792256559511 0
6408 0.9282478370841805 0.1568569232635382 0
6409 0.9263168655181055 0.1672170482215907 0
6410 0.9242803699320559 0.1775584407158738 0
6411 0.9221385623755662 0.1878799431907361 0
6412 0.9198916675956921 0.198180400488676 0
6413 0.9175399230099095 0.2084586599896197 0
6414 0.915083578677492 0.2187135717498941 0
6415 0.9125228972693592 0.2289439886408756 0
6416 0.9098581540364078 0.2391487664872989 0
6417 0.9070896367763226 0.2493267642052129 0
6418 0.9042176457988791 0.2594768439395605 0
6419 0.9012424938897319 0.2695978712013703 0
6420 0.8981645062727048 0.2796887150045432 0
6421 0.8949840205705767 0.2897482480022153 0
6422 0.8917013867643753 0.2997753466226834 0
6423 0.8883169671511773 0.3097688912048749 0
6424 0.8848311363004312 0.3197277661333429 0
6425 0.8812442810087888 0.3296508599727815 0
6426 0.8775568002534739 0.3395370656020288 0
6427 0.8737691051441747 0.3493852803475536 0
6428 0.8698816188734776 0.3591944061164059 0
6429 0.8658947766658416 0.3689633495286141 0
6430 0.861809025725124 0.3786910220490145 0
6431 0.8576248251806592 0.3883763401184971 0
6432 0.8533426460319035 0.3980182252846498 0
6433 0.8489629710916449 0.4076156043317887 0
6434 0.84448629492779 0.4171674094103568 0
6435 0.8399131238037347 0.4266725781656736 0
6436 0.8352439756173232 0.4361300538660253 0
6437 0.8304793798384041 0.445538785530075 0
6438 0.8256198774449934 0.4548977280535797 0
6439 0.8206660208580476 0.4642058423353994 0
6440 0.8156183738748579 0.4734620954027822 0
6441 0.810477511601073 0.4826654605359101 0
6442 0.8052440203813584 0.491814917391692 0
6443 0.7999184977287015 0.5009094521267843 0
6444 0.7945015522523671 0.5099480575198342 0
6445 0.7889938035845183 0.5189297330929189 0
6446 0.7833958823055072 0.5278534852321739 0
6447 0.7777084298678447 0.5367183273075937 0
6448 0.7719320985188619 0.5455232797919903 0
6449 0.7660675512220658 0.5542673703790955 0
6450 0.7601154615772081 0.5629496341007918 0
6451 0.7540765137390667 0.5715691134434597 0
6452 0.7479514023349578 0.580124858463426 0
6453 0.7417408323809851 0.5886159269014973 0
6454 0.7354455191970339 0.5970413842965708 0
6455 0.7290661883205256 0.6054003040983013 0
6456 0.7226035754189394 0.6136917677788166 0
6457 0.7160584262011124 0.6219148649434645 0
6458 0.7094314963273284 0.6300686934405798 0
6459 0.7027235513182086 0.6381523594702572 0
6460 0.6959353664624115 0.6461649776921171 0
6461 0.689067726723156 0.6541056713320521 0
6462 0.6821214266435797 0.6619735722879379 0
6463 0.6750972702509375 0.6697678212343045 0
6464 0.6679960709596613 0.6774875677259424 0
6465 0.6608186514732863 0.6851319703004435 0
6466 0.6535658436852567 0.6927001965796542 0
6467 0.6462384885786244 0.7001914233700384 0
6468 0.6388374361246502 0.7076048367619281 0
6469 0.6313635451803237 0.714939632227658 0
6470 0.623817683384809 0.7221950147185682 0
6471 0.6162007270548346 0.7293701987608626 0
6472 0.6085135610790339 0.7364644085503141 0
6473 0.6007570788112544 0.743476878045805 0
6474 0.5929321819628459 0.7504068510616873 0
6475 0.58503978049394 0.7572535813589572 0
6476 0.5770807925037365 0.7640163327352294 0
6477 0.5690561441198064 0.7706943791135019 0
6478 0.56096676938643 0.7772870046296984 0
6479 0.5528136101519768 0.7837935037189812 0
6480 0.5445976159553474 0.7902131812008224 0
6481 0.5363197439114885 0.7965453523628192 0
6482 0.5279809585959897 0.8027893430432536 0
6483 0.5195822319287868 0.808944489712374 0
6484 0.5111245430569754 0.8150101395523988 0
6485 0.5026088782367559 0.8209856505362259 0
6486 0.494036230714519 0.8268703915048425 0
6487 0.4854076006070901 0.832663742243425 0
6488 0.4767239947811445 0.838365093556118 0
6489 0.4679864267318085 0.8439738473394851 0
6490 0.4591959164604626 0.8494894166546232 0
6491 0.4503534903517589 0.8549112257979299 0
6492 0.4414601810498694 0.8602387103705154 0
6493 0.4325170273339793 0.8654713173462543 0
6494 0.4235250739930416 0.8706085051384623 0
6495 0.4144853716998054 0.8756497436651971 0
6496 0.4053989768841365 0.8805945144131695 0
6497 0.3962669516056426 0.8854423105002618 0
6498 0.3870903634256206 0.8901926367366418 0
6499 0.3778702852783391 0.8948450096844693 0
6500 0.3686077953416771 0.8993989577161829 0
6501 0.3593039769071236 0.9038540210713665 0
6502 0.3499599182491666 0.9082097519121808 0
6503 0.3405767124940798 0.9124657143773605 0
6504 0.3311554574881224 0.9166214846347659 0
6505 0.3216972556651722 0.920676650932485 0
6506 0.3122032139138042 0.9246308136484781 0
6507 0.3026744434438327 0.9284835853387611 0
6508 0.2931120596523314 0.9322345907841184 0
6509 0.2835171819891504 0.9358834670353454 0
6510 0.273890933821943 0.9394298634570077 0
6511 0.2642344423007205 0.9428734417697185 0
6512 0.2545488382219516 0.9462138760909241 0
6513 0.9301564210226385 0.01038118056011894 0
6514 0.9296534681274267 0.02076122109519352 0
6515 0.9290467156464497 0.03113898171763274 0
6516 0.9283361948714077 0.04151332281473646 0
6517 0.9275219496053986 0.05188310518609812 0
6518 0.9266040361576384 0.06224719018095898 0
6519 0.9255825233366688 0.07260443983549636 0
6520 0.9244574924420637 0.08295371701002752 0
6521 0.923229037254625 0.0932938855261165 0
6522 0.9218972640250775 0.103623810303563 0
6523 0.9204622914612552 0.1139423574972602 0
6524 0.9189242507137914 0.1242483946339005 0
6525 0.9172832853603048 0.1345407907485222 0
6526 0.915539551388088 0.1448184165208692 0
6527 0.9136932171752996 0.1550801444115526 0
6528 0.9117444634706648 0.1653248487979993 0
6529 0.9096934833716791 0.1755514061101695 0
6530 0.90754048230133 0.1857586949660256 0
6531 0.9052856779833267 0.1959455963067382 0
6532 0.9029293004158498 0.2061109935316108 0
6533 0.9004715918438204 0.21625377263271 0
6534 0.897912806729692 0.2263728223291814 0
6535 0.8952532117227699 0.2364670342012374 0
6536 0.8924930856270628 0.2465353028238 0
6537 0.8896327193676641 0.2565765258997826 0
6538 0.8866724159556779 0.2665896043929941 0
6539 0.8836124904516828 0.2765734426606511 0
6540 0.8804532699277463 0.2865269485854794 0
6541 0.8771950934279882 0.2964490337073912 0
6542 0.8738383119277031 0.3063386133547226 0
6543 0.8703832882910427 0.3161946067750093 0
6544 0.8668303972272642 0.3260159372652988 0
6545 0.8631800252455528 0.3358015323019654 0
6546 0.8594325706084193 0.345550323670026 0
6547 0.8555884432836816 0.3552612475919349 0
6548 0.8516480648950342 0.3649332448558448 0
6549 0.8476118686712137 0.3745652609433162 0
6550 0.8434802993937637 0.3841562461564607 0
6551 0.8392538133434067 0.3937051557445045 0
6552 0.834932878245031 0.4032109500297537 0
6553 0.8305179732112967 0.4126725945329497 0
6554 0.8260095886848681 0.4220890600979962 0
6555 0.8214082263792817 0.4314593230160454 0
6556 0.816714399218454 0.4407823651489268 0
6557 0.8119286312748374 0.4500571740519053 0
6558 0.8070514577062338 0.4592827430957516 0
6559 0.8020834246912687 0.4684580715881119 0
6560 0.7970250893635396 0.4775821648941629 0
6561 0.7918770197444411 0.486654034556535 0
6562 0.7866397946746797 0.4956726984144889 0
6563 0.7813140037444808 0.5046371807223394 0
6564 0.7759002472225021 0.5135465122670985 0
6565 0.7703991359834601 0.5223997304853352 0
6566 0.7648112914344747 0.5311958795792314 0
6567 0.7591373454401475 0.5399340106318241 0
6568 0.7533779402463765 0.5486131817214154 0
6569 0.7475337284029204 0.5572324580351421 0
6570 0.7416053726847208 0.5657909119816851 0
6571 0.7355935460119907 0.5742876233031106 0
6572 0.7294989313690794 0.5827216791858255 0
6573 0.7233222217221266 0.5910921743706363 0
6574 0.7170641199355092 0.5993982112618961 0
6575 0.7107253386870978 0.6076389000357285 0
6576 0.7043066003823275 0.6158133587473146 0
6577 0.6978086370670995 0.6239207134372283 0
6578 0.6912321903395147 0.6319600982368118 0
6579 0.6845780112604611 0.6399306554725719 0
6580 0.6778468602630574 0.6478315357695923 0
6581 0.6710395070609678 0.6556618981539399 0
6582 0.6641567305555958 0.6634209101540658 0
6583 0.6571993187421721 0.6711077479011734 0
6584 0.6501680686147461 0.6787215962285547 0
6585 0.6430637860700925 0.6862616487698734 0
6586 0.6358872858105425 0.6937271080563914 0
6587 0.628639391245755 0.7011171856131179 0
6588 0.6213209343934386 0.7084311020538772 0
6589 0.6139327557790338 0.7156680871752795 0
6590 0.6064757043343711 0.7228273800495856 0
6591 0.5989506372953142 0.7299082291164503 0
6592 0.5913584200984028 0.7369098922735403 0
6593 0.583699926276507 0.7438316369660095 0
6594 0.5759760373535046 0.7506727402748231 0
6595 0.5681876427379947 0.7574324890039202 0
6596 0.5603356396160626 0.764110179766205 0
6597 0.552420932843104 0.7707051190683536 0
6598 0.5444444348347276 0.7772166233944298 0
6599 0.5364070654567428 0.7836440192882969 0
6600 0.5283097519142546 0.7899866434348146 0
6601 0.520153428639865 0.7962438427398186 0
6602 0.5119390371810122 0.8024149744088622 0
6603 0.5036675260864449 0.8084994060247195 0
6604 0.4953398507918573 0.8144965156236355 0
6605 0.4869569735046903 0.8204056917703162 0
6606 0.4785198630881186 0.8262263336316514 0
6607 0.4700294949442337 0.8319578510491561 0
6608 0.4614868508964395 0.8375996646101262 0
6609 0.4528929190710732 0.8431512057174997 0
6610 0.4442486937782665 0.8486119166584111 0
6611 0.435555175392061 0.8539812506714367 0
6612 0.4268133702297925 0.859258672012517 0
6613 0.4180242904307591 0.8644436560195521 0
6614 0.4091889538341865 0.8695356891756598 0
6615 0.4003083838565073 0.8745342691710913 0
6616 0.3913836093679663 0.8794389049637954 0
6617 0.3824156645685701 0.8842491168386217 0
6618 0.373405588863391 0.8889644364651631 0
6619 0.3643544267372498 0.893584406954219 0
6620 0.355263227628776 0.8981085829128864 0
6621 0.3461330458038802 0.9025365304982585 0
6622 0.3369649402286398 0.9068678274697346 0
6623 0.3277599744416185 0.9111020632399296 0
6624 0.3185192164256356 0.9152388389241782 0
6625 0.3092437384789979 0.91927776738863 0
6626 0.2999346170862129 0.9232184732969247 0
6627 0.290592932788196 0.927060593155448 0
6628 0.2812197700519895 0.9308037753571573 0
6629 0.2718162171400073 0.9344476802239762 0
6630 0.262383365978823 0.9379919800477479 0
6631 0.2529223120275156 0.9414363591297494 0
6632 0.9161997622799725 0.01026135753129781 0
6633 0.915632388510413 0.02052161181255274 0
6634 0.9149645635288224 0.03077965972674129 0
6635 0.9141963176174912 0.04103439842286316 0
6636 0.9133276931665149 0.05128472544891222 0
6637 0.9123587446686823 0.06152953888479895 0
6638 0.9112895387129053 0.07176773747521142 0
6639 0.9101201539761907 0.08199822076239222 0
6640 0.9088506812141532 0.09221988921882263 0
6641 0.9074812232500749 0.1024316443797921 0
6642 0.9060118949625049 0.1126323889758432 0
6643 0.9044428232714111 0.1228210270650649 0
6644 0.9027741471228756 0.1329964641652367 0
6645 0.9010060174723432 0.1431576073857875 0
6646 0.8991385972664192 0.153303365559567 0
6647 0.8971720614232239 0.1634326493744079 0
6648 0.8951065968113023 0.1735443715044652 0
6649 0.8929424022270935 0.1836374467413151 0
6650 0.8906796883709613 0.1937107921248004 0
6651 0.8883186778217902 0.2037633270736018 0
6652 0.8858596050101488 0.2137939735155258 0
6653 0.8833027161900242 0.2238016560174874 0
6654 0.8806482694091322 0.233785301915176 0
6655 0.8778965344778027 0.2437438414423871 0
6656 0.8750477929364493 0.2536762078600046 0
6657 0.8721023380216237 0.2635813375846179 0
6658 0.8690604746306607 0.2734581703167592 0
6659 0.8659225192849156 0.2833056491687435 0
6660 0.8626888000916015 0.293122720792099 0
6661 0.8593596567042288 0.3029083355045702 0
6662 0.8559354402816544 0.3126614474166757 0
6663 0.8524165134457395 0.322381014557816 0
6664 0.8488032502376317 0.332065999001902 0
6665 0.8450960360726639 0.3417153669924982 0
6666 0.8412952676938854 0.3513280890674638 0
6667 0.8374013531242265 0.3609031401830756 0
6668 0.8334147116173038 0.3704394998376178 0
6669 0.8293357736068681 0.3799361521944243 0
6670 0.8251649806549097 0.3893920862043591 0
6671 0.820902785398417 0.3988062957277185 0
6672 0.8165496514948032 0.4081777796555427 0
6673 0.8121060535660014 0.4175055420303189 0
6674 0.8075724771412405 0.4267885921660654 0
6675 0.8029494185985038 0.4360259447677786 0
6676 0.7982373851046813 0.4452166200502309 0
6677 0.7934368945544197 0.4543596438561035 0
6678 0.7885484755076793 0.4634540477734416 0
6679 0.7835726671260059 0.4724988692524157 0
6680 0.7785100191075236 0.481493151721378 0
6681 0.7733610916206577 0.4904359447021935 0
6682 0.7681264552365943 0.4993263039248446 0
6683 0.762806690860486 0.5081632914412781 0
6684 0.7574023896614128 0.5169459757384963 0
6685 0.7519141530011044 0.5256734318508691 0
6686 0.7463425923614331 0.5343447414716576 0
6687 0.7406883292706867 0.5429589930637353 0
6688 0.7349519952286327 0.5515152819694923 0
6689 0.7291342316303751 0.5600127105199102 0
6690 0.7232356896890231 0.5684503881427951 0
6691 0.7172570303571737 0.5768274314701537 0
6692 0.7111989242472192 0.5851429644447018 0
6693 0.7050620515504926 0.5933961184254909 0
6694 0.6988471019552558 0.6015860322926404 0
6695 0.6925547745635428 0.6097118525511647 0
6696 0.6861857778068703 0.617772733433877 0
6697 0.6797408293608205 0.6257678370033662 0
6698 0.6732206560585108 0.6336963332530264 0
6699 0.6666259938029588 0.6415574002071323 0
6700 0.6599575874783561 0.6493502240199418 0
6701 0.653216190860254 0.657073999073827 0
6702 0.6464025665246824 0.6647279280764044 0
6703 0.6395174857562059 0.6723112221566657 0
6704 0.6325617284549283 0.6798231009600925 0
6705 0.6255360830424606 0.6872627927427444 0
6706 0.6184413463668597 0.6946295344643075 0
6707 0.6112783236065535 0.7019225718800961 0
6708 0.6040478281732586 0.709141159631991 0
6709 0.5967506816139075 0.7162845613383086 0
6710 0.5893877135115944 0.7233520496825863 0
6711 0.5819597613855511 0.7303429065012754 0
6712 0.574467670590168 0.7372564228703318 0
6713 0.5669122942130689 0.744091899190689 0
6714 0.559294492972253 0.7508486452726109 0
6715 0.5516151351123185 0.757525980418908 0
6716 0.543875096299778 0.7641232335070088 0
6717 0.5360752595174783 0.7706397430698781 0
6718 0.5282165149581382 0.7770748573757712 0
6719 0.5202997599170205 0.7834279345068097 0
6720 0.5123258986837405 0.7896983424363835 0
6721 0.5042958424332376 0.7958854591053508 0
6722 0.4962105091159145 0.8019886724970406 0
6723 0.4880708233469587 0.8080073807110449 0
6724 0.4798777162948615 0.8139409920357898 0
6725 0.471632125569147 0.8197889250198777 0
6726 0.4633349951073229 0.825550608542194 0
6727 0.4549872750610705 0.8312254818807673 0
6728 0.4465899216816837 0.836812994780376 0
6729 0.438143897204774 0.8423126075188925 0
6730 0.4296501697342526 0.8477237909723581 0
6731 0.4211097131256057 0.8530460266787799 0
6732 0.4125235068684765 0.8582788069006417 0
6733 0.4038925359685676 0.8634216346861223 0
6734 0.395217790828878 0.8684740239290132 0
6735 0.38650026713029 0.8734354994273288 0
6736 0.3777409657115194 0.8783055969406016 0
6737 0.3689408924484429 0.8830838632458566 0
6738 0.3601010581328223 0.8877698561922548 0
6739 0.3512224783504283 0.892363144754406 0
6740 0.3423061733585937 0.8968633090843361 0
6741 0.3333531679631997 0.9012699405621087 0
6742 0.3243644913951147 0.905582641845093 0
6743 0.315341177186099 0.9098010269158713 0
6744 0.3062842630441915 0.9139247211287816 0
6745 0.2971947907285931 0.9179533612550886 0
6746 0.2880738059240607 0.9218865955267778 0
6747 0.2789223581148286 0.9257240836789695 0
6748 0.2697415004580715 0.9294654969909447 0
6749 0.2605322896569255 0.9331105183257777 0
6750 0.2512957858330797 0.9366588421685746 0
6751 0.9022431035373071 0.0101415345024769 0
6752 0.9016113088933995 0.02028200252991214 0
6753 0.900882411411195 0.03042033773585012 0
6754 0.9000564403635749 0.04055547403099008 0
6755 0.8991334367276311 0.05068634571172637 0
6756 0.8981134531797264 0.06081188758863904 0
6757 0.8969965540891418 0.07093103511492677 0
6758 0.8957828155103176 0.08104272451475703 0
6759 0.8944723251736816 0.09114589291152853 0
6760 0.8930651824750726 0.1012394784560213 0
6761 0.8915614984637548 0.1113224204544263 0
6762 0.8899613958290307 0.1213936594962293 0
6763 0.8882650088854466 0.131452137581951 0
6764 0.8864724835565985 0.1414967982507056 0
6765 0.8845839773575386 0.1515265867075815 0
6766 0.882599659375783 0.1615404499508165 0
6767 0.8805197102509256 0.1715373368987608 0
6768 0.8783443221528571 0.1815161985166047 0
6769 0.8760736987585961 0.1914759879428626 0
6770 0.8737080552277304 0.2014156606155928 0
6771 0.8712476181764772 0.2113341743983416 0
6772 0.8686926256503569 0.2212304897057934 0
6773 0.8660433270954945 0.2311035696291147 0
6774 0.8632999833285426 0.2409523800609743 0
6775 0.8604628665052343 0.2507758898202267 0
6776 0.8575322600875697 0.2605730707762418 0
6777 0.8545084588096388 0.2703428979728672 0
6778 0.8513917686420853 0.2800843497520076 0
6779 0.8481825067552148 0.2897964078768069 0
6780 0.8448810014807545 0.2994780576544179 0
6781 0.8414875922722658 0.3091282880583421 0
6782 0.838002629664215 0.3187460918503332 0
6783 0.8344264752297107 0.3283304657018387 0
6784 0.8307595015369085 0.3378804103149704 0
6785 0.827002092104089 0.3473949305429928 0
6786 0.823154641353419 0.3568730355103064 0
6787 0.8192175545633935 0.3663137387319194 0
6788 0.8151912478199725 0.3757160582323879 0
6789 0.8110761479664127 0.3850790166642138 0
6790 0.8068726925518032 0.3944016414256836 0
6791 0.8025813297783098 0.4036829647781358 0
6792 0.7982025184471346 0.4129220239626417 0
6793 0.793736727903199 0.4221178613160854 0
6794 0.7891844379785538 0.4312695243866304 0
6795 0.7845461389345254 0.4403760660485566 0
6796 0.7798223314026058 0.4494365446164557 0
6797 0.77501352632409 0.4584500239587713 0
6798 0.7701202448884725 0.4674155736106684 0
6799 0.7651430184706063 0.4763322688862208 0
6800 0.7600823885666359 0.4851991909898982 0
6801 0.7549389067287078 0.4940154271273497 0
6802 0.7497131344984698 0.5027800706154577 0
6803 0.7444056433393658 0.5114922209916576 0
6804 0.7390170145677343 0.5201509841225067 0
6805 0.7335478392827186 0.5287554723114913 0
6806 0.7279987182949973 0.5373048044060552 0
6807 0.7223702620543448 0.5457981059038426 0
6808 0.7166630905760292 0.5542345090581355 0
6809 0.7108778333660557 0.5626131529824798 0
6810 0.7050151293452678 0.5709331837544819 0
6811 0.6990756267723119 0.5791937545187673 0
6812 0.6930599831654762 0.5873940255890855 0
6813 0.6869688652234138 0.5955331645495524 0
6814 0.680802948744758 0.6036103463550146 0
6815 0.6745629185466413 0.6116247534305255 0
6816 0.6682494683821266 0.6195755757699206 0
6817 0.6618633008565605 0.6274620110334812 0
6818 0.65540512734286 0.6352832646446722 0
6819 0.6488756678957441 0.6430385498859437 0
6820 0.6422756511649121 0.6507270879935885 0
6821 0.6356058143071932 0.6583481082516354 0
6822 0.6288669028976657 0.6659008480847768 0
6823 0.622059670839764 0.6733845531503115 0
6824 0.6151848802743785 0.6807984774290974 0
6825 0.6082433014879643 0.6881418833154973 0
6826 0.6012357128196684 0.695414041706315 0
6827 0.5941629005674833 0.7026142320887024 0
6828 0.5870256588934439 0.7097417426270316 0
6829 0.5798247897278745 0.7167958702487223 0
6830 0.5725611026726993 0.7237759207290109 0
6831 0.5652354149038292 0.730681208774654 0
6832 0.5578485510726333 0.737511058106555 0
6833 0.5504013432065112 0.7442648015413016 0
6834 0.5428946306085747 0.750941781071611 0
6835 0.5353292597564522 0.7575413479456641 0
6836 0.527706084200229 0.7640628627453269 0
6837 0.5200259644595336 0.7705056954632454 0
6838 0.5122897679197865 0.776869225578805 0
6839 0.5044983687276157 0.7831528421329486 0
6840 0.496652647685463 0.7893559438018389 0
6841 0.488753492145384 0.7954779389693614 0
6842 0.4808017959020601 0.8015182457984548 0
6843 0.4727984590850328 0.8074762923012635 0
6844 0.4647443880501754 0.813351516408104 0
6845 0.4566404952704122 0.819143366035232 0
6846 0.4484876992257014 0.8248512991514083 0
6847 0.4402869242922943 0.8304747838432525 0
6848 0.4320391006312816 0.8360132983793738 0
6849 0.4237451640764441 0.8414663312732795 0
6850 0.4154060560214188 0.8468333813450428 0
6851 0.4070227233061939 0.8521139577817316 0
6852 0.3985961181029486 0.857307580196585 0
6853 0.3901271978012487 0.8624137786869349 0
6854 0.3816169248926137 0.8674320938908624 0
6855 0.3730662668544688 0.8723620770425816 0
6856 0.3644761960334948 0.8772032900265505 0
6857 0.355847689528395 0.8819553054302909 0
6858 0.3471817290720808 0.886617706595926 0
6859 0.3384793009133072 0.891190087670414 0
6860 0.3297413956977598 0.8956720536544829 0
6861 0.3209690083486109 0.9000632204502566 0
6862 0.3121631379465623 0.9043632149075647 0
6863 0.3033247876093851 0.9085716748689334 0
6864 0.2944549643709734 0.9126882492132522 0
6865 0.2855546790599253 0.9167125978981073 0
6866 0.2766249461776676 0.9206443920007817 0
6867 0.2676667837761358 0.9244833137579133 0
6868 0.258681213335028 0.9282290566038073 0
6869 0.2496692596386437 0.9318813252074002 0
6870 0.8882864447946413 0.01002171147365583 0
6871 0.8875902292763855 0.02004239324727147 0
6872 0.8868002592935675 0.03006101574495856 0
6873 0.8859165631096584 0.04007654963911683 0
6874 0.8849391802887473 0.05008796597454035 0
6875 0.8838681616907703 0.06009423629247912 0
6876 0.8827035694653784 0.07009433275464194 0
6877 0.8814454770444446 0.08008722826712172 0
6878 0.8800939691332097 0.09007189660423431 0
6879 0.8786491417000699 0.1000473125322506 0
6880 0.8771111019650046 0.1100124519330092 0
6881 0.8754799683866505 0.1199662919273939 0
6882 0.8737558706480175 0.1299078109986653 0
6883 0.8719389496408537 0.1398359891156239 0
6884 0.8700293574486579 0.1497498078555959 0
6885 0.8680272573283423 0.1596482505272252 0
6886 0.8659328236905488 0.1695303022930562 0
6887 0.8637462420786206 0.1793949502918942 0
6888 0.8614677091462306 0.1892411837609247 0
6889 0.8590974326336708 0.199067994157584 0
6890 0.8566356313428055 0.2088743752811574 0
6891 0.8540825351106893 0.2186593233940994 0
6892 0.8514383847818567 0.2284218373430531 0
6893 0.8487034321792823 0.2381609186795613 0
6894 0.8458779400740193 0.2478755717804488 0
6895 0.8429621821535154 0.2575648039678656 0
6896 0.8399564429886166 0.2672276256289752 0
6897 0.8368610179992547 0.2768630503352718 0
6898 0.8336762134188281 0.2864700949615147 0
6899 0.8304023462572802 0.2960477798042654 0
6900 0.8270397442628773 0.3055951287000084 0
6901 0.8235887458826903 0.3151111691428505 0
6902 0.8200497002217897 0.3245949324017752 0
6903 0.8164229670011531 0.3340454536374428 0
6904 0.812708916514293 0.3434617720185218 0
6905 0.8089079295826116 0.3528429308375373 0
6906 0.8050203975094834 0.3621879776262211 0
6907 0.8010467220330768 0.3714959642703516 0
6908 0.7969873152779157 0.3807659471240685 0
6909 0.7928425997051893 0.3899969871236485 0
6910 0.7886130080618163 0.3991881499007288 0
6911 0.7842989833282681 0.4083385058949643 0
6912 0.7799009786651578 0.4174471304661055 0
6913 0.7754194573586036 0.4265131040054823 0
6914 0.7708548927643695 0.4355355120468822 0
6915 0.7662077682507917 0.4445134453768078 0
6916 0.7614785771405008 0.4534460001441011 0
6917 0.7566678226509388 0.4623322779689213 0
6918 0.7517760178336887 0.4711713860510638 0
6919 0.7468036855126139 0.4799624372776028 0
6920 0.7417513582208213 0.4887045503298549 0
6921 0.7366195781364535 0.4973968497896373 0
6922 0.7314088970173187 0.5060384662448187 0
6923 0.7261198761343641 0.5146285363941444 0
6924 0.7207530862040042 0.5231662031513249 0
6925 0.7153091073193076 0.5316506157483751 0
6926 0.7097885288800572 0.5400809298381928 0
6927 0.7041919495216835 0.5484563075963607 0
6928 0.6985199770430882 0.5567759178221644 0
6929 0.6927732283333621 0.5650389360388102 0
6930 0.6869523292974047 0.5732445445928328 0
6931 0.6810579147804598 0.5813919327526802 0
6932 0.6750906284915721 0.5894802968064644 0
6933 0.6690511229259732 0.5975088401588647 0
6934 0.6629400592864124 0.605476773427174 0
6935 0.6567581074034324 0.6133833145364752 0
6936 0.6505059456546102 0.6212276888139359 0
6937 0.6441842608827615 0.6290091290822123 0
6938 0.6377937483131323 0.6367268757519458 0
6939 0.6313351114695704 0.6443801769133497 0
6940 0.6248090620897038 0.6519682884268663 0
6941 0.6182163200391255 0.659490474012888 0
6942 0.6115576132245997 0.6669460053405308 0
6943 0.6048336775062964 0.6743341621154504 0
6944 0.598045256609069 0.6816542321666871 0
6945 0.5911931020327833 0.6889055115325342 0
6946 0.584277972961708 0.6960873045454138 0
6947 0.5773006361729804 0.7031989239157548 0
6948 0.5702618659441547 0.7102396908148583 0
6949 0.5631624439598477 0.7172089349567461 0
6950 0.5560031592174903 0.7241059946789764 0
6951 0.5487848079321976 0.7309302170224209 0
6952 0.5415081934407695 0.7376809578099925 0
6953 0.5341741261048306 0.7443575817243142 0
6954 0.5267834232131262 0.7509594623843194 0
6955 0.5193369088829798 0.7574859824207754 0
6956 0.511835413960929 0.7639365335507198 0
6957 0.5042797759225525 0.7703105166508002 0
6958 0.496670838771491 0.7766073418295136 0
6959 0.4890094529376884 0.7828264284983273 0
6960 0.4812964751748535 0.7889672054416823 0
6961 0.4735327684571614 0.7950291108858643 0
6962 0.4657192018752042 0.8010115925667373 0
6963 0.4578566505312039 0.8069141077963303 0
6964 0.4499459954335014 0.81273612352827 0
6965 0.4419881233903324 0.8184771164220497 0
6966 0.4339839269029048 0.8241365729061289 0
6967 0.4259343040577891 0.8297139892398553 0
6968 0.4178401584186358 0.835208871574201 0
6969 0.409702398917232 0.8406207360113058 0
6970 0.4015219397439114 0.8459491086628214 0
6971 0.3932997002373297 0.8511935257070475 0
6972 0.3850366047736195 0.8563535334448569 0
6973 0.3767335826549374 0.8614286883543958 0
6974 0.3683915679974181 0.8664185571445617 0
6975 0.3600114996185467 0.8713227168072442 0
6976 0.3515943209239675 0.8761407546683269 0
6977 0.3431409797937331 0.8808722684374457 0
6978 0.3346524284680208 0.8855168662564915 0
6979 0.3261296234323198 0.890074166746857 0
6980 0.317573525302107 0.8945437990554203 0
6981 0.3089850987070257 0.8989254028992579 0
6982 0.3003653121745787 0.9032186286090853 0
6983 0.2917151380133536 0.9074231371714161 0
6984 0.28303555219579 0.911538600269437 0
6985 0.2743275342405067 0.9155647003225938 0
6986 0.2655920670942001 0.919501130524882 0
6987 0.2568301370131305 0.9233475948818369 0
6988 0.2480427334442077 0.9271038082462254 0
6989 0.8743297860519754 0.009901888444834805 0
6990 0.8735691496593718 0.01980278396463075 0
6991 0.87271810717594 0.02970169375406734 0
6992 0.8717766858557421 0.03959762524724364 0
6993 0.8707449238498635 0.04948958623735433 0
6994 0.8696228702018141 0.0593765849963192 0
6995 0.8684105848416148 0.06925763039435706 0
6996 0.8671081385785716 0.07913173201948631 0
6997 0.8657156130927379 0.08899790029694032 0
6998 0.8642331009250674 0.09885514660847955 0
6999 0.8626607054662545 0.1087024834115922 0
7000 0.86099854094427 0.1185389243585584 0
7001 0.8592467324105881 0.1283634844153797 0
7002 0.857405415725109 0.138175179980542 0
7003 0.8554747375397773 0.1479730290036104 0
7004 0.8534548552809016 0.1577560511036339 0
7005 0.8513459371301721 0.1675232676873518 0
7006 0.8491481620043843 0.1772737020671836 0
7007 0.8468617195338652 0.1870063795789869 0
7008 0.8444868100396112 0.1967203276995749 0
7009 0.842023644509134 0.2064145761639732 0
7010 0.839472444571022 0.2160881570824054 0
7011 0.8368334424682191 0.2257401050569917 0
7012 0.8341068810300225 0.2353694572981484 0
7013 0.8312930136428042 0.2449752537406709 0
7014 0.8283921042194614 0.2545565371594895 0
7015 0.8254044271675947 0.2641123532850833 0
7016 0.8223302673564241 0.2736417509185359 0
7017 0.8191699200824415 0.2831437820462224 0
7018 0.8159236910338059 0.2926175019541131 0
7019 0.8125918962534888 0.3020619693416748 0
7020 0.8091748621011656 0.3114762464353678 0
7021 0.8056729252138686 0.3208593991017119 0
7022 0.8020864324653973 0.3302104969599151 0
7023 0.798415740924497 0.3395286134940507 0
7024 0.7946612178118039 0.3488128261647681 0
7025 0.7908232404555733 0.3580622165205227 0
7026 0.7869021962461813 0.3672758703083152 0
7027 0.7828984825894187 0.3764528775839232 0
7028 0.7788125068585753 0.3855923328216134 0
7029 0.7746446863453229 0.3946933350233218 0
7030 0.7703954482094013 0.403754987827287 0
7031 0.7660652294271166 0.4127763996161255 0
7032 0.7616544767386535 0.4217566836243341 0
7033 0.7571636465942133 0.4306949580452079 0
7034 0.7525932050989778 0.4395903461371597 0
7035 0.7479436279569114 0.4484419763294307 0
7036 0.7432154004134055 0.457248982327174 0
7037 0.7384090171967714 0.4660105032159068 0
7038 0.7335249824585921 0.4747256835653075 0
7039 0.7285638097129348 0.4833936735323602 0
7040 0.7235260217744373 0.492013628963817 0
7041 0.7184121506952716 0.50058471149798 0
7042 0.7132227377009941 0.5091060886657821 0
7043 0.7079583331252898 0.5175769339911584 0
7044 0.7026194963436181 0.5259964270906952 0
7045 0.6972067957057694 0.534363753772543 0
7046 0.6917208084673376 0.5426781061345859 0
7047 0.6861621207201208 0.550938682661849 0
7048 0.6805313273214564 0.5591446883231384 0
7049 0.6748290318224974 0.5672953346668983 0
7050 0.6690558463954435 0.5753898399162749 0
7051 0.6632123917597301 0.5834274290633764 0
7052 0.6572992971071887 0.5914073339627148 0
7053 0.6513172000261834 0.5993287934238225 0
7054 0.6452667464247386 0.6071910533030296 0
7055 0.6391485904526597 0.6149933665943905 0
7056 0.6329633944226629 0.6227349935197524 0
7057 0.6267118287305204 0.6304152016179476 0
7058 0.6203945717742285 0.638033265833111 0
7059 0.6140123098722143 0.6455884686020972 0
7060 0.6075657371805854 0.6530800999409992 0
7061 0.6010555556094355 0.6605074575307499 0
7062 0.5944824747382145 0.6678698468018032 0
7063 0.5878472117301736 0.6751665810178769 0
7064 0.5811504912458982 0.6823969813587532 0
7065 0.5743930453559328 0.6895603770021251 0
7066 0.5675756134525167 0.6966561052044777 0
7067 0.5606989421604349 0.7036835113809942 0
7068 0.553763785246996 0.7106419491844813 0
7069 0.5467709035311512 0.7175307805832987 0
7070 0.5397210647917621 0.7243493759382869 0
7071 0.5326150436750278 0.7310971140786831 0
7072 0.5254536216010868 0.7377733823770172 0
7073 0.5182375866698004 0.7443775768229746 0
7074 0.5109677335657304 0.7509091020962237 0
7075 0.5036448634623244 0.7573673716381941 0
7076 0.4962697839253185 0.7637518077227955 0
7077 0.4888433088153664 0.7700618415260785 0
7078 0.4813662581899139 0.7762969131948156 0
7079 0.473839458204323 0.7824564719140032 0
7080 0.4662637410122628 0.788539975973274 0
7081 0.4586399446653754 0.7945468928322108 0
7082 0.4509689130122324 0.8004766991845567 0
7083 0.4432514955965907 0.8063288810213078 0
7084 0.4354885475549634 0.8121029336926907 0
7085 0.4276809295135154 0.817798361969005 0
7086 0.4198295074842967 0.8234146801003365 0
7087 0.4119351527608274 0.8289514118751224 0
7088 0.4039987418130451 0.8344080906775686 0
7089 0.3960211561816289 0.8397842595439109 0
7090 0.3880032823717109 0.8450794712175101 0
7091 0.3799460117459902 0.8502932882027785 0
7092 0.3718502404172611 0.8554252828179293 0
7093 0.3637168691403675 0.8604750372465416 0
7094 0.3555468032035987 0.8654421435879378 0
7095 0.3473409523195401 0.8703262039063628 0
7096 0.3391002305153855 0.8751268302789655 0
7097 0.3308255560227343 0.8798436448425693 0
7098 0.3225178511668798 0.8844762798392312 0
7099 0.3141780422556033 0.8890243776605837 0
7100 0.3058070594674891 0.893487590890951 0
7101 0.2974058367397724 0.8978655823492369 0
7102 0.2889753116557338 0.9021580251295798 0
7103 0.2805164253316547 0.9063646026407668 0
7104 0.2720301223033457 0.9104850086444061 0
7105 0.2635173504122644 0.9145189472918502 0
7106 0.254979060691233 0.9184661331598667 0
7107 0.2464162072497717 0.9223262912850505 0
7108 0.8603731273093097 0.009782065416013674 0
7109 0.8595480700423579 0.01956317468199015 0
7110 0.8586359550583127 0.02934237176317595 0
7111 0.8576368086018256 0.0391187008553705 0
7112 0.8565506674109796 0.04889120650016848 0
7113 0.855377578712858 0.05865893370015912 0
7114 0.8541176002178513 0.06842092803407224 0
7115 0.8527708001126988 0.07817623577185101 0
7116 0.8513372570522664 0.08792390398964617 0
7117 0.849817060150065 0.0976629806847088 0
7118 0.8482103089675045 0.1073925148901753 0
7119 0.8465171135018899 0.1171115567897228 0
7120 0.844737594173159 0.1268191578320941 0
7121 0.8428718818093641 0.1365143708454605 0
7122 0.8409201176308967 0.1461962501516248 0
7123 0.8388824532334607 0.1558638516800424 0
7124 0.8367590505697954 0.1655162330816474 0
7125 0.8345500819301477 0.1751524538424731 0
7126 0.8322557299214999 0.1847715753970492 0
7127 0.8298761874455516 0.194372661241566 0
7128 0.8274116576754622 0.203954777046789 0
7129 0.8248623540313544 0.2135169907707113 0
7130 0.8222285001545815 0.2230583727709303 0
7131 0.8195103298807623 0.2325779959167356 0
7132 0.8167080872115893 0.2420749357008928 0
7133 0.8138220262854072 0.2515482703511134 0
7134 0.8108524113465727 0.2609970809411913 0
7135 0.8077995167135936 0.2704204515017999 0
7136 0.804663626746055 0.2798174691309303 0
7137 0.8014450358103317 0.2891872241039609 0
7138 0.7981440482441005 0.2985288099833411 0
7139 0.7947609783196411 0.307841323727885 0
7140 0.7912961502059475 0.3171238658016485 0
7141 0.7877498979296422 0.3263755402823872 0
7142 0.7841225653347006 0.3355954549695798 0
7143 0.7804145060409964 0.3447827214919988 0
7144 0.7766260834016633 0.3539364554148243 0
7145 0.7727576704592857 0.3630557763462788 0
7146 0.7688096499009218 0.3721398080437779 0
7147 0.7647824140119616 0.3811876785195784 0
7148 0.7606763646288297 0.3901985201459148 0
7149 0.7564919130905345 0.3991714697596098 0
7150 0.7522294801890752 0.4081056687661455 0
7151 0.7478894961187035 0.417000263243186 0
7152 0.7434724004240574 0.4258544040435335 0
7153 0.7389786419471638 0.434667246897512 0
7154 0.7344086787733222 0.4434379525147606 0
7155 0.729762978175872 0.4521656866854269 0
7156 0.7250420165598539 0.4608496203807497 0
7157 0.7202462794045701 0.4694889298530122 0
7158 0.7153762612050484 0.4780827967348653 0
7159 0.7104324654124212 0.4866304081379965 0
7160 0.7054154043732244 0.4951309567511414 0
7161 0.7003255992676238 0.5035836409374198 0
7162 0.6951635800465754 0.5119876648309921 0
7163 0.6899298853679285 0.5203422384330151 0
7164 0.6846250625314816 0.5286465777068933 0
7165 0.6792496674129918 0.5368999046728111 0
7166 0.6738042643971535 0.5451014475015336 0
7167 0.6682894263095505 0.5532504406074665 0
7168 0.6627057343475902 0.5613461247409638 0
7169 0.6570537780104271 0.5693877470798698 0
7170 0.6513341550278884 0.5773745613202884 0
7171 0.6455474712884038 0.5853058277665649 0
7172 0.6396943407659543 0.593180813420471 0
7173 0.6337753854460446 0.6009987920695841 0
7174 0.6277912352507095 0.6087590443748452 0
7175 0.6217425279625644 0.6164608579572924 0
7176 0.6156299091479085 0.6241035274839497 0
7177 0.6094540320788868 0.6316863547528724 0
7178 0.6032155576547249 0.6392086487773283 0
7179 0.5969151543220452 0.6466697258691103 0
7180 0.5905534979942713 0.6540689097209691 0
7181 0.5841312719701325 0.6614055314881562 0
7182 0.5776491668512784 0.6686789298690665 0
7183 0.5711078804590131 0.6758884511849722 0
7184 0.5645081177501575 0.6830334494588367 0
7185 0.5578505907320532 0.6901132864932009 0
7186 0.5511360183767151 0.6971273319471304 0
7187 0.5443651265341443 0.7040749634122165 0
7188 0.5375386478448123 0.710955566487621 0
7189 0.5306573216513264 0.7177685348541527 0
7190 0.5237218939092859 0.724513270347374 0
7191 0.5167331170973428 0.7311891830297204 0
7192 0.5096917501264744 0.7377956912616299 0
7193 0.5025985582484812 0.7443322217716722 0
7194 0.4954543129637198 0.7507982097256682 0
7195 0.4882597919280844 0.7571930987947908 0
7196 0.4810157788592417 0.7635163412226434 0
7197 0.4737230634421393 0.769767397891304 0
7198 0.4663824412337926 0.7759457383863241 0
7199 0.4589947135673642 0.7820508410606835 0
7200 0.4515606874555467 0.7880821930976846 0
7201 0.4440811754932608 0.7940392905727829 0
7202 0.4365569957596799 0.7999216385143459 0
7203 0.4289889717195944 0.8057287509633317 0
7204 0.4213779321241259 0.8114601510318815 0
7205 0.4137247109108042 0.8171153709608179 0
7206 0.4060301471030189 0.8226939521760438 0
7207 0.3982950847088583 0.8281954453438316 0
7208 0.3905203726193464 0.8336194104250008 0
7209 0.3827068645060919 0.8389654167279728 0
7210 0.374855418718361 0.8442330429607003 0
7211 0.3669668981795847 0.8494218772814629 0
7212 0.3590421702833169 0.8545315173485215 0
7213 0.3510821067886505 0.8595615703686316 0
7214 0.3430875837151127 0.8645116531443988 0
7215 0.3350594812370379 0.8693813921204854 0
7216 0.3269986835774479 0.8741704234286469 0
7217 0.3189060789014398 0.8788783929316055 0
7218 0.3107825592090995 0.8835049562657474 0
7219 0.3026290202279525 0.8880497788826441 0
7220 0.294446361304966 0.8925125360893886 0
7221 0.2862354852981141 0.8968929130877434 0
7222 0.2779972984675193 0.9011906050120964 0
7223 0.2697327103661847 0.9054053169662182 0
7224 0.2614426337303287 0.9095367640588188 0
7225 0.2531279843693355 0.9135846714378962 0
7226 0.2447896810553357 0.9175487743238757 0
7227 0.846416468566644 0.009662242387192765 0
7228 0.8455269904253442 0.01932356539934948 0
7229 0.8445538029406852 0.02898304977228455 0
7230 0.8434969313479093 0.0386397764634972 0
7231 0.8423564109720957 0.04829282676298247 0
7232 0.8411322872239019 0.05794128240399915 0
7233 0.8398246155940878 0.06758422567378725 0
7234 0.8384334616468255 0.07722073952421588 0
7235 0.8369589010117946 0.08684990768235212 0
7236 0.8354010193750625 0.09647081476093794 0
7237 0.8337599124687542 0.1060825463687582 0
7238 0.8320356860595093 0.1156841892208874 0
7239 0.8302284559357298 0.1252748312488084 0
7240 0.8283383478936195 0.1348535617103785 0
7241 0.8263654977220161 0.1444194712996392 0
7242 0.82431005118602 0.153971652256451 0
7243 0.8221721640094186 0.1635091984759431 0
7244 0.8199520018559113 0.1730312056177626 0
7245 0.8176497403091345 0.1825367712151114 0
7246 0.8152655648514917 0.1920249947835571 0
7247 0.8127996708417906 0.2014949779296048 0
7248 0.8102522634916869 0.2109458244590174 0
7249 0.8076235578409439 0.2203766404848689 0
7250 0.8049137787315022 0.2297865345353226 0
7251 0.8021231607803743 0.239174617661115 0
7252 0.7992519483513532 0.2485400035427371 0
7253 0.7963003955255507 0.2578818085972994 0
7254 0.7932687660707631 0.2671991520850641 0
7255 0.790157333409668 0.2764911562156381 0
7256 0.7869663805868573 0.2857569462538085 0
7257 0.7836962002347121 0.2949956506250075 0
7258 0.7803470945381163 0.3042064010204023 0
7259 0.7769193751980266 0.313388332501585 0
7260 0.7734133633938867 0.3225405836048596 0
7261 0.7698293897449044 0.3316622964451088 0
7262 0.766167794270189 0.3407526168192297 0
7263 0.7624289263477531 0.3498106943091259 0
7264 0.75861314467239 0.3588356823842425 0
7265 0.7547208172124247 0.3678267385036326 0
7266 0.7507523211653475 0.3767830242175433 0
7267 0.7467080429123361 0.3857037052685078 0
7268 0.742588377971668 0.3945879516919324 0
7269 0.7383937309510338 0.4034349379161656 0
7270 0.7341245154987532 0.4122438428620377 0
7271 0.7297811542539012 0.4210138500418591 0
7272 0.7253640787953497 0.4297441476578641 0
7273 0.7208737295897329 0.4384339287000902 0
7274 0.7163105559383384 0.4470823910436797 0
7275 0.7116750159229365 0.4556887375455927 0
7276 0.7069675763505483 0.4642521761407168 0
7277 0.702188712697162 0.4727719199373705 0
7278 0.697338909050405 0.4812471873121762 0
7279 0.6924186580511775 0.4896772020043024 0
7280 0.6874284608342538 0.4980611932090575 0
7281 0.6823688269678609 0.5063983956708258 0
7282 0.6772402743922392 0.514688049775335 0
7283 0.6720433293571939 0.5229294016412436 0
7284 0.6667785263586459 0.5311217032110362 0
7285 0.661446408074186 0.5392642123412182 0
7286 0.6560475252976448 0.5473561928917947 0
7287 0.6505824368726827 0.5553969148150293 0
7288 0.6450517096254107 0.5633856542434645 0
7289 0.6394559182960465 0.5713216935772004 0
7290 0.6337956454696192 0.5792043215704149 0
7291 0.6280714815057253 0.5870328334171195 0
7292 0.6222840244673505 0.5948065308361385 0
7293 0.6164338800487591 0.6025247221552998 0
7294 0.6105216615024658 0.6101867223948324 0
7295 0.6045479895652968 0.6177918533499516 0
7296 0.598513492383545 0.6253394436726336 0
7297 0.5924188054372355 0.6328288289525592 0
7298 0.5862645714635051 0.6402593517972215 0
7299 0.5800514403791069 0.6476303619111882 0
7300 0.5737800692020505 0.6549412161745092 0
7301 0.5674511219723831 0.6621912787202564 0
7302 0.561065269672128 0.6693799210111913 0
7303 0.5546231901443823 0.6765065219155481 0
7304 0.5481255680115896 0.6835704677819239 0
7305 0.5415730945929953 0.6905711525132663 0
7306 0.5349664678212926 0.6975079776399519 0
7307 0.5283063921584734 0.7043803523919433 0
7308 0.5215935785108908 0.7111876937700187 0
7309 0.5148287441435442 0.7179294266160646 0
7310 0.5080126125935989 0.7246049836824233 0
7311 0.5011459135831485 0.731213805700285 0
7312 0.494229382931232 0.7377553414471207 0
7313 0.4872637624651152 0.7442290478131427 0
7314 0.4802497999308505 0.750634389866786 0
7315 0.4731882489031171 0.7569708409192085 0
7316 0.4660798686943647 0.7632378825877921 0
7317 0.4589254242632621 0.7694350048586449 0
7318 0.4517256861224656 0.7755617061480931 0
7319 0.4444814302457181 0.7816174933631582 0
7320 0.4371934379742892 0.7876018819610092 0
7321 0.4298624959227691 0.7935143960073839 0
7322 0.4224893958842254 0.7993545682339729 0
7323 0.4150749347347365 0.8051219400947578 0
7324 0.4076199143373118 0.8108160618212994 0
7325 0.4001251414452106 0.8164364924769653 0
7326 0.3925914276046714 0.8219828000100944 0
7327 0.3850195890570638 0.8274545613060903 0
7328 0.377410446640473 0.8328513622384354 0
7329 0.3697648256907317 0.838172797718622 0
7330 0.3620835559419084 0.8434184717449964 0
7331 0.3543674714262662 0.8485879974505015 0
7332 0.3466174103737025 0.8536809971493251 0
7333 0.3388342151106853 0.8586971023824348 0
7334 0.3310187319586903 0.8636359539620051 0
7335 0.3231718111321615 0.8684972020147246 0
7336 0.3152943066359998 0.8732805060239796 0
7337 0.3073870761625956 0.8779855348709109 0
7338 0.2994509809884158 0.8826119668743374 0
7339 0.2914868858701596 0.8871594898295404 0
7340 0.2834956589404943 0.8916278010459071 0
7341 0.2754781716033839 0.8960166073834258 0
7342 0.2674352984290238 0.9003256252880303 0
7343 0.259367917048393 0.9045545808257873 0
7344 0.2512769080474379 0.9087032097159259 0
7345 0.2431631548608997 0.9127712573627011 0
7346 0.8324598098239782 0.009542419358371634 0
7347 0.8315059108083307 0.01908395611670899 0
7348 0.8304716508230578 0.02862372778139322 0
7349 0.8293570540939927 0.03816085207162401 0
7350 0.8281621545332118 0.0476944470257965 0
7351 0.826886995734946 0.05722363110783918 0
7352 0.8255316309703243 0.06674752331350264 0
7353 0.8240961231809525 0.07626524327658046 0
7354 0.8225805449713228 0.08577591137505791 0
7355 0.8209849786000603 0.09527864883716708 0
7356 0.8193095159700039 0.1047725778473414 0
7357 0.8175542586171289 0.114256821652052 0
7358 0.8157193176983006 0.1237305046655227 0
7359 0.8138048139778746 0.1331927525752967 0
7360 0.8118108778131355 0.1426426924476536 0
7361 0.8097376491385792 0.1520794528328596 0
7362 0.8075852774490418 0.1615021638702389 0
7363 0.8053539217816748 0.170909957393052 0
7364 0.8030437506967691 0.1803019670331735 0
7365 0.8006549422574323 0.1896773283255481 0
7366 0.798187684008119 0.1990351788124206 0
7367 0.7956421729520196 0.2083746581473233 0
7368 0.793018615527306 0.2176949081988074 0
7369 0.7903172275822421 0.2269950731539096 0
7370 0.7875382343491595 0.236274299621337 0
7371 0.7846818704172991 0.2455317367343609 0
7372 0.7817483797045288 0.2547665362534073 0
7373 0.7787380154279326 0.2639778526683281 0
7374 0.7756510400732815 0.2731648433003458 0
7375 0.7724877253633831 0.2823266684036562 0
7376 0.7692483522253235 0.2914624912666738 0
7377 0.7659332107565917 0.3005714783129195 0
7378 0.7625426001901054 0.3096527992015216 0
7379 0.7590768288581312 0.3187056269273319 0
7380 0.7555362141551085 0.3277291379206377 0
7381 0.7519210824993814 0.3367225121464604 0
7382 0.7482317692938431 0.3456849332034276 0
7383 0.7444686188854945 0.3546155884222061 0
7384 0.7406319845239279 0.3635136689634873 0
7385 0.7367222283187338 0.3723783699155083 0
7386 0.7327397211958426 0.3812088903911008 0
7387 0.7286848428528012 0.3900044336242551 0
7388 0.7245579817129923 0.3987642070661856 0
7389 0.7203595348788032 0.4074874224808895 0
7390 0.7160899080837452 0.4161732960401848 0
7391 0.7117495156435358 0.4248210484182161 0
7392 0.7073387804061436 0.43342990488542 0
7393 0.7028581337008049 0.4419990954019325 0
7394 0.698308015286019 0.4505278547104357 0
7395 0.6936888732965263 0.4590154224284214 0
7396 0.6890011641892755 0.4674610431398756 0
7397 0.6842453526883889 0.4758639664863558 0
7398 0.6794219117291305 0.4842234472574637 0
7399 0.6745313224008838 0.4925387454806953 0
7400 0.6695740738891465 0.5008091265106593 0
7401 0.6645506634165497 0.5090338611176549 0
7402 0.6594615961829062 0.5172122255755938 0
7403 0.6543073853043001 0.5253435017492616 0
7404 0.6490885517512186 0.5334269771809028 0
7405 0.6438056242857388 0.5414619451761229 0
7406 0.6384591393977754 0.5494477048890947 0
7407 0.6330496412403943 0.5573835614070592 0
7408 0.6275776815642047 0.5652688258341124 0
7409 0.6220438196508343 0.573102815374265 0
7410 0.6164486222454963 0.5808848534137682 0
7411 0.6107926634886566 0.5886142696026929 0
7412 0.6050765248468087 0.5962903999357545 0
7413 0.5993007950423672 0.6039125868323725 0
7414 0.5934660699826849 0.6114801792159534 0
7415 0.5875729526882032 0.6189925325923951 0
7416 0.581622053219746 0.6264490091277901 0
7417 0.5756139886049648 0.6338489777253326 0
7418 0.5695493827639428 0.6411918141014072 0
7419 0.5634288664339684 0.6484769008608622 0
7420 0.5572530770934878 0.6557036275714461 0
7421 0.5510226588852428 0.6628713908374102 0
7422 0.5447382625386069 0.6699795943722595 0
7423 0.538400545291126 0.6770276490706469 0
7424 0.5320101708092755 0.6840149730794023 0
7425 0.5255678091084409 0.6909409918676871 0
7426 0.5190741364721345 0.6978051382962654 0
7427 0.5125298353704552 0.7046068526858846 0
7428 0.5059355943778024 0.7113455828847555 0
7429 0.4992921080898549 0.7180207843351264 0
7430 0.4926000770398226 0.7246319201389404 0
7431 0.4858602076139827 0.7311784611225693 0
7432 0.4790732119665106 0.7376598859006169 0
7433 0.4722398079336165 0.7440756809387812 0
7434 0.4653607189469924 0.7504253406157735 0
7435 0.4584366739465902 0.7567083672842807 0
7436 0.4514684072927317 0.7629242713309659 0
7437 0.444456658677567 0.7690725712355028 0
7438 0.4374021730358893 0.775152793628632 0
7439 0.4303057004553176 0.7811644733492356 0
7440 0.4231679960858584 0.7871071535004219 0
7441 0.4159898200488564 0.792980385504614 0
7442 0.4087719373453471 0.7987837291576343 0
7443 0.4015151177638193 0.8045167526817807 0
7444 0.3942201357874021 0.8101790327778866 0
7445 0.3868877705004846 0.8157701546763574 0
7446 0.3795188054947812 0.8212897121871802 0
7447 0.3721140287748541 0.8267373077488979 0
7448 0.3646742326631024 0.8321125524765438 0
7449 0.3572002137042321 0.8374150662085298 0
7450 0.3496927725692155 0.8426444775524815 0
7451 0.3421527139587544 0.8478004239300189 0
7452 0.3345808465062579 0.8528825516204708 0
7453 0.3269779826803427 0.857890515803525 0
7454 0.319344938686875 0.8628239806008025 0
7455 0.3116825343705598 0.8676826191163537 0
7456 0.3039915931160918 0.8724661134760745 0
7457 0.2962729417488792 0.8771741548660303 0
7458 0.2885274104353532 0.8818064435696921 0
7459 0.2807558325828745 0.886362689004071 0
7460 0.2729590447392486 0.8908426097547555 0
7461 0.2651378864918629 0.8952459336098424 0
7462 0.2572932003664573 0.8995723975927559 0
7463 0.2494258317255404 0.9038217479939555 0
7464 0.2415366286664637 0.9079937404015266 0
7465 0.8185031510813123 0.00942259632955067 0
7466 0.8174848311913167 0.0188443468340681 0
7467 0.8163894987054303 0.02826440579050177 0
7468 0.8152171768400764 0.0376819276797507 0
7469 0.8139678980943281 0.04709606728861054 0
7470 0.8126417042459897 0.05650597981167937 0
7471 0.8112386463465608 0.06591082095321782 0
7472 0.8097587847150796 0.07530974702894511 0
7473 0.8082021889308509 0.08470191506776392 0
7474 0.8065689378250573 0.09408648291339616 0
7475 0.8048591194712538 0.1034626093259243 0
7476 0.8030728311747486 0.1128294540832165 0
7477 0.8012101794608715 0.122186178082237 0
7478 0.7992712800621299 0.131531943440215 0
7479 0.7972562579042548 0.1408659135956681 0
7480 0.7951652470911382 0.1501872534092684 0
7481 0.7929983908886653 0.1594951292645342 0
7482 0.7907558417074383 0.1687887091683417 0
7483 0.7884377610844038 0.1780671628512358 0
7484 0.7860443196633724 0.1873296618675391 0
7485 0.7835756971744474 0.1965753796952365 0
7486 0.781032082412352 0.2058034918356293 0
7487 0.7784136732136682 0.215013175912746 0
7488 0.7757206764329821 0.2242036117724968 0
7489 0.7729533079179444 0.2333739815815591 0
7490 0.7701117924832449 0.2425234699259848 0
7491 0.7671963638835066 0.2516512639095154 0
7492 0.7642072647851021 0.2607565532515922 0
7493 0.7611447467368946 0.2698385303850536 0
7494 0.7580090701399088 0.2788963905535038 0
7495 0.754800504215935 0.2879293319083403 0
7496 0.7515193269750671 0.2969365556054367 0
7497 0.7481658251821846 0.3059172659014582 0
7498 0.7447402943223758 0.3148706702498041 0
7499 0.7412430385653124 0.3237959793961667 0
7500 0.7376743707285738 0.3326924074736913 0
7501 0.7340346122399328 0.3415591720977291 0
7502 0.7303240930985989 0.3503954944601697 0
7503 0.7265431518354308 0.3592005994233419 0
7504 0.7226921354721199 0.3679737156134731 0
7505 0.7187713994793491 0.3767140755136939 0
7506 0.7147813077339347 0.3854209155565779 0
7507 0.7107222324749511 0.3940934762162056 0
7508 0.706594554258853 0.4027310020997413 0
7509 0.7023986619135891 0.4113327420385103 0
7510 0.6981349524917217 0.4198979491785683 0
7511 0.6938038312225543 0.4284258810707496 0
7512 0.6894057114632715 0.4369157997601852 0
7513 0.6849410146491015 0.4453669718752786 0
7514 0.6804101702425045 0.453778668716126 0
7515 0.675813615681389 0.4621501663423808 0
7516 0.6711517963263727 0.4704807456605353 0
7517 0.6664251654070834 0.478769692510625 0
7518 0.6616341839675135 0.4870162977523329 0
7519 0.656779320810432 0.495219857350493 0
7520 0.65186105244086 0.5033796724599748 0
7521 0.6468798630086184 0.5114950495099441 0
7522 0.6418362442499543 0.5195653002874867 0
7523 0.6367306954282512 0.5275897420205873 0
7524 0.6315637232738331 0.5355676974604512 0
7525 0.6263358419228682 0.5434984949631603 0
7526 0.6210475728553779 0.551381468570654 0
7527 0.6156994448323628 0.5592159580910243 0
7528 0.6102919938320496 0.5670013091781152 0
7529 0.6048257629852674 0.5747368734104167 0
7530 0.5993013025099625 0.5824220083692474 0
7531 0.5937191696448584 0.5900560777162092 0
7532 0.5880799285822684 0.5976384512699126 0
7533 0.5823841504000731 0.6051685050819553 0
7534 0.5766324129928614 0.6126456215121563 0
7535 0.5708253010022567 0.6200691893030212 0
7536 0.5649634057464247 0.6274386036534437 0
7537 0.5590473251487784 0.6347532662916265 0
7538 0.5530776636658865 0.6420125855472152 0
7539 0.5470550322145925 0.6492159764226358 0
7540 0.5409800480983578 0.6563628606636293 0
7541 0.5348533349328317 0.6634526668289709 0
7542 0.5286755225706625 0.67048483035937 0
7543 0.5224472470255558 0.6774587936455383 0
7544 0.5161691503955892 0.6843740060954223 0
7545 0.5098418807857956 0.6912299242005877 0
7546 0.5034660922300196 0.6980260116017505 0
7547 0.4970424446120607 0.7047617391534462 0
7548 0.490571603586111 0.7114365849878295 0
7549 0.4840542404964966 0.7180500345775958 0
7550 0.4774910322967335 0.7246015807980178 0
7551 0.470882661467906 0.7310907239880912 0
7552 0.4642298159363825 0.7375169720107764 0
7553 0.4575331889908677 0.7438798403123386 0
7554 0.4507934791988156 0.7501788519807688 0
7555 0.4440113903222012 0.7564135378032868 0
7556 0.4371876312326684 0.7625834363229125 0
7557 0.4303229158260606 0.7686880938941056 0
7558 0.4234179629363461 0.7747270647374618 0
7559 0.4164734962489477 0.78069991099346 0
7560 0.4094902442134874 0.7866062027752551 0
7561 0.4024689399559576 0.7924455182205106 0
7562 0.3954103211903268 0.798217443542262 0
7563 0.3883151301295937 0.8039215730788081 0
7564 0.3811841133962978 0.8095575093426203 0
7565 0.3740180219324987 0.8151248630682699 0
7566 0.3668176109092353 0.8206232532593605 0
7567 0.3595836396354732 0.8260523072344657 0
7568 0.3523168714665558 0.8314116606720633 0
7569 0.3450180737121649 0.8367009576544614 0
7570 0.3376880175438063 0.8419198507107124 0
7571 0.3303274779018305 0.8470680008585066 0
7572 0.3229372334019951 0.8521450776450448 0
7573 0.3155180662415886 0.8571507591868801 0
7574 0.3080707621051199 0.8620847322087279 0
7575 0.300596110069588 0.8669466920812381 0
7576 0.2930949025093426 0.8717363428577237 0
7577 0.2855679350005469 0.8764533973098437 0
7578 0.2780160062252547 0.8810975769622347 0
7579 0.2704399178751133 0.8856686121260853 0
7580 0.2628404745547019 0.8901662419316545 0
7581 0.2552184836845216 0.8945902143597243 0
7582 0.2475747554036429 0.8989402862719852 0
7583 0.2399101024720278 0.9032162234403518 0
7584 0.8045464923386467 0.00930277330072965 0
7585 0.8034637515743031 0.01860473755142755 0
7586 0.802307346587803 0.02790508379961043 0
7587 0.8010772995861603 0.03720300328787746 0
7588 0.7997736416554444 0.04649768755142458 0
7589 0.7983964127570338 0.05578832851551935 0
7590 0.7969456617227972 0.06507411859293277 0
7591 0.7954214462492064 0.07435425078130981 0
7592 0.7938238328903791 0.08362791876046982 0
7593 0.7921528970500551 0.09289431698962525 0
7594 0.7904087229725038 0.1021526408045073 0
7595 0.7885914037323682 0.1114020865143808 0
7596 0.7867010412234423 0.1206418514989513 0
7597 0.7847377461463851 0.1298711343051331 0
7598 0.7827016379953742 0.1390891347436826 0
7599 0.7805928450436976 0.1482950539856769 0
7600 0.7784115043282884 0.15748809465883 0
7601 0.7761577616332018 0.1666674609436311 0
7602 0.7738317714720384 0.1758323586692981 0
7603 0.7714336970693128 0.1849819954095302 0
7604 0.7689637103407758 0.1941155805780523 0
7605 0.7664219918726844 0.2032323255239353 0
7606 0.7638087309000305 0.2123314436266846 0
7607 0.761124125283722 0.2214121503910839 0
7608 0.7583683814867295 0.2304736635417811 0
7609 0.7555417145491907 0.2395152031176087 0
7610 0.7526443480624847 0.2485359915656234 0
7611 0.7496765141422715 0.2575352538348564 0
7612 0.7466384534005079 0.2665122174697614 0
7613 0.7435304149164346 0.2754661127033514 0
7614 0.7403526562065466 0.2843961725500065 0
7615 0.7371054431935427 0.2933016328979539 0
7616 0.7337890501742634 0.3021817326013947 0
7617 0.7304037597866202 0.3110357135722764 0
7618 0.726949862975516 0.3198628208716956 0
7619 0.7234276589577664 0.328662302800922 0
7620 0.7198374551860227 0.3374334109920308 0
7621 0.7161795673117034 0.3461754004981333 0
7622 0.7124543191469337 0.3548875298831966 0
7623 0.7086620426255059 0.3635690613114381 0
7624 0.7048030777628558 0.3722192606362869 0
7625 0.7008777726150679 0.3808373974889006 0
7626 0.6968864832369097 0.3894227453662257 0
7627 0.692829573638903 0.3979745817185931 0
7628 0.6887074157434332 0.406492188036836 0
7629 0.6845203893399079 0.4149748499389203 0
7630 0.680268882038965 0.4234218572560793 0
7631 0.6759532892257378 0.431832504118438 0
7632 0.671574014012184 0.4402060890401215 0
7633 0.6671314671884825 0.4485419150038308 0
7634 0.6626260671735025 0.456839289544886 0
7635 0.6580582399643564 0.4650975248347149 0
7636 0.6534284190850362 0.4733159377637862 0
7637 0.6487370455341435 0.4814938500239706 0
7638 0.6439845677317176 0.4896305881903267 0
7639 0.6391714414651704 0.4977254838022948 0
7640 0.6342981298343306 0.5057778734442943 0
7641 0.6293651031956085 0.5137870988257118 0
7642 0.6243728391052837 0.521752506860272 0
7643 0.6193218222619274 0.5296734497447794 0
7644 0.6142125444479608 0.5375492850372258 0
7645 0.6090455044703614 0.5453793757342488 0
7646 0.603821208100521 0.5531630903479363 0
7647 0.5985401680132648 0.5608998029819651 0
7648 0.5932029037250384 0.5685888934070653 0
7649 0.5878099415312685 0.5762297471358018 0
7650 0.5823618144429081 0.5838217554966638 0
7651 0.5768590621221699 0.5913643157074524 0
7652 0.5713022308174611 0.5988568309479574 0
7653 0.5656918732975196 0.6062987104319175 0
7654 0.5600285487847673 0.6136893694782521 0
7655 0.5543128228878844 0.6210282295815549 0
7656 0.5485452675336142 0.6283147184818456 0
7657 0.5427264608978044 0.635548270233568 0
7658 0.5368569873356972 0.6427283252738256 0
7659 0.5309374373114727 0.6498543304898482 0
7660 0.5249684073270564 0.6569257392856822 0
7661 0.5189504998501989 0.663942011648093 0
7662 0.512884323241836 0.6709026142116743 0
7663 0.5067704916827376 0.6778070203231575 0
7664 0.5006096250994566 0.6846547101049101 0
7665 0.4944023490895839 0.6914451705176163 0
7666 0.488149294846319 0.6981778954221369 0
7667 0.481851099082367 0.7048523856405327 0
7668 0.4755084039531707 0.7114681490162509 0
7669 0.4691218569794842 0.7180247004734663 0
7670 0.4626921109693014 0.7245215620755655 0
7671 0.4562198239391485 0.7309582630827716 0
7672 0.449705659034743 0.7373343400089035 0
7673 0.443150284451041 0.7436493366772571 0
7674 0.4365543733516707 0.7499028042756075 0
7675 0.4299186037877697 0.7560943014103219 0
7676 0.4232436586162319 0.7622233941595793 0
7677 0.4165302254173746 0.7682896561256881 0
7678 0.4097789964120369 0.7742926684864979 0
7679 0.4029906683781184 0.7802320200458962 0
7680 0.3961659425665681 0.786107307283387 0
7681 0.3893055246168344 0.7919181344027434 0
7682 0.3824101244717853 0.7976641133797294 0
7683 0.3754804562921109 0.8033448640088832 0
7684 0.3685172383702162 0.8089600139493596 0
7685 0.3615211930436163 0.8145091987698232 0
7686 0.354493046607844 0.8199920619923875 0
7687 0.3474335292288794 0.8254082551355967 0
7688 0.3403433748551143 0.8307574377564413 0
7689 0.3332233211288582 0.8360392774914062 0
7690 0.3260741092974031 0.8412534500965425 0
7691 0.3188964841236475 0.8463996394865645 0
7692 0.3116911937963021 0.8514775377729576 0
7693 0.3044589898396799 0.8564868453011021 0
7694 0.2972006270230841 0.8614272706864017 0
7695 0.2899168632698059 0.8662985308494169 0
7696 0.2826084595657405 0.8711003510499955 0
7697 0.275276179867635 0.8758324649203983 0
7698 0.2679207910109779 0.8804946144974148 0
7699 0.260543062617541 0.8850865502534667 0
7700 0.2531437670025858 0.8896080311266928 0
7701 0.2457236790817454 0.8940588245500147 0
7702 0.2382835762775918 0.8984387064791771 0
7703 0.7905898335959811 0.009182950271908574 0
7704 0.7894426719572891 0.01836512826878695 0
7705 0.7882251944701757 0.02754576180871898 0
7706 0.7869374223322437 0.03672407889600432 0
7707 0.7855793852165605 0.04589930781423868 0
7708 0.7841511212680776 0.05507067721935932 0
7709 0.7826526770990337 0.064237416232648 0
7710 0.7810841077833336 0.07339875453367456 0
7711 0.7794454768499073 0.08255392245317578 0
7712 0.7777368562750526 0.09170215106585455 0
7713 0.7759583264737535 0.1008426722830904 0
7714 0.7741099762899879 0.1099747189455456 0
7715 0.7721919029860131 0.1190975249156656 0
7716 0.7702042122306403 0.1282103251700514 0
7717 0.7681470180864934 0.1373123558916968 0
7718 0.7660204429962567 0.1464028545620856 0
7719 0.7638246177679118 0.1554810600531255 0
7720 0.7615596815589654 0.1645462127189206 0
7721 0.759225781859673 0.1735975544873603 0
7722 0.7568230744752533 0.1826343289515212 0
7723 0.7543517235071042 0.1916557814608681 0
7724 0.7518119013330173 0.2006611592122411 0
7725 0.7492037885863928 0.2096497113406232 0
7726 0.7465275741344619 0.218620689009671 0
7727 0.7437834550555145 0.2275733455020033 0
7728 0.7409716366151367 0.2365069363092325 0
7729 0.7380923322414628 0.2454207192217314 0
7730 0.7351457634994411 0.2543139544181205 0
7731 0.7321321600641213 0.2631859045544693 0
7732 0.7290517596929604 0.2720358348531991 0
7733 0.7259048081971582 0.2808630131916729 0
7734 0.7226915594120179 0.2896667101904712 0
7735 0.7194122751663423 0.2984461993013313 0
7736 0.7160672252508649 0.3072007568947487 0
7737 0.7126566873857199 0.3159296623472247 0
7738 0.7091809471869586 0.3246321981281529 0
7739 0.7056402981321126 0.3333076498863324 0
7740 0.7020350415248078 0.341955306536097 0
7741 0.6983654864584369 0.3505744603430513 0
7742 0.694631949778892 0.359164407009403 0
7743 0.6908347560463624 0.3677244457588799 0
7744 0.6869742374962011 0.3762538794212232 0
7745 0.6830507339988685 0.3847520145162456 0
7746 0.6790645930189529 0.3932181613374449 0
7747 0.6750161695732773 0.4016516340351616 0
7748 0.670905826188094 0.4100517506992724 0
7749 0.6667339328553756 0.418417833441409 0
7750 0.6625008669882043 0.4267492084766908 0
7751 0.6582070133752667 0.4350452062049645 0
7752 0.6538527641344606 0.4433051612915354 0
7753 0.6494385186656161 0.4515284127473911 0
7754 0.6449646836023404 0.4597143040088946 0
7755 0.6404316727629893 0.4678621830169474 0
7756 0.6358399071007732 0.4759714022956082 0
7757 0.6311898146530033 0.4840413190301603 0
7758 0.626481830489481 0.4920712951446147 0
7759 0.621716396660043 0.5000606973786446 0
7760 0.6168939621412627 0.5080088973639372 0
7761 0.6120149827823164 0.5159152716999565 0
7762 0.6070799212500216 0.5237792020291075 0
7763 0.6020892469730537 0.5316000751112913 0
7764 0.597043436085345 0.5393772828978435 0
7765 0.5919429713686792 0.5471102226048483 0
7766 0.5867883421944801 0.5547982967858152 0
7767 0.5815800444648094 0.5624409134037138 0
7768 0.5763185805525746 0.5700374859023564 0
7769 0.5710044592409578 0.5775874332771185 0
7770 0.5656381956620713 0.5850901801449926 0
7771 0.5602203112348494 0.5925451568139593 0
7772 0.5547513336021779 0.599951799351679 0
7773 0.5492317965672779 0.607309549653483 0
7774 0.5436622400293443 0.614617855509666 0
7775 0.53804320991845 0.6218761706720647 0
7776 0.5323752581297225 0.6290839549199211 0
7777 0.5266589424568019 0.6362406741250153 0
7778 0.5208948265245876 0.6433458003160673 0
7779 0.5150834797212811 0.6503988117423937 0
7780 0.5092254771297354 0.657399192936816 0
7781 0.5033213994581162 0.6643464347778103 0
7782 0.4973718329698859 0.6712400345508929 0
7783 0.4913773694131178 0.6780794960092322 0
7784 0.4853386059491483 0.6848643294334823 0
7785 0.4792561450805772 0.6915940516908277 0
7786 0.4731305945786231 0.6982681862932356 0
7787 0.4669625674098448 0.7048862634549062 0
7788 0.4607526816622349 0.7114478201489147 0
7789 0.4545015604706968 0.7179524001630398 0
7790 0.4482098319419144 0.724399554154767 0
7791 0.4418781290786183 0.7307888397054685 0
7792 0.4355070897032665 0.7371198213737455 0
7793 0.4290973563811402 0.7433920707479285 0
7794 0.4226495763428711 0.7496051664977316 0
7795 0.4161644014064032 0.7557586944250529 0
7796 0.409642487898403 0.7618522475139143 0
7797 0.4030844965751261 0.7678854259795359 0
7798 0.3964910925427494 0.7738578373165372 0
7799 0.3898629451771787 0.7797690963462632 0
7800 0.3832007280433419 0.7856188252632248 0
7801 0.3765051188139769 0.7914066536806508 0
7802 0.3697767991879241 0.7971322186751459 0
7803 0.3630164548079337 0.8027951648304494 0
7804 0.3562247751779974 0.8083951442802857 0
7805 0.3494024535802147 0.8139318167503093 0
7806 0.3425501869912031 0.8194048495991302 0
7807 0.3356686759980637 0.8248139178584212 0
7808 0.3287586247139101 0.8301587042720998 0
7809 0.3218207406929757 0.8354388993345785 0
7810 0.3148557348452998 0.8406542013280844 0
7811 0.3078643213510156 0.8458043163590354 0
7812 0.3008472175742399 0.8508889583934762 0
7813 0.2938051439765804 0.8559078492915653 0
7814 0.2867388240302693 0.8608607188411099 0
7815 0.2796489841309341 0.8657473047901473 0
7816 0.2725363535100152 0.8705673528785621 0
7817 0.2654016641468426 0.8753206168687444 0
7818 0.25824565068038 0.8800068585752788 0
7819 0.2510690503206501 0.8846258478936614 0
7820 0.2438726027598478 0.8891773628280444 0
7821 0.2366570500831558 0.8936611895180024 0
7822 0.7766331748533153 0.009063127243087499 0
7823 0.7754215923402753 0.01812551898614639 0
7824 0.7741430423525482 0.02718643981782765 0
7825 0.7727975450783273 0.03624515450413118 0
7826 0.7713851287776766 0.0453009280770526 0
7827 0.7699058297791216 0.05435302592319935 0
7828 0.7683596924752703 0.06340071387236335 0
7829 0.7667467693174604 0.07244325828603937 0
7830 0.7650671208094355 0.08147992614588168 0
7831 0.76332081550005 0.09050998514208369 0
7832 0.7615079299750034 0.09953270376167339 0
7833 0.7596285488476074 0.10854735137671 0
7834 0.7576827647485838 0.1175531983323801 0
7835 0.7556706783148954 0.1265495160349696 0
7836 0.7535923981776129 0.1355355770397113 0
7837 0.7514480409488158 0.1445106551384941 0
7838 0.7492377312075351 0.1534740254474212 0
7839 0.746961601484729 0.16242496449421 0
7840 0.7446197922473077 0.1713627503054224 0
7841 0.7422124518811934 0.1802866624935122 0
7842 0.7397397366734326 0.1891959823436838 0
7843 0.7372018107933496 0.1980899929005472 0
7844 0.7345988462727551 0.2069679790545618 0
7845 0.7319310229852019 0.2158292276282581 0
7846 0.7291985286242996 0.2246730274622253 0
7847 0.7264015586810826 0.2334986695008565 0
7848 0.7235403164204406 0.2423054468778394 0
7849 0.7206150128566107 0.2510926550013845 0
7850 0.7176258667277344 0.259859591639177 0
7851 0.7145731044694859 0.2686055570030468 0
7852 0.7114569601877696 0.2773298538333392 0
7853 0.7082776756304932 0.2860317874829884 0
7854 0.7050355001584212 0.2947106660012681 0
7855 0.7017306907151093 0.3033658002172209 0
7856 0.6983635117959237 0.3119965038227536 0
7857 0.6949342354161512 0.3206020934553836 0
7858 0.6914431410782026 0.329181888780634 0
7859 0.687890515737912 0.3377352125740606 0
7860 0.6842766537699398 0.346261390802906 0
7861 0.6806018569322781 0.3547597527073679 0
7862 0.6768664343298687 0.3632296308814729 0
7863 0.6730707023773344 0.3716703613535459 0
7864 0.6692149847608271 0.3800812836662657 0
7865 0.6652996123990027 0.3884617409562967 0
7866 0.661324923403121 0.3968110800334872 0
7867 0.6572912630362799 0.4051286514596245 0
7868 0.6531989836717862 0.4134138096267387 0
7869 0.6490484447506708 0.4216659128349436 0
7870 0.6448400127383492 0.4298843233698074 0
7871 0.6405740610804386 0.43806840757924 0
7872 0.6362509701577297 0.4462175359498963 0
7873 0.6318711272403241 0.4543310831830741 0
7874 0.627434926440942 0.4624084282701085 0
7875 0.6229427686674032 0.4704489545672459 0
7876 0.6183950615742888 0.4784520498699939 0
7877 0.6137922195137914 0.4864171064869346 0
7878 0.6091346634857552 0.4943435213129947 0
7879 0.6044228210869168 0.5022306959021623 0
7880 0.5996571264593489 0.5100780365396411 0
7881 0.5948380202381158 0.5178849543134357 0
7882 0.5899659494981462 0.5256508651853566 0
7883 0.5850413677003286 0.5333751900614382 0
7884 0.5800647346368373 0.5410573548617602 0
7885 0.5750365163756953 0.5486967905896653 0
7886 0.5699571852045804 0.5562929334003622 0
7887 0.5648272195738805 0.5638452246689107 0
7888 0.5596471040390074 0.5713531110575731 0
7889 0.5544173292019726 0.5788160445825326 0
7890 0.5491383916522374 0.5862334826799611 0
7891 0.5438107939068361 0.5936048882714402 0
7892 0.5384350443497885 0.600929729828714 0
7893 0.533011657170804 0.6082074814377771 0
7894 0.5275411523032856 0.6154376228622839 0
7895 0.5220240553616404 0.622619639606274 0
7896 0.5164608975779065 0.6297530229762051 0
7897 0.5108522157377025 0.6368372701422863 0
7898 0.5051985521155058 0.643871884199105 0
7899 0.4995004544092718 0.6508563742255391 0
7900 0.4937584756743963 0.6577902553439463 0
7901 0.4879731742570341 0.6646730487786281 0
7902 0.4821451137267788 0.6715042819135546 0
7903 0.4762748628087127 0.6782834883493483 0
7904 0.4703629953148354 0.6850102079595184 0
7905 0.4644100900748792 0.6916839869459387 0
7906 0.4584167308665188 0.6983043778935614 0
7907 0.4523835063449856 0.7048709398243633 0
7908 0.4463110099720922 0.7113832382505141 0
7909 0.4401998399446804 0.7178408452267622 0
7910 0.4340505991224937 0.7242433394020336 0
7911 0.4278638949554918 0.7305903060702338 0
7912 0.4216403394106097 0.7368813372202492 0
7913 0.4153805488979725 0.7431160315851411 0
7914 0.4090851441965744 0.7492939946905266 0
7915 0.4027547503794314 0.7554148389021407 0
7916 0.3963899967382153 0.7614781834725739 0
7917 0.3899915167073804 0.7674836545871784 0
7918 0.3835599477877892 0.7734308854091396 0
7919 0.3770959314698494 0.7793195161237061 0
7920 0.3706001131561684 0.7851491939815722 0
7921 0.3640731420837372 0.7909195733414089 0
7922 0.3575156712456511 0.7966303157115391 0
7923 0.3509283573123785 0.8022810897907483 0
7924 0.3443118605525854 0.807871571508231 0
7925 0.3376668447535267 0.8134014440626636 0
7926 0.330993977141013 0.8188703979604012 0
7927 0.324293928298962 0.8242781310527934 0
7928 0.3175673720885482 0.8296243485726145 0
7929 0.3108149855669523 0.8349087631696042 0
7930 0.3040374489057291 0.8401310949451131 0
7931 0.2972354453087999 0.8452910714858505 0
7932 0.2904096609300765 0.8503884278967289 0
7933 0.2835607847907326 0.8554229068328033 0
7934 0.2766895086961277 0.8603942585302989 0
7935 0.2697965271523954 0.8653022408367259 0
7936 0.2628825372827072 0.8701466192400741 0
7937 0.255948238743219 0.8749271668970908 0
7938 0.2489943336387144 0.8796436646606299 0
7939 0.2420215264379503 0.8842959011060741 0
7940 0.2350305238887198 0.8888836725568278 0
7941 0.7626765161106493 0.008943304214266423 0
7942 0.7614005127232617 0.01788590970350568 0
7943 0.7600608902349207 0.02682711782693631 0
7944 0.758657667824411 0.03576623011225794 0
7945 0.7571908723387928 0.04470254833986675 0
7946 0.7556605382901656 0.05363537462703932 0
7947 0.7540667078515066 0.06256401151207852 0
7948 0.7524094308515874 0.07148776203840412 0
7949 0.7506887647689638 0.08040592983858758 0
7950 0.7489047747250477 0.08931781921831278 0
7951 0.7470575334762533 0.09822273524025621 0
7952 0.7451471214052272 0.1071199838078745 0
7953 0.7431736265111547 0.1160088717490944 0
7954 0.7411371443991508 0.1248887068998877 0
7955 0.7390377782687321 0.1337587981877257 0
7956 0.7368756389013752 0.1426184557149028 0
7957 0.7346508446471582 0.1514669908417168 0
7958 0.7323635214104924 0.1603037162694996 0
7959 0.7300138026349422 0.1691279461234847 0
7960 0.7276018292871338 0.1779389960355034 0
7961 0.725127749839761 0.1867361832264997 0
7962 0.7225917202536821 0.1955188265888531 0
7963 0.7199939039591172 0.2042862467685004 0
7964 0.7173344718359416 0.2130377662468453 0
7965 0.7146136021930845 0.2217727094224473 0
7966 0.7118314807470285 0.2304904026924802 0
7967 0.7089883005994186 0.2391901745339474 0
7968 0.7060842622137802 0.2478713555846487 0
7969 0.7031195733913478 0.2565332787238849 0
7970 0.7000944492460116 0.2651752791528944 0
7971 0.697009112178381 0.2737966944750057 0
7972 0.6938637918489685 0.2823968647755056 0
7973 0.6906587251505001 0.2909751327012046 0
7974 0.687394156179354 0.2995308435396932 0
7975 0.6840703362061276 0.3080633452982826 0
7976 0.6806875236453436 0.3165719887826144 0
7977 0.6772459840242926 0.3250561276749356 0
7978 0.6737459899510165 0.3335151186120242 0
7979 0.6701878210814429 0.3419483212627606 0
7980 0.6665717640856643 0.3503550984053328 0
7981 0.6628981126133755 0.3587348160040659 0
7982 0.6591671672584677 0.3670868432858686 0
7983 0.6553792355227858 0.3754105528162857 0
7984 0.6515346317790526 0.3837053205751485 0
7985 0.6476336772329651 0.3919705260318128 0
7986 0.643676699884466 0.4002055522199766 0
7987 0.639664034488197 0.4084097858120685 0
7988 0.6355960225131373 0.4165826171931964 0
7989 0.6314730121014318 0.4247234405346503 0
7990 0.6272953580264168 0.4328316538669447 0
7991 0.6230634216498432 0.4409066591524015 0
7992 0.6187775708783079 0.4489478623572538 0
7993 0.6144381801188949 0.4569546735232698 0
7994 0.610045630234033 0.4649265068388836 0
7995 0.6056003084955743 0.4728627807098275 0
7996 0.6011026085381018 0.4807629178292545 0
7997 0.5965529303114675 0.488626345247345 0
7998 0.591951680032571 0.4964524944403875 0
7999 0.5872992701363815 0.5042408013793257 0
8000 0.5825961192262101 0.5119907065977639 0
8001 0.577842652023239 0.5197016552594221 0
8002 0.5730392993153122 0.527373097225033 0
8003 0.5681864979049954 0.5350044871186722 0
8004 0.5632846905569107 0.5425952843935153 0
8005 0.5583343259443514 0.5501449533970109 0
8006 0.5533358585951865 0.5576529634354652 0
8007 0.5482897488370571 0.5651187888380278 0
8008 0.5431964627418741 0.5725419090200725 0
8009 0.5380564720696256 0.5799218085459631 0
8010 0.5328702542114943 0.5872579771912015 0
8011 0.5276382921322991 0.594549910003945 0
8012 0.5223610743122639 0.6017971073658883 0
8013 0.5170390946881214 0.6089990750525029 0
8014 0.5116728525935584 0.6161553242926269 0
8015 0.5062628526990112 0.6232653718273948 0
8016 0.5008096049508173 0.6303287399685054 0
8017 0.4953136245097306 0.6373449566558165 0
8018 0.4897754316888082 0.6443135555142621 0
8019 0.4841955518906765 0.6512340759100823 0
8020 0.4785745155441825 0.6581060630063633 0
8021 0.4729128580404399 0.6649290678178769 0
8022 0.4672111196682771 0.6717026472652141 0
8023 0.4614698455490936 0.6784263642282092 0
8024 0.4556895855711352 0.6850997875986418 0
8025 0.4498708943231929 0.6917224923322167 0
8026 0.4440143310277364 0.6982940594998118 0
8027 0.4381204594734877 0.7048140763379883 0
8028 0.4321898479474464 0.7112821362987573 0
8029 0.426223069166369 0.7176978390985984 0
8030 0.4202207002077172 0.724060790766722 0
8031 0.4141833224400793 0.7303706036925702 0
8032 0.4081115214530739 0.7366268966725509 0
8033 0.4020058869867458 0.7428292949560003 0
8034 0.3958670128604598 0.7489774302903671 0
8035 0.3896954969013046 0.7550709409656118 0
8036 0.3834919408720114 0.7611094718578193 0
8037 0.3772569503983998 0.767092674472016 0
8038 0.370991134896357 0.7730202069841874 0
8039 0.36469510749836 0.7788917342824935 0
8040 0.3583694849795503 0.7847069280076718 0
8041 0.3520148876833685 0.7904654665926287 0
8042 0.3456319394467596 0.7961670353012108 0
8043 0.3392212675249562 0.8018113262661528 0
8044 0.3327835025158504 0.8073980385261972 0
8045 0.3263192782839623 0.8129268780623811 0
8046 0.3198292318840139 0.818397557833487 0
8047 0.3133140034841209 0.8238097978106504 0
8048 0.3067742362886047 0.8291633250111239 0
8049 0.3002105764604427 0.8344578735311907 0
8050 0.2936236730433599 0.8396931845782245 0
8051 0.2870141778835726 0.8448690065018924 0
8052 0.280382745551196 0.8499850948244964 0
8053 0.2737300332613213 0.8550412122704507 0
8054 0.2670567007947757 0.8600371287948896 0
8055 0.2603634104185718 0.8649726216114038 0
8056 0.2536508268060581 0.869847475218903 0
8057 0.2469196169567787 0.8746614814275984 0
8058 0.2401704501160528 0.8794144393841038 0
8059 0.2334039976942838 0.8841061555956529 0
8060 0.7487198573679836 0.008823481185445514 0
8061 0.7473794331062479 0.01764630042086507 0
8062 0.7459787381172935 0.02646779583604486 0
8063 0.7445177905704945 0.03528730572038469 0
8064 0.742996615899909 0.04410416860268079 0
8065 0.7414152468012095 0.05291772333087941 0
8066 0.7397737232277433 0.06172730915179353 0
8067 0.7380720923857145 0.07053226579076866 0
8068 0.736310408728492 0.07933193353129359 0
8069 0.734488733950045 0.08812565329454197 0
8070 0.732607136977503 0.09691276671883919 0
8071 0.7306656939628466 0.105692616239039 0
8072 0.7286644882737254 0.1144645451658087 0
8073 0.7266036104834059 0.123227897764806 0
8074 0.7244831583598517 0.1319820193357401 0
8075 0.7223032368539344 0.1407262562913115 0
8076 0.7200639580867814 0.1494599562360125 0
8077 0.7177654413362562 0.158182468044789 0
8078 0.7154078130225769 0.1668931419415469 0
8079 0.7129912066930741 0.1755913295774942 0
8080 0.7105157630060892 0.1842763841093154 0
8081 0.7079816297140147 0.1929476602771591 0
8082 0.7053889616454794 0.2016045144824389 0
8083 0.7027379206866817 0.2102463048654323 0
8084 0.7000286757618697 0.2188723913826694 0
8085 0.6972614028129744 0.227482135884104 0
8086 0.6944362847783967 0.2360749021900555 0
8087 0.6915535115709495 0.2446500561679128 0
8088 0.6886132800549611 0.2532069658085926 0
8089 0.6856157940225374 0.261745001302742 0
8090 0.6825612641689927 0.2702635351166721 0
8091 0.6794499080674439 0.278761942068023 0
8092 0.6762819501425792 0.2872395994011412 0
8093 0.6730576216435984 0.2956958868621654 0
8094 0.6697771606163314 0.3041301867738115 0
8095 0.6664408118745362 0.3125418841098453 0
8096 0.6630488269703823 0.3209303665692373 0
8097 0.659601464164121 0.3292950246499878 0
8098 0.6560989883929459 0.3376352517226153 0
8099 0.6525416712390504 0.3459504441032977 0
8100 0.6489297908968821 0.3542400011266589 0
8101 0.645263632139601 0.3625033252181913 0
8102 0.6415434862847444 0.3707398219663057 0
8103 0.6377696511591024 0.3789489001940005 0
8104 0.633942431062809 0.3871299720301384 0
8105 0.630062136732652 0.3952824529803287 0
8106 0.6261290853046078 0.4034057619973982 0
8107 0.6221436002756037 0.4114993215514492 0
8108 0.6181060114645143 0.4195625576994933 0
8109 0.6140166549723949 0.4275949001546493 0
8110 0.6098758731419567 0.4355957823549066 0
8111 0.6056840145162916 0.4435646415314334 0
8112 0.6014414337968479 0.451500918776431 0
8113 0.5971484918006629 0.4594040591105213 0
8114 0.59280555541686 0.4672735115496612 0
8115 0.5884129975624123 0.4751087291715744 0
8116 0.5839711971371797 0.4829091691816952 0
8117 0.5794805389782252 0.4906742929786127 0
8118 0.574941413813414 0.4984035662190104 0
8119 0.5703542182143043 0.5060964588820921 0
8120 0.5657193545483317 0.5137524453334876 0
8121 0.5610372309302957 0.5213710043886277 0
8122 0.5563082611731536 0.5289516193755842 0
8123 0.5515328647381259 0.5364937781973653 0
8124 0.5467114666841224 0.5439969733936594 0
8125 0.5418444976164924 0.5514607022020196 0
8126 0.5369323936351066 0.5588844666184825 0
8127 0.5319755962817754 0.5662677734576126 0
8128 0.5269745524870137 0.5736101344119651 0
8129 0.5219297145161526 0.5809110661109629 0
8130 0.5168415399148096 0.5881700901791759 0
8131 0.5117104914537236 0.5953867332939995 0
8132 0.5065370370729571 0.6025605272427221 0
8133 0.5013216498254764 0.60969100897898 0
8134 0.4960648078201159 0.6167777206785845 0
8135 0.4907669941639323 0.6238202097947243 0
8136 0.4854286969039553 0.6308180291125278 0
8137 0.4800504089683446 0.6377707368029852 0
8138 0.4746326281069567 0.6446778964762183 0
8139 0.4691758568313307 0.6515390772340987 0
8140 0.463680602354101 0.6583538537221991 0
8141 0.4581473765278414 0.6651218061810801 0
8142 0.4525766957833519 0.6718425204969 0
8143 0.4469690810673912 0.6785155882513447 0
8144 0.4413250577798669 0.6851406067708721 0
8145 0.4356451557104871 0.6917171791752603 0
8146 0.429929908974883 0.6982449144254628 0
8147 0.4241798559502125 0.7047234273707526 0
8148 0.4183955392102444 0.7111523387951635 0
8149 0.4125775054599427 0.7175312754632104 0
8150 0.4067263054695488 0.7238598701648911 0
8151 0.4008424940081753 0.7301377617599604 0
8152 0.3949266297769171 0.7363645952214739 0
8153 0.3889792753414883 0.7425400216785933 0
8154 0.3830009970643938 0.7486636984586498 0
8155 0.3769923650366424 0.7547352891284604 0
8156 0.3709539530090103 0.7607544635348924 0
8157 0.3648863383228645 0.7667208978446689 0
8158 0.3587901018405516 0.772634274583415 0
8159 0.3526658278753635 0.7784942826739347 0
8160 0.346514104121086 0.7843006174737184 0
8161 0.3403355215811406 0.7900529808116734 0
8162 0.3341306744973269 0.7957510810240747 0
8163 0.3279001602781741 0.8013946329897307 0
8164 0.3216445794269117 0.8069833581643611 0
8165 0.3153645354690658 0.8125169846141806 0
8166 0.3090606348796934 0.8179952470486864 0
8167 0.302733487010257 0.8234178868526436 0
8168 0.2963837040151563 0.8287846521172684 0
8169 0.2900119007779199 0.8340952976705986 0
8170 0.2836186948370689 0.8393495851070559 0
8171 0.2772047063116594 0.8445472828161896 0
8172 0.2707705578265149 0.8496881660106024 0
8173 0.2643168744371559 0.8547720167530533 0
8174 0.2578442835544364 0.8597986239827333 0
8175 0.2513534148688972 0.8647677835407152 0
8176 0.244844900274843 0.8696792981945668 0
8177 0.2383193737941554 0.8745329776621333 0
8178 0.2317774714998478 0.8793286386344783 0
8179 0.7347631986253178 0.008703658156624439 0
8180 0.7333583534892341 0.0174066911382243 0
8181 0.731896585999666 0.02610847384515352 0
8182 0.7303779133165783 0.03480838132851144 0
8183 0.7288023594610251 0.04350578886549478 0
8184 0.7271699553122533 0.05220007203471949 0
8185 0.7254807386039798 0.06089060679150871 0
8186 0.7237347539198413 0.06957676954313335 0
8187 0.7219320526880202 0.0782579372239996 0
8188 0.7200726931750425 0.08693348737077111 0
8189 0.7181567404787529 0.09560279819742235 0
8190 0.7161842665204663 0.1042652486702035 0
8191 0.7141553500362964 0.1129202185825232 0
8192 0.7120700765676613 0.1215670886297241 0
8193 0.7099285384509709 0.1302052404837546 0
8194 0.7077308348064937 0.1388340568677202 0
8195 0.7054770715264047 0.147452921630308 0
8196 0.7031673612620197 0.1560612198200785 0
8197 0.7008018234102115 0.164658337759609 0
8198 0.6983805840990145 0.1732436631194854 0
8199 0.6959037761724176 0.1818165849921313 0
8200 0.6933715391743471 0.1903764939654651 0
8201 0.6907840193318417 0.1989227821963775 0
8202 0.6881413695374216 0.2074548434840193 0
8203 0.6854437493306544 0.2159720733428915 0
8204 0.6826913248789201 0.2244738690757279 0
8205 0.6798842689573745 0.2329596298461635 0
8206 0.677022760928119 0.2414287567511769 0
8207 0.6741069867185743 0.2498806528933005 0
8208 0.6711371387990632 0.2583147234525897 0
8209 0.6681134161596041 0.2667303757583384 0
8210 0.6650360242859192 0.2751270193605401 0
8211 0.6619051751346581 0.2835040661010778 0
8212 0.6587210871078431 0.2918609301846378 0
8213 0.6554839850265352 0.3001970282493405 0
8214 0.6521941001037286 0.3085117794370761 0
8215 0.6488516699164721 0.3168046054635388 0
8216 0.6454569383772253 0.3250749306879515 0
8217 0.642010155704449 0.3333221821824701 0
8218 0.6385115783924366 0.3415457898012626 0
8219 0.6349614691803886 0.3497451862492519 0
8220 0.6313600970207343 0.357919807150514 0
8221 0.6277077370467031 0.3660690911163258 0
8222 0.6240046705391522 0.3741924798128522 0
8223 0.6202511848926529 0.3822894180284641 0
8224 0.6164475735808379 0.3903593537406807 0
8225 0.6125941361210184 0.3984017381827279 0
8226 0.6086911780380702 0.4064160259097021 0
8227 0.604739010827597 0.4144016748643362 0
8228 0.6007379519183729 0.4223581464423539 0
8229 0.5966883246340702 0.4302849055574117 0
8230 0.5925904581542756 0.438181420705613 0
8231 0.5884446874748008 0.4460471640295922 0
8232 0.5842513533672927 0.453881611382159 0
8233 0.5800108023381455 0.4616842423894948 0
8234 0.5757233865867227 0.4694545405138943 0
8235 0.5713894639628919 0.4771919931160454 0
8236 0.5670093979238794 0.4848960915168379 0
8237 0.5625835574904466 0.492566331058695 0
8238 0.5581123172023985 0.5002022111664203 0
8239 0.5535960570734244 0.5078032354075531 0
8240 0.5490351625452793 0.5153689115522224 0
8241 0.5444300244413117 0.5228987516324961 0
8242 0.539781038919341 0.5303922720012154 0
8243 0.5350886074238934 0.5378489933903079 0
8244 0.5303531366377985 0.545268440968574 0
8245 0.5255750384331562 0.5526501443989371 0
8246 0.5207547298216768 0.5599936378951527 0
8247 0.5158926329044019 0.5672984602779669 0
8248 0.5109891748208106 0.5745641550307241 0
8249 0.5060447876973202 0.5817902703544069 0
8250 0.5010599085951835 0.5889763592221106 0
8251 0.4960349794577928 0.5961219794329412 0
8252 0.4909704470573944 0.6032266936653329 0
8253 0.4858667629412206 0.6102900695297743 0
8254 0.4807243833770471 0.6173116796209432 0
8255 0.47554376929818 0.6242911015692393 0
8256 0.4703253862478811 0.6312279180917082 0
8257 0.4650697043232369 0.6381217170423543 0
8258 0.4597771981184791 0.644972091461834 0
8259 0.454448346667762 0.6517786396265214 0
8260 0.4490836333874058 0.658540965096946 0
8261 0.4436835460176101 0.6652586767655907 0
8262 0.4382485765636473 0.6719313889040479 0
8263 0.432779221236541 0.6785587212095272 0
8264 0.4272759803932378 0.6851402988507088 0
8265 0.4217393584762784 0.691675752512937 0
8266 0.4161698639529784 0.6981647184427477 0
8267 0.4105680092541196 0.7046068384917284 0
8268 0.4049343107121681 0.7110017601596987 0
8269 0.3992692884990183 0.7173491366372119 0
8270 0.3935734665632766 0.72364862684737 0
8271 0.3878473725670883 0.7298998954869476 0
8272 0.3820915378225167 0.7361026130668196 0
8273 0.3763064972274831 0.7422564559516878 0
8274 0.3704927892012734 0.7483611063991014 0
8275 0.3646509556196209 0.7544162525977687 0
8276 0.358781541749372 0.7604215887051503 0
8277 0.3528850961827432 0.7663768148843364 0
8278 0.3469621707711766 0.7722816373401976 0
8279 0.3410133205588034 0.7781357683548082 0
8280 0.3350391037155217 0.783938926322136 0
8281 0.3290400814696976 0.7896908357819964 0
8282 0.3230168180404978 0.7953912274532642 0
8283 0.3169698805698611 0.801039838266341 0
8284 0.3108998390541177 0.8066364113948744 0
8285 0.304807266275266 0.8121806962867224 0
8286 0.2986927377319094 0.8176724486941636 0
8287 0.2925568315698698 0.8231114307033461 0
8288 0.2864001285124799 0.8284974107629728 0
8289 0.280223211790565 0.8338301637122195 0
8290 0.2740266670721228 0.8391094708078828 0
8291 0.2678110823917086 0.844335119750754 0
8292 0.2615770480795362 0.8495069047112169 0
8293 0.2553251566903011 0.854624626354063 0
8294 0.2490560029317362 0.8596880918625273 0
8295 0.2427701835929073 0.8646971149615355 0
8296 0.2364682974722578 0.869651515940163 0
8297 0.2301509453054119 0.8745511216733035 0
8298 0.720806539882652 0.008583835127803474 0
8299 0.7193372738722204 0.0171670818555838 0
8300 0.7178144338820386 0.02574915185426208 0
8301 0.7162380360626619 0.03432945693663825 0
8302 0.7146081030221413 0.04290740912830887 0
8303 0.7129246638232972 0.05148242073855952 0
8304 0.7111877539802163 0.06005390443122399 0
8305 0.7093974154539684 0.06862127329549822 0
8306 0.7075536966475484 0.07718394091670538 0
8307 0.7056566524000401 0.0857413214470002 0
8308 0.7037063439800026 0.09429282967600533 0
8309 0.7017028390780862 0.102837881101368 0
8310 0.6996462117988672 0.1113758919992373 0
8311 0.6975365426519164 0.1199062794946422 0
8312 0.6953739185420904 0.128428461631769 0
8313 0.6931584327590528 0.1369418574441287 0
8314 0.6908901849660278 0.1454458870246035 0
8315 0.6885692811877833 0.153939971595368 0
8316 0.6861958337978462 0.1624235335776713 0
8317 0.6837699615049548 0.1708959966614766 0
8318 0.681291789338746 0.1793567858749471 0
8319 0.6787614486346796 0.187805327653771 0
8320 0.676179077018204 0.1962410499103161 0
8321 0.6735448183881614 0.2046633821026065 0
8322 0.6708588228994397 0.2130717553031135 0
8323 0.6681212469448661 0.2214656022673518 0
8324 0.6653322531363526 0.2298443575022715 0
8325 0.6624920102852885 0.238207457334441 0
8326 0.6596006933821876 0.2465543399780083 0
8327 0.6566584835755888 0.2548844456024373 0
8328 0.6536655681502157 0.2631972164000047 0
8329 0.6506221405043946 0.2714920966530574 0
8330 0.647528400126737 0.2797685328010143 0
8331 0.6443845525720875 0.28802597350711 0
8332 0.641190809436739 0.2962638697248695 0
8333 0.637947388332921 0.3044816747643068 0
8334 0.634654512862562 0.3126788443578404 0
8335 0.6313124125903298 0.3208548367259151 0
8336 0.6279213230159519 0.3290091126423247 0
8337 0.6244814855458225 0.3371411354992275 0
8338 0.6209931474638951 0.3452503713718449 0
8339 0.6174565619018675 0.3533362890828367 0
8340 0.6138719878086617 0.3613983602663458 0
8341 0.6102396899192022 0.369436059431704 0
8342 0.6065599387224969 0.3774488640267897 0
8343 0.602833010429024 0.3854362545010328 0
8344 0.5990591869374291 0.3933977143680576 0
8345 0.5952387558005368 0.4013327302679549 0
8346 0.5913720101906794 0.4092407920291791 0
8347 0.5874592488643509 0.4171213927300585 0
8348 0.5835007761261838 0.4249740287599169 0
8349 0.5794969017922593 0.4327981998797926 0
8350 0.5754479411527538 0.4405934092827534 0
8351 0.5713542149339226 0.4483591636537966 0
8352 0.5672160492594311 0.4560949732293283 0
8353 0.5630337756110332 0.4638003518562142 0
8354 0.5588077307886042 0.4714748170503957 0
8355 0.5545382568695335 0.4791178900550631 0
8356 0.5502257011674792 0.4867290958983795 0
8357 0.5458704161904927 0.4943079634507485 0
8358 0.541472759598517 0.5018540254816186 0
8359 0.5370330941602629 0.5093668187158171 0
8360 0.5325517877094699 0.5168458838894081 0
8361 0.5280292131005563 0.5242907658050655 0
8362 0.5234657481636643 0.5317010133869564 0
8363 0.5188617756591044 0.5390761797351284 0
8364 0.5142176832312059 0.5464158221793918 0
8365 0.5095338633615781 0.5537195023326926 0
8366 0.5048107133217901 0.5609867861439688 0
8367 0.5000486351254688 0.5682172439504855 0
8368 0.4952480354798308 0.5754104505296378 0
8369 0.4904093257366433 0.5825659851502216 0
8370 0.4855329218426285 0.5896834316231603 0
8371 0.4806192442893124 0.5967623783516858 0
8372 0.4756687180623252 0.6038024183809639 0
8373 0.470681772590162 0.6108031494471623 0
8374 0.4656588416924047 0.6177641740259507 0
8375 0.4606003635274175 0.6246850993804312 0
8376 0.4555067805395171 0.6315655376084903 0
8377 0.4503785394056273 0.6384051056895691 0
8378 0.4452160909814231 0.6452034255308436 0
8379 0.4400198902469702 0.6519601240128119 0
8380 0.4347903962518684 0.6586748330342813 0
8381 0.4295280720599033 0.6653471895567509 0
8382 0.4242333846932151 0.6719768356481823 0
8383 0.4189068050759885 0.6785634185261573 0
8384 0.4135488079776738 0.6851065906004112 0
8385 0.4081598719557444 0.6916060095147429 0
8386 0.4027404792979949 0.6980613381882934 0
8387 0.3972911159643935 0.7044722448561869 0
8388 0.3918122715284878 0.7108384031095327 0
8389 0.386304439118378 0.7171594919347797 0
8390 0.3807681153572596 0.7234351957524212 0
8391 0.3752038003035452 0.7296652044550458 0
8392 0.3696119973905723 0.7358492134447258 0
8393 0.3639932133659043 0.7419869236697425 0
8394 0.3583479582302314 0.7480780416606451 0
8395 0.3526767451758795 0.7541222795656316 0
8396 0.3469800905249348 0.7601193551852576 0
8397 0.3412585136669898 0.7660689920064604 0
8398 0.3355125369965208 0.7719709192358979 0
8399 0.3297426858499027 0.7778248718325985 0
8400 0.3239494884420683 0.7836305905399181 0
8401 0.3181334758028214 0.7893878219167977 0
8402 0.3122951817128104 0.795096318368321 0
8403 0.3064351426391696 0.8007558381755681 0
8404 0.3005538976708386 0.8063661455247582 0
8405 0.2946519884535618 0.8119270105356833 0
8406 0.2887299591245834 0.8174382092894237 0
8407 0.28278835624704 0.8228995238553468 0
8408 0.2768277287440613 0.8283107423173829 0
8409 0.2708486278325862 0.8336716587995758 0
8410 0.2648516069569022 0.8389820734909058 0
8411 0.2588372217219164 0.8442417926693806 0
8412 0.2528060298261657 0.8494506287253926 0
8413 0.2467585909945753 0.8546084001843394 0
8414 0.2406954669109715 0.8597149317285039 0
8415 0.2346172211503603 0.8647700542181925 0
8416 0.2285244191109758 0.8697736047121287 0
8417 0.7068498811399864 0.008464012098982399 0
8418 0.7053161942552066 0.01692747257294308 0
8419 0.7037322817644113 0.02538982986337079 0
8420 0.7020981588087456 0.03385053254476506 0
8421 0.7004138465832577 0.0423090293911228 0
8422 0.6986793723343414 0.05076476944239949 0
8423 0.6968947693564527 0.05921720207093911 0
8424 0.6950600769880955 0.06766577704786297 0
8425 0.6931753406070766 0.07610994460941128 0
8426 0.6912406116250376 0.08454915552322945 0
8427 0.6892559474812527 0.0929828611545882 0
8428 0.6872214116357058 0.1014105135325324 0
8429 0.6851370735614379 0.1098315654159516 0
8430 0.6830030087361716 0.1182454703595605 0
8431 0.6808192986332097 0.1266516827797834 0
8432 0.6785860307116121 0.1350496580205372 0
8433 0.6763032984056512 0.1434388524188991 0
8434 0.6739712011135468 0.1518187233706574 0
8435 0.6715898441854806 0.1601887293957336 0
8436 0.6691593389108952 0.1685483302034674 0
8437 0.6666798025050744 0.1768969867577628 0
8438 0.6641513580950122 0.185234161342077 0
8439 0.6615741347045663 0.1935593176242546 0
8440 0.6589482672389013 0.2018719207211935 0
8441 0.6562738964682248 0.2101714372633356 0
8442 0.653551169010812 0.2184573354589756 0
8443 0.6507802373153305 0.2267290851583795 0
8444 0.647961259642458 0.2349861579177051 0
8445 0.645094400045801 0.2432280270627162 0
8446 0.6421798283521145 0.251454167752285 0
8447 0.6392177201408273 0.2596640570416711 0
8448 0.63620825672287 0.2678571739455745 0
8449 0.633151625118816 0.2760329995009509 0
8450 0.6300480180363321 0.2841910168295823 0
8451 0.6268976338469429 0.2923307112003985 0
8452 0.6237006765621134 0.3004515700915377 0
8453 0.6204573558086519 0.3085530832521421 0
8454 0.6171678868034342 0.3166347427638787 0
8455 0.613832490327455 0.3246960431021794 0
8456 0.6104513926992087 0.3327364811971925 0
8457 0.6070248257474017 0.3407555564944379 0
8458 0.6035530267830008 0.3487527710151593 0
8459 0.6000362385706204 0.3567276294163658 0
8460 0.5964747092992521 0.3646796390505557 0
8461 0.5928686925523409 0.3726083100251153 0
8462 0.58921844727721 0.3805131552613849 0
8463 0.5855242377538399 0.3883936905533872 0
8464 0.5817863335630032 0.3962494346262075 0
8465 0.578005009553762 0.404079909194022 0
8466 0.5741805458103291 0.4118846390177632 0
8467 0.5703132276182973 0.419663151962422 0
8468 0.5664033454302432 0.4274149790539721 0
8469 0.5624511948307067 0.4351396545359146 0
8470 0.5584570765005525 0.4428367159254343 0
8471 0.5544212961807167 0.450505704069162 0
8472 0.5503441646353436 0.4581461631985341 0
8473 0.5462259976143164 0.4657576409847459 0
8474 0.5420671158151877 0.4733396885932883 0
8475 0.5378678448445118 0.4808918607380641 0
8476 0.533628515178587 0.4884137157350766 0
8477 0.5293494621236097 0.4959048155556841 0
8478 0.5250310257752465 0.5033647258794118 0
8479 0.520673550977628 0.5107930161463201 0
8480 0.5162773872817715 0.5181892596089155 0
8481 0.5118428889034354 0.5255530333836049 0
8482 0.5073704146804104 0.5328839185016829 0
8483 0.5028603280292556 0.5401814999598464 0
8484 0.4983129969014796 0.5474453667702327 0
8485 0.4937287937391781 0.5546751120099708 0
8486 0.4891080954301271 0.5618703328702468 0
8487 0.4844512832623414 0.5690306307048688 0
8488 0.4797587428781031 0.5761556110783328 0
8489 0.4750308642274643 0.5832448838133795 0
8490 0.4702680415212304 0.5902980630380388 0
8491 0.4654706731834299 0.5973147672321537 0
8492 0.4606391618032769 0.6042946192733812 0
8493 0.4557739140866294 0.6112372464826621 0
8494 0.4508753408069539 0.6181422806691542 0
8495 0.4459438567557973 0.6250093581746263 0
8496 0.4409798806927757 0.6318381199173043 0
8497 0.4359838352950842 0.6386282114351658 0
8498 0.4309561471065346 0.6453792829286777 0
8499 0.4258972464861266 0.652090989302972 0
8500 0.4208075675561594 0.6587629902094539 0
8501 0.4156875481498892 0.6653949500868377 0
8502 0.4105376297587393 0.6719865382016058 0
8503 0.4053582574790692 0.6785374286878855 0
8504 0.4001498799585104 0.6850473005867381 0
8505 0.3949129493418703 0.6915158378848584 0
8506 0.389647921216619 0.6979427295526752 0
8507 0.3843552545579573 0.7043276695818537 0
8508 0.3790354116734794 0.7106703570221892 0
8509 0.3736888581474309 0.7169704960178949 0
8510 0.3683160627845736 0.7232277958432721 0
8511 0.3629174975536615 0.7294419709377638 0
8512 0.3574936375305353 0.7356127409403836 0
8513 0.352044960840842 0.7417398307235215 0
8514 0.3465719486023871 0.7478229704261129 0
8515 0.3410750848671263 0.7538618954861791 0
8516 0.3355548565628029 0.7598563466727233 0
8517 0.3300117534342383 0.7658060701169875 0
8518 0.3244462679842839 0.7717108173430611 0
8519 0.3188588954144391 0.77757034529784 0
8520 0.3132501335651451 0.7833844163803312 0
8521 0.3076204828557598 0.7891527984703008 0
8522 0.3019704462242215 0.7948752649562617 0
8523 0.2963005290664112 0.8005515947627942 0
8524 0.2906112391752142 0.8061815723772032 0
8525 0.2849030866792969 0.8117649878755014 0
8526 0.2791765839815999 0.8173016369477211 0
8527 0.2734322456975573 0.8227913209225466 0
8528 0.2676705885930495 0.828233846791269 0
8529 0.2618921315220958 0.8336290272310575 0
8530 0.2560973953642967 0.8389766806275444 0
8531 0.2502869029620304 0.8442766310967222 0
8532 0.2444611790574143 0.8495287085061514 0
8533 0.2386207502290358 0.8547327484954723 0
8534 0.2327661448284628 0.8598885924962222 0
8535 0.2268978929165399 0.8649960877509539 0
8536 0.6928932223973207 0.008344189070161379 0
8537 0.6912951146381928 0.01668786329030253 0
8538 0.6896501296467837 0.02503050787247929 0
8539 0.6879582815548293 0.03337160815289175 0
8540 0.6862195901443737 0.04171064965393689 0
8541 0.684434080845385 0.05004711814623947 0
8542 0.6826017847326893 0.05838049971065429 0
8543 0.6807227385222225 0.06671028080022745 0
8544 0.678796984566605 0.07503594830211724 0
8545 0.6768245708500351 0.08335698959945859 0
8546 0.6748055509825024 0.0916728926331713 0
8547 0.6727399841933255 0.09998314596369695 0
8548 0.6706279353240088 0.1082872388326659 0
8549 0.668469474820427 0.1165846612244786 0
8550 0.666264678724329 0.1248749039277979 0
8551 0.6640136286641714 0.1331574585969459 0
8552 0.6617164118452745 0.1414318178131947 0
8553 0.6593731210393103 0.1496974751459471 0
8554 0.6569838545731155 0.1579539252137958 0
8555 0.6545487163168355 0.1662006637454586 0
8556 0.6520678156714028 0.1744371876405786 0
8557 0.6495412675553447 0.182662995030383 0
8558 0.6469691923909285 0.1908775853381932 0
8559 0.6443517160896413 0.1990804593397806 0
8560 0.6416889700370098 0.2072711192235576 0
8561 0.6389810910767578 0.2154490686505994 0
8562 0.6362282214943085 0.2236138128144875 0
8563 0.6334305089996275 0.2317648585009693 0
8564 0.6305881067094143 0.2399017141474238 0
8565 0.6277011731286402 0.2480238899021326 0
8566 0.6247698721314388 0.2561308976833374 0
8567 0.6217943729413453 0.2642222512380918 0
8568 0.6187748501108949 0.2722974662008875 0
8569 0.6157114835005766 0.2803560601520546 0
8570 0.6126044582571467 0.2883975526759274 0
8571 0.6094539647913059 0.2964214654187685 0
8572 0.6062601987547418 0.3044273221464436 0
8573 0.6030233610165386 0.3124146488018423 0
8574 0.599743657638958 0.320382973562034 0
8575 0.5964212998525948 0.3283318268951574 0
8576 0.5930565040309084 0.3362607416170309 0
8577 0.5896494916641342 0.3441692529474821 0
8578 0.5862004893325791 0.3520568985663859 0
8579 0.5827097286793019 0.3599232186694076 0
8580 0.5791774463821848 0.3677677560234409 0
8581 0.5756038841253961 0.375590056021737 0
8582 0.5719892885702506 0.383389666738717 0
8583 0.5683339113254697 0.3911661389844605 0
8584 0.5646380089168446 0.398919026358865 0
8585 0.5609018427563072 0.4066478853054679 0
8586 0.5571256791104109 0.4143522751649272 0
8587 0.553309789068227 0.4220317582281518 0
8588 0.5494544485086595 0.4296858997890758 0
8589 0.5455599380671823 0.437314268197072 0
8590 0.5416265431020022 0.4449164349089956 0
8591 0.537654553659654 0.4524919745408541 0
8592 0.5336442644400288 0.4600404649190962 0
8593 0.5295959747608419 0.4675614871315135 0
8594 0.5255099885215443 0.4750546255777486 0
8595 0.5213866141666812 0.4825194680194048 0
8596 0.5172261646487024 0.4899556056297496 0
8597 0.5130289573902301 0.4973626330430067 0
8598 0.5087953142457862 0.5047401484032321 0
8599 0.5045255614629869 0.5120877534127656 0
8600 0.5002200296432063 0.5194050533802534 0
8601 0.4958790537017165 0.5266916572682374 0
8602 0.4915029728273053 0.5339471777403011 0
8603 0.4870921304413809 0.5411712312077727 0
8604 0.4826468741565663 0.5483634378759727 0
8605 0.4781675557347853 0.555523421790008 0
8606 0.473654531044852 0.5626508108800997 0
8607 0.4691081600195629 0.569745237006444 0
8608 0.4645288066123 0.5768063360035987 0
8609 0.4599168387531484 0.5838337477243917 0
8610 0.4552726283045347 0.5908271160833434 0
8611 0.4505965510163918 0.5977860890996003 0
8612 0.4458889864808542 0.6047103189393734 0
8613 0.4411503180864904 0.6115994619578773 0
8614 0.4363809329720775 0.6184531787407623 0
8615 0.431581221979924 0.6252711341450395 0
8616 0.4267515796087453 0.6320529973394882 0
8617 0.421892403966099 0.6387984418445437 0
8618 0.4170040967203849 0.6455071455716628 0
8619 0.4120870630524154 0.652178790862157 0
8620 0.4071417116065633 0.6588130645254929 0
8621 0.40216845444149 0.6654096578770543 0
8622 0.3971677069804646 0.6719682667753598 0
8623 0.3921398879612764 0.6784885916587333 0
8624 0.3870854193857456 0.6849703375814233 0
8625 0.3820047264688443 0.6914132142491636 0
8626 0.3768982375874269 0.6978169360541744 0
8627 0.3717663842285808 0.7041812221095988 0
8628 0.3666096009376022 0.7105057962833685 0
8629 0.361428325265602 0.7167903872314985 0
8630 0.3562229977167508 0.7230347284308016 0
8631 0.3509940616951663 0.7292385582110248 0
8632 0.3457419634514525 0.7354016197863976 0
8633 0.3404671520288947 0.7415236612865942 0
8634 0.3351700792093179 0.7476044357871006 0
8635 0.3298511994586161 0.7536437013389862 0
8636 0.3245109698719558 0.7596412209980772 0
8637 0.319149850118665 0.7655967628535237 0
8638 0.3137683023868099 0.7715101000557616 0
8639 0.3083667913274687 0.7773810108438646 0
8640 0.3029457839987091 0.7832092785722808 0
8641 0.2975057498092735 0.7889946917369554 0
8642 0.2920471604619839 0.7947370440008301 0
8643 0.2865704898968666 0.8004361342187229 0
8644 0.2810762142340104 0.8060917664615791 0
8645 0.27556481171616 0.8117037500400952 0
8646 0.2700367626510536 0.8172718995277102 0
8647 0.2644925493535129 0.8227960347829623 0
8648 0.2589326560872894 0.8282759809712092 0
8649 0.2533575690066768 0.8337115685857081 0
8650 0.247767776097895 0.8391026334680518 0
8651 0.2421637671202533 0.8444490168279636 0
8652 0.2365460335471 0.849750565262441 0
8653 0.2309150685065653 0.8550071307742518 0
8654 0.2252713667221038 0.8602185707897795 0
8655 0.6789365636546549 0.008224366041340136 0
8656 0.6772740350211791 0.01644825400766192 0
8657 0.6755679775291563 0.02467118588158806 0
8658 0.6738184043009128 0.03289268376101856 0
8659 0.6720253337054898 0.0411122699167511 0
8660 0.6701887893564291 0.04932946685007955 0
8661 0.6683088001089257 0.05754379735036946 0
8662 0.6663854000563494 0.0657547845525922 0
8663 0.6644186285261331 0.07396195199482314 0
8664 0.6624085300750326 0.08216482367568773 0
8665 0.6603551544837523 0.09036292411175428 0
8666 0.6582585567509449 0.09855577839486163 0
8667 0.6561187970865796 0.1067429122493804 0
8668 0.6539359409046821 0.1149238520893968 0
8669 0.6517100588154484 0.1230981250758124 0
8670 0.6494412266167304 0.1312652591733546 0
8671 0.6471295252848978 0.1394247832074904 0
8672 0.644775040965074 0.1475762269212365 0
8673 0.64237786496075 0.1557191210318579 0
8674 0.6399380937227759 0.1638529972874496 0
8675 0.6374558288377313 0.1719773885233945 0
8676 0.6349311770156774 0.180091828718689 0
8677 0.6323642500772908 0.1881958530521319 0
8678 0.6297551649403813 0.1962889979583677 0
8679 0.6271040436057947 0.2043708011837797 0
8680 0.6244110131427039 0.2124408018422233 0
8681 0.6216762056732865 0.2204985404705956 0
8682 0.618899758356797 0.2285435590842332 0
8683 0.6160818133730275 0.2365754012321317 0
8684 0.613222517905166 0.2445936120519803 0
8685 0.6103220241220504 0.2525977383250038 0
8686 0.6073804891598207 0.260587328530609 0
8687 0.6043980751029739 0.268561932900824 0
8688 0.6013749489648212 0.2765211034745269 0
8689 0.5983112826673505 0.2844643941514564 0
8690 0.5952072530204983 0.2923913607459993 0
8691 0.5920630417008317 0.3003015610407453 0
8692 0.588878835229643 0.308194554839806 0
8693 0.585654824950461 0.3160699040218887 0
8694 0.5823912070059809 0.3239271725931223 0
8695 0.5790881823144149 0.3317659267396239 0
8696 0.5757459565452674 0.3395857348798048 0
8697 0.5723647400945377 0.3473861677164059 0
8698 0.5689447480593519 0.3551667982882594 0
8699 0.5654862002120289 0.3629272020217665 0
8700 0.561989320973582 0.3706669567820891 0
8701 0.5584543393866612 0.3783856429240467 0
8702 0.5548814890879362 0.3860828433427131 0
8703 0.551271008279927 0.393758143523708 0
8704 0.5476231397022853 0.4014111315931725 0
8705 0.5439381306025244 0.4090413983674324 0
8706 0.5402162327062108 0.4166485374023314 0
8707 0.5364577021866125 0.424232145042237 0
8708 0.5326627996338121 0.4317918204687097 0
8709 0.5288317900232878 0.4393271657488292 0
8710 0.5249649426839645 0.446837785883174 0
8711 0.521062531265741 0.4543232888534464 0
8712 0.5171248337064961 0.4617832856697387 0
8713 0.5131521321985769 0.4692173904174333 0
8714 0.5091447131547754 0.4766252203037331 0
8715 0.5051028671737952 0.484006395703815 0
8716 0.5010268890052136 0.4913605402066014 0
8717 0.4969170775139443 0.4986872806601441 0
8718 0.492773735644202 0.5059862472166157 0
8719 0.4885971703829773 0.5132570733769021 0
8720 0.4843876927230224 0.5204993960347919 0
8721 0.4801456176253549 0.5277128555207558 0
8722 0.4758712639812823 0.5348970956453127 0
8723 0.4715649545739545 0.5420517637419746 0
8724 0.4672270160394436 0.5491765107097694 0
8725 0.4628577788273626 0.5562709910553306 0
8726 0.4584575771610227 0.5633348629345551 0
8727 0.4540267489971357 0.5703677881938178 0
8728 0.4495656359850664 0.5773694324107447 0
8729 0.4450745834256393 0.5843394649345331 0
8730 0.4405539402295067 0.5912775589258192 0
8731 0.4360040588750789 0.5981833913960848 0
8732 0.4314252953660267 0.6050566432466002 0
8733 0.4268180091883577 0.6118969993068983 0
8734 0.4221825632670723 0.6187041483727749 0
8735 0.4175193239224063 0.6254777832438103 0
8736 0.4128286608256633 0.6322176007604096 0
8737 0.4081109469546431 0.6389233018403535 0
8738 0.4033665585486715 0.64559459151486 0
8739 0.3985958750632373 0.6522311789641482 0
8740 0.3937992791242407 0.6588327775525028 0
8741 0.38897715648186 0.665399104862834 0
8742 0.3841298959640423 0.6719298827307286 0
8743 0.379257889429621 0.6784248372779884 0
8744 0.3743615317210698 0.6848836989456519 0
8745 0.3694412206168964 0.6913062025264953 0
8746 0.3644973567836822 0.6976920871970084 0
8747 0.3595303437277735 0.7040410965488422 0
8748 0.3545405877466304 0.7103529786197247 0
8749 0.3495284978798401 0.7166274859238396 0
8750 0.3444944858597973 0.7228643754816658 0
8751 0.339438966062063 0.729063408849274 0
8752 0.3343623554554022 0.7352243521470756 0
8753 0.3292650735515095 0.7413469760880219 0
8754 0.3241475423544292 0.7474310560052491 0
8755 0.3190101863096733 0.7534763718791671 0
8756 0.313853432253046 0.7594827083639862 0
8757 0.3086777093591805 0.7654498548136834 0
8758 0.3034834490897924 0.7713776053073982 0
8759 0.2982710851416585 0.7772657586742607 0
8760 0.2930410533943253 0.7831141185176491 0
8761 0.2877937918575564 0.7889224932388661 0
8762 0.282529740618519 0.7946906960602427 0
8763 0.277249341788724 0.8004185450476569 0
8764 0.2719530394507199 0.8061058631324693 0
8765 0.2666412796045498 0.8117524781328738 0
8766 0.2613145101139762 0.8173582227746555 0
8767 0.255973180652483 0.822922934711361 0
8768 0.2506177426490571 0.8284464565438717 0
8769 0.2452486492337597 0.8339286358393815 0
8770 0.2398663551830924 0.8393693251497758 0
8771 0.2344713168651643 0.8447683820294094 0
8772 0.2290639921846678 0.8501256690522815 0
8773 0.2236448405276679 0.8554410538286046 0
8774 0.6649799049119891 0.008104543012519283 0
8775 0.6632529554041653 0.01620864472502132 0
8776 0.661485825411529 0.02431186389069673 0
8777 0.6596785270469965 0.03241375936914537 0
8778 0.6578310772666059 0.04051389017956508 0
8779 0.655943497867473 0.04861181555391958 0
8780 0.6540158154851622 0.05670709499008464 0
8781 0.6520480615904762 0.06479928830495696 0
8782 0.6500402724856613 0.07288795568752909 0
8783 0.6479924893000302 0.08097265775191681 0
8784 0.6459047579850021 0.08905295559033732 0
8785 0.6437771293085646 0.09712841082602602 0
8786 0.6416096588491504 0.1051985856660946 0
8787 0.6394024069889374 0.113263042954315 0
8788 0.6371554389065677 0.1213213462238267 0
8789 0.6348688245692896 0.1293730597497632 0
8790 0.632542638724521 0.137417748601786 0
8791 0.6301769608908375 0.1454549786965262 0
8792 0.6277718753483846 0.1534843168499201 0
8793 0.6253274711287162 0.1615053308294407 0
8794 0.6228438420040596 0.1695175894062103 0
8795 0.6203210864760099 0.177520662406995 0
8796 0.6177593077636531 0.1855141207660704 0
8797 0.6151586137911211 0.1934975365769548 0
8798 0.6125191171745797 0.2014704831440019 0
8799 0.6098409352086496 0.2094325350338471 0
8800 0.6071241898522645 0.2173832681267037 0
8801 0.6043690077139665 0.2253222596674974 0
8802 0.6015755200366408 0.2332490883168395 0
8803 0.5987438626816917 0.241163334201828 0
8804 0.5958741761126618 0.2490645789666701 0
8805 0.592966605378296 0.2569524058231263 0
8806 0.5900213000950529 0.2648263996007608 0
8807 0.5870384144290658 0.2726861467969991 0
8808 0.5840181070775543 0.2805312356269853 0
8809 0.5809605412496908 0.2883612560732301 0
8810 0.5778658846469217 0.296175799935047 0
8811 0.5747343094427474 0.3039744608777696 0
8812 0.571565992261964 0.3117568344817434 0
8813 0.568361114159367 0.3195225182910872 0
8814 0.5651198605979215 0.3272711118622169 0
8815 0.5618424214264007 0.3350022168121274 0
8816 0.5585289908564964 0.3427154368664259 0
8817 0.5551797674394017 0.3504103779071112 0
8818 0.5517949540418727 0.3580866480200922 0
8819 0.548374757821768 0.3657438575424412 0
8820 0.544919390203072 0.3733816191093763 0
8821 0.5414290668504027 0.380999547700966 0
8822 0.5379040076430097 0.3885972606885509 0
8823 0.5343444366482634 0.3961743778808771 0
8824 0.5307505820946379 0.4037305215699376 0
8825 0.5271226763441945 0.4112653165765111 0
8826 0.5234609558645653 0.4187783902953983 0
8827 0.519765661200442 0.4262693727403474 0
8828 0.5160370369445735 0.4337378965886628 0
8829 0.5122753317082749 0.4411835972254939 0
8830 0.5084807980914533 0.4486061127877967 0
8831 0.5046536926521502 0.4560050842079639 0
8832 0.5007942758756094 0.4633801552571178 0
8833 0.4969028121428696 0.4707309725880613 0
8834 0.4929795696988879 0.4780571857778805 0
8835 0.4890248206201973 0.4853584473701961 0
8836 0.4850388407821025 0.492634412917056 0
8837 0.4810219098254173 0.4998847410204657 0
8838 0.4769743111227484 0.5071090933735506 0
8839 0.4728963317443284 0.5143071348013463 0
8840 0.4687882624234045 0.5214785333012104 0
8841 0.4646503975211836 0.5286229600828527 0
8842 0.4604830349913426 0.5357400896079766 0
8843 0.4562864763441017 0.5428295996295307 0
8844 0.4520610266098732 0.5498911712305616 0
8845 0.4478069943024826 0.5569244888626661 0
8846 0.4435246913819714 0.5639292403840369 0
8847 0.4392144332169844 0.5709051170970976 0
8848 0.434876538546744 0.5778518137857229 0
8849 0.4305113294426215 0.5847690287520383 0
8850 0.4261191312693036 0.5916564638527964 0
8851 0.4217002726455631 0.5985138245353233 0
8852 0.4172550854046379 0.6053408198730343 0
8853 0.4127839045542205 0.6121371626005101 0
8854 0.4082870682360674 0.6189025691481327 0
8855 0.4037649176852277 0.6256367596762755 0
8856 0.3992177971889013 0.6323394581090444 0
8857 0.3946460540449276 0.6390103921675632 0
8858 0.3900500385199113 0.6456492934028035 0
8859 0.3854301038069914 0.6522558972279513 0
8860 0.3807866059832554 0.6588299429503084 0
8861 0.3761199039668083 0.6653711738027238 0
8862 0.3714303594734962 0.6718793369745534 0
8863 0.3667183369732951 0.6783541836421401 0
8864 0.3619842036463659 0.6847954689988162 0
8865 0.3572283293387836 0.691202952284418 0
8866 0.3524510865179447 0.6975763968143159 0
8867 0.3476528502276589 0.7039155700079511 0
8868 0.3428339980429292 0.7102202434168776 0
8869 0.3379949100244283 0.716490192752307 0
8870 0.3331359686726735 0.7227251979121505 0
8871 0.3282575588819097 0.7289250430075571 0
8872 0.3233600678937011 0.7350895163889433 0
8873 0.3184438852502424 0.7412184106715118 0
8874 0.3135094027473907 0.7473115227602566 0
8875 0.3085570143874271 0.753368653874449 0
8876 0.3035871163315512 0.7593896095716053 0
8877 0.298600106852116 0.7653741997709316 0
8878 0.2935963862846078 0.7713222387762406 0
8879 0.2885763569793772 0.7772335452983428 0
8880 0.2835404232531289 0.7831079424769021 0
8881 0.2784889913401714 0.7889452579017624 0
8882 0.2734224693434375 0.7947453236337345 0
8883 0.26834126718528 0.8005079762248435 0
8884 0.2632457965580459 0.8062330567380374 0
8885 0.2581364708744396 0.8119204107663486 0
8886 0.2530137052176766 0.8175698884515126 0
8887 0.2478779162914372 0.8231813445020355 0
8888 0.2427295223696243 0.8287546382107112 0
8889 0.2375689432459315 0.8342896334715879 0
8890 0.2323966001832287 0.8397861987963779 0
8891 0.2272129158627702 0.8452442073303112 0
8892 0.2220183143332319 0.8506635368674299 0
8893 0.6510232461693233 0.007984719983698263 0
8894 0.6492318757871515 0.0159690354423806 0
8895 0.6474036732939015 0.02395254189980534 0
8896 0.6455386497930802 0.03193483497727206 0
8897 0.6436368208277221 0.03991551044237895 0
8898 0.641698206378517 0.04789416425775966 0
8899 0.6397228308613987 0.05587039262979981 0
8900 0.6377107231246033 0.06384379205732171 0
8901 0.6356619164451895 0.07181395938023494 0
8902 0.6335764485250276 0.07978049182814612 0
8903 0.6314543614862519 0.08774298706892036 0
8904 0.6292957018661841 0.09570104325719053 0
8905 0.6271005206117213 0.103654259082809 0
8906 0.6248688730731926 0.1116022338192332 0
8907 0.6226008189976872 0.1195445673718413 0
8908 0.6202964225218489 0.1274808603261717 0
8909 0.6179557521641443 0.1354107139960817 0
8910 0.6155788808166012 0.1433337304718154 0
8911 0.6131658857360193 0.1512495126679823 0
8912 0.6107168485346565 0.1591576643714318 0
8913 0.608231855170388 0.167057790289026 0
8914 0.6057109959363424 0.1749494960953009 0
8915 0.6031543654500152 0.182832388480009 0
8916 0.6005620626418611 0.1907060751955418 0
8917 0.5979341907433648 0.1985701651042239 0
8918 0.5952708572745955 0.2064242682254708 0
8919 0.5925721740312424 0.2142679957828117 0
8920 0.5898382570711359 0.2221009602507615 0
8921 0.5870692267002541 0.2299227754015472 0
8922 0.5842652074582173 0.2377330563516756 0
8923 0.5814263281032733 0.2455314196083365 0
8924 0.5785527215967714 0.2533174831156435 0
8925 0.5756445250871318 0.2610908663006973 0
8926 0.5727018798933102 0.2688511901194714 0
8927 0.5697249314877582 0.2765980771025144 0
8928 0.5667138294788833 0.2843311514004608 0
8929 0.5636687275930116 0.2920500388293485 0
8930 0.5605897836558518 0.2997543669157332 0
8931 0.5574771595734671 0.3074437649415981 0
8932 0.5543310213127531 0.3151178639890522 0
8933 0.551151538881428 0.3227762969848099 0
8934 0.5479388863075341 0.3304186987444501 0
8935 0.5446932416184551 0.3380447060164459 0
8936 0.5414147868194515 0.345653957525963 0
8937 0.5381037078717167 0.3532460940184178 0
8938 0.5347601946699541 0.3608207583027932 0
8939 0.5313844410194826 0.3683775952947061 0
8940 0.5279766446128691 0.3759162520592188 0
8941 0.5245370070060922 0.3834363778533939 0
8942 0.5210657335942414 0.3909376241685817 0
8943 0.5175630335867514 0.3984196447724427 0
8944 0.5140291199821784 0.4058820957506906 0
8945 0.5104642095425184 0.4133246355485595 0
8946 0.5068685227670718 0.4207469250119851 0
8947 0.503242283865859 0.4281486274284965 0
8948 0.4995857207325854 0.4355294085678137 0
8949 0.4958990649171655 0.4428889367221469 0
8950 0.4921825515978044 0.450226882746189 0
8951 0.488436419552642 0.4575429200968024 0
8952 0.4846609111309639 0.4648367248723894 0
8953 0.4808562722239806 0.472107975851946 0
8954 0.4770227522351809 0.4793563545337908 0
8955 0.4731606040502606 0.4865815451739679 0
8956 0.4692700840066326 0.4937832348243157 0
8957 0.4653514518625193 0.500961113370199 0
8958 0.4614049707656344 0.5081148735679007 0
8959 0.4574309072214541 0.5152442110816651 0
8960 0.4534295310610851 0.5223488245203928 0
8961 0.4494011154087307 0.5294284154739785 0
8962 0.44534593664876 0.5364826885492919 0
8963 0.4412642743923837 0.5435113514057925 0
8964 0.4371564114439423 0.5505141147907773 0
8965 0.4330226337668072 0.557490692574256 0
8966 0.4288632304489023 0.5644408017834506 0
8967 0.4246784936678487 0.5713641626369126 0
8968 0.4204687186557364 0.5782604985782573 0
8969 0.4162342036635283 0.5851295363095076 0
8970 0.4119752499250996 0.5919710058240464 0
8971 0.4076921616209181 0.5987846404391703 0
8972 0.4033852458413689 0.6055701768282453 0
8973 0.3990548125497285 0.6123273550524549 0
8974 0.394701174544792 0.6190559185921414 0
8975 0.3903246474231595 0.6257556143777351 0
8976 0.3859255495411836 0.6324261928202661 0
8977 0.3815042019765854 0.6390674078414587 0
8978 0.3770609284897422 0.6456790169033998 0
8979 0.3725960554846508 0.6522607810377827 0
8980 0.3681099119695743 0.6588124648747191 0
8981 0.3636028295173716 0.6653338366711183 0
8982 0.3590751422255206 0.6718246683386285 0
8983 0.3545271866758354 0.678284735471137 0
8984 0.349959301893885 0.6847138173718276 0
8985 0.3453718293081161 0.6911116970797895 0
8986 0.3407651127086873 0.6974781613961774 0
8987 0.3361394982060185 0.7038130009099155 0
8988 0.3314953341890593 0.710116010022948 0
8989 0.3268329712832841 0.7163869869750267 0
8990 0.3221527623084173 0.7226257338680384 0
8991 0.3174550622358927 0.7288320566898646 0
8992 0.3127402281460555 0.7350057653377748 0
8993 0.3080086191851081 0.7411466736413465 0
8994 0.3032605965218081 0.7472545993849116 0
8995 0.2984965233039221 0.753329364329527 0
8996 0.2937167646144397 0.759370794234465 0
8997 0.2889216874275572 0.7653787188782206 0
8998 0.2841116605644292 0.7713529720790364 0
8999 0.2792870546487015 0.7772933917149378 0
9000 0.2744482420618237 0.7831998197432822 0
9001 0.269595596898151 0.7890721022198121 0
9002 0.2647294949198399 0.7949100893172176 0
9003 0.259850313511542 0.8007136353432008 0
9004 0.254958431634903 0.8064825987580417 0
9005 0.2500542297828703 0.8122168421916645 0
9006 0.2451380899338175 0.8179162324601992 0
9007 0.240210395505489 0.8235806405820406 0
9008 0.2352715313087704 0.8292099417934 0
9009 0.2303218835012929 0.8348040155633466 0
9010 0.2253618395408727 0.8403627456083408 0
9011 0.2203917881387959 0.8458860199062552 0
9012 0.6370665874266576 0.007864896954877243 0
9013 0.6352107961701378 0.01572942615973993 0
9014 0.6333215211762742 0.02359321990891394 0
9015 0.6313987725391638 0.03145591058539898 0
9016 0.6294425643888384 0.03931713070519316 0
9017 0.6274529148895608 0.04717651296159969 0
9018 0.6254298462376352 0.05503369026951499 0
9019 0.6233733846587304 0.06288829580968647 0
9020 0.6212835604047178 0.07073996307294089 0
9021 0.619160407750025 0.07858832590437514 0
9022 0.6170039649875018 0.0864330185475034 0
9023 0.6148142744238038 0.09427367568835504 0
9024 0.612591382374292 0.1021099324995234 0
9025 0.6103353391574478 0.1099414246841514 0
9026 0.6080461990888064 0.1177677885198556 0
9027 0.6057240204744081 0.1255886609025804 0
9028 0.6033688656037675 0.1334036793903772 0
9029 0.6009808007423646 0.141212482247105 0
9030 0.5985598961236539 0.1490147084860445 0
9031 0.5961062259405969 0.1568099979134227 0
9032 0.5936198683367164 0.1645979911718418 0
9033 0.5911009053966749 0.1723783297836069 0
9034 0.5885494231363775 0.1801506561939474 0
9035 0.585965511492601 0.1879146138141289 0
9036 0.5833492643121498 0.1956698470644459 0
9037 0.5807007793405413 0.2034160014170947 0
9038 0.5780201582102205 0.2111527234389195 0
9039 0.5753075064283053 0.2188796608340255 0
9040 0.5725629333638673 0.2265964624862551 0
9041 0.5697865522347432 0.2343027785015233 0
9042 0.5669784800938849 0.2419982602500028 0
9043 0.5641388378152468 0.2496825604081607 0
9044 0.5612677500792107 0.2573553330006338 0
9045 0.5583653453575548 0.2650162334419436 0
9046 0.5554317558979619 0.2726649185780433 0
9047 0.5524671177080757 0.2803010467276916 0
9048 0.5494715705391013 0.2879242777236501 0
9049 0.5464452578689561 0.2955342729536968 0
9050 0.5433883268849701 0.3031306954014528 0
9051 0.5403009284661392 0.310713209687017 0
9052 0.5371832171649346 0.3182814821074029 0
9053 0.5340353511886673 0.3258351806767728 0
9054 0.5308574923804137 0.3333739751664659 0
9055 0.5276498061995015 0.3408975371448147 0
9056 0.5244124617015606 0.3484055400167434 0
9057 0.5211456315181401 0.3558976590631453 0
9058 0.5178494918358933 0.3633735714800359 0
9059 0.5145242223753355 0.3708329564174715 0
9060 0.5111700063691746 0.3782754950182368 0
9061 0.5077870305402195 0.3857008704562864 0
9062 0.5043754850788649 0.3931087679749479 0
9063 0.5009355636201621 0.4004988749248702 0
9064 0.4974674632204711 0.4078708808017206 0
9065 0.4939713843337017 0.4152244772836228 0
9066 0.4904475307871445 0.42255935826833 0
9067 0.4868961097568958 0.4298752199101337 0
9068 0.4833173317428777 0.4371717606564971 0
9069 0.4797114105434585 0.4444486812844142 0
9070 0.4760785632296746 0.451705684936487 0
9071 0.4724190101190581 0.4589424771567176 0
9072 0.4687329747490732 0.4661587659260114 0
9073 0.4650206838501644 0.4733542616973855 0
9074 0.4612823673184188 0.4805286774308799 0
9075 0.4575182581878477 0.4876817286281657 0
9076 0.4537285926022903 0.4948131333668476 0
9077 0.4499136097869403 0.5019226123344551 0
9078 0.4460735520195038 0.5090098888621196 0
9079 0.4422086646009864 0.5160746889579327 0
9080 0.4383191958261188 0.5231167413399804 0
9081 0.4344053969534181 0.5301357774690533 0
9082 0.4304675221748943 0.5371315315810234 0
9083 0.4265058285854021 0.5441037407188885 0
9084 0.4225205761516429 0.5510521447644751 0
9085 0.4185120276808203 0.5579764864698035 0
9086 0.4144804487889533 0.5648765114881024 0
9087 0.4104261078688513 0.5717519684044763 0
9088 0.406349276057753 0.5786026087662191 0
9089 0.402250227204636 0.5854281871127693 0
9090 0.3981292378371982 0.5922284610053064 0
9091 0.3939865871285171 0.5990031910559805 0
9092 0.3898225568633895 0.6057521409567772 0
9093 0.3856374314043564 0.6124750775080072 0
9094 0.3814314976574178 0.6191717706464257 0
9095 0.3772050450374397 0.6258419934729692 0
9096 0.3729583654332595 0.6324855222801138 0
9097 0.3686917531724929 0.6391021365788481 0
9098 0.3644055049860462 0.6456916191252569 0
9099 0.3600999199723403 0.6522537559467142 0
9100 0.3557752995612469 0.6587883363676832 0
9101 0.351431947477746 0.6652951530351168 0
9102 0.3470701697053049 0.6717740019434578 0
9103 0.3426902744489863 0.6782246824592371 0
9104 0.3382925720982873 0.6846469973452631 0
9105 0.3338773751897157 0.6910407527844036 0
9106 0.3294449983691077 0.6974057584029535 0
9107 0.3249957583536902 0.703741827293589 0
9108 0.3205299738938946 0.7100487760379031 0
9109 0.3160479657349248 0.7163264247285196 0
9110 0.3115500565780842 0.722574596990786 0
9111 0.3070365710418687 0.7287931200040377 0
9112 0.3025078356228256 0.7349818245224361 0
9113 0.2979641786561893 0.7411405448953741 0
9114 0.2934059302762927 0.7472691190874488 0
9115 0.2888334223767633 0.7533673886979985 0
9116 0.2842469885705066 0.7594351989802004 0
9117 0.279646964149481 0.76547239885973 0
9118 0.2750336860442742 0.7714788409529739 0
9119 0.2704074927834761 0.7774543815848021 0
9120 0.2657687244528646 0.7833988808058898 0
9121 0.2611177226543999 0.7893122024095918 0
9122 0.2564548304650382 0.7951942139483644 0
9123 0.2517803923953664 0.8010447867497349 0
9124 0.2470947543480638 0.806863795931816 0
9125 0.2423982635761977 0.8126511204183628 0
9126 0.2376912686413535 0.8184066429533703 0
9127 0.2329741193716095 0.8241302501152121 0
9128 0.2282471668193572 0.8298218323303149 0
9129 0.2235107632189752 0.8354812838863703 0
9130 0.2187652619443598 0.8411085029450804 0
9131 0.6231099286839918 0.007745073926056112 0
9132 0.6211897165531239 0.01548981687709938 0
9133 0.6192393690586466 0.02323389791802249 0
9134 0.6172588952852474 0.03097698619352574 0
9135 0.6152483079499544 0.03871875096800731 0
9136 0.6132076234006048 0.04645886166543972 0
9137 0.6111368616138717 0.05419698790923017 0
9138 0.6090360461928572 0.061932799562051 0
9139 0.6069052043642461 0.06966596676564674 0
9140 0.6047443669750225 0.07739615998060423 0
9141 0.6025535684887515 0.08512305002608628 0
9142 0.6003328469814234 0.09284630811951949 0
9143 0.5980822441368628 0.1005656059162376 0
9144 0.595801805241703 0.1082806155490696 0
9145 0.5934915791799259 0.1159910096678702 0
9146 0.5911516184269673 0.123696461478989 0
9147 0.5887819790433908 0.1313966447846728 0
9148 0.5863827206681282 0.1390912340223945 0
9149 0.5839539065112885 0.1467799043041066 0
9150 0.5814956033465372 0.1544623314554138 0
9151 0.5790078815030448 0.1621381920546576 0
9152 0.5764908148570074 0.1698071634719129 0
9153 0.5739444808227397 0.177468923907886 0
9154 0.5713689603433409 0.185123152432716 0
9155 0.5687643378809348 0.1927695290246679 0
9156 0.5661307014064874 0.2004077346087186 0
9157 0.5634681423891984 0.2080374510950277 0
9158 0.5607767557854748 0.2156583614172897 0
9159 0.5580566400274807 0.2232701495709629 0
9160 0.5553078970112688 0.2308725006513709 0
9161 0.5525306320844965 0.2384651008916692 0
9162 0.549724954033722 0.2460476377006779 0
9163 0.5468909750712896 0.2536197997005705 0
9164 0.5440288108217993 0.2611812767644158 0
9165 0.5411385803081659 0.2687317600535723 0
9166 0.5382204059372682 0.2762709420549224 0
9167 0.5352744134851912 0.2837985166179517 0
9168 0.5323007320820606 0.2913141789916605 0
9169 0.529299494196473 0.2988176258613075 0
9170 0.5262708356195253 0.306308555384982 0
9171 0.5232148954484411 0.3137866672299959 0
9172 0.5201318160698006 0.3212516626090954 0
9173 0.5170217431423724 0.3287032443164859 0
9174 0.5138848255795514 0.3361411167636666 0
9175 0.5107212155314046 0.343564986015069 0
9176 0.5075310683663261 0.3509745598234974 0
9177 0.504314542652304 0.3583695476653656 0
9178 0.5010718001378021 0.3657496607757244 0
9179 0.4978030057322573 0.3731146121830796 0
9180 0.4945083274861976 0.3804641167439911 0
9181 0.4911879365709785 0.3877978911774531 0
9182 0.487842007258146 0.3951156540990498 0
9183 0.4844707168984241 0.4024171260548819 0
9184 0.4810742459003315 0.4097020295552604 0
9185 0.4776527777084301 0.4169700891081636 0
9186 0.4742064987812062 0.4242210312524536 0
9187 0.47073559856859 0.4314545845908473 0
9188 0.4672402694891127 0.4386704798226395 0
9189 0.4637207069067071 0.4458684497761716 0
9190 0.4601771091071523 0.4530482294410458 0
9191 0.456609677274166 0.460209556000077 0
9192 0.453018615465148 0.4673521688609803 0
9193 0.4494041305865769 0.4744758096877918 0
9194 0.445766432369063 0.4815802224320158 0
9195 0.4421057333420613 0.4886651533634961 0
9196 0.4384222488082464 0.4957303511010096 0
9197 0.4347161968175534 0.5027755666425743 0
9198 0.4309877981408878 0.5098005533954727 0
9199 0.427237276243507 0.5168050672059823 0
9200 0.4234648572580764 0.5237888663888146 0
9201 0.4196707699574049 0.5307517117562545 0
9202 0.4158552457268619 0.5376933666469996 0
9203 0.4120185185364786 0.5446135969546941 0
9204 0.4081608249127383 0.5515121711561564 0
9205 0.404282403910058 0.5583888603392921 0
9206 0.4003834970819662 0.5652434382306953 0
9207 0.3964643484519778 0.5720756812229305 0
9208 0.3925252044841724 0.5788853684014924 0
9209 0.3885663140534785 0.5856722815714424 0
9210 0.3845879284156655 0.5924362052837159 0
9211 0.3805903011770506 0.5991769268610994 0
9212 0.3765736882639208 0.6058942364238733 0
9213 0.3725383478916761 0.6125879269151164 0
9214 0.3684845405336957 0.6192577941256723 0
9215 0.3644125288899336 0.6259036367187691 0
9216 0.3603225778552436 0.6325252562542967 0
9217 0.3562149544874416 0.6391224572127312 0
9218 0.3520899279751063 0.6456950470187095 0
9219 0.3479477696051222 0.6522428360642483 0
9220 0.3437887527299714 0.6587656377316051 0
9221 0.3396131527347744 0.6652632684157787 0
9222 0.3354212470040877 0.6717355475466468 0
9223 0.3312133148884586 0.6781822976107368 0
9224 0.3269896376707442 0.6846033441726298 0
9225 0.3227504985321969 0.6909985158959915 0
9226 0.3184961825183212 0.6973676445642301 0
9227 0.3142269765045052 0.7037105651007793 0
9228 0.3099431691614323 0.710027115589001 0
9229 0.3056450509202758 0.7163171372917074 0
9230 0.3013329139376817 0.7225804746703006 0
9231 0.297007052060543 0.7288169754035259 0
9232 0.2926677607905703 0.7350264904058366 0
9233 0.2883153372486634 0.7412088738453705 0
9234 0.2839500801390871 0.747363983161532 0
9235 0.2795722897134559 0.7534916790821805 0
9236 0.2751822677345329 0.7595918256404236 0
9237 0.2707803174398468 0.7656642901910097 0
9238 0.2663667435051285 0.7717089434263218 0
9239 0.2619418520075781 0.7777256593919674 0
9240 0.25750595038896 0.7837143155019659 0
9241 0.2530593474185345 0.7896747925535279 0
9242 0.2486023531558297 0.7956069747414281 0
9243 0.2441352789132575 0.8015107496719678 0
9244 0.2396584372185779 0.8073860083765265 0
9245 0.2351721417772182 0.8132326453247 0
9246 0.2306767074344485 0.8190505584370243 0
9247 0.2261724501374215 0.8248396490972835 0
9248 0.2216596868970776 0.8305998221644 0
9249 0.2171387357499239 0.8363309859839057 0
9250 0.6091532699413261 0.007625250897235092 0
9251 0.6071686369361102 0.01525020759445878 0
9252 0.6051572169410193 0.02287457592713116 0
9253 0.6031190180313311 0.03049806180165254 0
9254 0.6010540515110707 0.03812037123082118 0
9255 0.5989623319116487 0.04574121036927969 0
9256 0.5968438769901081 0.05336028554894517 0
9257 0.5946987077269842 0.0609773033144157 0
9258 0.5925268483237743 0.06859197045835258 0
9259 0.5903283262000201 0.07620399405683342 0
9260 0.5881031719900015 0.08381308150466937 0
9261 0.5858514195390432 0.091418940550684 0
9262 0.5835731058994337 0.09902127933295196 0
9263 0.5812682713259583 0.1066198064139879 0
9264 0.5789369592710452 0.1142142308158846 0
9265 0.5765792163795265 0.1218042620553978 0
9266 0.5741950924830141 0.1293896101789684 0
9267 0.5717846405938918 0.1369699857976839 0
9268 0.5693479168989232 0.1445451001221689 0
9269 0.5668849807524776 0.1521146649974048 0
9270 0.5643958946693732 0.1596783929374734 0
9271 0.56188072431734 0.1672359971602189 0
9272 0.559339538509102 0.1747871916218246 0
9273 0.5567724091940809 0.1823316910513032 0
9274 0.5541794114497199 0.18986921098489 0
9275 0.5515606234724332 0.1973994678003423 0
9276 0.5489161265681765 0.2049221787511358 0
9277 0.5462460051426444 0.2124370620005538 0
9278 0.543550346691094 0.2199438366556706 0
9279 0.5408292417877946 0.2274422228012185 0
9280 0.5380827840751079 0.2349319415333356 0
9281 0.5353110702521975 0.2424127149931951 0
9282 0.5325142000633687 0.249884266400507 0
9283 0.5296922762860439 0.2573463200868882 0
9284 0.5268454047183697 0.2647986015291013 0
9285 0.5239736941664607 0.2722408373821532 0
9286 0.5210772564312812 0.2796727555122535 0
9287 0.518156206295165 0.2870940850296241 0
9288 0.5152106615079761 0.2945045563211621 0
9289 0.5122407427729114 0.301903901082947 0
9290 0.5092465737319478 0.3092918523525889 0
9291 0.506228280950934 0.3166681445414182 0
9292 0.5031859939043311 0.324032513466506 0
9293 0.5001198449596013 0.3313846963825184 0
9294 0.4970299693612487 0.3387244320133946 0
9295 0.4939165052145122 0.3460514605838495 0
9296 0.4907795934687147 0.3533655238506952 0
9297 0.4876193779002685 0.3606663651339772 0
9298 0.4844360050953399 0.3679537293479227 0
9299 0.4812296244321757 0.3752273630316957 0
9300 0.4780003880630921 0.3824870143799582 0
9301 0.4747484508961299 0.3897324332732294 0
9302 0.4714739705763771 0.3969633713080432 0
9303 0.4681771074669615 0.4041795818268981 0
9304 0.4648580246297157 0.4113808199479972 0
9305 0.4615168878055168 0.4185668425947735 0
9306 0.4581538653943024 0.4257374085251976 0
9307 0.4547691284347669 0.4328922783608647 0
9308 0.4513628505837397 0.4400312146158563 0
9309 0.4479352080952466 0.4471539817253741 0
9310 0.4444863797992587 0.4542603460741425 0
9311 0.4410165470801316 0.461350076024575 0
9312 0.4375258938547351 0.4684229419447039 0
9313 0.4340146065502783 0.4754787162358659 0
9314 0.4304828740818323 0.4825171733601447 0
9315 0.4269308878295524 0.489538089867564 0
9316 0.4233588416156031 0.496541244423029 0
9317 0.4197669316807892 0.5035264178330128 0
9318 0.4161553566608952 0.5104933930719843 0
9319 0.4125243175627346 0.517441955308576 0
9320 0.4088740177399156 0.5243718919314854 0
9321 0.4052046628683218 0.5312829925751107 0
9322 0.4015164609213144 0.5381750491449134 0
9323 0.3978096221446563 0.5450478558425094 0
9324 0.3940843590311628 0.5519012091904818 0
9325 0.3903408862950811 0.5587349080569144 0
9326 0.3865794208462025 0.5655487536796419 0
9327 0.3828001817637089 0.5723425496902155 0
9328 0.3790033902697587 0.5791161021375784 0
9329 0.3751892697028138 0.5858692195114511 0
9330 0.3713580454907117 0.5926017127654216 0
9331 0.3675099451234852 0.5993133953397392 0
9332 0.3636451981259343 0.6060040831838073 0
9333 0.3597640360299518 0.6126735947783752 0
9334 0.3558666923466076 0.6193217511574245 0
9335 0.3519534025379944 0.6259483759297453 0
9336 0.348024403988837 0.6325532953002055 0
9337 0.3440799359778723 0.6391363380907047 0
9338 0.3401202396489976 0.6456973357608133 0
9339 0.3361455579821968 0.6522361224280934 0
9340 0.332156135764244 0.6587525348880996 0
9341 0.3281522195591891 0.6652464126340565 0
9342 0.3241340576786299 0.6717175978762104 0
9343 0.3201019001517726 0.6781659355608562 0
9344 0.3160559986952862 0.6845912733890294 0
9345 0.3119966066829522 0.6909934618348712 0
9346 0.3079239791151158 0.6973723541636558 0
9347 0.3038383725879399 0.7037278064494824 0
9348 0.2997400452624674 0.7100596775926288 0
9349 0.295629256833495 0.7163678293365634 0
9350 0.2915062684982606 0.7226521262846155 0
9351 0.2873713429249515 0.7289124359162992 0
9352 0.2832247442210343 0.7351486286032923 0
9353 0.2790667379014107 0.7413605776250654 0
9354 0.2748975908564052 0.7475481591841604 0
9355 0.2707175713195848 0.7537112524211174 0
9356 0.2665269488354193 0.7598497394290457 0
9357 0.2623259942267809 0.7659635052678415 0
9358 0.2581149795622917 0.7720524379780452 0
9359 0.25389417812352 0.77811642859434 0
9360 0.2496638643720306 0.7841553711586914 0
9361 0.2454243139162931 0.7901691627331213 0
9362 0.2411758034784511 0.7961577034121194 0
9363 0.2369186108609583 0.8021208963346903 0
9364 0.2326530149130829 0.8080586476960296 0
9365 0.2283792954972876 0.8139708667588365 0
9366 0.2240977334554858 0.819857465864252 0
9367 0.2198086105751801 0.8257183604424296 0
9368 0.2155122095554879 0.8315534690227311 0
9369 0.5951966111986604 0.007505427868414072 0
9370 0.5931475573190964 0.01501059831181806 0
9371 0.5910750648233919 0.02251525393623982 0
9372 0.5889791407774146 0.0300191374097793 0
9373 0.5868597950721869 0.03752199149363517 0
9374 0.5847170404226927 0.04502355907311978 0
9375 0.5825508923663447 0.05252358318866046 0
9376 0.5803613692611113 0.06002180706678051 0
9377 0.5781484922833025 0.06751797415105848 0
9378 0.5759122854250177 0.07501182813306273 0
9379 0.5736527754912513 0.0825031129832523 0
9380 0.5713699920966628 0.08999157298184857 0
9381 0.5690639676620044 0.09747695274966639 0
9382 0.5667347374102136 0.104958997278906 0
9383 0.5643823393621645 0.112437451963899 0
9384 0.5620068143320858 0.1199120626318063 0
9385 0.5596082059226374 0.127382575573264 0
9386 0.5571865605196553 0.1348487375729735 0
9387 0.5547419272865578 0.1423102959402311 0
9388 0.552274358158418 0.1497669985393958 0
9389 0.5497839078357015 0.1572185938202892 0
9390 0.5472706337776726 0.1646648308485248 0
9391 0.5447345961954644 0.1721054593357633 0
9392 0.5421758580448208 0.1795402296698903 0
9393 0.539594485018505 0.1869688929451121 0
9394 0.5369905455383791 0.1943912009919663 0
9395 0.5343641107471544 0.2018069064072437 0
9396 0.5317152544998138 0.2092157625838179 0
9397 0.5290440533547073 0.2166175237403785 0
9398 0.5263505865643203 0.2240119449510662 0
9399 0.5236349360657195 0.231398782175002 0
9400 0.5208971864706728 0.2387777922857124 0
9401 0.5181374250554477 0.2461487331004436 0
9402 0.5153557417502885 0.2535113634093605 0
9403 0.5125522291285735 0.2608654430046303 0
9404 0.5097269823956532 0.2682107327093839 0
9405 0.5068800993773711 0.2755469944065551 0
9406 0.5040116805082695 0.2828739910675877 0
9407 0.5011218288194792 0.2901914867810168 0
9408 0.4982106499262976 0.2974992467809119 0
9409 0.4952782520154544 0.3047970374751819 0
9410 0.4923247458320673 0.3120846264737409 0
9411 0.4893502446662897 0.319361782616526 0
9412 0.4863548643396512 0.3266282760013702 0
9413 0.4833387231910926 0.3338838780117203 0
9414 0.4803019420626982 0.3411283613442015 0
9415 0.4772446442851255 0.348361500036025 0
9416 0.474166955662735 0.35558306949223 0
9417 0.4710690044584225 0.3627928465127656 0
9418 0.4679509213781538 0.3699906093194003 0
9419 0.4648128395552056 0.3771761375824634 0
9420 0.4616548945341137 0.384349212447409 0
9421 0.45847722425433 0.3915096165612043 0
9422 0.4552799690335914 0.3986571340985358 0
9423 0.4520632715510013 0.4057915507878309 0
9424 0.4488272768298272 0.4129126539370935 0
9425 0.4455721322200146 0.4200202324595478 0
9426 0.4422979873804211 0.4271140768990899 0
9427 0.4390049942607723 0.4341939794555408 0
9428 0.4356933070833408 0.4412597340097022 0
9429 0.4323630823243514 0.4483111361482079 0
9430 0.4290144786951152 0.4553479831881698 0
9431 0.4256476571228933 0.4623700742016158 0
9432 0.4222627807314936 0.4693772100397159 0
9433 0.4188600148216034 0.4763691933567932 0
9434 0.4154395268508584 0.4833458286341186 0
9435 0.4120014864136528 0.4903069222034837 0
9436 0.4085460652206906 0.4972522822705528 0
9437 0.4050734370782833 0.5041817189379862 0
9438 0.4015837778673929 0.5110950442283372 0
9439 0.3980772655224262 0.5179920721067164 0
9440 0.3945540800097816 0.5248726185032219 0
9441 0.3910144033061502 0.5317365013351325 0
9442 0.3874584193765743 0.5385835405288624 0
9443 0.3838863141522675 0.5454135580416716 0
9444 0.3802982755081961 0.5522263778831333 0
9445 0.3766944932404272 0.5590218261363533 0
9446 0.3730751590432453 0.5657997309789384 0
9447 0.3694404664860389 0.5725599227037144 0
9448 0.3657906109899621 0.5793022337391863 0
9449 0.3621257898043728 0.5860264986697439 0
9450 0.3584462019830496 0.592732554255605 0
9451 0.3547520483601926 0.599420239452498 0
9452 0.3510435315262079 0.6060893954310784 0
9453 0.3473208558032818 0.6127398655960796 0
9454 0.3435842272207451 0.6193714956051938 0
9455 0.3398338534902324 0.6259841333876799 0
9456 0.3360699439806383 0.6325776291626999 0
9457 0.3322927096928729 0.6391518354573783 0
9458 0.3285023632344223 0.6457066071245817 0
9459 0.3246991187937135 0.6522418013604205 0
9460 0.3208831921142905 0.658757277721466 0
9461 0.3170548004688012 0.6652528981416841 0
9462 0.3132141626328011 0.6717285269490825 0
9463 0.3093614988583755 0.6781840308820674 0
9464 0.3054970308475832 0.6846192791055123 0
9465 0.3016209817257263 0.6910341432265321 0
9466 0.2977335760144474 0.6974284973099638 0
9467 0.293835039604659 0.7038022178935504 0
9468 0.2899255997293081 0.7101551840028264 0
9469 0.286005484935978 0.7164872771657053 0
9470 0.2820749250593325 0.7227983814267618 0
9471 0.278134151193405 0.729088383361214 0
9472 0.2741833956637344 0.735357172088599 0
9473 0.2702228919993546 0.7416046392861404 0
9474 0.2662528749046368 0.7478306792018109 0
9475 0.262273580230992 0.7540351886670817 0
9476 0.2582852449484334 0.7602180671093615 0
9477 0.2542881071170053 0.7663792165641229 0
9478 0.2502824058580799 0.7725185416867142 0
9479 0.2462683813255269 0.7786359497638551 0
9480 0.2422462746767565 0.7847313507248145 0
9481 0.2382163280436448 0.7908046571522713 0
9482 0.2341787845033385 0.7968557842928541 0
9483 0.2301338880489475 0.8028846500673592 0
9484 0.2260818835601267 0.8088911750806485 0
9485 0.2220230167735501 0.8148752826312203 0
9486 0.2179575342532827 0.8208368987204592 0
9487 0.2138856833610519 0.8267759520615563 0
9488 0.5812399524559946 0.007385604839593052 0
9489 0.5791264777020827 0.01477098902917739 0
9490 0.5769929127057645 0.02215593194534826 0
9491 0.5748392635234982 0.02954021301790605 0
9492 0.5726655386333031 0.03692361175644915 0
9493 0.5704717489337365 0.0443059077769597 0
9494 0.5682579077425811 0.05168688082837575 0
9495 0.5660240307952382 0.05906631081914532 0
9496 0.5637701362428307 0.0664439778437646 0
9497 0.5614962446500151 0.07381966220929165 0
9498 0.5592023789925011 0.08119314446183523 0
9499 0.5568885646542823 0.08856420541301313 0
9500 0.5545548294245753 0.0959326261663806 0
9501 0.5522012034944688 0.1032981881438241 0
9502 0.5498277194532839 0.1106606731119134 0
9503 0.547434412284645 0.1180198632082148 0
9504 0.5450213193622606 0.1253755409675597 0
9505 0.5425884804454189 0.1327274893482629 0
9506 0.5401359376741923 0.1400754917582933 0
9507 0.5376637355643583 0.1474193320813868 0
9508 0.5351719210020298 0.1547587947031049 0
9509 0.5326605432380049 0.1620936645368308 0
9510 0.5301296538818265 0.1694237270497018 0
9511 0.5275793068955607 0.1767487682884773 0
9512 0.52500955858729 0.1840685749053342 0
9513 0.5224204676043249 0.1913829341835901 0
9514 0.5198120949261323 0.1986916340633517 0
9515 0.5171845038569833 0.205994463167082 0
9516 0.5145377600183205 0.2132912108250863 0
9517 0.511871931340846 0.2205816671009139 0
9518 0.5091870880563311 0.2278656228166683 0
9519 0.5064833026891481 0.2351428695782296 0
9520 0.5037606500475266 0.2424131998003802 0
9521 0.5010192072145331 0.2496764067318328 0
9522 0.4982590535387773 0.2569322844801592 0
9523 0.4954802706248455 0.2641806280366148 0
9524 0.4926829423234609 0.2714212333008566 0
9525 0.4898671547213738 0.2786538971055513 0
9526 0.4870329961309822 0.2858784172408715 0
9527 0.4841805570796837 0.2930945924788768 0
9528 0.4813099302989609 0.3003022225977749 0
9529 0.4784212107132005 0.3075011084060635 0
9530 0.4755144954282484 0.314691051766546 0
9531 0.472589883719701 0.321871855620222 0
9532 0.4696474770209366 0.3290433240100459 0
9533 0.4666873789108842 0.3362052621045536 0
9534 0.4637096951015361 0.3433574762213547 0
9535 0.4607145334252015 0.3504997738504827 0
9536 0.457702003821505 0.3576319636776086 0
9537 0.4546722183241318 0.3647538556071049 0
9538 0.4516252910473191 0.3718652607849685 0
9539 0.4485613381720974 0.3789659916215886 0
9540 0.4454804779322828 0.3860558618143655 0
9541 0.4423828306002212 0.3931346863701734 0
9542 0.4392685184722869 0.4002022816276645 0
9543 0.4361376658541376 0.4072584652794133 0
9544 0.4329903990457268 0.4143030563938981 0
9545 0.4298268463260753 0.421335875437315 0
9546 0.4266471379378048 0.4283567442952254 0
9547 0.4234514060714349 0.4353654862940304 0
9548 0.4202397848494441 0.4423619262222734 0
9549 0.4170124103100988 0.4493458903517645 0
9550 0.4137694203910514 0.4563172064585277 0
9551 0.4105109549127088 0.463275703843566 0
9552 0.4072371555613743 0.4702212133534417 0
9553 0.4039481658721644 0.4771535674006729 0
9554 0.4006441312117024 0.4840725999839383 0
9555 0.397325198760592 0.4909781467080929 0
9556 0.3939915174956714 0.4978700448039881 0
9557 0.390643238172051 0.5047481331480985 0
9558 0.3872805133049367 0.5116122522819473 0
9559 0.3839034971512413 0.5184622444313329 0
9560 0.3805123456909859 0.5252979535253517 0
9561 0.3771072166084923 0.5321192252152153 0
9562 0.3736882692733721 0.5389259068928614 0
9563 0.3702556647213109 0.5457178477093524 0
9564 0.3668095656346519 0.5524948985930647 0
9565 0.3633501363227817 0.5592569122676616 0
9566 0.359877542702319 0.5660037432698504 0
9567 0.3563919522771104 0.5727352479669215 0
9568 0.3528935341180338 0.5794512845740662 0
9569 0.349382458842614 0.5861517131714709 0
9570 0.3458588985944508 0.5928363957211886 0
9571 0.3423230270224639 0.5995051960837814 0
9572 0.3387750192599558 0.606157980034735 0
9573 0.3352150519034958 0.6127946152806422 0
9574 0.3316433029916278 0.6194149714751541 0
9575 0.3280599519834042 0.6260189202346951 0
9576 0.3244651797367482 0.6326063351539433 0
9577 0.3208591684866476 0.63917709182107 0
9578 0.317242101823183 0.6457310678327413 0
9579 0.3136141646693918 0.6522681428088756 0
9580 0.3099755432589725 0.6587881984071577 0
9581 0.3063264251138295 0.6652911183373087 0
9582 0.3026669990214647 0.6717767883751053 0
9583 0.2989974550122142 0.6782450963761534 0
9584 0.2953179843363368 0.6846959322894085 0
9585 0.2916287794409549 0.6911291881704451 0
9586 0.2879300339468506 0.6975447581944716 0
9587 0.2842219426251212 0.7039425386690893 0
9588 0.2805047013736954 0.710322428046795 0
9589 0.2767785071937136 0.7166843269372244 0
9590 0.2730435581657756 0.7230281381191359 0
9591 0.2693000534260581 0.7293537665521324 0
9592 0.2655481931423039 0.7356611193881203 0
9593 0.2617881784896887 0.7419501059825045 0
9594 0.2580202116265646 0.7482206379051176 0
9595 0.2542444956700857 0.7544726289508811 0
9596 0.2504612346717188 0.7607059951502005 0
9597 0.24667063359264 0.7669206547790884 0
9598 0.242872898279023 0.7731165283690187 0
9599 0.2390682354372198 0.7792935387165076 0
9600 0.2352568526088383 0.785451610892423 0
9601 0.2314389581457187 0.7915906722510178 0
9602 0.2276147611848122 0.797710652438689 0
9603 0.2237844716229657 0.8038114834024606 0
9604 0.2199483000916143 0.809893099398189 0
9605 0.2161064579313852 0.8159554369984888 0
9606 0.2122591571666159 0.8219984351003817 0
9607 0.5672832937133288 0.007265781810772087 0
9608 0.5651053980850689 0.01453137974653673 0
9609 0.562910760588137 0.02179660995445692 0
9610 0.5606993862695819 0.0290612886260328 0
9611 0.5584712821944192 0.03632523201926335 0
9612 0.5562264574447804 0.04358825648079984 0
9613 0.5539649231188176 0.05085017846809081 0
9614 0.5516866923293652 0.05811081457150991 0
9615 0.5493917802023589 0.06536998153647045 0
9616 0.5470802038750127 0.07262749628552084 0
9617 0.544751982493751 0.07988317594041849 0
9618 0.5424071372119019 0.08713683784417758 0
9619 0.5400456911871461 0.09438829958309491 0
9620 0.537667669578724 0.1016373790087424 0
9621 0.5352730995444033 0.1088838942599277 0
9622 0.5328620102372041 0.1161276637846235 0
9623 0.5304344328018838 0.1233685063618553 0
9624 0.5279904003711824 0.1306062411235523 0
9625 0.525529948061827 0.1378406875763555 0
9626 0.5230531129702984 0.145071665623378 0
9627 0.5205599341683582 0.1522989955859209 0
9628 0.5180504526983375 0.1595224982251367 0
9629 0.5155247115681889 0.1667419947636403 0
9630 0.5129827557463006 0.1739573069070644 0
9631 0.510424632156075 0.1811682568655561 0
9632 0.5078503896702707 0.188374667375214 0
9633 0.5052600791051103 0.1955763617194597 0
9634 0.5026537532141527 0.202773163750346 0
9635 0.5000314666819338 0.209964897909794 0
9636 0.4973932761173716 0.2171513892507615 0
9637 0.4947392400469426 0.2243324634583345 0
9638 0.4920694189076235 0.2315079468707469 0
9639 0.4893838750396055 0.2386776665003168 0
9640 0.4866826726787775 0.245841450054305 0
9641 0.4839658779489811 0.2529991259556882 0
9642 0.481233558854038 0.2601505233638456 0
9643 0.4784857852695508 0.2672954721951583 0
9644 0.4757226289344783 0.2744338031435148 0
9645 0.4729441634424852 0.2815653477007262 0
9646 0.4701504642330697 0.2886899381768416 0
9647 0.4673416085824674 0.295807407720368 0
9648 0.4645176755943338 0.3029175903383862 0
9649 0.461678746190207 0.3100203209165661 0
9650 0.4588249030997509 0.3171154352390738 0
9651 0.4559562308507805 0.3242027700083715 0
9652 0.4530728157590702 0.3312821628649057 0
9653 0.4501747459179468 0.3383534524066844 0
9654 0.447262111187668 0.3454164782087355 0
9655 0.4443350031845875 0.3524710808424514 0
9656 0.4413935152701098 0.3595171018948096 0
9657 0.4384377425394326 0.3665543839874736 0
9658 0.4354677818100812 0.3735827707957682 0
9659 0.4324837316102357 0.3806021070675267 0
9660 0.429485692166851 0.387612238641811 0
9661 0.4264737653935724 0.3946130124674981 0
9662 0.423448054878448 0.4016042766217333 0
9663 0.420408665871439 0.4085858803282483 0
9664 0.4173557052717294 0.4155576739755402 0
9665 0.4142892816148374 0.42251950913491 0
9666 0.4112095050595292 0.4294712385783586 0
9667 0.4081164873745367 0.4364127162963389 0
9668 0.4050103419250823 0.4433437975153592 0
9669 0.4018911836592095 0.4502643387154397 0
9670 0.398759129093924 0.457174197647416 0
9671 0.3956142963011453 0.4640732333500903 0
9672 0.3924568048934703 0.4709613061672273 0
9673 0.389286776009752 0.477838277764393 0
9674 0.3861043323004933 0.4847040111456328 0
9675 0.3829095979130595 0.49155837066999 0
9676 0.3797026984767092 0.4984012220678598 0
9677 0.3764837610874472 0.5052324324571782 0
9678 0.3732529142927011 0.5120518703594441 0
9679 0.3700102880758216 0.5188594057155708 0
9680 0.3667560138404102 0.5256549099015683 0
9681 0.3634902243944768 0.532438255744051 0
9682 0.3602130539344258 0.5392093175355713 0
9683 0.3569246380288766 0.545967971049776 0
9684 0.3536251136023181 0.5527140935563846 0
9685 0.3503146189185992 0.5594475638359864 0
9686 0.3469932935642587 0.5661682621946569 0
9687 0.3436612784316949 0.5728760704783884 0
9688 0.3403187157021783 0.5795708720873368 0
9689 0.336965748828709 0.5862525519898794 0
9690 0.3336025225187199 0.5929209967364845 0
9691 0.3302291827166298 0.5995760944733902 0
9692 0.3268458765862465 0.6062177349560907 0
9693 0.3234527524930232 0.6128458095626284 0
9694 0.3200499599861702 0.6194602113066903 0
9695 0.3166376497806235 0.6260608348505082 0
9696 0.3132159737388731 0.6326475765175583 0
9697 0.3097850848526525 0.6392203343050622 0
9698 0.3063451372244932 0.6457790078962852 0
9699 0.3028962860491438 0.6523234986726315 0
9700 0.2994386875948579 0.6588537097255351 0
9701 0.2959724991845539 0.6653695458681433 0
9702 0.2924978791768451 0.6718709136467944 0
9703 0.2890149869469474 0.6783577213522849 0
9704 0.2855239828674625 0.6848298790309265 0
9705 0.2820250282890422 0.6912872984953929 0
9706 0.2785182855209344 0.6977298933353521 0
9707 0.2750039178114129 0.7041575789278848 0
9708 0.2714820893280947 0.710570272447687 0
9709 0.2679529651381464 0.7169678928770576 0
9710 0.2644167111883818 0.7233503610156657 0
9711 0.2608734942852533 0.7297175994901003 0
9712 0.2573234820747405 0.7360695327631982 0
9713 0.2537668430221371 0.7424060871431535 0
9714 0.2502037463917381 0.7487271907924009 0
9715 0.2466343622264323 0.7550327737362783 0
9716 0.2430588613272 0.7613227678714627 0
9717 0.2394774152325191 0.767597106974182 0
9718 0.2358901961976832 0.7738557267082008 0
9719 0.232297377174032 0.7800985646325747 0
9720 0.2286991317880989 0.7863255602091814 0
9721 0.2250956343206768 0.7925366548100187 0
9722 0.2214870596858048 0.7987317917242728 0
9723 0.2178735834096786 0.8049109161651575 0
9724 0.2142553816094876 0.8110739752765186 0
9725 0.21063263097218 0.8172209181392069 0
9726 0.553326634970663 0.007145958781951067 0
9727 0.5510843184680551 0.01429177046389601 0
9728 0.5488286084705096 0.02143728796356559 0
9729 0.5465595090156654 0.02858236423415955 0
9730 0.5442770257555353 0.03572685228207734 0
9731 0.5419811659558245 0.04287060518463987 0
9732 0.5396719384950541 0.05001347610780604 0
9733 0.5373493538634921 0.05715531832387449 0
9734 0.5350134241618871 0.0642959852291764 0
9735 0.5326641631000101 0.07143533036174998 0
9736 0.5303015859950008 0.07857320741900131 0
9737 0.5279257097695216 0.08570947027534209 0
9738 0.5255365529497169 0.0928439729998094 0
9739 0.5231341356629792 0.0999765698736606 0
9740 0.5207184796355226 0.1071071154079423 0
9741 0.5182896081897633 0.114235464361032 0
9742 0.5158475462415071 0.1213614717561509 0
9743 0.5133923202969459 0.1284849928988419 0
9744 0.5109239584494616 0.1356058833944177 0
9745 0.5084424903762388 0.142723999165369 0
9746 0.5059479473346866 0.1498391964687366 0
9747 0.5034403621586701 0.1569513319134427 0
9748 0.5009197692545511 0.1640602624775789 0
9749 0.4983862045970405 0.1711658455256516 0
9750 0.4958397057248601 0.1782679388257783 0
9751 0.4932803117362167 0.1853664005668377 0
9752 0.4907080632840883 0.1924610893755677 0
9753 0.4881230025713223 0.1995518643336101 0
9754 0.4855251733455471 0.2066385849945018 0
9755 0.4829146208938974 0.2137211114006091 0
9756 0.4802913920375541 0.220799304100001 0
9757 0.4776555351260988 0.2278730241632641 0
9758 0.4750071000316844 0.2349421332002533 0
9759 0.4723461381430221 0.2420064933767773 0
9760 0.469672702359185 0.2490659674312171 0
9761 0.4669868470832304 0.2561204186910764 0
9762 0.4642886282156407 0.26316971108946 0
9763 0.4615781031475826 0.2702137091814786 0
9764 0.4588553307539882 0.2772522781605809 0
9765 0.4561203713864558 0.2842852838748066 0
9766 0.4533732868659739 0.291312592842961 0
9767 0.4506141404754671 0.2983340722707089 0
9768 0.4478429969521657 0.3053495900665861 0
9769 0.4450599224798008 0.3123590148579256 0
9770 0.4422649846806244 0.3193622160066971 0
9771 0.4394582526072562 0.3263590636252578 0
9772 0.4366397967343575 0.3333494285920141 0
9773 0.4338096889501344 0.3403331825669883 0
9774 0.4309680025476701 0.3473101980072943 0
9775 0.4281148122160879 0.3542803481825142 0
9776 0.4252501940315461 0.3612435071899788 0
9777 0.422374225448065 0.3681995499699478 0
9778 0.4194869852881886 0.3751483523206879 0
9779 0.4165885537334808 0.3820897909134488 0
9780 0.4136790123148579 0.3890237433073317 0
9781 0.4107584439027585 0.3959500879640532 0
9782 0.4078269326971513 0.4028687042625985 0
9783 0.4048845642173836 0.4097794725137655 0
9784 0.40193142529187 0.4166822739745946 0
9785 0.3989676040476234 0.4235769908626868 0
9786 0.3959931898996294 0.4304635063704043 0
9787 0.3930082735400659 0.4373417046789539 0
9788 0.3900129469273677 0.4442114709723517 0
9789 0.3870073032751392 0.4510726914512661 0
9790 0.3839914370409163 0.4579252533467388 0
9791 0.3809654439147763 0.4647690449337817 0
9792 0.3779294208078017 0.4716039555448476 0
9793 0.3748834658403947 0.4784298755831729 0
9794 0.3718276783304476 0.485246696535992 0
9795 0.3687621587813674 0.492054310987621 0
9796 0.3656870088699579 0.4988526126324092 0
9797 0.3626023314341609 0.5056414962875552 0
9798 0.3595082304606573 0.5124208579057898 0
9799 0.3564048110723282 0.5191905945879212 0
9800 0.3532921795155815 0.5259506045952407 0
9801 0.3501704431475406 0.5327007873617904 0
9802 0.3470397104231013 0.5394410435064874 0
9803 0.3439000908818545 0.5461712748451075 0
9804 0.3407516951348794 0.5528913844021224 0
9805 0.3375946348514069 0.559601276422392 0
9806 0.3344290227453559 0.5663008563827107 0
9807 0.3312549725617426 0.5729900310032028 0
9808 0.3280725990629672 0.5796687082585701 0
9809 0.324882018014976 0.5863367973891875 0
9810 0.3216833461733039 0.5929942089120455 0
9811 0.3184767012689972 0.5996408546315392 0
9812 0.3152622019944186 0.6062766476501026 0
9813 0.3120399679889362 0.6129015023786855 0
9814 0.3088101198244989 0.6195153345470732 0
9815 0.3055727789910985 0.6261180612140467 0
9816 0.3023280678821221 0.632709600777383 0
9817 0.2990761097795945 0.6392898729836948 0
9818 0.295817028839315 0.6458587989381053 0
9819 0.2925509500758864 0.6524163011137614 0
9820 0.2892779993476431 0.6589623033611813 0
9821 0.2859983033414761 0.6654967309174356 0
9822 0.2827119895575579 0.6720195104151611 0
9823 0.2794191862939699 0.6785305698914078 0
9824 0.2761200226312338 0.6850298387963143 0
9825 0.2728146284167475 0.691517248001615 0
9826 0.2695031342491303 0.6979927298089745 0
9827 0.2661856714624757 0.7044562179581496 0
9828 0.2628623721105172 0.7109076476349794 0
9829 0.2595333689507054 0.7173469554791995 0
9830 0.2561987954282027 0.7237740795920802 0
9831 0.2528587856597924 0.730188959543892 0
9832 0.2495134744177097 0.7365915363811895 0
9833 0.2461629971133905 0.7429817526339207 0
9834 0.2428074897811458 0.749359552322356 0
9835 0.23944708906176 0.7557248809638367 0
9836 0.2360819321860153 0.7620776855793457 0
9837 0.2327121569581466 0.768417914699894 0
9838 0.2293379017392255 0.7747455183727265 0
9839 0.2259593054304791 0.7810604481673451 0
9840 0.2225765074565415 0.7873626571813481 0
9841 0.2191896477486438 0.793652100046085 0
9842 0.2157988667277429 0.799928732932126 0
9843 0.2124043052875901 0.806192513554548 0
9844 0.2090061047777439 0.8124434011780324 0
9845 0.5393699762279973 0.007026135753129881 0
9846 0.5370632388510413 0.01405216118125535 0
9847 0.5347464563528822 0.0210779659726742 0
9848 0.5324196317617492 0.02810343984228642 0
9849 0.5300827693166514 0.03512847254489126 0
9850 0.5277358744668683 0.04215295388847984 0
9851 0.5253789538712906 0.04917677374752139 0
9852 0.5230120153976191 0.05619982207623936 0
9853 0.5206350681214154 0.0632219889218823 0
9854 0.5182481223250076 0.07024316443797923 0
9855 0.5158511894962505 0.07726323889758446 0
9856 0.5134442823271412 0.0842821027065066 0
9857 0.5110274147122876 0.09129964641652372 0
9858 0.5086006017472344 0.09831576073857878 0
9859 0.506163859726642 0.1053303365559566 0
9860 0.5037172061423225 0.1123432649374407 0
9861 0.5012606596811303 0.1193544371504465 0
9862 0.4987942402227095 0.1263637446741314 0
9863 0.4963179688370962 0.13337107921248 0
9864 0.4938318677821792 0.1403763327073601 0
9865 0.491335960501015 0.1473793973515524 0
9866 0.4888302716190026 0.1543801656017487 0
9867 0.4863148269409133 0.1613785301915175 0
9868 0.4837896534477804 0.1683743841442387 0
9869 0.4812547792936451 0.1753676207860003 0
9870 0.4787102338021626 0.1823581337584616 0
9871 0.4761560474630662 0.1893458170316757 0
9872 0.4735922519284917 0.1963305649168743 0
9873 0.4710188800091604 0.2033122720792096 0
9874 0.4684359656704231 0.2102908335504568 0
9875 0.4658435440281656 0.2172661447416674 0
9876 0.4632416513445742 0.2242381014557813 0
9877 0.4606303250237633 0.23120659990019 0
9878 0.4580096036072666 0.2381715366992495 0
9879 0.4553795267693888 0.2451328089067461 0
9880 0.4527401353124229 0.2520903140183072 0
9881 0.4500914711617306 0.2590439499837615 0
9882 0.447433577360687 0.2659936152194422 0
9883 0.4447664980654912 0.2729392086204356 0
9884 0.442090278539842 0.2798806295727715 0
9885 0.4394049651494806 0.286817777965554 0
9886 0.4367106053566004 0.2937505542030316 0
9887 0.4340072477141243 0.3006788592166061 0
9888 0.4312949418598507 0.3076025944767774 0
9889 0.4285737385104684 0.3145216620050228 0
9890 0.4258436894554423 0.3214359643856099 0
9891 0.4231048475507682 0.3283454047773438 0
9892 0.4203572667126009 0.3352498869252411 0
9893 0.4176010019107527 0.3421493151721373 0
9894 0.414836109162066 0.3490435944702189 0
9895 0.4120626455236597 0.355932630392484 0
9896 0.4092806690860489 0.3628163291441274 0
9897 0.4064902389661416 0.3696945975738491 0
9898 0.4036914153001107 0.3765673431850865 0
9899 0.4008842592361435 0.3834344741471654 0
9900 0.3980688329270689 0.3902958993063732 0
9901 0.3952451995228635 0.3971515281969488 0
9902 0.3924134231630377 0.4040012710519907 0
9903 0.3895735689689026 0.4108450388142792 0
9904 0.3867257030357176 0.417682743147015 0
9905 0.3838698924247221 0.4245142964444698 0
9906 0.3810062051550495 0.4313396118425487 0
9907 0.3781347101955258 0.4381586032292637 0
9908 0.3752554774563545 0.4449711852551161 0
9909 0.3723685777806873 0.4517772733433874 0
9910 0.3694740829360823 0.4585767837003363 0
9911 0.3665720656058513 0.4653696333253023 0
9912 0.3636625993802961 0.4721557400207129 0
9913 0.3607457587478358 0.4789350224019939 0
9914 0.3578216190860256 0.4857073999073824 0
9915 0.3548902566524684 0.4924727928076402 0
9916 0.3519517485756208 0.4992311222156663 0
9917 0.3490061728454931 0.505982310096009 0
9918 0.3460536083042463 0.5127262792742742 0
9919 0.3430941346366861 0.5194629534464305 0
9920 0.3401278323606555 0.5261922571880093 0
9921 0.337154782817326 0.5329141159631988 0
9922 0.3341750681613909 0.5396284561338307 0
9923 0.3311887713511596 0.5463352049682584 0
9924 0.3281959761385553 0.5530342906501273 0
9925 0.325196767059017 0.5597256422870329 0
9926 0.3221912294213071 0.5664091899190686 0
9927 0.3191794492972255 0.5730848645272608 0
9928 0.316161513511232 0.5797525980418906 0
9929 0.313137509629978 0.5864123233507007 0
9930 0.310107525951748 0.5930639743069877 0
9931 0.3070716514958139 0.5997074857375769 0
9932 0.3040299759917022 0.6063427934506809 0
9933 0.3009825898683741 0.6129698342436382 0
9934 0.2979295842433239 0.6195885459105349 0
9935 0.2948710509115916 0.6261988672497039 0
9936 0.291807082334696 0.6328007380711044 0
9937 0.2887377716294863 0.6393940992035788 0
9938 0.2856632125569148 0.6459788925019876 0
9939 0.2825834995107324 0.6525550608542193 0
9940 0.2794987275061071 0.6591225481880766 0
9941 0.2764089921681685 0.6656812994780376 0
9942 0.2733143897204774 0.6722312607518891 0
9943 0.2702150169734253 0.6787723790972358 0
9944 0.2671109713125607 0.6853046026678778 0
9945 0.2640023506868477 0.6918278806900642 0
9946 0.2608892535968568 0.6983421634686122 0
9947 0.2577717790828878 0.7048474023929012 0
9948 0.2546500267130291 0.711343549942733 0
9949 0.251524096571152 0.7178305596940602 0
9950 0.2483940892448443 0.7243083863245855 0
9951 0.2452601058132823 0.7307769856192254 0
9952 0.2421222478350429 0.7372363144754406 0
9953 0.2389806173358594 0.7436863309084336 0
9954 0.23583531679632 0.7501269940562109 0
9955 0.2326864491395115 0.7565582641845093 0
9956 0.2295341177186099 0.7629801026915872 0
9957 0.2263784263044192 0.7693924721128782 0
9958 0.2232194790728594 0.7757953361255089 0
9959 0.2200573805924061 0.7821886595526779 0
9960 0.2168922358114829 0.7885724083678969 0
9961 0.2137241500458072 0.7949465496990946 0
9962 0.2105532289656926 0.8013110518325779 0
9963 0.2073795785833079 0.8076658842168575 0
9964 0.5254133174853316 0.006906312724308861 0
9965 0.5230421592340275 0.01381255189861469 0
9966 0.5206643042352548 0.0207186439817828 0
9967 0.5182797545078328 0.02762451545041317 0
9968 0.5158885128777677 0.03453009280770536 0
9969 0.5134905829779122 0.04143530259231992 0
9970 0.5110859692475271 0.04834007138723651 0
9971 0.5086746769317461 0.05524432582860411 0
9972 0.5062567120809436 0.06214799261458825 0
9973 0.5038320815500051 0.06905099851420843 0
9974 0.5014007929975004 0.07595327037616728 0
9975 0.4989628548847608 0.082854735137671 0
9976 0.4965182764748585 0.08975531983323792 0
9977 0.4940670678314896 0.09665495160349696 0
9978 0.4916092398177614 0.103553557703971 0
9979 0.4891448040948817 0.1104510655138494 0
9980 0.4866737731207536 0.1173474025447421 0
9981 0.4841961601484731 0.124242496449421 0
9982 0.4817119792247309 0.1311362750305421 0
9983 0.4792212451881195 0.1380286662493512 0
9984 0.4767239736673434 0.1449195982343683 0
9985 0.4742201810793351 0.1518089992900547 0
9986 0.4717098846272756 0.158696797905456 0
9987 0.4691931022985203 0.1655829227628258 0
9988 0.4666698528624301 0.1724673027462224 0
9989 0.4641401558681084 0.1793498669500854 0
9990 0.4616040316420442 0.1862305446877838 0
9991 0.4590615012856613 0.1931092655001382 0
9992 0.4565125866727736 0.1999859591639173 0
9993 0.4539573104469488 0.2068605557003044 0
9994 0.4513956960187771 0.2137329853833338 0
9995 0.4488277675630495 0.2206031787482985 0
9996 0.4462535500158423 0.2274710666001266 0
9997 0.4436730690715112 0.2343365800217219 0
9998 0.4410863511795926 0.241199650382275 0
9999 0.4384934235416153 0.248060209345538 0
10000 0.4358943141078205 0.2549181888780632 0
10001 0.4332890515737914 0.2617735212574057 0
10002 0.4306776653769942 0.2686261390802902 0
10003 0.428060185693228 0.2754759752707365 0
10004 0.4254366434329871 0.282322963088147 0
10005 0.4228070702377336 0.2891670361353542 0
10006 0.4201714984760829 0.2960081283666262 0
10007 0.4175299612399005 0.3028461740956293 0
10008 0.4148824923403123 0.3096811080033484 0
10009 0.4122291263036283 0.316512865145962 0
10010 0.4095698983671789 0.3233413809626735 0
10011 0.4069048444750674 0.3301665912834939 0
10012 0.4042340012738352 0.3369884323369802 0
10013 0.4015574061080441 0.3438068407579235 0
10014 0.3988750970157732 0.3506217535949891 0
10015 0.3961871127240327 0.357433108318307 0
10016 0.3934934926440944 0.3642408428270104 0
10017 0.3907942768667406 0.3710448954567241 0
10018 0.3880895061574291 0.377845204986999 0
10019 0.3853792219513794 0.384641710648693 0
10020 0.3826634663485758 0.391434352131299 0
10021 0.3799422821086919 0.3982230695902159 0
10022 0.3772157126459351 0.4050078036539637 0
10023 0.3744838020238118 0.4117884954313432 0
10024 0.3717465949498148 0.4185650865185352 0
10025 0.3690041367700331 0.4253375190061434 0
10026 0.366256473463684 0.4321057354861756 0
10027 0.3635036516375698 0.4388696790589662 0
10028 0.3607457185204582 0.4456292933400359 0
10029 0.3579827219573883 0.4523845224668907 0
10030 0.3552147104039009 0.4591353111057569 0
10031 0.3524417329201975 0.4658816044582529 0
10032 0.3496638391652239 0.4726233482679958 0
10033 0.3468810793906838 0.4793604888271437 0
10034 0.344093504434979 0.4860929729828711 0
10035 0.3413011657170806 0.4928207481437775 0
10036 0.3385041152303288 0.499543762286228 0
10037 0.3357024055361642 0.5062619639606271 0
10038 0.3328960897577908 0.5129753022976202 0
10039 0.3300852215737704 0.5196837270142284 0
10040 0.3272698552115508 0.5263871884199102 0
10041 0.3244500454409273 0.5330856374225537 0
10042 0.3216258475674398 0.5397790255343944 0
10043 0.3187973174257036 0.5464673048778625 0
10044 0.3159645113726781 0.5531504281913553 0
10045 0.3131274862808714 0.5598283488349345 0
10046 0.3102862995314837 0.5665010207959517 0
10047 0.3074410090074881 0.5731683986945937 0
10048 0.304591673086652 0.5798304377893559 0
10049 0.3017383506344987 0.5864870939824361 0
10050 0.2988811009972094 0.5931383238250512 0
10051 0.2960199839944682 0.599784084522676 0
10052 0.2931550599122495 0.6064243339402031 0
10053 0.2902863894955493 0.6130590306070232 0
10054 0.2874140339410611 0.6196881337220248 0
10055 0.2845380548897973 0.626311603158514 0
10056 0.2816585144196576 0.6329293994690526 0
10057 0.2787754750379432 0.6395414838902139 0
10058 0.2758889996738217 0.6461478183472573 0
10059 0.2729991516707381 0.6527483654587176 0
10060 0.2701059947787791 0.6593430885409139 0
10061 0.267209593146985 0.6659319516123705 0
10062 0.2643100113156169 0.6725149193981571 0
10063 0.2614073142083738 0.6790919573341407 0
10064 0.2585015671245652 0.6856630315711538 0
10065 0.2555928357312379 0.6922281089790747 0
10066 0.2526811860552586 0.6987871571508228 0
10067 0.2497666844753527 0.7053401444062664 0
10068 0.2468493977141014 0.71188703979604 0
10069 0.2439293928298963 0.7184278131052791 0
10070 0.2410067372088548 0.7249624348572614 0
10071 0.2380814985566952 0.7314908763169603 0
10072 0.2351537448905729 0.7380131094945113 0
10073 0.23222354453088 0.7445291071485849 0
10074 0.2292909660930077 0.751038842789673 0
10075 0.2263560784790733 0.7575422906832803 0
10076 0.2234189508696128 0.7640394258530299 0
10077 0.2204796527152396 0.7705302240836727 0
10078 0.2175382537282707 0.7770146619240075 0
10079 0.2145948238743219 0.7834927166897091 0
10080 0.2116494333638715 0.7899643664660631 0
10081 0.208702152643795 0.7964295901106075 0
10082 0.205753052388872 0.8028883672556828 0
10083 0.5114566587426658 0.00678648969548773 0
10084 0.5090210796170138 0.01357294261597403 0
10085 0.5065821521176275 0.02035932199089152 0
10086 0.5041398772539164 0.02714559105853992 0
10087 0.5016942564388839 0.03393171307051956 0
10088 0.4992452914889561 0.04071765129616001 0
10089 0.4967929846237635 0.04750336902695151 0
10090 0.4943373384658731 0.05428882958096864 0
10091 0.4918783560404718 0.0610739963072941 0
10092 0.4894160407750026 0.06785883259043751 0
10093 0.4869503964987503 0.07464330185475038 0
10094 0.4844814274423804 0.08142736756883551 0
10095 0.4820091382374293 0.0882109932499523 0
10096 0.4795335339157449 0.09499414246841525 0
10097 0.4770546199088807 0.1017767788519855 0
10098 0.4745724020474408 0.108558866090258 0
10099 0.4720868865603768 0.1153403679390377 0
10100 0.4695980800742365 0.1221212482247103 0
10101 0.4671059896123654 0.1289014708486044 0
10102 0.4646106225940598 0.1356809997913421 0
10103 0.4621119868336717 0.142459799117184 0
10104 0.4596100905396676 0.1492378329783607 0
10105 0.4571049423136379 0.1560150656193947 0
10106 0.4545965511492602 0.1627914613814128 0
10107 0.4520849264312151 0.1695669847064444 0
10108 0.4495700779340542 0.1763416001417093 0
10109 0.4470520158210222 0.1831152723438917 0
10110 0.4445307506428307 0.1898879660834024 0
10111 0.4420062933363869 0.1966596462486251 0
10112 0.4394786552234745 0.203430277850152 0
10113 0.4369478480093886 0.210199826025 0
10114 0.4344138837815248 0.2169682560408157 0
10115 0.4318767750079212 0.2237355333000631 0
10116 0.4293365345357557 0.230501623344194 0
10117 0.4267931755897963 0.237266491857804 0
10118 0.4242467117708077 0.2440301046727688 0
10119 0.4216971570539103 0.2507924277723648 0
10120 0.4191445257868958 0.2575534272953694 0
10121 0.4165888326884972 0.2643130695401449 0
10122 0.4140300928466141 0.2710713209687013 0
10123 0.4114683217164936 0.27782814821074 0
10124 0.4089035351188669 0.2845835180676769 0
10125 0.4063357492380416 0.2913373975166461 0
10126 0.4037649806199504 0.298089753714481 0
10127 0.4011912461701562 0.304840554001674 0
10128 0.3986145631518142 0.311589765906314 0
10129 0.3960349491835895 0.3183373571480032 0
10130 0.3934524222375338 0.3250832956417467 0
10131 0.3908670006369177 0.3318275495018231 0
10132 0.3882787030540221 0.3385700870456281 0
10133 0.3856875485078867 0.3453108767974943 0
10134 0.3830935563620164 0.3520498874924866 0
10135 0.3804967463220473 0.3587870880801715 0
10136 0.3778971384333704 0.3655224477283618 0
10137 0.3752947530787146 0.3722559358268326 0
10138 0.3726896109756898 0.3789875219910129 0
10139 0.370081733174288 0.3857171760656493 0
10140 0.367471141054346 0.392444868128441 0
10141 0.3648578563229676 0.3991705684936483 0
10142 0.362241901011906 0.4058942477156714 0
10143 0.3596232974749075 0.4126158765926008 0
10144 0.3570020683850166 0.4193354261697381 0
10145 0.354378236731842 0.4260528677430875 0
10146 0.3517518258187849 0.4327681728628162 0
10147 0.3491228592602292 0.4394813133366843 0
10148 0.3464913609786942 0.4461922612334451 0
10149 0.3438573552019505 0.4529009888862116 0
10150 0.3412208664600988 0.459607468895793 0
10151 0.338581919582612 0.4663116741339977 0
10152 0.335940539695342 0.4730135777469049 0
10153 0.3332967522174896 0.4797131531581021 0
10154 0.3306505828585403 0.4864103740718885 0
10155 0.3280020576151644 0.4931052144764472 0
10156 0.3253512027680822 0.4997976486469801 0
10157 0.3226980448788955 0.5064876511488099 0
10158 0.3200426107868853 0.5131751968404473 0
10159 0.3173849276057755 0.5198602608766216 0
10160 0.3147250227204638 0.5265428187112766 0
10161 0.31206292378372 0.5332228461005303 0
10162 0.3093986587128519 0.5399003191055978 0
10163 0.3067322556863391 0.5465752140956774 0
10164 0.3040637431404358 0.5532475077508004 0
10165 0.3013931497657419 0.5599171770646423 0
10166 0.2987205045037441 0.5665841993472968 0
10167 0.2960458365433261 0.5732485522280112 0
10168 0.2933691753172494 0.5799102136578846 0
10169 0.2906905504986047 0.5865691619125255 0
10170 0.2880099919972341 0.5932253755946711 0
10171 0.2853275299561248 0.5998788336367682 0
10172 0.2826431947477747 0.6065295153035115 0
10173 0.2799570169705307 0.6131774001943456 0
10174 0.2772690274448987 0.6198224682459236 0
10175 0.2745792572098288 0.6264646997345261 0
10176 0.2718877375189717 0.6331040752784401 0
10177 0.2691944998369108 0.6397405758402952 0
10178 0.2664995758353692 0.6463741827293588 0
10179 0.2638029973893896 0.6530048776037901 0
10180 0.2611047965734925 0.6596326424728519 0
10181 0.2584050056578086 0.6662574596990785 0
10182 0.255703657104187 0.6728793120004036 0
10183 0.2530007835622826 0.6794981824522435 0
10184 0.250296417865619 0.6861140544895372 0
10185 0.2475905930276294 0.6927269119087447 0
10186 0.2448833422376764 0.6993367388697997 0
10187 0.2421746988570508 0.70594351989802 0
10188 0.2394646964149481 0.7125472398859729 0
10189 0.2367533686044274 0.7191478840952973 0
10190 0.2340407492783476 0.72574543815848 0
10191 0.2313268724452865 0.7323398880805889 0
10192 0.22861177226544 0.7389312202409591 0
10193 0.2258954830465039 0.7455194213948364 0
10194 0.2231780392395367 0.7521044786749735 0
10195 0.2204594754348064 0.7586863795931815 0
10196 0.2177398263576198 0.7652651120418363 0
10197 0.2150191268641354 0.771840664295337 0
10198 0.212297411937161 0.7784130250115213 0
10199 0.2095747166819357 0.7849821832330316 0
10200 0.2068510763218976 0.7915481283886371 0
10201 0.2041265261944359 0.7981108502945082 0
10202 0.0625 1.041666666666667 0
10203 0.0625 1.083333333333333 0
10204 0.0625 1.125 0
10205 0.0625 1.166666666666667 0
10206 0.0625 1.208333333333333 0
10207 0.0625 1.25 0
10208 0.0625 1.291666666666667 0
10209 0.0625 1.333333333333333 0
10210 0.0625 1.375 0
10211 0.0625 1.416666666666667 0
10212 0.0625 1.458333333333333 0
10213 0.1249999999999999 1.041666666666667 0
10214 0.125 1.083333333333333 0
10215 0.125 1.125 0
10216 0.1249999999999999 1.166666666666667 0
10217 0.125 1.208333333333333 0
10218 0.125 1.25 0
10219 0.125 1.291666666666667 0
10220 0.125 1.333333333333333 0
10221 0.125 1.375 0
10222 0.125 1.416666666666667 0
10223 0.1249999999999999 1.458333333333333 0
10224 0.1875000000000001 1.041666666666667 0
10225 0.1875 1.083333333333333 0
10226 0.1875 1.125 0
10227 0.1875 1.166666666666667 0
10228 0.1875 1.208333333333333 0
10229 0.1875 1.25 0
10230 0.1875 1.291666666666667 0
10231 0.1875 1.333333333333333 0
10232 0.1875 1.375 0
10233 0.1875 1.416666666666667 0
10234 0.1875000000000001 1.458333333333333 0
10235 0.25 1.041666666666667 0
10236 0.25 1.083333333333333 0
10237 0.25 1.125 0
10238 0.25 1.166666666666667 0
10239 0.25 1.208333333333333 0
10240 0.25 1.25 0
10241 0.25 1.291666666666667 0
10242 0.25 1.333333333333333 0
10243 0.25 1.375 0
10244 0.25 1.416666666666667 0
10245 0.2500000000000001 1.458333333333333 0
10246 0.3125 1.041666666666667 0
10247 0.3124999999999999 1.083333333333333 0
10248 0.3125 1.125 0
10249 0.3125 1.166666666666667 0
10250 0.3125 1.208333333333333 0
10251 0.3125 1.25 0
10252 0.3125 1.291666666666667 0
10253 0.3125 1.333333333333333 0
10254 0.3125 1.375 0
10255 0.3124999999999999 1.416666666666667 0
10256 0.3125 1.458333333333333 0
10257 0.375 1.041666666666667 0
10258 0.3750000000000001 1.083333333333333 0
10259 0.375 1.125 0
10260 0.375 1.166666666666667 0
10261 0.375 1.208333333333333 0
10262 0.375 1.25 0
10263 0.375 1.291666666666667 0
10264 0.375 1.333333333333333 0
10265 0.375 1.375 0
10266 0.375 1.416666666666667 0
10267 0.375 1.458333333333333 0
10268 0.4374999999999999 1.041666666666667 0
10269 0.4374999999999999 1.083333333333333 0
10270 0.4375 1.125 0
10271 0.4374999999999999 1.166666666666667 0
10272 0.4374999999999999 1.208333333333333 0
10273 0.4375 1.25 0
10274 0.4374999999999999 1.291666666666667 0
10275 0.4374999999999999 1.333333333333333 0
10276 0.4375 1.375 0
10277 0.4374999999999999 1.416666666666667 0
10278 0.4374999999999999 1.458333333333333 0
10279 0.5 1.041666666666667 0
10280 0.5 1.083333333333333 0
10281 0.5 1.125 0
10282 0.5000000000000001 1.166666666666667 0
10283 0.5 1.208333333333333 0
10284 0.5 1.25 0
10285 0.5 1.291666666666667 0
10286 0.5000000000000001 1.333333333333333 0
10287 0.5 1.375 0
10288 0.5 1.416666666666667 0
10289 0.5 1.458333333333333 0
10290 0.5625 1.041666666666667 0
10291 0.5625 1.083333333333333 0
10292 0.5625 1.125 0
10293 0.5625 1.166666666666667 0
10294 0.5625 1.208333333333333 0
10295 0.5625 1.25 0
10296 0.5625 1.291666666666667 0
10297 0.5625 1.333333333333333 0
10298 0.5625 1.375 0
10299 0.5625 1.416666666666667 0
10300 0.5625 1.458333333333333 0
10301 0.625 1.041666666666667 0
10302 0.625 1.083333333333333 0
10303 0.625 1.125 0
10304 0.625 1.166666666666667 0
10305 0.625 1.208333333333333 0
10306 0.625 1.25 0
10307 0.625 1.291666666666667 0
10308 0.625 1.333333333333333 0
10309 0.6250000000000001 1.375 0
10310 0.6250000000000001 1.416666666666667 0
10311 0.6250000000000001 1.458333333333333 0
10312 0.6875000000000001 1.041666666666667 0
10313 0.6875 1.083333333333333 0
10314 0.6875 1.125 0
10315 0.6875 1.166666666666667 0
10316 0.6875 1.208333333333333 0
10317 0.6875 1.25 0
10318 0.6875 1.291666666666667 0
10319 0.6875 1.333333333333333 0
10320 0.6875 1.375 0
10321 0.6875 1.416666666666667 0
10322 0.6875000000000001 1.458333333333333 0
10323 0.75 1.041666666666667 0
10324 0.75 1.083333333333333 0
10325 0.75 1.125 0
10326 0.75 1.166666666666667 0
10327 0.75 1.208333333333333 0
10328 0.75 1.25 0
10329 0.75 1.291666666666667 0
10330 0.75 1.333333333333333 0
10331 0.75 1.375 0
10332 0.75 1.416666666666667 0
10333 0.75 1.458333333333333 0
10334 0.8125 1.041666666666667 0
10335 0.8125 1.083333333333333 0
10336 0.8125 1.125 0
10337 0.8125 1.166666666666667 0
10338 0.8125 1.208333333333333 0
10339 0.8125 1.25 0
10340 0.8125 1.291666666666667 0
10341 0.8125 1.333333333333333 0
10342 0.8125 1.375 0
10343 0.8125 1.416666666666667 0
10344 0.8125 1.458333333333333 0
10345 0.8749999999999998 1.041666666666667 0
10346 0.8749999999999999 1.083333333333333 0
10347 0.8749999999999999 1.125 0
10348 0.8749999999999999 1.166666666666667 0
10349 0.8749999999999999 1.208333333333333 0
10350 0.875 1.25 0
10351 0.8749999999999999 1.291666666666667 0
10352 0.8749999999999999 1.333333333333333 0
10353 0.875 1.375 0
10354 0.875 1.416666666666667 0
10355 0.875 1.458333333333333 0
10356 0.9375 1.041666666666667 0
10357 0.9375 1.083333333333333 0
10358 0.9375 1.125 0
10359 0.9375 1.166666666666667 0
10360 0.9375 1.208333333333333 0
10361 0.9375 1.25 0
10362 0.9375 1.291666666666667 0
10363 0.9375 1.333333333333333 0
10364 0.9375 1.375 0
10365 0.9375 1.416666666666667 0
10366 0.9375 1.458333333333333 0
10367 1 1.041666666666667 0
10368 1 1.083333333333333 0
10369 1 1.125 0
10370 1 1.166666666666667 0
10371 1 1.208333333333333 0
10372 1 1.25 0
10373 1 1.291666666666667 0
10374 1 1.333333333333333 0
10375 1 1.375 0
10376 1 1.416666666666667 0
10377 1 1.458333333333333 0
10378 1.0625 1.041666666666667 0
10379 1.0625 1.083333333333333 0
10380 1.0625 1.125 0
10381 1.0625 1.166666666666667 0
10382 1.0625 1.208333333333333 0
10383 1.0625 1.25 0
10384 1.0625 1.291666666666667 0
10385 1.0625 1.333333333333333 0
10386 1.0625 1.375 0
10387 1.0625 1.416666666666667 0
10388 1.0625 1.458333333333333 0
10389 1.125 1.041666666666667 0
10390 1.125 1.083333333333333 0
10391 1.125 1.125 0
10392 1.125 1.166666666666667 0
10393 1.125 1.208333333333333 0
10394 1.125 1.25 0
10395 1.125 1.291666666666667 0
10396 1.125 1.333333333333333 0
10397 1.125 1.375 0
10398 1.125 1.416666666666667 0
10399 1.125 1.458333333333333 0
10400 1.1875 1.041666666666667 0
10401 1.1875 1.083333333333333 0
10402 1.1875 1.125 0
10403 1.1875 1.166666666666667 0
10404 1.1875 1.208333333333333 0
10405 1.1875 1.25 0
10406 1.1875 1.291666666666667 0
10407 1.1875 1.333333333333333 0
10408 1.1875 1.375 0
10409 1.1875 1.416666666666667 0
10410 1.1875 1.458333333333333 0
10411 1.25 1.041666666666667 0
10412 1.25 1.083333333333333 0
10413 1.25 1.125 0
10414 1.25 1.166666666666667 0
10415 1.25 1.208333333333333 0
10416 1.25 1.25 0
10417 1.25 1.291666666666667 0
10418 1.25 1.333333333333333 0
10419 1.25 1.375 0
10420 1.25 1.416666666666667 0
10421 1.25 1.458333333333333 0
10422 1.3125 1.041666666666667 0
10423 1.3125 1.083333333333333 0
10424 1.3125 1.125 0
10425 1.3125 1.166666666666667 0
10426 1.3125 1.208333333333333 0
10427 1.3125 1.25 0
10428 1.3125 1.291666666666667 0
10429 1.3125 1.333333333333333 0
10430 1.3125 1.375 0
10431 1.3125 1.416666666666667 0
10432 1.3125 1.458333333333333 0
10433 1.375 1.041666666666667 0
10434 1.375 1.083333333333333 0
10435 1.375 1.125 0
10436 1.375 1.166666666666667 0
10437 1.375 1.208333333333333 0
10438 1.375 1.25 0
10439 1.375 1.291666666666667 0
10440 1.375 1.333333333333333 0
10441 1.375 1.375 0
10442 1.375 1.416666666666667 0
10443 1.375 1.458333333333333 0
10444 1.4375 1.041666666666667 0
10445 1.4375 1.083333333333333 0
10446 1.4375 1.125 0
10447 1.4375 1.166666666666667 0
10448 1.4375 1.208333333333333 0
10449 1.4375 1.25 0
10450 1.4375 1.291666666666667 0
10451 1.4375 1.333333333333333 0
10452 1.4375 1.375 0
10453 1.4375 1.416666666666667 0
10454 1.4375 1.458333333333333 0
$EndNodes
$Elements
10680
1 1 2 5 7 2 166
2 1 2 5 7 166 167
3 1 2 5 7 167 168
4 1 2 5 7 168 169
5 1 2 5 7 169 170
6 1 2 5 7 170 171
7 1 2 5 7 171 172
8 1 2 5 7 172 173
9 1 2 5 7 173 174
10 1 2 5 7 174 175
11 1 2 5 7 175 176
12 1 2 5 7 176 177
13 1 2 5 7 177 178
14 1 2 5 7 178 179
15 1 2 5 7 179 180
16 1 2 5 7 180 181
17 1 2 5 7 181 182
18 1 2 5 7 182 183
19 1 2 5 7 183 184
20 1 2 5 7 184 185
21 1 2 5 7 185 186
22 1 2 5 7 186 187
23 1 2 5 7 187 188
24 1 2 5 7 188 189
25 1 2 5 7 189 190
26 1 2 5 7 190 191
27 1 2 5 7 191 192
28 1 2 5 7 192 193
29 1 2 5 7 193 194
30 1 2 5 7 194 195
31 1 2 5 7 195 196
32 1 2 5 7 196 197
33 1 2 5 7 197 198
34 1 2 5 7 198 199
35 1 2 5 7 199 200
36 1 2 5 7 200 3
37 1 2 4 8 3 201
38 1 2 4 8 201 202
39 1 2 4 8 202 203
40 1 2 4 8 203 204
41 1 2 4 8 204 205
42 1 2 4 8 205 206
43 1 2 4 8 206 207
44 1 2 4 8 207 208
45 1 2 4 8 208 209
46 1 2 4 8 209 210
47 1 2 4 8 210 211
48 1 2 4 8 211 212
49 1 2 4 8 212 213
50 1 2 4 8 213 214
51 1 2 4 8 214 215
52 1 2 4 8 215 216
53 1 2 4 8 216 217
54 1 2 4 8 217 218
55 1 2 4 8 218 219
56 1 2 4 8 219 220
57 1 2 4 8 220 221
58 1 2 4 8 221 222
59 1 2 4 8 222 223
60 1 2 4 8 223 224
61 1 2 4 8 224 225
62 1 2 4 8 225 226
63 1 2 4 8 226 227
64 1 2 4 8 227 228
65 1 2 4 8 228 229
66 1 2 4 8 229 230
67 1 2 4 8 230 231
68 1 2 4 8 231 232
69 1 2 4 8 232 233
70 1 2 4 8 233 234
71 1 2 4 8 234 235
72 1 2 4 8 235 236
73 1 2 4 8 236 237
74 1 2 4 8 237 238
75 1 2 4 8 238 239
76 1 2 4 8 239 240
77 1 2 4 8 240 241
78 1 2 4 8 241 242
79 1 2 4 8 242 243
80 1 2 4 8 243 244
81 1 2 4 8 244 245
82 1 2 4 8 245 246
83 1 2 4 8 246 247
84 1 2 4 8 247 248
85 1 2 4 8 248 249
86 1 2 4 8 249 250
87 1 2 4 8 250 251
88 1 2 4 8 251 252
89 1 2 4 8 252 253
90 1 2 4 8 253 254
91 1 2 4 8 254 255
92 1 2 4 8 255 256
93 1 2 4 8 256 257
94 1 2 4 8 257 258
95 1 2 4 8 258 259
96 1 2 4 8 259 260
97 1 2 4 8 260 261
98 1 2 4 8 261 262
99 1 2 4 8 262 263
100 1 2 4 8 263 264
101 1 2 4 8 264 265
102 1 2 4 8 265 266
103 1 2 4 8 266 267
104 1 2 4 8 267 268
105 1 2 4 8 268 269
106 1 2 4 8 269 270
107 1 2 4 8 270 271
108 1 2 4 8 271 272
109 1 2 4 8 272 273
110 1 2 4 8 273 274
111 1 2 4 8 274 275
112 1 2 4 8 275 276
113 1 2 4 8 276 277
114 1 2 4 8 277 278
115 1 2 4 8 278 279
116 1 2 4 8 279 280
117 1 2 4 8 280 281
118 1 2 4 8 281 282
119 1 2 4 8 282 283
120 1 2 4 8 283 284
121 1 2 4 8 284 285
122 1 2 4 8 285 286
123 1 2 4 8 286 287
124 1 2 4 8 287 288
125 1 2 4 8 288 289
126 1 2 4 8 289 290
127 1 2 4 8 290 291
128 1 2 4 8 291 292
129 1 2 4 8 292 293
130 1 2 4 8 293 294
131 1 2 4 8 294 295
132 1 2 4 8 295 296
133 1 2 4 8 296 297
134 1 2 4 8 297 298
135 1 2 4 8 298 299
136 1 2 4 8 299 300
137 1 2 4 8 300 301
138 1 2 4 8 301 302
139 1 2 4 8 302 303
140 1 2 4 8 303 304
141 1 2 4 8 304 305
142 1 2 4 8 305 306
143 1 2 4 8 306 307
144 1 2 4 8 307 308
145 1 2 4 8 308 309
146 1 2 4 8 309 310
147 1 2 4 8 310 311
148 1 2 4 8 311 312
149 1 2 4 8 312 313
150 1 2 4 8 313 314
151 1 2 4 8 314 315
152 1 2 4 8 315 316
153 1 2 4 8 316 317
154 1 2 4 8 317 318
155 1 2 4 8 318 319
156 1 2 4 8 319 4
157 1 2 3 10 6 355
158 1 2 3 10 355 356
159 1 2 3 10 356 357
160 1 2 3 10 357 358
161 1 2 3 10 358 359
162 1 2 3 10 359 360
163 1 2 3 10 360 361
164 1 2 3 10 361 362
165 1 2 3 10 362 363
166 1 2 3 10 363 364
167 1 2 3 10 364 365
168 1 2 3 10 365 366
169 1 2 3 10 366 367
170 1 2 3 10 367 368
171 1 2 3 10 368 369
172 1 2 3 10 369 370
173 1 2 3 10 370 371
174 1 2 3 10 371 372
175 1 2 3 10 372 373
176 1 2 3 10 373 374
177 1 2 3 10 374 375
178 1 2 3 10 375 376
179 1 2 3 10 376 377
180 1 2 3 10 377 378
181 1 2 3 10 378 379
182 1 2 3 10 379 380
183 1 2 3 10 380 381
184 1 2 3 10 381 382
185 1 2 3 10 382 383
186 1 2 3 10 383 384
187 1 2 3 10 384 385
188 1 2 3 10 385 386
189 1 2 3 10 386 387
190 1 2 3 10 387 388
191 1 2 3 10 388 389
192 1 2 3 10 389 5
193 1 2 4 11 4 390
194 1 2 4 11 390 391
195 1 2 4 11 391 392
196 1 2 4 11 392 393
197 1 2 4 11 393 394
198 1 2 4 11 394 395
199 1 2 4 11 395 396
200 1 2 4 11 396 397
201 1 2 4 11 397 398
202 1 2 4 11 398 399
203 1 2 4 11 399 400
204 1 2 4 11 400 401
205 1 2 4 11 401 402
206 1 2 4 11 402 403
207 1 2 4 11 403 404
208 1 2 4 11 404 405
209 1 2 4 11 405 406
210 1 2 4 11 406 407
211 1 2 4 11 407 408
212 1 2 4 11 408 409
213 1 2 4 11 409 410
214 1 2 4 11 410 411
215 1 2 4 11 411 412
216 1 2 4 11 412 413
217 1 2 4 11 413 414
218 1 2 4 11 414 415
219 1 2 4 11 415 416
220 1 2 4 11 416 417
221 1 2 4 11 417 418
222 1 2 4 11 418 419
223 1 2 4 11 419 420
224 1 2 4 11 420 421
225 1 2 4 11 421 422
226 1 2 4 11 422 423
227 1 2 4 11 423 424
228 1 2 4 11 424 6
229 1 2 5 12 7 425
230 1 2 5 12 425 426
231 1 2 5 12 426 427
232 1 2 5 12 427 428
233 1 2 5 12 428 429
234 1 2 5 12 429 430
235 1 2 5 12 430 431
236 1 2 5 12 431 432
237 1 2 5 12 432 433
238 1 2 5 12 433 434
239 1 2 5 12 434 435
240 1 2 5 12 435 436
241 1 2 5 12 436 437
242 1 2 5 12 437 438
243 1 2 5 12 438 439
244 1 2 5 12 439 440
245 1 2 5 12 440 441
246 1 2 5 12 441 442
247 1 2 5 12 442 443
248 1 2 5 12 443 444
249 1 2 5 12 444 445
250 1 2 5 12 445 446
251 1 2 5 12 446 447
252 1 2 5 12 447 448
253 1 2 5 12 448 449
254 1 2 5 12 449 450
255 1 2 5 12 450 451
256 1 2 5 12 451 452
257 1 2 5 12 452 453
258 1 2 5 12 453 454
259 1 2 5 12 454 455
260 1 2 5 12 455 456
261 1 2 5 12 456 457
262 1 2 5 12 457 458
263 1 2 5 12 458 459
264 1 2 5 12 459 2
265 1 2 3 13 5 460
266 1 2 3 13 460 461
267 1 2 3 13 461 462
268 1 2 3 13 462 463
269 1 2 3 13 463 464
270 1 2 3 13 464 465
271 1 2 3 13 465 466
272 1 2 3 13 466 467
273 1 2 3 13 467 468
274 1 2 3 13 468 469
275 1 2 3 13 469 470
276 1 2 3 13 470 471
277 1 2 3 13 471 472
278 1 2 3 13 472 473
279 1 2 3 13 473 474
280 1 2 3 13 474 475
281 1 2 3 13 475 476
282 1 2 3 13 476 477
283 1 2 3 13 477 478
284 1 2 3 13 478 479
285 1 2 3 13 479 480
286 1 2 3 13 480 481
287 1 2 3 13 481 482
288 1 2 3 13 482 483
289 1 2 3 13 483 484
290 1 2 3 13 484 485
291 1 2 3 13 485 486
292 1 2 3 13 486 487
293 1 2 3 13 487 488
294 1 2 3 13 488 489
295 1 2 3 13 489 490
296 1 2 3 13 490 491
297 1 2 3 13 491 492
298 1 2 3 13 492 493
299 1 2 3 13 493 494
300 1 2 3 13 494 495
301 1 2 3 13 495 496
302 1 2 3 13 496 497
303 1 2 3 13 497 498
304 1 2 3 13 498 499
305 1 2 3 13 499 500
306 1 2 3 13 500 501
307 1 2 3 13 501 502
308 1 2 3 13 502 503
309 1 2 3 13 503 504
310 1 2 3 13 504 505
311 1 2 3 13 505 506
312 1 2 3 13 506 507
313 1 2 3 13 507 508
314 1 2 3 13 508 509
315 1 2 3 13 509 510
316 1 2 3 13 510 511
317 1 2 3 13 511 512
318 1 2 3 13 512 513
319 1 2 3 13 513 514
320 1 2 3 13 514 515
321 1 2 3 13 515 516
322 1 2 3 13 516 517
323 1 2 3 13 517 518
324 1 2 3 13 518 519
325 1 2 3 13 519 520
326 1 2 3 13 520 521
327 1 2 3 13 521 522
328 1 2 3 13 522 523
329 1 2 3 13 523 524
330 1 2 3 13 524 525
331 1 2 3 13 525 526
332 1 2 3 13 526 527
333 1 2 3 13 527 528
334 1 2 3 13 528 529
335 1 2 3 13 529 530
336 1 2 3 13 530 531
337 1 2 3 13 531 532
338 1 2 3 13 532 533
339 1 2 3 13 533 534
340 1 2 3 13 534 535
341 1 2 3 13 535 536
342 1 2 3 13 536 537
343 1 2 3 13 537 538
344 1 2 3 13 538 539
345 1 2 3 13 539 540
346 1 2 3 13 540 541
347 1 2 3 13 541 542
348 1 2 3 13 542 543
349 1 2 3 13 543 544
350 1 2 3 13 544 545
351 1 2 3 13 545 546
352 1 2 3 13 546 547
353 1 2 3 13 547 548
354 1 2 3 13 548 549
355 1 2 3 13 549 550
356 1 2 3 13 550 551
357 1 2 3 13 551 552
358 1 2 3 13 552 553
359 1 2 3 13 553 554
360 1 2 3 13 554 555
361 1 2 3 13 555 556
362 1 2 3 13 556 557
363 1 2 3 13 557 558
364 1 2 3 13 558 559
365 1 2 3 13 559 560
366 1 2 3 13 560 561
367 1 2 3 13 561 562
368 1 2 3 13 562 563
369 1 2 3 13 563 564
370 1 2 3 13 564 565
371 1 2 3 13 565 566
372 1 2 3 13 566 567
373 1 2 3 13 567 568
374 1 2 3 13 568 569
375 1 2 3 13 569 570
376 1 2 3 13 570 571
377 1 2 3 13 571 572
378 1 2 3 13 572 573
379 1 2 3 13 573 574
380 1 2 3 13 574 575
381 1 2 3 13 575 576
382 1 2 3 13 576 577
383 1 2 3 13 577 578
384 1 2 3 13 578 7
385 1 2 8 15 8 579
386 1 2 8 15 579 580
387 1 2 8 15 580 581
388 1 2 8 15 581 582
389 1 2 8 15 582 583
390 1 2 8 15 583 584
391 1 2 8 15 584 585
392 1 2 8 15 585 586
393 1 2 8 15 586 587
394 1 2 8 15 587 588
395 1 2 8 15 588 589
396 1 2 8 15 589 590
397 1 2 8 15 590 591
398 1 2 8 15 591 592
399 1 2 8 15 592 593
400 1 2 8 15 593 594
401 1 2 8 15 594 595
402 1 2 8 15 595 596
403 1 2 8 15 596 597
404 1 2 8 15 597 598
405 1 2 8 15 598 599
406 1 2 8 15 599 600
407 1 2 8 15 600 601
408 1 2 8 15 601 9
409 1 2 9 16 9 602
410 1 2 9 16 602 603
411 1 2 9 16 603 604
412 1 2 9 16 604 605
413 1 2 9 16 605 606
414 1 2 9 16 606 607
415 1 2 9 16 607 608
416 1 2 9 16 608 609
417 1 2 9 16 609 610
418 1 2 9 16 610 611
419 1 2 9 16 611 612
420 1 2 9 16 612 10
421 1 2 6 17 10 613
422 1 2 6 17 613 614
423 1 2 6 17 614 615
424 1 2 6 17 615 616
425 1 2 6 17 616 617
426 1 2 6 17 617 618
427 1 2 6 17 618 619
428 1 2 6 17 619 620
429 1 2 6 17 620 621
430 1 2 6 17 621 622
431 1 2 6 17 622 623
432 1 2 6 17 623 624
433 1 2 6 17 624 625
434 1 2 6 17 625 626
435 1 2 6 17 626 627
436 1 2 6 17 627 628
437 1 2 6 17 628 629
438 1 2 6 17 629 630
439 1 2 6 17 630 631
440 1 2 6 17 631 632
441 1 2 6 17 632 633
442 1 2 6 17 633 634
443 1 2 6 17 634 635
444 1 2 6 17 635 11
445 1 2 7 18 11 636
446 1 2 7 18 636 637
447 1 2 7 18 637 638
448 1 2 7 18 638 639
449 1 2 7 18 639 640
450 1 2 7 18 640 641
451 1 2 7 18 641 642
452 1 2 7 18 642 643
453 1 2 7 18 643 644
454 1 2 7 18 644 645
455 1 2 7 18 645 646
456 1 2 7 18 646 8
457 3 2 1 1 2 166 647 165
458 3 2 1 1 165 647 648 164
459 3 2 1 1 164 648 649 163
460 3 2 1 1 163 649 650 162
461 3 2 1 1 162 650 651 161
462 3 2 1 1 161 651 652 160
463 3 2 1 1 160 652 653 159
464 3 2 1 1 159 653 654 158
465 3 2 1 1 158 654 655 157
466 3 2 1 1 157 655 656 156
467 3 2 1 1 156 656 657 155
468 3 2 1 1 155 657 658 154
469 3 2 1 1 154 658 659 153
470 3 2 1 1 153 659 660 152
471 3 2 1 1 152 660 661 151
472 3 2 1 1 151 661 662 150
473 3 2 1 1 150 662 663 149
474 3 2 1 1 149 663 664 148
475 3 2 1 1 148 664 665 147
476 3 2 1 1 147 665 666 146
477 3 2 1 1 146 666 667 145
478 3 2 1 1 145 667 668 144
479 3 2 1 1 144 668 669 143
480 3 2 1 1 143 669 670 142
481 3 2 1 1 142 670 671 141
482 3 2 1 1 141 671 672 140
483 3 2 1 1 140 672 673 139
484 3 2 1 1 139 673 674 138
485 3 2 1 1 138 674 675 137
486 3 2 1 1 137 675 676 136
487 3 2 1 1 136 676 677 135
488 3 2 1 1 135 677 678 134
489 3 2 1 1 134 678 679 133
490 3 2 1 1 133 679 680 132
491 3 2 1 1 132 680 681 131
492 3 2 1 1 131 681 682 130
493 3 2 1 1 130 682 683 129
494 3 2 1 1 129 683 684 128
495 3 2 1 1 128 684 685 127
496 3 2 1 1 127 685 686 126
497 3 2 1 1 126 686 687 125
498 3 2 1 1 125 687 688 124
499 3 2 1 1 124 688 689 123
500 3 2 1 1 123 689 690 122
501 3 2 1 1 122 690 691 121
502 3 2 1 1 121 691 692 120
503 3 2 1 1 120 692 693 119
504 3 2 1 1 119 693 694 118
505 3 2 1 1 118 694 695 117
506 3 2 1 1 117 695 696 116
507 3 2 1 1 116 696 697 115
508 3 2 1 1 115 697 698 114
509 3 2 1 1 114 698 699 113
510 3 2 1 1 113 699 700 112
511 3 2 1 1 112 700 701 111
512 3 2 1 1 111 701 702 110
513 3 2 1 1 110 702 703 109
514 3 2 1 1 109 703 704 108
515 3 2 1 1 108 704 705 107
516 3 2 1 1 107 705 706 106
517 3 2 1 1 106 706 707 105
518 3 2 1 1 105 707 708 104
519 3 2 1 1 104 708 709 103
520 3 2 1 1 103 709 710 102
521 3 2 1 1 102 710 711 101
522 3 2 1 1 101 711 712 100
523 3 2 1 1 100 712 713 99
524 3 2 1 1 99 713 714 98
525 3 2 1 1 98 714 715 97
526 3 2 1 1 97 715 716 96
527 3 2 1 1 96 716 717 95
528 3 2 1 1 95 717 718 94
529 3 2 1 1 94 718 719 93
530 3 2 1 1 93 719 720 92
531 3 2 1 1 92 720 721 91
532 3 2 1 1 91 721 722 90
533 3 2 1 1 90 722 723 89
534 3 2 1 1 89 723 724 88
535 3 2 1 1 88 724 725 87
536 3 2 1 1 87 725 726 86
537 3 2 1 1 86 726 727 85
538 3 2 1 1 85 727 728 84
539 3 2 1 1 84 728 729 83
540 3 2 1 1 83 729 730 82
541 3 2 1 1 82 730 731 81
542 3 2 1 1 81 731 732 80
543 3 2 1 1 80 732 733 79
544 3 2 1 1 79 733 734 78
545 3 2 1 1 78 734 735 77
546 3 2 1 1 77 735 736 76
547 3 2 1 1 76 736 737 75
548 3 2 1 1 75 737 738 74
549 3 2 1 1 74 738 739 73
550 3 2 1 1 73 739 740 72
551 3 2 1 1 72 740 741 71
552 3 2 1 1 71 741 742 70
553 3 2 1 1 70 742 743 69
554 3 2 1 1 69 743 744 68
555 3 2 1 1 68 744 745 67
556 3 2 1 1 67 745 746 66
557 3 2 1 1 66 746 747 65
558 3 2 1 1 65 747 748 64
559 3 2 1 1 64 748 749 63
560 3 2 1 1 63 749 750 62
561 3 2 1 1 62 750 751 61
562 3 2 1 1 61 751 752 60
563 3 2 1 1 60 752 753 59
564 3 2 1 1 59 753 754 58
565 3 2 1 1 58 754 755 57
566 3 2 1 1 57 755 756 56
567 3 2 1 1 56 756 757 55
568 3 2 1 1 55 757 758 54
569 3 2 1 1 54 758 759 53
570 3 2 1 1 53 759 760 52
571 3 2 1 1 52 760 761 51
572 3 2 1 1 51 761 762 50
573 3 2 1 1 50 762 763 49
574 3 2 1 1 49 763 764 48
575 3 2 1 1 48 764 765 47
576 3 2 1 1 47 765 46 1
577 3 2 1 1 166 167 766 647
578 3 2 1 1 647 766 767 648
579 3 2 1 1 648 767 768 649
580 3 2 1 1 649 768 769 650
581 3 2 1 1 650 769 770 651
582 3 2 1 1 651 770 771 652
583 3 2 1 1 652 771 772 653
584 3 2 1 1 653 772 773 654
585 3 2 1 1 654 773 774 655
586 3 2 1 1 655 774 775 656
587 3 2 1 1 656 775 776 657
588 3 2 1 1 657 776 777 658
589 3 2 1 1 658 777 778 659
590 3 2 1 1 659 778 779 660
591 3 2 1 1 660 779 780 661
592 3 2 1 1 661 780 781 662
593 3 2 1 1 662 781 782 663
594 3 2 1 1 663 782 783 664
595 3 2 1 1 664 783 784 665
596 3 2 1 1 665 784 785 666
597 3 2 1 1 666 785 786 667
598 3 2 1 1 667 786 787 668
599 3 2 1 1 668 787 788 669
600 3 2 1 1 669 788 789 670
601 3 2 1 1 670 789 790 671
602 3 2 1 1 671 790 791 672
603 3 2 1 1 672 791 792 673
604 3 2 1 1 673 792 793 674
605 3 2 1 1 674 793 794 675
606 3 2 1 1 675 794 795 676
607 3 2 1 1 676 795 796 677
608 3 2 1 1 677 796 797 678
609 3 2 1 1 678 797 798 679
610 3 2 1 1 679 798 799 680
611 3 2 1 1 680 799 800 681
612 3 2 1 1 681 800 801 682
613 3 2 1 1 682 801 802 683
614 3 2 1 1 683 802 803 684
615 3 2 1 1 684 803 804 685
616 3 2 1 1 685 804 805 686
617 3 2 1 1 686 805 806 687
618 3 2 1 1 687 806 807 688
619 3 2 1 1 688 807 808 689
620 3 2 1 1 689 808 809 690
621 3 2 1 1 690 809 810 691
622 3 2 1 1 691 810 811 692
623 3 2 1 1 692 811 812 693
624 3 2 1 1 693 812 813 694
625 3 2 1 1 694 813 814 695
626 3 2 1 1 695 814 815 696
627 3 2 1 1 696 815 816 697
628 3 2 1 1 697 816 817 698
629 3 2 1 1 698 817 818 699
630 3 2 1 1 699 818 819 700
631 3 2 1 1 700 819 820 701
632 3 2 1 1 701 820 821 702
633 3 2 1 1 702 821 822 703
634 3 2 1 1 703 822 823 704
635 3 2 1 1 704 823 824 705
636 3 2 1 1 705 824 825 706
637 3 2 1 1 706 825 826 707
638 3 2 1 1 707 826 827 708
639 3 2 1 1 708 827 828 709
640 3 2 1 1 709 828 829 710
641 3 2 1 1 710 829 830 711
642 3 2 1 1 711 830 831 712
643 3 2 1 1 712 831 832 713
644 3 2 1 1 713 832 833 714
645 3 2 1 1 714 833 834 715
646 3 2 1 1 715 834 835 716
647 3 2 1 1 716 835 836 717
648 3 2 1 1 717 836 837 718
649 3 2 1 1 718 837 838 719
650 3 2 1 1 719 838 839 720
651 3 2 1 1 720 839 840 721
652 3 2 1 1 721 840 841 722
653 3 2 1 1 722 841 842 723
654 3 2 1 1 723 842 843 724
655 3 2 1 1 724 843 844 725
656 3 2 1 1 725 844 845 726
657 3 2 1 1 726 845 846 727
658 3 2 1 1 727 846 847 728
659 3 2 1 1 728 847 848 729
660 3 2 1 1 729 848 849 730
661 3 2 1 1 730 849 850 731
662 3 2 1 1 731 850 851 732
663 3 2 1 1 732 851 852 733
664 3 2 1 1 733 852 853 734
665 3 2 1 1 734 853 854 735
666 3 2 1 1 735 854 855 736
667 3 2 1 1 736 855 856 737
668 3 2 1 1 737 856 857 738
669 3 2 1 1 738 857 858 739
670 3 2 1 1 739 858 859 740
671 3 2 1 1 740 859 860 741
672 3 2 1 1 741 860 861 742
673 3 2 1 1 742 861 862 743
674 3 2 1 1 743 862 863 744
675 3 2 1 1 744 863 864 745
676 3 2 1 1 745 864 865 746
677 3 2 1 1 746 865 866 747
678 3 2 1 1 747 866 867 748
679 3 2 1 1 748 867 868 749
680 3 2 1 1 749 868 869 750
681 3 2 1 1 750 869 870 751
682 3 2 1 1 751 870 871 752
683 3 2 1 1 752 871 872 753
684 3 2 1 1 753 872 873 754
685 3 2 1 1 754 873 874 755
686 3 2 1 1 755 874 875 756
687 3 2 1 1 756 875 876 757
688 3 2 1 1 757 876 877 758
689 3 2 1 1 758 877 878 759
690 3 2 1 1 759 878 879 760
691 3 2 1 1 760 879 880 761
692 3 2 1 1 761 880 881 762
693 3 2 1 1 762 881 882 763
694 3 2 1 1 763 882 883 764
695 3 2 1 1 764 883 884 765
696 3 2 1 1 765 884 45 46
697 3 2 1 1 167 168 885 766
698 3 2 1 1 766 885 886 767
699 3 2 1 1 767 886 887 768
700 3 2 1 1 768 887 888 769
701 3 2 1 1 769 888 889 770
702 3 2 1 1 770 889 890 771
703 3 2 1 1 771 890 891 772
704 3 2 1 1 772 891 892 773
705 3 2 1 1 773 892 893 774
706 3 2 1 1 774 893 894 775
707 3 2 1 1 775 894 895 776
708 3 2 1 1 776 895 896 777
709 3 2 1 1 777 896 897 778
710 3 2 1 1 778 897 898 779
711 3 2 1 1 779 898 899 780
712 3 2 1 1 780 899 900 781
713 3 2 1 1 781 900 901 782
714 3 2 1 1 782 901 902 783
715 3 2 1 1 783 902 903 784
716 3 2 1 1 784 903 904 785
717 3 2 1 1 785 904 905 786
718 3 2 1 1 786 905 906 787
719 3 2 1 1 787 906 907 788
720 3 2 1 1 788 907 908 789
721 3 2 1 1 789 908 909 790
722 3 2 1 1 790 909 910 791
723 3 2 1 1 791 910 911 792
724 3 2 1 1 792 911 912 793
725 3 2 1 1 793 912 913 794
726 3 2 1 1 794 913 914 795
727 3 2 1 1 795 914 915 796
728 3 2 1 1 796 915 916 797
729 3 2 1 1 797 916 917 798
730 3 2 1 1 798 917 918 799
731 3 2 1 1 799 918 919 800
732 3 2 1 1 800 919 920 801
733 3 2 1 1 801 920 921 802
734 3 2 1 1 802 921 922 803
735 3 2 1 1 803 922 923 804
736 3 2 1 1 804 923 924 805
737 3 2 1 1 805 924 925 806
738 3 2 1 1 806 925 926 807
739 3 2 1 1 807 926 927 808
740 3 2 1 1 808 927 928 809
741 3 2 1 1 809 928 929 810
742 3 2 1 1 810 929 930 811
743 3 2 1 1 811 930 931 812
744 3 2 1 1 812 931 932 813
745 3 2 1 1 813 932 933 814
746 3 2 1 1 814 933 934 815
747 3 2 1 1 815 934 935 816
748 3 2 1 1 816 935 936 817
749 3 2 1 1 817 936 937 818
750 3 2 1 1 818 937 938 819
751 3 2 1 1 819 938 939 820
752 3 2 1 1 820 939 940 821
753 3 2 1 1 821 940 941 822
754 3 2 1 1 822 941 942 823
755 3 2 1 1 823 942 943 824
756 3 2 1 1 824 943 944 825
757 3 2 1 1 825 944 945 826
758 3 2 1 1 826 945 946 827
759 3 2 1 1 827 946 947 828
760 3 2 1 1 828 947 948 829
761 3 2 1 1 829 948 949 830
762 3 2 1 1 830 949 950 831
763 3 2 1 1 831 950 951 832
764 3 2 1 1 832 951 952 833
765 3 2 1 1 833 952 953 834
766 3 2 1 1 834 953 954 835
767 3 2 1 1 835 954 955 836
768 3 2 1 1 836 955 956 837
769 3 2 1 1 837 956 957 838
770 3 2 1 1 838 957 958 839
771 3 2 1 1 839 958 959 840
772 3 2 1 1 840 959 960 841
773 3 2 1 1 841 960 961 842
774 3 2 1 1 842 961 962 843
775 3 2 1 1 843 962 963 844
776 3 2 1 1 844 963 964 845
777 3 2 1 1 845 964 965 846
778 3 2 1 1 846 965 966 847
779 3 2 1 1 847 966 967 848
780 3 2 1 1 848 967 968 849
781 3 2 1 1 849 968 969 850
782 3 2 1 1 850 969 970 851
783 3 2 1 1 851 970 971 852
784 3 2 1 1 852 971 972 853
785 3 2 1 1 853 972 973 854
786 3 2 1 1 854 973 974 855
787 3 2 1 1 855 974 975 856
788 3 2 1 1 856 975 976 857
789 3 2 1 1 857 976 977 858
790 3 2 1 1 858 977 978 859
791 3 2 1 1 859 978 979 860
792 3 2 1 1 860 979 980 861
793 3 2 1 1 861 980 981 862
794 3 2 1 1 862 981 982 863
795 3 2 1 1 863 982 983 864
796 3 2 1 1 864 983 984 865
797 3 2 1 1 865 984 985 866
798 3 2 1 1 866 985 986 867
799 3 2 1 1 867 986 987 868
800 3 2 1 1 868 987 988 869
801 3 2 1 1 869 988 989 870
802 3 2 1 1 870 989 990 871
803 3 2 1 1 871 990 991 872
804 3 2 1 1 872 991 992 873
805 3 2 1 1 873 992 993 874
806 3 2 1 1 874 993 994 875
807 3 2 1 1 875 994 995 876
808 3 2 1 1 876 995 996 877
809 3 2 1 1 877 996 997 878
810 3 2 1 1 878 997 998 879
811 3 2 1 1 879 998 999 880
812 3 2 1 1 880 999 1000 881
813 3 2 1 1 881 1000 1001 882
814 3 2 1 1 882 1001 1002 883
815 3 2 1 1 883 1002 1003 884
816 3 2 1 1 884 1003 44 45
817 3 2 1 1 168 169 1004 885
818 3 2 1 1 885 1004 1005 886
819 3 2 1 1 886 1005 1006 887
820 3 2 1 1 887 1006 1007 888
821 3 2 1 1 888 1007 1008 889
822 3 2 1 1 889 1008 1009 890
823 3 2 1 1 890 1009 1010 891
824 3 2 1 1 891 1010 1011 892
825 3 2 1 1 892 1011 1012 893
826 3 2 1 1 893 1012 1013 894
827 3 2 1 1 894 1013 1014 895
828 3 2 1 1 895 1014 1015 896
829 3 2 1 1 896 1015 1016 897
830 3 2 1 1 897 1016 1017 898
831 3 2 1 1 898 1017 1018 899
832 3 2 1 1 899 1018 1019 900
833 3 2 1 1 900 1019 1020 901
834 3 2 1 1 901 1020 1021 902
835 3 2 1 1 902 1021 1022 903
836 3 2 1 1 903 1022 1023 904
837 3 2 1 1 904 1023 1024 905
838 3 2 1 1 905 1024 1025 906
839 3 2 1 1 906 1025 1026 907
840 3 2 1 1 907 1026 1027 908
841 3 2 1 1 908 1027 1028 909
842 3 2 1 1 909 1028 1029 910
843 3 2 1 1 910 1029 1030 911
844 3 2 1 1 911 1030 1031 912
845 3 2 1 1 912 1031 1032 913
846 3 2 1 1 913 1032 1033 914
847 3 2 1 1 914 1033 1034 915
848 3 2 1 1 915 1034 1035 916
849 3 2 1 1 916 1035 1036 917
850 3 2 1 1 917 1036 1037 918
851 3 2 1 1 918 1037 1038 919
852 3 2 1 1 919 1038 1039 920
853 3 2 1 1 920 1039 1040 921
854 3 2 1 1 921 1040 1041 922
855 3 2 1 1 922 1041 1042 923
856 3 2 1 1 923 1042 1043 924
857 3 2 1 1 924 1043 1044 925
858 3 2 1 1 925 1044 1045 926
859 3 2 1 1 926 1045 1046 927
860 3 2 1 1 927 1046 1047 928
861 3 2 1 1 928 1047 1048 929
862 3 2 1 1 929 1048 1049 930
863 3 2 1 1 930 1049 1050 931
864 3 2 1 1 931 1050 1051 932
865 3 2 1 1 932 1051 1052 933
866 3 2 1 1 933 1052 1053 934
867 3 2 1 1 934 1053 1054 935
868 3 2 1 1 935 1054 1055 936
869 3 2 1 1 936 1055 1056 937
870 3 2 1 1 937 1056 1057 938
871 3 2 1 1 938 1057 1058 939
872 3 2 1 1 939 1058 1059 940
873 3 2 1 1 940 1059 1060 941
874 3 2 1 1 941 1060 1061 942
875 3 2 1 1 942 1061 1062 943
876 3 2 1 1 943 1062 1063 944
877 3 2 1 1 944 1063 1064 945
878 3 2 1 1 945 1064 1065 946
879 3 2 1 1 946 1065 1066 947
880 3 2 1 1 947 1066 1067 948
881 3 2 1 1 948 1067 1068 949
882 3 2 1 1 949 1068 1069 950
883 3 2 1 1 950 1069 1070 951
884 3 2 1 1 951 1070 1071 952
885 3 2 1 1 952 1071 1072 953
886 3 2 1 1 953 1072 1073 954
887 3 2 1 1 954 1073 1074 955
888 3 2 1 1 955 1074 1075 956
889 3 2 1 1 956 1075 1076 957
890 3 2 1 1 957 1076 1077 958
891 3 2 1 1 958 1077 1078 959
892 3 2 1 1 959 1078 1079 960
893 3 2 1 1 960 1079 1080 961
894 3 2 1 1 961 1080 1081 962
895 3 2 1 1 962 1081 1082 963
896 3 2 1 1 963 1082 1083 964
897 3 2 1 1 964 1083 1084 965
898 3 2 1 1 965 1084 1085 966
899 3 2 1 1 966 1085 1086 967
900 3 2 1 1 967 1086 1087 968
901 3 2 1 1 968 1087 1088 969
902 3 2 1 1 969 1088 1089 970
903 3 2 1 1 970 1089 1090 971
904 3 2 1 1 971 1090 1091 972
905 3 2 1 1 972 1091 1092 973
906 3 2 1 1 973 1092 1093 974
907 3 2 1 1 974 1093 1094 975
908 3 2 1 1 975 1094 1095 976
909 3 2 1 1 976 1095 1096 977
910 3 2 1 1 977 1096 1097 978
911 3 2 1 1 978 1097 1098 979
912 3 2 1 1 979 1098 1099 980
913 3 2 1 1 980 1099 1100 981
914 3 2 1 1 981 1100 1101 982
915 3 2 1 1 982 1101 1102 983
916 3 2 1 1 983 1102 1103 984
917 3 2 1 1 984 1103 1104 985
918 3 2 1 1 985 1104 1105 986
919 3 2 1 1 986 1105 1106 987
920 3 2 1 1 987 1106 1107 988
921 3 2 1 1 988 1107 1108 989
922 3 2 1 1 989 1108 1109 990
923 3 2 1 1 990 1109 1110 991
924 3 2 1 1 991 1110 1111 992
925 3 2 1 1 992 1111 1112 993
926 3 2 1 1 993 1112 1113 994
927 3 2 1 1 994 1113 1114 995
928 3 2 1 1 995 1114 1115 996
929 3 2 1 1 996 1115 1116 997
930 3 2 1 1 997 1116 1117 998
931 3 2 1 1 998 1117 1118 999
932 3 2 1 1 999 1118 1119 1000
933 3 2 1 1 1000 1119 1120 1001
934 3 2 1 1 1001 1120 1121 1002
935 3 2 1 1 1002 1121 1122 1003
936 3 2 1 1 1003 1122 43 44
937 3 2 1 1 169 170 1123 1004
938 3 2 1 1 1004 1123 1124 1005
939 3 2 1 1 1005 1124 1125 1006
940 3 2 1 1 1006 1125 1126 1007
941 3 2 1 1 1007 1126 1127 1008
942 3 2 1 1 1008 1127 1128 1009
943 3 2 1 1 1009 1128 1129 1010
944 3 2 1 1 1010 1129 1130 1011
945 3 2 1 1 1011 1130 1131 1012
946 3 2 1 1 1012 1131 1132 1013
947 3 2 1 1 1013 1132 1133 1014
948 3 2 1 1 1014 1133 1134 1015
949 3 2 1 1 1015 1134 1135 1016
950 3 2 1 1 1016 1135 1136 1017
951 3 2 1 1 1017 1136 1137 1018
952 3 2 1 1 1018 1137 1138 1019
953 3 2 1 1 1019 1138 1139 1020
954 3 2 1 1 1020 1139 1140 1021
955 3 2 1 1 1021 1140 1141 1022
956 3 2 1 1 1022 1141 1142 1023
957 3 2 1 1 1023 1142 1143 1024
958 3 2 1 1 1024 1143 1144 1025
959 3 2 1 1 1025 1144 1145 1026
960 3 2 1 1 1026 1145 1146 1027
961 3 2 1 1 1027 1146 1147 1028
962 3 2 1 1 1028 1147 1148 1029
963 3 2 1 1 1029 1148 1149 1030
964 3 2 1 1 1030 1149 1150 1031
965 3 2 1 1 1031 1150 1151 1032
966 3 2 1 1 1032 1151 1152 1033
967 3 2 1 1 1033 1152 1153 1034
968 3 2 1 1 1034 1153 1154 1035
969 3 2 1 1 1035 1154 1155 1036
970 3 2 1 1 1036 1155 1156 1037
971 3 2 1 1 1037 1156 1157 1038
972 3 2 1 1 1038 1157 1158 1039
973 3 2 1 1 1039 1158 1159 1040
974 3 2 1 1 1040 1159 1160 1041
975 3 2 1 1 1041 1160 1161 1042
976 3 2 1 1 1042 1161 1162 1043
977 3 2 1 1 1043 1162 1163 1044
978 3 2 1 1 1044 1163 1164 1045
979 3 2 1 1 1045 1164 1165 1046
980 3 2 1 1 1046 1165 1166 1047
981 3 2 1 1 1047 1166 1167 1048
982 3 2 1 1 1048 1167 1168 1049
983 3 2 1 1 1049 1168 1169 1050
984 3 2 1 1 1050 1169 1170 1051
985 3 2 1 1 1051 1170 1171 1052
986 3 2 1 1 1052 1171 1172 1053
987 3 2 1 1 1053 1172 1173 1054
988 3 2 1 1 1054 1173 1174 1055
989 3 2 1 1 1055 1174 1175 1056
990 3 2 1 1 1056 1175 1176 1057
991 3 2 1 1 1057 1176 1177 1058
992 3 2 1 1 1058 1177 1178 1059
993 3 2 1 1 1059 1178 1179 1060
994 3 2 1 1 1060 1179 1180 1061
995 3 2 1 1 1061 1180 1181 1062
996 3 2 1 1 1062 1181 1182 1063
997 3 2 1 1 1063 1182 1183 1064
998 3 2 1 1 1064 1183 1184 1065
999 3 2 1 1 1065 1184 1185 1066
1000 3 2 1 1 1066 1185 1186 1067
1001 3 2 1 1 1067 1186 1187 1068
1002 3 2 1 1 1068 1187 1188 1069
1003 3 2 1 1 1069 1188 1189 1070
1004 3 2 1 1 1070 1189 1190 1071
1005 3 2 1 1 1071 1190 1191 1072
1006 3 2 1 1 1072 1191 1192 1073
1007 3 2 1 1 1073 1192 1193 1074
1008 3 2 1 1 1074 1193 1194 1075
1009 3 2 1 1 1075 1194 1195 1076
1010 3 2 1 1 1076 1195 1196 1077
1011 3 2 1 1 1077 1196 1197 1078
1012 3 2 1 1 1078 1197 1198 1079
1013 3 2 1 1 1079 1198 1199 1080
1014 3 2 1 1 1080 1199 1200 1081
1015 3 2 1 1 1081 1200 1201 1082
1016 3 2 1 1 1082 1201 1202 1083
1017 3 2 1 1 1083 1202 1203 1084
1018 3 2 1 1 1084 1203 1204 1085
1019 3 2 1 1 1085 1204 1205 1086
1020 3 2 1 1 1086 1205 1206 1087
1021 3 2 1 1 1087 1206 1207 1088
1022 3 2 1 1 1088 1207 1208 1089
1023 3 2 1 1 1089 1208 1209 1090
1024 3 2 1 1 1090 1209 1210 1091
1025 3 2 1 1 1091 1210 1211 1092
1026 3 2 1 1 1092 1211 1212 1093
1027 3 2 1 1 1093 1212 1213 1094
1028 3 2 1 1 1094 1213 1214 1095
1029 3 2 1 1 1095 1214 1215 1096
1030 3 2 1 1 1096 1215 1216 1097
1031 3 2 1 1 1097 1216 1217 1098
1032 3 2 1 1 1098 1217 1218 1099
1033 3 2 1 1 1099 1218 1219 1100
1034 3 2 1 1 1100 1219 1220 1101
1035 3 2 1 1 1101 1220 1221 1102
1036 3 2 1 1 1102 1221 1222 1103
1037 3 2 1 1 1103 1222 1223 1104
1038 3 2 1 1 1104 1223 1224 1105
1039 3 2 1 1 1105 1224 1225 1106
1040 3 2 1 1 1106 1225 1226 1107
1041 3 2 1 1 1107 1226 1227 1108
1042 3 2 1 1 1108 1227 1228 1109
1043 3 2 1 1 1109 1228 1229 1110
1044 3 2 1 1 1110 1229 1230 1111
1045 3 2 1 1 1111 1230 1231 1112
1046 3 2 1 1 1112 1231 1232 1113
1047 3 2 1 1 1113 1232 1233 1114
1048 3 2 1 1 1114 1233 1234 1115
1049 3 2 1 1 1115 1234 1235 1116
1050 3 2 1 1 1116 1235 1236 1117
1051 3 2 1 1 1117 1236 1237 1118
1052 3 2 1 1 1118 1237 1238 1119
1053 3 2 1 1 1119 1238 1239 1120
1054 3 2 1 1 1120 1239 1240 1121
1055 3 2 1 1 1121 1240 1241 1122
1056 3 2 1 1 1122 1241 42 43
1057 3 2 1 1 170 171 1242 1123
1058 3 2 1 1 1123 1242 1243 1124
1059 3 2 1 1 1124 1243 1244 1125
1060 3 2 1 1 1125 1244 1245 1126
1061 3 2 1 1 1126 1245 1246 1127
1062 3 2 1 1 1127 1246 1247 1128
1063 3 2 1 1 1128 1247 1248 1129
1064 3 2 1 1 1129 1248 1249 1130
1065 3 2 1 1 1130 1249 1250 1131
1066 3 2 1 1 1131 1250 1251 1132
1067 3 2 1 1 1132 1251 1252 1133
1068 3 2 1 1 1133 1252 1253 1134
1069 3 2 1 1 1134 1253 1254 1135
1070 3 2 1 1 1135 1254 1255 1136
1071 3 2 1 1 1136 1255 1256 1137
1072 3 2 1 1 1137 1256 1257 1138
1073 3 2 1 1 1138 1257 1258 1139
1074 3 2 1 1 1139 1258 1259 1140
1075 3 2 1 1 1140 1259 1260 1141
1076 3 2 1 1 1141 1260 1261 1142
1077 3 2 1 1 1142 1261 1262 1143
1078 3 2 1 1 1143 1262 1263 1144
1079 3 2 1 1 1144 1263 1264 1145
1080 3 2 1 1 1145 1264 1265 1146
1081 3 2 1 1 1146 1265 1266 1147
1082 3 2 1 1 1147 1266 1267 1148
1083 3 2 1 1 1148 1267 1268 1149
1084 3 2 1 1 1149 1268 1269 1150
1085 3 2 1 1 1150 1269 1270 1151
1086 3 2 1 1 1151 1270 1271 1152
1087 3 2 1 1 1152 1271 1272 1153
1088 3 2 1 1 1153 1272 1273 1154
1089 3 2 1 1 1154 1273 1274 1155
1090 3 2 1 1 1155 1274 1275 1156
1091 3 2 1 1 1156 1275 1276 1157
1092 3 2 1 1 1157 1276 1277 1158
1093 3 2 1 1 1158 1277 1278 1159
1094 3 2 1 1 1159 1278 1279 1160
1095 3 2 1 1 1160 1279 1280 1161
1096 3 2 1 1 1161 1280 1281 1162
1097 3 2 1 1 1162 1281 1282 1163
1098 3 2 1 1 1163 1282 1283 1164
1099 3 2 1 1 1164 1283 1284 1165
1100 3 2 1 1 1165 1284 1285 1166
1101 3 2 1 1 1166 1285 1286 1167
1102 3 2 1 1 1167 1286 1287 1168
1103 3 2 1 1 1168 1287 1288 1169
1104 3 2 1 1 1169 1288 1289 1170
1105 3 2 1 1 1170 1289 1290 1171
1106 3 2 1 1 1171 1290 1291 1172
1107 3 2 1 1 1172 1291 1292 1173
1108 3 2 1 1 1173 1292 1293 1174
1109 3 2 1 1 1174 1293 1294 1175
1110 3 2 1 1 1175 1294 1295 1176
1111 3 2 1 1 1176 1295 1296 1177
1112 3 2 1 1 1177 1296 1297 1178
1113 3 2 1 1 1178 1297 1298 1179
1114 3 2 1 1 1179 1298 1299 1180
1115 3 2 1 1 1180 1299 1300 1181
1116 3 2 1 1 1181 1300 1301 1182
1117 3 2 1 1 1182 1301 1302 1183
1118 3 2 1 1 1183 1302 1303 1184
1119 3 2 1 1 1184 1303 1304 1185
1120 3 2 1 1 1185 1304 1305 1186
1121 3 2 1 1 1186 1305 1306 1187
1122 3 2 1 1 1187 1306 1307 1188
1123 3 2 1 1 1188 1307 1308 1189
1124 3 2 1 1 1189 1308 1309 1190
1125 3 2 1 1 1190 1309 1310 1191
1126 3 2 1 1 1191 1310 1311 1192
1127 3 2 1 1 1192 1311 1312 1193
1128 3 2 1 1 1193 1312 1313 1194
1129 3 2 1 1 1194 1313 1314 1195
1130 3 2 1 1 1195 1314 1315 1196
1131 3 2 1 1 1196 1315 1316 1197
1132 3 2 1 1 1197 1316 1317 1198
1133 3 2 1 1 1198 1317 1318 1199
1134 3 2 1 1 1199 1318 1319 1200
1135 3 2 1 1 1200 1319 1320 1201
1136 3 2 1 1 1201 1320 1321 1202
1137 3 2 1 1 1202 1321 1322 1203
1138 3 2 1 1 1203 1322 1323 1204
1139 3 2 1 1 1204 1323 1324 1205
1140 3 2 1 1 1205 1324 1325 1206
1141 3 2 1 1 1206 1325 1326 1207
1142 3 2 1 1 1207 1326 1327 1208
1143 3 2 1 1 1208 1327 1328 1209
1144 3 2 1 1 1209 1328 1329 1210
1145 3 2 1 1 1210 1329 1330 1211
1146 3 2 1 1 1211 1330 1331 1212
1147 3 2 1 1 1212 1331 1332 1213
1148 3 2 1 1 1213 1332 1333 1214
1149 3 2 1 1 1214 1333 1334 1215
1150 3 2 1 1 1215 1334 1335 1216
1151 3 2 1 1 1216 1335 1336 1217
1152 3 2 1 1 1217 1336 1337 1218
1153 3 2 1 1 1218 1337 1338 1219
1154 3 2 1 1 1219 1338 1339 1220
1155 3 2 1 1 1220 1339 1340 1221
1156 3 2 1 1 1221 1340 1341 1222
1157 3 2 1 1 1222 1341 1342 1223
1158 3 2 1 1 1223 1342 1343 1224
1159 3 2 1 1 1224 1343 1344 1225
1160 3 2 1 1 1225 1344 1345 1226
1161 3 2 1 1 1226 1345 1346 1227
1162 3 2 1 1 1227 1346 1347 1228
1163 3 2 1 1 1228 1347 1348 1229
1164 3 2 1 1 1229 1348 1349 1230
1165 3 2 1 1 1230 1349 1350 1231
1166 3 2 1 1 1231 1350 1351 1232
1167 3 2 1 1 1232 1351 1352 1233
1168 3 2 1 1 1233 1352 1353 1234
1169 3 2 1 1 1234 1353 1354 1235
1170 3 2 1 1 1235 1354 1355 1236
1171 3 2 1 1 1236 1355 1356 1237
1172 3 2 1 1 1237 1356 1357 1238
1173 3 2 1 1 1238 1357 1358 1239
1174 3 2 1 1 1239 1358 1359 1240
1175 3 2 1 1 1240 1359 1360 1241
1176 3 2 1 1 1241 1360 41 42
1177 3 2 1 1 171 172 1361 1242
1178 3 2 1 1 1242 1361 1362 1243
1179 3 2 1 1 1243 1362 1363 1244
1180 3 2 1 1 1244 1363 1364 1245
1181 3 2 1 1 1245 1364 1365 1246
1182 3 2 1 1 1246 1365 1366 1247
1183 3 2 1 1 1247 1366 1367 1248
1184 3 2 1 1 1248 1367 1368 1249
1185 3 2 1 1 1249 1368 1369 1250
1186 3 2 1 1 1250 1369 1370 1251
1187 3 2 1 1 1251 1370 1371 1252
1188 3 2 1 1 1252 1371 1372 1253
1189 3 2 1 1 1253 1372 1373 1254
1190 3 2 1 1 1254 1373 1374 1255
1191 3 2 1 1 1255 1374 1375 1256
1192 3 2 1 1 1256 1375 1376 1257
1193 3 2 1 1 1257 1376 1377 1258
1194 3 2 1 1 1258 1377 1378 1259
1195 3 2 1 1 1259 1378 1379 1260
1196 3 2 1 1 1260 1379 1380 1261
1197 3 2 1 1 1261 1380 1381 1262
1198 3 2 1 1 1262 1381 1382 1263
1199 3 2 1 1 1263 1382 1383 1264
1200 3 2 1 1 1264 1383 1384 1265
1201 3 2 1 1 1265 1384 1385 1266
1202 3 2 1 1 1266 1385 1386 1267
1203 3 2 1 1 1267 1386 1387 1268
1204 3 2 1 1 1268 1387 1388 1269
1205 3 2 1 1 1269 1388 1389 1270
1206 3 2 1 1 1270 1389 1390 1271
1207 3 2 1 1 1271 1390 1391 1272
1208 3 2 1 1 1272 1391 1392 1273
1209 3 2 1 1 1273 1392 1393 1274
1210 3 2 1 1 1274 1393 1394 1275
1211 3 2 1 1 1275 1394 1395 1276
1212 3 2 1 1 1276 1395 1396 1277
1213 3 2 1 1 1277 1396 1397 1278
1214 3 2 1 1 1278 1397 1398 1279
1215 3 2 1 1 1279 1398 1399 1280
1216 3 2 1 1 1280 1399 1400 1281
1217 3 2 1 1 1281 1400 1401 1282
1218 3 2 1 1 1282 1401 1402 1283
1219 3 2 1 1 1283 1402 1403 1284
1220 3 2 1 1 1284 1403 1404 1285
1221 3 2 1 1 1285 1404 1405 1286
1222 3 2 1 1 1286 1405 1406 1287
1223 3 2 1 1 1287 1406 1407 1288
1224 3 2 1 1 1288 1407 1408 1289
1225 3 2 1 1 1289 1408 1409 1290
1226 3 2 1 1 1290 1409 1410 1291
1227 3 2 1 1 1291 1410 1411 1292
1228 3 2 1 1 1292 1411 1412 1293
1229 3 2 1 1 1293 1412 1413 1294
1230 3 2 1 1 1294 1413 1414 1295
1231 3 2 1 1 1295 1414 1415 1296
1232 3 2 1 1 1296 1415 1416 1297
1233 3 2 1 1 1297 1416 1417 1298
1234 3 2 1 1 1298 1417 1418 1299
1235 3 2 1 1 1299 1418 1419 1300
1236 3 2 1 1 1300 1419 1420 1301
1237 3 2 1 1 1301 1420 1421 1302
1238 3 2 1 1 1302 1421 1422 1303
1239 3 2 1 1 1303 1422 1423 1304
1240 3 2 1 1 1304 1423 1424 1305
1241 3 2 1 1 1305 1424 1425 1306
1242 3 2 1 1 1306 1425 1426 1307
1243 3 2 1 1 1307 1426 1427 1308
1244 3 2 1 1 1308 1427 1428 1309
1245 3 2 1 1 1309 1428 1429 1310
1246 3 2 1 1 1310 1429 1430 1311
1247 3 2 1 1 1311 1430 1431 1312
1248 3 2 1 1 1312 1431 1432 1313
1249 3 2 1 1 1313 1432 1433 1314
1250 3 2 1 1 1314 1433 1434 1315
1251 3 2 1 1 1315 1434 1435 1316
1252 3 2 1 1 1316 1435 1436 1317
1253 3 2 1 1 1317 1436 1437 1318
1254 3 2 1 1 1318 1437 1438 1319
1255 3 2 1 1 1319 1438 1439 1320
1256 3 2 1 1 1320 1439 1440 1321
1257 3 2 1 1 1321 1440 1441 1322
1258 3 2 1 1 1322 1441 1442 1323
1259 3 2 1 1 1323 1442 1443 1324
1260 3 2 1 1 1324 1443 1444 1325
1261 3 2 1 1 1325 1444 1445 1326
1262 3 2 1 1 1326 1445 1446 1327
1263 3 2 1 1 1327 1446 1447 1328
1264 3 2 1 1 1328 1447 1448 1329
1265 3 2 1 1 1329 1448 1449 1330
1266 3 2 1 1 1330 1449 1450 1331
1267 3 2 1 1 1331 1450 1451 1332
1268 3 2 1 1 1332 1451 1452 1333
1269 3 2 1 1 1333 1452 1453 1334
1270 3 2 1 1 1334 1453 1454 1335
1271 3 2 1 1 1335 1454 1455 1336
1272 3 2 1 1 1336 1455 1456 1337
1273 3 2 1 1 1337 1456 1457 1338
1274 3 2 1 1 1338 1457 1458 1339
1275 3 2 1 1 1339 1458 1459 1340
1276 3 2 1 1 1340 1459 1460 1341
1277 3 2 1 1 1341 1460 1461 1342
1278 3 2 1 1 1342 1461 1462 1343
1279 3 2 1 1 1343 1462 1463 1344
1280 3 2 1 1 1344 1463 1464 1345
1281 3 2 1 1 1345 1464 1465 1346
1282 3 2 1 1 1346 1465 1466 1347
1283 3 2 1 1 1347 1466 1467 1348
1284 3 2 1 1 1348 1467 1468 1349
1285 3 2 1 1 1349 1468 1469 1350
1286 3 2 1 1 1350 1469 1470 1351
1287 3 2 1 1 1351 1470 1471 1352
1288 3 2 1 1 1352 1471 1472 1353
1289 3 2 1 1 1353 1472 1473 1354
1290 3 2 1 1 1354 1473 1474 1355
1291 3 2 1 1 1355 1474 1475 1356
1292 3 2 1 1 1356 1475 1476 1357
1293 3 2 1 1 1357 1476 1477 1358
1294 3 2 1 1 1358 1477 1478 1359
1295 3 2 1 1 1359 1478 1479 1360
1296 3 2 1 1 1360 1479 40 41
1297 3 2 1 1 172 173 1480 1361
1298 3 2 1 1 1361 1480 1481 1362
1299 3 2 1 1 1362 1481 1482 1363
1300 3 2 1 1 1363 1482 1483 1364
1301 3 2 1 1 1364 1483 1484 1365
1302 3 2 1 1 1365 1484 1485 1366
1303 3 2 1 1 1366 1485 1486 1367
1304 3 2 1 1 1367 1486 1487 1368
1305 3 2 1 1 1368 1487 1488 1369
1306 3 2 1 1 1369 1488 1489 1370
1307 3 2 1 1 1370 1489 1490 1371
1308 3 2 1 1 1371 1490 1491 1372
1309 3 2 1 1 1372 1491 1492 1373
1310 3 2 1 1 1373 1492 1493 1374
1311 3 2 1 1 1374 1493 1494 1375
1312 3 2 1 1 1375 1494 1495 1376
1313 3 2 1 1 1376 1495 1496 1377
1314 3 2 1 1 1377 1496 1497 1378
1315 3 2 1 1 1378 1497 1498 1379
1316 3 2 1 1 1379 1498 1499 1380
1317 3 2 1 1 1380 1499 1500 1381
1318 3 2 1 1 1381 1500 1501 1382
1319 3 2 1 1 1382 1501 1502 1383
1320 3 2 1 1 1383 1502 1503 1384
1321 3 2 1 1 1384 1503 1504 1385
1322 3 2 1 1 1385 1504 1505 1386
1323 3 2 1 1 1386 1505 1506 1387
1324 3 2 1 1 1387 1506 1507 1388
1325 3 2 1 1 1388 1507 1508 1389
1326 3 2 1 1 1389 1508 1509 1390
1327 3 2 1 1 1390 1509 1510 1391
1328 3 2 1 1 1391 1510 1511 1392
1329 3 2 1 1 1392 1511 1512 1393
1330 3 2 1 1 1393 1512 1513 1394
1331 3 2 1 1 1394 1513 1514 1395
1332 3 2 1 1 1395 1514 1515 1396
1333 3 2 1 1 1396 1515 1516 1397
1334 3 2 1 1 1397 1516 1517 1398
1335 3 2 1 1 1398 1517 1518 1399
1336 3 2 1 1 1399 1518 1519 1400
1337 3 2 1 1 1400 1519 1520 1401
1338 3 2 1 1 1401 1520 1521 1402
1339 3 2 1 1 1402 1521 1522 1403
1340 3 2 1 1 1403 1522 1523 1404
1341 3 2 1 1 1404 1523 1524 1405
1342 3 2 1 1 1405 1524 1525 1406
1343 3 2 1 1 1406 1525 1526 1407
1344 3 2 1 1 1407 1526 1527 1408
1345 3 2 1 1 1408 1527 1528 1409
1346 3 2 1 1 1409 1528 1529 1410
1347 3 2 1 1 1410 1529 1530 1411
1348 3 2 1 1 1411 1530 1531 1412
1349 3 2 1 1 1412 1531 1532 1413
1350 3 2 1 1 1413 1532 1533 1414
1351 3 2 1 1 1414 1533 1534 1415
1352 3 2 1 1 1415 1534 1535 1416
1353 3 2 1 1 1416 1535 1536 1417
1354 3 2 1 1 1417 1536 1537 1418
1355 3 2 1 1 1418 1537 1538 1419
1356 3 2 1 1 1419 1538 1539 1420
1357 3 2 1 1 1420 1539 1540 1421
1358 3 2 1 1 1421 1540 1541 1422
1359 3 2 1 1 1422 1541 1542 1423
1360 3 2 1 1 1423 1542 1543 1424
1361 3 2 1 1 1424 1543 1544 1425
1362 3 2 1 1 1425 1544 1545 1426
1363 3 2 1 1 1426 1545 1546 1427
1364 3 2 1 1 1427 1546 1547 1428
1365 3 2 1 1 1428 1547 1548 1429
1366 3 2 1 1 1429 1548 1549 1430
1367 3 2 1 1 1430 1549 1550 1431
1368 3 2 1 1 1431 1550 1551 1432
1369 3 2 1 1 1432 1551 1552 1433
1370 3 2 1 1 1433 1552 1553 1434
1371 3 2 1 1 1434 1553 1554 1435
1372 3 2 1 1 1435 1554 1555 1436
1373 3 2 1 1 1436 1555 1556 1437
1374 3 2 1 1 1437 1556 1557 1438
1375 3 2 1 1 1438 1557 1558 1439
1376 3 2 1 1 1439 1558 1559 1440
1377 3 2 1 1 1440 1559 1560 1441
1378 3 2 1 1 1441 1560 1561 1442
1379 3 2 1 1 1442 1561 1562 1443
1380 3 2 1 1 1443 1562 1563 1444
1381 3 2 1 1 1444 1563 1564 1445
1382 3 2 1 1 1445 1564 1565 1446
1383 3 2 1 1 1446 1565 1566 1447
1384 3 2 1 1 1447 1566 1567 1448
1385 3 2 1 1 1448 1567 1568 1449
1386 3 2 1 1 1449 1568 1569 1450
1387 3 2 1 1 1450 1569 1570 1451
1388 3 2 1 1 1451 1570 1571 1452
1389 3 2 1 1 1452 1571 1572 1453
1390 3 2 1 1 1453 1572 1573 1454
1391 3 2 1 1 1454 1573 1574 1455
1392 3 2 1 1 1455 1574 1575 1456
1393 3 2 1 1 1456 1575 1576 1457
1394 3 2 1 1 1457 1576 1577 1458
1395 3 2 1 1 1458 1577 1578 1459
1396 3 2 1 1 1459 1578 1579 1460
1397 3 2 1 1 1460 1579 1580 1461
1398 3 2 1 1 1461 1580 1581 1462
1399 3 2 1 1 1462 1581 1582 1463
1400 3 2 1 1 1463 1582 1583 1464
1401 3 2 1 1 1464 1583 1584 1465
1402 3 2 1 1 1465 1584 1585 1466
1403 3 2 1 1 1466 1585 1586 1467
1404 3 2 1 1 1467 1586 1587 1468
1405 3 2 1 1 1468 1587 1588 1469
1406 3 2 1 1 1469 1588 1589 1470
1407 3 2 1 1 1470 1589 1590 1471
1408 3 2 1 1 1471 1590 1591 1472
1409 3 2 1 1 1472 1591 1592 1473
1410 3 2 1 1 1473 1592 1593 1474
1411 3 2 1 1 1474 1593 1594 1475
1412 3 2 1 1 1475 1594 1595 1476
1413 3 2 1 1 1476 1595 1596 1477
1414 3 2 1 1 1477 1596 1597 1478
1415 3 2 1 1 1478 1597 1598 1479
1416 3 2 1 1 1479 1598 39 40
1417 3 2 1 1 173 174 1599 1480
1418 3 2 1 1 1480 1599 1600 1481
1419 3 2 1 1 1481 1600 1601 1482
1420 3 2 1 1 1482 1601 1602 1483
1421 3 2 1 1 1483 1602 1603 1484
1422 3 2 1 1 1484 1603 1604 1485
1423 3 2 1 1 1485 1604 1605 1486
1424 3 2 1 1 1486 1605 1606 1487
1425 3 2 1 1 1487 1606 1607 1488
1426 3 2 1 1 1488 1607 1608 1489
1427 3 2 1 1 1489 1608 1609 1490
1428 3 2 1 1 1490 1609 1610 1491
1429 3 2 1 1 1491 1610 1611 1492
1430 3 2 1 1 1492 1611 1612 1493
1431 3 2 1 1 1493 1612 1613 1494
1432 3 2 1 1 1494 1613 1614 1495
1433 3 2 1 1 1495 1614 1615 1496
1434 3 2 1 1 1496 1615 1616 1497
1435 3 2 1 1 1497 1616 1617 1498
1436 3 2 1 1 1498 1617 1618 1499
1437 3 2 1 1 1499 1618 1619 1500
1438 3 2 1 1 1500 1619 1620 1501
1439 3 2 1 1 1501 1620 1621 1502
1440 3 2 1 1 1502 1621 1622 1503
1441 3 2 1 1 1503 1622 1623 1504
1442 3 2 1 1 1504 1623 1624 1505
1443 3 2 1 1 1505 1624 1625 1506
1444 3 2 1 1 1506 1625 1626 1507
1445 3 2 1 1 1507 1626 1627 1508
1446 3 2 1 1 1508 1627 1628 1509
1447 3 2 1 1 1509 1628 1629 1510
1448 3 2 1 1 1510 1629 1630 1511
1449 3 2 1 1 1511 1630 1631 1512
1450 3 2 1 1 1512 1631 1632 1513
1451 3 2 1 1 1513 1632 1633 1514
1452 3 2 1 1 1514 1633 1634 1515
1453 3 2 1 1 1515 1634 1635 1516
1454 3 2 1 1 1516 1635 1636 1517
1455 3 2 1 1 1517 1636 1637 1518
1456 3 2 1 1 1518 1637 1638 1519
1457 3 2 1 1 1519 1638 1639 1520
1458 3 2 1 1 1520 1639 1640 1521
1459 3 2 1 1 1521 1640 1641 1522
1460 3 2 1 1 1522 1641 1642 1523
1461 3 2 1 1 1523 1642 1643 1524
1462 3 2 1 1 1524 1643 1644 1525
1463 3 2 1 1 1525 1644 1645 1526
1464 3 2 1 1 1526 1645 1646 1527
1465 3 2 1 1 1527 1646 1647 1528
1466 3 2 1 1 1528 1647 1648 1529
1467 3 2 1 1 1529 1648 1649 1530
1468 3 2 1 1 1530 1649 1650 1531
1469 3 2 1 1 1531 1650 1651 1532
1470 3 2 1 1 1532 1651 1652 1533
1471 3 2 1 1 1533 1652 1653 1534
1472 3 2 1 1 1534 1653 1654 1535
1473 3 2 1 1 1535 1654 1655 1536
1474 3 2 1 1 1536 1655 1656 1537
1475 3 2 1 1 1537 1656 1657 1538
1476 3 2 1 1 1538 1657 1658 1539
1477 3 2 1 1 1539 1658 1659 1540
1478 3 2 1 1 1540 1659 1660 1541
1479 3 2 1 1 1541 1660 1661 1542
1480 3 2 1 1 1542 1661 1662 1543
1481 3 2 1 1 1543 1662 1663 1544
1482 3 2 1 1 1544 1663 1664 1545
1483 3 2 1 1 1545 1664 1665 1546
1484 3 2 1 1 1546 1665 1666 1547
1485 3 2 1 1 1547 1666 1667 1548
1486 3 2 1 1 1548 1667 1668 1549
1487 3 2 1 1 1549 1668 1669 1550
1488 3 2 1 1 1550 1669 1670 1551
1489 3 2 1 1 1551 1670 1671 1552
1490 3 2 1 1 1552 1671 1672 1553
1491 3 2 1 1 1553 1672 1673 1554
1492 3 2 1 1 1554 1673 1674 1555
1493 3 2 1 1 1555 1674 1675 1556
1494 3 2 1 1 1556 1675 1676 1557
1495 3 2 1 1 1557 1676 1677 1558
1496 3 2 1 1 1558 1677 1678 1559
1497 3 2 1 1 1559 1678 1679 1560
1498 3 2 1 1 1560 1679 1680 1561
1499 3 2 1 1 1561 1680 1681 1562
1500 3 2 1 1 1562 1681 1682 1563
1501 3 2 1 1 1563 1682 1683 1564
1502 3 2 1 1 1564 1683 1684 1565
1503 3 2 1 1 1565 1684 1685 1566
1504 3 2 1 1 1566 1685 1686 1567
1505 3 2 1 1 1567 1686 1687 1568
1506 3 2 1 1 1568 1687 1688 1569
1507 3 2 1 1 1569 1688 1689 1570
1508 3 2 1 1 1570 1689 1690 1571
1509 3 2 1 1 1571 1690 1691 1572
1510 3 2 1 1 1572 1691 1692 1573
1511 3 2 1 1 1573 1692 1693 1574
1512 3 2 1 1 1574 1693 1694 1575
1513 3 2 1 1 1575 1694 1695 1576
1514 3 2 1 1 1576 1695 1696 1577
1515 3 2 1 1 1577 1696 1697 1578
1516 3 2 1 1 1578 1697 1698 1579
1517 3 2 1 1 1579 1698 1699 1580
1518 3 2 1 1 1580 1699 1700 1581
1519 3 2 1 1 1581 1700 1701 1582
1520 3 2 1 1 1582 1701 1702 1583
1521 3 2 1 1 1583 1702 1703 1584
1522 3 2 1 1 1584 1703 1704 1585
1523 3 2 1 1 1585 1704 1705 1586
1524 3 2 1 1 1586 1705 1706 1587
1525 3 2 1 1 1587 1706 1707 1588
1526 3 2 1 1 1588 1707 1708 1589
1527 3 2 1 1 1589 1708 1709 1590
1528 3 2 1 1 1590 1709 1710 1591
1529 3 2 1 1 1591 1710 1711 1592
1530 3 2 1 1 1592 1711 1712 1593
1531 3 2 1 1 1593 1712 1713 1594
1532 3 2 1 1 1594 1713 1714 1595
1533 3 2 1 1 1595 1714 1715 1596
1534 3 2 1 1 1596 1715 1716 1597
1535 3 2 1 1 1597 1716 1717 1598
1536 3 2 1 1 1598 1717 38 39
1537 3 2 1 1 174 175 1718 1599
1538 3 2 1 1 1599 1718 1719 1600
1539 3 2 1 1 1600 1719 1720 1601
1540 3 2 1 1 1601 1720 1721 1602
1541 3 2 1 1 1602 1721 1722 1603
1542 3 2 1 1 1603 1722 1723 1604
1543 3 2 1 1 1604 1723 1724 1605
1544 3 2 1 1 1605 1724 1725 1606
1545 3 2 1 1 1606 1725 1726 1607
1546 3 2 1 1 1607 1726 1727 1608
1547 3 2 1 1 1608 1727 1728 1609
1548 3 2 1 1 1609 1728 1729 1610
1549 3 2 1 1 1610 1729 1730 1611
1550 3 2 1 1 1611 1730 1731 1612
1551 3 2 1 1 1612 1731 1732 1613
1552 3 2 1 1 1613 1732 1733 1614
1553 3 2 1 1 1614 1733 1734 1615
1554 3 2 1 1 1615 1734 1735 1616
1555 3 2 1 1 1616 1735 1736 1617
1556 3 2 1 1 1617 1736 1737 1618
1557 3 2 1 1 1618 1737 1738 1619
1558 3 2 1 1 1619 1738 1739 1620
1559 3 2 1 1 1620 1739 1740 1621
1560 3 2 1 1 1621 1740 1741 1622
1561 3 2 1 1 1622 1741 1742 1623
1562 3 2 1 1 1623 1742 1743 1624
1563 3 2 1 1 1624 1743 1744 1625
1564 3 2 1 1 1625 1744 1745 1626
1565 3 2 1 1 1626 1745 1746 1627
1566 3 2 1 1 1627 1746 1747 1628
1567 3 2 1 1 1628 1747 1748 1629
1568 3 2 1 1 1629 1748 1749 1630
1569 3 2 1 1 1630 1749 1750 1631
1570 3 2 1 1 1631 1750 1751 1632
1571 3 2 1 1 1632 1751 1752 1633
1572 3 2 1 1 1633 1752 1753 1634
1573 3 2 1 1 1634 1753 1754 1635
1574 3 2 1 1 1635 1754 1755 1636
1575 3 2 1 1 1636 1755 1756 1637
1576 3 2 1 1 1637 1756 1757 1638
1577 3 2 1 1 1638 1757 1758 1639
1578 3 2 1 1 1639 1758 1759 1640
1579 3 2 1 1 1640 1759 1760 1641
1580 3 2 1 1 1641 1760 1761 1642
1581 3 2 1 1 1642 1761 1762 1643
1582 3 2 1 1 1643 1762 1763 1644
1583 3 2 1 1 1644 1763 1764 1645
1584 3 2 1 1 1645 1764 1765 1646
1585 3 2 1 1 1646 1765 1766 1647
1586 3 2 1 1 1647 1766 1767 1648
1587 3 2 1 1 1648 1767 1768 1649
1588 3 2 1 1 1649 1768 1769 1650
1589 3 2 1 1 1650 1769 1770 1651
1590 3 2 1 1 1651 1770 1771 1652
1591 3 2 1 1 1652 1771 1772 1653
1592 3 2 1 1 1653 1772 1773 1654
1593 3 2 1 1 1654 1773 1774 1655
1594 3 2 1 1 1655 1774 1775 1656
1595 3 2 1 1 1656 1775 1776 1657
1596 3 2 1 1 1657 1776 1777 1658
1597 3 2 1 1 1658 1777 1778 1659
1598 3 2 1 1 1659 1778 1779 1660
1599 3 2 1 1 1660 1779 1780 1661
1600 3 2 1 1 1661 1780 1781 1662
1601 3 2 1 1 1662 1781 1782 1663
1602 3 2 1 1 1663 1782 1783 1664
1603 3 2 1 1 1664 1783 1784 1665
1604 3 2 1 1 1665 1784 1785 1666
1605 3 2 1 1 1666 1785 1786 1667
1606 3 2 1 1 1667 1786 1787 1668
1607 3 2 1 1 1668 1787 1788 1669
1608 3 2 1 1 1669 1788 1789 1670
1609 3 2 1 1 1670 1789 1790 1671
1610 3 2 1 1 1671 1790 1791 1672
1611 3 2 1 1 1672 1791 1792 1673
1612 3 2 1 1 1673 1792 1793 1674
1613 3 2 1 1 1674 1793 1794 1675
1614 3 2 1 1 1675 1794 1795 1676
1615 3 2 1 1 1676 1795 1796 1677
1616 3 2 1 1 1677 1796 1797 1678
1617 3 2 1 1 1678 1797 1798 1679
1618 3 2 1 1 1679 1798 1799 1680
1619 3 2 1 1 1680 1799 1800 1681
1620 3 2 1 1 1681 1800 1801 1682
1621 3 2 1 1 1682 1801 1802 1683
1622 3 2 1 1 1683 1802 1803 1684
1623 3 2 1 1 1684 1803 1804 1685
1624 3 2 1 1 1685 1804 1805 1686
1625 3 2 1 1 1686 1805 1806 1687
1626 3 2 1 1 1687 1806 1807 1688
1627 3 2 1 1 1688 1807 1808 1689
1628 3 2 1 1 1689 1808 1809 1690
1629 3 2 1 1 1690 1809 1810 1691
1630 3 2 1 1 1691 1810 1811 1692
1631 3 2 1 1 1692 1811 1812 1693
1632 3 2 1 1 1693 1812 1813 1694
1633 3 2 1 1 1694 1813 1814 1695
1634 3 2 1 1 1695 1814 1815 1696
1635 3 2 1 1 1696 1815 1816 1697
1636 3 2 1 1 1697 1816 1817 1698
1637 3 2 1 1 1698 1817 1818 1699
1638 3 2 1 1 1699 1818 1819 1700
1639 3 2 1 1 1700 1819 1820 1701
1640 3 2 1 1 1701 1820 1821 1702
1641 3 2 1 1 1702 1821 1822 1703
1642 3 2 1 1 1703 1822 1823 1704
1643 3 2 1 1 1704 1823 1824 1705
1644 3 2 1 1 1705 1824 1825 1706
1645 3 2 1 1 1706 1825 1826 1707
1646 3 2 1 1 1707 1826 1827 1708
1647 3 2 1 1 1708 1827 1828 1709
1648 3 2 1 1 1709 1828 1829 1710
1649 3 2 1 1 1710 1829 1830 1711
1650 3 2 1 1 1711 1830 1831 1712
1651 3 2 1 1 1712 1831 1832 1713
1652 3 2 1 1 1713 1832 1833 1714
1653 3 2 1 1 1714 1833 1834 1715
1654 3 2 1 1 1715 1834 1835 1716
1655 3 2 1 1 1716 1835 1836 1717
1656 3 2 1 1 1717 1836 37 38
1657 3 2 1 1 175 176 1837 1718
1658 3 2 1 1 1718 1837 1838 1719
1659 3 2 1 1 1719 1838 1839 1720
1660 3 2 1 1 1720 1839 1840 1721
1661 3 2 1 1 1721 1840 1841 1722
1662 3 2 1 1 1722 1841 1842 1723
1663 3 2 1 1 1723 1842 1843 1724
1664 3 2 1 1 1724 1843 1844 1725
1665 3 2 1 1 1725 1844 1845 1726
1666 3 2 1 1 1726 1845 1846 1727
1667 3 2 1 1 1727 1846 1847 1728
1668 3 2 1 1 1728 1847 1848 1729
1669 3 2 1 1 1729 1848 1849 1730
1670 3 2 1 1 1730 1849 1850 1731
1671 3 2 1 1 1731 1850 1851 1732
1672 3 2 1 1 1732 1851 1852 1733
1673 3 2 1 1 1733 1852 1853 1734
1674 3 2 1 1 1734 1853 1854 1735
1675 3 2 1 1 1735 1854 1855 1736
1676 3 2 1 1 1736 1855 1856 1737
1677 3 2 1 1 1737 1856 1857 1738
1678 3 2 1 1 1738 1857 1858 1739
1679 3 2 1 1 1739 1858 1859 1740
1680 3 2 1 1 1740 1859 1860 1741
1681 3 2 1 1 1741 1860 1861 1742
1682 3 2 1 1 1742 1861 1862 1743
1683 3 2 1 1 1743 1862 1863 1744
1684 3 2 1 1 1744 1863 1864 1745
1685 3 2 1 1 1745 1864 1865 1746
1686 3 2 1 1 1746 1865 1866 1747
1687 3 2 1 1 1747 1866 1867 1748
1688 3 2 1 1 1748 1867 1868 1749
1689 3 2 1 1 1749 1868 1869 1750
1690 3 2 1 1 1750 1869 1870 1751
1691 3 2 1 1 1751 1870 1871 1752
1692 3 2 1 1 1752 1871 1872 1753
1693 3 2 1 1 1753 1872 1873 1754
1694 3 2 1 1 1754 1873 1874 1755
1695 3 2 1 1 1755 1874 1875 1756
1696 3 2 1 1 1756 1875 1876 1757
1697 3 2 1 1 1757 1876 1877 1758
1698 3 2 1 1 1758 1877 1878 1759
1699 3 2 1 1 1759 1878 1879 1760
1700 3 2 1 1 1760 1879 1880 1761
1701 3 2 1 1 1761 1880 1881 1762
1702 3 2 1 1 1762 1881 1882 1763
1703 3 2 1 1 1763 1882 1883 1764
1704 3 2 1 1 1764 1883 1884 1765
1705 3 2 1 1 1765 1884 1885 1766
1706 3 2 1 1 1766 1885 1886 1767
1707 3 2 1 1 1767 1886 1887 1768
1708 3 2 1 1 1768 1887 1888 1769
1709 3 2 1 1 1769 1888 1889 1770
1710 3 2 1 1 1770 1889 1890 1771
1711 3 2 1 1 1771 1890 1891 1772
1712 3 2 1 1 1772 1891 1892 1773
1713 3 2 1 1 1773 1892 1893 1774
1714 3 2 1 1 1774 1893 1894 1775
1715 3 2 1 1 1775 1894 1895 1776
1716 3 2 1 1 1776 1895 1896 1777
1717 3 2 1 1 1777 1896 1897 1778
1718 3 2 1 1 1778 1897 1898 1779
1719 3 2 1 1 1779 1898 1899 1780
1720 3 2 1 1 1780 1899 1900 1781
1721 3 2 1 1 1781 1900 1901 1782
1722 3 2 1 1 1782 1901 1902 1783
1723 3 2 1 1 1783 1902 1903 1784
1724 3 2 1 1 1784 1903 1904 1785
1725 3 2 1 1 1785 1904 1905 1786
1726 3 2 1 1 1786 1905 1906 1787
1727 3 2 1 1 1787 1906 1907 1788
1728 3 2 1 1 1788 1907 1908 1789
1729 3 2 1 1 1789 1908 1909 1790
1730 3 2 1 1 1790 1909 1910 1791
1731 3 2 1 1 1791 1910 1911 1792
1732 3 2 1 1 1792 1911 1912 1793
1733 3 2 1 1 1793 1912 1913 1794
1734 3 2 1 1 1794 1913 1914 1795
1735 3 2 1 1 1795 1914 1915 1796
1736 3 2 1 1 1796 1915 1916 1797
1737 3 2 1 1 1797 1916 1917 1798
1738 3 2 1 1 1798 1917 1918 1799
1739 3 2 1 1 1799 1918 1919 1800
1740 3 2 1 1 1800 1919 1920 1801
1741 3 2 1 1 1801 1920 1921 1802
1742 3 2 1 1 1802 1921 1922 1803
1743 3 2 1 1 1803 1922 1923 1804
1744 3 2 1 1 1804 1923 1924 1805
1745 3 2 1 1 1805 1924 1925 1806
1746 3 2 1 1 1806 1925 1926 1807
1747 3 2 1 1 1807 1926 1927 1808
1748 3 2 1 1 1808 1927 1928 1809
1749 3 2 1 1 1809 1928 1929 1810
1750 3 2 1 1 1810 1929 1930 1811
1751 3 2 1 1 1811 1930 1931 1812
1752 3 2 1 1 1812 1931 1932 1813
1753 3 2 1 1 1813 1932 1933 1814
1754 3 2 1 1 1814 1933 1934 1815
1755 3 2 1 1 1815 1934 1935 1816
1756 3 2 1 1 1816 1935 1936 1817
1757 3 2 1 1 1817 1936 1937 1818
1758 3 2 1 1 1818 1937 1938 1819
1759 3 2 1 1 1819 1938 1939 1820
1760 3 2 1 1 1820 1939 1940 1821
1761 3 2 1 1 1821 1940 1941 1822
1762 3 2 1 1 1822 1941 1942 1823
1763 3 2 1 1 1823 1942 1943 1824
1764 3 2 1 1 1824 1943 1944 1825
1765 3 2 1 1 1825 1944 1945 1826
1766 3 2 1 1 1826 1945 1946 1827
1767 3 2 1 1 1827 1946 1947 1828
1768 3 2 1 1 1828 1947 1948 1829
1769 3 2 1 1 1829 1948 1949 1830
1770 3 2 1 1 1830 1949 1950 1831
1771 3 2 1 1 1831 1950 1951 1832
1772 3 2 1 1 1832 1951 1952 1833
1773 3 2 1 1 1833 1952 1953 1834
1774 3 2 1 1 1834 1953 1954 1835
1775 3 2 1 1 1835 1954 1955 1836
1776 3 2 1 1 1836 1955 36 37
1777 3 2 1 1 176 177 1956 1837
1778 3 2 1 1 1837 1956 1957 1838
1779 3 2 1 1 1838 1957 1958 1839
1780 3 2 1 1 1839 1958 1959 1840
1781 3 2 1 1 1840 1959 1960 1841
1782 3 2 1 1 1841 1960 1961 1842
1783 3 2 1 1 1842 1961 1962 1843
1784 3 2 1 1 1843 1962 1963 1844
1785 3 2 1 1 1844 1963 1964 1845
1786 3 2 1 1 1845 1964 1965 1846
1787 3 2 1 1 1846 1965 1966 1847
1788 3 2 1 1 1847 1966 1967 1848
1789 3 2 1 1 1848 1967 1968 1849
1790 3 2 1 1 1849 1968 1969 1850
1791 3 2 1 1 1850 1969 1970 1851
1792 3 2 1 1 1851 1970 1971 1852
1793 3 2 1 1 1852 1971 1972 1853
1794 3 2 1 1 1853 1972 1973 1854
1795 3 2 1 1 1854 1973 1974 1855
1796 3 2 1 1 1855 1974 1975 1856
1797 3 2 1 1 1856 1975 1976 1857
1798 3 2 1 1 1857 1976 1977 1858
1799 3 2 1 1 1858 1977 1978 1859
1800 3 2 1 1 1859 1978 1979 1860
1801 3 2 1 1 1860 1979 1980 1861
1802 3 2 1 1 1861 1980 1981 1862
1803 3 2 1 1 1862 1981 1982 1863
1804 3 2 1 1 1863 1982 1983 1864
1805 3 2 1 1 1864 1983 1984 1865
1806 3 2 1 1 1865 1984 1985 1866
1807 3 2 1 1 1866 1985 1986 1867
1808 3 2 1 1 1867 1986 1987 1868
1809 3 2 1 1 1868 1987 1988 1869
1810 3 2 1 1 1869 1988 1989 1870
1811 3 2 1 1 1870 1989 1990 1871
1812 3 2 1 1 1871 1990 1991 1872
1813 3 2 1 1 1872 1991 1992 1873
1814 3 2 1 1 1873 1992 1993 1874
1815 3 2 1 1 1874 1993 1994 1875
1816 3 2 1 1 1875 1994 1995 1876
1817 3 2 1 1 1876 1995 1996 1877
1818 3 2 1 1 1877 1996 1997 1878
1819 3 2 1 1 1878 1997 1998 1879
1820 3 2 1 1 1879 1998 1999 1880
1821 3 2 1 1 1880 1999 2000 1881
1822 3 2 1 1 1881 2000 2001 1882
1823 3 2 1 1 1882 2001 2002 1883
1824 3 2 1 1 1883 2002 2003 1884
1825 3 2 1 1 1884 2003 2004 1885
1826 3 2 1 1 1885 2004 2005 1886
1827 3 2 1 1 1886 2005 2006 1887
1828 3 2 1 1 1887 2006 2007 1888
1829 3 2 1 1 1888 2007 2008 1889
1830 3 2 1 1 1889 2008 2009 1890
1831 3 2 1 1 1890 2009 2010 1891
1832 3 2 1 1 1891 2010 2011 1892
1833 3 2 1 1 1892 2011 2012 1893
1834 3 2 1 1 1893 2012 2013 1894
1835 3 2 1 1 1894 2013 2014 1895
1836 3 2 1 1 1895 2014 2015 1896
1837 3 2 1 1 1896 2015 2016 1897
1838 3 2 1 1 1897 2016 2017 1898
1839 3 2 1 1 1898 2017 2018 1899
1840 3 2 1 1 1899 2018 2019 1900
1841 3 2 1 1 1900 2019 2020 1901
1842 3 2 1 1 1901 2020 2021 1902
1843 3 2 1 1 1902 2021 2022 1903
1844 3 2 1 1 1903 2022 2023 1904
1845 3 2 1 1 1904 2023 2024 1905
1846 3 2 1 1 1905 2024 2025 1906
1847 3 2 1 1 1906 2025 2026 1907
1848 3 2 1 1 1907 2026 2027 1908
1849 3 2 1 1 1908 2027 2028 1909
1850 3 2 1 1 1909 2028 2029 1910
1851 3 2 1 1 1910 2029 2030 1911
1852 3 2 1 1 1911 2030 2031 1912
1853 3 2 1 1 1912 2031 2032 1913
1854 3 2 1 1 1913 2032 2033 1914
1855 3 2 1 1 1914 2033 2034 1915
1856 3 2 1 1 1915 2034 2035 1916
1857 3 2 1 1 1916 2035 2036 1917
1858 3 2 1 1 1917 2036 2037 1918
1859 3 2 1 1 1918 2037 2038 1919
1860 3 2 1 1 1919 2038 2039 1920
1861 3 2 1 1 1920 2039 2040 1921
1862 3 2 1 1 1921 2040 2041 1922
1863 3 2 1 1 1922 2041 2042 1923
1864 3 2 1 1 1923 2042 2043 1924
1865 3 2 1 1 1924 2043 2044 1925
1866 3 2 1 1 1925 2044 2045 1926
1867 3 2 1 1 1926 2045 2046 1927
1868 3 2 1 1 1927 2046 2047 1928
1869 3 2 1 1 1928 2047 2048 1929
1870 3 2 1 1 1929 2048 2049 1930
1871 3 2 1 1 1930 2049 2050 1931
1872 3 2 1 1 1931 2050 2051 1932
1873 3 2 1 1 1932 2051 2052 1933
1874 3 2 1 1 1933 2052 2053 1934
1875 3 2 1 1 1934 2053 2054 1935
1876 3 2 1 1 1935 2054 2055 1936
1877 3 2 1 1 1936 2055 2056 1937
1878 3 2 1 1 1937 2056 2057 1938
1879 3 2 1 1 1938 2057 2058 1939
1880 3 2 1 1 1939 2058 2059 1940
1881 3 2 1 1 1940 2059 2060 1941
1882 3 2 1 1 1941 2060 2061 1942
1883 3 2 1 1 1942 2061 2062 1943
1884 3 2 1 1 1943 2062 2063 1944
1885 3 2 1 1 1944 2063 2064 1945
1886 3 2 1 1 1945 2064 2065 1946
1887 3 2 1 1 1946 2065 2066 1947
1888 3 2 1 1 1947 2066 2067 1948
1889 3 2 1 1 1948 2067 2068 1949
1890 3 2 1 1 1949 2068 2069 1950
1891 3 2 1 1 1950 2069 2070 1951
1892 3 2 1 1 1951 2070 2071 1952
1893 3 2 1 1 1952 2071 2072 1953
1894 3 2 1 1 1953 2072 2073 1954
1895 3 2 1 1 1954 2073 2074 1955
1896 3 2 1 1 1955 2074 35 36
1897 3 2 1 1 177 178 2075 1956
1898 3 2 1 1 1956 2075 2076 1957
1899 3 2 1 1 1957 2076 2077 1958
1900 3 2 1 1 1958 2077 2078 1959
1901 3 2 1 1 1959 2078 2079 1960
1902 3 2 1 1 1960 2079 2080 1961
1903 3 2 1 1 1961 2080 2081 1962
1904 3 2 1 1 1962 2081 2082 1963
1905 3 2 1 1 1963 2082 2083 1964
1906 3 2 1 1 1964 2083 2084 1965
1907 3 2 1 1 1965 2084 2085 1966
1908 3 2 1 1 1966 2085 2086 1967
1909 3 2 1 1 1967 2086 2087 1968
1910 3 2 1 1 1968 2087 2088 1969
1911 3 2 1 1 1969 2088 2089 1970
1912 3 2 1 1 1970 2089 2090 1971
1913 3 2 1 1 1971 2090 2091 1972
1914 3 2 1 1 1972 2091 2092 1973
1915 3 2 1 1 1973 2092 2093 1974
1916 3 2 1 1 1974 2093 2094 1975
1917 3 2 1 1 1975 2094 2095 1976
1918 3 2 1 1 1976 2095 2096 1977
1919 3 2 1 1 1977 2096 2097 1978
1920 3 2 1 1 1978 2097 2098 1979
1921 3 2 1 1 1979 2098 2099 1980
1922 3 2 1 1 1980 2099 2100 1981
1923 3 2 1 1 1981 2100 2101 1982
1924 3 2 1 1 1982 2101 2102 1983
1925 3 2 1 1 1983 2102 2103 1984
1926 3 2 1 1 1984 2103 2104 1985
1927 3 2 1 1 1985 2104 2105 1986
1928 3 2 1 1 1986 2105 2106 1987
1929 3 2 1 1 1987 2106 2107 1988
1930 3 2 1 1 1988 2107 2108 1989
1931 3 2 1 1 1989 2108 2109 1990
1932 3 2 1 1 1990 2109 2110 1991
1933 3 2 1 1 1991 2110 2111 1992
1934 3 2 1 1 1992 2111 2112 1993
1935 3 2 1 1 1993 2112 2113 1994
1936 3 2 1 1 1994 2113 2114 1995
1937 3 2 1 1 1995 2114 2115 1996
1938 3 2 1 1 1996 2115 2116 1997
1939 3 2 1 1 1997 2116 2117 1998
1940 3 2 1 1 1998 2117 2118 1999
1941 3 2 1 1 1999 2118 2119 2000
1942 3 2 1 1 2000 2119 2120 2001
1943 3 2 1 1 2001 2120 2121 2002
1944 3 2 1 1 2002 2121 2122 2003
1945 3 2 1 1 2003 2122 2123 2004
1946 3 2 1 1 2004 2123 2124 2005
1947 3 2 1 1 2005 2124 2125 2006
1948 3 2 1 1 2006 2125 2126 2007
1949 3 2 1 1 2007 2126 2127 2008
1950 3 2 1 1 2008 2127 2128 2009
1951 3 2 1 1 2009 2128 2129 2010
1952 3 2 1 1 2010 2129 2130 2011
1953 3 2 1 1 2011 2130 2131 2012
1954 3 2 1 1 2012 2131 2132 2013
1955 3 2 1 1 2013 2132 2133 2014
1956 3 2 1 1 2014 2133 2134 2015
1957 3 2 1 1 2015 2134 2135 2016
1958 3 2 1 1 2016 2135 2136 2017
1959 3 2 1 1 2017 2136 2137 2018
1960 3 2 1 1 2018 2137 2138 2019
1961 3 2 1 1 2019 2138 2139 2020
1962 3 2 1 1 2020 2139 2140 2021
1963 3 2 1 1 2021 2140 2141 2022
1964 3 2 1 1 2022 2141 2142 2023
1965 3 2 1 1 2023 2142 2143 2024
1966 3 2 1 1 2024 2143 2144 2025
1967 3 2 1 1 2025 2144 2145 2026
1968 3 2 1 1 2026 2145 2146 2027
1969 3 2 1 1 2027 2146 2147 2028
1970 3 2 1 1 2028 2147 2148 2029
1971 3 2 1 1 2029 2148 2149 2030
1972 3 2 1 1 2030 2149 2150 2031
1973 3 2 1 1 2031 2150 2151 2032
1974 3 2 1 1 2032 2151 2152 2033
1975 3 2 1 1 2033 2152 2153 2034
1976 3 2 1 1 2034 2153 2154 2035
1977 3 2 1 1 2035 2154 2155 2036
1978 3 2 1 1 2036 2155 2156 2037
1979 3 2 1 1 2037 2156 2157 2038
1980 3 2 1 1 2038 2157 2158 2039
1981 3 2 1 1 2039 2158 2159 2040
1982 3 2 1 1 2040 2159 2160 2041
1983 3 2 1 1 2041 2160 2161 2042
1984 3 2 1 1 2042 2161 2162 2043
1985 3 2 1 1 2043 2162 2163 2044
1986 3 2 1 1 2044 2163 2164 2045
1987 3 2 1 1 2045 2164 2165 2046
1988 3 2 1 1 2046 2165 2166 2047
1989 3 2 1 1 2047 2166 2167 2048
1990 3 2 1 1 2048 2167 2168 2049
1991 3 2 1 1 2049 2168 2169 2050
1992 3 2 1 1 2050 2169 2170 2051
1993 3 2 1 1 2051 2170 2171 2052
1994 3 2 1 1 2052 2171 2172 2053
1995 3 2 1 1 2053 2172 2173 2054
1996 3 2 1 1 2054 2173 2174 2055
1997 3 2 1 1 2055 2174 2175 2056
1998 3 2 1 1 2056 2175 2176 2057
1999 3 2 1 1 2057 2176 2177 2058
2000 3 2 1 1 2058 2177 2178 2059
2001 3 2 1 1 2059 2178 2179 2060
2002 3 2 1 1 2060 2179 2180 2061
2003 3 2 1 1 2061 2180 2181 2062
2004 3 2 1 1 2062 2181 2182 2063
2005 3 2 1 1 2063 2182 2183 2064
2006 3 2 1 1 2064 2183 2184 2065
2007 3 2 1 1 2065 2184 2185 2066
2008 3 2 1 1 2066 2185 2186 2067
2009 3 2 1 1 2067 2186 2187 2068
2010 3 2 1 1 2068 2187 2188 2069
2011 3 2 1 1 2069 2188 2189 2070
2012 3 2 1 1 2070 2189 2190 2071
2013 3 2 1 1 2071 2190 2191 2072
2014 3 2 1 1 2072 2191 2192 2073
2015 3 2 1 1 2073 2192 2193 2074
2016 3 2 1 1 2074 2193 34 35
2017 3 2 1 1 178 179 2194 2075
2018 3 2 1 1 2075 2194 2195 2076
2019 3 2 1 1 2076 2195 2196 2077
2020 3 2 1 1 2077 2196 2197 2078
2021 3 2 1 1 2078 2197 2198 2079
2022 3 2 1 1 2079 2198 2199 2080
2023 3 2 1 1 2080 2199 2200 2081
2024 3 2 1 1 2081 2200 2201 2082
2025 3 2 1 1 2082 2201 2202 2083
2026 3 2 1 1 2083 2202 2203 2084
2027 3 2 1 1 2084 2203 2204 2085
2028 3 2 1 1 2085 2204 2205 2086
2029 3 2 1 1 2086 2205 2206 2087
2030 3 2 1 1 2087 2206 2207 2088
2031 3 2 1 1 2088 2207 2208 2089
2032 3 2 1 1 2089 2208 2209 2090
2033 3 2 1 1 2090 2209 2210 2091
2034 3 2 1 1 2091 2210 2211 2092
2035 3 2 1 1 2092 2211 2212 2093
2036 3 2 1 1 2093 2212 2213 2094
2037 3 2 1 1 2094 2213 2214 2095
2038 3 2 1 1 2095 2214 2215 2096
2039 3 2 1 1 2096 2215 2216 2097
2040 3 2 1 1 2097 2216 2217 2098
2041 3 2 1 1 2098 2217 2218 2099
2042 3 2 1 1 2099 2218 2219 2100
2043 3 2 1 1 2100 2219 2220 2101
2044 3 2 1 1 2101 2220 2221 2102
2045 3 2 1 1 2102 2221 2222 2103
2046 3 2 1 1 2103 2222 2223 2104
2047 3 2 1 1 2104 2223 2224 2105
2048 3 2 1 1 2105 2224 2225 2106
2049 3 2 1 1 2106 2225 2226 2107
2050 3 2 1 1 2107 2226 2227 2108
2051 3 2 1 1 2108 2227 2228 2109
2052 3 2 1 1 2109 2228 2229 2110
2053 3 2 1 1 2110 2229 2230 2111
2054 3 2 1 1 2111 2230 2231 2112
2055 3 2 1 1 2112 2231 2232 2113
2056 3 2 1 1 2113 2232 2233 2114
2057 3 2 1 1 2114 2233 2234 2115
2058 3 2 1 1 2115 2234 2235 2116
2059 3 2 1 1 2116 2235 2236 2117
2060 3 2 1 1 2117 2236 2237 2118
2061 3 2 1 1 2118 2237 2238 2119
2062 3 2 1 1 2119 2238 2239 2120
2063 3 2 1 1 2120 2239 2240 2121
2064 3 2 1 1 2121 2240 2241 2122
2065 3 2 1 1 2122 2241 2242 2123
2066 3 2 1 1 2123 2242 2243 2124
2067 3 2 1 1 2124 2243 2244 2125
2068 3 2 1 1 2125 2244 2245 2126
2069 3 2 1 1 2126 2245 2246 2127
2070 3 2 1 1 2127 2246 2247 2128
2071 3 2 1 1 2128 2247 2248 2129
2072 3 2 1 1 2129 2248 2249 2130
2073 3 2 1 1 2130 2249 2250 2131
2074 3 2 1 1 2131 2250 2251 2132
2075 3 2 1 1 2132 2251 2252 2133
2076 3 2 1 1 2133 2252 2253 2134
2077 3 2 1 1 2134 2253 2254 2135
2078 3 2 1 1 2135 2254 2255 2136
2079 3 2 1 1 2136 2255 2256 2137
2080 3 2 1 1 2137 2256 2257 2138
2081 3 2 1 1 2138 2257 2258 2139
2082 3 2 1 1 2139 2258 2259 2140
2083 3 2 1 1 2140 2259 2260 2141
2084 3 2 1 1 2141 2260 2261 2142
2085 3 2 1 1 2142 2261 2262 2143
2086 3 2 1 1 2143 2262 2263 2144
2087 3 2 1 1 2144 2263 2264 2145
2088 3 2 1 1 2145 2264 2265 2146
2089 3 2 1 1 2146 2265 2266 2147
2090 3 2 1 1 2147 2266 2267 2148
2091 3 2 1 1 2148 2267 2268 2149
2092 3 2 1 1 2149 2268 2269 2150
2093 3 2 1 1 2150 2269 2270 2151
2094 3 2 1 1 2151 2270 2271 2152
2095 3 2 1 1 2152 2271 2272 2153
2096 3 2 1 1 2153 2272 2273 2154
2097 3 2 1 1 2154 2273 2274 2155
2098 3 2 1 1 2155 2274 2275 2156
2099 3 2 1 1 2156 2275 2276 2157
2100 3 2 1 1 2157 2276 2277 2158
2101 3 2 1 1 2158 2277 2278 2159
2102 3 2 1 1 2159 2278 2279 2160
2103 3 2 1 1 2160 2279 2280 2161
2104 3 2 1 1 2161 2280 2281 2162
2105 3 2 1 1 2162 2281 2282 2163
2106 3 2 1 1 2163 2282 2283 2164
2107 3 2 1 1 2164 2283 2284 2165
2108 3 2 1 1 2165 2284 2285 2166
2109 3 2 1 1 2166 2285 2286 2167
2110 3 2 1 1 2167 2286 2287 2168
2111 3 2 1 1 2168 2287 2288 2169
2112 3 2 1 1 2169 2288 2289 2170
2113 3 2 1 1 2170 2289 2290 2171
2114 3 2 1 1 2171 2290 2291 2172
2115 3 2 1 1 2172 2291 2292 2173
2116 3 2 1 1 2173 2292 2293 2174
2117 3 2 1 1 2174 2293 2294 2175
2118 3 2 1 1 2175 2294 2295 2176
2119 3 2 1 1 2176 2295 2296 2177
2120 3 2 1 1 2177 2296 2297 2178
2121 3 2 1 1 2178 2297 2298 2179
2122 3 2 1 1 2179 2298 2299 2180
2123 3 2 1 1 2180 2299 2300 2181
2124 3 2 1 1 2181 2300 2301 2182
2125 3 2 1 1 2182 2301 2302 2183
2126 3 2 1 1 2183 2302 2303 2184
2127 3 2 1 1 2184 2303 2304 2185
2128 3 2 1 1 2185 2304 2305 2186
2129 3 2 1 1 2186 2305 2306 2187
2130 3 2 1 1 2187 2306 2307 2188
2131 3 2 1 1 2188 2307 2308 2189
2132 3 2 1 1 2189 2308 2309 2190
2133 3 2 1 1 2190 2309 2310 2191
2134 3 2 1 1 2191 2310 2311 2192
2135 3 2 1 1 2192 2311 2312 2193
2136 3 2 1 1 2193 2312 33 34
2137 3 2 1 1 179 180 2313 2194
2138 3 2 1 1 2194 2313 2314 2195
2139 3 2 1 1 2195 2314 2315 2196
2140 3 2 1 1 2196 2315 2316 2197
2141 3 2 1 1 2197 2316 2317 2198
2142 3 2 1 1 2198 2317 2318 2199
2143 3 2 1 1 2199 2318 2319 2200
2144 3 2 1 1 2200 2319 2320 2201
2145 3 2 1 1 2201 2320 2321 2202
2146 3 2 1 1 2202 2321 2322 2203
2147 3 2 1 1 2203 2322 2323 2204
2148 3 2 1 1 2204 2323 2324 2205
2149 3 2 1 1 2205 2324 2325 2206
2150 3 2 1 1 2206 2325 2326 2207
2151 3 2 1 1 2207 2326 2327 2208
2152 3 2 1 1 2208 2327 2328 2209
2153 3 2 1 1 2209 2328 2329 2210
2154 3 2 1 1 2210 2329 2330 2211
2155 3 2 1 1 2211 2330 2331 2212
2156 3 2 1 1 2212 2331 2332 2213
2157 3 2 1 1 2213 2332 2333 2214
2158 3 2 1 1 2214 2333 2334 2215
2159 3 2 1 1 2215 2334 2335 2216
2160 3 2 1 1 2216 2335 2336 2217
2161 3 2 1 1 2217 2336 2337 2218
2162 3 2 1 1 2218 2337 2338 2219
2163 3 2 1 1 2219 2338 2339 2220
2164 3 2 1 1 2220 2339 2340 2221
2165 3 2 1 1 2221 2340 2341 2222
2166 3 2 1 1 2222 2341 2342 2223
2167 3 2 1 1 2223 2342 2343 2224
2168 3 2 1 1 2224 2343 2344 2225
2169 3 2 1 1 2225 2344 2345 2226
2170 3 2 1 1 2226 2345 2346 2227
2171 3 2 1 1 2227 2346 2347 2228
2172 3 2 1 1 2228 2347 2348 2229
2173 3 2 1 1 2229 2348 2349 2230
2174 3 2 1 1 2230 2349 2350 2231
2175 3 2 1 1 2231 2350 2351 2232
2176 3 2 1 1 2232 2351 2352 2233
2177 3 2 1 1 2233 2352 2353 2234
2178 3 2 1 1 2234 2353 2354 2235
2179 3 2 1 1 2235 2354 2355 2236
2180 3 2 1 1 2236 2355 2356 2237
2181 3 2 1 1 2237 2356 2357 2238
2182 3 2 1 1 2238 2357 2358 2239
2183 3 2 1 1 2239 2358 2359 2240
2184 3 2 1 1 2240 2359 2360 2241
2185 3 2 1 1 2241 2360 2361 2242
2186 3 2 1 1 2242 2361 2362 2243
2187 3 2 1 1 2243 2362 2363 2244
2188 3 2 1 1 2244 2363 2364 2245
2189 3 2 1 1 2245 2364 2365 2246
2190 3 2 1 1 2246 2365 2366 2247
2191 3 2 1 1 2247 2366 2367 2248
2192 3 2 1 1 2248 2367 2368 2249
2193 3 2 1 1 2249 2368 2369 2250
2194 3 2 1 1 2250 2369 2370 2251
2195 3 2 1 1 2251 2370 2371 2252
2196 3 2 1 1 2252 2371 2372 2253
2197 3 2 1 1 2253 2372 2373 2254
2198 3 2 1 1 2254 2373 2374 2255
2199 3 2 1 1 2255 2374 2375 2256
2200 3 2 1 1 2256 2375 2376 2257
2201 3 2 1 1 2257 2376 2377 2258
2202 3 2 1 1 2258 2377 2378 2259
2203 3 2 1 1 2259 2378 2379 2260
2204 3 2 1 1 2260 2379 2380 2261
2205 3 2 1 1 2261 2380 2381 2262
2206 3 2 1 1 2262 2381 2382 2263
2207 3 2 1 1 2263 2382 2383 2264
2208 3 2 1 1 2264 2383 2384 2265
2209 3 2 1 1 2265 2384 2385 2266
2210 3 2 1 1 2266 2385 2386 2267
2211 3 2 1 1 2267 2386 2387 2268
2212 3 2 1 1 2268 2387 2388 2269
2213 3 2 1 1 2269 2388 2389 2270
2214 3 2 1 1 2270 2389 2390 2271
2215 3 2 1 1 2271 2390 2391 2272
2216 3 2 1 1 2272 2391 2392 2273
2217 3 2 1 1 2273 2392 2393 2274
2218 3 2 1 1 2274 2393 2394 2275
2219 3 2 1 1 2275 2394 2395 2276
2220 3 2 1 1 2276 2395 2396 2277
2221 3 2 1 1 2277 2396 2397 2278
2222 3 2 1 1 2278 2397 2398 2279
2223 3 2 1 1 2279 2398 2399 2280
2224 3 2 1 1 2280 2399 2400 2281
2225 3 2 1 1 2281 2400 2401 2282
2226 3 2 1 1 2282 2401 2402 2283
2227 3 2 1 1 2283 2402 2403 2284
2228 3 2 1 1 2284 2403 2404 2285
2229 3 2 1 1 2285 2404 2405 2286
2230 3 2 1 1 2286 2405 2406 2287
2231 3 2 1 1 2287 2406 2407 2288
2232 3 2 1 1 2288 2407 2408 2289
2233 3 2 1 1 2289 2408 2409 2290
2234 3 2 1 1 2290 2409 2410 2291
2235 3 2 1 1 2291 2410 2411 2292
2236 3 2 1 1 2292 2411 2412 2293
2237 3 2 1 1 2293 2412 2413 2294
2238 3 2 1 1 2294 2413 2414 2295
2239 3 2 1 1 2295 2414 2415 2296
2240 3 2 1 1 2296 2415 2416 2297
2241 3 2 1 1 2297 2416 2417 2298
2242 3 2 1 1 2298 2417 2418 2299
2243 3 2 1 1 2299 2418 2419 2300
2244 3 2 1 1 2300 2419 2420 2301
2245 3 2 1 1 2301 2420 2421 2302
2246 3 2 1 1 2302 2421 2422 2303
2247 3 2 1 1 2303 2422 2423 2304
2248 3 2 1 1 2304 2423 2424 2305
2249 3 2 1 1 2305 2424 2425 2306
2250 3 2 1 1 2306 2425 2426 2307
2251 3 2 1 1 2307 2426 2427 2308
2252 3 2 1 1 2308 2427 2428 2309
2253 3 2 1 1 2309 2428 2429 2310
2254 3 2 1 1 2310 2429 2430 2311
2255 3 2 1 1 2311 2430 2431 2312
2256 3 2 1 1 2312 2431 32 33
2257 3 2 1 1 180 181 2432 2313
2258 3 2 1 1 2313 2432 2433 2314
2259 3 2 1 1 2314 2433 2434 2315
2260 3 2 1 1 2315 2434 2435 2316
2261 3 2 1 1 2316 2435 2436 2317
2262 3 2 1 1 2317 2436 2437 2318
2263 3 2 1 1 2318 2437 2438 2319
2264 3 2 1 1 2319 2438 2439 2320
2265 3 2 1 1 2320 2439 2440 2321
2266 3 2 1 1 2321 2440 2441 2322
2267 3 2 1 1 2322 2441 2442 2323
2268 3 2 1 1 2323 2442 2443 2324
2269 3 2 1 1 2324 2443 2444 2325
2270 3 2 1 1 2325 2444 2445 2326
2271 3 2 1 1 2326 2445 2446 2327
2272 3 2 1 1 2327 2446 2447 2328
2273 3 2 1 1 2328 2447 2448 2329
2274 3 2 1 1 2329 2448 2449 2330
2275 3 2 1 1 2330 2449 2450 2331
2276 3 2 1 1 2331 2450 2451 2332
2277 3 2 1 1 2332 2451 2452 2333
2278 3 2 1 1 2333 2452 2453 2334
2279 3 2 1 1 2334 2453 2454 2335
2280 3 2 1 1 2335 2454 2455 2336
2281 3 2 1 1 2336 2455 2456 2337
2282 3 2 1 1 2337 2456 2457 2338
2283 3 2 1 1 2338 2457 2458 2339
2284 3 2 1 1 2339 2458 2459 2340
2285 3 2 1 1 2340 2459 2460 2341
2286 3 2 1 1 2341 2460 2461 2342
2287 3 2 1 1 2342 2461 2462 2343
2288 3 2 1 1 2343 2462 2463 2344
2289 3 2 1 1 2344 2463 2464 2345
2290 3 2 1 1 2345 2464 2465 2346
2291 3 2 1 1 2346 2465 2466 2347
2292 3 2 1 1 2347 2466 2467 2348
2293 3 2 1 1 2348 2467 2468 2349
2294 3 2 1 1 2349 2468 2469 2350
2295 3 2 1 1 2350 2469 2470 2351
2296 3 2 1 1 2351 2470 2471 2352
2297 3 2 1 1 2352 2471 2472 2353
2298 3 2 1 1 2353 2472 2473 2354
2299 3 2 1 1 2354 2473 2474 2355
2300 3 2 1 1 2355 2474 2475 2356
2301 3 2 1 1 2356 2475 2476 2357
2302 3 2 1 1 2357 2476 2477 2358
2303 3 2 1 1 2358 2477 2478 2359
2304 3 2 1 1 2359 2478 2479 2360
2305 3 2 1 1 2360 2479 2480 2361
2306 3 2 1 1 2361 2480 2481 2362
2307 3 2 1 1 2362 2481 2482 2363
2308 3 2 1 1 2363 2482 2483 2364
2309 3 2 1 1 2364 2483 2484 2365
2310 3 2 1 1 2365 2484 2485 2366
2311 3 2 1 1 2366 2485 2486 2367
2312 3 2 1 1 2367 2486 2487 2368
2313 3 2 1 1 2368 2487 2488 2369
2314 3 2 1 1 2369 2488 2489 2370
2315 3 2 1 1 2370 2489 2490 2371
2316 3 2 1 1 2371 2490 2491 2372
2317 3 2 1 1 2372 2491 2492 2373
2318 3 2 1 1 2373 2492 2493 2374
2319 3 2 1 1 2374 2493 2494 2375
2320 3 2 1 1 2375 2494 2495 2376
2321 3 2 1 1 2376 2495 2496 2377
2322 3 2 1 1 2377 2496 2497 2378
2323 3 2 1 1 2378 2497 2498 2379
2324 3 2 1 1 2379 2498 2499 2380
2325 3 2 1 1 2380 2499 2500 2381
2326 3 2 1 1 2381 2500 2501 2382
2327 3 2 1 1 2382 2501 2502 2383
2328 3 2 1 1 2383 2502 2503 2384
2329 3 2 1 1 2384 2503 2504 2385
2330 3 2 1 1 2385 2504 2505 2386
2331 3 2 1 1 2386 2505 2506 2387
2332 3 2 1 1 2387 2506 2507 2388
2333 3 2 1 1 2388 2507 2508 2389
2334 3 2 1 1 2389 2508 2509 2390
2335 3 2 1 1 2390 2509 2510 2391
2336 3 2 1 1 2391 2510 2511 2392
2337 3 2 1 1 2392 2511 2512 2393
2338 3 2 1 1 2393 2512 2513 2394
2339 3 2 1 1 2394 2513 2514 2395
2340 3 2 1 1 2395 2514 2515 2396
2341 3 2 1 1 2396 2515 2516 2397
2342 3 2 1 1 2397 2516 2517 2398
2343 3 2 1 1 2398 2517 2518 2399
2344 3 2 1 1 2399 2518 2519 2400
2345 3 2 1 1 2400 2519 2520 2401
2346 3 2 1 1 2401 2520 2521 2402
2347 3 2 1 1 2402 2521 2522 2403
2348 3 2 1 1 2403 2522 2523 2404
2349 3 2 1 1 2404 2523 2524 2405
2350 3 2 1 1 2405 2524 2525 2406
2351 3 2 1 1 2406 2525 2526 2407
2352 3 2 1 1 2407 2526 2527 2408
2353 3 2 1 1 2408 2527 2528 2409
2354 3 2 1 1 2409 2528 2529 2410
2355 3 2 1 1 2410 2529 2530 2411
2356 3 2 1 1 2411 2530 2531 2412
2357 3 2 1 1 2412 2531 2532 2413
2358 3 2 1 1 2413 2532 2533 2414
2359 3 2 1 1 2414 2533 2534 2415
2360 3 2 1 1 2415 2534 2535 2416
2361 3 2 1 1 2416 2535 2536 2417
2362 3 2 1 1 2417 2536 2537 2418
2363 3 2 1 1 2418 2537 2538 2419
2364 3 2 1 1 2419 2538 2539 2420
2365 3 2 1 1 2420 2539 2540 2421
2366 3 2 1 1 2421 2540 2541 2422
2367 3 2 1 1 2422 2541 2542 2423
2368 3 2 1 1 2423 2542 2543 2424
2369 3 2 1 1 2424 2543 2544 2425
2370 3 2 1 1 2425 2544 2545 2426
2371 3 2 1 1 2426 2545 2546 2427
2372 3 2 1 1 2427 2546 2547 2428
2373 3 2 1 1 2428 2547 2548 2429
2374 3 2 1 1 2429 2548 2549 2430
2375 3 2 1 1 2430 2549 2550 2431
2376 3 2 1 1 2431 2550 31 32
2377 3 2 1 1 181 182 2551 2432
2378 3 2 1 1 2432 2551 2552 2433
2379 3 2 1 1 2433 2552 2553 2434
2380 3 2 1 1 2434 2553 2554 2435
2381 3 2 1 1 2435 2554 2555 2436
2382 3 2 1 1 2436 2555 2556 2437
2383 3 2 1 1 2437 2556 2557 2438
2384 3 2 1 1 2438 2557 2558 2439
2385 3 2 1 1 2439 2558 2559 2440
2386 3 2 1 1 2440 2559 2560 2441
2387 3 2 1 1 2441 2560 2561 2442
2388 3 2 1 1 2442 2561 2562 2443
2389 3 2 1 1 2443 2562 2563 2444
2390 3 2 1 1 2444 2563 2564 2445
2391 3 2 1 1 2445 2564 2565 2446
2392 3 2 1 1 2446 2565 2566 2447
2393 3 2 1 1 2447 2566 2567 2448
2394 3 2 1 1 2448 2567 2568 2449
2395 3 2 1 1 2449 2568 2569 2450
2396 3 2 1 1 2450 2569 2570 2451
2397 3 2 1 1 2451 2570 2571 2452
2398 3 2 1 1 2452 2571 2572 2453
2399 3 2 1 1 2453 2572 2573 2454
2400 3 2 1 1 2454 2573 2574 2455
2401 3 2 1 1 2455 2574 2575 2456
2402 3 2 1 1 2456 2575 2576 2457
2403 3 2 1 1 2457 2576 2577 2458
2404 3 2 1 1 2458 2577 2578 2459
2405 3 2 1 1 2459 2578 2579 2460
2406 3 2 1 1 2460 2579 2580 2461
2407 3 2 1 1 2461 2580 2581 2462
2408 3 2 1 1 2462 2581 2582 2463
2409 3 2 1 1 2463 2582 2583 2464
2410 3 2 1 1 2464 2583 2584 2465
2411 3 2 1 1 2465 2584 2585 2466
2412 3 2 1 1 2466 2585 2586 2467
2413 3 2 1 1 2467 2586 2587 2468
2414 3 2 1 1 2468 2587 2588 2469
2415 3 2 1 1 2469 2588 2589 2470
2416 3 2 1 1 2470 2589 2590 2471
2417 3 2 1 1 2471 2590 2591 2472
2418 3 2 1 1 2472 2591 2592 2473
2419 3 2 1 1 2473 2592 2593 2474
2420 3 2 1 1 2474 2593 2594 2475
2421 3 2 1 1 2475 2594 2595 2476
2422 3 2 1 1 2476 2595 2596 2477
2423 3 2 1 1 2477 2596 2597 2478
2424 3 2 1 1 2478 2597 2598 2479
2425 3 2 1 1 2479 2598 2599 2480
2426 3 2 1 1 2480 2599 2600 2481
2427 3 2 1 1 2481 2600 2601 2482
2428 3 2 1 1 2482 2601 2602 2483
2429 3 2 1 1 2483 2602 2603 2484
2430 3 2 1 1 2484 2603 2604 2485
2431 3 2 1 1 2485 2604 2605 2486
2432 3 2 1 1 2486 2605 2606 2487
2433 3 2 1 1 2487 2606 2607 2488
2434 3 2 1 1 2488 2607 2608 2489
2435 3 2 1 1 2489 2608 2609 2490
2436 3 2 1 1 2490 2609 2610 2491
2437 3 2 1 1 2491 2610 2611 2492
2438 3 2 1 1 2492 2611 2612 2493
2439 3 2 1 1 2493 2612 2613 2494
2440 3 2 1 1 2494 2613 2614 2495
2441 3 2 1 1 2495 2614 2615 2496
2442 3 2 1 1 2496 2615 2616 2497
2443 3 2 1 1 2497 2616 2617 2498
2444 3 2 1 1 2498 2617 2618 2499
2445 3 2 1 1 2499 2618 2619 2500
2446 3 2 1 1 2500 2619 2620 2501
2447 3 2 1 1 2501 2620 2621 2502
2448 3 2 1 1 2502 2621 2622 2503
2449 3 2 1 1 2503 2622 2623 2504
2450 3 2 1 1 2504 2623 2624 2505
2451 3 2 1 1 2505 2624 2625 2506
2452 3 2 1 1 2506 2625 2626 2507
2453 3 2 1 1 2507 2626 2627 2508
2454 3 2 1 1 2508 2627 2628 2509
2455 3 2 1 1 2509 2628 2629 2510
2456 3 2 1 1 2510 2629 2630 2511
2457 3 2 1 1 2511 2630 2631 2512
2458 3 2 1 1 2512 2631 2632 2513
2459 3 2 1 1 2513 2632 2633 2514
2460 3 2 1 1 2514 2633 2634 2515
2461 3 2 1 1 2515 2634 2635 2516
2462 3 2 1 1 2516 2635 2636 2517
2463 3 2 1 1 2517 2636 2637 2518
2464 3 2 1 1 2518 2637 2638 2519
2465 3 2 1 1 2519 2638 2639 2520
2466 3 2 1 1 2520 2639 2640 2521
2467 3 2 1 1 2521 2640 2641 2522
2468 3 2 1 1 2522 2641 2642 2523
2469 3 2 1 1 2523 2642 2643 2524
2470 3 2 1 1 2524 2643 2644 2525
2471 3 2 1 1 2525 2644 2645 2526
2472 3 2 1 1 2526 2645 2646 2527
2473 3 2 1 1 2527 2646 2647 2528
2474 3 2 1 1 2528 2647 2648 2529
2475 3 2 1 1 2529 2648 2649 2530
2476 3 2 1 1 2530 2649 2650 2531
2477 3 2 1 1 2531 2650 2651 2532
2478 3 2 1 1 2532 2651 2652 2533
2479 3 2 1 1 2533 2652 2653 2534
2480 3 2 1 1 2534 2653 2654 2535
2481 3 2 1 1 2535 2654 2655 2536
2482 3 2 1 1 2536 2655 2656 2537
2483 3 2 1 1 2537 2656 2657 2538
2484 3 2 1 1 2538 2657 2658 2539
2485 3 2 1 1 2539 2658 2659 2540
2486 3 2 1 1 2540 2659 2660 2541
2487 3 2 1 1 2541 2660 2661 2542
2488 3 2 1 1 2542 2661 2662 2543
2489 3 2 1 1 2543 2662 2663 2544
2490 3 2 1 1 2544 2663 2664 2545
2491 3 2 1 1 2545 2664 2665 2546
2492 3 2 1 1 2546 2665 2666 2547
2493 3 2 1 1 2547 2666 2667 2548
2494 3 2 1 1 2548 2667 2668 2549
2495 3 2 1 1 2549 2668 2669 2550
2496 3 2 1 1 2550 2669 30 31
2497 3 2 1 1 182 183 2670 2551
2498 3 2 1 1 2551 2670 2671 2552
2499 3 2 1 1 2552 2671 2672 2553
2500 3 2 1 1 2553 2672 2673 2554
2501 3 2 1 1 2554 2673 2674 2555
2502 3 2 1 1 2555 2674 2675 2556
2503 3 2 1 1 2556 2675 2676 2557
2504 3 2 1 1 2557 2676 2677 2558
2505 3 2 1 1 2558 2677 2678 2559
2506 3 2 1 1 2559 2678 2679 2560
2507 3 2 1 1 2560 2679 2680 2561
2508 3 2 1 1 2561 2680 2681 2562
2509 3 2 1 1 2562 2681 2682 2563
2510 3 2 1 1 2563 2682 2683 2564
2511 3 2 1 1 2564 2683 2684 2565
2512 3 2 1 1 2565 2684 2685 2566
2513 3 2 1 1 2566 2685 2686 2567
2514 3 2 1 1 2567 2686 2687 2568
2515 3 2 1 1 2568 2687 2688 2569
2516 3 2 1 1 2569 2688 2689 2570
2517 3 2 1 1 2570 2689 2690 2571
2518 3 2 1 1 2571 2690 2691 2572
2519 3 2 1 1 2572 2691 2692 2573
2520 3 2 1 1 2573 2692 2693 2574
2521 3 2 1 1 2574 2693 2694 2575
2522 3 2 1 1 2575 2694 2695 2576
2523 3 2 1 1 2576 2695 2696 2577
2524 3 2 1 1 2577 2696 2697 2578
2525 3 2 1 1 2578 2697 2698 2579
2526 3 2 1 1 2579 2698 2699 2580
2527 3 2 1 1 2580 2699 2700 2581
2528 3 2 1 1 2581 2700 2701 2582
2529 3 2 1 1 2582 2701 2702 2583
2530 3 2 1 1 2583 2702 2703 2584
2531 3 2 1 1 2584 2703 2704 2585
2532 3 2 1 1 2585 2704 2705 2586
2533 3 2 1 1 2586 2705 2706 2587
2534 3 2 1 1 2587 2706 2707 2588
2535 3 2 1 1 2588 2707 2708 2589
2536 3 2 1 1 2589 2708 2709 2590
2537 3 2 1 1 2590 2709 2710 2591
2538 3 2 1 1 2591 2710 2711 2592
2539 3 2 1 1 2592 2711 2712 2593
2540 3 2 1 1 2593 2712 2713 2594
2541 3 2 1 1 2594 2713 2714 2595
2542 3 2 1 1 2595 2714 2715 2596
2543 3 2 1 1 2596 2715 2716 2597
2544 3 2 1 1 2597 2716 2717 2598
2545 3 2 1 1 2598 2717 2718 2599
2546 3 2 1 1 2599 2718 2719 2600
2547 3 2 1 1 2600 2719 2720 2601
2548 3 2 1 1 2601 2720 2721 2602
2549 3 2 1 1 2602 2721 2722 2603
2550 3 2 1 1 2603 2722 2723 2604
2551 3 2 1 1 2604 2723 2724 2605
2552 3 2 1 1 2605 2724 2725 2606
2553 3 2 1 1 2606 2725 2726 2607
2554 3 2 1 1 2607 2726 2727 2608
2555 3 2 1 1 2608 2727 2728 2609
2556 3 2 1 1 2609 2728 2729 2610
2557 3 2 1 1 2610 2729 2730 2611
2558 3 2 1 1 2611 2730 2731 2612
2559 3 2 1 1 2612 2731 2732 2613
2560 3 2 1 1 2613 2732 2733 2614
2561 3 2 1 1 2614 2733 2734 2615
2562 3 2 1 1 2615 2734 2735 2616
2563 3 2 1 1 2616 2735 2736 2617
2564 3 2 1 1 2617 2736 2737 2618
2565 3 2 1 1 2618 2737 2738 2619
2566 3 2 1 1 2619 2738 2739 2620
2567 3 2 1 1 2620 2739 2740 2621
2568 3 2 1 1 2621 2740 2741 2622
2569 3 2 1 1 2622 2741 2742 2623
2570 3 2 1 1 2623 2742 2743 2624
2571 3 2 1 1 2624 2743 2744 2625
2572 3 2 1 1 2625 2744 2745 2626
2573 3 2 1 1 2626 2745 2746 2627
2574 3 2 1 1 2627 2746 2747 2628
2575 3 2 1 1 2628 2747 2748 2629
2576 3 2 1 1 2629 2748 2749 2630
2577 3 2 1 1 2630 2749 2750 2631
2578 3 2 1 1 2631 2750 2751 2632
2579 3 2 1 1 2632 2751 2752 2633
2580 3 2 1 1 2633 2752 2753 2634
2581 3 2 1 1 2634 2753 2754 2635
2582 3 2 1 1 2635 2754 2755 2636
2583 3 2 1 1 2636 2755 2756 2637
2584 3 2 1 1 2637 2756 2757 2638
2585 3 2 1 1 2638 2757 2758 2639
2586 3 2 1 1 2639 2758 2759 2640
2587 3 2 1 1 2640 2759 2760 2641
2588 3 2 1 1 2641 2760 2761 2642
2589 3 2 1 1 2642 2761 2762 2643
2590 3 2 1 1 2643 2762 2763 2644
2591 3 2 1 1 2644 2763 2764 2645
2592 3 2 1 1 2645 2764 2765 2646
2593 3 2 1 1 2646 2765 2766 2647
2594 3 2 1 1 2647 2766 2767 2648
2595 3 2 1 1 2648 2767 2768 2649
2596 3 2 1 1 2649 2768 2769 2650
2597 3 2 1 1 2650 2769 2770 2651
2598 3 2 1 1 2651 2770 2771 2652
2599 3 2 1 1 2652 2771 2772 2653
2600 3 2 1 1 2653 2772 2773 2654
2601 3 2 1 1 2654 2773 2774 2655
2602 3 2 1 1 2655 2774 2775 2656
2603 3 2 1 1 2656 2775 2776 2657
2604 3 2 1 1 2657 2776 2777 2658
2605 3 2 1 1 2658 2777 2778 2659
2606 3 2 1 1 2659 2778 2779 2660
2607 3 2 1 1 2660 2779 2780 2661
2608 3 2 1 1 2661 2780 2781 2662
2609 3 2 1 1 2662 2781 2782 2663
2610 3 2 1 1 2663 2782 2783 2664
2611 3 2 1 1 2664 2783 2784 2665
2612 3 2 1 1 2665 2784 2785 2666
2613 3 2 1 1 2666 2785 2786 2667
2614 3 2 1 1 2667 2786 2787 2668
2615 3 2 1 1 2668 2787 2788 2669
2616 3 2 1 1 2669 2788 29 30
2617 3 2 1 1 183 184 2789 2670
2618 3 2 1 1 2670 2789 2790 2671
2619 3 2 1 1 2671 2790 2791 2672
2620 3 2 1 1 2672 2791 2792 2673
2621 3 2 1 1 2673 2792 2793 2674
2622 3 2 1 1 2674 2793 2794 2675
2623 3 2 1 1 2675 2794 2795 2676
2624 3 2 1 1 2676 2795 2796 2677
2625 3 2 1 1 2677 2796 2797 2678
2626 3 2 1 1 2678 2797 2798 2679
2627 3 2 1 1 2679 2798 2799 2680
2628 3 2 1 1 2680 2799 2800 2681
2629 3 2 1 1 2681 2800 2801 2682
2630 3 2 1 1 2682 2801 2802 2683
2631 3 2 1 1 2683 2802 2803 2684
2632 3 2 1 1 2684 2803 2804 2685
2633 3 2 1 1 2685 2804 2805 2686
2634 3 2 1 1 2686 2805 2806 2687
2635 3 2 1 1 2687 2806 2807 2688
2636 3 2 1 1 2688 2807 2808 2689
2637 3 2 1 1 2689 2808 2809 2690
2638 3 2 1 1 2690 2809 2810 2691
2639 3 2 1 1 2691 2810 2811 2692
2640 3 2 1 1 2692 2811 2812 2693
2641 3 2 1 1 2693 2812 2813 2694
2642 3 2 1 1 2694 2813 2814 2695
2643 3 2 1 1 2695 2814 2815 2696
2644 3 2 1 1 2696 2815 2816 2697
2645 3 2 1 1 2697 2816 2817 2698
2646 3 2 1 1 2698 2817 2818 2699
2647 3 2 1 1 2699 2818 2819 2700
2648 3 2 1 1 2700 2819 2820 2701
2649 3 2 1 1 2701 2820 2821 2702
2650 3 2 1 1 2702 2821 2822 2703
2651 3 2 1 1 2703 2822 2823 2704
2652 3 2 1 1 2704 2823 2824 2705
2653 3 2 1 1 2705 2824 2825 2706
2654 3 2 1 1 2706 2825 2826 2707
2655 3 2 1 1 2707 2826 2827 2708
2656 3 2 1 1 2708 2827 2828 2709
2657 3 2 1 1 2709 2828 2829 2710
2658 3 2 1 1 2710 2829 2830 2711
2659 3 2 1 1 2711 2830 2831 2712
2660 3 2 1 1 2712 2831 2832 2713
2661 3 2 1 1 2713 2832 2833 2714
2662 3 2 1 1 2714 2833 2834 2715
2663 3 2 1 1 2715 2834 2835 2716
2664 3 2 1 1 2716 2835 2836 2717
2665 3 2 1 1 2717 2836 2837 2718
2666 3 2 1 1 2718 2837 2838 2719
2667 3 2 1 1 2719 2838 2839 2720
2668 3 2 1 1 2720 2839 2840 2721
2669 3 2 1 1 2721 2840 2841 2722
2670 3 2 1 1 2722 2841 2842 2723
2671 3 2 1 1 2723 2842 2843 2724
2672 3 2 1 1 2724 2843 2844 2725
2673 3 2 1 1 2725 2844 2845 2726
2674 3 2 1 1 2726 2845 2846 2727
2675 3 2 1 1 2727 2846 2847 2728
2676 3 2 1 1 2728 2847 2848 2729
2677 3 2 1 1 2729 2848 2849 2730
2678 3 2 1 1 2730 2849 2850 2731
2679 3 2 1 1 2731 2850 2851 2732
2680 3 2 1 1 2732 2851 2852 2733
2681 3 2 1 1 2733 2852 2853 2734
2682 3 2 1 1 2734 2853 2854 2735
2683 3 2 1 1 2735 2854 2855 2736
2684 3 2 1 1 2736 2855 2856 2737
2685 3 2 1 1 2737 2856 2857 2738
2686 3 2 1 1 2738 2857 2858 2739
2687 3 2 1 1 2739 2858 2859 2740
2688 3 2 1 1 2740 2859 2860 2741
2689 3 2 1 1 2741 2860 2861 2742
2690 3 2 1 1 2742 2861 2862 2743
2691 3 2 1 1 2743 2862 2863 2744
2692 3 2 1 1 2744 2863 2864 2745
2693 3 2 1 1 2745 2864 2865 2746
2694 3 2 1 1 2746 2865 2866 2747
2695 3 2 1 1 2747 2866 2867 2748
2696 3 2 1 1 2748 2867 2868 2749
2697 3 2 1 1 2749 2868 2869 2750
2698 3 2 1 1 2750 2869 2870 2751
2699 3 2 1 1 2751 2870 2871 2752
2700 3 2 1 1 2752 2871 2872 2753
2701 3 2 1 1 2753 2872 2873 2754
2702 3 2 1 1 2754 2873 2874 2755
2703 3 2 1 1 2755 2874 2875 2756
2704 3 2 1 1 2756 2875 2876 2757
2705 3 2 1 1 2757 2876 2877 2758
2706 3 2 1 1 2758 2877 2878 2759
2707 3 2 1 1 2759 2878 2879 2760
2708 3 2 1 1 2760 2879 2880 2761
2709 3 2 1 1 2761 2880 2881 2762
2710 3 2 1 1 2762 2881 2882 2763
2711 3 2 1 1 2763 2882 2883 2764
2712 3 2 1 1 2764 2883 2884 2765
2713 3 2 1 1 2765 2884 2885 2766
2714 3 2 1 1 2766 2885 2886 2767
2715 3 2 1 1 2767 2886 2887 2768
2716 3 2 1 1 2768 2887 2888 2769
2717 3 2 1 1 2769 2888 2889 2770
2718 3 2 1 1 2770 2889 2890 2771
2719 3 2 1 1 2771 2890 2891 2772
2720 3 2 1 1 2772 2891 2892 2773
2721 3 2 1 1 2773 2892 2893 2774
2722 3 2 1 1 2774 2893 2894 2775
2723 3 2 1 1 2775 2894 2895 2776
2724 3 2 1 1 2776 2895 2896 2777
2725 3 2 1 1 2777 2896 2897 2778
2726 3 2 1 1 2778 2897 2898 2779
2727 3 2 1 1 2779 2898 2899 2780
2728 3 2 1 1 2780 2899 2900 2781
2729 3 2 1 1 2781 2900 2901 2782
2730 3 2 1 1 2782 2901 2902 2783
2731 3 2 1 1 2783 2902 2903 2784
2732 3 2 1 1 2784 2903 2904 2785
2733 3 2 1 1 2785 2904 2905 2786
2734 3 2 1 1 2786 2905 2906 2787
2735 3 2 1 1 2787 2906 2907 2788
2736 3 2 1 1 2788 2907 28 29
2737 3 2 1 1 184 185 2908 2789
2738 3 2 1 1 2789 2908 2909 2790
2739 3 2 1 1 2790 2909 2910 2791
2740 3 2 1 1 2791 2910 2911 2792
2741 3 2 1 1 2792 2911 2912 2793
2742 3 2 1 1 2793 2912 2913 2794
2743 3 2 1 1 2794 2913 2914 2795
2744 3 2 1 1 2795 2914 2915 2796
2745 3 2 1 1 2796 2915 2916 2797
2746 3 2 1 1 2797 2916 2917 2798
2747 3 2 1 1 2798 2917 2918 2799
2748 3 2 1 1 2799 2918 2919 2800
2749 3 2 1 1 2800 2919 2920 2801
2750 3 2 1 1 2801 2920 2921 2802
2751 3 2 1 1 2802 2921 2922 2803
2752 3 2 1 1 2803 2922 2923 2804
2753 3 2 1 1 2804 2923 2924 2805
2754 3 2 1 1 2805 2924 2925 2806
2755 3 2 1 1 2806 2925 2926 2807
2756 3 2 1 1 2807 2926 2927 2808
2757 3 2 1 1 2808 2927 2928 2809
2758 3 2 1 1 2809 2928 2929 2810
2759 3 2 1 1 2810 2929 2930 2811
2760 3 2 1 1 2811 2930 2931 2812
2761 3 2 1 1 2812 2931 2932 2813
2762 3 2 1 1 2813 2932 2933 2814
2763 3 2 1 1 2814 2933 2934 2815
2764 3 2 1 1 2815 2934 2935 2816
2765 3 2 1 1 2816 2935 2936 2817
2766 3 2 1 1 2817 2936 2937 2818
2767 3 2 1 1 2818 2937 2938 2819
2768 3 2 1 1 2819 2938 2939 2820
2769 3 2 1 1 2820 2939 2940 2821
2770 3 2 1 1 2821 2940 2941 2822
2771 3 2 1 1 2822 2941 2942 2823
2772 3 2 1 1 2823 2942 2943 2824
2773 3 2 1 1 2824 2943 2944 2825
2774 3 2 1 1 2825 2944 2945 2826
2775 3 2 1 1 2826 2945 2946 2827
2776 3 2 1 1 2827 2946 2947 2828
2777 3 2 1 1 2828 2947 2948 2829
2778 3 2 1 1 2829 2948 2949 2830
2779 3 2 1 1 2830 2949 2950 2831
2780 3 2 1 1 2831 2950 2951 2832
2781 3 2 1 1 2832 2951 2952 2833
2782 3 2 1 1 2833 2952 2953 2834
2783 3 2 1 1 2834 2953 2954 2835
2784 3 2 1 1 2835 2954 2955 2836
2785 3 2 1 1 2836 2955 2956 2837
2786 3 2 1 1 2837 2956 2957 2838
2787 3 2 1 1 2838 2957 2958 2839
2788 3 2 1 1 2839 2958 2959 2840
2789 3 2 1 1 2840 2959 2960 2841
2790 3 2 1 1 2841 2960 2961 2842
2791 3 2 1 1 2842 2961 2962 2843
2792 3 2 1 1 2843 2962 2963 2844
2793 3 2 1 1 2844 2963 2964 2845
2794 3 2 1 1 2845 2964 2965 2846
2795 3 2 1 1 2846 2965 2966 2847
2796 3 2 1 1 2847 2966 2967 2848
2797 3 2 1 1 2848 2967 2968 2849
2798 3 2 1 1 2849 2968 2969 2850
2799 3 2 1 1 2850 2969 2970 2851
2800 3 2 1 1 2851 2970 2971 2852
2801 3 2 1 1 2852 2971 2972 2853
2802 3 2 1 1 2853 2972 2973 2854
2803 3 2 1 1 2854 2973 2974 2855
2804 3 2 1 1 2855 2974 2975 2856
2805 3 2 1 1 2856 2975 2976 2857
2806 3 2 1 1 2857 2976 2977 2858
2807 3 2 1 1 2858 2977 2978 2859
2808 3 2 1 1 2859 2978 2979 2860
2809 3 2 1 1 2860 2979 2980 2861
2810 3 2 1 1 2861 2980 2981 2862
2811 3 2 1 1 2862 2981 2982 2863
2812 3 2 1 1 2863 2982 2983 2864
2813 3 2 1 1 2864 2983 2984 2865
2814 3 2 1 1 2865 2984 2985 2866
2815 3 2 1 1 2866 2985 2986 2867
2816 3 2 1 1 2867 2986 2987 2868
2817 3 2 1 1 2868 2987 2988 2869
2818 3 2 1 1 2869 2988 2989 2870
2819 3 2 1 1 2870 2989 2990 2871
2820 3 2 1 1 2871 2990 2991 2872
2821 3 2 1 1 2872 2991 2992 2873
2822 3 2 1 1 2873 2992 2993 2874
2823 3 2 1 1 2874 2993 2994 2875
2824 3 2 1 1 2875 2994 2995 2876
2825 3 2 1 1 2876 2995 2996 2877
2826 3 2 1 1 2877 2996 2997 2878
2827 3 2 1 1 2878 2997 2998 2879
2828 3 2 1 1 2879 2998 2999 2880
2829 3 2 1 1 2880 2999 3000 2881
2830 3 2 1 1 2881 3000 3001 2882
2831 3 2 1 1 2882 3001 3002 2883
2832 3 2 1 1 2883 3002 3003 2884
2833 3 2 1 1 2884 3003 3004 2885
2834 3 2 1 1 2885 3004 3005 2886
2835 3 2 1 1 2886 3005 3006 2887
2836 3 2 1 1 2887 3006 3007 2888
2837 3 2 1 1 2888 3007 3008 2889
2838 3 2 1 1 2889 3008 3009 2890
2839 3 2 1 1 2890 3009 3010 2891
2840 3 2 1 1 2891 3010 3011 2892
2841 3 2 1 1 2892 3011 3012 2893
2842 3 2 1 1 2893 3012 3013 2894
2843 3 2 1 1 2894 3013 3014 2895
2844 3 2 1 1 2895 3014 3015 2896
2845 3 2 1 1 2896 3015 3016 2897
2846 3 2 1 1 2897 3016 3017 2898
2847 3 2 1 1 2898 3017 3018 2899
2848 3 2 1 1 2899 3018 3019 2900
2849 3 2 1 1 2900 3019 3020 2901
2850 3 2 1 1 2901 3020 3021 2902
2851 3 2 1 1 2902 3021 3022 2903
2852 3 2 1 1 2903 3022 3023 2904
2853 3 2 1 1 2904 3023 3024 2905
2854 3 2 1 1 2905 3024 3025 2906
2855 3 2 1 1 2906 3025 3026 2907
2856 3 2 1 1 2907 3026 27 28
2857 3 2 1 1 185 186 3027 2908
2858 3 2 1 1 2908 3027 3028 2909
2859 3 2 1 1 2909 3028 3029 2910
2860 3 2 1 1 2910 3029 3030 2911
2861 3 2 1 1 2911 3030 3031 2912
2862 3 2 1 1 2912 3031 3032 2913
2863 3 2 1 1 2913 3032 3033 2914
2864 3 2 1 1 2914 3033 3034 2915
2865 3 2 1 1 2915 3034 3035 2916
2866 3 2 1 1 2916 3035 3036 2917
2867 3 2 1 1 2917 3036 3037 2918
2868 3 2 1 1 2918 3037 3038 2919
2869 3 2 1 1 2919 3038 3039 2920
2870 3 2 1 1 2920 3039 3040 2921
2871 3 2 1 1 2921 3040 3041 2922
2872 3 2 1 1 2922 3041 3042 2923
2873 3 2 1 1 2923 3042 3043 2924
2874 3 2 1 1 2924 3043 3044 2925
2875 3 2 1 1 2925 3044 3045 2926
2876 3 2 1 1 2926 3045 3046 2927
2877 3 2 1 1 2927 3046 3047 2928
2878 3 2 1 1 2928 3047 3048 2929
2879 3 2 1 1 2929 3048 3049 2930
2880 3 2 1 1 2930 3049 3050 2931
2881 3 2 1 1 2931 3050 3051 2932
2882 3 2 1 1 2932 3051 3052 2933
2883 3 2 1 1 2933 3052 3053 2934
2884 3 2 1 1 2934 3053 3054 2935
2885 3 2 1 1 2935 3054 3055 2936
2886 3 2 1 1 2936 3055 3056 2937
2887 3 2 1 1 2937 3056 3057 2938
2888 3 2 1 1 2938 3057 3058 2939
2889 3 2 1 1 2939 3058 3059 2940
2890 3 2 1 1 2940 3059 3060 2941
2891 3 2 1 1 2941 3060 3061 2942
2892 3 2 1 1 2942 3061 3062 2943
2893 3 2 1 1 2943 3062 3063 2944
2894 3 2 1 1 2944 3063 3064 2945
2895 3 2 1 1 2945 3064 3065 2946
2896 3 2 1 1 2946 3065 3066 2947
2897 3 2 1 1 2947 3066 3067 2948
2898 3 2 1 1 2948 3067 3068 2949
2899 3 2 1 1 2949 3068 3069 2950
2900 3 2 1 1 2950 3069 3070 2951
2901 3 2 1 1 2951 3070 3071 2952
2902 3 2 1 1 2952 3071 3072 2953
2903 3 2 1 1 2953 3072 3073 2954
2904 3 2 1 1 2954 3073 3074 2955
2905 3 2 1 1 2955 3074 3075 2956
2906 3 2 1 1 2956 3075 3076 2957
2907 3 2 1 1 2957 3076 3077 2958
2908 3 2 1 1 2958 3077 3078 2959
2909 3 2 1 1 2959 3078 3079 2960
2910 3 2 1 1 2960 3079 3080 2961
2911 3 2 1 1 2961 3080 3081 2962
2912 3 2 1 1 2962 3081 3082 2963
2913 3 2 1 1 2963 3082 3083 2964
2914 3 2 1 1 2964 3083 3084 2965
2915 3 2 1 1 2965 3084 3085 2966
2916 3 2 1 1 2966 3085 3086 2967
2917 3 2 1 1 2967 3086 3087 2968
2918 3 2 1 1 2968 3087 3088 2969
2919 3 2 1 1 2969 3088 3089 2970
2920 3 2 1 1 2970 3089 3090 2971
2921 3 2 1 1 2971 3090 3091 2972
2922 3 2 1 1 2972 3091 3092 2973
2923 3 2 1 1 2973 3092 3093 2974
2924 3 2 1 1 2974 3093 3094 2975
2925 3 2 1 1 2975 3094 3095 2976
2926 3 2 1 1 2976 3095 3096 2977
2927 3 2 1 1 2977 3096 3097 2978
2928 3 2 1 1 2978 3097 3098 2979
2929 3 2 1 1 2979 3098 3099 2980
2930 3 2 1 1 2980 3099 3100 2981
2931 3 2 1 1 2981 3100 3101 2982
2932 3 2 1 1 2982 3101 3102 2983
2933 3 2 1 1 2983 3102 3103 2984
2934 3 2 1 1 2984 3103 3104 2985
2935 3 2 1 1 2985 3104 3105 2986
2936 3 2 1 1 2986 3105 3106 2987
2937 3 2 1 1 2987 3106 3107 2988
2938 3 2 1 1 2988 3107 3108 2989
2939 3 2 1 1 2989 3108 3109 2990
2940 3 2 1 1 2990 3109 3110 2991
2941 3 2 1 1 2991 3110 3111 2992
2942 3 2 1 1 2992 3111 3112 2993
2943 3 2 1 1 2993 3112 3113 2994
2944 3 2 1 1 2994 3113 3114 2995
2945 3 2 1 1 2995 3114 3115 2996
2946 3 2 1 1 2996 3115 3116 2997
2947 3 2 1 1 2997 3116 3117 2998
2948 3 2 1 1 2998 3117 3118 2999
2949 3 2 1 1 2999 3118 3119 3000
2950 3 2 1 1 3000 3119 3120 3001
2951 3 2 1 1 3001 3120 3121 3002
2952 3 2 1 1 3002 3121 3122 3003
2953 3 2 1 1 3003 3122 3123 3004
2954 3 2 1 1 3004 3123 3124 3005
2955 3 2 1 1 3005 3124 3125 3006
2956 3 2 1 1 3006 3125 3126 3007
2957 3 2 1 1 3007 3126 3127 3008
2958 3 2 1 1 3008 3127 3128 3009
2959 3 2 1 1 3009 3128 3129 3010
2960 3 2 1 1 3010 3129 3130 3011
2961 3 2 1 1 3011 3130 3131 3012
2962 3 2 1 1 3012 3131 3132 3013
2963 3 2 1 1 3013 3132 3133 3014
2964 3 2 1 1 3014 3133 3134 3015
2965 3 2 1 1 3015 3134 3135 3016
2966 3 2 1 1 3016 3135 3136 3017
2967 3 2 1 1 3017 3136 3137 3018
2968 3 2 1 1 3018 3137 3138 3019
2969 3 2 1 1 3019 3138 3139 3020
2970 3 2 1 1 3020 3139 3140 3021
2971 3 2 1 1 3021 3140 3141 3022
2972 3 2 1 1 3022 3141 3142 3023
2973 3 2 1 1 3023 3142 3143 3024
2974 3 2 1 1 3024 3143 3144 3025
2975 3 2 1 1 3025 3144 3145 3026
2976 3 2 1 1 3026 3145 26 27
2977 3 2 1 1 186 187 3146 3027
2978 3 2 1 1 3027 3146 3147 3028
2979 3 2 1 1 3028 3147 3148 3029
2980 3 2 1 1 3029 3148 3149 3030
2981 3 2 1 1 3030 3149 3150 3031
2982 3 2 1 1 3031 3150 3151 3032
2983 3 2 1 1 3032 3151 3152 3033
2984 3 2 1 1 3033 3152 3153 3034
2985 3 2 1 1 3034 3153 3154 3035
2986 3 2 1 1 3035 3154 3155 3036
2987 3 2 1 1 3036 3155 3156 3037
2988 3 2 1 1 3037 3156 3157 3038
2989 3 2 1 1 3038 3157 3158 3039
2990 3 2 1 1 3039 3158 3159 3040
2991 3 2 1 1 3040 3159 3160 3041
2992 3 2 1 1 3041 3160 3161 3042
2993 3 2 1 1 3042 3161 3162 3043
2994 3 2 1 1 3043 3162 3163 3044
2995 3 2 1 1 3044 3163 3164 3045
2996 3 2 1 1 3045 3164 3165 3046
2997 3 2 1 1 3046 3165 3166 3047
2998 3 2 1 1 3047 3166 3167 3048
2999 3 2 1 1 3048 3167 3168 3049
3000 3 2 1 1 3049 3168 3169 3050
3001 3 2 1 1 3050 3169 3170 3051
3002 3 2 1 1 3051 3170 3171 3052
3003 3 2 1 1 3052 3171 3172 3053
3004 3 2 1 1 3053 3172 3173 3054
3005 3 2 1 1 3054 3173 3174 3055
3006 3 2 1 1 3055 3174 3175 3056
3007 3 2 1 1 3056 3175 3176 3057
3008 3 2 1 1 3057 3176 3177 3058
3009 3 2 1 1 3058 3177 3178 3059
3010 3 2 1 1 3059 3178 3179 3060
3011 3 2 1 1 3060 3179 3180 3061
3012 3 2 1 1 3061 3180 3181 3062
3013 3 2 1 1 3062 3181 3182 3063
3014 3 2 1 1 3063 3182 3183 3064
3015 3 2 1 1 3064 3183 3184 3065
3016 3 2 1 1 3065 3184 3185 3066
3017 3 2 1 1 3066 3185 3186 3067
3018 3 2 1 1 3067 3186 3187 3068
3019 3 2 1 1 3068 3187 3188 3069
3020 3 2 1 1 3069 3188 3189 3070
3021 3 2 1 1 3070 3189 3190 3071
3022 3 2 1 1 3071 3190 3191 3072
3023 3 2 1 1 3072 3191 3192 3073
3024 3 2 1 1 3073 3192 3193 3074
3025 3 2 1 1 3074 3193 3194 3075
3026 3 2 1 1 3075 3194 3195 3076
3027 3 2 1 1 3076 3195 3196 3077
3028 3 2 1 1 3077 3196 3197 3078
3029 3 2 1 1 3078 3197 3198 3079
3030 3 2 1 1 3079 3198 3199 3080
3031 3 2 1 1 3080 3199 3200 3081
3032 3 2 1 1 3081 3200 3201 3082
3033 3 2 1 1 3082 3201 3202 3083
3034 3 2 1 1 3083 3202 3203 3084
3035 3 2 1 1 3084 3203 3204 3085
3036 3 2 1 1 3085 3204 3205 3086
3037 3 2 1 1 3086 3205 3206 3087
3038 3 2 1 1 3087 3206 3207 3088
3039 3 2 1 1 3088 3207 3208 3089
3040 3 2 1 1 3089 3208 3209 3090
3041 3 2 1 1 3090 3209 3210 3091
3042 3 2 1 1 3091 3210 3211 3092
3043 3 2 1 1 3092 3211 3212 3093
3044 3 2 1 1 3093 3212 3213 3094
3045 3 2 1 1 3094 3213 3214 3095
3046 3 2 1 1 3095 3214 3215 3096
3047 3 2 1 1 3096 3215 3216 3097
3048 3 2 1 1 3097 3216 3217 3098
3049 3 2 1 1 3098 3217 3218 3099
3050 3 2 1 1 3099 3218 3219 3100
3051 3 2 1 1 3100 3219 3220 3101
3052 3 2 1 1 3101 3220 3221 3102
3053 3 2 1 1 3102 3221 3222 3103
3054 3 2 1 1 3103 3222 3223 3104
3055 3 2 1 1 3104 3223 3224 3105
3056 3 2 1 1 3105 3224 3225 3106
3057 3 2 1 1 3106 3225 3226 3107
3058 3 2 1 1 3107 3226 3227 3108
3059 3 2 1 1 3108 3227 3228 3109
3060 3 2 1 1 3109 3228 3229 3110
3061 3 2 1 1 3110 3229 3230 3111
3062 3 2 1 1 3111 3230 3231 3112
3063 3 2 1 1 3112 3231 3232 3113
3064 3 2 1 1 3113 3232 3233 3114
3065 3 2 1 1 3114 3233 3234 3115
3066 3 2 1 1 3115 3234 3235 3116
3067 3 2 1 1 3116 3235 3236 3117
3068 3 2 1 1 3117 3236 3237 3118
3069 3 2 1 1 3118 3237 3238 3119
3070 3 2 1 1 3119 3238 3239 3120
3071 3 2 1 1 3120 3239 3240 3121
3072 3 2 1 1 3121 3240 3241 3122
3073 3 2 1 1 3122 3241 3242 3123
3074 3 2 1 1 3123 3242 3243 3124
3075 3 2 1 1 3124 3243 3244 3125
3076 3 2 1 1 3125 3244 3245 3126
3077 3 2 1 1 3126 3245 3246 3127
3078 3 2 1 1 3127 3246 3247 3128
3079 3 2 1 1 3128 3247 3248 3129
3080 3 2 1 1 3129 3248 3249 3130
3081 3 2 1 1 3130 3249 3250 3131
3082 3 2 1 1 3131 3250 3251 3132
3083 3 2 1 1 3132 3251 3252 3133
3084 3 2 1 1 3133 3252 3253 3134
3085 3 2 1 1 3134 3253 3254 3135
3086 3 2 1 1 3135 3254 3255 3136
3087 3 2 1 1 3136 3255 3256 3137
3088 3 2 1 1 3137 3256 3257 3138
3089 3 2 1 1 3138 3257 3258 3139
3090 3 2 1 1 3139 3258 3259 3140
3091 3 2 1 1 3140 3259 3260 3141
3092 3 2 1 1 3141 3260 3261 3142
3093 3 2 1 1 3142 3261 3262 3143
3094 3 2 1 1 3143 3262 3263 3144
3095 3 2 1 1 3144 3263 3264 3145
3096 3 2 1 1 3145 3264 25 26
3097 3 2 1 1 187 188 3265 3146
3098 3 2 1 1 3146 3265 3266 3147
3099 3 2 1 1 3147 3266 3267 3148
3100 3 2 1 1 3148 3267 3268 3149
3101 3 2 1 1 3149 3268 3269 3150
3102 3 2 1 1 3150 3269 3270 3151
3103 3 2 1 1 3151 3270 3271 3152
3104 3 2 1 1 3152 3271 3272 3153
3105 3 2 1 1 3153 3272 3273 3154
3106 3 2 1 1 3154 3273 3274 3155
3107 3 2 1 1 3155 3274 3275 3156
3108 3 2 1 1 3156 3275 3276 3157
3109 3 2 1 1 3157 3276 3277 3158
3110 3 2 1 1 3158 3277 3278 3159
3111 3 2 1 1 3159 3278 3279 3160
3112 3 2 1 1 3160 3279 3280 3161
3113 3 2 1 1 3161 3280 3281 3162
3114 3 2 1 1 3162 3281 3282 3163
3115 3 2 1 1 3163 3282 3283 3164
3116 3 2 1 1 3164 3283 3284 3165
3117 3 2 1 1 3165 3284 3285 3166
3118 3 2 1 1 3166 3285 3286 3167
3119 3 2 1 1 3167 3286 3287 3168
3120 3 2 1 1 3168 3287 3288 3169
3121 3 2 1 1 3169 3288 3289 3170
3122 3 2 1 1 3170 3289 3290 3171
3123 3 2 1 1 3171 3290 3291 3172
3124 3 2 1 1 3172 3291 3292 3173
3125 3 2 1 1 3173 3292 3293 3174
3126 3 2 1 1 3174 3293 3294 3175
3127 3 2 1 1 3175 3294 3295 3176
3128 3 2 1 1 3176 3295 3296 3177
3129 3 2 1 1 3177 3296 3297 3178
3130 3 2 1 1 3178 3297 3298 3179
3131 3 2 1 1 3179 3298 3299 3180
3132 3 2 1 1 3180 3299 3300 3181
3133 3 2 1 1 3181 3300 3301 3182
3134 3 2 1 1 3182 3301 3302 3183
3135 3 2 1 1 3183 3302 3303 3184
3136 3 2 1 1 3184 3303 3304 3185
3137 3 2 1 1 3185 3304 3305 3186
3138 3 2 1 1 3186 3305 3306 3187
3139 3 2 1 1 3187 3306 3307 3188
3140 3 2 1 1 3188 3307 3308 3189
3141 3 2 1 1 3189 3308 3309 3190
3142 3 2 1 1 3190 3309 3310 3191
3143 3 2 1 1 3191 3310 3311 3192
3144 3 2 1 1 3192 3311 3312 3193
3145 3 2 1 1 3193 3312 3313 3194
3146 3 2 1 1 3194 3313 3314 3195
3147 3 2 1 1 3195 3314 3315 3196
3148 3 2 1 1 3196 3315 3316 3197
3149 3 2 1 1 3197 3316 3317 3198
3150 3 2 1 1 3198 3317 3318 3199
3151 3 2 1 1 3199 3318 3319 3200
3152 3 2 1 1 3200 3319 3320 3201
3153 3 2 1 1 3201 3320 3321 3202
3154 3 2 1 1 3202 3321 3322 3203
3155 3 2 1 1 3203 3322 3323 3204
3156 3 2 1 1 3204 3323 3324 3205
3157 3 2 1 1 3205 3324 3325 3206
3158 3 2 1 1 3206 3325 3326 3207
3159 3 2 1 1 3207 3326 3327 3208
3160 3 2 1 1 3208 3327 3328 3209
3161 3 2 1 1 3209 3328 3329 3210
3162 3 2 1 1 3210 3329 3330 3211
3163 3 2 1 1 3211 3330 3331 3212
3164 3 2 1 1 3212 3331 3332 3213
3165 3 2 1 1 3213 3332 3333 3214
3166 3 2 1 1 3214 3333 3334 3215
3167 3 2 1 1 3215 3334 3335 3216
3168 3 2 1 1 3216 3335 3336 3217
3169 3 2 1 1 3217 3336 3337 3218
3170 3 2 1 1 3218 3337 3338 3219
3171 3 2 1 1 3219 3338 3339 3220
3172 3 2 1 1 3220 3339 3340 3221
3173 3 2 1 1 3221 3340 3341 3222
3174 3 2 1 1 3222 3341 3342 3223
3175 3 2 1 1 3223 3342 3343 3224
3176 3 2 1 1 3224 3343 3344 3225
3177 3 2 1 1 3225 3344 3345 3226
3178 3 2 1 1 3226 3345 3346 3227
3179 3 2 1 1 3227 3346 3347 3228
3180 3 2 1 1 3228 3347 3348 3229
3181 3 2 1 1 3229 3348 3349 3230
3182 3 2 1 1 3230 3349 3350 3231
3183 3 2 1 1 3231 3350 3351 3232
3184 3 2 1 1 3232 3351 3352 3233
3185 3 2 1 1 3233 3352 3353 3234
3186 3 2 1 1 3234 3353 3354 3235
3187 3 2 1 1 3235 3354 3355 3236
3188 3 2 1 1 3236 3355 3356 3237
3189 3 2 1 1 3237 3356 3357 3238
3190 3 2 1 1 3238 3357 3358 3239
3191 3 2 1 1 3239 3358 3359 3240
3192 3 2 1 1 3240 3359 3360 3241
3193 3 2 1 1 3241 3360 3361 3242
3194 3 2 1 1 3242 3361 3362 3243
3195 3 2 1 1 3243 3362 3363 3244
3196 3 2 1 1 3244 3363 3364 3245
3197 3 2 1 1 3245 3364 3365 3246
3198 3 2 1 1 3246 3365 3366 3247
3199 3 2 1 1 3247 3366 3367 3248
3200 3 2 1 1 3248 3367 3368 3249
3201 3 2 1 1 3249 3368 3369 3250
3202 3 2 1 1 3250 3369 3370 3251
3203 3 2 1 1 3251 3370 3371 3252
3204 3 2 1 1 3252 3371 3372 3253
3205 3 2 1 1 3253 3372 3373 3254
3206 3 2 1 1 3254 3373 3374 3255
3207 3 2 1 1 3255 3374 3375 3256
3208 3 2 1 1 3256 3375 3376 3257
3209 3 2 1 1 3257 3376 3377 3258
3210 3 2 1 1 3258 3377 3378 3259
3211 3 2 1 1 3259 3378 3379 3260
3212 3 2 1 1 3260 3379 3380 3261
3213 3 2 1 1 3261 3380 3381 3262
3214 3 2 1 1 3262 3381 3382 3263
3215 3 2 1 1 3263 3382 3383 3264
3216 3 2 1 1 3264 3383 24 25
3217 3 2 1 1 188 189 3384 3265
3218 3 2 1 1 3265 3384 3385 3266
3219 3 2 1 1 3266 3385 3386 3267
3220 3 2 1 1 3267 3386 3387 3268
3221 3 2 1 1 3268 3387 3388 3269
3222 3 2 1 1 3269 3388 3389 3270
3223 3 2 1 1 3270 3389 3390 3271
3224 3 2 1 1 3271 3390 3391 3272
3225 3 2 1 1 3272 3391 3392 3273
3226 3 2 1 1 3273 3392 3393 3274
3227 3 2 1 1 3274 3393 3394 3275
3228 3 2 1 1 3275 3394 3395 3276
3229 3 2 1 1 3276 3395 3396 3277
3230 3 2 1 1 3277 3396 3397 3278
3231 3 2 1 1 3278 3397 3398 3279
3232 3 2 1 1 3279 3398 3399 3280
3233 3 2 1 1 3280 3399 3400 3281
3234 3 2 1 1 3281 3400 3401 3282
3235 3 2 1 1 3282 3401 3402 3283
3236 3 2 1 1 3283 3402 3403 3284
3237 3 2 1 1 3284 3403 3404 3285
3238 3 2 1 1 3285 3404 3405 3286
3239 3 2 1 1 3286 3405 3406 3287
3240 3 2 1 1 3287 3406 3407 3288
3241 3 2 1 1 3288 3407 3408 3289
3242 3 2 1 1 3289 3408 3409 3290
3243 3 2 1 1 3290 3409 3410 3291
3244 3 2 1 1 3291 3410 3411 3292
3245 3 2 1 1 3292 3411 3412 3293
3246 3 2 1 1 3293 3412 3413 3294
3247 3 2 1 1 3294 3413 3414 3295
3248 3 2 1 1 3295 3414 3415 3296
3249 3 2 1 1 3296 3415 3416 3297
3250 3 2 1 1 3297 3416 3417 3298
3251 3 2 1 1 3298 3417 3418 3299
3252 3 2 1 1 3299 3418 3419 3300
3253 3 2 1 1 3300 3419 3420 3301
3254 3 2 1 1 3301 3420 3421 3302
3255 3 2 1 1 3302 3421 3422 3303
3256 3 2 1 1 3303 3422 3423 3304
3257 3 2 1 1 3304 3423 3424 3305
3258 3 2 1 1 3305 3424 3425 3306
3259 3 2 1 1 3306 3425 3426 3307
3260 3 2 1 1 3307 3426 3427 3308
3261 3 2 1 1 3308 3427 3428 3309
3262 3 2 1 1 3309 3428 3429 3310
3263 3 2 1 1 3310 3429 3430 3311
3264 3 2 1 1 3311 3430 3431 3312
3265 3 2 1 1 3312 3431 3432 3313
3266 3 2 1 1 3313 3432 3433 3314
3267 3 2 1 1 3314 3433 3434 3315
3268 3 2 1 1 3315 3434 3435 3316
3269 3 2 1 1 3316 3435 3436 3317
3270 3 2 1 1 3317 3436 3437 3318
3271 3 2 1 1 3318 3437 3438 3319
3272 3 2 1 1 3319 3438 3439 3320
3273 3 2 1 1 3320 3439 3440 3321
3274 3 2 1 1 3321 3440 3441 3322
3275 3 2 1 1 3322 3441 3442 3323
3276 3 2 1 1 3323 3442 3443 3324
3277 3 2 1 1 3324 3443 3444 3325
3278 3 2 1 1 3325 3444 3445 3326
3279 3 2 1 1 3326 3445 3446 3327
3280 3 2 1 1 3327 3446 3447 3328
3281 3 2 1 1 3328 3447 3448 3329
3282 3 2 1 1 3329 3448 3449 3330
3283 3 2 1 1 3330 3449 3450 3331
3284 3 2 1 1 3331 3450 3451 3332
3285 3 2 1 1 3332 3451 3452 3333
3286 3 2 1 1 3333 3452 3453 3334
3287 3 2 1 1 3334 3453 3454 3335
3288 3 2 1 1 3335 3454 3455 3336
3289 3 2 1 1 3336 3455 3456 3337
3290 3 2 1 1 3337 3456 3457 3338
3291 3 2 1 1 3338 3457 3458 3339
3292 3 2 1 1 3339 3458 3459 3340
3293 3 2 1 1 3340 3459 3460 3341
3294 3 2 1 1 3341 3460 3461 3342
3295 3 2 1 1 3342 3461 3462 3343
3296 3 2 1 1 3343 3462 3463 3344
3297 3 2 1 1 3344 3463 3464 3345
3298 3 2 1 1 3345 3464 3465 3346
3299 3 2 1 1 3346 3465 3466 3347
3300 3 2 1 1 3347 3466 3467 3348
3301 3 2 1 1 3348 3467 3468 3349
3302 3 2 1 1 3349 3468 3469 3350
3303 3 2 1 1 3350 3469 3470 3351
3304 3 2 1 1 3351 3470 3471 3352
3305 3 2 1 1 3352 3471 3472 3353
3306 3 2 1 1 3353 3472 3473 3354
3307 3 2 1 1 3354 3473 3474 3355
3308 3 2 1 1 3355 3474 3475 3356
3309 3 2 1 1 3356 3475 3476 3357
3310 3 2 1 1 3357 3476 3477 3358
3311 3 2 1 1 3358 3477 3478 3359
3312 3 2 1 1 3359 3478 3479 3360
3313 3 2 1 1 3360 3479 3480 3361
3314 3 2 1 1 3361 3480 3481 3362
3315 3 2 1 1 3362 3481 3482 3363
3316 3 2 1 1 3363 3482 3483 3364
3317 3 2 1 1 3364 3483 3484 3365
3318 3 2 1 1 3365 3484 3485 3366
3319 3 2 1 1 3366 3485 3486 3367
3320 3 2 1 1 3367 3486 3487 3368
3321 3 2 1 1 3368 3487 3488 3369
3322 3 2 1 1 3369 3488 3489 3370
3323 3 2 1 1 3370 3489 3490 3371
3324 3 2 1 1 3371 3490 3491 3372
3325 3 2 1 1 3372 3491 3492 3373
3326 3 2 1 1 3373 3492 3493 3374
3327 3 2 1 1 3374 3493 3494 3375
3328 3 2 1 1 3375 3494 3495 3376
3329 3 2 1 1 3376 3495 3496 3377
3330 3 2 1 1 3377 3496 3497 3378
3331 3 2 1 1 3378 3497 3498 3379
3332 3 2 1 1 3379 3498 3499 3380
3333 3 2 1 1 3380 3499 3500 3381
3334 3 2 1 1 3381 3500 3501 3382
3335 3 2 1 1 3382 3501 3502 3383
3336 3 2 1 1 3383 3502 23 24
3337 3 2 1 1 189 190 3503 3384
3338 3 2 1 1 3384 3503 3504 3385
3339 3 2 1 1 3385 3504 3505 3386
3340 3 2 1 1 3386 3505 3506 3387
3341 3 2 1 1 3387 3506 3507 3388
3342 3 2 1 1 3388 3507 3508 3389
3343 3 2 1 1 3389 3508 3509 3390
3344 3 2 1 1 3390 3509 3510 3391
3345 3 2 1 1 3391 3510 3511 3392
3346 3 2 1 1 3392 3511 3512 3393
3347 3 2 1 1 3393 3512 3513 3394
3348 3 2 1 1 3394 3513 3514 3395
3349 3 2 1 1 3395 3514 3515 3396
3350 3 2 1 1 3396 3515 3516 3397
3351 3 2 1 1 3397 3516 3517 3398
3352 3 2 1 1 3398 3517 3518 3399
3353 3 2 1 1 3399 3518 3519 3400
3354 3 2 1 1 3400 3519 3520 3401
3355 3 2 1 1 3401 3520 3521 3402
3356 3 2 1 1 3402 3521 3522 3403
3357 3 2 1 1 3403 3522 3523 3404
3358 3 2 1 1 3404 3523 3524 3405
3359 3 2 1 1 3405 3524 3525 3406
3360 3 2 1 1 3406 3525 3526 3407
3361 3 2 1 1 3407 3526 3527 3408
3362 3 2 1 1 3408 3527 3528 3409
3363 3 2 1 1 3409 3528 3529 3410
3364 3 2 1 1 3410 3529 3530 3411
3365 3 2 1 1 3411 3530 3531 3412
3366 3 2 1 1 3412 3531 3532 3413
3367 3 2 1 1 3413 3532 3533 3414
3368 3 2 1 1 3414 3533 3534 3415
3369 3 2 1 1 3415 3534 3535 3416
3370 3 2 1 1 3416 3535 3536 3417
3371 3 2 1 1 3417 3536 3537 3418
3372 3 2 1 1 3418 3537 3538 3419
3373 3 2 1 1 3419 3538 3539 3420
3374 3 2 1 1 3420 3539 3540 3421
3375 3 2 1 1 3421 3540 3541 3422
3376 3 2 1 1 3422 3541 3542 3423
3377 3 2 1 1 3423 3542 3543 3424
3378 3 2 1 1 3424 3543 3544 3425
3379 3 2 1 1 3425 3544 3545 3426
3380 3 2 1 1 3426 3545 3546 3427
3381 3 2 1 1 3427 3546 3547 3428
3382 3 2 1 1 3428 3547 3548 3429
3383 3 2 1 1 3429 3548 3549 3430
3384 3 2 1 1 3430 3549 3550 3431
3385 3 2 1 1 3431 3550 3551 3432
3386 3 2 1 1 3432 3551 3552 3433
3387 3 2 1 1 3433 3552 3553 3434
3388 3 2 1 1 3434 3553 3554 3435
3389 3 2 1 1 3435 3554 3555 3436
3390 3 2 1 1 3436 3555 3556 3437
3391 3 2 1 1 3437 3556 3557 3438
3392 3 2 1 1 3438 3557 3558 3439
3393 3 2 1 1 3439 3558 3559 3440
3394 3 2 1 1 3440 3559 3560 3441
3395 3 2 1 1 3441 3560 3561 3442
3396 3 2 1 1 3442 3561 3562 3443
3397 3 2 1 1 3443 3562 3563 3444
3398 3 2 1 1 3444 3563 3564 3445
3399 3 2 1 1 3445 3564 3565 3446
3400 3 2 1 1 3446 3565 3566 3447
3401 3 2 1 1 3447 3566 3567 3448
3402 3 2 1 1 3448 3567 3568 3449
3403 3 2 1 1 3449 3568 3569 3450
3404 3 2 1 1 3450 3569 3570 3451
3405 3 2 1 1 3451 3570 3571 3452
3406 3 2 1 1 3452 3571 3572 3453
3407 3 2 1 1 3453 3572 3573 3454
3408 3 2 1 1 3454 3573 3574 3455
3409 3 2 1 1 3455 3574 3575 3456
3410 3 2 1 1 3456 3575 3576 3457
3411 3 2 1 1 3457 3576 3577 3458
3412 3 2 1 1 3458 3577 3578 3459
3413 3 2 1 1 3459 3578 3579 3460
3414 3 2 1 1 3460 3579 3580 3461
3415 3 2 1 1 3461 3580 3581 3462
3416 3 2 1 1 3462 3581 3582 3463
3417 3 2 1 1 3463 3582 3583 3464
3418 3 2 1 1 3464 3583 3584 3465
3419 3 2 1 1 3465 3584 3585 3466
3420 3 2 1 1 3466 3585 3586 3467
3421 3 2 1 1 3467 3586 3587 3468
3422 3 2 1 1 3468 3587 3588 3469
3423 3 2 1 1 3469 3588 3589 3470
3424 3 2 1 1 3470 3589 3590 3471
3425 3 2 1 1 3471 3590 3591 3472
3426 3 2 1 1 3472 3591 3592 3473
3427 3 2 1 1 3473 3592 3593 3474
3428 3 2 1 1 3474 3593 3594 3475
3429 3 2 1 1 3475 3594 3595 3476
3430 3 2 1 1 3476 3595 3596 3477
3431 3 2 1 1 3477 3596 3597 3478
3432 3 2 1 1 3478 3597 3598 3479
3433 3 2 1 1 3479 3598 3599 3480
3434 3 2 1 1 3480 3599 3600 3481
3435 3 2 1 1 3481 3600 3601 3482
3436 3 2 1 1 3482 3601 3602 3483
3437 3 2 1 1 3483 3602 3603 3484
3438 3 2 1 1 3484 3603 3604 3485
3439 3 2 1 1 3485 3604 3605 3486
3440 3 2 1 1 3486 3605 3606 3487
3441 3 2 1 1 3487 3606 3607 3488
3442 3 2 1 1 3488 3607 3608 3489
3443 3 2 1 1 3489 3608 3609 3490
3444 3 2 1 1 3490 3609 3610 3491
3445 3 2 1 1 3491 3610 3611 3492
3446 3 2 1 1 3492 3611 3612 3493
3447 3 2 1 1 3493 3612 3613 3494
3448 3 2 1 1 3494 3613 3614 3495
3449 3 2 1 1 3495 3614 3615 3496
3450 3 2 1 1 3496 3615 3616 3497
3451 3 2 1 1 3497 3616 3617 3498
3452 3 2 1 1 3498 3617 3618 3499
3453 3 2 1 1 3499 3618 3619 3500
3454 3 2 1 1 3500 3619 3620 3501
3455 3 2 1 1 3501 3620 3621 3502
3456 3 2 1 1 3502 3621 22 23
3457 3 2 1 1 190 191 3622 3503
3458 3 2 1 1 3503 3622 3623 3504
3459 3 2 1 1 3504 3623 3624 3505
3460 3 2 1 1 3505 3624 3625 3506
3461 3 2 1 1 3506 3625 3626 3507
3462 3 2 1 1 3507 3626 3627 3508
3463 3 2 1 1 3508 3627 3628 3509
3464 3 2 1 1 3509 3628 3629 3510
3465 3 2 1 1 3510 3629 3630 3511
3466 3 2 1 1 3511 3630 3631 3512
3467 3 2 1 1 3512 3631 3632 3513
3468 3 2 1 1 3513 3632 3633 3514
3469 3 2 1 1 3514 3633 3634 3515
3470 3 2 1 1 3515 3634 3635 3516
3471 3 2 1 1 3516 3635 3636 3517
3472 3 2 1 1 3517 3636 3637 3518
3473 3 2 1 1 3518 3637 3638 3519
3474 3 2 1 1 3519 3638 3639 3520
3475 3 2 1 1 3520 3639 3640 3521
3476 3 2 1 1 3521 3640 3641 3522
3477 3 2 1 1 3522 3641 3642 3523
3478 3 2 1 1 3523 3642 3643 3524
3479 3 2 1 1 3524 3643 3644 3525
3480 3 2 1 1 3525 3644 3645 3526
3481 3 2 1 1 3526 3645 3646 3527
3482 3 2 1 1 3527 3646 3647 3528
3483 3 2 1 1 3528 3647 3648 3529
3484 3 2 1 1 3529 3648 3649 3530
3485 3 2 1 1 3530 3649 3650 3531
3486 3 2 1 1 3531 3650 3651 3532
3487 3 2 1 1 3532 3651 3652 3533
3488 3 2 1 1 3533 3652 3653 3534
3489 3 2 1 1 3534 3653 3654 3535
3490 3 2 1 1 3535 3654 3655 3536
3491 3 2 1 1 3536 3655 3656 3537
3492 3 2 1 1 3537 3656 3657 3538
3493 3 2 1 1 3538 3657 3658 3539
3494 3 2 1 1 3539 3658 3659 3540
3495 3 2 1 1 3540 3659 3660 3541
3496 3 2 1 1 3541 3660 3661 3542
3497 3 2 1 1 3542 3661 3662 3543
3498 3 2 1 1 3543 3662 3663 3544
3499 3 2 1 1 3544 3663 3664 3545
3500 3 2 1 1 3545 3664 3665 3546
3501 3 2 1 1 3546 3665 3666 3547
3502 3 2 1 1 3547 3666 3667 3548
3503 3 2 1 1 3548 3667 3668 3549
3504 3 2 1 1 3549 3668 3669 3550
3505 3 2 1 1 3550 3669 3670 3551
3506 3 2 1 1 3551 3670 3671 3552
3507 3 2 1 1 3552 3671 3672 3553
3508 3 2 1 1 3553 3672 3673 3554
3509 3 2 1 1 3554 3673 3674 3555
3510 3 2 1 1 3555 3674 3675 3556
3511 3 2 1 1 3556 3675 3676 3557
3512 3 2 1 1 3557 3676 3677 3558
3513 3 2 1 1 3558 3677 3678 3559
3514 3 2 1 1 3559 3678 3679 3560
3515 3 2 1 1 3560 3679 3680 3561
3516 3 2 1 1 3561 3680 3681 3562
3517 3 2 1 1 3562 3681 3682 3563
3518 3 2 1 1 3563 3682 3683 3564
3519 3 2 1 1 3564 3683 3684 3565
3520 3 2 1 1 3565 3684 3685 3566
3521 3 2 1 1 3566 3685 3686 3567
3522 3 2 1 1 3567 3686 3687 3568
3523 3 2 1 1 3568 3687 3688 3569
3524 3 2 1 1 3569 3688 3689 3570
3525 3 2 1 1 3570 3689 3690 3571
3526 3 2 1 1 3571 3690 3691 3572
3527 3 2 1 1 3572 3691 3692 3573
3528 3 2 1 1 3573 3692 3693 3574
3529 3 2 1 1 3574 3693 3694 3575
3530 3 2 1 1 3575 3694 3695 3576
3531 3 2 1 1 3576 3695 3696 3577
3532 3 2 1 1 3577 3696 3697 3578
3533 3 2 1 1 3578 3697 3698 3579
3534 3 2 1 1 3579 3698 3699 3580
3535 3 2 1 1 3580 3699 3700 3581
3536 3 2 1 1 3581 3700 3701 3582
3537 3 2 1 1 3582 3701 3702 3583
3538 3 2 1 1 3583 3702 3703 3584
3539 3 2 1 1 3584 3703 3704 3585
3540 3 2 1 1 3585 3704 3705 3586
3541 3 2 1 1 3586 3705 3706 3587
3542 3 2 1 1 3587 3706 3707 3588
3543 3 2 1 1 3588 3707 3708 3589
3544 3 2 1 1 3589 3708 3709 3590
3545 3 2 1 1 3590 3709 3710 3591
3546 3 2 1 1 3591 3710 3711 3592
3547 3 2 1 1 3592 3711 3712 3593
3548 3 2 1 1 3593 3712 3713 3594
3549 3 2 1 1 3594 3713 3714 3595
3550 3 2 1 1 3595 3714 3715 3596
3551 3 2 1 1 3596 3715 3716 3597
3552 3 2 1 1 3597 3716 3717 3598
3553 3 2 1 1 3598 3717 3718 3599
3554 3 2 1 1 3599 3718 3719 3600
3555 3 2 1 1 3600 3719 3720 3601
3556 3 2 1 1 3601 3720 3721 3602
3557 3 2 1 1 3602 3721 3722 3603
3558 3 2 1 1 3603 3722 3723 3604
3559 3 2 1 1 3604 3723 3724 3605
3560 3 2 1 1 3605 3724 3725 3606
3561 3 2 1 1 3606 3725 3726 3607
3562 3 2 1 1 3607 3726 3727 3608
3563 3 2 1 1 3608 3727 3728 3609
3564 3 2 1 1 3609 3728 3729 3610
3565 3 2 1 1 3610 3729 3730 3611
3566 3 2 1 1 3611 3730 3731 3612
3567 3 2 1 1 3612 3731 3732 3613
3568 3 2 1 1 3613 3732 3733 3614
3569 3 2 1 1 3614 3733 3734 3615
3570 3 2 1 1 3615 3734 3735 3616
3571 3 2 1 1 3616 3735 3736 3617
3572 3 2 1 1 3617 3736 3737 3618
3573 3 2 1 1 3618 3737 3738 3619
3574 3 2 1 1 3619 3738 3739 3620
3575 3 2 1 1 3620 3739 3740 3621
3576 3 2 1 1 3621 3740 21 22
3577 3 2 1 1 191 192 3741 3622
3578 3 2 1 1 3622 3741 3742 3623
3579 3 2 1 1 3623 3742 3743 3624
3580 3 2 1 1 3624 3743 3744 3625
3581 3 2 1 1 3625 3744 3745 3626
3582 3 2 1 1 3626 3745 3746 3627
3583 3 2 1 1 3627 3746 3747 3628
3584 3 2 1 1 3628 3747 3748 3629
3585 3 2 1 1 3629 3748 3749 3630
3586 3 2 1 1 3630 3749 3750 3631
3587 3 2 1 1 3631 3750 3751 3632
3588 3 2 1 1 3632 3751 3752 3633
3589 3 2 1 1 3633 3752 3753 3634
3590 3 2 1 1 3634 3753 3754 3635
3591 3 2 1 1 3635 3754 3755 3636
3592 3 2 1 1 3636 3755 3756 3637
3593 3 2 1 1 3637 3756 3757 3638
3594 3 2 1 1 3638 3757 3758 3639
3595 3 2 1 1 3639 3758 3759 3640
3596 3 2 1 1 3640 3759 3760 3641
3597 3 2 1 1 3641 3760 3761 3642
3598 3 2 1 1 3642 3761 3762 3643
3599 3 2 1 1 3643 3762 3763 3644
3600 3 2 1 1 3644 3763 3764 3645
3601 3 2 1 1 3645 3764 3765 3646
3602 3 2 1 1 3646 3765 3766 3647
3603 3 2 1 1 3647 3766 3767 3648
3604 3 2 1 1 3648 3767 3768 3649
3605 3 2 1 1 3649 3768 3769 3650
3606 3 2 1 1 3650 3769 3770 3651
3607 3 2 1 1 3651 3770 3771 3652
3608 3 2 1 1 3652 3771 3772 3653
3609 3 2 1 1 3653 3772 3773 3654
3610 3 2 1 1 3654 3773 3774 3655
3611 3 2 1 1 3655 3774 3775 3656
3612 3 2 1 1 3656 3775 3776 3657
3613 3 2 1 1 3657 3776 3777 3658
3614 3 2 1 1 3658 3777 3778 3659
3615 3 2 1 1 3659 3778 3779 3660
3616 3 2 1 1 3660 3779 3780 3661
3617 3 2 1 1 3661 3780 3781 3662
3618 3 2 1 1 3662 3781 3782 3663
3619 3 2 1 1 3663 3782 3783 3664
3620 3 2 1 1 3664 3783 3784 3665
3621 3 2 1 1 3665 3784 3785 3666
3622 3 2 1 1 3666 3785 3786 3667
3623 3 2 1 1 3667 3786 3787 3668
3624 3 2 1 1 3668 3787 3788 3669
3625 3 2 1 1 3669 3788 3789 3670
3626 3 2 1 1 3670 3789 3790 3671
3627 3 2 1 1 3671 3790 3791 3672
3628 3 2 1 1 3672 3791 3792 3673
3629 3 2 1 1 3673 3792 3793 3674
3630 3 2 1 1 3674 3793 3794 3675
3631 3 2 1 1 3675 3794 3795 3676
3632 3 2 1 1 3676 3795 3796 3677
3633 3 2 1 1 3677 3796 3797 3678
3634 3 2 1 1 3678 3797 3798 3679
3635 3 2 1 1 3679 3798 3799 3680
3636 3 2 1 1 3680 3799 3800 3681
3637 3 2 1 1 3681 3800 3801 3682
3638 3 2 1 1 3682 3801 3802 3683
3639 3 2 1 1 3683 3802 3803 3684
3640 3 2 1 1 3684 3803 3804 3685
3641 3 2 1 1 3685 3804 3805 3686
3642 3 2 1 1 3686 3805 3806 3687
3643 3 2 1 1 3687 3806 3807 3688
3644 3 2 1 1 3688 3807 3808 3689
3645 3 2 1 1 3689 3808 3809 3690
3646 3 2 1 1 3690 3809 3810 3691
3647 3 2 1 1 3691 3810 3811 3692
3648 3 2 1 1 3692 3811 3812 3693
3649 3 2 1 1 3693 3812 3813 3694
3650 3 2 1 1 3694 3813 3814 3695
3651 3 2 1 1 3695 3814 3815 3696
3652 3 2 1 1 3696 3815 3816 3697
3653 3 2 1 1 3697 3816 3817 3698
3654 3 2 1 1 3698 3817 3818 3699
3655 3 2 1 1 3699 3818 3819 3700
3656 3 2 1 1 3700 3819 3820 3701
3657 3 2 1 1 3701 3820 3821 3702
3658 3 2 1 1 3702 3821 3822 3703
3659 3 2 1 1 3703 3822 3823 3704
3660 3 2 1 1 3704 3823 3824 3705
3661 3 2 1 1 3705 3824 3825 3706
3662 3 2 1 1 3706 3825 3826 3707
3663 3 2 1 1 3707 3826 3827 3708
3664 3 2 1 1 3708 3827 3828 3709
3665 3 2 1 1 3709 3828 3829 3710
3666 3 2 1 1 3710 3829 3830 3711
3667 3 2 1 1 3711 3830 3831 3712
3668 3 2 1 1 3712 3831 3832 3713
3669 3 2 1 1 3713 3832 3833 3714
3670 3 2 1 1 3714 3833 3834 3715
3671 3 2 1 1 3715 3834 3835 3716
3672 3 2 1 1 3716 3835 3836 3717
3673 3 2 1 1 3717 3836 3837 3718
3674 3 2 1 1 3718 3837 3838 3719
3675 3 2 1 1 3719 3838 3839 3720
3676 3 2 1 1 3720 3839 3840 3721
3677 3 2 1 1 3721 3840 3841 3722
3678 3 2 1 1 3722 3841 3842 3723
3679 3 2 1 1 3723 3842 3843 3724
3680 3 2 1 1 3724 3843 3844 3725
3681 3 2 1 1 3725 3844 3845 3726
3682 3 2 1 1 3726 3845 3846 3727
3683 3 2 1 1 3727 3846 3847 3728
3684 3 2 1 1 3728 3847 3848 3729
3685 3 2 1 1 3729 3848 3849 3730
3686 3 2 1 1 3730 3849 3850 3731
3687 3 2 1 1 3731 3850 3851 3732
3688 3 2 1 1 3732 3851 3852 3733
3689 3 2 1 1 3733 3852 3853 3734
3690 3 2 1 1 3734 3853 3854 3735
3691 3 2 1 1 3735 3854 3855 3736
3692 3 2 1 1 3736 3855 3856 3737
3693 3 2 1 1 3737 3856 3857 3738
3694 3 2 1 1 3738 3857 3858 3739
3695 3 2 1 1 3739 3858 3859 3740
3696 3 2 1 1 3740 3859 20 21
3697 3 2 1 1 192 193 3860 3741
3698 3 2 1 1 3741 3860 3861 3742
3699 3 2 1 1 3742 3861 3862 3743
3700 3 2 1 1 3743 3862 3863 3744
3701 3 2 1 1 3744 3863 3864 3745
3702 3 2 1 1 3745 3864 3865 3746
3703 3 2 1 1 3746 3865 3866 3747
3704 3 2 1 1 3747 3866 3867 3748
3705 3 2 1 1 3748 3867 3868 3749
3706 3 2 1 1 3749 3868 3869 3750
3707 3 2 1 1 3750 3869 3870 3751
3708 3 2 1 1 3751 3870 3871 3752
3709 3 2 1 1 3752 3871 3872 3753
3710 3 2 1 1 3753 3872 3873 3754
3711 3 2 1 1 3754 3873 3874 3755
3712 3 2 1 1 3755 3874 3875 3756
3713 3 2 1 1 3756 3875 3876 3757
3714 3 2 1 1 3757 3876 3877 3758
3715 3 2 1 1 3758 3877 3878 3759
3716 3 2 1 1 3759 3878 3879 3760
3717 3 2 1 1 3760 3879 3880 3761
3718 3 2 1 1 3761 3880 3881 3762
3719 3 2 1 1 3762 3881 3882 3763
3720 3 2 1 1 3763 3882 3883 3764
3721 3 2 1 1 3764 3883 3884 3765
3722 3 2 1 1 3765 3884 3885 3766
3723 3 2 1 1 3766 3885 3886 3767
3724 3 2 1 1 3767 3886 3887 3768
3725 3 2 1 1 3768 3887 3888 3769
3726 3 2 1 1 3769 3888 3889 3770
3727 3 2 1 1 3770 3889 3890 3771
3728 3 2 1 1 3771 3890 3891 3772
3729 3 2 1 1 3772 3891 3892 3773
3730 3 2 1 1 3773 3892 3893 3774
3731 3 2 1 1 3774 3893 3894 3775
3732 3 2 1 1 3775 3894 3895 3776
3733 3 2 1 1 3776 3895 3896 3777
3734 3 2 1 1 3777 3896 3897 3778
3735 3 2 1 1 3778 3897 3898 3779
3736 3 2 1 1 3779 3898 3899 3780
3737 3 2 1 1 3780 3899 3900 3781
3738 3 2 1 1 3781 3900 3901 3782
3739 3 2 1 1 3782 3901 3902 3783
3740 3 2 1 1 3783 3902 3903 3784
3741 3 2 1 1 3784 3903 3904 3785
3742 3 2 1 1 3785 3904 3905 3786
3743 3 2 1 1 3786 3905 3906 3787
3744 3 2 1 1 3787 3906 3907 3788
3745 3 2 1 1 3788 3907 3908 3789
3746 3 2 1 1 3789 3908 3909 3790
3747 3 2 1 1 3790 3909 3910 3791
3748 3 2 1 1 3791 3910 3911 3792
3749 3 2 1 1 3792 3911 3912 3793
3750 3 2 1 1 3793 3912 3913 3794
3751 3 2 1 1 3794 3913 3914 3795
3752 3 2 1 1 3795 3914 3915 3796
3753 3 2 1 1 3796 3915 3916 3797
3754 3 2 1 1 3797 3916 3917 3798
3755 3 2 1 1 3798 3917 3918 3799
3756 3 2 1 1 3799 3918 3919 3800
3757 3 2 1 1 3800 3919 3920 3801
3758 3 2 1 1 3801 3920 3921 3802
3759 3 2 1 1 3802 3921 3922 3803
3760 3 2 1 1 3803 3922 3923 3804
3761 3 2 1 1 3804 3923 3924 3805
3762 3 2 1 1 3805 3924 3925 3806
3763 3 2 1 1 3806 3925 3926 3807
3764 3 2 1 1 3807 3926 3927 3808
3765 3 2 1 1 3808 3927 3928 3809
3766 3 2 1 1 3809 3928 3929 3810
3767 3 2 1 1 3810 3929 3930 3811
3768 3 2 1 1 3811 3930 3931 3812
3769 3 2 1 1 3812 3931 3932 3813
3770 3 2 1 1 3813 3932 3933 3814
3771 3 2 1 1 3814 3933 3934 3815
3772 3 2 1 1 3815 3934 3935 3816
3773 3 2 1 1 3816 3935 3936 3817
3774 3 2 1 1 3817 3936 3937 3818
3775 3 2 1 1 3818 3937 3938 3819
3776 3 2 1 1 3819 3938 3939 3820
3777 3 2 1 1 3820 3939 3940 3821
3778 3 2 1 1 3821 3940 3941 3822
3779 3 2 1 1 3822 3941 3942 3823
3780 3 2 1 1 3823 3942 3943 3824
3781 3 2 1 1 3824 3943 3944 3825
3782 3 2 1 1 3825 3944 3945 3826
3783 3 2 1 1 3826 3945 3946 3827
3784 3 2 1 1 3827 3946 3947 3828
3785 3 2 1 1 3828 3947 3948 3829
3786 3 2 1 1 3829 3948 3949 3830
3787 3 2 1 1 3830 3949 3950 3831
3788 3 2 1 1 3831 3950 3951 3832
3789 3 2 1 1 3832 3951 3952 3833
3790 3 2 1 1 3833 3952 3953 3834
3791 3 2 1 1 3834 3953 3954 3835
3792 3 2 1 1 3835 3954 3955 3836
3793 3 2 1 1 3836 3955 3956 3837
3794 3 2 1 1 3837 3956 3957 3838
3795 3 2 1 1 3838 3957 3958 3839
3796 3 2 1 1 3839 3958 3959 3840
3797 3 2 1 1 3840 3959 3960 3841
3798 3 2 1 1 3841 3960 3961 3842
3799 3 2 1 1 3842 3961 3962 3843
3800 3 2 1 1 3843 3962 3963 3844
3801 3 2 1 1 3844 3963 3964 3845
3802 3 2 1 1 3845 3964 3965 3846
3803 3 2 1 1 3846 3965 3966 3847
3804 3 2 1 1 3847 3966 3967 3848
3805 3 2 1 1 3848 3967 3968 3849
3806 3 2 1 1 3849 3968 3969 3850
3807 3 2 1 1 3850 3969 3970 3851
3808 3 2 1 1 3851 3970 3971 3852
3809 3 2 1 1 3852 3971 3972 3853
3810 3 2 1 1 3853 3972 3973 3854
3811 3 2 1 1 3854 3973 3974 3855
3812 3 2 1 1 3855 3974 3975 3856
3813 3 2 1 1 3856 3975 3976 3857
3814 3 2 1 1 3857 3976 3977 3858
3815 3 2 1 1 3858 3977 3978 3859
3816 3 2 1 1 3859 3978 19 20
3817 3 2 1 1 193 194 3979 3860
3818 3 2 1 1 3860 3979 3980 3861
3819 3 2 1 1 3861 3980 3981 3862
3820 3 2 1 1 3862 3981 3982 3863
3821 3 2 1 1 3863 3982 3983 3864
3822 3 2 1 1 3864 3983 3984 3865
3823 3 2 1 1 3865 3984 3985 3866
3824 3 2 1 1 3866 3985 3986 3867
3825 3 2 1 1 3867 3986 3987 3868
3826 3 2 1 1 3868 3987 3988 3869
3827 3 2 1 1 3869 3988 3989 3870
3828 3 2 1 1 3870 3989 3990 3871
3829 3 2 1 1 3871 3990 3991 3872
3830 3 2 1 1 3872 3991 3992 3873
3831 3 2 1 1 3873 3992 3993 3874
3832 3 2 1 1 3874 3993 3994 3875
3833 3 2 1 1 3875 3994 3995 3876
3834 3 2 1 1 3876 3995 3996 3877
3835 3 2 1 1 3877 3996 3997 3878
3836 3 2 1 1 3878 3997 3998 3879
3837 3 2 1 1 3879 3998 3999 3880
3838 3 2 1 1 3880 3999 4000 3881
3839 3 2 1 1 3881 4000 4001 3882
3840 3 2 1 1 3882 4001 4002 3883
3841 3 2 1 1 3883 4002 4003 3884
3842 3 2 1 1 3884 4003 4004 3885
3843 3 2 1 1 3885 4004 4005 3886
3844 3 2 1 1 3886 4005 4006 3887
3845 3 2 1 1 3887 4006 4007 3888
3846 3 2 1 1 3888 4007 4008 3889
3847 3 2 1 1 3889 4008 4009 3890
3848 3 2 1 1 3890 4009 4010 3891
3849 3 2 1 1 3891 4010 4011 3892
3850 3 2 1 1 3892 4011 4012 3893
3851 3 2 1 1 3893 4012 4013 3894
3852 3 2 1 1 3894 4013 4014 3895
3853 3 2 1 1 3895 4014 4015 3896
3854 3 2 1 1 3896 4015 4016 3897
3855 3 2 1 1 3897 4016 4017 3898
3856 3 2 1 1 3898 4017 4018 3899
3857 3 2 1 1 3899 4018 4019 3900
3858 3 2 1 1 3900 4019 4020 3901
3859 3 2 1 1 3901 4020 4021 3902
3860 3 2 1 1 3902 4021 4022 3903
3861 3 2 1 1 3903 4022 4023 3904
3862 3 2 1 1 3904 4023 4024 3905
3863 3 2 1 1 3905 4024 4025 3906
3864 3 2 1 1 3906 4025 4026 3907
3865 3 2 1 1 3907 4026 4027 3908
3866 3 2 1 1 3908 4027 4028 3909
3867 3 2 1 1 3909 4028 4029 3910
3868 3 2 1 1 3910 4029 4030 3911
3869 3 2 1 1 3911 4030 4031 3912
3870 3 2 1 1 3912 4031 4032 3913
3871 3 2 1 1 3913 4032 4033 3914
3872 3 2 1 1 3914 4033 4034 3915
3873 3 2 1 1 3915 4034 4035 3916
3874 3 2 1 1 3916 4035 4036 3917
3875 3 2 1 1 3917 4036 4037 3918
3876 3 2 1 1 3918 4037 4038 3919
3877 3 2 1 1 3919 4038 4039 3920
3878 3 2 1 1 3920 4039 4040 3921
3879 3 2 1 1 3921 4040 4041 3922
3880 3 2 1 1 3922 4041 4042 3923
3881 3 2 1 1 3923 4042 4043 3924
3882 3 2 1 1 3924 4043 4044 3925
3883 3 2 1 1 3925 4044 4045 3926
3884 3 2 1 1 3926 4045 4046 3927
3885 3 2 1 1 3927 4046 4047 3928
3886 3 2 1 1 3928 4047 4048 3929
3887 3 2 1 1 3929 4048 4049 3930
3888 3 2 1 1 3930 4049 4050 3931
3889 3 2 1 1 3931 4050 4051 3932
3890 3 2 1 1 3932 4051 4052 3933
3891 3 2 1 1 3933 4052 4053 3934
3892 3 2 1 1 3934 4053 4054 3935
3893 3 2 1 1 3935 4054 4055 3936
3894 3 2 1 1 3936 4055 4056 3937
3895 3 2 1 1 3937 4056 4057 3938
3896 3 2 1 1 3938 4057 4058 3939
3897 3 2 1 1 3939 4058 4059 3940
3898 3 2 1 1 3940 4059 4060 3941
3899 3 2 1 1 3941 4060 4061 3942
3900 3 2 1 1 3942 4061 4062 3943
3901 3 2 1 1 3943 4062 4063 3944
3902 3 2 1 1 3944 4063 4064 3945
3903 3 2 1 1 3945 4064 4065 3946
3904 3 2 1 1 3946 4065 4066 3947
3905 3 2 1 1 3947 4066 4067 3948
3906 3 2 1 1 3948 4067 4068 3949
3907 3 2 1 1 3949 4068 4069 3950
3908 3 2 1 1 3950 4069 4070 3951
3909 3 2 1 1 3951 4070 4071 3952
3910 3 2 1 1 3952 4071 4072 3953
3911 3 2 1 1 3953 4072 4073 3954
3912 3 2 1 1 3954 4073 4074 3955
3913 3 2 1 1 3955 4074 4075 3956
3914 3 2 1 1 3956 4075 4076 3957
3915 3 2 1 1 3957 4076 4077 3958
3916 3 2 1 1 3958 4077 4078 3959
3917 3 2 1 1 3959 4078 4079 3960
3918 3 2 1 1 3960 4079 4080 3961
3919 3 2 1 1 3961 4080 4081 3962
3920 3 2 1 1 3962 4081 4082 3963
3921 3 2 1 1 3963 4082 4083 3964
3922 3 2 1 1 3964 4083 4084 3965
3923 3 2 1 1 3965 4084 4085 3966
3924 3 2 1 1 3966 4085 4086 3967
3925 3 2 1 1 3967 4086 4087 3968
3926 3 2 1 1 3968 4087 4088 3969
3927 3 2 1 1 3969 4088 4089 3970
3928 3 2 1 1 3970 4089 4090 3971
3929 3 2 1 1 3971 4090 4091 3972
3930 3 2 1 1 3972 4091 4092 3973
3931 3 2 1 1 3973 4092 4093 3974
3932 3 2 1 1 3974 4093 4094 3975
3933 3 2 1 1 3975 4094 4095 3976
3934 3 2 1 1 3976 4095 4096 3977
3935 3 2 1 1 3977 4096 4097 3978
3936 3 2 1 1 3978 4097 18 19
3937 3 2 1 1 194 195 4098 3979
3938 3 2 1 1 3979 4098 4099 3980
3939 3 2 1 1 3980 4099 4100 3981
3940 3 2 1 1 3981 4100 4101 3982
3941 3 2 1 1 3982 4101 4102 3983
3942 3 2 1 1 3983 4102 4103 3984
3943 3 2 1 1 3984 4103 4104 3985
3944 3 2 1 1 3985 4104 4105 3986
3945 3 2 1 1 3986 4105 4106 3987
3946 3 2 1 1 3987 4106 4107 3988
3947 3 2 1 1 3988 4107 4108 3989
3948 3 2 1 1 3989 4108 4109 3990
3949 3 2 1 1 3990 4109 4110 3991
3950 3 2 1 1 3991 4110 4111 3992
3951 3 2 1 1 3992 4111 4112 3993
3952 3 2 1 1 3993 4112 4113 3994
3953 3 2 1 1 3994 4113 4114 3995
3954 3 2 1 1 3995 4114 4115 3996
3955 3 2 1 1 3996 4115 4116 3997
3956 3 2 1 1 3997 4116 4117 3998
3957 3 2 1 1 3998 4117 4118 3999
3958 3 2 1 1 3999 4118 4119 4000
3959 3 2 1 1 4000 4119 4120 4001
3960 3 2 1 1 4001 4120 4121 4002
3961 3 2 1 1 4002 4121 4122 4003
3962 3 2 1 1 4003 4122 4123 4004
3963 3 2 1 1 4004 4123 4124 4005
3964 3 2 1 1 4005 4124 4125 4006
3965 3 2 1 1 4006 4125 4126 4007
3966 3 2 1 1 4007 4126 4127 4008
3967 3 2 1 1 4008 4127 4128 4009
3968 3 2 1 1 4009 4128 4129 4010
3969 3 2 1 1 4010 4129 4130 4011
3970 3 2 1 1 4011 4130 4131 4012
3971 3 2 1 1 4012 4131 4132 4013
3972 3 2 1 1 4013 4132 4133 4014
3973 3 2 1 1 4014 4133 4134 4015
3974 3 2 1 1 4015 4134 4135 4016
3975 3 2 1 1 4016 4135 4136 4017
3976 3 2 1 1 4017 4136 4137 4018
3977 3 2 1 1 4018 4137 4138 4019
3978 3 2 1 1 4019 4138 4139 4020
3979 3 2 1 1 4020 4139 4140 4021
3980 3 2 1 1 4021 4140 4141 4022
3981 3 2 1 1 4022 4141 4142 4023
3982 3 2 1 1 4023 4142 4143 4024
3983 3 2 1 1 4024 4143 4144 4025
3984 3 2 1 1 4025 4144 4145 4026
3985 3 2 1 1 4026 4145 4146 4027
3986 3 2 1 1 4027 4146 4147 4028
3987 3 2 1 1 4028 4147 4148 4029
3988 3 2 1 1 4029 4148 4149 4030
3989 3 2 1 1 4030 4149 4150 4031
3990 3 2 1 1 4031 4150 4151 4032
3991 3 2 1 1 4032 4151 4152 4033
3992 3 2 1 1 4033 4152 4153 4034
3993 3 2 1 1 4034 4153 4154 4035
3994 3 2 1 1 4035 4154 4155 4036
3995 3 2 1 1 4036 4155 4156 4037
3996 3 2 1 1 4037 4156 4157 4038
3997 3 2 1 1 4038 4157 4158 4039
3998 3 2 1 1 4039 4158 4159 4040
3999 3 2 1 1 4040 4159 4160 4041
4000 3 2 1 1 4041 4160 4161 4042
4001 3 2 1 1 4042 4161 4162 4043
4002 3 2 1 1 4043 4162 4163 4044
4003 3 2 1 1 4044 4163 4164 4045
4004 3 2 1 1 4045 4164 4165 4046
4005 3 2 1 1 4046 4165 4166 4047
4006 3 2 1 1 4047 4166 4167 4048
4007 3 2 1 1 4048 4167 4168 4049
4008 3 2 1 1 4049 4168 4169 4050
4009 3 2 1 1 4050 4169 4170 4051
4010 3 2 1 1 4051 4170 4171 4052
4011 3 2 1 1 4052 4171 4172 4053
4012 3 2 1 1 4053 4172 4173 4054
4013 3 2 1 1 4054 4173 4174 4055
4014 3 2 1 1 4055 4174 4175 4056
4015 3 2 1 1 4056 4175 4176 4057
4016 3 2 1 1 4057 4176 4177 4058
4017 3 2 1 1 4058 4177 4178 4059
4018 3 2 1 1 4059 4178 4179 4060
4019 3 2 1 1 4060 4179 4180 4061
4020 3 2 1 1 4061 4180 4181 4062
4021 3 2 1 1 4062 4181 4182 4063
4022 3 2 1 1 4063 4182 4183 4064
4023 3 2 1 1 4064 4183 4184 4065
4024 3 2 1 1 4065 4184 4185 4066
4025 3 2 1 1 4066 4185 4186 4067
4026 3 2 1 1 4067 4186 4187 4068
4027 3 2 1 1 4068 4187 4188 4069
4028 3 2 1 1 4069 4188 4189 4070
4029 3 2 1 1 4070 4189 4190 4071
4030 3 2 1 1 4071 4190 4191 4072
4031 3 2 1 1 4072 4191 4192 4073
4032 3 2 1 1 4073 4192 4193 4074
4033 3 2 1 1 4074 4193 4194 4075
4034 3 2 1 1 4075 4194 4195 4076
4035 3 2 1 1 4076 4195 4196 4077
4036 3 2 1 1 4077 4196 4197 4078
4037 3 2 1 1 4078 4197 4198 4079
4038 3 2 1 1 4079 4198 4199 4080
4039 3 2 1 1 4080 4199 4200 4081
4040 3 2 1 1 4081 4200 4201 4082
4041 3 2 1 1 4082 4201 4202 4083
4042 3 2 1 1 4083 4202 4203 4084
4043 3 2 1 1 4084 4203 4204 4085
4044 3 2 1 1 4085 4204 4205 4086
4045 3 2 1 1 4086 4205 4206 4087
4046 3 2 1 1 4087 4206 4207 4088
4047 3 2 1 1 4088 4207 4208 4089
4048 3 2 1 1 4089 4208 4209 4090
4049 3 2 1 1 4090 4209 4210 4091
4050 3 2 1 1 4091 4210 4211 4092
4051 3 2 1 1 4092 4211 4212 4093
4052 3 2 1 1 4093 4212 4213 4094
4053 3 2 1 1 4094 4213 4214 4095
4054 3 2 1 1 4095 4214 4215 4096
4055 3 2 1 1 4096 4215 4216 4097
4056 3 2 1 1 4097 4216 17 18
4057 3 2 1 1 195 196 4217 4098
4058 3 2 1 1 4098 4217 4218 4099
4059 3 2 1 1 4099 4218 4219 4100
4060 3 2 1 1 4100 4219 4220 4101
4061 3 2 1 1 4101 4220 4221 4102
4062 3 2 1 1 4102 4221 4222 4103
4063 3 2 1 1 4103 4222 4223 4104
4064 3 2 1 1 4104 4223 4224 4105
4065 3 2 1 1 4105 4224 4225 4106
4066 3 2 1 1 4106 4225 4226 4107
4067 3 2 1 1 4107 4226 4227 4108
4068 3 2 1 1 4108 4227 4228 4109
4069 3 2 1 1 4109 4228 4229 4110
4070 3 2 1 1 4110 4229 4230 4111
4071 3 2 1 1 4111 4230 4231 4112
4072 3 2 1 1 4112 4231 4232 4113
4073 3 2 1 1 4113 4232 4233 4114
4074 3 2 1 1 4114 4233 4234 4115
4075 3 2 1 1 4115 4234 4235 4116
4076 3 2 1 1 4116 4235 4236 4117
4077 3 2 1 1 4117 4236 4237 4118
4078 3 2 1 1 4118 4237 4238 4119
4079 3 2 1 1 4119 4238 4239 4120
4080 3 2 1 1 4120 4239 4240 4121
4081 3 2 1 1 4121 4240 4241 4122
4082 3 2 1 1 4122 4241 4242 4123
4083 3 2 1 1 4123 4242 4243 4124
4084 3 2 1 1 4124 4243 4244 4125
4085 3 2 1 1 4125 4244 4245 4126
4086 3 2 1 1 4126 4245 4246 4127
4087 3 2 1 1 4127 4246 4247 4128
4088 3 2 1 1 4128 4247 4248 4129
4089 3 2 1 1 4129 4248 4249 4130
4090 3 2 1 1 4130 4249 4250 4131
4091 3 2 1 1 4131 4250 4251 4132
4092 3 2 1 1 4132 4251 4252 4133
4093 3 2 1 1 4133 4252 4253 4134
4094 3 2 1 1 4134 4253 4254 4135
4095 3 2 1 1 4135 4254 4255 4136
4096 3 2 1 1 4136 4255 4256 4137
4097 3 2 1 1 4137 4256 4257 4138
4098 3 2 1 1 4138 4257 4258 4139
4099 3 2 1 1 4139 4258 4259 4140
4100 3 2 1 1 4140 4259 4260 4141
4101 3 2 1 1 4141 4260 4261 4142
4102 3 2 1 1 4142 4261 4262 4143
4103 3 2 1 1 4143 4262 4263 4144
4104 3 2 1 1 4144 4263 4264 4145
4105 3 2 1 1 4145 4264 4265 4146
4106 3 2 1 1 4146 4265 4266 4147
4107 3 2 1 1 4147 4266 4267 4148
4108 3 2 1 1 4148 4267 4268 4149
4109 3 2 1 1 4149 4268 4269 4150
4110 3 2 1 1 4150 4269 4270 4151
4111 3 2 1 1 4151 4270 4271 4152
4112 3 2 1 1 4152 4271 4272 4153
4113 3 2 1 1 4153 4272 4273 4154
4114 3 2 1 1 4154 4273 4274 4155
4115 3 2 1 1 4155 4274 4275 4156
4116 3 2 1 1 4156 4275 4276 4157
4117 3 2 1 1 4157 4276 4277 4158
4118 3 2 1 1 4158 4277 4278 4159
4119 3 2 1 1 4159 4278 4279 4160
4120 3 2 1 1 4160 4279 4280 4161
4121 3 2 1 1 4161 4280 4281 4162
4122 3 2 1 1 4162 4281 4282 4163
4123 3 2 1 1 4163 4282 4283 4164
4124 3 2 1 1 4164 4283 4284 4165
4125 3 2 1 1 4165 4284 4285 4166
4126 3 2 1 1 4166 4285 4286 4167
4127 3 2 1 1 4167 4286 4287 4168
4128 3 2 1 1 4168 4287 4288 4169
4129 3 2 1 1 4169 4288 4289 4170
4130 3 2 1 1 4170 4289 4290 4171
4131 3 2 1 1 4171 4290 4291 4172
4132 3 2 1 1 4172 4291 4292 4173
4133 3 2 1 1 4173 4292 4293 4174
4134 3 2 1 1 4174 4293 4294 4175
4135 3 2 1 1 4175 4294 4295 4176
4136 3 2 1 1 4176 4295 4296 4177
4137 3 2 1 1 4177 4296 4297 4178
4138 3 2 1 1 4178 4297 4298 4179
4139 3 2 1 1 4179 4298 4299 4180
4140 3 2 1 1 4180 4299 4300 4181
4141 3 2 1 1 4181 4300 4301 4182
4142 3 2 1 1 4182 4301 4302 4183
4143 3 2 1 1 4183 4302 4303 4184
4144 3 2 1 1 4184 4303 4304 4185
4145 3 2 1 1 4185 4304 4305 4186
4146 3 2 1 1 4186 4305 4306 4187
4147 3 2 1 1 4187 4306 4307 4188
4148 3 2 1 1 4188 4307 4308 4189
4149 3 2 1 1 4189 4308 4309 4190
4150 3 2 1 1 4190 4309 4310 4191
4151 3 2 1 1 4191 4310 4311 4192
4152 3 2 1 1 4192 4311 4312 4193
4153 3 2 1 1 4193 4312 4313 4194
4154 3 2 1 1 4194 4313 4314 4195
4155 3 2 1 1 4195 4314 4315 4196
4156 3 2 1 1 4196 4315 4316 4197
4157 3 2 1 1 4197 4316 4317 4198
4158 3 2 1 1 4198 4317 4318 4199
4159 3 2 1 1 4199 4318 4319 4200
4160 3 2 1 1 4200 4319 4320 4201
4161 3 2 1 1 4201 4320 4321 4202
4162 3 2 1 1 4202 4321 4322 4203
4163 3 2 1 1 4203 4322 4323 4204
4164 3 2 1 1 4204 4323 4324 4205
4165 3 2 1 1 4205 4324 4325 4206
4166 3 2 1 1 4206 4325 4326 4207
4167 3 2 1 1 4207 4326 4327 4208
4168 3 2 1 1 4208 4327 4328 4209
4169 3 2 1 1 4209 4328 4329 4210
4170 3 2 1 1 4210 4329 4330 4211
4171 3 2 1 1 4211 4330 4331 4212
4172 3 2 1 1 4212 4331 4332 4213
4173 3 2 1 1 4213 4332 4333 4214
4174 3 2 1 1 4214 4333 4334 4215
4175 3 2 1 1 4215 4334 4335 4216
4176 3 2 1 1 4216 4335 16 17
4177 3 2 1 1 196 197 4336 4217
4178 3 2 1 1 4217 4336 4337 4218
4179 3 2 1 1 4218 4337 4338 4219
4180 3 2 1 1 4219 4338 4339 4220
4181 3 2 1 1 4220 4339 4340 4221
4182 3 2 1 1 4221 4340 4341 4222
4183 3 2 1 1 4222 4341 4342 4223
4184 3 2 1 1 4223 4342 4343 4224
4185 3 2 1 1 4224 4343 4344 4225
4186 3 2 1 1 4225 4344 4345 4226
4187 3 2 1 1 4226 4345 4346 4227
4188 3 2 1 1 4227 4346 4347 4228
4189 3 2 1 1 4228 4347 4348 4229
4190 3 2 1 1 4229 4348 4349 4230
4191 3 2 1 1 4230 4349 4350 4231
4192 3 2 1 1 4231 4350 4351 4232
4193 3 2 1 1 4232 4351 4352 4233
4194 3 2 1 1 4233 4352 4353 4234
4195 3 2 1 1 4234 4353 4354 4235
4196 3 2 1 1 4235 4354 4355 4236
4197 3 2 1 1 4236 4355 4356 4237
4198 3 2 1 1 4237 4356 4357 4238
4199 3 2 1 1 4238 4357 4358 4239
4200 3 2 1 1 4239 4358 4359 4240
4201 3 2 1 1 4240 4359 4360 4241
4202 3 2 1 1 4241 4360 4361 4242
4203 3 2 1 1 4242 4361 4362 4243
4204 3 2 1 1 4243 4362 4363 4244
4205 3 2 1 1 4244 4363 4364 4245
4206 3 2 1 1 4245 4364 4365 4246
4207 3 2 1 1 4246 4365 4366 4247
4208 3 2 1 1 4247 4366 4367 4248
4209 3 2 1 1 4248 4367 4368 4249
4210 3 2 1 1 4249 4368 4369 4250
4211 3 2 1 1 4250 4369 4370 4251
4212 3 2 1 1 4251 4370 4371 4252
4213 3 2 1 1 4252 4371 4372 4253
4214 3 2 1 1 4253 4372 4373 4254
4215 3 2 1 1 4254 4373 4374 4255
4216 3 2 1 1 4255 4374 4375 4256
4217 3 2 1 1 4256 4375 4376 4257
4218 3 2 1 1 4257 4376 4377 4258
4219 3 2 1 1 4258 4377 4378 4259
4220 3 2 1 1 4259 4378 4379 4260
4221 3 2 1 1 4260 4379 4380 4261
4222 3 2 1 1 4261 4380 4381 4262
4223 3 2 1 1 4262 4381 4382 4263
4224 3 2 1 1 4263 4382 4383 4264
4225 3 2 1 1 4264 4383 4384 4265
4226 3 2 1 1 4265 4384 4385 4266
4227 3 2 1 1 4266 4385 4386 4267
4228 3 2 1 1 4267 4386 4387 4268
4229 3 2 1 1 4268 4387 4388 4269
4230 3 2 1 1 4269 4388 4389 4270
4231 3 2 1 1 4270 4389 4390 4271
4232 3 2 1 1 4271 4390 4391 4272
4233 3 2 1 1 4272 4391 4392 4273
4234 3 2 1 1 4273 4392 4393 4274
4235 3 2 1 1 4274 4393 4394 4275
4236 3 2 1 1 4275 4394 4395 4276
4237 3 2 1 1 4276 4395 4396 4277
4238 3 2 1 1 4277 4396 4397 4278
4239 3 2 1 1 4278 4397 4398 4279
4240 3 2 1 1 4279 4398 4399 4280
4241 3 2 1 1 4280 4399 4400 4281
4242 3 2 1 1 4281 4400 4401 4282
4243 3 2 1 1 4282 4401 4402 4283
4244 3 2 1 1 4283 4402 4403 4284
4245 3 2 1 1 4284 4403 4404 4285
4246 3 2 1 1 4285 4404 4405 4286
4247 3 2 1 1 4286 4405 4406 4287
4248 3 2 1 1 4287 4406 4407 4288
4249 3 2 1 1 4288 4407 4408 4289
4250 3 2 1 1 4289 4408 4409 4290
4251 3 2 1 1 4290 4409 4410 4291
4252 3 2 1 1 4291 4410 4411 4292
4253 3 2 1 1 4292 4411 4412 4293
4254 3 2 1 1 4293 4412 4413 4294
4255 3 2 1 1 4294 4413 4414 4295
4256 3 2 1 1 4295 4414 4415 4296
4257 3 2 1 1 4296 4415 4416 4297
4258 3 2 1 1 4297 4416 4417 4298
4259 3 2 1 1 4298 4417 4418 4299
4260 3 2 1 1 4299 4418 4419 4300
4261 3 2 1 1 4300 4419 4420 4301
4262 3 2 1 1 4301 4420 4421 4302
4263 3 2 1 1 4302 4421 4422 4303
4264 3 2 1 1 4303 4422 4423 4304
4265 3 2 1 1 4304 4423 4424 4305
4266 3 2 1 1 4305 4424 4425 4306
4267 3 2 1 1 4306 4425 4426 4307
4268 3 2 1 1 4307 4426 4427 4308
4269 3 2 1 1 4308 4427 4428 4309
4270 3 2 1 1 4309 4428 4429 4310
4271 3 2 1 1 4310 4429 4430 4311
4272 3 2 1 1 4311 4430 4431 4312
4273 3 2 1 1 4312 4431 4432 4313
4274 3 2 1 1 4313 4432 4433 4314
4275 3 2 1 1 4314 4433 4434 4315
4276 3 2 1 1 4315 4434 4435 4316
4277 3 2 1 1 4316 4435 4436 4317
4278 3 2 1 1 4317 4436 4437 4318
4279 3 2 1 1 4318 4437 4438 4319
4280 3 2 1 1 4319 4438 4439 4320
4281 3 2 1 1 4320 4439 4440 4321
4282 3 2 1 1 4321 4440 4441 4322
4283 3 2 1 1 4322 4441 4442 4323
4284 3 2 1 1 4323 4442 4443 4324
4285 3 2 1 1 4324 4443 4444 4325
4286 3 2 1 1 4325 4444 4445 4326
4287 3 2 1 1 4326 4445 4446 4327
4288 3 2 1 1 4327 4446 4447 4328
4289 3 2 1 1 4328 4447 4448 4329
4290 3 2 1 1 4329 4448 4449 4330
4291 3 2 1 1 4330 4449 4450 4331
4292 3 2 1 1 4331 4450 4451 4332
4293 3 2 1 1 4332 4451 4452 4333
4294 3 2 1 1 4333 4452 4453 4334
4295 3 2 1 1 4334 4453 4454 4335
4296 3 2 1 1 4335 4454 15 16
4297 3 2 1 1 197 198 4455 4336
4298 3 2 1 1 4336 4455 4456 4337
4299 3 2 1 1 4337 4456 4457 4338
4300 3 2 1 1 4338 4457 4458 4339
4301 3 2 1 1 4339 4458 4459 4340
4302 3 2 1 1 4340 4459 4460 4341
4303 3 2 1 1 4341 4460 4461 4342
4304 3 2 1 1 4342 4461 4462 4343
4305 3 2 1 1 4343 4462 4463 4344
4306 3 2 1 1 4344 4463 4464 4345
4307 3 2 1 1 4345 4464 4465 4346
4308 3 2 1 1 4346 4465 4466 4347
4309 3 2 1 1 4347 4466 4467 4348
4310 3 2 1 1 4348 4467 4468 4349
4311 3 2 1 1 4349 4468 4469 4350
4312 3 2 1 1 4350 4469 4470 4351
4313 3 2 1 1 4351 4470 4471 4352
4314 3 2 1 1 4352 4471 4472 4353
4315 3 2 1 1 4353 4472 4473 4354
4316 3 2 1 1 4354 4473 4474 4355
4317 3 2 1 1 4355 4474 4475 4356
4318 3 2 1 1 4356 4475 4476 4357
4319 3 2 1 1 4357 4476 4477 4358
4320 3 2 1 1 4358 4477 4478 4359
4321 3 2 1 1 4359 4478 4479 4360
4322 3 2 1 1 4360 4479 4480 4361
4323 3 2 1 1 4361 4480 4481 4362
4324 3 2 1 1 4362 4481 4482 4363
4325 3 2 1 1 4363 4482 4483 4364
4326 3 2 1 1 4364 4483 4484 4365
4327 3 2 1 1 4365 4484 4485 4366
4328 3 2 1 1 4366 4485 4486 4367
4329 3 2 1 1 4367 4486 4487 4368
4330 3 2 1 1 4368 4487 4488 4369
4331 3 2 1 1 4369 4488 4489 4370
4332 3 2 1 1 4370 4489 4490 4371
4333 3 2 1 1 4371 4490 4491 4372
4334 3 2 1 1 4372 4491 4492 4373
4335 3 2 1 1 4373 4492 4493 4374
4336 3 2 1 1 4374 4493 4494 4375
4337 3 2 1 1 4375 4494 4495 4376
4338 3 2 1 1 4376 4495 4496 4377
4339 3 2 1 1 4377 4496 4497 4378
4340 3 2 1 1 4378 4497 4498 4379
4341 3 2 1 1 4379 4498 4499 4380
4342 3 2 1 1 4380 4499 4500 4381
4343 3 2 1 1 4381 4500 4501 4382
4344 3 2 1 1 4382 4501 4502 4383
4345 3 2 1 1 4383 4502 4503 4384
4346 3 2 1 1 4384 4503 4504 4385
4347 3 2 1 1 4385 4504 4505 4386
4348 3 2 1 1 4386 4505 4506 4387
4349 3 2 1 1 4387 4506 4507 4388
4350 3 2 1 1 4388 4507 4508 4389
4351 3 2 1 1 4389 4508 4509 4390
4352 3 2 1 1 4390 4509 4510 4391
4353 3 2 1 1 4391 4510 4511 4392
4354 3 2 1 1 4392 4511 4512 4393
4355 3 2 1 1 4393 4512 4513 4394
4356 3 2 1 1 4394 4513 4514 4395
4357 3 2 1 1 4395 4514 4515 4396
4358 3 2 1 1 4396 4515 4516 4397
4359 3 2 1 1 4397 4516 4517 4398
4360 3 2 1 1 4398 4517 4518 4399
4361 3 2 1 1 4399 4518 4519 4400
4362 3 2 1 1 4400 4519 4520 4401
4363 3 2 1 1 4401 4520 4521 4402
4364 3 2 1 1 4402 4521 4522 4403
4365 3 2 1 1 4403 4522 4523 4404
4366 3 2 1 1 4404 4523 4524 4405
4367 3 2 1 1 4405 4524 4525 4406
4368 3 2 1 1 4406 4525 4526 4407
4369 3 2 1 1 4407 4526 4527 4408
4370 3 2 1 1 4408 4527 4528 4409
4371 3 2 1 1 4409 4528 4529 4410
4372 3 2 1 1 4410 4529 4530 4411
4373 3 2 1 1 4411 4530 4531 4412
4374 3 2 1 1 4412 4531 4532 4413
4375 3 2 1 1 4413 4532 4533 4414
4376 3 2 1 1 4414 4533 4534 4415
4377 3 2 1 1 4415 4534 4535 4416
4378 3 2 1 1 4416 4535 4536 4417
4379 3 2 1 1 4417 4536 4537 4418
4380 3 2 1 1 4418 4537 4538 4419
4381 3 2 1 1 4419 4538 4539 4420
4382 3 2 1 1 4420 4539 4540 4421
4383 3 2 1 1 4421 4540 4541 4422
4384 3 2 1 1 4422 4541 4542 4423
4385 3 2 1 1 4423 4542 4543 4424
4386 3 2 1 1 4424 4543 4544 4425
4387 3 2 1 1 4425 4544 4545 4426
4388 3 2 1 1 4426 4545 4546 4427
4389 3 2 1 1 4427 4546 4547 4428
4390 3 2 1 1 4428 4547 4548 4429
4391 3 2 1 1 4429 4548 4549 4430
4392 3 2 1 1 4430 4549 4550 4431
4393 3 2 1 1 4431 4550 4551 4432
4394 3 2 1 1 4432 4551 4552 4433
4395 3 2 1 1 4433 4552 4553 4434
4396 3 2 1 1 4434 4553 4554 4435
4397 3 2 1 1 4435 4554 4555 4436
4398 3 2 1 1 4436 4555 4556 4437
4399 3 2 1 1 4437 4556 4557 4438
4400 3 2 1 1 4438 4557 4558 4439
4401 3 2 1 1 4439 4558 4559 4440
4402 3 2 1 1 4440 4559 4560 4441
4403 3 2 1 1 4441 4560 4561 4442
4404 3 2 1 1 4442 4561 4562 4443
4405 3 2 1 1 4443 4562 4563 4444
4406 3 2 1 1 4444 4563 4564 4445
4407 3 2 1 1 4445 4564 4565 4446
4408 3 2 1 1 4446 4565 4566 4447
4409 3 2 1 1 4447 4566 4567 4448
4410 3 2 1 1 4448 4567 4568 4449
4411 3 2 1 1 4449 4568 4569 4450
4412 3 2 1 1 4450 4569 4570 4451
4413 3 2 1 1 4451 4570 4571 4452
4414 3 2 1 1 4452 4571 4572 4453
4415 3 2 1 1 4453 4572 4573 4454
4416 3 2 1 1 4454 4573 14 15
4417 3 2 1 1 198 199 4574 4455
4418 3 2 1 1 4455 4574 4575 4456
4419 3 2 1 1 4456 4575 4576 4457
4420 3 2 1 1 4457 4576 4577 4458
4421 3 2 1 1 4458 4577 4578 4459
4422 3 2 1 1 4459 4578 4579 4460
4423 3 2 1 1 4460 4579 4580 4461
4424 3 2 1 1 4461 4580 4581 4462
4425 3 2 1 1 4462 4581 4582 4463
4426 3 2 1 1 4463 4582 4583 4464
4427 3 2 1 1 4464 4583 4584 4465
4428 3 2 1 1 4465 4584 4585 4466
4429 3 2 1 1 4466 4585 4586 4467
4430 3 2 1 1 4467 4586 4587 4468
4431 3 2 1 1 4468 4587 4588 4469
4432 3 2 1 1 4469 4588 4589 4470
4433 3 2 1 1 4470 4589 4590 4471
4434 3 2 1 1 4471 4590 4591 4472
4435 3 2 1 1 4472 4591 4592 4473
4436 3 2 1 1 4473 4592 4593 4474
4437 3 2 1 1 4474 4593 4594 4475
4438 3 2 1 1 4475 4594 4595 4476
4439 3 2 1 1 4476 4595 4596 4477
4440 3 2 1 1 4477 4596 4597 4478
4441 3 2 1 1 4478 4597 4598 4479
4442 3 2 1 1 4479 4598 4599 4480
4443 3 2 1 1 4480 4599 4600 4481
4444 3 2 1 1 4481 4600 4601 4482
4445 3 2 1 1 4482 4601 4602 4483
4446 3 2 1 1 4483 4602 4603 4484
4447 3 2 1 1 4484 4603 4604 4485
4448 3 2 1 1 4485 4604 4605 4486
4449 3 2 1 1 4486 4605 4606 4487
4450 3 2 1 1 4487 4606 4607 4488
4451 3 2 1 1 4488 4607 4608 4489
4452 3 2 1 1 4489 4608 4609 4490
4453 3 2 1 1 4490 4609 4610 4491
4454 3 2 1 1 4491 4610 4611 4492
4455 3 2 1 1 4492 4611 4612 4493
4456 3 2 1 1 4493 4612 4613 4494
4457 3 2 1 1 4494 4613 4614 4495
4458 3 2 1 1 4495 4614 4615 4496
4459 3 2 1 1 4496 4615 4616 4497
4460 3 2 1 1 4497 4616 4617 4498
4461 3 2 1 1 4498 4617 4618 4499
4462 3 2 1 1 4499 4618 4619 4500
4463 3 2 1 1 4500 4619 4620 4501
4464 3 2 1 1 4501 4620 4621 4502
4465 3 2 1 1 4502 4621 4622 4503
4466 3 2 1 1 4503 4622 4623 4504
4467 3 2 1 1 4504 4623 4624 4505
4468 3 2 1 1 4505 4624 4625 4506
4469 3 2 1 1 4506 4625 4626 4507
4470 3 2 1 1 4507 4626 4627 4508
4471 3 2 1 1 4508 4627 4628 4509
4472 3 2 1 1 4509 4628 4629 4510
4473 3 2 1 1 4510 4629 4630 4511
4474 3 2 1 1 4511 4630 4631 4512
4475 3 2 1 1 4512 4631 4632 4513
4476 3 2 1 1 4513 4632 4633 4514
4477 3 2 1 1 4514 4633 4634 4515
4478 3 2 1 1 4515 4634 4635 4516
4479 3 2 1 1 4516 4635 4636 4517
4480 3 2 1 1 4517 4636 4637 4518
4481 3 2 1 1 4518 4637 4638 4519
4482 3 2 1 1 4519 4638 4639 4520
4483 3 2 1 1 4520 4639 4640 4521
4484 3 2 1 1 4521 4640 4641 4522
4485 3 2 1 1 4522 4641 4642 4523
4486 3 2 1 1 4523 4642 4643 4524
4487 3 2 1 1 4524 4643 4644 4525
4488 3 2 1 1 4525 4644 4645 4526
4489 3 2 1 1 4526 4645 4646 4527
4490 3 2 1 1 4527 4646 4647 4528
4491 3 2 1 1 4528 4647 4648 4529
4492 3 2 1 1 4529 4648 4649 4530
4493 3 2 1 1 4530 4649 4650 4531
4494 3 2 1 1 4531 4650 4651 4532
4495 3 2 1 1 4532 4651 4652 4533
4496 3 2 1 1 4533 4652 4653 4534
4497 3 2 1 1 4534 4653 4654 4535
4498 3 2 1 1 4535 4654 4655 4536
4499 3 2 1 1 4536 4655 4656 4537
4500 3 2 1 1 4537 4656 4657 4538
4501 3 2 1 1 4538 4657 4658 4539
4502 3 2 1 1 4539 4658 4659 4540
4503 3 2 1 1 4540 4659 4660 4541
4504 3 2 1 1 4541 4660 4661 4542
4505 3 2 1 1 4542 4661 4662 4543
4506 3 2 1 1 4543 4662 4663 4544
4507 3 2 1 1 4544 4663 4664 4545
4508 3 2 1 1 4545 4664 4665 4546
4509 3 2 1 1 4546 4665 4666 4547
4510 3 2 1 1 4547 4666 4667 4548
4511 3 2 1 1 4548 4667 4668 4549
4512 3 2 1 1 4549 4668 4669 4550
4513 3 2 1 1 4550 4669 4670 4551
4514 3 2 1 1 4551 4670 4671 4552
4515 3 2 1 1 4552 4671 4672 4553
4516 3 2 1 1 4553 4672 4673 4554
4517 3 2 1 1 4554 4673 4674 4555
4518 3 2 1 1 4555 4674 4675 4556
4519 3 2 1 1 4556 4675 4676 4557
4520 3 2 1 1 4557 4676 4677 4558
4521 3 2 1 1 4558 4677 4678 4559
4522 3 2 1 1 4559 4678 4679 4560
4523 3 2 1 1 4560 4679 4680 4561
4524 3 2 1 1 4561 4680 4681 4562
4525 3 2 1 1 4562 4681 4682 4563
4526 3 2 1 1 4563 4682 4683 4564
4527 3 2 1 1 4564 4683 4684 4565
4528 3 2 1 1 4565 4684 4685 4566
4529 3 2 1 1 4566 4685 4686 4567
4530 3 2 1 1 4567 4686 4687 4568
4531 3 2 1 1 4568 4687 4688 4569
4532 3 2 1 1 4569 4688 4689 4570
4533 3 2 1 1 4570 4689 4690 4571
4534 3 2 1 1 4571 4690 4691 4572
4535 3 2 1 1 4572 4691 4692 4573
4536 3 2 1 1 4573 4692 13 14
4537 3 2 1 1 199 200 4693 4574
4538 3 2 1 1 4574 4693 4694 4575
4539 3 2 1 1 4575 4694 4695 4576
4540 3 2 1 1 4576 4695 4696 4577
4541 3 2 1 1 4577 4696 4697 4578
4542 3 2 1 1 4578 4697 4698 4579
4543 3 2 1 1 4579 4698 4699 4580
4544 3 2 1 1 4580 4699 4700 4581
4545 3 2 1 1 4581 4700 4701 4582
4546 3 2 1 1 4582 4701 4702 4583
4547 3 2 1 1 4583 4702 4703 4584
4548 3 2 1 1 4584 4703 4704 4585
4549 3 2 1 1 4585 4704 4705 4586
4550 3 2 1 1 4586 4705 4706 4587
4551 3 2 1 1 4587 4706 4707 4588
4552 3 2 1 1 4588 4707 4708 4589
4553 3 2 1 1 4589 4708 4709 4590
4554 3 2 1 1 4590 4709 4710 4591
4555 3 2 1 1 4591 4710 4711 4592
4556 3 2 1 1 4592 4711 4712 4593
4557 3 2 1 1 4593 4712 4713 4594
4558 3 2 1 1 4594 4713 4714 4595
4559 3 2 1 1 4595 4714 4715 4596
4560 3 2 1 1 4596 4715 4716 4597
4561 3 2 1 1 4597 4716 4717 4598
4562 3 2 1 1 4598 4717 4718 4599
4563 3 2 1 1 4599 4718 4719 4600
4564 3 2 1 1 4600 4719 4720 4601
4565 3 2 1 1 4601 4720 4721 4602
4566 3 2 1 1 4602 4721 4722 4603
4567 3 2 1 1 4603 4722 4723 4604
4568 3 2 1 1 4604 4723 4724 4605
4569 3 2 1 1 4605 4724 4725 4606
4570 3 2 1 1 4606 4725 4726 4607
4571 3 2 1 1 4607 4726 4727 4608
4572 3 2 1 1 4608 4727 4728 4609
4573 3 2 1 1 4609 4728 4729 4610
4574 3 2 1 1 4610 4729 4730 4611
4575 3 2 1 1 4611 4730 4731 4612
4576 3 2 1 1 4612 4731 4732 4613
4577 3 2 1 1 4613 4732 4733 4614
4578 3 2 1 1 4614 4733 4734 4615
4579 3 2 1 1 4615 4734 4735 4616
4580 3 2 1 1 4616 4735 4736 4617
4581 3 2 1 1 4617 4736 4737 4618
4582 3 2 1 1 4618 4737 4738 4619
4583 3 2 1 1 4619 4738 4739 4620
4584 3 2 1 1 4620 4739 4740 4621
4585 3 2 1 1 4621 4740 4741 4622
4586 3 2 1 1 4622 4741 4742 4623
4587 3 2 1 1 4623 4742 4743 4624
4588 3 2 1 1 4624 4743 4744 4625
4589 3 2 1 1 4625 4744 4745 4626
4590 3 2 1 1 4626 4745 4746 4627
4591 3 2 1 1 4627 4746 4747 4628
4592 3 2 1 1 4628 4747 4748 4629
4593 3 2 1 1 4629 4748 4749 4630
4594 3 2 1 1 4630 4749 4750 4631
4595 3 2 1 1 4631 4750 4751 4632
4596 3 2 1 1 4632 4751 4752 4633
4597 3 2 1 1 4633 4752 4753 4634
4598 3 2 1 1 4634 4753 4754 4635
4599 3 2 1 1 4635 4754 4755 4636
4600 3 2 1 1 4636 4755 4756 4637
4601 3 2 1 1 4637 4756 4757 4638
4602 3 2 1 1 4638 4757 4758 4639
4603 3 2 1 1 4639 4758 4759 4640
4604 3 2 1 1 4640 4759 4760 4641
4605 3 2 1 1 4641 4760 4761 4642
4606 3 2 1 1 4642 4761 4762 4643
4607 3 2 1 1 4643 4762 4763 4644
4608 3 2 1 1 4644 4763 4764 4645
4609 3 2 1 1 4645 4764 4765 4646
4610 3 2 1 1 4646 4765 4766 4647
4611 3 2 1 1 4647 4766 4767 4648
4612 3 2 1 1 4648 4767 4768 4649
4613 3 2 1 1 4649 4768 4769 4650
4614 3 2 1 1 4650 4769 4770 4651
4615 3 2 1 1 4651 4770 4771 4652
4616 3 2 1 1 4652 4771 4772 4653
4617 3 2 1 1 4653 4772 4773 4654
4618 3 2 1 1 4654 4773 4774 4655
4619 3 2 1 1 4655 4774 4775 4656
4620 3 2 1 1 4656 4775 4776 4657
4621 3 2 1 1 4657 4776 4777 4658
4622 3 2 1 1 4658 4777 4778 4659
4623 3 2 1 1 4659 4778 4779 4660
4624 3 2 1 1 4660 4779 4780 4661
4625 3 2 1 1 4661 4780 4781 4662
4626 3 2 1 1 4662 4781 4782 4663
4627 3 2 1 1 4663 4782 4783 4664
4628 3 2 1 1 4664 4783 4784 4665
4629 3 2 1 1 4665 4784 4785 4666
4630 3 2 1 1 4666 4785 4786 4667
4631 3 2 1 1 4667 4786 4787 4668
4632 3 2 1 1 4668 4787 4788 4669
4633 3 2 1 1 4669 4788 4789 4670
4634 3 2 1 1 4670 4789 4790 4671
4635 3 2 1 1 4671 4790 4791 4672
4636 3 2 1 1 4672 4791 4792 4673
4637 3 2 1 1 4673 4792 4793 4674
4638 3 2 1 1 4674 4793 4794 4675
4639 3 2 1 1 4675 4794 4795 4676
4640 3 2 1 1 4676 4795 4796 4677
4641 3 2 1 1 4677 4796 4797 4678
4642 3 2 1 1 4678 4797 4798 4679
4643 3 2 1 1 4679 4798 4799 4680
4644 3 2 1 1 4680 4799 4800 4681
4645 3 2 1 1 4681 4800 4801 4682
4646 3 2 1 1 4682 4801 4802 4683
4647 3 2 1 1 4683 4802 4803 4684
4648 3 2 1 1 4684 4803 4804 4685
4649 3 2 1 1 4685 4804 4805 4686
4650 3 2 1 1 4686 4805 4806 4687
4651 3 2 1 1 4687 4806 4807 4688
4652 3 2 1 1 4688 4807 4808 4689
4653 3 2 1 1 4689 4808 4809 4690
4654 3 2 1 1 4690 4809 4810 4691
4655 3 2 1 1 4691 4810 4811 4692
4656 3 2 1 1 4692 4811 12 13
4657 3 2 1 1 200 3 201 4693
4658 3 2 1 1 4693 201 202 4694
4659 3 2 1 1 4694 202 203 4695
4660 3 2 1 1 4695 203 204 4696
4661 3 2 1 1 4696 204 205 4697
4662 3 2 1 1 4697 205 206 4698
4663 3 2 1 1 4698 206 207 4699
4664 3 2 1 1 4699 207 208 4700
4665 3 2 1 1 4700 208 209 4701
4666 3 2 1 1 4701 209 210 4702
4667 3 2 1 1 4702 210 211 4703
4668 3 2 1 1 4703 211 212 4704
4669 3 2 1 1 4704 212 213 4705
4670 3 2 1 1 4705 213 214 4706
4671 3 2 1 1 4706 214 215 4707
4672 3 2 1 1 4707 215 216 4708
4673 3 2 1 1 4708 216 217 4709
4674 3 2 1 1 4709 217 218 4710
4675 3 2 1 1 4710 218 219 4711
4676 3 2 1 1 4711 219 220 4712
4677 3 2 1 1 4712 220 221 4713
4678 3 2 1 1 4713 221 222 4714
4679 3 2 1 1 4714 222 223 4715
4680 3 2 1 1 4715 223 224 4716
4681 3 2 1 1 4716 224 225 4717
4682 3 2 1 1 4717 225 226 4718
4683 3 2 1 1 4718 226 227 4719
4684 3 2 1 1 4719 227 228 4720
4685 3 2 1 1 4720 228 229 4721
4686 3 2 1 1 4721 229 230 4722
4687 3 2 1 1 4722 230 231 4723
4688 3 2 1 1 4723 231 232 4724
4689 3 2 1 1 4724 232 233 4725
4690 3 2 1 1 4725 233 234 4726
4691 3 2 1 1 4726 234 235 4727
4692 3 2 1 1 4727 235 236 4728
4693 3 2 1 1 4728 236 237 4729
4694 3 2 1 1 4729 237 238 4730
4695 3 2 1 1 4730 238 239 4731
4696 3 2 1 1 4731 239 240 4732
4697 3 2 1 1 4732 240 241 4733
4698 3 2 1 1 4733 241 242 4734
4699 3 2 1 1 4734 242 243 4735
4700 3 2 1 1 4735 243 244 4736
4701 3 2 1 1 4736 244 245 4737
4702 3 2 1 1 4737 245 246 4738
4703 3 2 1 1 4738 246 247 4739
4704 3 2 1 1 4739 247 248 4740
4705 3 2 1 1 4740 248 249 4741
4706 3 2 1 1 4741 249 250 4742
4707 3 2 1 1 4742 250 251 4743
4708 3 2 1 1 4743 251 252 4744
4709 3 2 1 1 4744 252 253 4745
4710 3 2 1 1 4745 253 254 4746
4711 3 2 1 1 4746 254 255 4747
4712 3 2 1 1 4747 255 256 4748
4713 3 2 1 1 4748 256 257 4749
4714 3 2 1 1 4749 257 258 4750
4715 3 2 1 1 4750 258 259 4751
4716 3 2 1 1 4751 259 260 4752
4717 3 2 1 1 4752 260 261 4753
4718 3 2 1 1 4753 261 262 4754
4719 3 2 1 1 4754 262 263 4755
4720 3 2 1 1 4755 263 264 4756
4721 3 2 1 1 4756 264 265 4757
4722 3 2 1 1 4757 265 266 4758
4723 3 2 1 1 4758 266 267 4759
4724 3 2 1 1 4759 267 268 4760
4725 3 2 1 1 4760 268 269 4761
4726 3 2 1 1 4761 269 270 4762
4727 3 2 1 1 4762 270 271 4763
4728 3 2 1 1 4763 271 272 4764
4729 3 2 1 1 4764 272 273 4765
4730 3 2 1 1 4765 273 274 4766
4731 3 2 1 1 4766 274 275 4767
4732 3 2 1 1 4767 275 276 4768
4733 3 2 1 1 4768 276 277 4769
4734 3 2 1 1 4769 277 278 4770
4735 3 2 1 1 4770 278 279 4771
4736 3 2 1 1 4771 279 280 4772
4737 3 2 1 1 4772 280 281 4773
4738 3 2 1 1 4773 281 282 4774
4739 3 2 1 1 4774 282 283 4775
4740 3 2 1 1 4775 283 284 4776
4741 3 2 1 1 4776 284 285 4777
4742 3 2 1 1 4777 285 286 4778
4743 3 2 1 1 4778 286 287 4779
4744 3 2 1 1 4779 287 288 4780
4745 3 2 1 1 4780 288 289 4781
4746 3 2 1 1 4781 289 290 4782
4747 3 2 1 1 4782 290 291 4783
4748 3 2 1 1 4783 291 292 4784
4749 3 2 1 1 4784 292 293 4785
4750 3 2 1 1 4785 293 294 4786
4751 3 2 1 1 4786 294 295 4787
4752 3 2 1 1 4787 295 296 4788
4753 3 2 1 1 4788 296 297 4789
4754 3 2 1 1 4789 297 298 4790
4755 3 2 1 1 4790 298 299 4791
4756 3 2 1 1 4791 299 300 4792
4757 3 2 1 1 4792 300 301 4793
4758 3 2 1 1 4793 301 302 4794
4759 3 2 1 1 4794 302 303 4795
4760 3 2 1 1 4795 303 304 4796
4761 3 2 1 1 4796 304 305 4797
4762 3 2 1 1 4797 305 306 4798
4763 3 2 1 1 4798 306 307 4799
4764 3 2 1 1 4799 307 308 4800
4765 3 2 1 1 4800 308 309 4801
4766 3 2 1 1 4801 309 310 4802
4767 3 2 1 1 4802 310 311 4803
4768 3 2 1 1 4803 311 312 4804
4769 3 2 1 1 4804 312 313 4805
4770 3 2 1 1 4805 313 314 4806
4771 3 2 1 1 4806 314 315 4807
4772 3 2 1 1 4807 315 316 4808
4773 3 2 1 1 4808 316 317 4809
4774 3 2 1 1 4809 317 318 4810
4775 3 2 1 1 4810 318 319 4811
4776 3 2 1 1 4811 319 4 12
4777 3 2 1 2 4 390 4812 12
4778 3 2 1 2 390 391 4813 4812
4779 3 2 1 2 391 392 4814 4813
4780 3 2 1 2 392 393 4815 4814
4781 3 2 1 2 393 394 4816 4815
4782 3 2 1 2 394 395 4817 4816
4783 3 2 1 2 395 396 4818 4817
4784 3 2 1 2 396 397 4819 4818
4785 3 2 1 2 397 398 4820 4819
4786 3 2 1 2 398 399 4821 4820
4787 3 2 1 2 399 400 4822 4821
4788 3 2 1 2 400 401 4823 4822
4789 3 2 1 2 401 402 4824 4823
4790 3 2 1 2 402 403 4825 4824
4791 3 2 1 2 403 404 4826 4825
4792 3 2 1 2 404 405 4827 4826
4793 3 2 1 2 405 406 4828 4827
4794 3 2 1 2 406 407 4829 4828
4795 3 2 1 2 407 408 4830 4829
4796 3 2 1 2 408 409 4831 4830
4797 3 2 1 2 409 410 4832 4831
4798 3 2 1 2 410 411 4833 4832
4799 3 2 1 2 411 412 4834 4833
4800 3 2 1 2 412 413 4835 4834
4801 3 2 1 2 413 414 4836 4835
4802 3 2 1 2 414 415 4837 4836
4803 3 2 1 2 415 416 4838 4837
4804 3 2 1 2 416 417 4839 4838
4805 3 2 1 2 417 418 4840 4839
4806 3 2 1 2 418 419 4841 4840
4807 3 2 1 2 419 420 4842 4841
4808 3 2 1 2 420 421 4843 4842
4809 3 2 1 2 421 422 4844 4843
4810 3 2 1 2 422 423 4845 4844
4811 3 2 1 2 423 424 4846 4845
4812 3 2 1 2 424 6 355 4846
4813 3 2 1 2 12 4812 4847 13
4814 3 2 1 2 4812 4813 4848 4847
4815 3 2 1 2 4813 4814 4849 4848
4816 3 2 1 2 4814 4815 4850 4849
4817 3 2 1 2 4815 4816 4851 4850
4818 3 2 1 2 4816 4817 4852 4851
4819 3 2 1 2 4817 4818 4853 4852
4820 3 2 1 2 4818 4819 4854 4853
4821 3 2 1 2 4819 4820 4855 4854
4822 3 2 1 2 4820 4821 4856 4855
4823 3 2 1 2 4821 4822 4857 4856
4824 3 2 1 2 4822 4823 4858 4857
4825 3 2 1 2 4823 4824 4859 4858
4826 3 2 1 2 4824 4825 4860 4859
4827 3 2 1 2 4825 4826 4861 4860
4828 3 2 1 2 4826 4827 4862 4861
4829 3 2 1 2 4827 4828 4863 4862
4830 3 2 1 2 4828 4829 4864 4863
4831 3 2 1 2 4829 4830 4865 4864
4832 3 2 1 2 4830 4831 4866 4865
4833 3 2 1 2 4831 4832 4867 4866
4834 3 2 1 2 4832 4833 4868 4867
4835 3 2 1 2 4833 4834 4869 4868
4836 3 2 1 2 4834 4835 4870 4869
4837 3 2 1 2 4835 4836 4871 4870
4838 3 2 1 2 4836 4837 4872 4871
4839 3 2 1 2 4837 4838 4873 4872
4840 3 2 1 2 4838 4839 4874 4873
4841 3 2 1 2 4839 4840 4875 4874
4842 3 2 1 2 4840 4841 4876 4875
4843 3 2 1 2 4841 4842 4877 4876
4844 3 2 1 2 4842 4843 4878 4877
4845 3 2 1 2 4843 4844 4879 4878
4846 3 2 1 2 4844 4845 4880 4879
4847 3 2 1 2 4845 4846 4881 4880
4848 3 2 1 2 4846 355 356 4881
4849 3 2 1 2 13 4847 4882 14
4850 3 2 1 2 4847 4848 4883 4882
4851 3 2 1 2 4848 4849 4884 4883
4852 3 2 1 2 4849 4850 4885 4884
4853 3 2 1 2 4850 4851 4886 4885
4854 3 2 1 2 4851 4852 4887 4886
4855 3 2 1 2 4852 4853 4888 4887
4856 3 2 1 2 4853 4854 4889 4888
4857 3 2 1 2 4854 4855 4890 4889
4858 3 2 1 2 4855 4856 4891 4890
4859 3 2 1 2 4856 4857 4892 4891
4860 3 2 1 2 4857 4858 4893 4892
4861 3 2 1 2 4858 4859 4894 4893
4862 3 2 1 2 4859 4860 4895 4894
4863 3 2 1 2 4860 4861 4896 4895
4864 3 2 1 2 4861 4862 4897 4896
4865 3 2 1 2 4862 4863 4898 4897
4866 3 2 1 2 4863 4864 4899 4898
4867 3 2 1 2 4864 4865 4900 4899
4868 3 2 1 2 4865 4866 4901 4900
4869 3 2 1 2 4866 4867 4902 4901
4870 3 2 1 2 4867 4868 4903 4902
4871 3 2 1 2 4868 4869 4904 4903
4872 3 2 1 2 4869 4870 4905 4904
4873 3 2 1 2 4870 4871 4906 4905
4874 3 2 1 2 4871 4872 4907 4906
4875 3 2 1 2 4872 4873 4908 4907
4876 3 2 1 2 4873 4874 4909 4908
4877 3 2 1 2 4874 4875 4910 4909
4878 3 2 1 2 4875 4876 4911 4910
4879 3 2 1 2 4876 4877 4912 4911
4880 3 2 1 2 4877 4878 4913 4912
4881 3 2 1 2 4878 4879 4914 4913
4882 3 2 1 2 4879 4880 4915 4914
4883 3 2 1 2 4880 4881 4916 4915
4884 3 2 1 2 4881 356 357 4916
4885 3 2 1 2 14 4882 4917 15
4886 3 2 1 2 4882 4883 4918 4917
4887 3 2 1 2 4883 4884 4919 4918
4888 3 2 1 2 4884 4885 4920 4919
4889 3 2 1 2 4885 4886 4921 4920
4890 3 2 1 2 4886 4887 4922 4921
4891 3 2 1 2 4887 4888 4923 4922
4892 3 2 1 2 4888 4889 4924 4923
4893 3 2 1 2 4889 4890 4925 4924
4894 3 2 1 2 4890 4891 4926 4925
4895 3 2 1 2 4891 4892 4927 4926
4896 3 2 1 2 4892 4893 4928 4927
4897 3 2 1 2 4893 4894 4929 4928
4898 3 2 1 2 4894 4895 4930 4929
4899 3 2 1 2 4895 4896 4931 4930
4900 3 2 1 2 4896 4897 4932 4931
4901 3 2 1 2 4897 4898 4933 4932
4902 3 2 1 2 4898 4899 4934 4933
4903 3 2 1 2 4899 4900 4935 4934
4904 3 2 1 2 4900 4901 4936 4935
4905 3 2 1 2 4901 4902 4937 4936
4906 3 2 1 2 4902 4903 4938 4937
4907 3 2 1 2 4903 4904 4939 4938
4908 3 2 1 2 4904 4905 4940 4939
4909 3 2 1 2 4905 4906 4941 4940
4910 3 2 1 2 4906 4907 4942 4941
4911 3 2 1 2 4907 4908 4943 4942
4912 3 2 1 2 4908 4909 4944 4943
4913 3 2 1 2 4909 4910 4945 4944
4914 3 2 1 2 4910 4911 4946 4945
4915 3 2 1 2 4911 4912 4947 4946
4916 3 2 1 2 4912 4913 4948 4947
4917 3 2 1 2 4913 4914 4949 4948
4918 3 2 1 2 4914 4915 4950 4949
4919 3 2 1 2 4915 4916 4951 4950
4920 3 2 1 2 4916 357 358 4951
4921 3 2 1 2 15 4917 4952 16
4922 3 2 1 2 4917 4918 4953 4952
4923 3 2 1 2 4918 4919 4954 4953
4924 3 2 1 2 4919 4920 4955 4954
4925 3 2 1 2 4920 4921 4956 4955
4926 3 2 1 2 4921 4922 4957 4956
4927 3 2 1 2 4922 4923 4958 4957
4928 3 2 1 2 4923 4924 4959 4958
4929 3 2 1 2 4924 4925 4960 4959
4930 3 2 1 2 4925 4926 4961 4960
4931 3 2 1 2 4926 4927 4962 4961
4932 3 2 1 2 4927 4928 4963 4962
4933 3 2 1 2 4928 4929 4964 4963
4934 3 2 1 2 4929 4930 4965 4964
4935 3 2 1 2 4930 4931 4966 4965
4936 3 2 1 2 4931 4932 4967 4966
4937 3 2 1 2 4932 4933 4968 4967
4938 3 2 1 2 4933 4934 4969 4968
4939 3 2 1 2 4934 4935 4970 4969
4940 3 2 1 2 4935 4936 4971 4970
4941 3 2 1 2 4936 4937 4972 4971
4942 3 2 1 2 4937 4938 4973 4972
4943 3 2 1 2 4938 4939 4974 4973
4944 3 2 1 2 4939 4940 4975 4974
4945 3 2 1 2 4940 4941 4976 4975
4946 3 2 1 2 4941 4942 4977 4976
4947 3 2 1 2 4942 4943 4978 4977
4948 3 2 1 2 4943 4944 4979 4978
4949 3 2 1 2 4944 4945 4980 4979
4950 3 2 1 2 4945 4946 4981 4980
4951 3 2 1 2 4946 4947 4982 4981
4952 3 2 1 2 4947 4948 4983 4982
4953 3 2 1 2 4948 4949 4984 4983
4954 3 2 1 2 4949 4950 4985 4984
4955 3 2 1 2 4950 4951 4986 4985
4956 3 2 1 2 4951 358 359 4986
4957 3 2 1 2 16 4952 4987 17
4958 3 2 1 2 4952 4953 4988 4987
4959 3 2 1 2 4953 4954 4989 4988
4960 3 2 1 2 4954 4955 4990 4989
4961 3 2 1 2 4955 4956 4991 4990
4962 3 2 1 2 4956 4957 4992 4991
4963 3 2 1 2 4957 4958 4993 4992
4964 3 2 1 2 4958 4959 4994 4993
4965 3 2 1 2 4959 4960 4995 4994
4966 3 2 1 2 4960 4961 4996 4995
4967 3 2 1 2 4961 4962 4997 4996
4968 3 2 1 2 4962 4963 4998 4997
4969 3 2 1 2 4963 4964 4999 4998
4970 3 2 1 2 4964 4965 5000 4999
4971 3 2 1 2 4965 4966 5001 5000
4972 3 2 1 2 4966 4967 5002 5001
4973 3 2 1 2 4967 4968 5003 5002
4974 3 2 1 2 4968 4969 5004 5003
4975 3 2 1 2 4969 4970 5005 5004
4976 3 2 1 2 4970 4971 5006 5005
4977 3 2 1 2 4971 4972 5007 5006
4978 3 2 1 2 4972 4973 5008 5007
4979 3 2 1 2 4973 4974 5009 5008
4980 3 2 1 2 4974 4975 5010 5009
4981 3 2 1 2 4975 4976 5011 5010
4982 3 2 1 2 4976 4977 5012 5011
4983 3 2 1 2 4977 4978 5013 5012
4984 3 2 1 2 4978 4979 5014 5013
4985 3 2 1 2 4979 4980 5015 5014
4986 3 2 1 2 4980 4981 5016 5015
4987 3 2 1 2 4981 4982 5017 5016
4988 3 2 1 2 4982 4983 5018 5017
4989 3 2 1 2 4983 4984 5019 5018
4990 3 2 1 2 4984 4985 5020 5019
4991 3 2 1 2 4985 4986 5021 5020
4992 3 2 1 2 4986 359 360 5021
4993 3 2 1 2 17 4987 5022 18
4994 3 2 1 2 4987 4988 5023 5022
4995 3 2 1 2 4988 4989 5024 5023
4996 3 2 1 2 4989 4990 5025 5024
4997 3 2 1 2 4990 4991 5026 5025
4998 3 2 1 2 4991 4992 5027 5026
4999 3 2 1 2 4992 4993 5028 5027
5000 3 2 1 2 4993 4994 5029 5028
5001 3 2 1 2 4994 4995 5030 5029
5002 3 2 1 2 4995 4996 5031 5030
5003 3 2 1 2 4996 4997 5032 5031
5004 3 2 1 2 4997 4998 5033 5032
5005 3 2 1 2 4998 4999 5034 5033
5006 3 2 1 2 4999 5000 5035 5034
5007 3 2 1 2 5000 5001 5036 5035
5008 3 2 1 2 5001 5002 5037 5036
5009 3 2 1 2 5002 5003 5038 5037
5010 3 2 1 2 5003 5004 5039 5038
5011 3 2 1 2 5004 5005 5040 5039
5012 3 2 1 2 5005 5006 5041 5040
5013 3 2 1 2 5006 5007 5042 5041
5014 3 2 1 2 5007 5008 5043 5042
5015 3 2 1 2 5008 5009 5044 5043
5016 3 2 1 2 5009 5010 5045 5044
5017 3 2 1 2 5010 5011 5046 5045
5018 3 2 1 2 5011 5012 5047 5046
5019 3 2 1 2 5012 5013 5048 5047
5020 3 2 1 2 5013 5014 5049 5048
5021 3 2 1 2 5014 5015 5050 5049
5022 3 2 1 2 5015 5016 5051 5050
5023 3 2 1 2 5016 5017 5052 5051
5024 3 2 1 2 5017 5018 5053 5052
5025 3 2 1 2 5018 5019 5054 5053
5026 3 2 1 2 5019 5020 5055 5054
5027 3 2 1 2 5020 5021 5056 5055
5028 3 2 1 2 5021 360 361 5056
5029 3 2 1 2 18 5022 5057 19
5030 3 2 1 2 5022 5023 5058 5057
5031 3 2 1 2 5023 5024 5059 5058
5032 3 2 1 2 5024 5025 5060 5059
5033 3 2 1 2 5025 5026 5061 5060
5034 3 2 1 2 5026 5027 5062 5061
5035 3 2 1 2 5027 5028 5063 5062
5036 3 2 1 2 5028 5029 5064 5063
5037 3 2 1 2 5029 5030 5065 5064
5038 3 2 1 2 5030 5031 5066 5065
5039 3 2 1 2 5031 5032 5067 5066
5040 3 2 1 2 5032 5033 5068 5067
5041 3 2 1 2 5033 5034 5069 5068
5042 3 2 1 2 5034 5035 5070 5069
5043 3 2 1 2 5035 5036 5071 5070
5044 3 2 1 2 5036 5037 5072 5071
5045 3 2 1 2 5037 5038 5073 5072
5046 3 2 1 2 5038 5039 5074 5073
5047 3 2 1 2 5039 5040 5075 5074
5048 3 2 1 2 5040 5041 5076 5075
5049 3 2 1 2 5041 5042 5077 5076
5050 3 2 1 2 5042 5043 5078 5077
5051 3 2 1 2 5043 5044 5079 5078
5052 3 2 1 2 5044 5045 5080 5079
5053 3 2 1 2 5045 5046 5081 5080
5054 3 2 1 2 5046 5047 5082 5081
5055 3 2 1 2 5047 5048 5083 5082
5056 3 2 1 2 5048 5049 5084 5083
5057 3 2 1 2 5049 5050 5085 5084
5058 3 2 1 2 5050 5051 5086 5085
5059 3 2 1 2 5051 5052 5087 5086
5060 3 2 1 2 5052 5053 5088 5087
5061 3 2 1 2 5053 5054 5089 5088
5062 3 2 1 2 5054 5055 5090 5089
5063 3 2 1 2 5055 5056 5091 5090
5064 3 2 1 2 5056 361 362 5091
5065 3 2 1 2 19 5057 5092 20
5066 3 2 1 2 5057 5058 5093 5092
5067 3 2 1 2 5058 5059 5094 5093
5068 3 2 1 2 5059 5060 5095 5094
5069 3 2 1 2 5060 5061 5096 5095
5070 3 2 1 2 5061 5062 5097 5096
5071 3 2 1 2 5062 5063 5098 5097
5072 3 2 1 2 5063 5064 5099 5098
5073 3 2 1 2 5064 5065 5100 5099
5074 3 2 1 2 5065 5066 5101 5100
5075 3 2 1 2 5066 5067 5102 5101
5076 3 2 1 2 5067 5068 5103 5102
5077 3 2 1 2 5068 5069 5104 5103
5078 3 2 1 2 5069 5070 5105 5104
5079 3 2 1 2 5070 5071 5106 5105
5080 3 2 1 2 5071 5072 5107 5106
5081 3 2 1 2 5072 5073 5108 5107
5082 3 2 1 2 5073 5074 5109 5108
5083 3 2 1 2 5074 5075 5110 5109
5084 3 2 1 2 5075 5076 5111 5110
5085 3 2 1 2 5076 5077 5112 5111
5086 3 2 1 2 5077 5078 5113 5112
5087 3 2 1 2 5078 5079 5114 5113
5088 3 2 1 2 5079 5080 5115 5114
5089 3 2 1 2 5080 5081 5116 5115
5090 3 2 1 2 5081 5082 5117 5116
5091 3 2 1 2 5082 5083 5118 5117
5092 3 2 1 2 5083 5084 5119 5118
5093 3 2 1 2 5084 5085 5120 5119
5094 3 2 1 2 5085 5086 5121 5120
5095 3 2 1 2 5086 5087 5122 5121
5096 3 2 1 2 5087 5088 5123 5122
5097 3 2 1 2 5088 5089 5124 5123
5098 3 2 1 2 5089 5090 5125 5124
5099 3 2 1 2 5090 5091 5126 5125
5100 3 2 1 2 5091 362 363 5126
5101 3 2 1 2 20 5092 5127 21
5102 3 2 1 2 5092 5093 5128 5127
5103 3 2 1 2 5093 5094 5129 5128
5104 3 2 1 2 5094 5095 5130 5129
5105 3 2 1 2 5095 5096 5131 5130
5106 3 2 1 2 5096 5097 5132 5131
5107 3 2 1 2 5097 5098 5133 5132
5108 3 2 1 2 5098 5099 5134 5133
5109 3 2 1 2 5099 5100 5135 5134
5110 3 2 1 2 5100 5101 5136 5135
5111 3 2 1 2 5101 5102 5137 5136
5112 3 2 1 2 5102 5103 5138 5137
5113 3 2 1 2 5103 5104 5139 5138
5114 3 2 1 2 5104 5105 5140 5139
5115 3 2 1 2 5105 5106 5141 5140
5116 3 2 1 2 5106 5107 5142 5141
5117 3 2 1 2 5107 5108 5143 5142
5118 3 2 1 2 5108 5109 5144 5143
5119 3 2 1 2 5109 5110 5145 5144
5120 3 2 1 2 5110 5111 5146 5145
5121 3 2 1 2 5111 5112 5147 5146
5122 3 2 1 2 5112 5113 5148 5147
5123 3 2 1 2 5113 5114 5149 5148
5124 3 2 1 2 5114 5115 5150 5149
5125 3 2 1 2 5115 5116 5151 5150
5126 3 2 1 2 5116 5117 5152 5151
5127 3 2 1 2 5117 5118 5153 5152
5128 3 2 1 2 5118 5119 5154 5153
5129 3 2 1 2 5119 5120 5155 5154
5130 3 2 1 2 5120 5121 5156 5155
5131 3 2 1 2 5121 5122 5157 5156
5132 3 2 1 2 5122 5123 5158 5157
5133 3 2 1 2 5123 5124 5159 5158
5134 3 2 1 2 5124 5125 5160 5159
5135 3 2 1 2 5125 5126 5161 5160
5136 3 2 1 2 5126 363 364 5161
5137 3 2 1 2 21 5127 5162 22
5138 3 2 1 2 5127 5128 5163 5162
5139 3 2 1 2 5128 5129 5164 5163
5140 3 2 1 2 5129 5130 5165 5164
5141 3 2 1 2 5130 5131 5166 5165
5142 3 2 1 2 5131 5132 5167 5166
5143 3 2 1 2 5132 5133 5168 5167
5144 3 2 1 2 5133 5134 5169 5168
5145 3 2 1 2 5134 5135 5170 5169
5146 3 2 1 2 5135 5136 5171 5170
5147 3 2 1 2 5136 5137 5172 5171
5148 3 2 1 2 5137 5138 5173 5172
5149 3 2 1 2 5138 5139 5174 5173
5150 3 2 1 2 5139 5140 5175 5174
5151 3 2 1 2 5140 5141 5176 5175
5152 3 2 1 2 5141 5142 5177 5176
5153 3 2 1 2 5142 5143 5178 5177
5154 3 2 1 2 5143 5144 5179 5178
5155 3 2 1 2 5144 5145 5180 5179
5156 3 2 1 2 5145 5146 5181 5180
5157 3 2 1 2 5146 5147 5182 5181
5158 3 2 1 2 5147 5148 5183 5182
5159 3 2 1 2 5148 5149 5184 5183
5160 3 2 1 2 5149 5150 5185 5184
5161 3 2 1 2 5150 5151 5186 5185
5162 3 2 1 2 5151 5152 5187 5186
5163 3 2 1 2 5152 5153 5188 5187
5164 3 2 1 2 5153 5154 5189 5188
5165 3 2 1 2 5154 5155 5190 5189
5166 3 2 1 2 5155 5156 5191 5190
5167 3 2 1 2 5156 5157 5192 5191
5168 3 2 1 2 5157 5158 5193 5192
5169 3 2 1 2 5158 5159 5194 5193
5170 3 2 1 2 5159 5160 5195 5194
5171 3 2 1 2 5160 5161 5196 5195
5172 3 2 1 2 5161 364 365 5196
5173 3 2 1 2 22 5162 5197 23
5174 3 2 1 2 5162 5163 5198 5197
5175 3 2 1 2 5163 5164 5199 5198
5176 3 2 1 2 5164 5165 5200 5199
5177 3 2 1 2 5165 5166 5201 5200
5178 3 2 1 2 5166 5167 5202 5201
5179 3 2 1 2 5167 5168 5203 5202
5180 3 2 1 2 5168 5169 5204 5203
5181 3 2 1 2 5169 5170 5205 5204
5182 3 2 1 2 5170 5171 5206 5205
5183 3 2 1 2 5171 5172 5207 5206
5184 3 2 1 2 5172 5173 5208 5207
5185 3 2 1 2 5173 5174 5209 5208
5186 3 2 1 2 5174 5175 5210 5209
5187 3 2 1 2 5175 5176 5211 5210
5188 3 2 1 2 5176 5177 5212 5211
5189 3 2 1 2 5177 5178 5213 5212
5190 3 2 1 2 5178 5179 5214 5213
5191 3 2 1 2 5179 5180 5215 5214
5192 3 2 1 2 5180 5181 5216 5215
5193 3 2 1 2 5181 5182 5217 5216
5194 3 2 1 2 5182 5183 5218 5217
5195 3 2 1 2 5183 5184 5219 5218
5196 3 2 1 2 5184 5185 5220 5219
5197 3 2 1 2 5185 5186 5221 5220
5198 3 2 1 2 5186 5187 5222 5221
5199 3 2 1 2 5187 5188 5223 5222
5200 3 2 1 2 5188 5189 5224 5223
5201 3 2 1 2 5189 5190 5225 5224
5202 3 2 1 2 5190 5191 5226 5225
5203 3 2 1 2 5191 5192 5227 5226
5204 3 2 1 2 5192 5193 5228 5227
5205 3 2 1 2 5193 5194 5229 5228
5206 3 2 1 2 5194 5195 5230 5229
5207 3 2 1 2 5195 5196 5231 5230
5208 3 2 1 2 5196 365 366 5231
5209 3 2 1 2 23 5197 5232 24
5210 3 2 1 2 5197 5198 5233 5232
5211 3 2 1 2 5198 5199 5234 5233
5212 3 2 1 2 5199 5200 5235 5234
5213 3 2 1 2 5200 5201 5236 5235
5214 3 2 1 2 5201 5202 5237 5236
5215 3 2 1 2 5202 5203 5238 5237
5216 3 2 1 2 5203 5204 5239 5238
5217 3 2 1 2 5204 5205 5240 5239
5218 3 2 1 2 5205 5206 5241 5240
5219 3 2 1 2 5206 5207 5242 5241
5220 3 2 1 2 5207 5208 5243 5242
5221 3 2 1 2 5208 5209 5244 5243
5222 3 2 1 2 5209 5210 5245 5244
5223 3 2 1 2 5210 5211 5246 5245
5224 3 2 1 2 5211 5212 5247 5246
5225 3 2 1 2 5212 5213 5248 5247
5226 3 2 1 2 5213 5214 5249 5248
5227 3 2 1 2 5214 5215 5250 5249
5228 3 2 1 2 5215 5216 5251 5250
5229 3 2 1 2 5216 5217 5252 5251
5230 3 2 1 2 5217 5218 5253 5252
5231 3 2 1 2 5218 5219 5254 5253
5232 3 2 1 2 5219 5220 5255 5254
5233 3 2 1 2 5220 5221 5256 5255
5234 3 2 1 2 5221 5222 5257 5256
5235 3 2 1 2 5222 5223 5258 5257
5236 3 2 1 2 5223 5224 5259 5258
5237 3 2 1 2 5224 5225 5260 5259
5238 3 2 1 2 5225 5226 5261 5260
5239 3 2 1 2 5226 5227 5262 5261
5240 3 2 1 2 5227 5228 5263 5262
5241 3 2 1 2 5228 5229 5264 5263
5242 3 2 1 2 5229 5230 5265 5264
5243 3 2 1 2 5230 5231 5266 5265
5244 3 2 1 2 5231 366 367 5266
5245 3 2 1 2 24 5232 5267 25
5246 3 2 1 2 5232 5233 5268 5267
5247 3 2 1 2 5233 5234 5269 5268
5248 3 2 1 2 5234 5235 5270 5269
5249 3 2 1 2 5235 5236 5271 5270
5250 3 2 1 2 5236 5237 5272 5271
5251 3 2 1 2 5237 5238 5273 5272
5252 3 2 1 2 5238 5239 5274 5273
5253 3 2 1 2 5239 5240 5275 5274
5254 3 2 1 2 5240 5241 5276 5275
5255 3 2 1 2 5241 5242 5277 5276
5256 3 2 1 2 5242 5243 5278 5277
5257 3 2 1 2 5243 5244 5279 5278
5258 3 2 1 2 5244 5245 5280 5279
5259 3 2 1 2 5245 5246 5281 5280
5260 3 2 1 2 5246 5247 5282 5281
5261 3 2 1 2 5247 5248 5283 5282
5262 3 2 1 2 5248 5249 5284 5283
5263 3 2 1 2 5249 5250 5285 5284
5264 3 2 1 2 5250 5251 5286 5285
5265 3 2 1 2 5251 5252 5287 5286
5266 3 2 1 2 5252 5253 5288 5287
5267 3 2 1 2 5253 5254 5289 5288
5268 3 2 1 2 5254 5255 5290 5289
5269 3 2 1 2 5255 5256 5291 5290
5270 3 2 1 2 5256 5257 5292 5291
5271 3 2 1 2 5257 5258 5293 5292
5272 3 2 1 2 5258 5259 5294 5293
5273 3 2 1 2 5259 5260 5295 5294
5274 3 2 1 2 5260 5261 5296 5295
5275 3 2 1 2 5261 5262 5297 5296
5276 3 2 1 2 5262 5263 5298 5297
5277 3 2 1 2 5263 5264 5299 5298
5278 3 2 1 2 5264 5265 5300 5299
5279 3 2 1 2 5265 5266 5301 5300
5280 3 2 1 2 5266 367 368 5301
5281 3 2 1 2 25 5267 5302 26
5282 3 2 1 2 5267 5268 5303 5302
5283 3 2 1 2 5268 5269 5304 5303
5284 3 2 1 2 5269 5270 5305 5304
5285 3 2 1 2 5270 5271 5306 5305
5286 3 2 1 2 5271 5272 5307 5306
5287 3 2 1 2 5272 5273 5308 5307
5288 3 2 1 2 5273 5274 5309 5308
5289 3 2 1 2 5274 5275 5310 5309
5290 3 2 1 2 5275 5276 5311 5310
5291 3 2 1 2 5276 5277 5312 5311
5292 3 2 1 2 5277 5278 5313 5312
5293 3 2 1 2 5278 5279 5314 5313
5294 3 2 1 2 5279 5280 5315 5314
5295 3 2 1 2 5280 5281 5316 5315
5296 3 2 1 2 5281 5282 5317 5316
5297 3 2 1 2 5282 5283 5318 5317
5298 3 2 1 2 5283 5284 5319 5318
5299 3 2 1 2 5284 5285 5320 5319
5300 3 2 1 2 5285 5286 5321 5320
5301 3 2 1 2 5286 5287 5322 5321
5302 3 2 1 2 5287 5288 5323 5322
5303 3 2 1 2 5288 5289 5324 5323
5304 3 2 1 2 5289 5290 5325 5324
5305 3 2 1 2 5290 5291 5326 5325
5306 3 2 1 2 5291 5292 5327 5326
5307 3 2 1 2 5292 5293 5328 5327
5308 3 2 1 2 5293 5294 5329 5328
5309 3 2 1 2 5294 5295 5330 5329
5310 3 2 1 2 5295 5296 5331 5330
5311 3 2 1 2 5296 5297 5332 5331
5312 3 2 1 2 5297 5298 5333 5332
5313 3 2 1 2 5298 5299 5334 5333
5314 3 2 1 2 5299 5300 5335 5334
5315 3 2 1 2 5300 5301 5336 5335
5316 3 2 1 2 5301 368 369 5336
5317 3 2 1 2 26 5302 5337 27
5318 3 2 1 2 5302 5303 5338 5337
5319 3 2 1 2 5303 5304 5339 5338
5320 3 2 1 2 5304 5305 5340 5339
5321 3 2 1 2 5305 5306 5341 5340
5322 3 2 1 2 5306 5307 5342 5341
5323 3 2 1 2 5307 5308 5343 5342
5324 3 2 1 2 5308 5309 5344 5343
5325 3 2 1 2 5309 5310 5345 5344
5326 3 2 1 2 5310 5311 5346 5345
5327 3 2 1 2 5311 5312 5347 5346
5328 3 2 1 2 5312 5313 5348 5347
5329 3 2 1 2 5313 5314 5349 5348
5330 3 2 1 2 5314 5315 5350 5349
5331 3 2 1 2 5315 5316 5351 5350
5332 3 2 1 2 5316 5317 5352 5351
5333 3 2 1 2 5317 5318 5353 5352
5334 3 2 1 2 5318 5319 5354 5353
5335 3 2 1 2 5319 5320 5355 5354
5336 3 2 1 2 5320 5321 5356 5355
5337 3 2 1 2 5321 5322 5357 5356
5338 3 2 1 2 5322 5323 5358 5357
5339 3 2 1 2 5323 5324 5359 5358
5340 3 2 1 2 5324 5325 5360 5359
5341 3 2 1 2 5325 5326 5361 5360
5342 3 2 1 2 5326 5327 5362 5361
5343 3 2 1 2 5327 5328 5363 5362
5344 3 2 1 2 5328 5329 5364 5363
5345 3 2 1 2 5329 5330 5365 5364
5346 3 2 1 2 5330 5331 5366 5365
5347 3 2 1 2 5331 5332 5367 5366
5348 3 2 1 2 5332 5333 5368 5367
5349 3 2 1 2 5333 5334 5369 5368
5350 3 2 1 2 5334 5335 5370 5369
5351 3 2 1 2 5335 5336 5371 5370
5352 3 2 1 2 5336 369 370 5371
5353 3 2 1 2 27 5337 5372 28
5354 3 2 1 2 5337 5338 5373 5372
5355 3 2 1 2 5338 5339 5374 5373
5356 3 2 1 2 5339 5340 5375 5374
5357 3 2 1 2 5340 5341 5376 5375
5358 3 2 1 2 5341 5342 5377 5376
5359 3 2 1 2 5342 5343 5378 5377
5360 3 2 1 2 5343 5344 5379 5378
5361 3 2 1 2 5344 5345 5380 5379
5362 3 2 1 2 5345 5346 5381 5380
5363 3 2 1 2 5346 5347 5382 5381
5364 3 2 1 2 5347 5348 5383 5382
5365 3 2 1 2 5348 5349 5384 5383
5366 3 2 1 2 5349 5350 5385 5384
5367 3 2 1 2 5350 5351 5386 5385
5368 3 2 1 2 5351 5352 5387 5386
5369 3 2 1 2 5352 5353 5388 5387
5370 3 2 1 2 5353 5354 5389 5388
5371 3 2 1 2 5354 5355 5390 5389
5372 3 2 1 2 5355 5356 5391 5390
5373 3 2 1 2 5356 5357 5392 5391
5374 3 2 1 2 5357 5358 5393 5392
5375 3 2 1 2 5358 5359 5394 5393
5376 3 2 1 2 5359 5360 5395 5394
5377 3 2 1 2 5360 5361 5396 5395
5378 3 2 1 2 5361 5362 5397 5396
5379 3 2 1 2 5362 5363 5398 5397
5380 3 2 1 2 5363 5364 5399 5398
5381 3 2 1 2 5364 5365 5400 5399
5382 3 2 1 2 5365 5366 5401 5400
5383 3 2 1 2 5366 5367 5402 5401
5384 3 2 1 2 5367 5368 5403 5402
5385 3 2 1 2 5368 5369 5404 5403
5386 3 2 1 2 5369 5370 5405 5404
5387 3 2 1 2 5370 5371 5406 5405
5388 3 2 1 2 5371 370 371 5406
5389 3 2 1 2 28 5372 5407 29
5390 3 2 1 2 5372 5373 5408 5407
5391 3 2 1 2 5373 5374 5409 5408
5392 3 2 1 2 5374 5375 5410 5409
5393 3 2 1 2 5375 5376 5411 5410
5394 3 2 1 2 5376 5377 5412 5411
5395 3 2 1 2 5377 5378 5413 5412
5396 3 2 1 2 5378 5379 5414 5413
5397 3 2 1 2 5379 5380 5415 5414
5398 3 2 1 2 5380 5381 5416 5415
5399 3 2 1 2 5381 5382 5417 5416
5400 3 2 1 2 5382 5383 5418 5417
5401 3 2 1 2 5383 5384 5419 5418
5402 3 2 1 2 5384 5385 5420 5419
5403 3 2 1 2 5385 5386 5421 5420
5404 3 2 1 2 5386 5387 5422 5421
5405 3 2 1 2 5387 5388 5423 5422
5406 3 2 1 2 5388 5389 5424 5423
5407 3 2 1 2 5389 5390 5425 5424
5408 3 2 1 2 5390 5391 5426 5425
5409 3 2 1 2 5391 5392 5427 5426
5410 3 2 1 2 5392 5393 5428 5427
5411 3 2 1 2 5393 5394 5429 5428
5412 3 2 1 2 5394 5395 5430 5429
5413 3 2 1 2 5395 5396 5431 5430
5414 3 2 1 2 5396 5397 5432 5431
5415 3 2 1 2 5397 5398 5433 5432
5416 3 2 1 2 5398 5399 5434 5433
5417 3 2 1 2 5399 5400 5435 5434
5418 3 2 1 2 5400 5401 5436 5435
5419 3 2 1 2 5401 5402 5437 5436
5420 3 2 1 2 5402 5403 5438 5437
5421 3 2 1 2 5403 5404 5439 5438
5422 3 2 1 2 5404 5405 5440 5439
5423 3 2 1 2 5405 5406 5441 5440
5424 3 2 1 2 5406 371 372 5441
5425 3 2 1 2 29 5407 5442 30
5426 3 2 1 2 5407 5408 5443 5442
5427 3 2 1 2 5408 5409 5444 5443
5428 3 2 1 2 5409 5410 5445 5444
5429 3 2 1 2 5410 5411 5446 5445
5430 3 2 1 2 5411 5412 5447 5446
5431 3 2 1 2 5412 5413 5448 5447
5432 3 2 1 2 5413 5414 5449 5448
5433 3 2 1 2 5414 5415 5450 5449
5434 3 2 1 2 5415 5416 5451 5450
5435 3 2 1 2 5416 5417 5452 5451
5436 3 2 1 2 5417 5418 5453 5452
5437 3 2 1 2 5418 5419 5454 5453
5438 3 2 1 2 5419 5420 5455 5454
5439 3 2 1 2 5420 5421 5456 5455
5440 3 2 1 2 5421 5422 5457 5456
5441 3 2 1 2 5422 5423 5458 5457
5442 3 2 1 2 5423 5424 5459 5458
5443 3 2 1 2 5424 5425 5460 5459
5444 3 2 1 2 5425 5426 5461 5460
5445 3 2 1 2 5426 5427 5462 5461
5446 3 2 1 2 5427 5428 5463 5462
5447 3 2 1 2 5428 5429 5464 5463
5448 3 2 1 2 5429 5430 5465 5464
5449 3 2 1 2 5430 5431 5466 5465
5450 3 2 1 2 5431 5432 5467 5466
5451 3 2 1 2 5432 5433 5468 5467
5452 3 2 1 2 5433 5434 5469 5468
5453 3 2 1 2 5434 5435 5470 5469
5454 3 2 1 2 5435 5436 5471 5470
5455 3 2 1 2 5436 5437 5472 5471
5456 3 2 1 2 5437 5438 5473 5472
5457 3 2 1 2 5438 5439 5474 5473
5458 3 2 1 2 5439 5440 5475 5474
5459 3 2 1 2 5440 5441 5476 5475
5460 3 2 1 2 5441 372 373 5476
5461 3 2 1 2 30 5442 5477 31
5462 3 2 1 2 5442 5443 5478 5477
5463 3 2 1 2 5443 5444 5479 5478
5464 3 2 1 2 5444 5445 5480 5479
5465 3 2 1 2 5445 5446 5481 5480
5466 3 2 1 2 5446 5447 5482 5481
5467 3 2 1 2 5447 5448 5483 5482
5468 3 2 1 2 5448 5449 5484 5483
5469 3 2 1 2 5449 5450 5485 5484
5470 3 2 1 2 5450 5451 5486 5485
5471 3 2 1 2 5451 5452 5487 5486
5472 3 2 1 2 5452 5453 5488 5487
5473 3 2 1 2 5453 5454 5489 5488
5474 3 2 1 2 5454 5455 5490 5489
5475 3 2 1 2 5455 5456 5491 5490
5476 3 2 1 2 5456 5457 5492 5491
5477 3 2 1 2 5457 5458 5493 5492
5478 3 2 1 2 5458 5459 5494 5493
5479 3 2 1 2 5459 5460 5495 5494
5480 3 2 1 2 5460 5461 5496 5495
5481 3 2 1 2 5461 5462 5497 5496
5482 3 2 1 2 5462 5463 5498 5497
5483 3 2 1 2 5463 5464 5499 5498
5484 3 2 1 2 5464 5465 5500 5499
5485 3 2 1 2 5465 5466 5501 5500
5486 3 2 1 2 5466 5467 5502 5501
5487 3 2 1 2 5467 5468 5503 5502
5488 3 2 1 2 5468 5469 5504 5503
5489 3 2 1 2 5469 5470 5505 5504
5490 3 2 1 2 5470 5471 5506 5505
5491 3 2 1 2 5471 5472 5507 5506
5492 3 2 1 2 5472 5473 5508 5507
5493 3 2 1 2 5473 5474 5509 5508
5494 3 2 1 2 5474 5475 5510 5509
5495 3 2 1 2 5475 5476 5511 5510
5496 3 2 1 2 5476 373 374 5511
5497 3 2 1 2 31 5477 5512 32
5498 3 2 1 2 5477 5478 5513 5512
5499 3 2 1 2 5478 5479 5514 5513
5500 3 2 1 2 5479 5480 5515 5514
5501 3 2 1 2 5480 5481 5516 5515
5502 3 2 1 2 5481 5482 5517 5516
5503 3 2 1 2 5482 5483 5518 5517
5504 3 2 1 2 5483 5484 5519 5518
5505 3 2 1 2 5484 5485 5520 5519
5506 3 2 1 2 5485 5486 5521 5520
5507 3 2 1 2 5486 5487 5522 5521
5508 3 2 1 2 5487 5488 5523 5522
5509 3 2 1 2 5488 5489 5524 5523
5510 3 2 1 2 5489 5490 5525 5524
5511 3 2 1 2 5490 5491 5526 5525
5512 3 2 1 2 5491 5492 5527 5526
5513 3 2 1 2 5492 5493 5528 5527
5514 3 2 1 2 5493 5494 5529 5528
5515 3 2 1 2 5494 5495 5530 5529
5516 3 2 1 2 5495 5496 5531 5530
5517 3 2 1 2 5496 5497 5532 5531
5518 3 2 1 2 5497 5498 5533 5532
5519 3 2 1 2 5498 5499 5534 5533
5520 3 2 1 2 5499 5500 5535 5534
5521 3 2 1 2 5500 5501 5536 5535
5522 3 2 1 2 5501 5502 5537 5536
5523 3 2 1 2 5502 5503 5538 5537
5524 3 2 1 2 5503 5504 5539 5538
5525 3 2 1 2 5504 5505 5540 5539
5526 3 2 1 2 5505 5506 5541 5540
5527 3 2 1 2 5506 5507 5542 5541
5528 3 2 1 2 5507 5508 5543 5542
5529 3 2 1 2 5508 5509 5544 5543
5530 3 2 1 2 5509 5510 5545 5544
5531 3 2 1 2 5510 5511 5546 5545
5532 3 2 1 2 5511 374 375 5546
5533 3 2 1 2 32 5512 5547 33
5534 3 2 1 2 5512 5513 5548 5547
5535 3 2 1 2 5513 5514 5549 5548
5536 3 2 1 2 5514 5515 5550 5549
5537 3 2 1 2 5515 5516 5551 5550
5538 3 2 1 2 5516 5517 5552 5551
5539 3 2 1 2 5517 5518 5553 5552
5540 3 2 1 2 5518 5519 5554 5553
5541 3 2 1 2 5519 5520 5555 5554
5542 3 2 1 2 5520 5521 5556 5555
5543 3 2 1 2 5521 5522 5557 5556
5544 3 2 1 2 5522 5523 5558 5557
5545 3 2 1 2 5523 5524 5559 5558
5546 3 2 1 2 5524 5525 5560 5559
5547 3 2 1 2 5525 5526 5561 5560
5548 3 2 1 2 5526 5527 5562 5561
5549 3 2 1 2 5527 5528 5563 5562
5550 3 2 1 2 5528 5529 5564 5563
5551 3 2 1 2 5529 5530 5565 5564
5552 3 2 1 2 5530 5531 5566 5565
5553 3 2 1 2 5531 5532 5567 5566
5554 3 2 1 2 5532 5533 5568 5567
5555 3 2 1 2 5533 5534 5569 5568
5556 3 2 1 2 5534 5535 5570 5569
5557 3 2 1 2 5535 5536 5571 5570
5558 3 2 1 2 5536 5537 5572 5571
5559 3 2 1 2 5537 5538 5573 5572
5560 3 2 1 2 5538 5539 5574 5573
5561 3 2 1 2 5539 5540 5575 5574
5562 3 2 1 2 5540 5541 5576 5575
5563 3 2 1 2 5541 5542 5577 5576
5564 3 2 1 2 5542 5543 5578 5577
5565 3 2 1 2 5543 5544 5579 5578
5566 3 2 1 2 5544 5545 5580 5579
5567 3 2 1 2 5545 5546 5581 5580
5568 3 2 1 2 5546 375 376 5581
5569 3 2 1 2 33 5547 5582 34
5570 3 2 1 2 5547 5548 5583 5582
5571 3 2 1 2 5548 5549 5584 5583
5572 3 2 1 2 5549 5550 5585 5584
5573 3 2 1 2 5550 5551 5586 5585
5574 3 2 1 2 5551 5552 5587 5586
5575 3 2 1 2 5552 5553 5588 5587
5576 3 2 1 2 5553 5554 5589 5588
5577 3 2 1 2 5554 5555 5590 5589
5578 3 2 1 2 5555 5556 5591 5590
5579 3 2 1 2 5556 5557 5592 5591
5580 3 2 1 2 5557 5558 5593 5592
5581 3 2 1 2 5558 5559 5594 5593
5582 3 2 1 2 5559 5560 5595 5594
5583 3 2 1 2 5560 5561 5596 5595
5584 3 2 1 2 5561 5562 5597 5596
5585 3 2 1 2 5562 5563 5598 5597
5586 3 2 1 2 5563 5564 5599 5598
5587 3 2 1 2 5564 5565 5600 5599
5588 3 2 1 2 5565 5566 5601 5600
5589 3 2 1 2 5566 5567 5602 5601
5590 3 2 1 2 5567 5568 5603 5602
5591 3 2 1 2 5568 5569 5604 5603
5592 3 2 1 2 5569 5570 5605 5604
5593 3 2 1 2 5570 5571 5606 5605
5594 3 2 1 2 5571 5572 5607 5606
5595 3 2 1 2 5572 5573 5608 5607
5596 3 2 1 2 5573 5574 5609 5608
5597 3 2 1 2 5574 5575 5610 5609
5598 3 2 1 2 5575 5576 5611 5610
5599 3 2 1 2 5576 5577 5612 5611
5600 3 2 1 2 5577 5578 5613 5612
5601 3 2 1 2 5578 5579 5614 5613
5602 3 2 1 2 5579 5580 5615 5614
5603 3 2 1 2 5580 5581 5616 5615
5604 3 2 1 2 5581 376 377 5616
5605 3 2 1 2 34 5582 5617 35
5606 3 2 1 2 5582 5583 5618 5617
5607 3 2 1 2 5583 5584 5619 5618
5608 3 2 1 2 5584 5585 5620 5619
5609 3 2 1 2 5585 5586 5621 5620
5610 3 2 1 2 5586 5587 5622 5621
5611 3 2 1 2 5587 5588 5623 5622
5612 3 2 1 2 5588 5589 5624 5623
5613 3 2 1 2 5589 5590 5625 5624
5614 3 2 1 2 5590 5591 5626 5625
5615 3 2 1 2 5591 5592 5627 5626
5616 3 2 1 2 5592 5593 5628 5627
5617 3 2 1 2 5593 5594 5629 5628
5618 3 2 1 2 5594 5595 5630 5629
5619 3 2 1 2 5595 5596 5631 5630
5620 3 2 1 2 5596 5597 5632 5631
5621 3 2 1 2 5597 5598 5633 5632
5622 3 2 1 2 5598 5599 5634 5633
5623 3 2 1 2 5599 5600 5635 5634
5624 3 2 1 2 5600 5601 5636 5635
5625 3 2 1 2 5601 5602 5637 5636
5626 3 2 1 2 5602 5603 5638 5637
5627 3 2 1 2 5603 5604 5639 5638
5628 3 2 1 2 5604 5605 5640 5639
5629 3 2 1 2 5605 5606 5641 5640
5630 3 2 1 2 5606 5607 5642 5641
5631 3 2 1 2 5607 5608 5643 5642
5632 3 2 1 2 5608 5609 5644 5643
5633 3 2 1 2 5609 5610 5645 5644
5634 3 2 1 2 5610 5611 5646 5645
5635 3 2 1 2 5611 5612 5647 5646
5636 3 2 1 2 5612 5613 5648 5647
5637 3 2 1 2 5613 5614 5649 5648
5638 3 2 1 2 5614 5615 5650 5649
5639 3 2 1 2 5615 5616 5651 5650
5640 3 2 1 2 5616 377 378 5651
5641 3 2 1 2 35 5617 5652 36
5642 3 2 1 2 5617 5618 5653 5652
5643 3 2 1 2 5618 5619 5654 5653
5644 3 2 1 2 5619 5620 5655 5654
5645 3 2 1 2 5620 5621 5656 5655
5646 3 2 1 2 5621 5622 5657 5656
5647 3 2 1 2 5622 5623 5658 5657
5648 3 2 1 2 5623 5624 5659 5658
5649 3 2 1 2 5624 5625 5660 5659
5650 3 2 1 2 5625 5626 5661 5660
5651 3 2 1 2 5626 5627 5662 5661
5652 3 2 1 2 5627 5628 5663 5662
5653 3 2 1 2 5628 5629 5664 5663
5654 3 2 1 2 5629 5630 5665 5664
5655 3 2 1 2 5630 5631 5666 5665
5656 3 2 1 2 5631 5632 5667 5666
5657 3 2 1 2 5632 5633 5668 5667
5658 3 2 1 2 5633 5634 5669 5668
5659 3 2 1 2 5634 5635 5670 5669
5660 3 2 1 2 5635 5636 5671 5670
5661 3 2 1 2 5636 5637 5672 5671
5662 3 2 1 2 5637 5638 5673 5672
5663 3 2 1 2 5638 5639 5674 5673
5664 3 2 1 2 5639 5640 5675 5674
5665 3 2 1 2 5640 5641 5676 5675
5666 3 2 1 2 5641 5642 5677 5676
5667 3 2 1 2 5642 5643 5678 5677
5668 3 2 1 2 5643 5644 5679 5678
5669 3 2 1 2 5644 5645 5680 5679
5670 3 2 1 2 5645 5646 5681 5680
5671 3 2 1 2 5646 5647 5682 5681
5672 3 2 1 2 5647 5648 5683 5682
5673 3 2 1 2 5648 5649 5684 5683
5674 3 2 1 2 5649 5650 5685 5684
5675 3 2 1 2 5650 5651 5686 5685
5676 3 2 1 2 5651 378 379 5686
5677 3 2 1 2 36 5652 5687 37
5678 3 2 1 2 5652 5653 5688 5687
5679 3 2 1 2 5653 5654 5689 5688
5680 3 2 1 2 5654 5655 5690 5689
5681 3 2 1 2 5655 5656 5691 5690
5682 3 2 1 2 5656 5657 5692 5691
5683 3 2 1 2 5657 5658 5693 5692
5684 3 2 1 2 5658 5659 5694 5693
5685 3 2 1 2 5659 5660 5695 5694
5686 3 2 1 2 5660 5661 5696 5695
5687 3 2 1 2 5661 5662 5697 5696
5688 3 2 1 2 5662 5663 5698 5697
5689 3 2 1 2 5663 5664 5699 5698
5690 3 2 1 2 5664 5665 5700 5699
5691 3 2 1 2 5665 5666 5701 5700
5692 3 2 1 2 5666 5667 5702 5701
5693 3 2 1 2 5667 5668 5703 5702
5694 3 2 1 2 5668 5669 5704 5703
5695 3 2 1 2 5669 5670 5705 5704
5696 3 2 1 2 5670 5671 5706 5705
5697 3 2 1 2 5671 5672 5707 5706
5698 3 2 1 2 5672 5673 5708 5707
5699 3 2 1 2 5673 5674 5709 5708
5700 3 2 1 2 5674 5675 5710 5709
5701 3 2 1 2 5675 5676 5711 5710
5702 3 2 1 2 5676 5677 5712 5711
5703 3 2 1 2 5677 5678 5713 5712
5704 3 2 1 2 5678 5679 5714 5713
5705 3 2 1 2 5679 5680 5715 5714
5706 3 2 1 2 5680 5681 5716 5715
5707 3 2 1 2 5681 5682 5717 5716
5708 3 2 1 2 5682 5683 5718 5717
5709 3 2 1 2 5683 5684 5719 5718
5710 3 2 1 2 5684 5685 5720 5719
5711 3 2 1 2 5685 5686 5721 5720
5712 3 2 1 2 5686 379 380 5721
5713 3 2 1 2 37 5687 5722 38
5714 3 2 1 2 5687 5688 5723 5722
5715 3 2 1 2 5688 5689 5724 5723
5716 3 2 1 2 5689 5690 5725 5724
5717 3 2 1 2 5690 5691 5726 5725
5718 3 2 1 2 5691 5692 5727 5726
5719 3 2 1 2 5692 5693 5728 5727
5720 3 2 1 2 5693 5694 5729 5728
5721 3 2 1 2 5694 5695 5730 5729
5722 3 2 1 2 5695 5696 5731 5730
5723 3 2 1 2 5696 5697 5732 5731
5724 3 2 1 2 5697 5698 5733 5732
5725 3 2 1 2 5698 5699 5734 5733
5726 3 2 1 2 5699 5700 5735 5734
5727 3 2 1 2 5700 5701 5736 5735
5728 3 2 1 2 5701 5702 5737 5736
5729 3 2 1 2 5702 5703 5738 5737
5730 3 2 1 2 5703 5704 5739 5738
5731 3 2 1 2 5704 5705 5740 5739
5732 3 2 1 2 5705 5706 5741 5740
5733 3 2 1 2 5706 5707 5742 5741
5734 3 2 1 2 5707 5708 5743 5742
5735 3 2 1 2 5708 5709 5744 5743
5736 3 2 1 2 5709 5710 5745 5744
5737 3 2 1 2 5710 5711 5746 5745
5738 3 2 1 2 5711 5712 5747 5746
5739 3 2 1 2 5712 5713 5748 5747
5740 3 2 1 2 5713 5714 5749 5748
5741 3 2 1 2 5714 5715 5750 5749
5742 3 2 1 2 5715 5716 5751 5750
5743 3 2 1 2 5716 5717 5752 5751
5744 3 2 1 2 5717 5718 5753 5752
5745 3 2 1 2 5718 5719 5754 5753
5746 3 2 1 2 5719 5720 5755 5754
5747 3 2 1 2 5720 5721 5756 5755
5748 3 2 1 2 5721 380 381 5756
5749 3 2 1 2 38 5722 5757 39
5750 3 2 1 2 5722 5723 5758 5757
5751 3 2 1 2 5723 5724 5759 5758
5752 3 2 1 2 5724 5725 5760 5759
5753 3 2 1 2 5725 5726 5761 5760
5754 3 2 1 2 5726 5727 5762 5761
5755 3 2 1 2 5727 5728 5763 5762
5756 3 2 1 2 5728 5729 5764 5763
5757 3 2 1 2 5729 5730 5765 5764
5758 3 2 1 2 5730 5731 5766 5765
5759 3 2 1 2 5731 5732 5767 5766
5760 3 2 1 2 5732 5733 5768 5767
5761 3 2 1 2 5733 5734 5769 5768
5762 3 2 1 2 5734 5735 5770 5769
5763 3 2 1 2 5735 5736 5771 5770
5764 3 2 1 2 5736 5737 5772 5771
5765 3 2 1 2 5737 5738 5773 5772
5766 3 2 1 2 5738 5739 5774 5773
5767 3 2 1 2 5739 5740 5775 5774
5768 3 2 1 2 5740 5741 5776 5775
5769 3 2 1 2 5741 5742 5777 5776
5770 3 2 1 2 5742 5743 5778 5777
5771 3 2 1 2 5743 5744 5779 5778
5772 3 2 1 2 5744 5745 5780 5779
5773 3 2 1 2 5745 5746 5781 5780
5774 3 2 1 2 5746 5747 5782 5781
5775 3 2 1 2 5747 5748 5783 5782
5776 3 2 1 2 5748 5749 5784 5783
5777 3 2 1 2 5749 5750 5785 5784
5778 3 2 1 2 5750 5751 5786 5785
5779 3 2 1 2 5751 5752 5787 5786
5780 3 2 1 2 5752 5753 5788 5787
5781 3 2 1 2 5753 5754 5789 5788
5782 3 2 1 2 5754 5755 5790 5789
5783 3 2 1 2 5755 5756 5791 5790
5784 3 2 1 2 5756 381 382 5791
5785 3 2 1 2 39 5757 5792 40
5786 3 2 1 2 5757 5758 5793 5792
5787 3 2 1 2 5758 5759 5794 5793
5788 3 2 1 2 5759 5760 5795 5794
5789 3 2 1 2 5760 5761 5796 5795
5790 3 2 1 2 5761 5762 5797 5796
5791 3 2 1 2 5762 5763 5798 5797
5792 3 2 1 2 5763 5764 5799 5798
5793 3 2 1 2 5764 5765 5800 5799
5794 3 2 1 2 5765 5766 5801 5800
5795 3 2 1 2 5766 5767 5802 5801
5796 3 2 1 2 5767 5768 5803 5802
5797 3 2 1 2 5768 5769 5804 5803
5798 3 2 1 2 5769 5770 5805 5804
5799 3 2 1 2 5770 5771 5806 5805
5800 3 2 1 2 5771 5772 5807 5806
5801 3 2 1 2 5772 5773 5808 5807
5802 3 2 1 2 5773 5774 5809 5808
5803 3 2 1 2 5774 5775 5810 5809
5804 3 2 1 2 5775 5776 5811 5810
5805 3 2 1 2 5776 5777 5812 5811
5806 3 2 1 2 5777 5778 5813 5812
5807 3 2 1 2 5778 5779 5814 5813
5808 3 2 1 2 5779 5780 5815 5814
5809 3 2 1 2 5780 5781 5816 5815
5810 3 2 1 2 5781 5782 5817 5816
5811 3 2 1 2 5782 5783 5818 5817
5812 3 2 1 2 5783 5784 5819 5818
5813 3 2 1 2 5784 5785 5820 5819
5814 3 2 1 2 5785 5786 5821 5820
5815 3 2 1 2 5786 5787 5822 5821
5816 3 2 1 2 5787 5788 5823 5822
5817 3 2 1 2 5788 5789 5824 5823
5818 3 2 1 2 5789 5790 5825 5824
5819 3 2 1 2 5790 5791 5826 5825
5820 3 2 1 2 5791 382 383 5826
5821 3 2 1 2 40 5792 5827 41
5822 3 2 1 2 5792 5793 5828 5827
5823 3 2 1 2 5793 5794 5829 5828
5824 3 2 1 2 5794 5795 5830 5829
5825 3 2 1 2 5795 5796 5831 5830
5826 3 2 1 2 5796 5797 5832 5831
5827 3 2 1 2 5797 5798 5833 5832
5828 3 2 1 2 5798 5799 5834 5833
5829 3 2 1 2 5799 5800 5835 5834
5830 3 2 1 2 5800 5801 5836 5835
5831 3 2 1 2 5801 5802 5837 5836
5832 3 2 1 2 5802 5803 5838 5837
5833 3 2 1 2 5803 5804 5839 5838
5834 3 2 1 2 5804 5805 5840 5839
5835 3 2 1 2 5805 5806 5841 5840
5836 3 2 1 2 5806 5807 5842 5841
5837 3 2 1 2 5807 5808 5843 5842
5838 3 2 1 2 5808 5809 5844 5843
5839 3 2 1 2 5809 5810 5845 5844
5840 3 2 1 2 5810 5811 5846 5845
5841 3 2 1 2 5811 5812 5847 5846
5842 3 2 1 2 5812 5813 5848 5847
5843 3 2 1 2 5813 5814 5849 5848
5844 3 2 1 2 5814 5815 5850 5849
5845 3 2 1 2 5815 5816 5851 5850
5846 3 2 1 2 5816 5817 5852 5851
5847 3 2 1 2 5817 5818 5853 5852
5848 3 2 1 2 5818 5819 5854 5853
5849 3 2 1 2 5819 5820 5855 5854
5850 3 2 1 2 5820 5821 5856 5855
5851 3 2 1 2 5821 5822 5857 5856
5852 3 2 1 2 5822 5823 5858 5857
5853 3 2 1 2 5823 5824 5859 5858
5854 3 2 1 2 5824 5825 5860 5859
5855 3 2 1 2 5825 5826 5861 5860
5856 3 2 1 2 5826 383 384 5861
5857 3 2 1 2 41 5827 5862 42
5858 3 2 1 2 5827 5828 5863 5862
5859 3 2 1 2 5828 5829 5864 5863
5860 3 2 1 2 5829 5830 5865 5864
5861 3 2 1 2 5830 5831 5866 5865
5862 3 2 1 2 5831 5832 5867 5866
5863 3 2 1 2 5832 5833 5868 5867
5864 3 2 1 2 5833 5834 5869 5868
5865 3 2 1 2 5834 5835 5870 5869
5866 3 2 1 2 5835 5836 5871 5870
5867 3 2 1 2 5836 5837 5872 5871
5868 3 2 1 2 5837 5838 5873 5872
5869 3 2 1 2 5838 5839 5874 5873
5870 3 2 1 2 5839 5840 5875 5874
5871 3 2 1 2 5840 5841 5876 5875
5872 3 2 1 2 5841 5842 5877 5876
5873 3 2 1 2 5842 5843 5878 5877
5874 3 2 1 2 5843 5844 5879 5878
5875 3 2 1 2 5844 5845 5880 5879
5876 3 2 1 2 5845 5846 5881 5880
5877 3 2 1 2 5846 5847 5882 5881
5878 3 2 1 2 5847 5848 5883 5882
5879 3 2 1 2 5848 5849 5884 5883
5880 3 2 1 2 5849 5850 5885 5884
5881 3 2 1 2 5850 5851 5886 5885
5882 3 2 1 2 5851 5852 5887 5886
5883 3 2 1 2 5852 5853 5888 5887
5884 3 2 1 2 5853 5854 5889 5888
5885 3 2 1 2 5854 5855 5890 5889
5886 3 2 1 2 5855 5856 5891 5890
5887 3 2 1 2 5856 5857 5892 5891
5888 3 2 1 2 5857 5858 5893 5892
5889 3 2 1 2 5858 5859 5894 5893
5890 3 2 1 2 5859 5860 5895 5894
5891 3 2 1 2 5860 5861 5896 5895
5892 3 2 1 2 5861 384 385 5896
5893 3 2 1 2 42 5862 5897 43
5894 3 2 1 2 5862 5863 5898 5897
5895 3 2 1 2 5863 5864 5899 5898
5896 3 2 1 2 5864 5865 5900 5899
5897 3 2 1 2 5865 5866 5901 5900
5898 3 2 1 2 5866 5867 5902 5901
5899 3 2 1 2 5867 5868 5903 5902
5900 3 2 1 2 5868 5869 5904 5903
5901 3 2 1 2 5869 5870 5905 5904
5902 3 2 1 2 5870 5871 5906 5905
5903 3 2 1 2 5871 5872 5907 5906
5904 3 2 1 2 5872 5873 5908 5907
5905 3 2 1 2 5873 5874 5909 5908
5906 3 2 1 2 5874 5875 5910 5909
5907 3 2 1 2 5875 5876 5911 5910
5908 3 2 1 2 5876 5877 5912 5911
5909 3 2 1 2 5877 5878 5913 5912
5910 3 2 1 2 5878 5879 5914 5913
5911 3 2 1 2 5879 5880 5915 5914
5912 3 2 1 2 5880 5881 5916 5915
5913 3 2 1 2 5881 5882 5917 5916
5914 3 2 1 2 5882 5883 5918 5917
5915 3 2 1 2 5883 5884 5919 5918
5916 3 2 1 2 5884 5885 5920 5919
5917 3 2 1 2 5885 5886 5921 5920
5918 3 2 1 2 5886 5887 5922 5921
5919 3 2 1 2 5887 5888 5923 5922
5920 3 2 1 2 5888 5889 5924 5923
5921 3 2 1 2 5889 5890 5925 5924
5922 3 2 1 2 5890 5891 5926 5925
5923 3 2 1 2 5891 5892 5927 5926
5924 3 2 1 2 5892 5893 5928 5927
5925 3 2 1 2 5893 5894 5929 5928
5926 3 2 1 2 5894 5895 5930 5929
5927 3 2 1 2 5895 5896 5931 5930
5928 3 2 1 2 5896 385 386 5931
5929 3 2 1 2 43 5897 5932 44
5930 3 2 1 2 5897 5898 5933 5932
5931 3 2 1 2 5898 5899 5934 5933
5932 3 2 1 2 5899 5900 5935 5934
5933 3 2 1 2 5900 5901 5936 5935
5934 3 2 1 2 5901 5902 5937 5936
5935 3 2 1 2 5902 5903 5938 5937
5936 3 2 1 2 5903 5904 5939 5938
5937 3 2 1 2 5904 5905 5940 5939
5938 3 2 1 2 5905 5906 5941 5940
5939 3 2 1 2 5906 5907 5942 5941
5940 3 2 1 2 5907 5908 5943 5942
5941 3 2 1 2 5908 5909 5944 5943
5942 3 2 1 2 5909 5910 5945 5944
5943 3 2 1 2 5910 5911 5946 5945
5944 3 2 1 2 5911 5912 5947 5946
5945 3 2 1 2 5912 5913 5948 5947
5946 3 2 1 2 5913 5914 5949 5948
5947 3 2 1 2 5914 5915 5950 5949
5948 3 2 1 2 5915 5916 5951 5950
5949 3 2 1 2 5916 5917 5952 5951
5950 3 2 1 2 5917 5918 5953 5952
5951 3 2 1 2 5918 5919 5954 5953
5952 3 2 1 2 5919 5920 5955 5954
5953 3 2 1 2 5920 5921 5956 5955
5954 3 2 1 2 5921 5922 5957 5956
5955 3 2 1 2 5922 5923 5958 5957
5956 3 2 1 2 5923 5924 5959 5958
5957 3 2 1 2 5924 5925 5960 5959
5958 3 2 1 2 5925 5926 5961 5960
5959 3 2 1 2 5926 5927 5962 5961
5960 3 2 1 2 5927 5928 5963 5962
5961 3 2 1 2 5928 5929 5964 5963
5962 3 2 1 2 5929 5930 5965 5964
5963 3 2 1 2 5930 5931 5966 5965
5964 3 2 1 2 5931 386 387 5966
5965 3 2 1 2 44 5932 5967 45
5966 3 2 1 2 5932 5933 5968 5967
5967 3 2 1 2 5933 5934 5969 5968
5968 3 2 1 2 5934 5935 5970 5969
5969 3 2 1 2 5935 5936 5971 5970
5970 3 2 1 2 5936 5937 5972 5971
5971 3 2 1 2 5937 5938 5973 5972
5972 3 2 1 2 5938 5939 5974 5973
5973 3 2 1 2 5939 5940 5975 5974
5974 3 2 1 2 5940 5941 5976 5975
5975 3 2 1 2 5941 5942 5977 5976
5976 3 2 1 2 5942 5943 5978 5977
5977 3 2 1 2 5943 5944 5979 5978
5978 3 2 1 2 5944 5945 5980 5979
5979 3 2 1 2 5945 5946 5981 5980
5980 3 2 1 2 5946 5947 5982 5981
5981 3 2 1 2 5947 5948 5983 5982
5982 3 2 1 2 5948 5949 5984 5983
5983 3 2 1 2 5949 5950 5985 5984
5984 3 2 1 2 5950 5951 5986 5985
5985 3 2 1 2 5951 5952 5987 5986
5986 3 2 1 2 5952 5953 5988 5987
5987 3 2 1 2 5953 5954 5989 5988
5988 3 2 1 2 5954 5955 5990 5989
5989 3 2 1 2 5955 5956 5991 5990
5990 3 2 1 2 5956 5957 5992 5991
5991 3 2 1 2 5957 5958 5993 5992
5992 3 2 1 2 5958 5959 5994 5993
5993 3 2 1 2 5959 5960 5995 5994
5994 3 2 1 2 5960 5961 5996 5995
5995 3 2 1 2 5961 5962 5997 5996
5996 3 2 1 2 5962 5963 5998 5997
5997 3 2 1 2 5963 5964 5999 5998
5998 3 2 1 2 5964 5965 6000 5999
5999 3 2 1 2 5965 5966 6001 6000
6000 3 2 1 2 5966 387 388 6001
6001 3 2 1 2 45 5967 6002 46
6002 3 2 1 2 5967 5968 6003 6002
6003 3 2 1 2 5968 5969 6004 6003
6004 3 2 1 2 5969 5970 6005 6004
6005 3 2 1 2 5970 5971 6006 6005
6006 3 2 1 2 5971 5972 6007 6006
6007 3 2 1 2 5972 5973 6008 6007
6008 3 2 1 2 5973 5974 6009 6008
6009 3 2 1 2 5974 5975 6010 6009
6010 3 2 1 2 5975 5976 6011 6010
6011 3 2 1 2 5976 5977 6012 6011
6012 3 2 1 2 5977 5978 6013 6012
6013 3 2 1 2 5978 5979 6014 6013
6014 3 2 1 2 5979 5980 6015 6014
6015 3 2 1 2 5980 5981 6016 6015
6016 3 2 1 2 5981 5982 6017 6016
6017 3 2 1 2 5982 5983 6018 6017
6018 3 2 1 2 5983 5984 6019 6018
6019 3 2 1 2 5984 5985 6020 6019
6020 3 2 1 2 5985 5986 6021 6020
6021 3 2 1 2 5986 5987 6022 6021
6022 3 2 1 2 5987 5988 6023 6022
6023 3 2 1 2 5988 5989 6024 6023
6024 3 2 1 2 5989 5990 6025 6024
6025 3 2 1 2 5990 5991 6026 6025
6026 3 2 1 2 5991 5992 6027 6026
6027 3 2 1 2 5992 5993 6028 6027
6028 3 2 1 2 5993 5994 6029 6028
6029 3 2 1 2 5994 5995 6030 6029
6030 3 2 1 2 5995 5996 6031 6030
6031 3 2 1 2 5996 5997 6032 6031
6032 3 2 1 2 5997 5998 6033 6032
6033 3 2 1 2 5998 5999 6034 6033
6034 3 2 1 2 5999 6000 6035 6034
6035 3 2 1 2 6000 6001 6036 6035
6036 3 2 1 2 6001 388 389 6036
6037 3 2 1 2 46 6002 320 1
6038 3 2 1 2 6002 6003 321 320
6039 3 2 1 2 6003 6004 322 321
6040 3 2 1 2 6004 6005 323 322
6041 3 2 1 2 6005 6006 324 323
6042 3 2 1 2 6006 6007 325 324
6043 3 2 1 2 6007 6008 326 325
6044 3 2 1 2 6008 6009 327 326
6045 3 2 1 2 6009 6010 328 327
6046 3 2 1 2 6010 6011 329 328
6047 3 2 1 2 6011 6012 330 329
6048 3 2 1 2 6012 6013 331 330
6049 3 2 1 2 6013 6014 332 331
6050 3 2 1 2 6014 6015 333 332
6051 3 2 1 2 6015 6016 334 333
6052 3 2 1 2 6016 6017 335 334
6053 3 2 1 2 6017 6018 336 335
6054 3 2 1 2 6018 6019 337 336
6055 3 2 1 2 6019 6020 338 337
6056 3 2 1 2 6020 6021 339 338
6057 3 2 1 2 6021 6022 340 339
6058 3 2 1 2 6022 6023 341 340
6059 3 2 1 2 6023 6024 342 341
6060 3 2 1 2 6024 6025 343 342
6061 3 2 1 2 6025 6026 344 343
6062 3 2 1 2 6026 6027 345 344
6063 3 2 1 2 6027 6028 346 345
6064 3 2 1 2 6028 6029 347 346
6065 3 2 1 2 6029 6030 348 347
6066 3 2 1 2 6030 6031 349 348
6067 3 2 1 2 6031 6032 350 349
6068 3 2 1 2 6032 6033 351 350
6069 3 2 1 2 6033 6034 352 351
6070 3 2 1 2 6034 6035 353 352
6071 3 2 1 2 6035 6036 354 353
6072 3 2 1 2 6036 389 5 354
6073 3 2 1 3 7 425 6037 578
6074 3 2 1 3 578 6037 6038 577
6075 3 2 1 3 577 6038 6039 576
6076 3 2 1 3 576 6039 6040 575
6077 3 2 1 3 575 6040 6041 574
6078 3 2 1 3 574 6041 6042 573
6079 3 2 1 3 573 6042 6043 572
6080 3 2 1 3 572 6043 6044 571
6081 3 2 1 3 571 6044 6045 570
6082 3 2 1 3 570 6045 6046 569
6083 3 2 1 3 569 6046 6047 568
6084 3 2 1 3 568 6047 6048 567
6085 3 2 1 3 567 6048 6049 566
6086 3 2 1 3 566 6049 6050 565
6087 3 2 1 3 565 6050 6051 564
6088 3 2 1 3 564 6051 6052 563
6089 3 2 1 3 563 6052 6053 562
6090 3 2 1 3 562 6053 6054 561
6091 3 2 1 3 561 6054 6055 560
6092 3 2 1 3 560 6055 6056 559
6093 3 2 1 3 559 6056 6057 558
6094 3 2 1 3 558 6057 6058 557
6095 3 2 1 3 557 6058 6059 556
6096 3 2 1 3 556 6059 6060 555
6097 3 2 1 3 555 6060 6061 554
6098 3 2 1 3 554 6061 6062 553
6099 3 2 1 3 553 6062 6063 552
6100 3 2 1 3 552 6063 6064 551
6101 3 2 1 3 551 6064 6065 550
6102 3 2 1 3 550 6065 6066 549
6103 3 2 1 3 549 6066 6067 548
6104 3 2 1 3 548 6067 6068 547
6105 3 2 1 3 547 6068 6069 546
6106 3 2 1 3 546 6069 6070 545
6107 3 2 1 3 545 6070 6071 544
6108 3 2 1 3 544 6071 6072 543
6109 3 2 1 3 543 6072 6073 542
6110 3 2 1 3 542 6073 6074 541
6111 3 2 1 3 541 6074 6075 540
6112 3 2 1 3 540 6075 6076 539
6113 3 2 1 3 539 6076 6077 538
6114 3 2 1 3 538 6077 6078 537
6115 3 2 1 3 537 6078 6079 536
6116 3 2 1 3 536 6079 6080 535
6117 3 2 1 3 535 6080 6081 534
6118 3 2 1 3 534 6081 6082 533
6119 3 2 1 3 533 6082 6083 532
6120 3 2 1 3 532 6083 6084 531
6121 3 2 1 3 531 6084 6085 530
6122 3 2 1 3 530 6085 6086 529
6123 3 2 1 3 529 6086 6087 528
6124 3 2 1 3 528 6087 6088 527
6125 3 2 1 3 527 6088 6089 526
6126 3 2 1 3 526 6089 6090 525
6127 3 2 1 3 525 6090 6091 524
6128 3 2 1 3 524 6091 6092 523
6129 3 2 1 3 523 6092 6093 522
6130 3 2 1 3 522 6093 6094 521
6131 3 2 1 3 521 6094 6095 520
6132 3 2 1 3 520 6095 6096 519
6133 3 2 1 3 519 6096 6097 518
6134 3 2 1 3 518 6097 6098 517
6135 3 2 1 3 517 6098 6099 516
6136 3 2 1 3 516 6099 6100 515
6137 3 2 1 3 515 6100 6101 514
6138 3 2 1 3 514 6101 6102 513
6139 3 2 1 3 513 6102 6103 512
6140 3 2 1 3 512 6103 6104 511
6141 3 2 1 3 511 6104 6105 510
6142 3 2 1 3 510 6105 6106 509
6143 3 2 1 3 509 6106 6107 508
6144 3 2 1 3 508 6107 6108 507
6145 3 2 1 3 507 6108 6109 506
6146 3 2 1 3 506 6109 6110 505
6147 3 2 1 3 505 6110 6111 504
6148 3 2 1 3 504 6111 6112 503
6149 3 2 1 3 503 6112 6113 502
6150 3 2 1 3 502 6113 6114 501
6151 3 2 1 3 501 6114 6115 500
6152 3 2 1 3 500 6115 6116 499
6153 3 2 1 3 499 6116 6117 498
6154 3 2 1 3 498 6117 6118 497
6155 3 2 1 3 497 6118 6119 496
6156 3 2 1 3 496 6119 6120 495
6157 3 2 1 3 495 6120 6121 494
6158 3 2 1 3 494 6121 6122 493
6159 3 2 1 3 493 6122 6123 492
6160 3 2 1 3 492 6123 6124 491
6161 3 2 1 3 491 6124 6125 490
6162 3 2 1 3 490 6125 6126 489
6163 3 2 1 3 489 6126 6127 488
6164 3 2 1 3 488 6127 6128 487
6165 3 2 1 3 487 6128 6129 486
6166 3 2 1 3 486 6129 6130 485
6167 3 2 1 3 485 6130 6131 484
6168 3 2 1 3 484 6131 6132 483
6169 3 2 1 3 483 6132 6133 482
6170 3 2 1 3 482 6133 6134 481
6171 3 2 1 3 481 6134 6135 480
6172 3 2 1 3 480 6135 6136 479
6173 3 2 1 3 479 6136 6137 478
6174 3 2 1 3 478 6137 6138 477
6175 3 2 1 3 477 6138 6139 476
6176 3 2 1 3 476 6139 6140 475
6177 3 2 1 3 475 6140 6141 474
6178 3 2 1 3 474 6141 6142 473
6179 3 2 1 3 473 6142 6143 472
6180 3 2 1 3 472 6143 6144 471
6181 3 2 1 3 471 6144 6145 470
6182 3 2 1 3 470 6145 6146 469
6183 3 2 1 3 469 6146 6147 468
6184 3 2 1 3 468 6147 6148 467
6185 3 2 1 3 467 6148 6149 466
6186 3 2 1 3 466 6149 6150 465
6187 3 2 1 3 465 6150 6151 464
6188 3 2 1 3 464 6151 6152 463
6189 3 2 1 3 463 6152 6153 462
6190 3 2 1 3 462 6153 6154 461
6191 3 2 1 3 461 6154 6155 460
6192 3 2 1 3 460 6155 354 5
6193 3 2 1 3 425 426 6156 6037
6194 3 2 1 3 6037 6156 6157 6038
6195 3 2 1 3 6038 6157 6158 6039
6196 3 2 1 3 6039 6158 6159 6040
6197 3 2 1 3 6040 6159 6160 6041
6198 3 2 1 3 6041 6160 6161 6042
6199 3 2 1 3 6042 6161 6162 6043
6200 3 2 1 3 6043 6162 6163 6044
6201 3 2 1 3 6044 6163 6164 6045
6202 3 2 1 3 6045 6164 6165 6046
6203 3 2 1 3 6046 6165 6166 6047
6204 3 2 1 3 6047 6166 6167 6048
6205 3 2 1 3 6048 6167 6168 6049
6206 3 2 1 3 6049 6168 6169 6050
6207 3 2 1 3 6050 6169 6170 6051
6208 3 2 1 3 6051 6170 6171 6052
6209 3 2 1 3 6052 6171 6172 6053
6210 3 2 1 3 6053 6172 6173 6054
6211 3 2 1 3 6054 6173 6174 6055
6212 3 2 1 3 6055 6174 6175 6056
6213 3 2 1 3 6056 6175 6176 6057
6214 3 2 1 3 6057 6176 6177 6058
6215 3 2 1 3 6058 6177 6178 6059
6216 3 2 1 3 6059 6178 6179 6060
6217 3 2 1 3 6060 6179 6180 6061
6218 3 2 1 3 6061 6180 6181 6062
6219 3 2 1 3 6062 6181 6182 6063
6220 3 2 1 3 6063 6182 6183 6064
6221 3 2 1 3 6064 6183 6184 6065
6222 3 2 1 3 6065 6184 6185 6066
6223 3 2 1 3 6066 6185 6186 6067
6224 3 2 1 3 6067 6186 6187 6068
6225 3 2 1 3 6068 6187 6188 6069
6226 3 2 1 3 6069 6188 6189 6070
6227 3 2 1 3 6070 6189 6190 6071
6228 3 2 1 3 6071 6190 6191 6072
6229 3 2 1 3 6072 6191 6192 6073
6230 3 2 1 3 6073 6192 6193 6074
6231 3 2 1 3 6074 6193 6194 6075
6232 3 2 1 3 6075 6194 6195 6076
6233 3 2 1 3 6076 6195 6196 6077
6234 3 2 1 3 6077 6196 6197 6078
6235 3 2 1 3 6078 6197 6198 6079
6236 3 2 1 3 6079 6198 6199 6080
6237 3 2 1 3 6080 6199 6200 6081
6238 3 2 1 3 6081 6200 6201 6082
6239 3 2 1 3 6082 6201 6202 6083
6240 3 2 1 3 6083 6202 6203 6084
6241 3 2 1 3 6084 6203 6204 6085
6242 3 2 1 3 6085 6204 6205 6086
6243 3 2 1 3 6086 6205 6206 6087
6244 3 2 1 3 6087 6206 6207 6088
6245 3 2 1 3 6088 6207 6208 6089
6246 3 2 1 3 6089 6208 6209 6090
6247 3 2 1 3 6090 6209 6210 6091
6248 3 2 1 3 6091 6210 6211 6092
6249 3 2 1 3 6092 6211 6212 6093
6250 3 2 1 3 6093 6212 6213 6094
6251 3 2 1 3 6094 6213 6214 6095
6252 3 2 1 3 6095 6214 6215 6096
6253 3 2 1 3 6096 6215 6216 6097
6254 3 2 1 3 6097 6216 6217 6098
6255 3 2 1 3 6098 6217 6218 6099
6256 3 2 1 3 6099 6218 6219 6100
6257 3 2 1 3 6100 6219 6220 6101
6258 3 2 1 3 6101 6220 6221 6102
6259 3 2 1 3 6102 6221 6222 6103
6260 3 2 1 3 6103 6222 6223 6104
6261 3 2 1 3 6104 6223 6224 6105
6262 3 2 1 3 6105 6224 6225 6106
6263 3 2 1 3 6106 6225 6226 6107
6264 3 2 1 3 6107 6226 6227 6108
6265 3 2 1 3 6108 6227 6228 6109
6266 3 2 1 3 6109 6228 6229 6110
6267 3 2 1 3 6110 6229 6230 6111
6268 3 2 1 3 6111 6230 6231 6112
6269 3 2 1 3 6112 6231 6232 6113
6270 3 2 1 3 6113 6232 6233 6114
6271 3 2 1 3 6114 6233 6234 6115
6272 3 2 1 3 6115 6234 6235 6116
6273 3 2 1 3 6116 6235 6236 6117
6274 3 2 1 3 6117 6236 6237 6118
6275 3 2 1 3 6118 6237 6238 6119
6276 3 2 1 3 6119 6238 6239 6120
6277 3 2 1 3 6120 6239 6240 6121
6278 3 2 1 3 6121 6240 6241 6122
6279 3 2 1 3 6122 6241 6242 6123
6280 3 2 1 3 6123 6242 6243 6124
6281 3 2 1 3 6124 6243 6244 6125
6282 3 2 1 3 6125 6244 6245 6126
6283 3 2 1 3 6126 6245 6246 6127
6284 3 2 1 3 6127 6246 6247 6128
6285 3 2 1 3 6128 6247 6248 6129
6286 3 2 1 3 6129 6248 6249 6130
6287 3 2 1 3 6130 6249 6250 6131
6288 3 2 1 3 6131 6250 6251 6132
6289 3 2 1 3 6132 6251 6252 6133
6290 3 2 1 3 6133 6252 6253 6134
6291 3 2 1 3 6134 6253 6254 6135
6292 3 2 1 3 6135 6254 6255 6136
6293 3 2 1 3 6136 6255 6256 6137
6294 3 2 1 3 6137 6256 6257 6138
6295 3 2 1 3 6138 6257 6258 6139
6296 3 2 1 3 6139 6258 6259 6140
6297 3 2 1 3 6140 6259 6260 6141
6298 3 2 1 3 6141 6260 6261 6142
6299 3 2 1 3 6142 6261 6262 6143
6300 3 2 1 3 6143 6262 6263 6144
6301 3 2 1 3 6144 6263 6264 6145
6302 3 2 1 3 6145 6264 6265 6146
6303 3 2 1 3 6146 6265 6266 6147
6304 3 2 1 3 6147 6266 6267 6148
6305 3 2 1 3 6148 6267 6268 6149
6306 3 2 1 3 6149 6268 6269 6150
6307 3 2 1 3 6150 6269 6270 6151
6308 3 2 1 3 6151 6270 6271 6152
6309 3 2 1 3 6152 6271 6272 6153
6310 3 2 1 3 6153 6272 6273 6154
6311 3 2 1 3 6154 6273 6274 6155
6312 3 2 1 3 6155 6274 353 354
6313 3 2 1 3 426 427 6275 6156
6314 3 2 1 3 6156 6275 6276 6157
6315 3 2 1 3 6157 6276 6277 6158
6316 3 2 1 3 6158 6277 6278 6159
6317 3 2 1 3 6159 6278 6279 6160
6318 3 2 1 3 6160 6279 6280 6161
6319 3 2 1 3 6161 6280 6281 6162
6320 3 2 1 3 6162 6281 6282 6163
6321 3 2 1 3 6163 6282 6283 6164
6322 3 2 1 3 6164 6283 6284 6165
6323 3 2 1 3 6165 6284 6285 6166
6324 3 2 1 3 6166 6285 6286 6167
6325 3 2 1 3 6167 6286 6287 6168
6326 3 2 1 3 6168 6287 6288 6169
6327 3 2 1 3 6169 6288 6289 6170
6328 3 2 1 3 6170 6289 6290 6171
6329 3 2 1 3 6171 6290 6291 6172
6330 3 2 1 3 6172 6291 6292 6173
6331 3 2 1 3 6173 6292 6293 6174
6332 3 2 1 3 6174 6293 6294 6175
6333 3 2 1 3 6175 6294 6295 6176
6334 3 2 1 3 6176 6295 6296 6177
6335 3 2 1 3 6177 6296 6297 6178
6336 3 2 1 3 6178 6297 6298 6179
6337 3 2 1 3 6179 6298 6299 6180
6338 3 2 1 3 6180 6299 6300 6181
6339 3 2 1 3 6181 6300 6301 6182
6340 3 2 1 3 6182 6301 6302 6183
6341 3 2 1 3 6183 6302 6303 6184
6342 3 2 1 3 6184 6303 6304 6185
6343 3 2 1 3 6185 6304 6305 6186
6344 3 2 1 3 6186 6305 6306 6187
6345 3 2 1 3 6187 6306 6307 6188
6346 3 2 1 3 6188 6307 6308 6189
6347 3 2 1 3 6189 6308 6309 6190
6348 3 2 1 3 6190 6309 6310 6191
6349 3 2 1 3 6191 6310 6311 6192
6350 3 2 1 3 6192 6311 6312 6193
6351 3 2 1 3 6193 6312 6313 6194
6352 3 2 1 3 6194 6313 6314 6195
6353 3 2 1 3 6195 6314 6315 6196
6354 3 2 1 3 6196 6315 6316 6197
6355 3 2 1 3 6197 6316 6317 6198
6356 3 2 1 3 6198 6317 6318 6199
6357 3 2 1 3 6199 6318 6319 6200
6358 3 2 1 3 6200 6319 6320 6201
6359 3 2 1 3 6201 6320 6321 6202
6360 3 2 1 3 6202 6321 6322 6203
6361 3 2 1 3 6203 6322 6323 6204
6362 3 2 1 3 6204 6323 6324 6205
6363 3 2 1 3 6205 6324 6325 6206
6364 3 2 1 3 6206 6325 6326 6207
6365 3 2 1 3 6207 6326 6327 6208
6366 3 2 1 3 6208 6327 6328 6209
6367 3 2 1 3 6209 6328 6329 6210
6368 3 2 1 3 6210 6329 6330 6211
6369 3 2 1 3 6211 6330 6331 6212
6370 3 2 1 3 6212 6331 6332 6213
6371 3 2 1 3 6213 6332 6333 6214
6372 3 2 1 3 6214 6333 6334 6215
6373 3 2 1 3 6215 6334 6335 6216
6374 3 2 1 3 6216 6335 6336 6217
6375 3 2 1 3 6217 6336 6337 6218
6376 3 2 1 3 6218 6337 6338 6219
6377 3 2 1 3 6219 6338 6339 6220
6378 3 2 1 3 6220 6339 6340 6221
6379 3 2 1 3 6221 6340 6341 6222
6380 3 2 1 3 6222 6341 6342 6223
6381 3 2 1 3 6223 6342 6343 6224
6382 3 2 1 3 6224 6343 6344 6225
6383 3 2 1 3 6225 6344 6345 6226
6384 3 2 1 3 6226 6345 6346 6227
6385 3 2 1 3 6227 6346 6347 6228
6386 3 2 1 3 6228 6347 6348 6229
6387 3 2 1 3 6229 6348 6349 6230
6388 3 2 1 3 6230 6349 6350 6231
6389 3 2 1 3 6231 6350 6351 6232
6390 3 2 1 3 6232 6351 6352 6233
6391 3 2 1 3 6233 6352 6353 6234
6392 3 2 1 3 6234 6353 6354 6235
6393 3 2 1 3 6235 6354 6355 6236
6394 3 2 1 3 6236 6355 6356 6237
6395 3 2 1 3 6237 6356 6357 6238
6396 3 2 1 3 6238 6357 6358 6239
6397 3 2 1 3 6239 6358 6359 6240
6398 3 2 1 3 6240 6359 6360 6241
6399 3 2 1 3 6241 6360 6361 6242
6400 3 2 1 3 6242 6361 6362 6243
6401 3 2 1 3 6243 6362 6363 6244
6402 3 2 1 3 6244 6363 6364 6245
6403 3 2 1 3 6245 6364 6365 6246
6404 3 2 1 3 6246 6365 6366 6247
6405 3 2 1 3 6247 6366 6367 6248
6406 3 2 1 3 6248 6367 6368 6249
6407 3 2 1 3 6249 6368 6369 6250
6408 3 2 1 3 6250 6369 6370 6251
6409 3 2 1 3 6251 6370 6371 6252
6410 3 2 1 3 6252 6371 6372 6253
6411 3 2 1 3 6253 6372 6373 6254
6412 3 2 1 3 6254 6373 6374 6255
6413 3 2 1 3 6255 6374 6375 6256
6414 3 2 1 3 6256 6375 6376 6257
6415 3 2 1 3 6257 6376 6377 6258
6416 3 2 1 3 6258 6377 6378 6259
6417 3 2 1 3 6259 6378 6379 6260
6418 3 2 1 3 6260 6379 6380 6261
6419 3 2 1 3 6261 6380 6381 6262
6420 3 2 1 3 6262 6381 6382 6263
6421 3 2 1 3 6263 6382 6383 6264
6422 3 2 1 3 6264 6383 6384 6265
6423 3 2 1 3 6265 6384 6385 6266
6424 3 2 1 3 6266 6385 6386 6267
6425 3 2 1 3 6267 6386 6387 6268
6426 3 2 1 3 6268 6387 6388 6269
6427 3 2 1 3 6269 6388 6389 6270
6428 3 2 1 3 6270 6389 6390 6271
6429 3 2 1 3 6271 6390 6391 6272
6430 3 2 1 3 6272 6391 6392 6273
6431 3 2 1 3 6273 6392 6393 6274
6432 3 2 1 3 6274 6393 352 353
6433 3 2 1 3 427 428 6394 6275
6434 3 2 1 3 6275 6394 6395 6276
6435 3 2 1 3 6276 6395 6396 6277
6436 3 2 1 3 6277 6396 6397 6278
6437 3 2 1 3 6278 6397 6398 6279
6438 3 2 1 3 6279 6398 6399 6280
6439 3 2 1 3 6280 6399 6400 6281
6440 3 2 1 3 6281 6400 6401 6282
6441 3 2 1 3 6282 6401 6402 6283
6442 3 2 1 3 6283 6402 6403 6284
6443 3 2 1 3 6284 6403 6404 6285
6444 3 2 1 3 6285 6404 6405 6286
6445 3 2 1 3 6286 6405 6406 6287
6446 3 2 1 3 6287 6406 6407 6288
6447 3 2 1 3 6288 6407 6408 6289
6448 3 2 1 3 6289 6408 6409 6290
6449 3 2 1 3 6290 6409 6410 6291
6450 3 2 1 3 6291 6410 6411 6292
6451 3 2 1 3 6292 6411 6412 6293
6452 3 2 1 3 6293 6412 6413 6294
6453 3 2 1 3 6294 6413 6414 6295
6454 3 2 1 3 6295 6414 6415 6296
6455 3 2 1 3 6296 6415 6416 6297
6456 3 2 1 3 6297 6416 6417 6298
6457 3 2 1 3 6298 6417 6418 6299
6458 3 2 1 3 6299 6418 6419 6300
6459 3 2 1 3 6300 6419 6420 6301
6460 3 2 1 3 6301 6420 6421 6302
6461 3 2 1 3 6302 6421 6422 6303
6462 3 2 1 3 6303 6422 6423 6304
6463 3 2 1 3 6304 6423 6424 6305
6464 3 2 1 3 6305 6424 6425 6306
6465 3 2 1 3 6306 6425 6426 6307
6466 3 2 1 3 6307 6426 6427 6308
6467 3 2 1 3 6308 6427 6428 6309
6468 3 2 1 3 6309 6428 6429 6310
6469 3 2 1 3 6310 6429 6430 6311
6470 3 2 1 3 6311 6430 6431 6312
6471 3 2 1 3 6312 6431 6432 6313
6472 3 2 1 3 6313 6432 6433 6314
6473 3 2 1 3 6314 6433 6434 6315
6474 3 2 1 3 6315 6434 6435 6316
6475 3 2 1 3 6316 6435 6436 6317
6476 3 2 1 3 6317 6436 6437 6318
6477 3 2 1 3 6318 6437 6438 6319
6478 3 2 1 3 6319 6438 6439 6320
6479 3 2 1 3 6320 6439 6440 6321
6480 3 2 1 3 6321 6440 6441 6322
6481 3 2 1 3 6322 6441 6442 6323
6482 3 2 1 3 6323 6442 6443 6324
6483 3 2 1 3 6324 6443 6444 6325
6484 3 2 1 3 6325 6444 6445 6326
6485 3 2 1 3 6326 6445 6446 6327
6486 3 2 1 3 6327 6446 6447 6328
6487 3 2 1 3 6328 6447 6448 6329
6488 3 2 1 3 6329 6448 6449 6330
6489 3 2 1 3 6330 6449 6450 6331
6490 3 2 1 3 6331 6450 6451 6332
6491 3 2 1 3 6332 6451 6452 6333
6492 3 2 1 3 6333 6452 6453 6334
6493 3 2 1 3 6334 6453 6454 6335
6494 3 2 1 3 6335 6454 6455 6336
6495 3 2 1 3 6336 6455 6456 6337
6496 3 2 1 3 6337 6456 6457 6338
6497 3 2 1 3 6338 6457 6458 6339
6498 3 2 1 3 6339 6458 6459 6340
6499 3 2 1 3 6340 6459 6460 6341
6500 3 2 1 3 6341 6460 6461 6342
6501 3 2 1 3 6342 6461 6462 6343
6502 3 2 1 3 6343 6462 6463 6344
6503 3 2 1 3 6344 6463 6464 6345
6504 3 2 1 3 6345 6464 6465 6346
6505 3 2 1 3 6346 6465 6466 6347
6506 3 2 1 3 6347 6466 6467 6348
6507 3 2 1 3 6348 6467 6468 6349
6508 3 2 1 3 6349 6468 6469 6350
6509 3 2 1 3 6350 6469 6470 6351
6510 3 2 1 3 6351 6470 6471 6352
6511 3 2 1 3 6352 6471 6472 6353
6512 3 2 1 3 6353 6472 6473 6354
6513 3 2 1 3 6354 6473 6474 6355
6514 3 2 1 3 6355 6474 6475 6356
6515 3 2 1 3 6356 6475 6476 6357
6516 3 2 1 3 6357 6476 6477 6358
6517 3 2 1 3 6358 6477 6478 6359
6518 3 2 1 3 6359 6478 6479 6360
6519 3 2 1 3 6360 6479 6480 6361
6520 3 2 1 3 6361 6480 6481 6362
6521 3 2 1 3 6362 6481 6482 6363
6522 3 2 1 3 6363 6482 6483 6364
6523 3 2 1 3 6364 6483 6484 6365
6524 3 2 1 3 6365 6484 6485 6366
6525 3 2 1 3 6366 6485 6486 6367
6526 3 2 1 3 6367 6486 6487 6368
6527 3 2 1 3 6368 6487 6488 6369
6528 3 2 1 3 6369 6488 6489 6370
6529 3 2 1 3 6370 6489 6490 6371
6530 3 2 1 3 6371 6490 6491 6372
6531 3 2 1 3 6372 6491 6492 6373
6532 3 2 1 3 6373 6492 6493 6374
6533 3 2 1 3 6374 6493 6494 6375
6534 3 2 1 3 6375 6494 6495 6376
6535 3 2 1 3 6376 6495 6496 6377
6536 3 2 1 3 6377 6496 6497 6378
6537 3 2 1 3 6378 6497 6498 6379
6538 3 2 1 3 6379 6498 6499 6380
6539 3 2 1 3 6380 6499 6500 6381
6540 3 2 1 3 6381 6500 6501 6382
6541 3 2 1 3 6382 6501 6502 6383
6542 3 2 1 3 6383 6502 6503 6384
6543 3 2 1 3 6384 6503 6504 6385
6544 3 2 1 3 6385 6504 6505 6386
6545 3 2 1 3 6386 6505 6506 6387
6546 3 2 1 3 6387 6506 6507 6388
6547 3 2 1 3 6388 6507 6508 6389
6548 3 2 1 3 6389 6508 6509 6390
6549 3 2 1 3 6390 6509 6510 6391
6550 3 2 1 3 6391 6510 6511 6392
6551 3 2 1 3 6392 6511 6512 6393
6552 3 2 1 3 6393 6512 351 352
6553 3 2 1 3 428 429 6513 6394
6554 3 2 1 3 6394 6513 6514 6395
6555 3 2 1 3 6395 6514 6515 6396
6556 3 2 1 3 6396 6515 6516 6397
6557 3 2 1 3 6397 6516 6517 6398
6558 3 2 1 3 6398 6517 6518 6399
6559 3 2 1 3 6399 6518 6519 6400
6560 3 2 1 3 6400 6519 6520 6401
6561 3 2 1 3 6401 6520 6521 6402
6562 3 2 1 3 6402 6521 6522 6403
6563 3 2 1 3 6403 6522 6523 6404
6564 3 2 1 3 6404 6523 6524 6405
6565 3 2 1 3 6405 6524 6525 6406
6566 3 2 1 3 6406 6525 6526 6407
6567 3 2 1 3 6407 6526 6527 6408
6568 3 2 1 3 6408 6527 6528 6409
6569 3 2 1 3 6409 6528 6529 6410
6570 3 2 1 3 6410 6529 6530 6411
6571 3 2 1 3 6411 6530 6531 6412
6572 3 2 1 3 6412 6531 6532 6413
6573 3 2 1 3 6413 6532 6533 6414
6574 3 2 1 3 6414 6533 6534 6415
6575 3 2 1 3 6415 6534 6535 6416
6576 3 2 1 3 6416 6535 6536 6417
6577 3 2 1 3 6417 6536 6537 6418
6578 3 2 1 3 6418 6537 6538 6419
6579 3 2 1 3 6419 6538 6539 6420
6580 3 2 1 3 6420 6539 6540 6421
6581 3 2 1 3 6421 6540 6541 6422
6582 3 2 1 3 6422 6541 6542 6423
6583 3 2 1 3 6423 6542 6543 6424
6584 3 2 1 3 6424 6543 6544 6425
6585 3 2 1 3 6425 6544 6545 6426
6586 3 2 1 3 6426 6545 6546 6427
6587 3 2 1 3 6427 6546 6547 6428
6588 3 2 1 3 6428 6547 6548 6429
6589 3 2 1 3 6429 6548 6549 6430
6590 3 2 1 3 6430 6549 6550 6431
6591 3 2 1 3 6431 6550 6551 6432
6592 3 2 1 3 6432 6551 6552 6433
6593 3 2 1 3 6433 6552 6553 6434
6594 3 2 1 3 6434 6553 6554 6435
6595 3 2 1 3 6435 6554 6555 6436
6596 3 2 1 3 6436 6555 6556 6437
6597 3 2 1 3 6437 6556 6557 6438
6598 3 2 1 3 6438 6557 6558 6439
6599 3 2 1 3 6439 6558 6559 6440
6600 3 2 1 3 6440 6559 6560 6441
6601 3 2 1 3 6441 6560 6561 6442
6602 3 2 1 3 6442 6561 6562 6443
6603 3 2 1 3 6443 6562 6563 6444
6604 3 2 1 3 6444 6563 6564 6445
6605 3 2 1 3 6445 6564 6565 6446
6606 3 2 1 3 6446 6565 6566 6447
6607 3 2 1 3 6447 6566 6567 6448
6608 3 2 1 3 6448 6567 6568 6449
6609 3 2 1 3 6449 6568 6569 6450
6610 3 2 1 3 6450 6569 6570 6451
6611 3 2 1 3 6451 6570 6571 6452
6612 3 2 1 3 6452 6571 6572 6453
6613 3 2 1 3 6453 6572 6573 6454
6614 3 2 1 3 6454 6573 6574 6455
6615 3 2 1 3 6455 6574 6575 6456
6616 3 2 1 3 6456 6575 6576 6457
6617 3 2 1 3 6457 6576 6577 6458
6618 3 2 1 3 6458 6577 6578 6459
6619 3 2 1 3 6459 6578 6579 6460
6620 3 2 1 3 6460 6579 6580 6461
6621 3 2 1 3 6461 6580 6581 6462
6622 3 2 1 3 6462 6581 6582 6463
6623 3 2 1 3 6463 6582 6583 6464
6624 3 2 1 3 6464 6583 6584 6465
6625 3 2 1 3 6465 6584 6585 6466
6626 3 2 1 3 6466 6585 6586 6467
6627 3 2 1 3 6467 6586 6587 6468
6628 3 2 1 3 6468 6587 6588 6469
6629 3 2 1 3 6469 6588 6589 6470
6630 3 2 1 3 6470 6589 6590 6471
6631 3 2 1 3 6471 6590 6591 6472
6632 3 2 1 3 6472 6591 6592 6473
6633 3 2 1 3 6473 6592 6593 6474
6634 3 2 1 3 6474 6593 6594 6475
6635 3 2 1 3 6475 6594 6595 6476
6636 3 2 1 3 6476 6595 6596 6477
6637 3 2 1 3 6477 6596 6597 6478
6638 3 2 1 3 6478 6597 6598 6479
6639 3 2 1 3 6479 6598 6599 6480
6640 3 2 1 3 6480 6599 6600 6481
6641 3 2 1 3 6481 6600 6601 6482
6642 3 2 1 3 6482 6601 6602 6483
6643 3 2 1 3 6483 6602 6603 6484
6644 3 2 1 3 6484 6603 6604 6485
6645 3 2 1 3 6485 6604 6605 6486
6646 3 2 1 3 6486 6605 6606 6487
6647 3 2 1 3 6487 6606 6607 6488
6648 3 2 1 3 6488 6607 6608 6489
6649 3 2 1 3 6489 6608 6609 6490
6650 3 2 1 3 6490 6609 6610 6491
6651 3 2 1 3 6491 6610 6611 6492
6652 3 2 1 3 6492 6611 6612 6493
6653 3 2 1 3 6493 6612 6613 6494
6654 3 2 1 3 6494 6613 6614 6495
6655 3 2 1 3 6495 6614 6615 6496
6656 3 2 1 3 6496 6615 6616 6497
6657 3 2 1 3 6497 6616 6617 6498
6658 3 2 1 3 6498 6617 6618 6499
6659 3 2 1 3 6499 6618 6619 6500
6660 3 2 1 3 6500 6619 6620 6501
6661 3 2 1 3 6501 6620 6621 6502
6662 3 2 1 3 6502 6621 6622 6503
6663 3 2 1 3 6503 6622 6623 6504
6664 3 2 1 3 6504 6623 6624 6505
6665 3 2 1 3 6505 6624 6625 6506
6666 3 2 1 3 6506 6625 6626 6507
6667 3 2 1 3 6507 6626 6627 6508
6668 3 2 1 3 6508 6627 6628 6509
6669 3 2 1 3 6509 6628 6629 6510
6670 3 2 1 3 6510 6629 6630 6511
6671 3 2 1 3 6511 6630 6631 6512
6672 3 2 1 3 6512 6631 350 351
6673 3 2 1 3 429 430 6632 6513
6674 3 2 1 3 6513 6632 6633 6514
6675 3 2 1 3 6514 6633 6634 6515
6676 3 2 1 3 6515 6634 6635 6516
6677 3 2 1 3 6516 6635 6636 6517
6678 3 2 1 3 6517 6636 6637 6518
6679 3 2 1 3 6518 6637 6638 6519
6680 3 2 1 3 6519 6638 6639 6520
6681 3 2 1 3 6520 6639 6640 6521
6682 3 2 1 3 6521 6640 6641 6522
6683 3 2 1 3 6522 6641 6642 6523
6684 3 2 1 3 6523 6642 6643 6524
6685 3 2 1 3 6524 6643 6644 6525
6686 3 2 1 3 6525 6644 6645 6526
6687 3 2 1 3 6526 6645 6646 6527
6688 3 2 1 3 6527 6646 6647 6528
6689 3 2 1 3 6528 6647 6648 6529
6690 3 2 1 3 6529 6648 6649 6530
6691 3 2 1 3 6530 6649 6650 6531
6692 3 2 1 3 6531 6650 6651 6532
6693 3 2 1 3 6532 6651 6652 6533
6694 3 2 1 3 6533 6652 6653 6534
6695 3 2 1 3 6534 6653 6654 6535
6696 3 2 1 3 6535 6654 6655 6536
6697 3 2 1 3 6536 6655 6656 6537
6698 3 2 1 3 6537 6656 6657 6538
6699 3 2 1 3 6538 6657 6658 6539
6700 3 2 1 3 6539 6658 6659 6540
6701 3 2 1 3 6540 6659 6660 6541
6702 3 2 1 3 6541 6660 6661 6542
6703 3 2 1 3 6542 6661 6662 6543
6704 3 2 1 3 6543 6662 6663 6544
6705 3 2 1 3 6544 6663 6664 6545
6706 3 2 1 3 6545 6664 6665 6546
6707 3 2 1 3 6546 6665 6666 6547
6708 3 2 1 3 6547 6666 6667 6548
6709 3 2 1 3 6548 6667 6668 6549
6710 3 2 1 3 6549 6668 6669 6550
6711 3 2 1 3 6550 6669 6670 6551
6712 3 2 1 3 6551 6670 6671 6552
6713 3 2 1 3 6552 6671 6672 6553
6714 3 2 1 3 6553 6672 6673 6554
6715 3 2 1 3 6554 6673 6674 6555
6716 3 2 1 3 6555 6674 6675 6556
6717 3 2 1 3 6556 6675 6676 6557
6718 3 2 1 3 6557 6676 6677 6558
6719 3 2 1 3 6558 6677 6678 6559
6720 3 2 1 3 6559 6678 6679 6560
6721 3 2 1 3 6560 6679 6680 6561
6722 3 2 1 3 6561 6680 6681 6562
6723 3 2 1 3 6562 6681 6682 6563
6724 3 2 1 3 6563 6682 6683 6564
6725 3 2 1 3 6564 6683 6684 6565
6726 3 2 1 3 6565 6684 6685 6566
6727 3 2 1 3 6566 6685 6686 6567
6728 3 2 1 3 6567 6686 6687 6568
6729 3 2 1 3 6568 6687 6688 6569
6730 3 2 1 3 6569 6688 6689 6570
6731 3 2 1 3 6570 6689 6690 6571
6732 3 2 1 3 6571 6690 6691 6572
6733 3 2 1 3 6572 6691 6692 6573
6734 3 2 1 3 6573 6692 6693 6574
6735 3 2 1 3 6574 6693 6694 6575
6736 3 2 1 3 6575 6694 6695 6576
6737 3 2 1 3 6576 6695 6696 6577
6738 3 2 1 3 6577 6696 6697 6578
6739 3 2 1 3 6578 6697 6698 6579
6740 3 2 1 3 6579 6698 6699 6580
6741 3 2 1 3 6580 6699 6700 6581
6742 3 2 1 3 6581 6700 6701 6582
6743 3 2 1 3 6582 6701 6702 6583
6744 3 2 1 3 6583 6702 6703 6584
6745 3 2 1 3 6584 6703 6704 6585
6746 3 2 1 3 6585 6704 6705 6586
6747 3 2 1 3 6586 6705 6706 6587
6748 3 2 1 3 6587 6706 6707 6588
6749 3 2 1 3 6588 6707 6708 6589
6750 3 2 1 3 6589 6708 6709 6590
6751 3 2 1 3 6590 6709 6710 6591
6752 3 2 1 3 6591 6710 6711 6592
6753 3 2 1 3 6592 6711 6712 6593
6754 3 2 1 3 6593 6712 6713 6594
6755 3 2 1 3 6594 6713 6714 6595
6756 3 2 1 3 6595 6714 6715 6596
6757 3 2 1 3 6596 6715 6716 6597
6758 3 2 1 3 6597 6716 6717 6598
6759 3 2 1 3 6598 6717 6718 6599
6760 3 2 1 3 6599 6718 6719 6600
6761 3 2 1 3 6600 6719 6720 6601
6762 3 2 1 3 6601 6720 6721 6602
6763 3 2 1 3 6602 6721 6722 6603
6764 3 2 1 3 6603 6722 6723 6604
6765 3 2 1 3 6604 6723 6724 6605
6766 3 2 1 3 6605 6724 6725 6606
6767 3 2 1 3 6606 6725 6726 6607
6768 3 2 1 3 6607 6726 6727 6608
6769 3 2 1 3 6608 6727 6728 6609
6770 3 2 1 3 6609 6728 6729 6610
6771 3 2 1 3 6610 6729 6730 6611
6772 3 2 1 3 6611 6730 6731 6612
6773 3 2 1 3 6612 6731 6732 6613
6774 3 2 1 3 6613 6732 6733 6614
6775 3 2 1 3 6614 6733 6734 6615
6776 3 2 1 3 6615 6734 6735 6616
6777 3 2 1 3 6616 6735 6736 6617
6778 3 2 1 3 6617 6736 6737 6618
6779 3 2 1 3 6618 6737 6738 6619
6780 3 2 1 3 6619 6738 6739 6620
6781 3 2 1 3 6620 6739 6740 6621
6782 3 2 1 3 6621 6740 6741 6622
6783 3 2 1 3 6622 6741 6742 6623
6784 3 2 1 3 6623 6742 6743 6624
6785 3 2 1 3 6624 6743 6744 6625
6786 3 2 1 3 6625 6744 6745 6626
6787 3 2 1 3 6626 6745 6746 6627
6788 3 2 1 3 6627 6746 6747 6628
6789 3 2 1 3 6628 6747 6748 6629
6790 3 2 1 3 6629 6748 6749 6630
6791 3 2 1 3 6630 6749 6750 6631
6792 3 2 1 3 6631 6750 349 350
6793 3 2 1 3 430 431 6751 6632
6794 3 2 1 3 6632 6751 6752 6633
6795 3 2 1 3 6633 6752 6753 6634
6796 3 2 1 3 6634 6753 6754 6635
6797 3 2 1 3 6635 6754 6755 6636
6798 3 2 1 3 6636 6755 6756 6637
6799 3 2 1 3 6637 6756 6757 6638
6800 3 2 1 3 6638 6757 6758 6639
6801 3 2 1 3 6639 6758 6759 6640
6802 3 2 1 3 6640 6759 6760 6641
6803 3 2 1 3 6641 6760 6761 6642
6804 3 2 1 3 6642 6761 6762 6643
6805 3 2 1 3 6643 6762 6763 6644
6806 3 2 1 3 6644 6763 6764 6645
6807 3 2 1 3 6645 6764 6765 6646
6808 3 2 1 3 6646 6765 6766 6647
6809 3 2 1 3 6647 6766 6767 6648
6810 3 2 1 3 6648 6767 6768 6649
6811 3 2 1 3 6649 6768 6769 6650
6812 3 2 1 3 6650 6769 6770 6651
6813 3 2 1 3 6651 6770 6771 6652
6814 3 2 1 3 6652 6771 6772 6653
6815 3 2 1 3 6653 6772 6773 6654
6816 3 2 1 3 6654 6773 6774 6655
6817 3 2 1 3 6655 6774 6775 6656
6818 3 2 1 3 6656 6775 6776 6657
6819 3 2 1 3 6657 6776 6777 6658
6820 3 2 1 3 6658 6777 6778 6659
6821 3 2 1 3 6659 6778 6779 6660
6822 3 2 1 3 6660 6779 6780 6661
6823 3 2 1 3 6661 6780 6781 6662
6824 3 2 1 3 6662 6781 6782 6663
6825 3 2 1 3 6663 6782 6783 6664
6826 3 2 1 3 6664 6783 6784 6665
6827 3 2 1 3 6665 6784 6785 6666
6828 3 2 1 3 6666 6785 6786 6667
6829 3 2 1 3 6667 6786 6787 6668
6830 3 2 1 3 6668 6787 6788 6669
6831 3 2 1 3 6669 6788 6789 6670
6832 3 2 1 3 6670 6789 6790 6671
6833 3 2 1 3 6671 6790 6791 6672
6834 3 2 1 3 6672 6791 6792 6673
6835 3 2 1 3 6673 6792 6793 6674
6836 3 2 1 3 6674 6793 6794 6675
6837 3 2 1 3 6675 6794 6795 6676
6838 3 2 1 3 6676 6795 6796 6677
6839 3 2 1 3 6677 6796 6797 6678
6840 3 2 1 3 6678 6797 6798 6679
6841 3 2 1 3 6679 6798 6799 6680
6842 3 2 1 3 6680 6799 6800 6681
6843 3 2 1 3 6681 6800 6801 6682
6844 3 2 1 3 6682 6801 6802 6683
6845 3 2 1 3 6683 6802 6803 6684
6846 3 2 1 3 6684 6803 6804 6685
6847 3 2 1 3 6685 6804 6805 6686
6848 3 2 1 3 6686 6805 6806 6687
6849 3 2 1 3 6687 6806 6807 6688
6850 3 2 1 3 6688 6807 6808 6689
6851 3 2 1 3 6689 6808 6809 6690
6852 3 2 1 3 6690 6809 6810 6691
6853 3 2 1 3 6691 6810 6811 6692
6854 3 2 1 3 6692 6811 6812 6693
6855 3 2 1 3 6693 6812 6813 6694
6856 3 2 1 3 6694 6813 6814 6695
6857 3 2 1 3 6695 6814 6815 6696
6858 3 2 1 3 6696 6815 6816 6697
6859 3 2 1 3 6697 6816 6817 6698
6860 3 2 1 3 6698 6817 6818 6699
6861 3 2 1 3 6699 6818 6819 6700
6862 3 2 1 3 6700 6819 6820 6701
6863 3 2 1 3 6701 6820 6821 6702
6864 3 2 1 3 6702 6821 6822 6703
6865 3 2 1 3 6703 6822 6823 6704
6866 3 2 1 3 6704 6823 6824 6705
6867 3 2 1 3 6705 6824 6825 6706
6868 3 2 1 3 6706 6825 6826 6707
6869 3 2 1 3 6707 6826 6827 6708
6870 3 2 1 3 6708 6827 6828 6709
6871 3 2 1 3 6709 6828 6829 6710
6872 3 2 1 3 6710 6829 6830 6711
6873 3 2 1 3 6711 6830 6831 6712
6874 3 2 1 3 6712 6831 6832 6713
6875 3 2 1 3 6713 6832 6833 6714
6876 3 2 1 3 6714 6833 6834 6715
6877 3 2 1 3 6715 6834 6835 6716
6878 3 2 1 3 6716 6835 6836 6717
6879 3 2 1 3 6717 6836 6837 6718
6880 3 2 1 3 6718 6837 6838 6719
6881 3 2 1 3 6719 6838 6839 6720
6882 3 2 1 3 6720 6839 6840 6721
6883 3 2 1 3 6721 6840 6841 6722
6884 3 2 1 3 6722 6841 6842 6723
6885 3 2 1 3 6723 6842 6843 6724
6886 3 2 1 3 6724 6843 6844 6725
6887 3 2 1 3 6725 6844 6845 6726
6888 3 2 1 3 6726 6845 6846 6727
6889 3 2 1 3 6727 6846 6847 6728
6890 3 2 1 3 6728 6847 6848 6729
6891 3 2 1 3 6729 6848 6849 6730
6892 3 2 1 3 6730 6849 6850 6731
6893 3 2 1 3 6731 6850 6851 6732
6894 3 2 1 3 6732 6851 6852 6733
6895 3 2 1 3 6733 6852 6853 6734
6896 3 2 1 3 6734 6853 6854 6735
6897 3 2 1 3 6735 6854 6855 6736
6898 3 2 1 3 6736 6855 6856 6737
6899 3 2 1 3 6737 6856 6857 6738
6900 3 2 1 3 6738 6857 6858 6739
6901 3 2 1 3 6739 6858 6859 6740
6902 3 2 1 3 6740 6859 6860 6741
6903 3 2 1 3 6741 6860 6861 6742
6904 3 2 1 3 6742 6861 6862 6743
6905 3 2 1 3 6743 6862 6863 6744
6906 3 2 1 3 6744 6863 6864 6745
6907 3 2 1 3 6745 6864 6865 6746
6908 3 2 1 3 6746 6865 6866 6747
6909 3 2 1 3 6747 6866 6867 6748
6910 3 2 1 3 6748 6867 6868 6749
6911 3 2 1 3 6749 6868 6869 6750
6912 3 2 1 3 6750 6869 348 349
6913 3 2 1 3 431 432 6870 6751
6914 3 2 1 3 6751 6870 6871 6752
6915 3 2 1 3 6752 6871 6872 6753
6916 3 2 1 3 6753 6872 6873 6754
6917 3 2 1 3 6754 6873 6874 6755
6918 3 2 1 3 6755 6874 6875 6756
6919 3 2 1 3 6756 6875 6876 6757
6920 3 2 1 3 6757 6876 6877 6758
6921 3 2 1 3 6758 6877 6878 6759
6922 3 2 1 3 6759 6878 6879 6760
6923 3 2 1 3 6760 6879 6880 6761
6924 3 2 1 3 6761 6880 6881 6762
6925 3 2 1 3 6762 6881 6882 6763
6926 3 2 1 3 6763 6882 6883 6764
6927 3 2 1 3 6764 6883 6884 6765
6928 3 2 1 3 6765 6884 6885 6766
6929 3 2 1 3 6766 6885 6886 6767
6930 3 2 1 3 6767 6886 6887 6768
6931 3 2 1 3 6768 6887 6888 6769
6932 3 2 1 3 6769 6888 6889 6770
6933 3 2 1 3 6770 6889 6890 6771
6934 3 2 1 3 6771 6890 6891 6772
6935 3 2 1 3 6772 6891 6892 6773
6936 3 2 1 3 6773 6892 6893 6774
6937 3 2 1 3 6774 6893 6894 6775
6938 3 2 1 3 6775 6894 6895 6776
6939 3 2 1 3 6776 6895 6896 6777
6940 3 2 1 3 6777 6896 6897 6778
6941 3 2 1 3 6778 6897 6898 6779
6942 3 2 1 3 6779 6898 6899 6780
6943 3 2 1 3 6780 6899 6900 6781
6944 3 2 1 3 6781 6900 6901 6782
6945 3 2 1 3 6782 6901 6902 6783
6946 3 2 1 3 6783 6902 6903 6784
6947 3 2 1 3 6784 6903 6904 6785
6948 3 2 1 3 6785 6904 6905 6786
6949 3 2 1 3 6786 6905 6906 6787
6950 3 2 1 3 6787 6906 6907 6788
6951 3 2 1 3 6788 6907 6908 6789
6952 3 2 1 3 6789 6908 6909 6790
6953 3 2 1 3 6790 6909 6910 6791
6954 3 2 1 3 6791 6910 6911 6792
6955 3 2 1 3 6792 6911 6912 6793
6956 3 2 1 3 6793 6912 6913 6794
6957 3 2 1 3 6794 6913 6914 6795
6958 3 2 1 3 6795 6914 6915 6796
6959 3 2 1 3 6796 6915 6916 6797
6960 3 2 1 3 6797 6916 6917 6798
6961 3 2 1 3 6798 6917 6918 6799
6962 3 2 1 3 6799 6918 6919 6800
6963 3 2 1 3 6800 6919 6920 6801
6964 3 2 1 3 6801 6920 6921 6802
6965 3 2 1 3 6802 6921 6922 6803
6966 3 2 1 3 6803 6922 6923 6804
6967 3 2 1 3 6804 6923 6924 6805
6968 3 2 1 3 6805 6924 6925 6806
6969 3 2 1 3 6806 6925 6926 6807
6970 3 2 1 3 6807 6926 6927 6808
6971 3 2 1 3 6808 6927 6928 6809
6972 3 2 1 3 6809 6928 6929 6810
6973 3 2 1 3 6810 6929 6930 6811
6974 3 2 1 3 6811 6930 6931 6812
6975 3 2 1 3 6812 6931 6932 6813
6976 3 2 1 3 6813 6932 6933 6814
6977 3 2 1 3 6814 6933 6934 6815
6978 3 2 1 3 6815 6934 6935 6816
6979 3 2 1 3 6816 6935 6936 6817
6980 3 2 1 3 6817 6936 6937 6818
6981 3 2 1 3 6818 6937 6938 6819
6982 3 2 1 3 6819 6938 6939 6820
6983 3 2 1 3 6820 6939 6940 6821
6984 3 2 1 3 6821 6940 6941 6822
6985 3 2 1 3 6822 6941 6942 6823
6986 3 2 1 3 6823 6942 6943 6824
6987 3 2 1 3 6824 6943 6944 6825
6988 3 2 1 3 6825 6944 6945 6826
6989 3 2 1 3 6826 6945 6946 6827
6990 3 2 1 3 6827 6946 6947 6828
6991 3 2 1 3 6828 6947 6948 6829
6992 3 2 1 3 6829 6948 6949 6830
6993 3 2 1 3 6830 6949 6950 6831
6994 3 2 1 3 6831 6950 6951 6832
6995 3 2 1 3 6832 6951 6952 6833
6996 3 2 1 3 6833 6952 6953 6834
6997 3 2 1 3 6834 6953 6954 6835
6998 3 2 1 3 6835 6954 6955 6836
6999 3 2 1 3 6836 6955 6956 6837
7000 3 2 1 3 6837 6956 6957 6838
7001 3 2 1 3 6838 6957 6958 6839
7002 3 2 1 3 6839 6958 6959 6840
7003 3 2 1 3 6840 6959 6960 6841
7004 3 2 1 3 6841 6960 6961 6842
7005 3 2 1 3 6842 6961 6962 6843
7006 3 2 1 3 6843 6962 6963 6844
7007 3 2 1 3 6844 6963 6964 6845
7008 3 2 1 3 6845 6964 6965 6846
7009 3 2 1 3 6846 6965 6966 6847
7010 3 2 1 3 6847 6966 6967 6848
7011 3 2 1 3 6848 6967 6968 6849
7012 3 2 1 3 6849 6968 6969 6850
7013 3 2 1 3 6850 6969 6970 6851
7014 3 2 1 3 6851 6970 6971 6852
7015 3 2 1 3 6852 6971 6972 6853
7016 3 2 1 3 6853 6972 6973 6854
7017 3 2 1 3 6854 6973 6974 6855
7018 3 2 1 3 6855 6974 6975 6856
7019 3 2 1 3 6856 6975 6976 6857
7020 3 2 1 3 6857 6976 6977 6858
7021 3 2 1 3 6858 6977 6978 6859
7022 3 2 1 3 6859 6978 6979 6860
7023 3 2 1 3 6860 6979 6980 6861
7024 3 2 1 3 6861 6980 6981 6862
7025 3 2 1 3 6862 6981 6982 6863
7026 3 2 1 3 6863 6982 6983 6864
7027 3 2 1 3 6864 6983 6984 6865
7028 3 2 1 3 6865 6984 6985 6866
7029 3 2 1 3 6866 6985 6986 6867
7030 3 2 1 3 6867 6986 6987 6868
7031 3 2 1 3 6868 6987 6988 6869
7032 3 2 1 3 6869 6988 347 348
7033 3 2 1 3 432 433 6989 6870
7034 3 2 1 3 6870 6989 6990 6871
7035 3 2 1 3 6871 6990 6991 6872
7036 3 2 1 3 6872 6991 6992 6873
7037 3 2 1 3 6873 6992 6993 6874
7038 3 2 1 3 6874 6993 6994 6875
7039 3 2 1 3 6875 6994 6995 6876
7040 3 2 1 3 6876 6995 6996 6877
7041 3 2 1 3 6877 6996 6997 6878
7042 3 2 1 3 6878 6997 6998 6879
7043 3 2 1 3 6879 6998 6999 6880
7044 3 2 1 3 6880 6999 7000 6881
7045 3 2 1 3 6881 7000 7001 6882
7046 3 2 1 3 6882 7001 7002 6883
7047 3 2 1 3 6883 7002 7003 6884
7048 3 2 1 3 6884 7003 7004 6885
7049 3 2 1 3 6885 7004 7005 6886
7050 3 2 1 3 6886 7005 7006 6887
7051 3 2 1 3 6887 7006 7007 6888
7052 3 2 1 3 6888 7007 7008 6889
7053 3 2 1 3 6889 7008 7009 6890
7054 3 2 1 3 6890 7009 7010 6891
7055 3 2 1 3 6891 7010 7011 6892
7056 3 2 1 3 6892 7011 7012 6893
7057 3 2 1 3 6893 7012 7013 6894
7058 3 2 1 3 6894 7013 7014 6895
7059 3 2 1 3 6895 7014 7015 6896
7060 3 2 1 3 6896 7015 7016 6897
7061 3 2 1 3 6897 7016 7017 6898
7062 3 2 1 3 6898 7017 7018 6899
7063 3 2 1 3 6899 7018 7019 6900
7064 3 2 1 3 6900 7019 7020 6901
7065 3 2 1 3 6901 7020 7021 6902
7066 3 2 1 3 6902 7021 7022 6903
7067 3 2 1 3 6903 7022 7023 6904
7068 3 2 1 3 6904 7023 7024 6905
7069 3 2 1 3 6905 7024 7025 6906
7070 3 2 1 3 6906 7025 7026 6907
7071 3 2 1 3 6907 7026 7027 6908
7072 3 2 1 3 6908 7027 7028 6909
7073 3 2 1 3 6909 7028 7029 6910
7074 3 2 1 3 6910 7029 7030 6911
7075 3 2 1 3 6911 7030 7031 6912
7076 3 2 1 3 6912 7031 7032 6913
7077 3 2 1 3 6913 7032 7033 6914
7078 3 2 1 3 6914 7033 7034 6915
7079 3 2 1 3 6915 7034 7035 6916
7080 3 2 1 3 6916 7035 7036 6917
7081 3 2 1 3 6917 7036 7037 6918
7082 3 2 1 3 6918 7037 7038 6919
7083 3 2 1 3 6919 7038 7039 6920
7084 3 2 1 3 6920 7039 7040 6921
7085 3 2 1 3 6921 7040 7041 6922
7086 3 2 1 3 6922 7041 7042 6923
7087 3 2 1 3 6923 7042 7043 6924
7088 3 2 1 3 6924 7043 7044 6925
7089 3 2 1 3 6925 7044 7045 6926
7090 3 2 1 3 6926 7045 7046 6927
7091 3 2 1 3 6927 7046 7047 6928
7092 3 2 1 3 6928 7047 7048 6929
7093 3 2 1 3 6929 7048 7049 6930
7094 3 2 1 3 6930 7049 7050 6931
7095 3 2 1 3 6931 7050 7051 6932
7096 3 2 1 3 6932 7051 7052 6933
7097 3 2 1 3 6933 7052 7053 6934
7098 3 2 1 3 6934 7053 7054 6935
7099 3 2 1 3 6935 7054 7055 6936
7100 3 2 1 3 6936 7055 7056 6937
7101 3 2 1 3 6937 7056 7057 6938
7102 3 2 1 3 6938 7057 7058 6939
7103 3 2 1 3 6939 7058 7059 6940
7104 3 2 1 3 6940 7059 7060 6941
7105 3 2 1 3 6941 7060 7061 6942
7106 3 2 1 3 6942 7061 7062 6943
7107 3 2 1 3 6943 7062 7063 6944
7108 3 2 1 3 6944 7063 7064 6945
7109 3 2 1 3 6945 7064 7065 6946
7110 3 2 1 3 6946 7065 7066 6947
7111 3 2 1 3 6947 7066 7067 6948
7112 3 2 1 3 6948 7067 7068 6949
7113 3 2 1 3 6949 7068 7069 6950
7114 3 2 1 3 6950 7069 7070 6951
7115 3 2 1 3 6951 7070 7071 6952
7116 3 2 1 3 6952 7071 7072 6953
7117 3 2 1 3 6953 7072 7073 6954
7118 3 2 1 3 6954 7073 7074 6955
7119 3 2 1 3 6955 7074 7075 6956
7120 3 2 1 3 6956 7075 7076 6957
7121 3 2 1 3 6957 7076 7077 6958
7122 3 2 1 3 6958 7077 7078 6959
7123 3 2 1 3 6959 7078 7079 6960
7124 3 2 1 3 6960 7079 7080 6961
7125 3 2 1 3 6961 7080 7081 6962
7126 3 2 1 3 6962 7081 7082 6963
7127 3 2 1 3 6963 7082 7083 6964
7128 3 2 1 3 6964 7083 7084 6965
7129 3 2 1 3 6965 7084 7085 6966
7130 3 2 1 3 6966 7085 7086 6967
7131 3 2 1 3 6967 7086 7087 6968
7132 3 2 1 3 6968 7087 7088 6969
7133 3 2 1 3 6969 7088 7089 6970
7134 3 2 1 3 6970 7089 7090 6971
7135 3 2 1 3 6971 7090 7091 6972
7136 3 2 1 3 6972 7091 7092 6973
7137 3 2 1 3 6973 7092 7093 6974
7138 3 2 1 3 6974 7093 7094 6975
7139 3 2 1 3 6975 7094 7095 6976
7140 3 2 1 3 6976 7095 7096 6977
7141 3 2 1 3 6977 7096 7097 6978
7142 3 2 1 3 6978 7097 7098 6979
7143 3 2 1 3 6979 7098 7099 6980
7144 3 2 1 3 6980 7099 7100 6981
7145 3 2 1 3 6981 7100 7101 6982
7146 3 2 1 3 6982 7101 7102 6983
7147 3 2 1 3 6983 7102 7103 6984
7148 3 2 1 3 6984 7103 7104 6985
7149 3 2 1 3 6985 7104 7105 6986
7150 3 2 1 3 6986 7105 7106 6987
7151 3 2 1 3 6987 7106 7107 6988
7152 3 2 1 3 6988 7107 346 347
7153 3 2 1 3 433 434 7108 6989
7154 3 2 1 3 6989 7108 7109 6990
7155 3 2 1 3 6990 7109 7110 6991
7156 3 2 1 3 6991 7110 7111 6992
7157 3 2 1 3 6992 7111 7112 6993
7158 3 2 1 3 6993 7112 7113 6994
7159 3 2 1 3 6994 7113 7114 6995
7160 3 2 1 3 6995 7114 7115 6996
7161 3 2 1 3 6996 7115 7116 6997
7162 3 2 1 3 6997 7116 7117 6998
7163 3 2 1 3 6998 7117 7118 6999
7164 3 2 1 3 6999 7118 7119 7000
7165 3 2 1 3 7000 7119 7120 7001
7166 3 2 1 3 7001 7120 7121 7002
7167 3 2 1 3 7002 7121 7122 7003
7168 3 2 1 3 7003 7122 7123 7004
7169 3 2 1 3 7004 7123 7124 7005
7170 3 2 1 3 7005 7124 7125 7006
7171 3 2 1 3 7006 7125 7126 7007
7172 3 2 1 3 7007 7126 7127 7008
7173 3 2 1 3 7008 7127 7128 7009
7174 3 2 1 3 7009 7128 7129 7010
7175 3 2 1 3 7010 7129 7130 7011
7176 3 2 1 3 7011 7130 7131 7012
7177 3 2 1 3 7012 7131 7132 7013
7178 3 2 1 3 7013 7132 7133 7014
7179 3 2 1 3 7014 7133 7134 7015
7180 3 2 1 3 7015 7134 7135 7016
7181 3 2 1 3 7016 7135 7136 7017
7182 3 2 1 3 7017 7136 7137 7018
7183 3 2 1 3 7018 7137 7138 7019
7184 3 2 1 3 7019 7138 7139 7020
7185 3 2 1 3 7020 7139 7140 7021
7186 3 2 1 3 7021 7140 7141 7022
7187 3 2 1 3 7022 7141 7142 7023
7188 3 2 1 3 7023 7142 7143 7024
7189 3 2 1 3 7024 7143 7144 7025
7190 3 2 1 3 7025 7144 7145 7026
7191 3 2 1 3 7026 7145 7146 7027
7192 3 2 1 3 7027 7146 7147 7028
7193 3 2 1 3 7028 7147 7148 7029
7194 3 2 1 3 7029 7148 7149 7030
7195 3 2 1 3 7030 7149 7150 7031
7196 3 2 1 3 7031 7150 7151 7032
7197 3 2 1 3 7032 7151 7152 7033
7198 3 2 1 3 7033 7152 7153 7034
7199 3 2 1 3 7034 7153 7154 7035
7200 3 2 1 3 7035 7154 7155 7036
7201 3 2 1 3 7036 7155 7156 7037
7202 3 2 1 3 7037 7156 7157 7038
7203 3 2 1 3 7038 7157 7158 7039
7204 3 2 1 3 7039 7158 7159 7040
7205 3 2 1 3 7040 7159 7160 7041
7206 3 2 1 3 7041 7160 7161 7042
7207 3 2 1 3 7042 7161 7162 7043
7208 3 2 1 3 7043 7162 7163 7044
7209 3 2 1 3 7044 7163 7164 7045
7210 3 2 1 3 7045 7164 7165 7046
7211 3 2 1 3 7046 7165 7166 7047
7212 3 2 1 3 7047 7166 7167 7048
7213 3 2 1 3 7048 7167 7168 7049
7214 3 2 1 3 7049 7168 7169 7050
7215 3 2 1 3 7050 7169 7170 7051
7216 3 2 1 3 7051 7170 7171 7052
7217 3 2 1 3 7052 7171 7172 7053
7218 3 2 1 3 7053 7172 7173 7054
7219 3 2 1 3 7054 7173 7174 7055
7220 3 2 1 3 7055 7174 7175 7056
7221 3 2 1 3 7056 7175 7176 7057
7222 3 2 1 3 7057 7176 7177 7058
7223 3 2 1 3 7058 7177 7178 7059
7224 3 2 1 3 7059 7178 7179 7060
7225 3 2 1 3 7060 7179 7180 7061
7226 3 2 1 3 7061 7180 7181 7062
7227 3 2 1 3 7062 7181 7182 7063
7228 3 2 1 3 7063 7182 7183 7064
7229 3 2 1 3 7064 7183 7184 7065
7230 3 2 1 3 7065 7184 7185 7066
7231 3 2 1 3 7066 7185 7186 7067
7232 3 2 1 3 7067 7186 7187 7068
7233 3 2 1 3 7068 7187 7188 7069
7234 3 2 1 3 7069 7188 7189 7070
7235 3 2 1 3 7070 7189 7190 7071
7236 3 2 1 3 7071 7190 7191 7072
7237 3 2 1 3 7072 7191 7192 7073
7238 3 2 1 3 7073 7192 7193 7074
7239 3 2 1 3 7074 7193 7194 7075
7240 3 2 1 3 7075 7194 7195 7076
7241 3 2 1 3 7076 7195 7196 7077
7242 3 2 1 3 7077 7196 7197 7078
7243 3 2 1 3 7078 7197 7198 7079
7244 3 2 1 3 7079 7198 7199 7080
7245 3 2 1 3 7080 7199 7200 7081
7246 3 2 1 3 7081 7200 7201 7082
7247 3 2 1 3 7082 7201 7202 7083
7248 3 2 1 3 7083 7202 7203 7084
7249 3 2 1 3 7084 7203 7204 7085
7250 3 2 1 3 7085 7204 7205 7086
7251 3 2 1 3 7086 7205 7206 7087
7252 3 2 1 3 7087 7206 7207 7088
7253 3 2 1 3 7088 7207 7208 7089
7254 3 2 1 3 7089 7208 7209 7090
7255 3 2 1 3 7090 7209 7210 7091
7256 3 2 1 3 7091 7210 7211 7092
7257 3 2 1 3 7092 7211 7212 7093
7258 3 2 1 3 7093 7212 7213 7094
7259 3 2 1 3 7094 7213 7214 7095
7260 3 2 1 3 7095 7214 7215 7096
7261 3 2 1 3 7096 7215 7216 7097
7262 3 2 1 3 7097 7216 7217 7098
7263 3 2 1 3 7098 7217 7218 7099
7264 3 2 1 3 7099 7218 7219 7100
7265 3 2 1 3 7100 7219 7220 7101
7266 3 2 1 3 7101 7220 7221 7102
7267 3 2 1 3 7102 7221 7222 7103
7268 3 2 1 3 7103 7222 7223 7104
7269 3 2 1 3 7104 7223 7224 7105
7270 3 2 1 3 7105 7224 7225 7106
7271 3 2 1 3 7106 7225 7226 7107
7272 3 2 1 3 7107 7226 345 346
7273 3 2 1 3 434 435 7227 7108
7274 3 2 1 3 7108 7227 7228 7109
7275 3 2 1 3 7109 7228 7229 7110
7276 3 2 1 3 7110 7229 7230 7111
7277 3 2 1 3 7111 7230 7231 7112
7278 3 2 1 3 7112 7231 7232 7113
7279 3 2 1 3 7113 7232 7233 7114
7280 3 2 1 3 7114 7233 7234 7115
7281 3 2 1 3 7115 7234 7235 7116
7282 3 2 1 3 7116 7235 7236 7117
7283 3 2 1 3 7117 7236 7237 7118
7284 3 2 1 3 7118 7237 7238 7119
7285 3 2 1 3 7119 7238 7239 7120
7286 3 2 1 3 7120 7239 7240 7121
7287 3 2 1 3 7121 7240 7241 7122
7288 3 2 1 3 7122 7241 7242 7123
7289 3 2 1 3 7123 7242 7243 7124
7290 3 2 1 3 7124 7243 7244 7125
7291 3 2 1 3 7125 7244 7245 7126
7292 3 2 1 3 7126 7245 7246 7127
7293 3 2 1 3 7127 7246 7247 7128
7294 3 2 1 3 7128 7247 7248 7129
7295 3 2 1 3 7129 7248 7249 7130
7296 3 2 1 3 7130 7249 7250 7131
7297 3 2 1 3 7131 7250 7251 7132
7298 3 2 1 3 7132 7251 7252 7133
7299 3 2 1 3 7133 7252 7253 7134
7300 3 2 1 3 7134 7253 7254 7135
7301 3 2 1 3 7135 7254 7255 7136
7302 3 2 1 3 7136 7255 7256 7137
7303 3 2 1 3 7137 7256 7257 7138
7304 3 2 1 3 7138 7257 7258 7139
7305 3 2 1 3 7139 7258 7259 7140
7306 3 2 1 3 7140 7259 7260 7141
7307 3 2 1 3 7141 7260 7261 7142
7308 3 2 1 3 7142 7261 7262 7143
7309 3 2 1 3 7143 7262 7263 7144
7310 3 2 1 3 7144 7263 7264 7145
7311 3 2 1 3 7145 7264 7265 7146
7312 3 2 1 3 7146 7265 7266 7147
7313 3 2 1 3 7147 7266 7267 7148
7314 3 2 1 3 7148 7267 7268 7149
7315 3 2 1 3 7149 7268 7269 7150
7316 3 2 1 3 7150 7269 7270 7151
7317 3 2 1 3 7151 7270 7271 7152
7318 3 2 1 3 7152 7271 7272 7153
7319 3 2 1 3 7153 7272 7273 7154
7320 3 2 1 3 7154 7273 7274 7155
7321 3 2 1 3 7155 7274 7275 7156
7322 3 2 1 3 7156 7275 7276 7157
7323 3 2 1 3 7157 7276 7277 7158
7324 3 2 1 3 7158 7277 7278 7159
7325 3 2 1 3 7159 7278 7279 7160
7326 3 2 1 3 7160 7279 7280 7161
7327 3 2 1 3 7161 7280 7281 7162
7328 3 2 1 3 7162 7281 7282 7163
7329 3 2 1 3 7163 7282 7283 7164
7330 3 2 1 3 7164 7283 7284 7165
7331 3 2 1 3 7165 7284 7285 7166
7332 3 2 1 3 7166 7285 7286 7167
7333 3 2 1 3 7167 7286 7287 7168
7334 3 2 1 3 7168 7287 7288 7169
7335 3 2 1 3 7169 7288 7289 7170
7336 3 2 1 3 7170 7289 7290 7171
7337 3 2 1 3 7171 7290 7291 7172
7338 3 2 1 3 7172 7291 7292 7173
7339 3 2 1 3 7173 7292 7293 7174
7340 3 2 1 3 7174 7293 7294 7175
7341 3 2 1 3 7175 7294 7295 7176
7342 3 2 1 3 7176 7295 7296 7177
7343 3 2 1 3 7177 7296 7297 7178
7344 3 2 1 3 7178 7297 7298 7179
7345 3 2 1 3 7179 7298 7299 7180
7346 3 2 1 3 7180 7299 7300 7181
7347 3 2 1 3 7181 7300 7301 7182
7348 3 2 1 3 7182 7301 7302 7183
7349 3 2 1 3 7183 7302 7303 7184
7350 3 2 1 3 7184 7303 7304 7185
7351 3 2 1 3 7185 7304 7305 7186
7352 3 2 1 3 7186 7305 7306 7187
7353 3 2 1 3 7187 7306 7307 7188
7354 3 2 1 3 7188 7307 7308 7189
7355 3 2 1 3 7189 7308 7309 7190
7356 3 2 1 3 7190 7309 7310 7191
7357 3 2 1 3 7191 7310 7311 7192
7358 3 2 1 3 7192 7311 7312 7193
7359 3 2 1 3 7193 7312 7313 7194
7360 3 2 1 3 7194 7313 7314 7195
7361 3 2 1 3 7195 7314 7315 7196
7362 3 2 1 3 7196 7315 7316 7197
7363 3 2 1 3 7197 7316 7317 7198
7364 3 2 1 3 7198 7317 7318 7199
7365 3 2 1 3 7199 7318 7319 7200
7366 3 2 1 3 7200 7319 7320 7201
7367 3 2 1 3 7201 7320 7321 7202
7368 3 2 1 3 7202 7321 7322 7203
7369 3 2 1 3 7203 7322 7323 7204
7370 3 2 1 3 7204 7323 7324 7205
7371 3 2 1 3 7205 7324 7325 7206
7372 3 2 1 3 7206 7325 7326 7207
7373 3 2 1 3 7207 7326 7327 7208
7374 3 2 1 3 7208 7327 7328 7209
7375 3 2 1 3 7209 7328 7329 7210
7376 3 2 1 3 7210 7329 7330 7211
7377 3 2 1 3 7211 7330 7331 7212
7378 3 2 1 3 7212 7331 7332 7213
7379 3 2 1 3 7213 7332 7333 7214
7380 3 2 1 3 7214 7333 7334 7215
7381 3 2 1 3 7215 7334 7335 7216
7382 3 2 1 3 7216 7335 7336 7217
7383 3 2 1 3 7217 7336 7337 7218
7384 3 2 1 3 7218 7337 7338 7219
7385 3 2 1 3 7219 7338 7339 7220
7386 3 2 1 3 7220 7339 7340 7221
7387 3 2 1 3 7221 7340 7341 7222
7388 3 2 1 3 7222 7341 7342 7223
7389 3 2 1 3 7223 7342 7343 7224
7390 3 2 1 3 7224 7343 7344 7225
7391 3 2 1 3 7225 7344 7345 7226
7392 3 2 1 3 7226 7345 344 345
7393 3 2 1 3 435 436 7346 7227
7394 3 2 1 3 7227 7346 7347 7228
7395 3 2 1 3 7228 7347 7348 7229
7396 3 2 1 3 7229 7348 7349 7230
7397 3 2 1 3 7230 7349 7350 7231
7398 3 2 1 3 7231 7350 7351 7232
7399 3 2 1 3 7232 7351 7352 7233
7400 3 2 1 3 7233 7352 7353 7234
7401 3 2 1 3 7234 7353 7354 7235
7402 3 2 1 3 7235 7354 7355 7236
7403 3 2 1 3 7236 7355 7356 7237
7404 3 2 1 3 7237 7356 7357 7238
7405 3 2 1 3 7238 7357 7358 7239
7406 3 2 1 3 7239 7358 7359 7240
7407 3 2 1 3 7240 7359 7360 7241
7408 3 2 1 3 7241 7360 7361 7242
7409 3 2 1 3 7242 7361 7362 7243
7410 3 2 1 3 7243 7362 7363 7244
7411 3 2 1 3 7244 7363 7364 7245
7412 3 2 1 3 7245 7364 7365 7246
7413 3 2 1 3 7246 7365 7366 7247
7414 3 2 1 3 7247 7366 7367 7248
7415 3 2 1 3 7248 7367 7368 7249
7416 3 2 1 3 7249 7368 7369 7250
7417 3 2 1 3 7250 7369 7370 7251
7418 3 2 1 3 7251 7370 7371 7252
7419 3 2 1 3 7252 7371 7372 7253
7420 3 2 1 3 7253 7372 7373 7254
7421 3 2 1 3 7254 7373 7374 7255
7422 3 2 1 3 7255 7374 7375 7256
7423 3 2 1 3 7256 7375 7376 7257
7424 3 2 1 3 7257 7376 7377 7258
7425 3 2 1 3 7258 7377 7378 7259
7426 3 2 1 3 7259 7378 7379 7260
7427 3 2 1 3 7260 7379 7380 7261
7428 3 2 1 3 7261 7380 7381 7262
7429 3 2 1 3 7262 7381 7382 7263
7430 3 2 1 3 7263 7382 7383 7264
7431 3 2 1 3 7264 7383 7384 7265
7432 3 2 1 3 7265 7384 7385 7266
7433 3 2 1 3 7266 7385 7386 7267
7434 3 2 1 3 7267 7386 7387 7268
7435 3 2 1 3 7268 7387 7388 7269
7436 3 2 1 3 7269 7388 7389 7270
7437 3 2 1 3 7270 7389 7390 7271
7438 3 2 1 3 7271 7390 7391 7272
7439 3 2 1 3 7272 7391 7392 7273
7440 3 2 1 3 7273 7392 7393 7274
7441 3 2 1 3 7274 7393 7394 7275
7442 3 2 1 3 7275 7394 7395 7276
7443 3 2 1 3 7276 7395 7396 7277
7444 3 2 1 3 7277 7396 7397 7278
7445 3 2 1 3 7278 7397 7398 7279
7446 3 2 1 3 7279 7398 7399 7280
7447 3 2 1 3 7280 7399 7400 7281
7448 3 2 1 3 7281 7400 7401 7282
7449 3 2 1 3 7282 7401 7402 7283
7450 3 2 1 3 7283 7402 7403 7284
7451 3 2 1 3 7284 7403 7404 7285
7452 3 2 1 3 7285 7404 7405 7286
7453 3 2 1 3 7286 7405 7406 7287
7454 3 2 1 3 7287 7406 7407 7288
7455 3 2 1 3 7288 7407 7408 7289
7456 3 2 1 3 7289 7408 7409 7290
7457 3 2 1 3 7290 7409 7410 7291
7458 3 2 1 3 7291 7410 7411 7292
7459 3 2 1 3 7292 7411 7412 7293
7460 3 2 1 3 7293 7412 7413 7294
7461 3 2 1 3 7294 7413 7414 7295
7462 3 2 1 3 7295 7414 7415 7296
7463 3 2 1 3 7296 7415 7416 7297
7464 3 2 1 3 7297 7416 7417 7298
7465 3 2 1 3 7298 7417 7418 7299
7466 3 2 1 3 7299 7418 7419 7300
7467 3 2 1 3 7300 7419 7420 7301
7468 3 2 1 3 7301 7420 7421 7302
7469 3 2 1 3 7302 7421 7422 7303
7470 3 2 1 3 7303 7422 7423 7304
7471 3 2 1 3 7304 7423 7424 7305
7472 3 2 1 3 7305 7424 7425 7306
7473 3 2 1 3 7306 7425 7426 7307
7474 3 2 1 3 7307 7426 7427 7308
7475 3 2 1 3 7308 7427 7428 7309
7476 3 2 1 3 7309 7428 7429 7310
7477 3 2 1 3 7310 7429 7430 7311
7478 3 2 1 3 7311 7430 7431 7312
7479 3 2 1 3 7312 7431 7432 7313
7480 3 2 1 3 7313 7432 7433 7314
7481 3 2 1 3 7314 7433 7434 7315
7482 3 2 1 3 7315 7434 7435 7316
7483 3 2 1 3 7316 7435 7436 7317
7484 3 2 1 3 7317 7436 7437 7318
7485 3 2 1 3 7318 7437 7438 7319
7486 3 2 1 3 7319 7438 7439 7320
7487 3 2 1 3 7320 7439 7440 7321
7488 3 2 1 3 7321 7440 7441 7322
7489 3 2 1 3 7322 7441 7442 7323
7490 3 2 1 3 7323 7442 7443 7324
7491 3 2 1 3 7324 7443 7444 7325
7492 3 2 1 3 7325 7444 7445 7326
7493 3 2 1 3 7326 7445 7446 7327
7494 3 2 1 3 7327 7446 7447 7328
7495 3 2 1 3 7328 7447 7448 7329
7496 3 2 1 3 7329 7448 7449 7330
7497 3 2 1 3 7330 7449 7450 7331
7498 3 2 1 3 7331 7450 7451 7332
7499 3 2 1 3 7332 7451 7452 7333
7500 3 2 1 3 7333 7452 7453 7334
7501 3 2 1 3 7334 7453 7454 7335
7502 3 2 1 3 7335 7454 7455 7336
7503 3 2 1 3 7336 7455 7456 7337
7504 3 2 1 3 7337 7456 7457 7338
7505 3 2 1 3 7338 7457 7458 7339
7506 3 2 1 3 7339 7458 7459 7340
7507 3 2 1 3 7340 7459 7460 7341
7508 3 2 1 3 7341 7460 7461 7342
7509 3 2 1 3 7342 7461 7462 7343
7510 3 2 1 3 7343 7462 7463 7344
7511 3 2 1 3 7344 7463 7464 7345
7512 3 2 1 3 7345 7464 343 344
7513 3 2 1 3 436 437 7465 7346
7514 3 2 1 3 7346 7465 7466 7347
7515 3 2 1 3 7347 7466 7467 7348
7516 3 2 1 3 7348 7467 7468 7349
7517 3 2 1 3 7349 7468 7469 7350
7518 3 2 1 3 7350 7469 7470 7351
7519 3 2 1 3 7351 7470 7471 7352
7520 3 2 1 3 7352 7471 7472 7353
7521 3 2 1 3 7353 7472 7473 7354
7522 3 2 1 3 7354 7473 7474 7355
7523 3 2 1 3 7355 7474 7475 7356
7524 3 2 1 3 7356 7475 7476 7357
7525 3 2 1 3 7357 7476 7477 7358
7526 3 2 1 3 7358 7477 7478 7359
7527 3 2 1 3 7359 7478 7479 7360
7528 3 2 1 3 7360 7479 7480 7361
7529 3 2 1 3 7361 7480 7481 7362
7530 3 2 1 3 7362 7481 7482 7363
7531 3 2 1 3 7363 7482 7483 7364
7532 3 2 1 3 7364 7483 7484 7365
7533 3 2 1 3 7365 7484 7485 7366
7534 3 2 1 3 7366 7485 7486 7367
7535 3 2 1 3 7367 7486 7487 7368
7536 3 2 1 3 7368 7487 7488 7369
7537 3 2 1 3 7369 7488 7489 7370
7538 3 2 1 3 7370 7489 7490 7371
7539 3 2 1 3 7371 7490 7491 7372
7540 3 2 1 3 7372 7491 7492 7373
7541 3 2 1 3 7373 7492 7493 7374
7542 3 2 1 3 7374 7493 7494 7375
7543 3 2 1 3 7375 7494 7495 7376
7544 3 2 1 3 7376 7495 7496 7377
7545 3 2 1 3 7377 7496 7497 7378
7546 3 2 1 3 7378 7497 7498 7379
7547 3 2 1 3 7379 7498 7499 7380
7548 3 2 1 3 7380 7499 7500 7381
7549 3 2 1 3 7381 7500 7501 7382
7550 3 2 1 3 7382 7501 7502 7383
7551 3 2 1 3 7383 7502 7503 7384
7552 3 2 1 3 7384 7503 7504 7385
7553 3 2 1 3 7385 7504 7505 7386
7554 3 2 1 3 7386 7505 7506 7387
7555 3 2 1 3 7387 7506 7507 7388
7556 3 2 1 3 7388 7507 7508 7389
7557 3 2 1 3 7389 7508 7509 7390
7558 3 2 1 3 7390 7509 7510 7391
7559 3 2 1 3 7391 7510 7511 7392
7560 3 2 1 3 7392 7511 7512 7393
7561 3 2 1 3 7393 7512 7513 7394
7562 3 2 1 3 7394 7513 7514 7395
7563 3 2 1 3 7395 7514 7515 7396
7564 3 2 1 3 7396 7515 7516 7397
7565 3 2 1 3 7397 7516 7517 7398
7566 3 2 1 3 7398 7517 7518 7399
7567 3 2 1 3 7399 7518 7519 7400
7568 3 2 1 3 7400 7519 7520 7401
7569 3 2 1 3 7401 7520 7521 7402
7570 3 2 1 3 7402 7521 7522 7403
7571 3 2 1 3 7403 7522 7523 7404
7572 3 2 1 3 7404 7523 7524 7405
7573 3 2 1 3 7405 7524 7525 7406
7574 3 2 1 3 7406 7525 7526 7407
7575 3 2 1 3 7407 7526 7527 7408
7576 3 2 1 3 7408 7527 7528 7409
7577 3 2 1 3 7409 7528 7529 7410
7578 3 2 1 3 7410 7529 7530 7411
7579 3 2 1 3 7411 7530 7531 7412
7580 3 2 1 3 7412 7531 7532 7413
7581 3 2 1 3 7413 7532 7533 7414
7582 3 2 1 3 7414 7533 7534 7415
7583 3 2 1 3 7415 7534 7535 7416
7584 3 2 1 3 7416 7535 7536 7417
7585 3 2 1 3 7417 7536 7537 7418
7586 3 2 1 3 7418 7537 7538 7419
7587 3 2 1 3 7419 7538 7539 7420
7588 3 2 1 3 7420 7539 7540 7421
7589 3 2 1 3 7421 7540 7541 7422
7590 3 2 1 3 7422 7541 7542 7423
7591 3 2 1 3 7423 7542 7543 7424
7592 3 2 1 3 7424 7543 7544 7425
7593 3 2 1 3 7425 7544 7545 7426
7594 3 2 1 3 7426 7545 7546 7427
7595 3 2 1 3 7427 7546 7547 7428
7596 3 2 1 3 7428 7547 7548 7429
7597 3 2 1 3 7429 7548 7549 7430
7598 3 2 1 3 7430 7549 7550 7431
7599 3 2 1 3 7431 7550 7551 7432
7600 3 2 1 3 7432 7551 7552 7433
7601 3 2 1 3 7433 7552 7553 7434
7602 3 2 1 3 7434 7553 7554 7435
7603 3 2 1 3 7435 7554 7555 7436
7604 3 2 1 3 7436 7555 7556 7437
7605 3 2 1 3 7437 7556 7557 7438
7606 3 2 1 3 7438 7557 7558 7439
7607 3 2 1 3 7439 7558 7559 7440
7608 3 2 1 3 7440 7559 7560 7441
7609 3 2 1 3 7441 7560 7561 7442
7610 3 2 1 3 7442 7561 7562 7443
7611 3 2 1 3 7443 7562 7563 7444
7612 3 2 1 3 7444 7563 7564 7445
7613 3 2 1 3 7445 7564 7565 7446
7614 3 2 1 3 7446 7565 7566 7447
7615 3 2 1 3 7447 7566 7567 7448
7616 3 2 1 3 7448 7567 7568 7449
7617 3 2 1 3 7449 7568 7569 7450
7618 3 2 1 3 7450 7569 7570 7451
7619 3 2 1 3 7451 7570 7571 7452
7620 3 2 1 3 7452 7571 7572 7453
7621 3 2 1 3 7453 7572 7573 7454
7622 3 2 1 3 7454 7573 7574 7455
7623 3 2 1 3 7455 7574 7575 7456
7624 3 2 1 3 7456 7575 7576 7457
7625 3 2 1 3 7457 7576 7577 7458
7626 3 2 1 3 7458 7577 7578 7459
7627 3 2 1 3 7459 7578 7579 7460
7628 3 2 1 3 7460 7579 7580 7461
7629 3 2 1 3 7461 7580 7581 7462
7630 3 2 1 3 7462 7581 7582 7463
7631 3 2 1 3 7463 7582 7583 7464
7632 3 2 1 3 7464 7583 342 343
7633 3 2 1 3 437 438 7584 7465
7634 3 2 1 3 7465 7584 7585 7466
7635 3 2 1 3 7466 7585 7586 7467
7636 3 2 1 3 7467 7586 7587 7468
7637 3 2 1 3 7468 7587 7588 7469
7638 3 2 1 3 7469 7588 7589 7470
7639 3 2 1 3 7470 7589 7590 7471
7640 3 2 1 3 7471 7590 7591 7472
7641 3 2 1 3 7472 7591 7592 7473
7642 3 2 1 3 7473 7592 7593 7474
7643 3 2 1 3 7474 7593 7594 7475
7644 3 2 1 3 7475 7594 7595 7476
7645 3 2 1 3 7476 7595 7596 7477
7646 3 2 1 3 7477 7596 7597 7478
7647 3 2 1 3 7478 7597 7598 7479
7648 3 2 1 3 7479 7598 7599 7480
7649 3 2 1 3 7480 7599 7600 7481
7650 3 2 1 3 7481 7600 7601 7482
7651 3 2 1 3 7482 7601 7602 7483
7652 3 2 1 3 7483 7602 7603 7484
7653 3 2 1 3 7484 7603 7604 7485
7654 3 2 1 3 7485 7604 7605 7486
7655 3 2 1 3 7486 7605 7606 7487
7656 3 2 1 3 7487 7606 7607 7488
7657 3 2 1 3 7488 7607 7608 7489
7658 3 2 1 3 7489 7608 7609 7490
7659 3 2 1 3 7490 7609 7610 7491
7660 3 2 1 3 7491 7610 7611 7492
7661 3 2 1 3 7492 7611 7612 7493
7662 3 2 1 3 7493 7612 7613 7494
7663 3 2 1 3 7494 7613 7614 7495
7664 3 2 1 3 7495 7614 7615 7496
7665 3 2 1 3 7496 7615 7616 7497
7666 3 2 1 3 7497 7616 7617 7498
7667 3 2 1 3 7498 7617 7618 7499
7668 3 2 1 3 7499 7618 7619 7500
7669 3 2 1 3 7500 7619 7620 7501
7670 3 2 1 3 7501 7620 7621 7502
7671 3 2 1 3 7502 7621 7622 7503
7672 3 2 1 3 7503 7622 7623 7504
7673 3 2 1 3 7504 7623 7624 7505
7674 3 2 1 3 7505 7624 7625 7506
7675 3 2 1 3 7506 7625 7626 7507
7676 3 2 1 3 7507 7626 7627 7508
7677 3 2 1 3 7508 7627 7628 7509
7678 3 2 1 3 7509 7628 7629 7510
7679 3 2 1 3 7510 7629 7630 7511
7680 3 2 1 3 7511 7630 7631 7512
7681 3 2 1 3 7512 7631 7632 7513
7682 3 2 1 3 7513 7632 7633 7514
7683 3 2 1 3 7514 7633 7634 7515
7684 3 2 1 3 7515 7634 7635 7516
7685 3 2 1 3 7516 7635 7636 7517
7686 3 2 1 3 7517 7636 7637 7518
7687 3 2 1 3 7518 7637 7638 7519
7688 3 2 1 3 7519 7638 7639 7520
7689 3 2 1 3 7520 7639 7640 7521
7690 3 2 1 3 7521 7640 7641 7522
7691 3 2 1 3 7522 7641 7642 7523
7692 3 2 1 3 7523 7642 7643 7524
7693 3 2 1 3 7524 7643 7644 7525
7694 3 2 1 3 7525 7644 7645 7526
7695 3 2 1 3 7526 7645 7646 7527
7696 3 2 1 3 7527 7646 7647 7528
7697 3 2 1 3 7528 7647 7648 7529
7698 3 2 1 3 7529 7648 7649 7530
7699 3 2 1 3 7530 7649 7650 7531
7700 3 2 1 3 7531 7650 7651 7532
7701 3 2 1 3 7532 7651 7652 7533
7702 3 2 1 3 7533 7652 7653 7534
7703 3 2 1 3 7534 7653 7654 7535
7704 3 2 1 3 7535 7654 7655 7536
7705 3 2 1 3 7536 7655 7656 7537
7706 3 2 1 3 7537 7656 7657 7538
7707 3 2 1 3 7538 7657 7658 7539
7708 3 2 1 3 7539 7658 7659 7540
7709 3 2 1 3 7540 7659 7660 7541
7710 3 2 1 3 7541 7660 7661 7542
7711 3 2 1 3 7542 7661 7662 7543
7712 3 2 1 3 7543 7662 7663 7544
7713 3 2 1 3 7544 7663 7664 7545
7714 3 2 1 3 7545 7664 7665 7546
7715 3 2 1 3 7546 7665 7666 7547
7716 3 2 1 3 7547 7666 7667 7548
7717 3 2 1 3 7548 7667 7668 7549
7718 3 2 1 3 7549 7668 7669 7550
7719 3 2 1 3 7550 7669 7670 7551
7720 3 2 1 3 7551 7670 7671 7552
7721 3 2 1 3 7552 7671 7672 7553
7722 3 2 1 3 7553 7672 7673 7554
7723 3 2 1 3 7554 7673 7674 7555
7724 3 2 1 3 7555 7674 7675 7556
7725 3 2 1 3 7556 7675 7676 7557
7726 3 2 1 3 7557 7676 7677 7558
7727 3 2 1 3 7558 7677 7678 7559
7728 3 2 1 3 7559 7678 7679 7560
7729 3 2 1 3 7560 7679 7680 7561
7730 3 2 1 3 7561 7680 7681 7562
7731 3 2 1 3 7562 7681 7682 7563
7732 3 2 1 3 7563 7682 7683 7564
7733 3 2 1 3 7564 7683 7684 7565
7734 3 2 1 3 7565 7684 7685 7566
7735 3 2 1 3 7566 7685 7686 7567
7736 3 2 1 3 7567 7686 7687 7568
7737 3 2 1 3 7568 7687 7688 7569
7738 3 2 1 3 7569 7688 7689 7570
7739 3 2 1 3 7570 7689 7690 7571
7740 3 2 1 3 7571 7690 7691 7572
7741 3 2 1 3 7572 7691 7692 7573
7742 3 2 1 3 7573 7692 7693 7574
7743 3 2 1 3 7574 7693 7694 7575
7744 3 2 1 3 7575 7694 7695 7576
7745 3 2 1 3 7576 7695 7696 7577
7746 3 2 1 3 7577 7696 7697 7578
7747 3 2 1 3 7578 7697 7698 7579
7748 3 2 1 3 7579 7698 7699 7580
7749 3 2 1 3 7580 7699 7700 7581
7750 3 2 1 3 7581 7700 7701 7582
7751 3 2 1 3 7582 7701 7702 7583
7752 3 2 1 3 7583 7702 341 342
7753 3 2 1 3 438 439 7703 7584
7754 3 2 1 3 7584 7703 7704 7585
7755 3 2 1 3 7585 7704 7705 7586
7756 3 2 1 3 7586 7705 7706 7587
7757 3 2 1 3 7587 7706 7707 7588
7758 3 2 1 3 7588 7707 7708 7589
7759 3 2 1 3 7589 7708 7709 7590
7760 3 2 1 3 7590 7709 7710 7591
7761 3 2 1 3 7591 7710 7711 7592
7762 3 2 1 3 7592 7711 7712 7593
7763 3 2 1 3 7593 7712 7713 7594
7764 3 2 1 3 7594 7713 7714 7595
7765 3 2 1 3 7595 7714 7715 7596
7766 3 2 1 3 7596 7715 7716 7597
7767 3 2 1 3 7597 7716 7717 7598
7768 3 2 1 3 7598 7717 7718 7599
7769 3 2 1 3 7599 7718 7719 7600
7770 3 2 1 3 7600 7719 7720 7601
7771 3 2 1 3 7601 7720 7721 7602
7772 3 2 1 3 7602 7721 7722 7603
7773 3 2 1 3 7603 7722 7723 7604
7774 3 2 1 3 7604 7723 7724 7605
7775 3 2 1 3 7605 7724 7725 7606
7776 3 2 1 3 7606 7725 7726 7607
7777 3 2 1 3 7607 7726 7727 7608
7778 3 2 1 3 7608 7727 7728 7609
7779 3 2 1 3 7609 7728 7729 7610
7780 3 2 1 3 7610 7729 7730 7611
7781 3 2 1 3 7611 7730 7731 7612
7782 3 2 1 3 7612 7731 7732 7613
7783 3 2 1 3 7613 7732 7733 7614
7784 3 2 1 3 7614 7733 7734 7615
7785 3 2 1 3 7615 7734 7735 7616
7786 3 2 1 3 7616 7735 7736 7617
7787 3 2 1 3 7617 7736 7737 7618
7788 3 2 1 3 7618 7737 7738 7619
7789 3 2 1 3 7619 7738 7739 7620
7790 3 2 1 3 7620 7739 7740 7621
7791 3 2 1 3 7621 7740 7741 7622
7792 3 2 1 3 7622 7741 7742 7623
7793 3 2 1 3 7623 7742 7743 7624
7794 3 2 1 3 7624 7743 7744 7625
7795 3 2 1 3 7625 7744 7745 7626
7796 3 2 1 3 7626 7745 7746 7627
7797 3 2 1 3 7627 7746 7747 7628
7798 3 2 1 3 7628 7747 7748 7629
7799 3 2 1 3 7629 7748 7749 7630
7800 3 2 1 3 7630 7749 7750 7631
7801 3 2 1 3 7631 7750 7751 7632
7802 3 2 1 3 7632 7751 7752 7633
7803 3 2 1 3 7633 7752 7753 7634
7804 3 2 1 3 7634 7753 7754 7635
7805 3 2 1 3 7635 7754 7755 7636
7806 3 2 1 3 7636 7755 7756 7637
7807 3 2 1 3 7637 7756 7757 7638
7808 3 2 1 3 7638 7757 7758 7639
7809 3 2 1 3 7639 7758 7759 7640
7810 3 2 1 3 7640 7759 7760 7641
7811 3 2 1 3 7641 7760 7761 7642
7812 3 2 1 3 7642 7761 7762 7643
7813 3 2 1 3 7643 7762 7763 7644
7814 3 2 1 3 7644 7763 7764 7645
7815 3 2 1 3 7645 7764 7765 7646
7816 3 2 1 3 7646 7765 7766 7647
7817 3 2 1 3 7647 7766 7767 7648
7818 3 2 1 3 7648 7767 7768 7649
7819 3 2 1 3 7649 7768 7769 7650
7820 3 2 1 3 7650 7769 7770 7651
7821 3 2 1 3 7651 7770 7771 7652
7822 3 2 1 3 7652 7771 7772 7653
7823 3 2 1 3 7653 7772 7773 7654
7824 3 2 1 3 7654 7773 7774 7655
7825 3 2 1 3 7655 7774 7775 7656
7826 3 2 1 3 7656 7775 7776 7657
7827 3 2 1 3 7657 7776 7777 7658
7828 3 2 1 3 7658 7777 7778 7659
7829 3 2 1 3 7659 7778 7779 7660
7830 3 2 1 3 7660 7779 7780 7661
7831 3 2 1 3 7661 7780 7781 7662
7832 3 2 1 3 7662 7781 7782 7663
7833 3 2 1 3 7663 7782 7783 7664
7834 3 2 1 3 7664 7783 7784 7665
7835 3 2 1 3 7665 7784 7785 7666
7836 3 2 1 3 7666 7785 7786 7667
7837 3 2 1 3 7667 7786 7787 7668
7838 3 2 1 3 7668 7787 7788 7669
7839 3 2 1 3 7669 7788 7789 7670
7840 3 2 1 3 7670 7789 7790 7671
7841 3 2 1 3 7671 7790 7791 7672
7842 3 2 1 3 7672 7791 7792 7673
7843 3 2 1 3 7673 7792 7793 7674
7844 3 2 1 3 7674 7793 7794 7675
7845 3 2 1 3 7675 7794 7795 7676
7846 3 2 1 3 7676 7795 7796 7677
7847 3 2 1 3 7677 7796 7797 7678
7848 3 2 1 3 7678 7797 7798 7679
7849 3 2 1 3 7679 7798 7799 7680
7850 3 2 1 3 7680 7799 7800 7681
7851 3 2 1 3 7681 7800 7801 7682
7852 3 2 1 3 7682 7801 7802 7683
7853 3 2 1 3 7683 7802 7803 7684
7854 3 2 1 3 7684 7803 7804 7685
7855 3 2 1 3 7685 7804 7805 7686
7856 3 2 1 3 7686 7805 7806 7687
7857 3 2 1 3 7687 7806 7807 7688
7858 3 2 1 3 7688 7807 7808 7689
7859 3 2 1 3 7689 7808 7809 7690
7860 3 2 1 3 7690 7809 7810 7691
7861 3 2 1 3 7691 7810 7811 7692
7862 3 2 1 3 7692 7811 7812 7693
7863 3 2 1 3 7693 7812 7813 7694
7864 3 2 1 3 7694 7813 7814 7695
7865 3 2 1 3 7695 7814 7815 7696
7866 3 2 1 3 7696 7815 7816 7697
7867 3 2 1 3 7697 7816 7817 7698
7868 3 2 1 3 7698 7817 7818 7699
7869 3 2 1 3 7699 7818 7819 7700
7870 3 2 1 3 7700 7819 7820 7701
7871 3 2 1 3 7701 7820 7821 7702
7872 3 2 1 3 7702 7821 340 341
7873 3 2 1 3 439 440 7822 7703
7874 3 2 1 3 7703 7822 7823 7704
7875 3 2 1 3 7704 7823 7824 7705
7876 3 2 1 3 7705 7824 7825 7706
7877 3 2 1 3 7706 7825 7826 7707
7878 3 2 1 3 7707 7826 7827 7708
7879 3 2 1 3 7708 7827 7828 7709
7880 3 2 1 3 7709 7828 7829 7710
7881 3 2 1 3 7710 7829 7830 7711
7882 3 2 1 3 7711 7830 7831 7712
7883 3 2 1 3 7712 7831 7832 7713
7884 3 2 1 3 7713 7832 7833 7714
7885 3 2 1 3 7714 7833 7834 7715
7886 3 2 1 3 7715 7834 7835 7716
7887 3 2 1 3 7716 7835 7836 7717
7888 3 2 1 3 7717 7836 7837 7718
7889 3 2 1 3 7718 7837 7838 7719
7890 3 2 1 3 7719 7838 7839 7720
7891 3 2 1 3 7720 7839 7840 7721
7892 3 2 1 3 7721 7840 7841 7722
7893 3 2 1 3 7722 7841 7842 7723
7894 3 2 1 3 7723 7842 7843 7724
7895 3 2 1 3 7724 7843 7844 7725
7896 3 2 1 3 7725 7844 7845 7726
7897 3 2 1 3 7726 7845 7846 7727
7898 3 2 1 3 7727 7846 7847 7728
7899 3 2 1 3 7728 7847 7848 7729
7900 3 2 1 3 7729 7848 7849 7730
7901 3 2 1 3 7730 7849 7850 7731
7902 3 2 1 3 7731 7850 7851 7732
7903 3 2 1 3 7732 7851 7852 7733
7904 3 2 1 3 7733 7852 7853 7734
7905 3 2 1 3 7734 7853 7854 7735
7906 3 2 1 3 7735 7854 7855 7736
7907 3 2 1 3 7736 7855 7856 7737
7908 3 2 1 3 7737 7856 7857 7738
7909 3 2 1 3 7738 7857 7858 7739
7910 3 2 1 3 7739 7858 7859 7740
7911 3 2 1 3 7740 7859 7860 7741
7912 3 2 1 3 7741 7860 7861 7742
7913 3 2 1 3 7742 7861 7862 7743
7914 3 2 1 3 7743 7862 7863 7744
7915 3 2 1 3 7744 7863 7864 7745
7916 3 2 1 3 7745 7864 7865 7746
7917 3 2 1 3 7746 7865 7866 7747
7918 3 2 1 3 7747 7866 7867 7748
7919 3 2 1 3 7748 7867 7868 7749
7920 3 2 1 3 7749 7868 7869 7750
7921 3 2 1 3 7750 7869 7870 7751
7922 3 2 1 3 7751 7870 7871 7752
7923 3 2 1 3 7752 7871 7872 7753
7924 3 2 1 3 7753 7872 7873 7754
7925 3 2 1 3 7754 7873 7874 7755
7926 3 2 1 3 7755 7874 7875 7756
7927 3 2 1 3 7756 7875 7876 7757
7928 3 2 1 3 7757 7876 7877 7758
7929 3 2 1 3 7758 7877 7878 7759
7930 3 2 1 3 7759 7878 7879 7760
7931 3 2 1 3 7760 7879 7880 7761
7932 3 2 1 3 7761 7880 7881 7762
7933 3 2 1 3 7762 7881 7882 7763
7934 3 2 1 3 7763 7882 7883 7764
7935 3 2 1 3 7764 7883 7884 7765
7936 3 2 1 3 7765 7884 7885 7766
7937 3 2 1 3 7766 7885 7886 7767
7938 3 2 1 3 7767 7886 7887 7768
7939 3 2 1 3 7768 7887 7888 7769
7940 3 2 1 3 7769 7888 7889 7770
7941 3 2 1 3 7770 7889 7890 7771
7942 3 2 1 3 7771 7890 7891 7772
7943 3 2 1 3 7772 7891 7892 7773
7944 3 2 1 3 7773 7892 7893 7774
7945 3 2 1 3 7774 7893 7894 7775
7946 3 2 1 3 7775 7894 7895 7776
7947 3 2 1 3 7776 7895 7896 7777
7948 3 2 1 3 7777 7896 7897 7778
7949 3 2 1 3 7778 7897 7898 7779
7950 3 2 1 3 7779 7898 7899 7780
7951 3 2 1 3 7780 7899 7900 7781
7952 3 2 1 3 7781 7900 7901 7782
7953 3 2 1 3 7782 7901 7902 7783
7954 3 2 1 3 7783 7902 7903 7784
7955 3 2 1 3 7784 7903 7904 7785
7956 3 2 1 3 7785 7904 7905 7786
7957 3 2 1 3 7786 7905 7906 7787
7958 3 2 1 3 7787 7906 7907 7788
7959 3 2 1 3 7788 7907 7908 7789
7960 3 2 1 3 7789 7908 7909 7790
7961 3 2 1 3 7790 7909 7910 7791
7962 3 2 1 3 7791 7910 7911 7792
7963 3 2 1 3 7792 7911 7912 7793
7964 3 2 1 3 7793 7912 7913 7794
7965 3 2 1 3 7794 7913 7914 7795
7966 3 2 1 3 7795 7914 7915 7796
7967 3 2 1 3 7796 7915 7916 7797
7968 3 2 1 3 7797 7916 7917 7798
7969 3 2 1 3 7798 7917 7918 7799
7970 3 2 1 3 7799 7918 7919 7800
7971 3 2 1 3 7800 7919 7920 7801
7972 3 2 1 3 7801 7920 7921 7802
7973 3 2 1 3 7802 7921 7922 7803
7974 3 2 1 3 7803 7922 7923 7804
7975 3 2 1 3 7804 7923 7924 7805
7976 3 2 1 3 7805 7924 7925 7806
7977 3 2 1 3 7806 7925 7926 7807
7978 3 2 1 3 7807 7926 7927 7808
7979 3 2 1 3 7808 7927 7928 7809
7980 3 2 1 3 7809 7928 7929 7810
7981 3 2 1 3 7810 7929 7930 7811
7982 3 2 1 3 7811 7930 7931 7812
7983 3 2 1 3 7812 7931 7932 7813
7984 3 2 1 3 7813 7932 7933 7814
7985 3 2 1 3 7814 7933 7934 7815
7986 3 2 1 3 7815 7934 7935 7816
7987 3 2 1 3 7816 7935 7936 7817
7988 3 2 1 3 7817 7936 7937 7818
7989 3 2 1 3 7818 7937 7938 7819
7990 3 2 1 3 7819 7938 7939 7820
7991 3 2 1 3 7820 7939 7940 7821
7992 3 2 1 3 7821 7940 339 340
7993 3 2 1 3 440 441 7941 7822
7994 3 2 1 3 7822 7941 7942 7823
7995 3 2 1 3 7823 7942 7943 7824
7996 3 2 1 3 7824 7943 7944 7825
7997 3 2 1 3 7825 7944 7945 7826
7998 3 2 1 3 7826 7945 7946 7827
7999 3 2 1 3 7827 7946 7947 7828
8000 3 2 1 3 7828 7947 7948 7829
8001 3 2 1 3 7829 7948 7949 7830
8002 3 2 1 3 7830 7949 7950 7831
8003 3 2 1 3 7831 7950 7951 7832
8004 3 2 1 3 7832 7951 7952 7833
8005 3 2 1 3 7833 7952 7953 7834
8006 3 2 1 3 7834 7953 7954 7835
8007 3 2 1 3 7835 7954 7955 7836
8008 3 2 1 3 7836 7955 7956 7837
8009 3 2 1 3 7837 7956 7957 7838
8010 3 2 1 3 7838 7957 7958 7839
8011 3 2 1 3 7839 7958 7959 7840
8012 3 2 1 3 7840 7959 7960 7841
8013 3 2 1 3 7841 7960 7961 7842
8014 3 2 1 3 7842 7961 7962 7843
8015 3 2 1 3 7843 7962 7963 7844
8016 3 2 1 3 7844 7963 7964 7845
8017 3 2 1 3 7845 7964 7965 7846
8018 3 2 1 3 7846 7965 7966 7847
8019 3 2 1 3 7847 7966 7967 7848
8020 3 2 1 3 7848 7967 7968 7849
8021 3 2 1 3 7849 7968 7969 7850
8022 3 2 1 3 7850 7969 7970 7851
8023 3 2 1 3 7851 7970 7971 7852
8024 3 2 1 3 7852 7971 7972 7853
8025 3 2 1 3 7853 7972 7973 7854
8026 3 2 1 3 7854 7973 7974 7855
8027 3 2 1 3 7855 7974 7975 7856
8028 3 2 1 3 7856 7975 7976 7857
8029 3 2 1 3 7857 7976 7977 7858
8030 3 2 1 3 7858 7977 7978 7859
8031 3 2 1 3 7859 7978 7979 7860
8032 3 2 1 3 7860 7979 7980 7861
8033 3 2 1 3 7861 7980 7981 7862
8034 3 2 1 3 7862 7981 7982 7863
8035 3 2 1 3 7863 7982 7983 7864
8036 3 2 1 3 7864 7983 7984 7865
8037 3 2 1 3 7865 7984 7985 7866
8038 3 2 1 3 7866 7985 7986 7867
8039 3 2 1 3 7867 7986 7987 7868
8040 3 2 1 3 7868 7987 7988 7869
8041 3 2 1 3 7869 7988 7989 7870
8042 3 2 1 3 7870 7989 7990 7871
8043 3 2 1 3 7871 7990 7991 7872
8044 3 2 1 3 7872 7991 7992 7873
8045 3 2 1 3 7873 7992 7993 7874
8046 3 2 1 3 7874 7993 7994 7875
8047 3 2 1 3 7875 7994 7995 7876
8048 3 2 1 3 7876 7995 7996 7877
8049 3 2 1 3 7877 7996 7997 7878
8050 3 2 1 3 7878 7997 7998 7879
8051 3 2 1 3 7879 7998 7999 7880
8052 3 2 1 3 7880 7999 8000 7881
8053 3 2 1 3 7881 8000 8001 7882
8054 3 2 1 3 7882 8001 8002 7883
8055 3 2 1 3 7883 8002 8003 7884
8056 3 2 1 3 7884 8003 8004 7885
8057 3 2 1 3 7885 8004 8005 7886
8058 3 2 1 3 7886 8005 8006 7887
8059 3 2 1 3 7887 8006 8007 7888
8060 3 2 1 3 7888 8007 8008 7889
8061 3 2 1 3 7889 8008 8009 7890
8062 3 2 1 3 7890 8009 8010 7891
8063 3 2 1 3 7891 8010 8011 7892
8064 3 2 1 3 7892 8011 8012 7893
8065 3 2 1 3 7893 8012 8013 7894
8066 3 2 1 3 7894 8013 8014 7895
8067 3 2 1 3 7895 8014 8015 7896
8068 3 2 1 3 7896 8015 8016 7897
8069 3 2 1 3 7897 8016 8017 7898
8070 3 2 1 3 7898 8017 8018 7899
8071 3 2 1 3 7899 8018 8019 7900
8072 3 2 1 3 7900 8019 8020 7901
8073 3 2 1 3 7901 8020 8021 7902
8074 3 2 1 3 7902 8021 8022 7903
8075 3 2 1 3 7903 8022 8023 7904
8076 3 2 1 3 7904 8023 8024 7905
8077 3 2 1 3 7905 8024 8025 7906
8078 3 2 1 3 7906 8025 8026 7907
8079 3 2 1 3 7907 8026 8027 7908
8080 3 2 1 3 7908 8027 8028 7909
8081 3 2 1 3 7909 8028 8029 7910
8082 3 2 1 3 7910 8029 8030 7911
8083 3 2 1 3 7911 8030 8031 7912
8084 3 2 1 3 7912 8031 8032 7913
8085 3 2 1 3 7913 8032 8033 7914
8086 3 2 1 3 7914 8033 8034 7915
8087 3 2 1 3 7915 8034 8035 7916
8088 3 2 1 3 7916 8035 8036 7917
8089 3 2 1 3 7917 8036 8037 7918
8090 3 2 1 3 7918 8037 8038 7919
8091 3 2 1 3 7919 8038 8039 7920
8092 3 2 1 3 7920 8039 8040 7921
8093 3 2 1 3 7921 8040 8041 7922
8094 3 2 1 3 7922 8041 8042 7923
8095 3 2 1 3 7923 8042 8043 7924
8096 3 2 1 3 7924 8043 8044 7925
8097 3 2 1 3 7925 8044 8045 7926
8098 3 2 1 3 7926 8045 8046 7927
8099 3 2 1 3 7927 8046 8047 7928
8100 3 2 1 3 7928 8047 8048 7929
8101 3 2 1 3 7929 8048 8049 7930
8102 3 2 1 3 7930 8049 8050 7931
8103 3 2 1 3 7931 8050 8051 7932
8104 3 2 1 3 7932 8051 8052 7933
8105 3 2 1 3 7933 8052 8053 7934
8106 3 2 1 3 7934 8053 8054 7935
8107 3 2 1 3 7935 8054 8055 7936
8108 3 2 1 3 7936 8055 8056 7937
8109 3 2 1 3 7937 8056 8057 7938
8110 3 2 1 3 7938 8057 8058 7939
8111 3 2 1 3 7939 8058 8059 7940
8112 3 2 1 3 7940 8059 338 339
8113 3 2 1 3 441 442 8060 7941
8114 3 2 1 3 7941 8060 8061 7942
8115 3 2 1 3 7942 8061 8062 7943
8116 3 2 1 3 7943 8062 8063 7944
8117 3 2 1 3 7944 8063 8064 7945
8118 3 2 1 3 7945 8064 8065 7946
8119 3 2 1 3 7946 8065 8066 7947
8120 3 2 1 3 7947 8066 8067 7948
8121 3 2 1 3 7948 8067 8068 7949
8122 3 2 1 3 7949 8068 8069 7950
8123 3 2 1 3 7950 8069 8070 7951
8124 3 2 1 3 7951 8070 8071 7952
8125 3 2 1 3 7952 8071 8072 7953
8126 3 2 1 3 7953 8072 8073 7954
8127 3 2 1 3 7954 8073 8074 7955
8128 3 2 1 3 7955 8074 8075 7956
8129 3 2 1 3 7956 8075 8076 7957
8130 3 2 1 3 7957 8076 8077 7958
8131 3 2 1 3 7958 8077 8078 7959
8132 3 2 1 3 7959 8078 8079 7960
8133 3 2 1 3 7960 8079 8080 7961
8134 3 2 1 3 7961 8080 8081 7962
8135 3 2 1 3 7962 8081 8082 7963
8136 3 2 1 3 7963 8082 8083 7964
8137 3 2 1 3 7964 8083 8084 7965
8138 3 2 1 3 7965 8084 8085 7966
8139 3 2 1 3 7966 8085 8086 7967
8140 3 2 1 3 7967 8086 8087 7968
8141 3 2 1 3 7968 8087 8088 7969
8142 3 2 1 3 7969 8088 8089 7970
8143 3 2 1 3 7970 8089 8090 7971
8144 3 2 1 3 7971 8090 8091 7972
8145 3 2 1 3 7972 8091 8092 7973
8146 3 2 1 3 7973 8092 8093 7974
8147 3 2 1 3 7974 8093 8094 7975
8148 3 2 1 3 7975 8094 8095 7976
8149 3 2 1 3 7976 8095 8096 7977
8150 3 2 1 3 7977 8096 8097 7978
8151 3 2 1 3 7978 8097 8098 7979
8152 3 2 1 3 7979 8098 8099 7980
8153 3 2 1 3 7980 8099 8100 7981
8154 3 2 1 3 7981 8100 8101 7982
8155 3 2 1 3 7982 8101 8102 7983
8156 3 2 1 3 7983 8102 8103 7984
8157 3 2 1 3 7984 8103 8104 7985
8158 3 2 1 3 7985 8104 8105 7986
8159 3 2 1 3 7986 8105 8106 7987
8160 3 2 1 3 7987 8106 8107 7988
8161 3 2 1 3 7988 8107 8108 7989
8162 3 2 1 3 7989 8108 8109 7990
8163 3 2 1 3 7990 8109 8110 7991
8164 3 2 1 3 7991 8110 8111 7992
8165 3 2 1 3 7992 8111 8112 7993
8166 3 2 1 3 7993 8112 8113 7994
8167 3 2 1 3 7994 8113 8114 7995
8168 3 2 1 3 7995 8114 8115 7996
8169 3 2 1 3 7996 8115 8116 7997
8170 3 2 1 3 7997 8116 8117 7998
8171 3 2 1 3 7998 8117 8118 7999
8172 3 2 1 3 7999 8118 8119 8000
8173 3 2 1 3 8000 8119 8120 8001
8174 3 2 1 3 8001 8120 8121 8002
8175 3 2 1 3 8002 8121 8122 8003
8176 3 2 1 3 8003 8122 8123 8004
8177 3 2 1 3 8004 8123 8124 8005
8178 3 2 1 3 8005 8124 8125 8006
8179 3 2 1 3 8006 8125 8126 8007
8180 3 2 1 3 8007 8126 8127 8008
8181 3 2 1 3 8008 8127 8128 8009
8182 3 2 1 3 8009 8128 8129 8010
8183 3 2 1 3 8010 8129 8130 8011
8184 3 2 1 3 8011 8130 8131 8012
8185 3 2 1 3 8012 8131 8132 8013
8186 3 2 1 3 8013 8132 8133 8014
8187 3 2 1 3 8014 8133 8134 8015
8188 3 2 1 3 8015 8134 8135 8016
8189 3 2 1 3 8016 8135 8136 8017
8190 3 2 1 3 8017 8136 8137 8018
8191 3 2 1 3 8018 8137 8138 8019
8192 3 2 1 3 8019 8138 8139 8020
8193 3 2 1 3 8020 8139 8140 8021
8194 3 2 1 3 8021 8140 8141 8022
8195 3 2 1 3 8022 8141 8142 8023
8196 3 2 1 3 8023 8142 8143 8024
8197 3 2 1 3 8024 8143 8144 8025
8198 3 2 1 3 8025 8144 8145 8026
8199 3 2 1 3 8026 8145 8146 8027
8200 3 2 1 3 8027 8146 8147 8028
8201 3 2 1 3 8028 8147 8148 8029
8202 3 2 1 3 8029 8148 8149 8030
8203 3 2 1 3 8030 8149 8150 8031
8204 3 2 1 3 8031 8150 8151 8032
8205 3 2 1 3 8032 8151 8152 8033
8206 3 2 1 3 8033 8152 8153 8034
8207 3 2 1 3 8034 8153 8154 8035
8208 3 2 1 3 8035 8154 8155 8036
8209 3 2 1 3 8036 8155 8156 8037
8210 3 2 1 3 8037 8156 8157 8038
8211 3 2 1 3 8038 8157 8158 8039
8212 3 2 1 3 8039 8158 8159 8040
8213 3 2 1 3 8040 8159 8160 8041
8214 3 2 1 3 8041 8160 8161 8042
8215 3 2 1 3 8042 8161 8162 8043
8216 3 2 1 3 8043 8162 8163 8044
8217 3 2 1 3 8044 8163 8164 8045
8218 3 2 1 3 8045 8164 8165 8046
8219 3 2 1 3 8046 8165 8166 8047
8220 3 2 1 3 8047 8166 8167 8048
8221 3 2 1 3 8048 8167 8168 8049
8222 3 2 1 3 8049 8168 8169 8050
8223 3 2 1 3 8050 8169 8170 8051
8224 3 2 1 3 8051 8170 8171 8052
8225 3 2 1 3 8052 8171 8172 8053
8226 3 2 1 3 8053 8172 8173 8054
8227 3 2 1 3 8054 8173 8174 8055
8228 3 2 1 3 8055 8174 8175 8056
8229 3 2 1 3 8056 8175 8176 8057
8230 3 2 1 3 8057 8176 8177 8058
8231 3 2 1 3 8058 8177 8178 8059
8232 3 2 1 3 8059 8178 337 338
8233 3 2 1 3 442 443 8179 8060
8234 3 2 1 3 8060 8179 8180 8061
8235 3 2 1 3 8061 8180 8181 8062
8236 3 2 1 3 8062 8181 8182 8063
8237 3 2 1 3 8063 8182 8183 8064
8238 3 2 1 3 8064 8183 8184 8065
8239 3 2 1 3 8065 8184 8185 8066
8240 3 2 1 3 8066 8185 8186 8067
8241 3 2 1 3 8067 8186 8187 8068
8242 3 2 1 3 8068 8187 8188 8069
8243 3 2 1 3 8069 8188 8189 8070
8244 3 2 1 3 8070 8189 8190 8071
8245 3 2 1 3 8071 8190 8191 8072
8246 3 2 1 3 8072 8191 8192 8073
8247 3 2 1 3 8073 8192 8193 8074
8248 3 2 1 3 8074 8193 8194 8075
8249 3 2 1 3 8075 8194 8195 8076
8250 3 2 1 3 8076 8195 8196 8077
8251 3 2 1 3 8077 8196 8197 8078
8252 3 2 1 3 8078 8197 8198 8079
8253 3 2 1 3 8079 8198 8199 8080
8254 3 2 1 3 8080 8199 8200 8081
8255 3 2 1 3 8081 8200 8201 8082
8256 3 2 1 3 8082 8201 8202 8083
8257 3 2 1 3 8083 8202 8203 8084
8258 3 2 1 3 8084 8203 8204 8085
8259 3 2 1 3 8085 8204 8205 8086
8260 3 2 1 3 8086 8205 8206 8087
8261 3 2 1 3 8087 8206 8207 8088
8262 3 2 1 3 8088 8207 8208 8089
8263 3 2 1 3 8089 8208 8209 8090
8264 3 2 1 3 8090 8209 8210 8091
8265 3 2 1 3 8091 8210 8211 8092
8266 3 2 1 3 8092 8211 8212 8093
8267 3 2 1 3 8093 8212 8213 8094
8268 3 2 1 3 8094 8213 8214 8095
8269 3 2 1 3 8095 8214 8215 8096
8270 3 2 1 3 8096 8215 8216 8097
8271 3 2 1 3 8097 8216 8217 8098
8272 3 2 1 3 8098 8217 8218 8099
8273 3 2 1 3 8099 8218 8219 8100
8274 3 2 1 3 8100 8219 8220 8101
8275 3 2 1 3 8101 8220 8221 8102
8276 3 2 1 3 8102 8221 8222 8103
8277 3 2 1 3 8103 8222 8223 8104
8278 3 2 1 3 8104 8223 8224 8105
8279 3 2 1 3 8105 8224 8225 8106
8280 3 2 1 3 8106 8225 8226 8107
8281 3 2 1 3 8107 8226 8227 8108
8282 3 2 1 3 8108 8227 8228 8109
8283 3 2 1 3 8109 8228 8229 8110
8284 3 2 1 3 8110 8229 8230 8111
8285 3 2 1 3 8111 8230 8231 8112
8286 3 2 1 3 8112 8231 8232 8113
8287 3 2 1 3 8113 8232 8233 8114
8288 3 2 1 3 8114 8233 8234 8115
8289 3 2 1 3 8115 8234 8235 8116
8290 3 2 1 3 8116 8235 8236 8117
8291 3 2 1 3 8117 8236 8237 8118
8292 3 2 1 3 8118 8237 8238 8119
8293 3 2 1 3 8119 8238 8239 8120
8294 3 2 1 3 8120 8239 8240 8121
8295 3 2 1 3 8121 8240 8241 8122
8296 3 2 1 3 8122 8241 8242 8123
8297 3 2 1 3 8123 8242 8243 8124
8298 3 2 1 3 8124 8243 8244 8125
8299 3 2 1 3 8125 8244 8245 8126
8300 3 2 1 3 8126 8245 8246 8127
8301 3 2 1 3 8127 8246 8247 8128
8302 3 2 1 3 8128 8247 8248 8129
8303 3 2 1 3 8129 8248 8249 8130
8304 3 2 1 3 8130 8249 8250 8131
8305 3 2 1 3 8131 8250 8251 8132
8306 3 2 1 3 8132 8251 8252 8133
8307 3 2 1 3 8133 8252 8253 8134
8308 3 2 1 3 8134 8253 8254 8135
8309 3 2 1 3 8135 8254 8255 8136
8310 3 2 1 3 8136 8255 8256 8137
8311 3 2 1 3 8137 8256 8257 8138
8312 3 2 1 3 8138 8257 8258 8139
8313 3 2 1 3 8139 8258 8259 8140
8314 3 2 1 3 8140 8259 8260 8141
8315 3 2 1 3 8141 8260 8261 8142
8316 3 2 1 3 8142 8261 8262 8143
8317 3 2 1 3 8143 8262 8263 8144
8318 3 2 1 3 8144 8263 8264 8145
8319 3 2 1 3 8145 8264 8265 8146
8320 3 2 1 3 8146 8265 8266 8147
8321 3 2 1 3 8147 8266 8267 8148
8322 3 2 1 3 8148 8267 8268 8149
8323 3 2 1 3 8149 8268 8269 8150
8324 3 2 1 3 8150 8269 8270 8151
8325 3 2 1 3 8151 8270 8271 8152
8326 3 2 1 3 8152 8271 8272 8153
8327 3 2 1 3 8153 8272 8273 8154
8328 3 2 1 3 8154 8273 8274 8155
8329 3 2 1 3 8155 8274 8275 8156
8330 3 2 1 3 8156 8275 8276 8157
8331 3 2 1 3 8157 8276 8277 8158
8332 3 2 1 3 8158 8277 8278 8159
8333 3 2 1 3 8159 8278 8279 8160
8334 3 2 1 3 8160 8279 8280 8161
8335 3 2 1 3 8161 8280 8281 8162
8336 3 2 1 3 8162 8281 8282 8163
8337 3 2 1 3 8163 8282 8283 8164
8338 3 2 1 3 8164 8283 8284 8165
8339 3 2 1 3 8165 8284 8285 8166
8340 3 2 1 3 8166 8285 8286 8167
8341 3 2 1 3 8167 8286 8287 8168
8342 3 2 1 3 8168 8287 8288 8169
8343 3 2 1 3 8169 8288 8289 8170
8344 3 2 1 3 8170 8289 8290 8171
8345 3 2 1 3 8171 8290 8291 8172
8346 3 2 1 3 8172 8291 8292 8173
8347 3 2 1 3 8173 8292 8293 8174
8348 3 2 1 3 8174 8293 8294 8175
8349 3 2 1 3 8175 8294 8295 8176
8350 3 2 1 3 8176 8295 8296 8177
8351 3 2 1 3 8177 8296 8297 8178
8352 3 2 1 3 8178 8297 336 337
8353 3 2 1 3 443 444 8298 8179
8354 3 2 1 3 8179 8298 8299 8180
8355 3 2 1 3 8180 8299 8300 8181
8356 3 2 1 3 8181 8300 8301 8182
8357 3 2 1 3 8182 8301 8302 8183
8358 3 2 1 3 8183 8302 8303 8184
8359 3 2 1 3 8184 8303 8304 8185
8360 3 2 1 3 8185 8304 8305 8186
8361 3 2 1 3 8186 8305 8306 8187
8362 3 2 1 3 8187 8306 8307 8188
8363 3 2 1 3 8188 8307 8308 8189
8364 3 2 1 3 8189 8308 8309 8190
8365 3 2 1 3 8190 8309 8310 8191
8366 3 2 1 3 8191 8310 8311 8192
8367 3 2 1 3 8192 8311 8312 8193
8368 3 2 1 3 8193 8312 8313 8194
8369 3 2 1 3 8194 8313 8314 8195
8370 3 2 1 3 8195 8314 8315 8196
8371 3 2 1 3 8196 8315 8316 8197
8372 3 2 1 3 8197 8316 8317 8198
8373 3 2 1 3 8198 8317 8318 8199
8374 3 2 1 3 8199 8318 8319 8200
8375 3 2 1 3 8200 8319 8320 8201
8376 3 2 1 3 8201 8320 8321 8202
8377 3 2 1 3 8202 8321 8322 8203
8378 3 2 1 3 8203 8322 8323 8204
8379 3 2 1 3 8204 8323 8324 8205
8380 3 2 1 3 8205 8324 8325 8206
8381 3 2 1 3 8206 8325 8326 8207
8382 3 2 1 3 8207 8326 8327 8208
8383 3 2 1 3 8208 8327 8328 8209
8384 3 2 1 3 8209 8328 8329 8210
8385 3 2 1 3 8210 8329 8330 8211
8386 3 2 1 3 8211 8330 8331 8212
8387 3 2 1 3 8212 8331 8332 8213
8388 3 2 1 3 8213 8332 8333 8214
8389 3 2 1 3 8214 8333 8334 8215
8390 3 2 1 3 8215 8334 8335 8216
8391 3 2 1 3 8216 8335 8336 8217
8392 3 2 1 3 8217 8336 8337 8218
8393 3 2 1 3 8218 8337 8338 8219
8394 3 2 1 3 8219 8338 8339 8220
8395 3 2 1 3 8220 8339 8340 8221
8396 3 2 1 3 8221 8340 8341 8222
8397 3 2 1 3 8222 8341 8342 8223
8398 3 2 1 3 8223 8342 8343 8224
8399 3 2 1 3 8224 8343 8344 8225
8400 3 2 1 3 8225 8344 8345 8226
8401 3 2 1 3 8226 8345 8346 8227
8402 3 2 1 3 8227 8346 8347 8228
8403 3 2 1 3 8228 8347 8348 8229
8404 3 2 1 3 8229 8348 8349 8230
8405 3 2 1 3 8230 8349 8350 8231
8406 3 2 1 3 8231 8350 8351 8232
8407 3 2 1 3 8232 8351 8352 8233
8408 3 2 1 3 8233 8352 8353 8234
8409 3 2 1 3 8234 8353 8354 8235
8410 3 2 1 3 8235 8354 8355 8236
8411 3 2 1 3 8236 8355 8356 8237
8412 3 2 1 3 8237 8356 8357 8238
8413 3 2 1 3 8238 8357 8358 8239
8414 3 2 1 3 8239 8358 8359 8240
8415 3 2 1 3 8240 8359 8360 8241
8416 3 2 1 3 8241 8360 8361 8242
8417 3 2 1 3 8242 8361 8362 8243
8418 3 2 1 3 8243 8362 8363 8244
8419 3 2 1 3 8244 8363 8364 8245
8420 3 2 1 3 8245 8364 8365 8246
8421 3 2 1 3 8246 8365 8366 8247
8422 3 2 1 3 8247 8366 8367 8248
8423 3 2 1 3 8248 8367 8368 8249
8424 3 2 1 3 8249 8368 8369 8250
8425 3 2 1 3 8250 8369 8370 8251
8426 3 2 1 3 8251 8370 8371 8252
8427 3 2 1 3 8252 8371 8372 8253
8428 3 2 1 3 8253 8372 8373 8254
8429 3 2 1 3 8254 8373 8374 8255
8430 3 2 1 3 8255 8374 8375 8256
8431 3 2 1 3 8256 8375 8376 8257
8432 3 2 1 3 8257 8376 8377 8258
8433 3 2 1 3 8258 8377 8378 8259
8434 3 2 1 3 8259 8378 8379 8260
8435 3 2 1 3 8260 8379 8380 8261
8436 3 2 1 3 8261 8380 8381 8262
8437 3 2 1 3 8262 8381 8382 8263
8438 3 2 1 3 8263 8382 8383 8264
8439 3 2 1 3 8264 8383 8384 8265
8440 3 2 1 3 8265 8384 8385 8266
8441 3 2 1 3 8266 8385 8386 8267
8442 3 2 1 3 8267 8386 8387 8268
8443 3 2 1 3 8268 8387 8388 8269
8444 3 2 1 3 8269 8388 8389 8270
8445 3 2 1 3 8270 8389 8390 8271
8446 3 2 1 3 8271 8390 8391 8272
8447 3 2 1 3 8272 8391 8392 8273
8448 3 2 1 3 8273 8392 8393 8274
8449 3 2 1 3 8274 8393 8394 8275
8450 3 2 1 3 8275 8394 8395 8276
8451 3 2 1 3 8276 8395 8396 8277
8452 3 2 1 3 8277 8396 8397 8278
8453 3 2 1 3 8278 8397 8398 8279
8454 3 2 1 3 8279 8398 8399 8280
8455 3 2 1 3 8280 8399 8400 8281
8456 3 2 1 3 8281 8400 8401 8282
8457 3 2 1 3 8282 8401 8402 8283
8458 3 2 1 3 8283 8402 8403 8284
8459 3 2 1 3 8284 8403 8404 8285
8460 3 2 1 3 8285 8404 8405 8286
8461 3 2 1 3 8286 8405 8406 8287
8462 3 2 1 3 8287 8406 8407 8288
8463 3 2 1 3 8288 8407 8408 8289
8464 3 2 1 3 8289 8408 8409 8290
8465 3 2 1 3 8290 8409 8410 8291
8466 3 2 1 3 8291 8410 8411 8292
8467 3 2 1 3 8292 8411 8412 8293
8468 3 2 1 3 8293 8412 8413 8294
8469 3 2 1 3 8294 8413 8414 8295
8470 3 2 1 3 8295 8414 8415 8296
8471 3 2 1 3 8296 8415 8416 8297
8472 3 2 1 3 8297 8416 335 336
8473 3 2 1 3 444 445 8417 8298
8474 3 2 1 3 8298 8417 8418 8299
8475 3 2 1 3 8299 8418 8419 8300
8476 3 2 1 3 8300 8419 8420 8301
8477 3 2 1 3 8301 8420 8421 8302
8478 3 2 1 3 8302 8421 8422 8303
8479 3 2 1 3 8303 8422 8423 8304
8480 3 2 1 3 8304 8423 8424 8305
8481 3 2 1 3 8305 8424 8425 8306
8482 3 2 1 3 8306 8425 8426 8307
8483 3 2 1 3 8307 8426 8427 8308
8484 3 2 1 3 8308 8427 8428 8309
8485 3 2 1 3 8309 8428 8429 8310
8486 3 2 1 3 8310 8429 8430 8311
8487 3 2 1 3 8311 8430 8431 8312
8488 3 2 1 3 8312 8431 8432 8313
8489 3 2 1 3 8313 8432 8433 8314
8490 3 2 1 3 8314 8433 8434 8315
8491 3 2 1 3 8315 8434 8435 8316
8492 3 2 1 3 8316 8435 8436 8317
8493 3 2 1 3 8317 8436 8437 8318
8494 3 2 1 3 8318 8437 8438 8319
8495 3 2 1 3 8319 8438 8439 8320
8496 3 2 1 3 8320 8439 8440 8321
8497 3 2 1 3 8321 8440 8441 8322
8498 3 2 1 3 8322 8441 8442 8323
8499 3 2 1 3 8323 8442 8443 8324
8500 3 2 1 3 8324 8443 8444 8325
8501 3 2 1 3 8325 8444 8445 8326
8502 3 2 1 3 8326 8445 8446 8327
8503 3 2 1 3 8327 8446 8447 8328
8504 3 2 1 3 8328 8447 8448 8329
8505 3 2 1 3 8329 8448 8449 8330
8506 3 2 1 3 8330 8449 8450 8331
8507 3 2 1 3 8331 8450 8451 8332
8508 3 2 1 3 8332 8451 8452 8333
8509 3 2 1 3 8333 8452 8453 8334
8510 3 2 1 3 8334 8453 8454 8335
8511 3 2 1 3 8335 8454 8455 8336
8512 3 2 1 3 8336 8455 8456 8337
8513 3 2 1 3 8337 8456 8457 8338
8514 3 2 1 3 8338 8457 8458 8339
8515 3 2 1 3 8339 8458 8459 8340
8516 3 2 1 3 8340 8459 8460 8341
8517 3 2 1 3 8341 8460 8461 8342
8518 3 2 1 3 8342 8461 8462 8343
8519 3 2 1 3 8343 8462 8463 8344
8520 3 2 1 3 8344 8463 8464 8345
8521 3 2 1 3 8345 8464 8465 8346
8522 3 2 1 3 8346 8465 8466 8347
8523 3 2 1 3 8347 8466 8467 8348
8524 3 2 1 3 8348 8467 8468 8349
8525 3 2 1 3 8349 8468 8469 8350
8526 3 2 1 3 8350 8469 8470 8351
8527 3 2 1 3 8351 8470 8471 8352
8528 3 2 1 3 8352 8471 8472 8353
8529 3 2 1 3 8353 8472 8473 8354
8530 3 2 1 3 8354 8473 8474 8355
8531 3 2 1 3 8355 8474 8475 8356
8532 3 2 1 3 8356 8475 8476 8357
8533 3 2 1 3 8357 8476 8477 8358
8534 3 2 1 3 8358 8477 8478 8359
8535 3 2 1 3 8359 8478 8479 8360
8536 3 2 1 3 8360 8479 8480 8361
8537 3 2 1 3 8361 8480 8481 8362
8538 3 2 1 3 8362 8481 8482 8363
8539 3 2 1 3 8363 8482 8483 8364
8540 3 2 1 3 8364 8483 8484 8365
8541 3 2 1 3 8365 8484 8485 8366
8542 3 2 1 3 8366 8485 8486 8367
8543 3 2 1 3 8367 8486 8487 8368
8544 3 2 1 3 8368 8487 8488 8369
8545 3 2 1 3 8369 8488 8489 8370
8546 3 2 1 3 8370 8489 8490 8371
8547 3 2 1 3 8371 8490 8491 8372
8548 3 2 1 3 8372 8491 8492 8373
8549 3 2 1 3 8373 8492 8493 8374
8550 3 2 1 3 8374 8493 8494 8375
8551 3 2 1 3 8375 8494 8495 8376
8552 3 2 1 3 8376 8495 8496 8377
8553 3 2 1 3 8377 8496 8497 8378
8554 3 2 1 3 8378 8497 8498 8379
8555 3 2 1 3 8379 8498 8499 8380
8556 3 2 1 3 8380 8499 8500 8381
8557 3 2 1 3 8381 8500 8501 8382
8558 3 2 1 3 8382 8501 8502 8383
8559 3 2 1 3 8383 8502 8503 8384
8560 3 2 1 3 8384 8503 8504 8385
8561 3 2 1 3 8385 8504 8505 8386
8562 3 2 1 3 8386 8505 8506 8387
8563 3 2 1 3 8387 8506 8507 8388
8564 3 2 1 3 8388 8507 8508 8389
8565 3 2 1 3 8389 8508 8509 8390
8566 3 2 1 3 8390 8509 8510 8391
8567 3 2 1 3 8391 8510 8511 8392
8568 3 2 1 3 8392 8511 8512 8393
8569 3 2 1 3 8393 8512 8513 8394
8570 3 2 1 3 8394 8513 8514 8395
8571 3 2 1 3 8395 8514 8515 8396
8572 3 2 1 3 8396 8515 8516 8397
8573 3 2 1 3 8397 8516 8517 8398
8574 3 2 1 3 8398 8517 8518 8399
8575 3 2 1 3 8399 8518 8519 8400
8576 3 2 1 3 8400 8519 8520 8401
8577 3 2 1 3 8401 8520 8521 8402
8578 3 2 1 3 8402 8521 8522 8403
8579 3 2 1 3 8403 8522 8523 8404
8580 3 2 1 3 8404 8523 8524 8405
8581 3 2 1 3 8405 8524 8525 8406
8582 3 2 1 3 8406 8525 8526 8407
8583 3 2 1 3 8407 8526 8527 8408
8584 3 2 1 3 8408 8527 8528 8409
8585 3 2 1 3 8409 8528 8529 8410
8586 3 2 1 3 8410 8529 8530 8411
8587 3 2 1 3 8411 8530 8531 8412
8588 3 2 1 3 8412 8531 8532 8413
8589 3 2 1 3 8413 8532 8533 8414
8590 3 2 1 3 8414 8533 8534 8415
8591 3 2 1 3 8415 8534 8535 8416
8592 3 2 1 3 8416 8535 334 335
8593 3 2 1 3 445 446 8536 8417
8594 3 2 1 3 8417 8536 8537 8418
8595 3 2 1 3 8418 8537 8538 8419
8596 3 2 1 3 8419 8538 8539 8420
8597 3 2 1 3 8420 8539 8540 8421
8598 3 2 1 3 8421 8540 8541 8422
8599 3 2 1 3 8422 8541 8542 8423
8600 3 2 1 3 8423 8542 8543 8424
8601 3 2 1 3 8424 8543 8544 8425
8602 3 2 1 3 8425 8544 8545 8426
8603 3 2 1 3 8426 8545 8546 8427
8604 3 2 1 3 8427 8546 8547 8428
8605 3 2 1 3 8428 8547 8548 8429
8606 3 2 1 3 8429 8548 8549 8430
8607 3 2 1 3 8430 8549 8550 8431
8608 3 2 1 3 8431 8550 8551 8432
8609 3 2 1 3 8432 8551 8552 8433
8610 3 2 1 3 8433 8552 8553 8434
8611 3 2 1 3 8434 8553 8554 8435
8612 3 2 1 3 8435 8554 8555 8436
8613 3 2 1 3 8436 8555 8556 8437
8614 3 2 1 3 8437 8556 8557 8438
8615 3 2 1 3 8438 8557 8558 8439
8616 3 2 1 3 8439 8558 8559 8440
8617 3 2 1 3 8440 8559 8560 8441
8618 3 2 1 3 8441 8560 8561 8442
8619 3 2 1 3 8442 8561 8562 8443
8620 3 2 1 3 8443 8562 8563 8444
8621 3 2 1 3 8444 8563 8564 8445
8622 3 2 1 3 8445 8564 8565 8446
8623 3 2 1 3 8446 8565 8566 8447
8624 3 2 1 3 8447 8566 8567 8448
8625 3 2 1 3 8448 8567 8568 8449
8626 3 2 1 3 8449 8568 8569 8450
8627 3 2 1 3 8450 8569 8570 8451
8628 3 2 1 3 8451 8570 8571 8452
8629 3 2 1 3 8452 8571 8572 8453
8630 3 2 1 3 8453 8572 8573 8454
8631 3 2 1 3 8454 8573 8574 8455
8632 3 2 1 3 8455 8574 8575 8456
8633 3 2 1 3 8456 8575 8576 8457
8634 3 2 1 3 8457 8576 8577 8458
8635 3 2 1 3 8458 8577 8578 8459
8636 3 2 1 3 8459 8578 8579 8460
8637 3 2 1 3 8460 8579 8580 8461
8638 3 2 1 3 8461 8580 8581 8462
8639 3 2 1 3 8462 8581 8582 8463
8640 3 2 1 3 8463 8582 8583 8464
8641 3 2 1 3 8464 8583 8584 8465
8642 3 2 1 3 8465 8584 8585 8466
8643 3 2 1 3 8466 8585 8586 8467
8644 3 2 1 3 8467 8586 8587 8468
8645 3 2 1 3 8468 8587 8588 8469
8646 3 2 1 3 8469 8588 8589 8470
8647 3 2 1 3 8470 8589 8590 8471
8648 3 2 1 3 8471 8590 8591 8472
8649 3 2 1 3 8472 8591 8592 8473
8650 3 2 1 3 8473 8592 8593 8474
8651 3 2 1 3 8474 8593 8594 8475
8652 3 2 1 3 8475 8594 8595 8476
8653 3 2 1 3 8476 8595 8596 8477
8654 3 2 1 3 8477 8596 8597 8478
8655 3 2 1 3 8478 8597 8598 8479
8656 3 2 1 3 8479 8598 8599 8480
8657 3 2 1 3 8480 8599 8600 8481
8658 3 2 1 3 8481 8600 8601 8482
8659 3 2 1 3 8482 8601 8602 8483
8660 3 2 1 3 8483 8602 8603 8484
8661 3 2 1 3 8484 8603 8604 8485
8662 3 2 1 3 8485 8604 8605 8486
8663 3 2 1 3 8486 8605 8606 8487
8664 3 2 1 3 8487 8606 8607 8488
8665 3 2 1 3 8488 8607 8608 8489
8666 3 2 1 3 8489 8608 8609 8490
8667 3 2 1 3 8490 8609 8610 8491
8668 3 2 1 3 8491 8610 8611 8492
8669 3 2 1 3 8492 8611 8612 8493
8670 3 2 1 3 8493 8612 8613 8494
8671 3 2 1 3 8494 8613 8614 8495
8672 3 2 1 3 8495 8614 8615 8496
8673 3 2 1 3 8496 8615 8616 8497
8674 3 2 1 3 8497 8616 8617 8498
8675 3 2 1 3 8498 8617 8618 8499
8676 3 2 1 3 8499 8618 8619 8500
8677 3 2 1 3 8500 8619 8620 8501
8678 3 2 1 3 8501 8620 8621 8502
8679 3 2 1 3 8502 8621 8622 8503
8680 3 2 1 3 8503 8622 8623 8504
8681 3 2 1 3 8504 8623 8624 8505
8682 3 2 1 3 8505 8624 8625 8506
8683 3 2 1 3 8506 8625 8626 8507
8684 3 2 1 3 8507 8626 8627 8508
8685 3 2 1 3 8508 8627 8628 8509
8686 3 2 1 3 8509 8628 8629 8510
8687 3 2 1 3 8510 8629 8630 8511
8688 3 2 1 3 8511 8630 8631 8512
8689 3 2 1 3 8512 8631 8632 8513
8690 3 2 1 3 8513 8632 8633 8514
8691 3 2 1 3 8514 8633 8634 8515
8692 3 2 1 3 8515 8634 8635 8516
8693 3 2 1 3 8516 8635 8636 8517
8694 3 2 1 3 8517 8636 8637 8518
8695 3 2 1 3 8518 8637 8638 8519
8696 3 2 1 3 8519 8638 8639 8520
8697 3 2 1 3 8520 8639 8640 8521
8698 3 2 1 3 8521 8640 8641 8522
8699 3 2 1 3 8522 8641 8642 8523
8700 3 2 1 3 8523 8642 8643 8524
8701 3 2 1 3 8524 8643 8644 8525
8702 3 2 1 3 8525 8644 8645 8526
8703 3 2 1 3 8526 8645 8646 8527
8704 3 2 1 3 8527 8646 8647 8528
8705 3 2 1 3 8528 8647 8648 8529
8706 3 2 1 3 8529 8648 8649 8530
8707 3 2 1 3 8530 8649 8650 8531
8708 3 2 1 3 8531 8650 8651 8532
8709 3 2 1 3 8532 8651 8652 8533
8710 3 2 1 3 8533 8652 8653 8534
8711 3 2 1 3 8534 8653 8654 8535
8712 3 2 1 3 8535 8654 333 334
8713 3 2 1 3 446 447 8655 8536
8714 3 2 1 3 8536 8655 8656 8537
8715 3 2 1 3 8537 8656 8657 8538
8716 3 2 1 3 8538 8657 8658 8539
8717 3 2 1 3 8539 8658 8659 8540
8718 3 2 1 3 8540 8659 8660 8541
8719 3 2 1 3 8541 8660 8661 8542
8720 3 2 1 3 8542 8661 8662 8543
8721 3 2 1 3 8543 8662 8663 8544
8722 3 2 1 3 8544 8663 8664 8545
8723 3 2 1 3 8545 8664 8665 8546
8724 3 2 1 3 8546 8665 8666 8547
8725 3 2 1 3 8547 8666 8667 8548
8726 3 2 1 3 8548 8667 8668 8549
8727 3 2 1 3 8549 8668 8669 8550
8728 3 2 1 3 8550 8669 8670 8551
8729 3 2 1 3 8551 8670 8671 8552
8730 3 2 1 3 8552 8671 8672 8553
8731 3 2 1 3 8553 8672 8673 8554
8732 3 2 1 3 8554 8673 8674 8555
8733 3 2 1 3 8555 8674 8675 8556
8734 3 2 1 3 8556 8675 8676 8557
8735 3 2 1 3 8557 8676 8677 8558
8736 3 2 1 3 8558 8677 8678 8559
8737 3 2 1 3 8559 8678 8679 8560
8738 3 2 1 3 8560 8679 8680 8561
8739 3 2 1 3 8561 8680 8681 8562
8740 3 2 1 3 8562 8681 8682 8563
8741 3 2 1 3 8563 8682 8683 8564
8742 3 2 1 3 8564 8683 8684 8565
8743 3 2 1 3 8565 8684 8685 8566
8744 3 2 1 3 8566 8685 8686 8567
8745 3 2 1 3 8567 8686 8687 8568
8746 3 2 1 3 8568 8687 8688 8569
8747 3 2 1 3 8569 8688 8689 8570
8748 3 2 1 3 8570 8689 8690 8571
8749 3 2 1 3 8571 8690 8691 8572
8750 3 2 1 3 8572 8691 8692 8573
8751 3 2 1 3 8573 8692 8693 8574
8752 3 2 1 3 8574 8693 8694 8575
8753 3 2 1 3 8575 8694 8695 8576
8754 3 2 1 3 8576 8695 8696 8577
8755 3 2 1 3 8577 8696 8697 8578
8756 3 2 1 3 8578 8697 8698 8579
8757 3 2 1 3 8579 8698 8699 8580
8758 3 2 1 3 8580 8699 8700 8581
8759 3 2 1 3 8581 8700 8701 8582
8760 3 2 1 3 8582 8701 8702 8583
8761 3 2 1 3 8583 8702 8703 8584
8762 3 2 1 3 8584 8703 8704 8585
8763 3 2 1 3 8585 8704 8705 8586
8764 3 2 1 3 8586 8705 8706 8587
8765 3 2 1 3 8587 8706 8707 8588
8766 3 2 1 3 8588 8707 8708 8589
8767 3 2 1 3 8589 8708 8709 8590
8768 3 2 1 3 8590 8709 8710 8591
8769 3 2 1 3 8591 8710 8711 8592
8770 3 2 1 3 8592 8711 8712 8593
8771 3 2 1 3 8593 8712 8713 8594
8772 3 2 1 3 8594 8713 8714 8595
8773 3 2 1 3 8595 8714 8715 8596
8774 3 2 1 3 8596 8715 8716 8597
8775 3 2 1 3 8597 8716 8717 8598
8776 3 2 1 3 8598 8717 8718 8599
8777 3 2 1 3 8599 8718 8719 8600
8778 3 2 1 3 8600 8719 8720 8601
8779 3 2 1 3 8601 8720 8721 8602
8780 3 2 1 3 8602 8721 8722 8603
8781 3 2 1 3 8603 8722 8723 8604
8782 3 2 1 3 8604 8723 8724 8605
8783 3 2 1 3 8605 8724 8725 8606
8784 3 2 1 3 8606 8725 8726 8607
8785 3 2 1 3 8607 8726 8727 8608
8786 3 2 1 3 8608 8727 8728 8609
8787 3 2 1 3 8609 8728 8729 8610
8788 3 2 1 3 8610 8729 8730 8611
8789 3 2 1 3 8611 8730 8731 8612
8790 3 2 1 3 8612 8731 8732 8613
8791 3 2 1 3 8613 8732 8733 8614
8792 3 2 1 3 8614 8733 8734 8615
8793 3 2 1 3 8615 8734 8735 8616
8794 3 2 1 3 8616 8735 8736 8617
8795 3 2 1 3 8617 8736 8737 8618
8796 3 2 1 3 8618 8737 8738 8619
8797 3 2 1 3 8619 8738 8739 8620
8798 3 2 1 3 8620 8739 8740 8621
8799 3 2 1 3 8621 8740 8741 8622
8800 3 2 1 3 8622 8741 8742 8623
8801 3 2 1 3 8623 8742 8743 8624
8802 3 2 1 3 8624 8743 8744 8625
8803 3 2 1 3 8625 8744 8745 8626
8804 3 2 1 3 8626 8745 8746 8627
8805 3 2 1 3 8627 8746 8747 8628
8806 3 2 1 3 8628 8747 8748 8629
8807 3 2 1 3 8629 8748 8749 8630
8808 3 2 1 3 8630 8749 8750 8631
8809 3 2 1 3 8631 8750 8751 8632
8810 3 2 1 3 8632 8751 8752 8633
8811 3 2 1 3 8633 8752 8753 8634
8812 3 2 1 3 8634 8753 8754 8635
8813 3 2 1 3 8635 8754 8755 8636
8814 3 2 1 3 8636 8755 8756 8637
8815 3 2 1 3 8637 8756 8757 8638
8816 3 2 1 3 8638 8757 8758 8639
8817 3 2 1 3 8639 8758 8759 8640
8818 3 2 1 3 8640 8759 8760 8641
8819 3 2 1 3 8641 8760 8761 8642
8820 3 2 1 3 8642 8761 8762 8643
8821 3 2 1 3 8643 8762 8763 8644
8822 3 2 1 3 8644 8763 8764 8645
8823 3 2 1 3 8645 8764 8765 8646
8824 3 2 1 3 8646 8765 8766 8647
8825 3 2 1 3 8647 8766 8767 8648
8826 3 2 1 3 8648 8767 8768 8649
8827 3 2 1 3 8649 8768 8769 8650
8828 3 2 1 3 8650 8769 8770 8651
8829 3 2 1 3 8651 8770 8771 8652
8830 3 2 1 3 8652 8771 8772 8653
8831 3 2 1 3 8653 8772 8773 8654
8832 3 2 1 3 8654 8773 332 333
8833 3 2 1 3 447 448 8774 8655
8834 3 2 1 3 8655 8774 8775 8656
8835 3 2 1 3 8656 8775 8776 8657
8836 3 2 1 3 8657 8776 8777 8658
8837 3 2 1 3 8658 8777 8778 8659
8838 3 2 1 3 8659 8778 8779 8660
8839 3 2 1 3 8660 8779 8780 8661
8840 3 2 1 3 8661 8780 8781 8662
8841 3 2 1 3 8662 8781 8782 8663
8842 3 2 1 3 8663 8782 8783 8664
8843 3 2 1 3 8664 8783 8784 8665
8844 3 2 1 3 8665 8784 8785 8666
8845 3 2 1 3 8666 8785 8786 8667
8846 3 2 1 3 8667 8786 8787 8668
8847 3 2 1 3 8668 8787 8788 8669
8848 3 2 1 3 8669 8788 8789 8670
8849 3 2 1 3 8670 8789 8790 8671
8850 3 2 1 3 8671 8790 8791 8672
8851 3 2 1 3 8672 8791 8792 8673
8852 3 2 1 3 8673 8792 8793 8674
8853 3 2 1 3 8674 8793 8794 8675
8854 3 2 1 3 8675 8794 8795 8676
8855 3 2 1 3 8676 8795 8796 8677
8856 3 2 1 3 8677 8796 8797 8678
8857 3 2 1 3 8678 8797 8798 8679
8858 3 2 1 3 8679 8798 8799 8680
8859 3 2 1 3 8680 8799 8800 8681
8860 3 2 1 3 8681 8800 8801 8682
8861 3 2 1 3 8682 8801 8802 8683
8862 3 2 1 3 8683 8802 8803 8684
8863 3 2 1 3 8684 8803 8804 8685
8864 3 2 1 3 8685 8804 8805 8686
8865 3 2 1 3 8686 8805 8806 8687
8866 3 2 1 3 8687 8806 8807 8688
8867 3 2 1 3 8688 8807 8808 8689
8868 3 2 1 3 8689 8808 8809 8690
8869 3 2 1 3 8690 8809 8810 8691
8870 3 2 1 3 8691 8810 8811 8692
8871 3 2 1 3 8692 8811 8812 8693
8872 3 2 1 3 8693 8812 8813 8694
8873 3 2 1 3 8694 8813 8814 8695
8874 3 2 1 3 8695 8814 8815 8696
8875 3 2 1 3 8696 8815 8816 8697
8876 3 2 1 3 8697 8816 8817 8698
8877 3 2 1 3 8698 8817 8818 8699
8878 3 2 1 3 8699 8818 8819 8700
8879 3 2 1 3 8700 8819 8820 8701
8880 3 2 1 3 8701 8820 8821 8702
8881 3 2 1 3 8702 8821 8822 8703
8882 3 2 1 3 8703 8822 8823 8704
8883 3 2 1 3 8704 8823 8824 8705
8884 3 2 1 3 8705 8824 8825 8706
8885 3 2 1 3 8706 8825 8826 8707
8886 3 2 1 3 8707 8826 8827 8708
8887 3 2 1 3 8708 8827 8828 8709
8888 3 2 1 3 8709 8828 8829 8710
8889 3 2 1 3 8710 8829 8830 8711
8890 3 2 1 3 8711 8830 8831 8712
8891 3 2 1 3 8712 8831 8832 8713
8892 3 2 1 3 8713 8832 8833 8714
8893 3 2 1 3 8714 8833 8834 8715
8894 3 2 1 3 8715 8834 8835 8716
8895 3 2 1 3 8716 8835 8836 8717
8896 3 2 1 3 8717 8836 8837 8718
8897 3 2 1 3 8718 8837 8838 8719
8898 3 2 1 3 8719 8838 8839 8720
8899 3 2 1 3 8720 8839 8840 8721
8900 3 2 1 3 8721 8840 8841 8722
8901 3 2 1 3 8722 8841 8842 8723
8902 3 2 1 3 8723 8842 8843 8724
8903 3 2 1 3 8724 8843 8844 8725
8904 3 2 1 3 8725 8844 8845 8726
8905 3 2 1 3 8726 8845 8846 8727
8906 3 2 1 3 8727 8846 8847 8728
8907 3 2 1 3 8728 8847 8848 8729
8908 3 2 1 3 8729 8848 8849 8730
8909 3 2 1 3 8730 8849 8850 8731
8910 3 2 1 3 8731 8850 8851 8732
8911 3 2 1 3 8732 8851 8852 8733
8912 3 2 1 3 8733 8852 8853 8734
8913 3 2 1 3 8734 8853 8854 8735
8914 3 2 1 3 8735 8854 8855 8736
8915 3 2 1 3 8736 8855 8856 8737
8916 3 2 1 3 8737 8856 8857 8738
8917 3 2 1 3 8738 8857 8858 8739
8918 3 2 1 3 8739 8858 8859 8740
8919 3 2 1 3 8740 8859 8860 8741
8920 3 2 1 3 8741 8860 8861 8742
8921 3 2 1 3 8742 8861 8862 8743
8922 3 2 1 3 8743 8862 8863 8744
8923 3 2 1 3 8744 8863 8864 8745
8924 3 2 1 3 8745 8864 8865 8746
8925 3 2 1 3 8746 8865 8866 8747
8926 3 2 1 3 8747 8866 8867 8748
8927 3 2 1 3 8748 8867 8868 8749
8928 3 2 1 3 8749 8868 8869 8750
8929 3 2 1 3 8750 8869 8870 8751
8930 3 2 1 3 8751 8870 8871 8752
8931 3 2 1 3 8752 8871 8872 8753
8932 3 2 1 3 8753 8872 8873 8754
8933 3 2 1 3 8754 8873 8874 8755
8934 3 2 1 3 8755 8874 8875 8756
8935 3 2 1 3 8756 8875 8876 8757
8936 3 2 1 3 8757 8876 8877 8758
8937 3 2 1 3 8758 8877 8878 8759
8938 3 2 1 3 8759 8878 8879 8760
8939 3 2 1 3 8760 8879 8880 8761
8940 3 2 1 3 8761 8880 8881 8762
8941 3 2 1 3 8762 8881 8882 8763
8942 3 2 1 3 8763 8882 8883 8764
8943 3 2 1 3 8764 8883 8884 8765
8944 3 2 1 3 8765 8884 8885 8766
8945 3 2 1 3 8766 8885 8886 8767
8946 3 2 1 3 8767 8886 8887 8768
8947 3 2 1 3 8768 8887 8888 8769
8948 3 2 1 3 8769 8888 8889 8770
8949 3 2 1 3 8770 8889 8890 8771
8950 3 2 1 3 8771 8890 8891 8772
8951 3 2 1 3 8772 8891 8892 8773
8952 3 2 1 3 8773 8892 331 332
8953 3 2 1 3 448 449 8893 8774
8954 3 2 1 3 8774 8893 8894 8775
8955 3 2 1 3 8775 8894 8895 8776
8956 3 2 1 3 8776 8895 8896 8777
8957 3 2 1 3 8777 8896 8897 8778
8958 3 2 1 3 8778 8897 8898 8779
8959 3 2 1 3 8779 8898 8899 8780
8960 3 2 1 3 8780 8899 8900 8781
8961 3 2 1 3 8781 8900 8901 8782
8962 3 2 1 3 8782 8901 8902 8783
8963 3 2 1 3 8783 8902 8903 8784
8964 3 2 1 3 8784 8903 8904 8785
8965 3 2 1 3 8785 8904 8905 8786
8966 3 2 1 3 8786 8905 8906 8787
8967 3 2 1 3 8787 8906 8907 8788
8968 3 2 1 3 8788 8907 8908 8789
8969 3 2 1 3 8789 8908 8909 8790
8970 3 2 1 3 8790 8909 8910 8791
8971 3 2 1 3 8791 8910 8911 8792
8972 3 2 1 3 8792 8911 8912 8793
8973 3 2 1 3 8793 8912 8913 8794
8974 3 2 1 3 8794 8913 8914 8795
8975 3 2 1 3 8795 8914 8915 8796
8976 3 2 1 3 8796 8915 8916 8797
8977 3 2 1 3 8797 8916 8917 8798
8978 3 2 1 3 8798 8917 8918 8799
8979 3 2 1 3 8799 8918 8919 8800
8980 3 2 1 3 8800 8919 8920 8801
8981 3 2 1 3 8801 8920 8921 8802
8982 3 2 1 3 8802 8921 8922 8803
8983 3 2 1 3 8803 8922 8923 8804
8984 3 2 1 3 8804 8923 8924 8805
8985 3 2 1 3 8805 8924 8925 8806
8986 3 2 1 3 8806 8925 8926 8807
8987 3 2 1 3 8807 8926 8927 8808
8988 3 2 1 3 8808 8927 8928 8809
8989 3 2 1 3 8809 8928 8929 8810
8990 3 2 1 3 8810 8929 8930 8811
8991 3 2 1 3 8811 8930 8931 8812
8992 3 2 1 3 8812 8931 8932 8813
8993 3 2 1 3 8813 8932 8933 8814
8994 3 2 1 3 8814 8933 8934 8815
8995 3 2 1 3 8815 8934 8935 8816
8996 3 2 1 3 8816 8935 8936 8817
8997 3 2 1 3 8817 8936 8937 8818
8998 3 2 1 3 8818 8937 8938 8819
8999 3 2 1 3 8819 8938 8939 8820
9000 3 2 1 3 8820 8939 8940 8821
9001 3 2 1 3 8821 8940 8941 8822
9002 3 2 1 3 8822 8941 8942 8823
9003 3 2 1 3 8823 8942 8943 8824
9004 3 2 1 3 8824 8943 8944 8825
9005 3 2 1 3 8825 8944 8945 8826
9006 3 2 1 3 8826 8945 8946 8827
9007 3 2 1 3 8827 8946 8947 8828
9008 3 2 1 3 8828 8947 8948 8829
9009 3 2 1 3 8829 8948 8949 8830
9010 3 2 1 3 8830 8949 8950 8831
9011 3 2 1 3 8831 8950 8951 8832
9012 3 2 1 3 8832 8951 8952 8833
9013 3 2 1 3 8833 8952 8953 8834
9014 3 2 1 3 8834 8953 8954 8835
9015 3 2 1 3 8835 8954 8955 8836
9016 3 2 1 3 8836 8955 8956 8837
9017 3 2 1 3 8837 8956 8957 8838
9018 3 2 1 3 8838 8957 8958 8839
9019 3 2 1 3 8839 8958 8959 8840
9020 3 2 1 3 8840 8959 8960 8841
9021 3 2 1 3 8841 8960 8961 8842
9022 3 2 1 3 8842 8961 8962 8843
9023 3 2 1 3 8843 8962 8963 8844
9024 3 2 1 3 8844 8963 8964 8845
9025 3 2 1 3 8845 8964 8965 8846
9026 3 2 1 3 8846 8965 8966 8847
9027 3 2 1 3 8847 8966 8967 8848
9028 3 2 1 3 8848 8967 8968 8849
9029 3 2 1 3 8849 8968 8969 8850
9030 3 2 1 3 8850 8969 8970 8851
9031 3 2 1 3 8851 8970 8971 8852
9032 3 2 1 3 8852 8971 8972 8853
9033 3 2 1 3 8853 8972 8973 8854
9034 3 2 1 3 8854 8973 8974 8855
9035 3 2 1 3 8855 8974 8975 8856
9036 3 2 1 3 8856 8975 8976 8857
9037 3 2 1 3 8857 8976 8977 8858
9038 3 2 1 3 8858 8977 8978 8859
9039 3 2 1 3 8859 8978 8979 8860
9040 3 2 1 3 8860 8979 8980 8861
9041 3 2 1 3 8861 8980 8981 8862
9042 3 2 1 3 8862 8981 8982 8863
9043 3 2 1 3 8863 8982 8983 8864
9044 3 2 1 3 8864 8983 8984 8865
9045 3 2 1 3 8865 8984 8985 8866
9046 3 2 1 3 8866 8985 8986 8867
9047 3 2 1 3 8867 8986 8987 8868
9048 3 2 1 3 8868 8987 8988 8869
9049 3 2 1 3 8869 8988 8989 8870
9050 3 2 1 3 8870 8989 8990 8871
9051 3 2 1 3 8871 8990 8991 8872
9052 3 2 1 3 8872 8991 8992 8873
9053 3 2 1 3 8873 8992 8993 8874
9054 3 2 1 3 8874 8993 8994 8875
9055 3 2 1 3 8875 8994 8995 8876
9056 3 2 1 3 8876 8995 8996 8877
9057 3 2 1 3 8877 8996 8997 8878
9058 3 2 1 3 8878 8997 8998 8879
9059 3 2 1 3 8879 8998 8999 8880
9060 3 2 1 3 8880 8999 9000 8881
9061 3 2 1 3 8881 9000 9001 8882
9062 3 2 1 3 8882 9001 9002 8883
9063 3 2 1 3 8883 9002 9003 8884
9064 3 2 1 3 8884 9003 9004 8885
9065 3 2 1 3 8885 9004 9005 8886
9066 3 2 1 3 8886 9005 9006 8887
9067 3 2 1 3 8887 9006 9007 8888
9068 3 2 1 3 8888 9007 9008 8889
9069 3 2 1 3 8889 9008 9009 8890
9070 3 2 1 3 8890 9009 9010 8891
9071 3 2 1 3 8891 9010 9011 8892
9072 3 2 1 3 8892 9011 330 331
9073 3 2 1 3 449 450 9012 8893
9074 3 2 1 3 8893 9012 9013 8894
9075 3 2 1 3 8894 9013 9014 8895
9076 3 2 1 3 8895 9014 9015 8896
9077 3 2 1 3 8896 9015 9016 8897
9078 3 2 1 3 8897 9016 9017 8898
9079 3 2 1 3 8898 9017 9018 8899
9080 3 2 1 3 8899 9018 9019 8900
9081 3 2 1 3 8900 9019 9020 8901
9082 3 2 1 3 8901 9020 9021 8902
9083 3 2 1 3 8902 9021 9022 8903
9084 3 2 1 3 8903 9022 9023 8904
9085 3 2 1 3 8904 9023 9024 8905
9086 3 2 1 3 8905 9024 9025 8906
9087 3 2 1 3 8906 9025 9026 8907
9088 3 2 1 3 8907 9026 9027 8908
9089 3 2 1 3 8908 9027 9028 8909
9090 3 2 1 3 8909 9028 9029 8910
9091 3 2 1 3 8910 9029 9030 8911
9092 3 2 1 3 8911 9030 9031 8912
9093 3 2 1 3 8912 9031 9032 8913
9094 3 2 1 3 8913 9032 9033 8914
9095 3 2 1 3 8914 9033 9034 8915
9096 3 2 1 3 8915 9034 9035 8916
9097 3 2 1 3 8916 9035 9036 8917
9098 3 2 1 3 8917 9036 9037 8918
9099 3 2 1 3 8918 9037 9038 8919
9100 3 2 1 3 8919 9038 9039 8920
9101 3 2 1 3 8920 9039 9040 8921
9102 3 2 1 3 8921 9040 9041 8922
9103 3 2 1 3 8922 9041 9042 8923
9104 3 2 1 3 8923 9042 9043 8924
9105 3 2 1 3 8924 9043 9044 8925
9106 3 2 1 3 8925 9044 9045 8926
9107 3 2 1 3 8926 9045 9046 8927
9108 3 2 1 3 8927 9046 9047 8928
9109 3 2 1 3 8928 9047 9048 8929
9110 3 2 1 3 8929 9048 9049 8930
9111 3 2 1 3 8930 9049 9050 8931
9112 3 2 1 3 8931 9050 9051 8932
9113 3 2 1 3 8932 9051 9052 8933
9114 3 2 1 3 8933 9052 9053 8934
9115 3 2 1 3 8934 9053 9054 8935
9116 3 2 1 3 8935 9054 9055 8936
9117 3 2 1 3 8936 9055 9056 8937
9118 3 2 1 3 8937 9056 9057 8938
9119 3 2 1 3 8938 9057 9058 8939
9120 3 2 1 3 8939 9058 9059 8940
9121 3 2 1 3 8940 9059 9060 8941
9122 3 2 1 3 8941 9060 9061 8942
9123 3 2 1 3 8942 9061 9062 8943
9124 3 2 1 3 8943 9062 9063 8944
9125 3 2 1 3 8944 9063 9064 8945
9126 3 2 1 3 8945 9064 9065 8946
9127 3 2 1 3 8946 9065 9066 8947
9128 3 2 1 3 8947 9066 9067 8948
9129 3 2 1 3 8948 9067 9068 8949
9130 3 2 1 3 8949 9068 9069 8950
9131 3 2 1 3 8950 9069 9070 8951
9132 3 2 1 3 8951 9070 9071 8952
9133 3 2 1 3 8952 9071 9072 8953
9134 3 2 1 3 8953 9072 9073 8954
9135 3 2 1 3 8954 9073 9074 8955
9136 3 2 1 3 8955 9074 9075 8956
9137 3 2 1 3 8956 9075 9076 8957
9138 3 2 1 3 8957 9076 9077 8958
9139 3 2 1 3 8958 9077 9078 8959
9140 3 2 1 3 8959 9078 9079 8960
9141 3 2 1 3 8960 9079 9080 8961
9142 3 2 1 3 8961 9080 9081 8962
9143 3 2 1 3 8962 9081 9082 8963
9144 3 2 1 3 8963 9082 9083 8964
9145 3 2 1 3 8964 9083 9084 8965
9146 3 2 1 3 8965 9084 9085 8966
9147 3 2 1 3 8966 9085 9086 8967
9148 3 2 1 3 8967 9086 9087 8968
9149 3 2 1 3 8968 9087 9088 8969
9150 3 2 1 3 8969 9088 9089 8970
9151 3 2 1 3 8970 9089 9090 8971
9152 3 2 1 3 8971 9090 9091 8972
9153 3 2 1 3 8972 9091 9092 8973
9154 3 2 1 3 8973 9092 9093 8974
9155 3 2 1 3 8974 9093 9094 8975
9156 3 2 1 3 8975 9094 9095 8976
9157 3 2 1 3 8976 9095 9096 8977
9158 3 2 1 3 8977 9096 9097 8978
9159 3 2 1 3 8978 9097 9098 8979
9160 3 2 1 3 8979 9098 9099 8980
9161 3 2 1 3 8980 9099 9100 8981
9162 3 2 1 3 8981 9100 9101 8982
9163 3 2 1 3 8982 9101 9102 8983
9164 3 2 1 3 8983 9102 9103 8984
9165 3 2 1 3 8984 9103 9104 8985
9166 3 2 1 3 8985 9104 9105 8986
9167 3 2 1 3 8986 9105 9106 8987
9168 3 2 1 3 8987 9106 9107 8988
9169 3 2 1 3 8988 9107 9108 8989
9170 3 2 1 3 8989 9108 9109 8990
9171 3 2 1 3 8990 9109 9110 8991
9172 3 2 1 3 8991 9110 9111 8992
9173 3 2 1 3 8992 9111 9112 8993
9174 3 2 1 3 8993 9112 9113 8994
9175 3 2 1 3 8994 9113 9114 8995
9176 3 2 1 3 8995 9114 9115 8996
9177 3 2 1 3 8996 9115 9116 8997
9178 3 2 1 3 8997 9116 9117 8998
9179 3 2 1 3 8998 9117 9118 8999
9180 3 2 1 3 8999 9118 9119 9000
9181 3 2 1 3 9000 9119 9120 9001
9182 3 2 1 3 9001 9120 9121 9002
9183 3 2 1 3 9002 9121 9122 9003
9184 3 2 1 3 9003 9122 9123 9004
9185 3 2 1 3 9004 9123 9124 9005
9186 3 2 1 3 9005 9124 9125 9006
9187 3 2 1 3 9006 9125 9126 9007
9188 3 2 1 3 9007 9126 9127 9008
9189 3 2 1 3 9008 9127 9128 9009
9190 3 2 1 3 9009 9128 9129 9010
9191 3 2 1 3 9010 9129 9130 9011
9192 3 2 1 3 9011 9130 329 330
9193 3 2 1 3 450 451 9131 9012
9194 3 2 1 3 9012 9131 9132 9013
9195 3 2 1 3 9013 9132 9133 9014
9196 3 2 1 3 9014 9133 9134 9015
9197 3 2 1 3 9015 9134 9135 9016
9198 3 2 1 3 9016 9135 9136 9017
9199 3 2 1 3 9017 9136 9137 9018
9200 3 2 1 3 9018 9137 9138 9019
9201 3 2 1 3 9019 9138 9139 9020
9202 3 2 1 3 9020 9139 9140 9021
9203 3 2 1 3 9021 9140 9141 9022
9204 3 2 1 3 9022 9141 9142 9023
9205 3 2 1 3 9023 9142 9143 9024
9206 3 2 1 3 9024 9143 9144 9025
9207 3 2 1 3 9025 9144 9145 9026
9208 3 2 1 3 9026 9145 9146 9027
9209 3 2 1 3 9027 9146 9147 9028
9210 3 2 1 3 9028 9147 9148 9029
9211 3 2 1 3 9029 9148 9149 9030
9212 3 2 1 3 9030 9149 9150 9031
9213 3 2 1 3 9031 9150 9151 9032
9214 3 2 1 3 9032 9151 9152 9033
9215 3 2 1 3 9033 9152 9153 9034
9216 3 2 1 3 9034 9153 9154 9035
9217 3 2 1 3 9035 9154 9155 9036
9218 3 2 1 3 9036 9155 9156 9037
9219 3 2 1 3 9037 9156 9157 9038
9220 3 2 1 3 9038 9157 9158 9039
9221 3 2 1 3 9039 9158 9159 9040
9222 3 2 1 3 9040 9159 9160 9041
9223 3 2 1 3 9041 9160 9161 9042
9224 3 2 1 3 9042 9161 9162 9043
9225 3 2 1 3 9043 9162 9163 9044
9226 3 2 1 3 9044 9163 9164 9045
9227 3 2 1 3 9045 9164 9165 9046
9228 3 2 1 3 9046 9165 9166 9047
9229 3 2 1 3 9047 9166 9167 9048
9230 3 2 1 3 9048 9167 9168 9049
9231 3 2 1 3 9049 9168 9169 9050
9232 3 2 1 3 9050 9169 9170 9051
9233 3 2 1 3 9051 9170 9171 9052
9234 3 2 1 3 9052 9171 9172 9053
9235 3 2 1 3 9053 9172 9173 9054
9236 3 2 1 3 9054 9173 9174 9055
9237 3 2 1 3 9055 9174 9175 9056
9238 3 2 1 3 9056 9175 9176 9057
9239 3 2 1 3 9057 9176 9177 9058
9240 3 2 1 3 9058 9177 9178 9059
9241 3 2 1 3 9059 9178 9179 9060
9242 3 2 1 3 9060 9179 9180 9061
9243 3 2 1 3 9061 9180 9181 9062
9244 3 2 1 3 9062 9181 9182 9063
9245 3 2 1 3 9063 9182 9183 9064
9246 3 2 1 3 9064 9183 9184 9065
9247 3 2 1 3 9065 9184 9185 9066
9248 3 2 1 3 9066 9185 9186 9067
9249 3 2 1 3 9067 9186 9187 9068
9250 3 2 1 3 9068 9187 9188 9069
9251 3 2 1 3 9069 9188 9189 9070
9252 3 2 1 3 9070 9189 9190 9071
9253 3 2 1 3 9071 9190 9191 9072
9254 3 2 1 3 9072 9191 9192 9073
9255 3 2 1 3 9073 9192 9193 9074
9256 3 2 1 3 9074 9193 9194 9075
9257 3 2 1 3 9075 9194 9195 9076
9258 3 2 1 3 9076 9195 9196 9077
9259 3 2 1 3 9077 9196 9197 9078
9260 3 2 1 3 9078 9197 9198 9079
9261 3 2 1 3 9079 9198 9199 9080
9262 3 2 1 3 9080 9199 9200 9081
9263 3 2 1 3 9081 9200 9201 9082
9264 3 2 1 3 9082 9201 9202 9083
9265 3 2 1 3 9083 9202 9203 9084
9266 3 2 1 3 9084 9203 9204 9085
9267 3 2 1 3 9085 9204 9205 9086
9268 3 2 1 3 9086 9205 9206 9087
9269 3 2 1 3 9087 9206 9207 9088
9270 3 2 1 3 9088 9207 9208 9089
9271 3 2 1 3 9089 9208 9209 9090
9272 3 2 1 3 9090 9209 9210 9091
9273 3 2 1 3 9091 9210 9211 9092
9274 3 2 1 3 9092 9211 9212 9093
9275 3 2 1 3 9093 9212 9213 9094
9276 3 2 1 3 9094 9213 9214 9095
9277 3 2 1 3 9095 9214 9215 9096
9278 3 2 1 3 9096 9215 9216 9097
9279 3 2 1 3 9097 9216 9217 9098
9280 3 2 1 3 9098 9217 9218 9099
9281 3 2 1 3 9099 9218 9219 9100
9282 3 2 1 3 9100 9219 9220 9101
9283 3 2 1 3 9101 9220 9221 9102
9284 3 2 1 3 9102 9221 9222 9103
9285 3 2 1 3 9103 9222 9223 9104
9286 3 2 1 3 9104 9223 9224 9105
9287 3 2 1 3 9105 9224 9225 9106
9288 3 2 1 3 9106 9225 9226 9107
9289 3 2 1 3 9107 9226 9227 9108
9290 3 2 1 3 9108 9227 9228 9109
9291 3 2 1 3 9109 9228 9229 9110
9292 3 2 1 3 9110 9229 9230 9111
9293 3 2 1 3 9111 9230 9231 9112
9294 3 2 1 3 9112 9231 9232 9113
9295 3 2 1 3 9113 9232 9233 9114
9296 3 2 1 3 9114 9233 9234 9115
9297 3 2 1 3 9115 9234 9235 9116
9298 3 2 1 3 9116 9235 9236 9117
9299 3 2 1 3 9117 9236 9237 9118
9300 3 2 1 3 9118 9237 9238 9119
9301 3 2 1 3 9119 9238 9239 9120
9302 3 2 1 3 9120 9239 9240 9121
9303 3 2 1 3 9121 9240 9241 9122
9304 3 2 1 3 9122 9241 9242 9123
9305 3 2 1 3 9123 9242 9243 9124
9306 3 2 1 3 9124 9243 9244 9125
9307 3 2 1 3 9125 9244 9245 9126
9308 3 2 1 3 9126 9245 9246 9127
9309 3 2 1 3 9127 9246 9247 9128
9310 3 2 1 3 9128 9247 9248 9129
9311 3 2 1 3 9129 9248 9249 9130
9312 3 2 1 3 9130 9249 328 329
9313 3 2 1 3 451 452 9250 9131
9314 3 2 1 3 9131 9250 9251 9132
9315 3 2 1 3 9132 9251 9252 9133
9316 3 2 1 3 9133 9252 9253 9134
9317 3 2 1 3 9134 9253 9254 9135
9318 3 2 1 3 9135 9254 9255 9136
9319 3 2 1 3 9136 9255 9256 9137
9320 3 2 1 3 9137 9256 9257 9138
9321 3 2 1 3 9138 9257 9258 9139
9322 3 2 1 3 9139 9258 9259 9140
9323 3 2 1 3 9140 9259 9260 9141
9324 3 2 1 3 9141 9260 9261 9142
9325 3 2 1 3 9142 9261 9262 9143
9326 3 2 1 3 9143 9262 9263 9144
9327 3 2 1 3 9144 9263 9264 9145
9328 3 2 1 3 9145 9264 9265 9146
9329 3 2 1 3 9146 9265 9266 9147
9330 3 2 1 3 9147 9266 9267 9148
9331 3 2 1 3 9148 9267 9268 9149
9332 3 2 1 3 9149 9268 9269 9150
9333 3 2 1 3 9150 9269 9270 9151
9334 3 2 1 3 9151 9270 9271 9152
9335 3 2 1 3 9152 9271 9272 9153
9336 3 2 1 3 9153 9272 9273 9154
9337 3 2 1 3 9154 9273 9274 9155
9338 3 2 1 3 9155 9274 9275 9156
9339 3 2 1 3 9156 9275 9276 9157
9340 3 2 1 3 9157 9276 9277 9158
9341 3 2 1 3 9158 9277 9278 9159
9342 3 2 1 3 9159 9278 9279 9160
9343 3 2 1 3 9160 9279 9280 9161
9344 3 2 1 3 9161 9280 9281 9162
9345 3 2 1 3 9162 9281 9282 9163
9346 3 2 1 3 9163 9282 9283 9164
9347 3 2 1 3 9164 9283 9284 9165
9348 3 2 1 3 9165 9284 9285 9166
9349 3 2 1 3 9166 9285 9286 9167
9350 3 2 1 3 9167 9286 9287 9168
9351 3 2 1 3 9168 9287 9288 9169
9352 3 2 1 3 9169 9288 9289 9170
9353 3 2 1 3 9170 9289 9290 9171
9354 3 2 1 3 9171 9290 9291 9172
9355 3 2 1 3 9172 9291 9292 9173
9356 3 2 1 3 9173 9292 9293 9174
9357 3 2 1 3 9174 9293 9294 9175
9358 3 2 1 3 9175 9294 9295 9176
9359 3 2 1 3 9176 9295 9296 9177
9360 3 2 1 3 9177 9296 9297 9178
9361 3 2 1 3 9178 9297 9298 9179
9362 3 2 1 3 9179 9298 9299 9180
9363 3 2 1 3 9180 9299 9300 9181
9364 3 2 1 3 9181 9300 9301 9182
9365 3 2 1 3 9182 9301 9302 9183
9366 3 2 1 3 9183 9302 9303 9184
9367 3 2 1 3 9184 9303 9304 9185
9368 3 2 1 3 9185 9304 9305 9186
9369 3 2 1 3 9186 9305 9306 9187
9370 3 2 1 3 9187 9306 9307 9188
9371 3 2 1 3 9188 9307 9308 9189
9372 3 2 1 3 9189 9308 9309 9190
9373 3 2 1 3 9190 9309 9310 9191
9374 3 2 1 3 9191 9310 9311 9192
9375 3 2 1 3 9192 9311 9312 9193
9376 3 2 1 3 9193 9312 9313 9194
9377 3 2 1 3 9194 9313 9314 9195
9378 3 2 1 3 9195 9314 9315 9196
9379 3 2 1 3 9196 9315 9316 9197
9380 3 2 1 3 9197 9316 9317 9198
9381 3 2 1 3 9198 9317 9318 9199
9382 3 2 1 3 9199 9318 9319 9200
9383 3 2 1 3 9200 9319 9320 9201
9384 3 2 1 3 9201 9320 9321 9202
9385 3 2 1 3 9202 9321 9322 9203
9386 3 2 1 3 9203 9322 9323 9204
9387 3 2 1 3 9204 9323 9324 9205
9388 3 2 1 3 9205 9324 9325 9206
9389 3 2 1 3 9206 9325 9326 9207
9390 3 2 1 3 9207 9326 9327 9208
9391 3 2 1 3 9208 9327 9328 9209
9392 3 2 1 3 9209 9328 9329 9210
9393 3 2 1 3 9210 9329 9330 9211
9394 3 2 1 3 9211 9330 9331 9212
9395 3 2 1 3 9212 9331 9332 9213
9396 3 2 1 3 9213 9332 9333 9214
9397 3 2 1 3 9214 9333 9334 9215
9398 3 2 1 3 9215 9334 9335 9216
9399 3 2 1 3 9216 9335 9336 9217
9400 3 2 1 3 9217 9336 9337 9218
9401 3 2 1 3 9218 9337 9338 9219
9402 3 2 1 3 9219 9338 9339 9220
9403 3 2 1 3 9220 9339 9340 9221
9404 3 2 1 3 9221 9340 9341 9222
9405 3 2 1 3 9222 9341 9342 9223
9406 3 2 1 3 9223 9342 9343 9224
9407 3 2 1 3 9224 9343 9344 9225
9408 3 2 1 3 9225 9344 9345 9226
9409 3 2 1 3 9226 9345 9346 9227
9410 3 2 1 3 9227 9346 9347 9228
9411 3 2 1 3 9228 9347 9348 9229
9412 3 2 1 3 9229 9348 9349 9230
9413 3 2 1 3 9230 9349 9350 9231
9414 3 2 1 3 9231 9350 9351 9232
9415 3 2 1 3 9232 9351 9352 9233
9416 3 2 1 3 9233 9352 9353 9234
9417 3 2 1 3 9234 9353 9354 9235
9418 3 2 1 3 9235 9354 9355 9236
9419 3 2 1 3 9236 9355 9356 9237
9420 3 2 1 3 9237 9356 9357 9238
9421 3 2 1 3 9238 9357 9358 9239
9422 3 2 1 3 9239 9358 9359 9240
9423 3 2 1 3 9240 9359 9360 9241
9424 3 2 1 3 9241 9360 9361 9242
9425 3 2 1 3 9242 9361 9362 9243
9426 3 2 1 3 9243 9362 9363 9244
9427 3 2 1 3 9244 9363 9364 9245
9428 3 2 1 3 9245 9364 9365 9246
9429 3 2 1 3 9246 9365 9366 9247
9430 3 2 1 3 9247 9366 9367 9248
9431 3 2 1 3 9248 9367 9368 9249
9432 3 2 1 3 9249 9368 327 328
9433 3 2 1 3 452 453 9369 9250
9434 3 2 1 3 9250 9369 9370 9251
9435 3 2 1 3 9251 9370 9371 9252
9436 3 2 1 3 9252 9371 9372 9253
9437 3 2 1 3 9253 9372 9373 9254
9438 3 2 1 3 9254 9373 9374 9255
9439 3 2 1 3 9255 9374 9375 9256
9440 3 2 1 3 9256 9375 9376 9257
9441 3 2 1 3 9257 9376 9377 9258
9442 3 2 1 3 9258 9377 9378 9259
9443 3 2 1 3 9259 9378 9379 9260
9444 3 2 1 3 9260 9379 9380 9261
9445 3 2 1 3 9261 9380 9381 9262
9446 3 2 1 3 9262 9381 9382 9263
9447 3 2 1 3 9263 9382 9383 9264
9448 3 2 1 3 9264 9383 9384 9265
9449 3 2 1 3 9265 9384 9385 9266
9450 3 2 1 3 9266 9385 9386 9267
9451 3 2 1 3 9267 9386 9387 9268
9452 3 2 1 3 9268 9387 9388 9269
9453 3 2 1 3 9269 9388 9389 9270
9454 3 2 1 3 9270 9389 9390 9271
9455 3 2 1 3 9271 9390 9391 9272
9456 3 2 1 3 9272 9391 9392 9273
9457 3 2 1 3 9273 9392 9393 9274
9458 3 2 1 3 9274 9393 9394 9275
9459 3 2 1 3 9275 9394 9395 9276
9460 3 2 1 3 9276 9395 9396 9277
9461 3 2 1 3 9277 9396 9397 9278
9462 3 2 1 3 9278 9397 9398 9279
9463 3 2 1 3 9279 9398 9399 9280
9464 3 2 1 3 9280 9399 9400 9281
9465 3 2 1 3 9281 9400 9401 9282
9466 3 2 1 3 9282 9401 9402 9283
9467 3 2 1 3 9283 9402 9403 9284
9468 3 2 1 3 9284 9403 9404 9285
9469 3 2 1 3 9285 9404 9405 9286
9470 3 2 1 3 9286 9405 9406 9287
9471 3 2 1 3 9287 9406 9407 9288
9472 3 2 1 3 9288 9407 9408 9289
9473 3 2 1 3 9289 9408 9409 9290
9474 3 2 1 3 9290 9409 9410 9291
9475 3 2 1 3 9291 9410 9411 9292
9476 3 2 1 3 9292 9411 9412 9293
9477 3 2 1 3 9293 9412 9413 9294
9478 3 2 1 3 9294 9413 9414 9295
9479 3 2 1 3 9295 9414 9415 9296
9480 3 2 1 3 9296 9415 9416 9297
9481 3 2 1 3 9297 9416 9417 9298
9482 3 2 1 3 9298 9417 9418 9299
9483 3 2 1 3 9299 9418 9419 9300
9484 3 2 1 3 9300 9419 9420 9301
9485 3 2 1 3 9301 9420 9421 9302
9486 3 2 1 3 9302 9421 9422 9303
9487 3 2 1 3 9303 9422 9423 9304
9488 3 2 1 3 9304 9423 9424 9305
9489 3 2 1 3 9305 9424 9425 9306
9490 3 2 1 3 9306 9425 9426 9307
9491 3 2 1 3 9307 9426 9427 9308
9492 3 2 1 3 9308 9427 9428 9309
9493 3 2 1 3 9309 9428 9429 9310
9494 3 2 1 3 9310 9429 9430 9311
9495 3 2 1 3 9311 9430 9431 9312
9496 3 2 1 3 9312 9431 9432 9313
9497 3 2 1 3 9313 9432 9433 9314
9498 3 2 1 3 9314 9433 9434 9315
9499 3 2 1 3 9315 9434 9435 9316
9500 3 2 1 3 9316 9435 9436 9317
9501 3 2 1 3 9317 9436 9437 9318
9502 3 2 1 3 9318 9437 9438 9319
9503 3 2 1 3 9319 9438 9439 9320
9504 3 2 1 3 9320 9439 9440 9321
9505 3 2 1 3 9321 9440 9441 9322
9506 3 2 1 3 9322 9441 9442 9323
9507 3 2 1 3 9323 9442 9443 9324
9508 3 2 1 3 9324 9443 9444 9325
9509 3 2 1 3 9325 9444 9445 9326
9510 3 2 1 3 9326 9445 9446 9327
9511 3 2 1 3 9327 9446 9447 9328
9512 3 2 1 3 9328 9447 9448 9329
9513 3 2 1 3 9329 9448 9449 9330
9514 3 2 1 3 9330 9449 9450 9331
9515 3 2 1 3 9331 9450 9451 9332
9516 3 2 1 3 9332 9451 9452 9333
9517 3 2 1 3 9333 9452 9453 9334
9518 3 2 1 3 9334 9453 9454 9335
9519 3 2 1 3 9335 9454 9455 9336
9520 3 2 1 3 9336 9455 9456 9337
9521 3 2 1 3 9337 9456 9457 9338
9522 3 2 1 3 9338 9457 9458 9339
9523 3 2 1 3 9339 9458 9459 9340
9524 3 2 1 3 9340 9459 9460 9341
9525 3 2 1 3 9341 9460 9461 9342
9526 3 2 1 3 9342 9461 9462 9343
9527 3 2 1 3 9343 9462 9463 9344
9528 3 2 1 3 9344 9463 9464 9345
9529 3 2 1 3 9345 9464 9465 9346
9530 3 2 1 3 9346 9465 9466 9347
9531 3 2 1 3 9347 9466 9467 9348
9532 3 2 1 3 9348 9467 9468 9349
9533 3 2 1 3 9349 9468 9469 9350
9534 3 2 1 3 9350 9469 9470 9351
9535 3 2 1 3 9351 9470 9471 9352
9536 3 2 1 3 9352 9471 9472 9353
9537 3 2 1 3 9353 9472 9473 9354
9538 3 2 1 3 9354 9473 9474 9355
9539 3 2 1 3 9355 9474 9475 9356
9540 3 2 1 3 9356 9475 9476 9357
9541 3 2 1 3 9357 9476 9477 9358
9542 3 2 1 3 9358 9477 9478 9359
9543 3 2 1 3 9359 9478 9479 9360
9544 3 2 1 3 9360 9479 9480 9361
9545 3 2 1 3 9361 9480 9481 9362
9546 3 2 1 3 9362 9481 9482 9363
9547 3 2 1 3 9363 9482 9483 9364
9548 3 2 1 3 9364 9483 9484 9365
9549 3 2 1 3 9365 9484 9485 9366
9550 3 2 1 3 9366 9485 9486 9367
9551 3 2 1 3 9367 9486 9487 9368
9552 3 2 1 3 9368 9487 326 327
9553 3 2 1 3 453 454 9488 9369
9554 3 2 1 3 9369 9488 9489 9370
9555 3 2 1 3 9370 9489 9490 9371
9556 3 2 1 3 9371 9490 9491 9372
9557 3 2 1 3 9372 9491 9492 9373
9558 3 2 1 3 9373 9492 9493 9374
9559 3 2 1 3 9374 9493 9494 9375
9560 3 2 1 3 9375 9494 9495 9376
9561 3 2 1 3 9376 9495 9496 9377
9562 3 2 1 3 9377 9496 9497 9378
9563 3 2 1 3 9378 9497 9498 9379
9564 3 2 1 3 9379 9498 9499 9380
9565 3 2 1 3 9380 9499 9500 9381
9566 3 2 1 3 9381 9500 9501 9382
9567 3 2 1 3 9382 9501 9502 9383
9568 3 2 1 3 9383 9502 9503 9384
9569 3 2 1 3 9384 9503 9504 9385
9570 3 2 1 3 9385 9504 9505 9386
9571 3 2 1 3 9386 9505 9506 9387
9572 3 2 1 3 9387 9506 9507 9388
9573 3 2 1 3 9388 9507 9508 9389
9574 3 2 1 3 9389 9508 9509 9390
9575 3 2 1 3 9390 9509 9510 9391
9576 3 2 1 3 9391 9510 9511 9392
9577 3 2 1 3 9392 9511 9512 9393
9578 3 2 1 3 9393 9512 9513 9394
9579 3 2 1 3 9394 9513 9514 9395
9580 3 2 1 3 9395 9514 9515 9396
9581 3 2 1 3 9396 9515 9516 9397
9582 3 2 1 3 9397 9516 9517 9398
9583 3 2 1 3 9398 9517 9518 9399
9584 3 2 1 3 9399 9518 9519 9400
9585 3 2 1 3 9400 9519 9520 9401
9586 3 2 1 3 9401 9520 9521 9402
9587 3 2 1 3 9402 9521 9522 9403
9588 3 2 1 3 9403 9522 9523 9404
9589 3 2 1 3 9404 9523 9524 9405
9590 3 2 1 3 9405 9524 9525 9406
9591 3 2 1 3 9406 9525 9526 9407
9592 3 2 1 3 9407 9526 9527 9408
9593 3 2 1 3 9408 9527 9528 9409
9594 3 2 1 3 9409 9528 9529 9410
9595 3 2 1 3 9410 9529 9530 9411
9596 3 2 1 3 9411 9530 9531 9412
9597 3 2 1 3 9412 9531 9532 9413
9598 3 2 1 3 9413 9532 9533 9414
9599 3 2 1 3 9414 9533 9534 9415
9600 3 2 1 3 9415 9534 9535 9416
9601 3 2 1 3 9416 9535 9536 9417
9602 3 2 1 3 9417 9536 9537 9418
9603 3 2 1 3 9418 9537 9538 9419
9604 3 2 1 3 9419 9538 9539 9420
9605 3 2 1 3 9420 9539 9540 9421
9606 3 2 1 3 9421 9540 9541 9422
9607 3 2 1 3 9422 9541 9542 9423
9608 3 2 1 3 9423 9542 9543 9424
9609 3 2 1 3 9424 9543 9544 9425
9610 3 2 1 3 9425 9544 9545 9426
9611 3 2 1 3 9426 9545 9546 9427
9612 3 2 1 3 9427 9546 9547 9428
9613 3 2 1 3 9428 9547 9548 9429
9614 3 2 1 3 9429 9548 9549 9430
9615 3 2 1 3 9430 9549 9550 9431
9616 3 2 1 3 9431 9550 9551 9432
9617 3 2 1 3 9432 9551 9552 9433
9618 3 2 1 3 9433 9552 9553 9434
9619 3 2 1 3 9434 9553 9554 9435
9620 3 2 1 3 9435 9554 9555 9436
9621 3 2 1 3 9436 9555 9556 9437
9622 3 2 1 3 9437 9556 9557 9438
9623 3 2 1 3 9438 9557 9558 9439
9624 3 2 1 3 9439 9558 9559 9440
9625 3 2 1 3 9440 9559 9560 9441
9626 3 2 1 3 9441 9560 9561 9442
9627 3 2 1 3 9442 9561 9562 9443
9628 3 2 1 3 9443 9562 9563 9444
9629 3 2 1 3 9444 9563 9564 9445
9630 3 2 1 3 9445 9564 9565 9446
9631 3 2 1 3 9446 9565 9566 9447
9632 3 2 1 3 9447 9566 9567 9448
9633 3 2 1 3 9448 9567 9568 9449
9634 3 2 1 3 9449 9568 9569 9450
9635 3 2 1 3 9450 9569 9570 9451
9636 3 2 1 3 9451 9570 9571 9452
9637 3 2 1 3 9452 9571 9572 9453
9638 3 2 1 3 9453 9572 9573 9454
9639 3 2 1 3 9454 9573 9574 9455
9640 3 2 1 3 9455 9574 9575 9456
9641 3 2 1 3 9456 9575 9576 9457
9642 3 2 1 3 9457 9576 9577 9458
9643 3 2 1 3 9458 9577 9578 9459
9644 3 2 1 3 9459 9578 9579 9460
9645 3 2 1 3 9460 9579 9580 9461
9646 3 2 1 3 9461 9580 9581 9462
9647 3 2 1 3 9462 9581 9582 9463
9648 3 2 1 3 9463 9582 9583 9464
9649 3 2 1 3 9464 9583 9584 9465
9650 3 2 1 3 9465 9584 9585 9466
9651 3 2 1 3 9466 9585 9586 9467
9652 3 2 1 3 9467 9586 9587 9468
9653 3 2 1 3 9468 9587 9588 9469
9654 3 2 1 3 9469 9588 9589 9470
9655 3 2 1 3 9470 9589 9590 9471
9656 3 2 1 3 9471 9590 9591 9472
9657 3 2 1 3 9472 9591 9592 9473
9658 3 2 1 3 9473 9592 9593 9474
9659 3 2 1 3 9474 9593 9594 9475
9660 3 2 1 3 9475 9594 9595 9476
9661 3 2 1 3 9476 9595 9596 9477
9662 3 2 1 3 9477 9596 9597 9478
9663 3 2 1 3 9478 9597 9598 9479
9664 3 2 1 3 9479 9598 9599 9480
9665 3 2 1 3 9480 9599 9600 9481
9666 3 2 1 3 9481 9600 9601 9482
9667 3 2 1 3 9482 9601 9602 9483
9668 3 2 1 3 9483 9602 9603 9484
9669 3 2 1 3 9484 9603 9604 9485
9670 3 2 1 3 9485 9604 9605 9486
9671 3 2 1 3 9486 9605 9606 9487
9672 3 2 1 3 9487 9606 325 326
9673 3 2 1 3 454 455 9607 9488
9674 3 2 1 3 9488 9607 9608 9489
9675 3 2 1 3 9489 9608 9609 9490
9676 3 2 1 3 9490 9609 9610 9491
9677 3 2 1 3 9491 9610 9611 9492
9678 3 2 1 3 9492 9611 9612 9493
9679 3 2 1 3 9493 9612 9613 9494
9680 3 2 1 3 9494 9613 9614 9495
9681 3 2 1 3 9495 9614 9615 9496
9682 3 2 1 3 9496 9615 9616 9497
9683 3 2 1 3 9497 9616 9617 9498
9684 3 2 1 3 9498 9617 9618 9499
9685 3 2 1 3 9499 9618 9619 9500
9686 3 2 1 3 9500 9619 9620 9501
9687 3 2 1 3 9501 9620 9621 9502
9688 3 2 1 3 9502 9621 9622 9503
9689 3 2 1 3 9503 9622 9623 9504
9690 3 2 1 3 9504 9623 9624 9505
9691 3 2 1 3 9505 9624 9625 9506
9692 3 2 1 3 9506 9625 9626 9507
9693 3 2 1 3 9507 9626 9627 9508
9694 3 2 1 3 9508 9627 9628 9509
9695 3 2 1 3 9509 9628 9629 9510
9696 3 2 1 3 9510 9629 9630 9511
9697 3 2 1 3 9511 9630 9631 9512
9698 3 2 1 3 9512 9631 9632 9513
9699 3 2 1 3 9513 9632 9633 9514
9700 3 2 1 3 9514 9633 9634 9515
9701 3 2 1 3 9515 9634 9635 9516
9702 3 2 1 3 9516 9635 9636 9517
9703 3 2 1 3 9517 9636 9637 9518
9704 3 2 1 3 9518 9637 9638 9519
9705 3 2 1 3 9519 9638 9639 9520
9706 3 2 1 3 9520 9639 9640 9521
9707 3 2 1 3 9521 9640 9641 9522
9708 3 2 1 3 9522 9641 9642 9523
9709 3 2 1 3 9523 9642 9643 9524
9710 3 2 1 3 9524 9643 9644 9525
9711 3 2 1 3 9525 9644 9645 9526
9712 3 2 1 3 9526 9645 9646 9527
9713 3 2 1 3 9527 9646 9647 9528
9714 3 2 1 3 9528 9647 9648 9529
9715 3 2 1 3 9529 9648 9649 9530
9716 3 2 1 3 9530 9649 9650 9531
9717 3 2 1 3 9531 9650 9651 9532
9718 3 2 1 3 9532 9651 9652 9533
9719 3 2 1 3 9533 9652 9653 9534
9720 3 2 1 3 9534 9653 9654 9535
9721 3 2 1 3 9535 9654 9655 9536
9722 3 2 1 3 9536 9655 9656 9537
9723 3 2 1 3 9537 9656 9657 9538
9724 3 2 1 3 9538 9657 9658 9539
9725 3 2 1 3 9539 9658 9659 9540
9726 3 2 1 3 9540 9659 9660 9541
9727 3 2 1 3 9541 9660 9661 9542
9728 3 2 1 3 9542 9661 9662 9543
9729 3 2 1 3 9543 9662 9663 9544
9730 3 2 1 3 9544 9663 9664 9545
9731 3 2 1 3 9545 9664 9665 9546
9732 3 2 1 3 9546 9665 9666 9547
9733 3 2 1 3 9547 9666 9667 9548
9734 3 2 1 3 9548 9667 9668 9549
9735 3 2 1 3 9549 9668 9669 9550
9736 3 2 1 3 9550 9669 9670 9551
9737 3 2 1 3 9551 9670 9671 9552
9738 3 2 1 3 9552 9671 9672 9553
9739 3 2 1 3 9553 9672 9673 9554
9740 3 2 1 3 9554 9673 9674 9555
9741 3 2 1 3 9555 9674 9675 9556
9742 3 2 1 3 9556 9675 9676 9557
9743 3 2 1 3 9557 9676 9677 9558
9744 3 2 1 3 9558 9677 9678 9559
9745 3 2 1 3 9559 9678 9679 9560
9746 3 2 1 3 9560 9679 9680 9561
9747 3 2 1 3 9561 9680 9681 9562
9748 3 2 1 3 9562 9681 9682 9563
9749 3 2 1 3 9563 9682 9683 9564
9750 3 2 1 3 9564 9683 9684 9565
9751 3 2 1 3 9565 9684 9685 9566
9752 3 2 1 3 9566 9685 9686 9567
9753 3 2 1 3 9567 9686 9687 9568
9754 3 2 1 3 9568 9687 9688 9569
9755 3 2 1 3 9569 9688 9689 9570
9756 3 2 1 3 9570 9689 9690 9571
9757 3 2 1 3 9571 9690 9691 9572
9758 3 2 1 3 9572 9691 9692 9573
9759 3 2 1 3 9573 9692 9693 9574
9760 3 2 1 3 9574 9693 9694 9575
9761 3 2 1 3 9575 9694 9695 9576
9762 3 2 1 3 9576 9695 9696 9577
9763 3 2 1 3 9577 9696 9697 9578
9764 3 2 1 3 9578 9697 9698 9579
9765 3 2 1 3 9579 9698 9699 9580
9766 3 2 1 3 9580 9699 9700 9581
9767 3 2 1 3 9581 9700 9701 9582
9768 3 2 1 3 9582 9701 9702 9583
9769 3 2 1 3 9583 9702 9703 9584
9770 3 2 1 3 9584 9703 9704 9585
9771 3 2 1 3 9585 9704 9705 9586
9772 3 2 1 3 9586 9705 9706 9587
9773 3 2 1 3 9587 9706 9707 9588
9774 3 2 1 3 9588 9707 9708 9589
9775 3 2 1 3 9589 9708 9709 9590
9776 3 2 1 3 9590 9709 9710 9591
9777 3 2 1 3 9591 9710 9711 9592
9778 3 2 1 3 9592 9711 9712 9593
9779 3 2 1 3 9593 9712 9713 9594
9780 3 2 1 3 9594 9713 9714 9595
9781 3 2 1 3 9595 9714 9715 9596
9782 3 2 1 3 9596 9715 9716 9597
9783 3 2 1 3 9597 9716 9717 9598
9784 3 2 1 3 9598 9717 9718 9599
9785 3 2 1 3 9599 9718 9719 9600
9786 3 2 1 3 9600 9719 9720 9601
9787 3 2 1 3 9601 9720 9721 9602
9788 3 2 1 3 9602 9721 9722 9603
9789 3 2 1 3 9603 9722 9723 9604
9790 3 2 1 3 9604 9723 9724 9605
9791 3 2 1 3 9605 9724 9725 9606
9792 3 2 1 3 9606 9725 324 325
9793 3 2 1 3 455 456 9726 9607
9794 3 2 1 3 9607 9726 9727 9608
9795 3 2 1 3 9608 9727 9728 9609
9796 3 2 1 3 9609 9728 9729 9610
9797 3 2 1 3 9610 9729 9730 9611
9798 3 2 1 3 9611 9730 9731 9612
9799 3 2 1 3 9612 9731 9732 9613
9800 3 2 1 3 9613 9732 9733 9614
9801 3 2 1 3 9614 9733 9734 9615
9802 3 2 1 3 9615 9734 9735 9616
9803 3 2 1 3 9616 9735 9736 9617
9804 3 2 1 3 9617 9736 9737 9618
9805 3 2 1 3 9618 9737 9738 9619
9806 3 2 1 3 9619 9738 9739 9620
9807 3 2 1 3 9620 9739 9740 9621
9808 3 2 1 3 9621 9740 9741 9622
9809 3 2 1 3 9622 9741 9742 9623
9810 3 2 1 3 9623 9742 9743 9624
9811 3 2 1 3 9624 9743 9744 9625
9812 3 2 1 3 9625 9744 9745 9626
9813 3 2 1 3 9626 9745 9746 9627
9814 3 2 1 3 9627 9746 9747 9628
9815 3 2 1 3 9628 9747 9748 9629
9816 3 2 1 3 9629 9748 9749 9630
9817 3 2 1 3 9630 9749 9750 9631
9818 3 2 1 3 9631 9750 9751 9632
9819 3 2 1 3 9632 9751 9752 9633
9820 3 2 1 3 9633 9752 9753 9634
9821 3 2 1 3 9634 9753 9754 9635
9822 3 2 1 3 9635 9754 9755 9636
9823 3 2 1 3 9636 9755 9756 9637
9824 3 2 1 3 9637 9756 9757 9638
9825 3 2 1 3 9638 9757 9758 9639
9826 3 2 1 3 9639 9758 9759 9640
9827 3 2 1 3 9640 9759 9760 9641
9828 3 2 1 3 9641 9760 9761 9642
9829 3 2 1 3 9642 9761 9762 9643
9830 3 2 1 3 9643 9762 9763 9644
9831 3 2 1 3 9644 9763 9764 9645
9832 3 2 1 3 9645 9764 9765 9646
9833 3 2 1 3 9646 9765 9766 9647
9834 3 2 1 3 9647 9766 9767 9648
9835 3 2 1 3 9648 9767 9768 9649
9836 3 2 1 3 9649 9768 9769 9650
9837 3 2 1 3 9650 9769 9770 9651
9838 3 2 1 3 9651 9770 9771 9652
9839 3 2 1 3 9652 9771 9772 9653
9840 3 2 1 3 9653 9772 9773 9654
9841 3 2 1 3 9654 9773 9774 9655
9842 3 2 1 3 9655 9774 9775 9656
9843 3 2 1 3 9656 9775 9776 9657
9844 3 2 1 3 9657 9776 9777 9658
9845 3 2 1 3 9658 9777 9778 9659
9846 3 2 1 3 9659 9778 9779 9660
9847 3 2 1 3 9660 9779 9780 9661
9848 3 2 1 3 9661 9780 9781 9662
9849 3 2 1 3 9662 9781 9782 9663
9850 3 2 1 3 9663 9782 9783 9664
9851 3 2 1 3 9664 9783 9784 9665
9852 3 2 1 3 9665 9784 9785 9666
9853 3 2 1 3 9666 9785 9786 9667
9854 3 2 1 3 9667 9786 9787 9668
9855 3 2 1 3 9668 9787 9788 9669
9856 3 2 1 3 9669 9788 9789 9670
9857 3 2 1 3 9670 9789 9790 9671
9858 3 2 1 3 9671 9790 9791 9672
9859 3 2 1 3 9672 9791 9792 9673
9860 3 2 1 3 9673 9792 9793 9674
9861 3 2 1 3 9674 9793 9794 9675
9862 3 2 1 3 9675 9794 9795 9676
9863 3 2 1 3 9676 9795 9796 9677
9864 3 2 1 3 9677 9796 9797 9678
9865 3 2 1 3 9678 9797 9798 9679
9866 3 2 1 3 9679 9798 9799 9680
9867 3 2 1 3 9680 9799 9800 9681
9868 3 2 1 3 9681 9800 9801 9682
9869 3 2 1 3 9682 9801 9802 9683
9870 3 2 1 3 9683 9802 9803 9684
9871 3 2 1 3 9684 9803 9804 9685
9872 3 2 1 3 9685 9804 9805 9686
9873 3 2 1 3 9686 9805 9806 9687
9874 3 2 1 3 9687 9806 9807 9688
9875 3 2 1 3 9688 9807 9808 9689
9876 3 2 1 3 9689 9808 9809 9690
9877 3 2 1 3 9690 9809 9810 9691
9878 3 2 1 3 9691 9810 9811 9692
9879 3 2 1 3 9692 9811 9812 9693
9880 3 2 1 3 9693 9812 9813 9694
9881 3 2 1 3 9694 9813 9814 9695
9882 3 2 1 3 9695 9814 9815 9696
9883 3 2 1 3 9696 9815 9816 9697
9884 3 2 1 3 9697 9816 9817 9698
9885 3 2 1 3 9698 9817 9818 9699
9886 3 2 1 3 9699 9818 9819 9700
9887 3 2 1 3 9700 9819 9820 9701
9888 3 2 1 3 9701 9820 9821 9702
9889 3 2 1 3 9702 9821 9822 9703
9890 3 2 1 3 9703 9822 9823 9704
9891 3 2 1 3 9704 9823 9824 9705
9892 3 2 1 3 9705 9824 9825 9706
9893 3 2 1 3 9706 9825 9826 9707
9894 3 2 1 3 9707 9826 9827 9708
9895 3 2 1 3 9708 9827 9828 9709
9896 3 2 1 3 9709 9828 9829 9710
9897 3 2 1 3 9710 9829 9830 9711
9898 3 2 1 3 9711 9830 9831 9712
9899 3 2 1 3 9712 9831 9832 9713
9900 3 2 1 3 9713 9832 9833 9714
9901 3 2 1 3 9714 9833 9834 9715
9902 3 2 1 3 9715 9834 9835 9716
9903 3 2 1 3 9716 9835 9836 9717
9904 3 2 1 3 9717 9836 9837 9718
9905 3 2 1 3 9718 9837 9838 9719
9906 3 2 1 3 9719 9838 9839 9720
9907 3 2 1 3 9720 9839 9840 9721
9908 3 2 1 3 9721 9840 9841 9722
9909 3 2 1 3 9722 9841 9842 9723
9910 3 2 1 3 9723 9842 9843 9724
9911 3 2 1 3 9724 9843 9844 9725
9912 3 2 1 3 9725 9844 323 324
9913 3 2 1 3 456 457 9845 9726
9914 3 2 1 3 9726 9845 9846 9727
9915 3 2 1 3 9727 9846 9847 9728
9916 3 2 1 3 9728 9847 9848 9729
9917 3 2 1 3 9729 9848 9849 9730
9918 3 2 1 3 9730 9849 9850 9731
9919 3 2 1 3 9731 9850 9851 9732
9920 3 2 1 3 9732 9851 9852 9733
9921 3 2 1 3 9733 9852 9853 9734
9922 3 2 1 3 9734 9853 9854 9735
9923 3 2 1 3 9735 9854 9855 9736
9924 3 2 1 3 9736 9855 9856 9737
9925 3 2 1 3 9737 9856 9857 9738
9926 3 2 1 3 9738 9857 9858 9739
9927 3 2 1 3 9739 9858 9859 9740
9928 3 2 1 3 9740 9859 9860 9741
9929 3 2 1 3 9741 9860 9861 9742
9930 3 2 1 3 9742 9861 9862 9743
9931 3 2 1 3 9743 9862 9863 9744
9932 3 2 1 3 9744 9863 9864 9745
9933 3 2 1 3 9745 9864 9865 9746
9934 3 2 1 3 9746 9865 9866 9747
9935 3 2 1 3 9747 9866 9867 9748
9936 3 2 1 3 9748 9867 9868 9749
9937 3 2 1 3 9749 9868 9869 9750
9938 3 2 1 3 9750 9869 9870 9751
9939 3 2 1 3 9751 9870 9871 9752
9940 3 2 1 3 9752 9871 9872 9753
9941 3 2 1 3 9753 9872 9873 9754
9942 3 2 1 3 9754 9873 9874 9755
9943 3 2 1 3 9755 9874 9875 9756
9944 3 2 1 3 9756 9875 9876 9757
9945 3 2 1 3 9757 9876 9877 9758
9946 3 2 1 3 9758 9877 9878 9759
9947 3 2 1 3 9759 9878 9879 9760
9948 3 2 1 3 9760 9879 9880 9761
9949 3 2 1 3 9761 9880 9881 9762
9950 3 2 1 3 9762 9881 9882 9763
9951 3 2 1 3 9763 9882 9883 9764
9952 3 2 1 3 9764 9883 9884 9765
9953 3 2 1 3 9765 9884 9885 9766
9954 3 2 1 3 9766 9885 9886 9767
9955 3 2 1 3 9767 9886 9887 9768
9956 3 2 1 3 9768 9887 9888 9769
9957 3 2 1 3 9769 9888 9889 9770
9958 3 2 1 3 9770 9889 9890 9771
9959 3 2 1 3 9771 9890 9891 9772
9960 3 2 1 3 9772 9891 9892 9773
9961 3 2 1 3 9773 9892 9893 9774
9962 3 2 1 3 9774 9893 9894 9775
9963 3 2 1 3 9775 9894 9895 9776
9964 3 2 1 3 9776 9895 9896 9777
9965 3 2 1 3 9777 9896 9897 9778
9966 3 2 1 3 9778 9897 9898 9779
9967 3 2 1 3 9779 9898 9899 9780
9968 3 2 1 3 9780 9899 9900 9781
9969 3 2 1 3 9781 9900 9901 9782
9970 3 2 1 3 9782 9901 9902 9783
9971 3 2 1 3 9783 9902 9903 9784
9972 3 2 1 3 9784 9903 9904 9785
9973 3 2 1 3 9785 9904 9905 9786
9974 3 2 1 3 9786 9905 9906 9787
9975 3 2 1 3 9787 9906 9907 9788
9976 3 2 1 3 9788 9907 9908 9789
9977 3 2 1 3 9789 9908 9909 9790
9978 3 2 1 3 9790 9909 9910 9791
9979 3 2 1 3 9791 9910 9911 9792
9980 3 2 1 3 9792 9911 9912 9793
9981 3 2 1 3 9793 9912 9913 9794
9982 3 2 1 3 9794 9913 9914 9795
9983 3 2 1 3 9795 9914 9915 9796
9984 3 2 1 3 9796 9915 9916 9797
9985 3 2 1 3 9797 9916 9917 9798
9986 3 2 1 3 9798 9917 9918 9799
9987 3 2 1 3 9799 9918 9919 9800
9988 3 2 1 3 9800 9919 9920 9801
9989 3 2 1 3 9801 9920 9921 9802
9990 3 2 1 3 9802 9921 9922 9803
9991 3 2 1 3 9803 9922 9923 9804
9992 3 2 1 3 9804 9923 9924 9805
9993 3 2 1 3 9805 9924 9925 9806
9994 3 2 1 3 9806 9925 9926 9807
9995 3 2 1 3 9807 9926 9927 9808
9996 3 2 1 3 9808 9927 9928 9809
9997 3 2 1 3 9809 9928 9929 9810
9998 3 2 1 3 9810 9929 9930 9811
9999 3 2 1 3 9811 9930 9931 9812
10000 3 2 1 3 9812 9931 9932 9813
10001 3 2 1 3 9813 9932 9933 9814
10002 3 2 1 3 9814 9933 9934 9815
10003 3 2 1 3 9815 9934 9935 9816
10004 3 2 1 3 9816 9935 9936 9817
10005 3 2 1 3 9817 9936 9937 9818
10006 3 2 1 3 9818 9937 9938 9819
10007 3 2 1 3 9819 9938 9939 9820
10008 3 2 1 3 9820 9939 9940 9821
10009 3 2 1 3 9821 9940 9941 9822
10010 3 2 1 3 9822 9941 9942 9823
10011 3 2 1 3 9823 9942 9943 9824
10012 3 2 1 3 9824 9943 9944 9825
10013 3 2 1 3 9825 9944 9945 9826
10014 3 2 1 3 9826 9945 9946 9827
10015 3 2 1 3 9827 9946 9947 9828
10016 3 2 1 3 9828 9947 9948 9829
10017 3 2 1 3 9829 9948 9949 9830
10018 3 2 1 3 9830 9949 9950 9831
10019 3 2 1 3 9831 9950 9951 9832
10020 3 2 1 3 9832 9951 9952 9833
10021 3 2 1 3 9833 9952 9953 9834
10022 3 2 1 3 9834 9953 9954 9835
10023 3 2 1 3 9835 9954 9955 9836
10024 3 2 1 3 9836 9955 9956 9837
10025 3 2 1 3 9837 9956 9957 9838
10026 3 2 1 3 9838 9957 9958 9839
10027 3 2 1 3 9839 9958 9959 9840
10028 3 2 1 3 9840 9959 9960 9841
10029 3 2 1 3 9841 9960 9961 9842
10030 3 2 1 3 9842 9961 9962 9843
10031 3 2 1 3 9843 9962 9963 9844
10032 3 2 1 3 9844 9963 322 323
10033 3 2 1 3 457 458 9964 9845
10034 3 2 1 3 9845 9964 9965 9846
10035 3 2 1 3 9846 9965 9966 9847
10036 3 2 1 3 9847 9966 9967 9848
10037 3 2 1 3 9848 9967 9968 9849
10038 3 2 1 3 9849 9968 9969 9850
10039 3 2 1 3 9850 9969 9970 9851
10040 3 2 1 3 9851 9970 9971 9852
10041 3 2 1 3 9852 9971 9972 9853
10042 3 2 1 3 9853 9972 9973 9854
10043 3 2 1 3 9854 9973 9974 9855
10044 3 2 1 3 9855 9974 9975 9856
10045 3 2 1 3 9856 9975 9976 9857
10046 3 2 1 3 9857 9976 9977 9858
10047 3 2 1 3 9858 9977 9978 9859
10048 3 2 1 3 9859 9978 9979 9860
10049 3 2 1 3 9860 9979 9980 9861
10050 3 2 1 3 9861 9980 9981 9862
10051 3 2 1 3 9862 9981 9982 9863
10052 3 2 1 3 9863 9982 9983 9864
10053 3 2 1 3 9864 9983 9984 9865
10054 3 2 1 3 9865 9984 9985 9866
10055 3 2 1 3 9866 9985 9986 9867
10056 3 2 1 3 9867 9986 9987 9868
10057 3 2 1 3 9868 9987 9988 9869
10058 3 2 1 3 9869 9988 9989 9870
10059 3 2 1 3 9870 9989 9990 9871
10060 3 2 1 3 9871 9990 9991 9872
10061 3 2 1 3 9872 9991 9992 9873
10062 3 2 1 3 9873 9992 9993 9874
10063 3 2 1 3 9874 9993 9994 9875
10064 3 2 1 3 9875 9994 9995 9876
10065 3 2 1 3 9876 9995 9996 9877
10066 3 2 1 3 9877 9996 9997 9878
10067 3 2 1 3 9878 9997 9998 9879
10068 3 2 1 3 9879 9998 9999 9880
10069 3 2 1 3 9880 9999 10000 9881
10070 3 2 1 3 9881 10000 10001 9882
10071 3 2 1 3 9882 10001 10002 9883
10072 3 2 1 3 9883 10002 10003 9884
10073 3 2 1 3 9884 10003 10004 9885
10074 3 2 1 3 9885 10004 10005 9886
10075 3 2 1 3 9886 10005 10006 9887
10076 3 2 1 3 9887 10006 10007 9888
10077 3 2 1 3 9888 10007 10008 9889
10078 3 2 1 3 9889 10008 10009 9890
10079 3 2 1 3 9890 10009 10010 9891
10080 3 2 1 3 9891 10010 10011 9892
10081 3 2 1 3 9892 10011 10012 9893
10082 3 2 1 3 9893 10012 10013 9894
10083 3 2 1 3 9894 10013 10014 9895
10084 3 2 1 3 9895 10014 10015 9896
10085 3 2 1 3 9896 10015 10016 9897
10086 3 2 1 3 9897 10016 10017 9898
10087 3 2 1 3 9898 10017 10018 9899
10088 3 2 1 3 9899 10018 10019 9900
10089 3 2 1 3 9900 10019 10020 9901
10090 3 2 1 3 9901 10020 10021 9902
10091 3 2 1 3 9902 10021 10022 9903
10092 3 2 1 3 9903 10022 10023 9904
10093 3 2 1 3 9904 10023 10024 9905
10094 3 2 1 3 9905 10024 10025 9906
10095 3 2 1 3 9906 10025 10026 9907
10096 3 2 1 3 9907 10026 10027 9908
10097 3 2 1 3 9908 10027 10028 9909
10098 3 2 1 3 9909 10028 10029 9910
10099 3 2 1 3 9910 10029 10030 9911
10100 3 2 1 3 9911 10030 10031 9912
10101 3 2 1 3 9912 10031 10032 9913
10102 3 2 1 3 9913 10032 10033 9914
10103 3 2 1 3 9914 10033 10034 9915
10104 3 2 1 3 9915 10034 10035 9916
10105 3 2 1 3 9916 10035 10036 9917
10106 3 2 1 3 9917 10036 10037 9918
10107 3 2 1 3 9918 10037 10038 9919
10108 3 2 1 3 9919 10038 10039 9920
10109 3 2 1 3 9920 10039 10040 9921
10110 3 2 1 3 9921 10040 10041 9922
10111 3 2 1 3 9922 10041 10042 9923
10112 3 2 1 3 9923 10042 10043 9924
10113 3 2 1 3 9924 10043 10044 9925
10114 3 2 1 3 9925 10044 10045 9926
10115 3 2 1 3 9926 10045 10046 9927
10116 3 2 1 3 9927 10046 10047 9928
10117 3 2 1 3 9928 10047 10048 9929
10118 3 2 1 3 9929 10048 10049 9930
10119 3 2 1 3 9930 10049 10050 9931
10120 3 2 1 3 9931 10050 10051 9932
10121 3 2 1 3 9932 10051 10052 9933
10122 3 2 1 3 9933 10052 10053 9934
10123 3 2 1 3 9934 10053 10054 9935
10124 3 2 1 3 9935 10054 10055 9936
10125 3 2 1 3 9936 10055 10056 9937
10126 3 2 1 3 9937 10056 10057 9938
10127 3 2 1 3 9938 10057 10058 9939
10128 3 2 1 3 9939 10058 10059 9940
10129 3 2 1 3 9940 10059 10060 9941
10130 3 2 1 3 9941 10060 10061 9942
10131 3 2 1 3 9942 10061 10062 9943
10132 3 2 1 3 9943 10062 10063 9944
10133 3 2 1 3 9944 10063 10064 9945
10134 3 2 1 3 9945 10064 10065 9946
10135 3 2 1 3 9946 10065 10066 9947
10136 3 2 1 3 9947 10066 10067 9948
10137 3 2 1 3 9948 10067 10068 9949
10138 3 2 1 3 9949 10068 10069 9950
10139 3 2 1 3 9950 10069 10070 9951
10140 3 2 1 3 9951 10070 10071 9952
10141 3 2 1 3 9952 10071 10072 9953
10142 3 2 1 3 9953 10072 10073 9954
10143 3 2 1 3 9954 10073 10074 9955
10144 3 2 1 3 9955 10074 10075 9956
10145 3 2 1 3 9956 10075 10076 9957
10146 3 2 1 3 9957 10076 10077 9958
10147 3 2 1 3 9958 10077 10078 9959
10148 3 2 1 3 9959 10078 10079 9960
10149 3 2 1 3 9960 10079 10080 9961
10150 3 2 1 3 9961 10080 10081 9962
10151 3 2 1 3 9962 10081 10082 9963
10152 3 2 1 3 9963 10082 321 322
10153 3 2 1 3 458 459 10083 9964
10154 3 2 1 3 9964 10083 10084 9965
10155 3 2 1 3 9965 10084 10085 9966
10156 3 2 1 3 9966 10085 10086 9967
10157 3 2 1 3 9967 10086 10087 9968
10158 3 2 1 3 9968 10087 10088 9969
10159 3 2 1 3 9969 10088 10089 9970
10160 3 2 1 3 9970 10089 10090 9971
10161 3 2 1 3 9971 10090 10091 9972
10162 3 2 1 3 9972 10091 10092 9973
10163 3 2 1 3 9973 10092 10093 9974
10164 3 2 1 3 9974 10093 10094 9975
10165 3 2 1 3 9975 10094 10095 9976
10166 3 2 1 3 9976 10095 10096 9977
10167 3 2 1 3 9977 10096 10097 9978
10168 3 2 1 3 9978 10097 10098 9979
10169 3 2 1 3 9979 10098 10099 9980
10170 3 2 1 3 9980 10099 10100 9981
10171 3 2 1 3 9981 10100 10101 9982
10172 3 2 1 3 9982 10101 10102 9983
10173 3 2 1 3 9983 10102 10103 9984
10174 3 2 1 3 9984 10103 10104 9985
10175 3 2 1 3 9985 10104 10105 9986
10176 3 2 1 3 9986 10105 10106 9987
10177 3 2 1 3 9987 10106 10107 9988
10178 3 2 1 3 9988 10107 10108 9989
10179 3 2 1 3 9989 10108 10109 9990
10180 3 2 1 3 9990 10109 10110 9991
10181 3 2 1 3 9991 10110 10111 9992
10182 3 2 1 3 9992 10111 10112 9993
10183 3 2 1 3 9993 10112 10113 9994
10184 3 2 1 3 9994 10113 10114 9995
10185 3 2 1 3 9995 10114 10115 9996
10186 3 2 1 3 9996 10115 10116 9997
10187 3 2 1 3 9997 10116 10117 9998
10188 3 2 1 3 9998 10117 10118 9999
10189 3 2 1 3 9999 10118 10119 10000
10190 3 2 1 3 10000 10119 10120 10001
10191 3 2 1 3 10001 10120 10121 10002
10192 3 2 1 3 10002 10121 10122 10003
10193 3 2 1 3 10003 10122 10123 10004
10194 3 2 1 3 10004 10123 10124 10005
10195 3 2 1 3 10005 10124 10125 10006
10196 3 2 1 3 10006 10125 10126 10007
10197 3 2 1 3 10007 10126 10127 10008
10198 3 2 1 3 10008 10127 10128 10009
10199 3 2 1 3 10009 10128 10129 10010
10200 3 2 1 3 10010 10129 10130 10011
10201 3 2 1 3 10011 10130 10131 10012
10202 3 2 1 3 10012 10131 10132 10013
10203 3 2 1 3 10013 10132 10133 10014
10204 3 2 1 3 10014 10133 10134 10015
10205 3 2 1 3 10015 10134 10135 10016
10206 3 2 1 3 10016 10135 10136 10017
10207 3 2 1 3 10017 10136 10137 10018
10208 3 2 1 3 10018 10137 10138 10019
10209 3 2 1 3 10019 10138 10139 10020
10210 3 2 1 3 10020 10139 10140 10021
10211 3 2 1 3 10021 10140 10141 10022
10212 3 2 1 3 10022 10141 10142 10023
10213 3 2 1 3 10023 10142 10143 10024
10214 3 2 1 3 10024 10143 10144 10025
10215 3 2 1 3 10025 10144 10145 10026
10216 3 2 1 3 10026 10145 10146 10027
10217 3 2 1 3 10027 10146 10147 10028
10218 3 2 1 3 10028 10147 10148 10029
10219 3 2 1 3 10029 10148 10149 10030
10220 3 2 1 3 10030 10149 10150 10031
10221 3 2 1 3 10031 10150 10151 10032
10222 3 2 1 3 10032 10151 10152 10033
10223 3 2 1 3 10033 10152 10153 10034
10224 3 2 1 3 10034 10153 10154 10035
10225 3 2 1 3 10035 10154 10155 10036
10226 3 2 1 3 10036 10155 10156 10037
10227 3 2 1 3 10037 10156 10157 10038
10228 3 2 1 3 10038 10157 10158 10039
10229 3 2 1 3 10039 10158 10159 10040
10230 3 2 1 3 10040 10159 10160 10041
10231 3 2 1 3 10041 10160 10161 10042
10232 3 2 1 3 10042 10161 10162 10043
10233 3 2 1 3 10043 10162 10163 10044
10234 3 2 1 3 10044 10163 10164 10045
10235 3 2 1 3 10045 10164 10165 10046
10236 3 2 1 3 10046 10165 10166 10047
10237 3 2 1 3 10047 10166 10167 10048
10238 3 2 1 3 10048 10167 10168 10049
10239 3 2 1 3 10049 10168 10169 10050
10240 3 2 1 3 10050 10169 10170 10051
10241 3 2 1 3 10051 10170 10171 10052
10242 3 2 1 3 10052 10171 10172 10053
10243 3 2 1 3 10053 10172 10173 10054
10244 3 2 1 3 10054 10173 10174 10055
10245 3 2 1 3 10055 10174 10175 10056
10246 3 2 1 3 10056 10175 10176 10057
10247 3 2 1 3 10057 10176 10177 10058
10248 3 2 1 3 10058 10177 10178 10059
10249 3 2 1 3 10059 10178 10179 10060
10250 3 2 1 3 10060 10179 10180 10061
10251 3 2 1 3 10061 10180 10181 10062
10252 3 2 1 3 10062 10181 10182 10063
10253 3 2 1 3 10063 10182 10183 10064
10254 3 2 1 3 10064 10183 10184 10065
10255 3 2 1 3 10065 10184 10185 10066
10256 3 2 1 3 10066 10185 10186 10067
10257 3 2 1 3 10067 10186 10187 10068
10258 3 2 1 3 10068 10187 10188 10069
10259 3 2 1 3 10069 10188 10189 10070
10260 3 2 1 3 10070 10189 10190 10071
10261 3 2 1 3 10071 10190 10191 10072
10262 3 2 1 3 10072 10191 10192 10073
10263 3 2 1 3 10073 10192 10193 10074
10264 3 2 1 3 10074 10193 10194 10075
10265 3 2 1 3 10075 10194 10195 10076
10266 3 2 1 3 10076 10195 10196 10077
10267 3 2 1 3 10077 10196 10197 10078
10268 3 2 1 3 10078 10197 10198 10079
10269 3 2 1 3 10079 10198 10199 10080
10270 3 2 1 3 10080 10199 10200 10081
10271 3 2 1 3 10081 10200 10201 10082
10272 3 2 1 3 10082 10201 320 321
10273 3 2 1 3 459 2 165 10083
10274 3 2 1 3 10083 165 164 10084
10275 3 2 1 3 10084 164 163 10085
10276 3 2 1 3 10085 163 162 10086
10277 3 2 1 3 10086 162 161 10087
10278 3 2 1 3 10087 161 160 10088
10279 3 2 1 3 10088 160 159 10089
10280 3 2 1 3 10089 159 158 10090
10281 3 2 1 3 10090 158 157 10091
10282 3 2 1 3 10091 157 156 10092
10283 3 2 1 3 10092 156 155 10093
10284 3 2 1 3 10093 155 154 10094
10285 3 2 1 3 10094 154 153 10095
10286 3 2 1 3 10095 153 152 10096
10287 3 2 1 3 10096 152 151 10097
10288 3 2 1 3 10097 151 150 10098
10289 3 2 1 3 10098 150 149 10099
10290 3 2 1 3 10099 149 148 10100
10291 3 2 1 3 10100 148 147 10101
10292 3 2 1 3 10101 147 146 10102
10293 3 2 1 3 10102 146 145 10103
10294 3 2 1 3 10103 145 144 10104
10295 3 2 1 3 10104 144 143 10105
10296 3 2 1 3 10105 143 142 10106
10297 3 2 1 3 10106 142 141 10107
10298 3 2 1 3 10107 141 140 10108
10299 3 2 1 3 10108 140 139 10109
10300 3 2 1 3 10109 139 138 10110
10301 3 2 1 3 10110 138 137 10111
10302 3 2 1 3 10111 137 136 10112
10303 3 2 1 3 10112 136 135 10113
10304 3 2 1 3 10113 135 134 10114
10305 3 2 1 3 10114 134 133 10115
10306 3 2 1 3 10115 133 132 10116
10307 3 2 1 3 10116 132 131 10117
10308 3 2 1 3 10117 131 130 10118
10309 3 2 1 3 10118 130 129 10119
10310 3 2 1 3 10119 129 128 10120
10311 3 2 1 3 10120 128 127 10121
10312 3 2 1 3 10121 127 126 10122
10313 3 2 1 3 10122 126 125 10123
10314 3 2 1 3 10123 125 124 10124
10315 3 2 1 3 10124 124 123 10125
10316 3 2 1 3 10125 123 122 10126
10317 3 2 1 3 10126 122 121 10127
10318 3 2 1 3 10127 121 120 10128
10319 3 2 1 3 10128 120 119 10129
10320 3 2 1 3 10129 119 118 10130
10321 3 2 1 3 10130 118 117 10131
10322 3 2 1 3 10131 117 116 10132
10323 3 2 1 3 10132 116 115 10133
10324 3 2 1 3 10133 115 114 10134
10325 3 2 1 3 10134 114 113 10135
10326 3 2 1 3 10135 113 112 10136
10327 3 2 1 3 10136 112 111 10137
10328 3 2 1 3 10137 111 110 10138
10329 3 2 1 3 10138 110 109 10139
10330 3 2 1 3 10139 109 108 10140
10331 3 2 1 3 10140 108 107 10141
10332 3 2 1 3 10141 107 106 10142
10333 3 2 1 3 10142 106 105 10143
10334 3 2 1 3 10143 105 104 10144
10335 3 2 1 3 10144 104 103 10145
10336 3 2 1 3 10145 103 102 10146
10337 3 2 1 3 10146 102 101 10147
10338 3 2 1 3 10147 101 100 10148
10339 3 2 1 3 10148 100 99 10149
10340 3 2 1 3 10149 99 98 10150
10341 3 2 1 3 10150 98 97 10151
10342 3 2 1 3 10151 97 96 10152
10343 3 2 1 3 10152 96 95 10153
10344 3 2 1 3 10153 95 94 10154
10345 3 2 1 3 10154 94 93 10155
10346 3 2 1 3 10155 93 92 10156
10347 3 2 1 3 10156 92 91 10157
10348 3 2 1 3 10157 91 90 10158
10349 3 2 1 3 10158 90 89 10159
10350 3 2 1 3 10159 89 88 10160
10351 3 2 1 3 10160 88 87 10161
10352 3 2 1 3 10161 87 86 10162
10353 3 2 1 3 10162 86 85 10163
10354 3 2 1 3 10163 85 84 10164
10355 3 2 1 3 10164 84 83 10165
10356 3 2 1 3 10165 83 82 10166
10357 3 2 1 3 10166 82 81 10167
10358 3 2 1 3 10167 81 80 10168
10359 3 2 1 3 10168 80 79 10169
10360 3 2 1 3 10169 79 78 10170
10361 3 2 1 3 10170 78 77 10171
10362 3 2 1 3 10171 77 76 10172
10363 3 2 1 3 10172 76 75 10173
10364 3 2 1 3 10173 75 74 10174
10365 3 2 1 3 10174 74 73 10175
10366 3 2 1 3 10175 73 72 10176
10367 3 2 1 3 10176 72 71 10177
10368 3 2 1 3 10177 71 70 10178
10369 3 2 1 3 10178 70 69 10179
10370 3 2 1 3 10179 69 68 10180
10371 3 2 1 3 10180 68 67 10181
10372 3 2 1 3 10181 67 66 10182
10373 3 2 1 3 10182 66 65 10183
10374 3 2 1 3 10183 65 64 10184
10375 3 2 1 3 10184 64 63 10185
10376 3 2 1 3 10185 63 62 10186
10377 3 2 1 3 10186 62 61 10187
10378 3 2 1 3 10187 61 60 10188
10379 3 2 1 3 10188 60 59 10189
10380 3 2 1 3 10189 59 58 10190
10381 3 2 1 3 10190 58 57 10191
10382 3 2 1 3 10191 57 56 10192
10383 3 2 1 3 10192 56 55 10193
10384 3 2 1 3 10193 55 54 10194
10385 3 2 1 3 10194 54 53 10195
10386 3 2 1 3 10195 53 52 10196
10387 3 2 1 3 10196 52 51 10197
10388 3 2 1 3 10197 51 50 10198
10389 3 2 1 3 10198 50 49 10199
10390 3 2 1 3 10199 49 48 10200
10391 3 2 1 3 10200 48 47 10201
10392 3 2 1 3 10201 47 1 320
10393 3 2 2 4 8 579 10202 646
10394 3 2 2 4 646 10202 10203 645
10395 3 2 2 4 645 10203 10204 644
10396 3 2 2 4 644 10204 10205 643
10397 3 2 2 4 643 10205 10206 642
10398 3 2 2 4 642 10206 10207 641
10399 3 2 2 4 641 10207 10208 640
10400 3 2 2 4 640 10208 10209 639
10401 3 2 2 4 639 10209 10210 638
10402 3 2 2 4 638 10210 10211 637
10403 3 2 2 4 637 10211 10212 636
10404 3 2 2 4 636 10212 635 11
10405 3 2 2 4 579 580 10213 10202
10406 3 2 2 4 10202 10213 10214 10203
10407 3 2 2 4 10203 10214 10215 10204
10408 3 2 2 4 10204 10215 10216 10205
10409 3 2 2 4 10205 10216 10217 10206
10410 3 2 2 4 10206 10217 10218 10207
10411 3 2 2 4 10207 10218 10219 10208
10412 3 2 2 4 10208 10219 10220 10209
10413 3 2 2 4 10209 10220 10221 10210
10414 3 2 2 4 10210 10221 10222 10211
10415 3 2 2 4 10211 10222 10223 10212
10416 3 2 2 4 10212 10223 634 635
10417 3 2 2 4 580 581 10224 10213
10418 3 2 2 4 10213 10224 10225 10214
10419 3 2 2 4 10214 10225 10226 10215
10420 3 2 2 4 10215 10226 10227 10216
10421 3 2 2 4 10216 10227 10228 10217
10422 3 2 2 4 10217 10228 10229 10218
10423 3 2 2 4 10218 10229 10230 10219
10424 3 2 2 4 10219 10230 10231 10220
10425 3 2 2 4 10220 10231 10232 10221
10426 3 2 2 4 10221 10232 10233 10222
10427 3 2 2 4 10222 10233 10234 10223
10428 3 2 2 4 10223 10234 633 634
10429 3 2 2 4 581 582 10235 10224
10430 3 2 2 4 10224 10235 10236 10225
10431 3 2 2 4 10225 10236 10237 10226
10432 3 2 2 4 10226 10237 10238 10227
10433 3 2 2 4 10227 10238 10239 10228
10434 3 2 2 4 10228 10239 10240 10229
10435 3 2 2 4 10229 10240 10241 10230
10436 3 2 2 4 10230 10241 10242 10231
10437 3 2 2 4 10231 10242 10243 10232
10438 3 2 2 4 10232 10243 10244 10233
10439 3 2 2 4 10233 10244 10245 10234
10440 3 2 2 4 10234 10245 632 633
10441 3 2 2 4 582 583 10246 10235
10442 3 2 2 4 10235 10246 10247 10236
10443 3 2 2 4 10236 10247 10248 10237
10444 3 2 2 4 10237 10248 10249 10238
10445 3 2 2 4 10238 10249 10250 10239
10446 3 2 2 4 10239 10250 10251 10240
10447 3 2 2 4 10240 10251 10252 10241
10448 3 2 2 4 10241 10252 10253 10242
10449 3 2 2 4 10242 10253 10254 10243
10450 3 2 2 4 10243 10254 10255 10244
10451 3 2 2 4 10244 10255 10256 10245
10452 3 2 2 4 10245 10256 631 632
10453 3 2 2 4 583 584 10257 10246
10454 3 2 2 4 10246 10257 10258 10247
10455 3 2 2 4 10247 10258 10259 10248
10456 3 2 2 4 10248 10259 10260 10249
10457 3 2 2 4 10249 10260 10261 10250
10458 3 2 2 4 10250 10261 10262 10251
10459 3 2 2 4 10251 10262 10263 10252
10460 3 2 2 4 10252 10263 10264 10253
10461 3 2 2 4 10253 10264 10265 10254
10462 3 2 2 4 10254 10265 10266 10255
10463 3 2 2 4 10255 10266 10267 10256
10464 3 2 2 4 10256 10267 630 631
10465 3 2 2 4 584 585 10268 10257
10466 3 2 2 4 10257 10268 10269 10258
10467 3 2 2 4 10258 10269 10270 10259
10468 3 2 2 4 10259 10270 10271 10260
10469 3 2 2 4 10260 10271 10272 10261
10470 3 2 2 4 10261 10272 10273 10262
10471 3 2 2 4 10262 10273 10274 10263
10472 3 2 2 4 10263 10274 10275 10264
10473 3 2 2 4 10264 10275 10276 10265
10474 3 2 2 4 10265 10276 10277 10266
10475 3 2 2 4 10266 10277 10278 10267
10476 3 2 2 4 10267 10278 629 630
10477 3 2 2 4 585 586 10279 10268
10478 3 2 2 4 10268 10279 10280 10269
10479 3 2 2 4 10269 10280 10281 10270
10480 3 2 2 4 10270 10281 10282 10271
10481 3 2 2 4 10271 10282 10283 10272
10482 3 2 2 4 10272 10283 10284 10273
10483 3 2 2 4 10273 10284 10285 10274
10484 3 2 2 4 10274 10285 10286 10275
10485 3 2 2 4 10275 10286 10287 10276
10486 3 2 2 4 10276 10287 10288 10277
10487 3 2 2 4 10277 10288 10289 10278
10488 3 2 2 4 10278 10289 628 629
10489 3 2 2 4 586 587 10290 10279
10490 3 2 2 4 10279 10290 10291 10280
10491 3 2 2 4 10280 10291 10292 10281
10492 3 2 2 4 10281 10292 10293 10282
10493 3 2 2 4 10282 10293 10294 10283
10494 3 2 2 4 10283 10294 10295 10284
10495 3 2 2 4 10284 10295 10296 10285
10496 3 2 2 4 10285 10296 10297 10286
10497 3 2 2 4 10286 10297 10298 10287
10498 3 2 2 4 10287 10298 10299 10288
10499 3 2 2 4 10288 10299 10300 10289
10500 3 2 2 4 10289 10300 627 628
10501 3 2 2 4 587 588 10301 10290
10502 3 2 2 4 10290 10301 10302 10291
10503 3 2 2 4 10291 10302 10303 10292
10504 3 2 2 4 10292 10303 10304 10293
10505 3 2 2 4 10293 10304 10305 10294
10506 3 2 2 4 10294 10305 10306 10295
10507 3 2 2 4 10295 10306 10307 10296
10508 3 2 2 4 10296 10307 10308 10297
10509 3 2 2 4 10297 10308 10309 10298
10510 3 2 2 4 10298 10309 10310 10299
10511 3 2 2 4 10299 10310 10311 10300
10512 3 2 2 4 10300 10311 626 627
10513 3 2 2 4 588 589 10312 10301
10514 3 2 2 4 10301 10312 10313 10302
10515 3 2 2 4 10302 10313 10314 10303
10516 3 2 2 4 10303 10314 10315 10304
10517 3 2 2 4 10304 10315 10316 10305
10518 3 2 2 4 10305 10316 10317 10306
10519 3 2 2 4 10306 10317 10318 10307
10520 3 2 2 4 10307 10318 10319 10308
10521 3 2 2 4 10308 10319 10320 10309
10522 3 2 2 4 10309 10320 10321 10310
10523 3 2 2 4 10310 10321 10322 10311
10524 3 2 2 4 10311 10322 625 626
10525 3 2 2 4 589 590 10323 10312
10526 3 2 2 4 10312 10323 10324 10313
10527 3 2 2 4 10313 10324 10325 10314
10528 3 2 2 4 10314 10325 10326 10315
10529 3 2 2 4 10315 10326 10327 10316
10530 3 2 2 4 10316 10327 10328 10317
10531 3 2 2 4 10317 10328 10329 10318
10532 3 2 2 4 10318 10329 10330 10319
10533 3 2 2 4 10319 10330 10331 10320
10534 3 2 2 4 10320 10331 10332 10321
10535 3 2 2 4 10321 10332 10333 10322
10536 3 2 2 4 10322 10333 624 625
10537 3 2 2 4 590 591 10334 10323
10538 3 2 2 4 10323 10334 10335 10324
10539 3 2 2 4 10324 10335 10336 10325
10540 3 2 2 4 10325 10336 10337 10326
10541 3 2 2 4 10326 10337 10338 10327
10542 3 2 2 4 10327 10338 10339 10328
10543 3 2 2 4 10328 10339 10340 10329
10544 3 2 2 4 10329 10340 10341 10330
10545 3 2 2 4 10330 10341 10342 10331
10546 3 2 2 4 10331 10342 10343 10332
10547 3 2 2 4 10332 10343 10344 10333
10548 3 2 2 4 10333 10344 623 624
10549 3 2 2 4 591 592 10345 10334
10550 3 2 2 4 10334 10345 10346 10335
10551 3 2 2 4 10335 10346 10347 10336
10552 3 2 2 4 10336 10347 10348 10337
10553 3 2 2 4 10337 10348 10349 10338
10554 3 2 2 4 10338 10349 10350 10339
10555 3 2 2 4 10339 10350 10351 10340
10556 3 2 2 4 10340 10351 10352 10341
10557 3 2 2 4 10341 10352 10353 10342
10558 3 2 2 4 10342 10353 10354 10343
10559 3 2 2 4 10343 10354 10355 10344
10560 3 2 2 4 10344 10355 622 623
10561 3 2 2 4 592 593 10356 10345
10562 3 2 2 4 10345 10356 10357 10346
10563 3 2 2 4 10346 10357 10358 10347
10564 3 2 2 4 10347 10358 10359 10348
10565 3 2 2 4 10348 10359 10360 10349
10566 3 2 2 4 10349 10360 10361 10350
10567 3 2 2 4 10350 10361 10362 10351
10568 3 2 2 4 10351 10362 10363 10352
10569 3 2 2 4 10352 10363 10364 10353
10570 3 2 2 4 10353 10364 10365 10354
10571 3 2 2 4 10354 10365 10366 10355
10572 3 2 2 4 10355 10366 621 622
10573 3 2 2 4 593 594 10367 10356
10574 3 2 2 4 10356 10367 10368 10357
10575 3 2 2 4 10357 10368 10369 10358
10576 3 2 2 4 10358 10369 10370 10359
10577 3 2 2 4 10359 10370 10371 10360
10578 3 2 2 4 10360 10371 10372 10361
10579 3 2 2 4 10361 10372 10373 10362
10580 3 2 2 4 10362 10373 10374 10363
10581 3 2 2 4 10363 10374 10375 10364
10582 3 2 2 4 10364 10375 10376 10365
10583 3 2 2 4 10365 10376 10377 10366
10584 3 2 2 4 10366 10377 620 621
10585 3 2 2 4 594 595 10378 10367
10586 3 2 2 4 10367 10378 10379 10368
10587 3 2 2 4 10368 10379 10380 10369
10588 3 2 2 4 10369 10380 10381 10370
10589 3 2 2 4 10370 10381 10382 10371
10590 3 2 2 4 10371 10382 10383 10372
10591 3 2 2 4 10372 10383 10384 10373
10592 3 2 2 4 10373 10384 10385 10374
10593 3 2 2 4 10374 10385 10386 10375
10594 3 2 2 4 10375 10386 10387 10376
10595 3 2 2 4 10376 10387 10388 10377
10596 3 2 2 4 10377 10388 619 620
10597 3 2 2 4 595 596 10389 10378
10598 3 2 2 4 10378 10389 10390 10379
10599 3 2 2 4 10379 10390 10391 10380
10600 3 2 2 4 10380 10391 10392 10381
10601 3 2 2 4 10381 10392 10393 10382
10602 3 2 2 4 10382 10393 10394 10383
10603 3 2 2 4 10383 10394 10395 10384
10604 3 2 2 4 10384 10395 10396 10385
10605 3 2 2 4 10385 10396 10397 10386
10606 3 2 2 4 10386 10397 10398 10387
10607 3 2 2 4 10387 10398 10399 10388
10608 3 2 2 4 10388 10399 618 619
10609 3 2 2 4 596 597 10400 10389
10610 3 2 2 4 10389 10400 10401 10390
10611 3 2 2 4 10390 10401 10402 10391
10612 3 2 2 4 10391 10402 10403 10392
10613 3 2 2 4 10392 10403 10404 10393
10614 3 2 2 4 10393 10404 10405 10394
10615 3 2 2 4 10394 10405 10406 10395
10616 3 2 2 4 10395 10406 10407 10396
10617 3 2 2 4 10396 10407 10408 10397
10618 3 2 2 4 10397 10408 10409 10398
10619 3 2 2 4 10398 10409 10410 10399
10620 3 2 2 4 10399 10410 617 618
10621 3 2 2 4 597 598 10411 10400
10622 3 2 2 4 10400 10411 10412 10401
10623 3 2 2 4 10401 10412 10413 10402
10624 3 2 2 4 10402 10413 10414 10403
10625 3 2 2 4 10403 10414 10415 10404
10626 3 2 2 4 10404 10415 10416 10405
10627 3 2 2 4 10405 10416 10417 10406
10628 3 2 2 4 10406 10417 10418 10407
10629 3 2 2 4 10407 10418 10419 10408
10630 3 2 2 4 10408 10419 10420 10409
10631 3 2 2 4 10409 10420 10421 10410
10632 3 2 2 4 10410 10421 616 617
10633 3 2 2 4 598 599 10422 10411
10634 3 2 2 4 10411 10422 10423 10412
10635 3 2 2 4 10412 10423 10424 10413
10636 3 2 2 4 10413 10424 10425 10414
10637 3 2 2 4 10414 10425 10426 10415
10638 3 2 2 4 10415 10426 10427 10416
10639 3 2 2 4 10416 10427 10428 10417
10640 3 2 2 4 10417 10428 10429 10418
10641 3 2 2 4 10418 10429 10430 10419
10642 3 2 2 4 10419 10430 10431 10420
10643 3 2 2 4 10420 10431 10432 10421
10644 3 2 2 4 10421 10432 615 616
10645 3 2 2 4 599 600 10433 10422
10646 3 2 2 4 10422 10433 10434 10423
10647 3 2 2 4 10423 10434 10435 10424
10648 3 2 2 4 10424 10435 10436 10425
10649 3 2 2 4 10425 10436 10437 10426
10650 3 2 2 4 10426 10437 10438 10427
10651 3 2 2 4 10427 10438 10439 10428
10652 3 2 2 4 10428 10439 10440 10429
10653 3 2 2 4 10429 10440 10441 10430
10654 3 2 2 4 10430 10441 10442 10431
10655 3 2 2 4 10431 10442 10443 10432
10656 3 2 2 4 10432 10443 614 615
10657 3 2 2 4 600 601 10444 10433
10658 3 2 2 4 10433 10444 10445 10434
10659 3 2 2 4 10434 10445 10446 10435
10660 3 2 2 4 10435 10446 10447 10436
10661 3 2 2 4 10436 10447 10448 10437
10662 3 2 2 4 10437 10448 10449 10438
10663 3 2 2 4 10438 10449 10450 10439
10664 3 2 2 4 10439 10450 10451 10440
10665 3 2 2 4 10440 10451 10452 10441
10666 3 2 2 4 10441 10452 10453 10442
10667 3 2 2 4 10442 10453 10454 10443
10668 3 2 2 4 10443 10454 613 614
10669 3 2 2 4 601 9 602 10444
10670 3 2 2 4 10444 602 603 10445
10671 3 2 2 4 10445 603 604 10446
10672 3 2 2 4 10446 604 605 10447
10673 3 2 2 4 10447 605 606 10448
10674 3 2 2 4 10448 606 607 10449
10675 3 2 2 4 10449 607 608 10450
10676 3 2 2 4 10450 608 609 10451
10677 3 2 2 4 10451 609 610 10452
10678 3 2 2 4 10452 610 611 10453
10679 3 2 2 4 10453 611 612 10454
10680 3 2 2 4 10454 612 10 613
$EndElements
