$MeshFormat
2.2 0 8
$EndMeshFormat
$PhysicalNames
8
1 3 "Indenter_Top_Edge"
1 4 "Indenter_Left_Edge"
1 5 "Indenter_Bottom_Edge"
1 6 "Specimen_Top_Edge"
1 7 "Specimen_Left_Edge"
1 8 "Specimen_Bottom_Edge"
2 1 "Specimen_Body"
2 2 "Indenter_Body"
$EndPhysicalNames
$Nodes
1794
1 0.08 0.95 0
2 0.2 0.8 0
3 0.5 0 0
4 0 0 0
5 0 0.8 0
6 0 0.95 0
7 1 0 0
8 0.250439662878749 0.9681322095959701 0
9 0.07999999999999363 0.99679486355017 0
10 0 1 0
11 0 1.40004 0
12 0 1.00004 0
13 0.3 1.40004 0
14 0.3 1.00004 0
15 1.5 1.40004 0
16 1.5 1.00004 0
17 0.006666666666666661 0.95 0
18 0.01333333333333333 0.95 0
19 0.01999999999999999 0.95 0
20 0.02666666666666666 0.95 0
21 0.03333333333333333 0.95 0
22 0.03999999999999999 0.95 0
23 0.04666666666666666 0.95 0
24 0.05333333333333333 0.95 0
25 0.06 0.95 0
26 0.06666666666666667 0.95 0
27 0.07333333333333333 0.95 0
28 0.08499999999999999 0.94375 0
29 0.08999999999999998 0.9375 0
30 0.09499999999999999 0.93125 0
31 0.09999999999999998 0.925 0
32 0.105 0.91875 0
33 0.11 0.9125 0
34 0.115 0.90625 0
35 0.1199999999999999 0.9 0
36 0.125 0.89375 0
37 0.1299999999999999 0.8875000000000001 0
38 0.135 0.8812500000000001 0
39 0.14 0.8750000000000001 0
40 0.145 0.86875 0
41 0.15 0.8625 0
42 0.155 0.8562500000000001 0
43 0.16 0.8500000000000001 0
44 0.165 0.84375 0
45 0.17 0.8375 0
46 0.175 0.83125 0
47 0.18 0.8250000000000001 0
48 0.185 0.8187500000000001 0
49 0.19 0.8125 0
50 0.195 0.80625 0
51 0.01666666666666669 0.8 0
52 0.0333333333333334 0.8 0
53 0.0500000000000001 0.8 0
54 0.06666666666666679 0.8 0
55 0.08333333333333344 0.8 0
56 0.1000000000000001 0.8 0
57 0.1166666666666668 0.8 0
58 0.1333333333333334 0.8 0
59 0.1500000000000001 0.8 0
60 0.1666666666666667 0.8 0
61 0.1833333333333334 0.8 0
62 0.209375 0.775 0
63 0.21875 0.75 0
64 0.228125 0.725 0
65 0.2375 0.7 0
66 0.2468750000000001 0.6749999999999998 0
67 0.2562500000000001 0.6499999999999998 0
68 0.2656250000000001 0.6249999999999998 0
69 0.2750000000000001 0.5999999999999998 0
70 0.2843750000000002 0.5749999999999997 0
71 0.2937500000000002 0.5499999999999996 0
72 0.3031250000000001 0.5249999999999997 0
73 0.3125000000000002 0.4999999999999996 0
74 0.3218750000000002 0.4749999999999996 0
75 0.3312500000000002 0.4499999999999996 0
76 0.3406250000000002 0.4249999999999995 0
77 0.3500000000000002 0.3999999999999995 0
78 0.3593750000000002 0.3749999999999995 0
79 0.3687500000000002 0.3499999999999994 0
80 0.3781250000000003 0.3249999999999994 0
81 0.3875000000000002 0.2999999999999994 0
82 0.3968750000000002 0.2749999999999995 0
83 0.4062500000000002 0.2499999999999996 0
84 0.4156250000000001 0.2249999999999996 0
85 0.4250000000000002 0.1999999999999997 0
86 0.4343750000000001 0.1749999999999997 0
87 0.4437500000000001 0.1499999999999997 0
88 0.4531250000000001 0.1249999999999998 0
89 0.4625 0.09999999999999987 0
90 0.471875 0.07499999999999996 0
91 0.48125 0.05000000000000004 0
92 0.490625 0.02500000000000002 0
93 0.4583333333333334 0 0
94 0.4166666666666666 0 0
95 0.375 0 0
96 0.3333333333333334 0 0
97 0.2916666666666667 0 0
98 0.25 0 0
99 0.2083333333333334 0 0
100 0.1666666666666667 0 0
101 0.125 0 0
102 0.08333333333333337 0 0
103 0.04166666666666674 0 0
104 0 0.02500000000000004 0
105 0 0.05000000000000008 0
106 0 0.07500000000000012 0
107 0 0.1000000000000002 0
108 0 0.1250000000000002 0
109 0 0.1500000000000003 0
110 0 0.1750000000000003 0
111 0 0.2000000000000004 0
112 0 0.2250000000000004 0
113 0 0.2500000000000005 0
114 0 0.2750000000000005 0
115 0 0.3000000000000004 0
116 0 0.3250000000000004 0
117 0 0.3500000000000004 0
118 0 0.3750000000000003 0
119 0 0.4000000000000003 0
120 0 0.4250000000000003 0
121 0 0.4500000000000003 0
122 0 0.4750000000000003 0
123 0 0.5000000000000004 0
124 0 0.5250000000000004 0
125 0 0.5500000000000004 0
126 0 0.5750000000000003 0
127 0 0.6000000000000003 0
128 0 0.6250000000000003 0
129 0 0.6500000000000002 0
130 0 0.6750000000000003 0
131 0 0.7000000000000002 0
132 0 0.7250000000000002 0
133 0 0.7500000000000001 0
134 0 0.7750000000000001 0
135 0 0.80625 0
136 0 0.8125 0
137 0 0.8187500000000001 0
138 0 0.8250000000000001 0
139 0 0.83125 0
140 0 0.8375 0
141 0 0.84375 0
142 0 0.8500000000000001 0
143 0 0.8562500000000001 0
144 0 0.8625 0
145 0 0.8687500000000001 0
146 0 0.8750000000000001 0
147 0 0.8812500000000001 0
148 0 0.8875000000000001 0
149 0 0.89375 0
150 0 0.9 0
151 0 0.90625 0
152 0 0.9125 0
153 0 0.91875 0
154 0 0.925 0
155 0 0.93125 0
156 0 0.9375 0
157 0 0.94375 0
158 0.9583333333333334 0 0
159 0.9166666666666666 0 0
160 0.875 0 0
161 0.8333333333333334 0 0
162 0.7916666666666667 0 0
163 0.75 0 0
164 0.7083333333333334 0 0
165 0.6666666666666667 0 0
166 0.625 0 0
167 0.5833333333333334 0 0
168 0.5416666666666667 0 0
169 0.2900808315872003 0.9570021479315908 0
170 0.3292302261083437 0.9442496800193521 0
171 0.367821476452929 0.9298964251248563 0
172 0.4057891588538232 0.9139667163287221 0
173 0.4430689066789581 0.8964875592747023 0
174 0.4795975195521179 0.8774885863870002 0
175 0.5153130704965662 0.8570020066344075 0
176 0.5501550109198851 0.8350625509264208 0
177 0.5840642732620358 0.8117074132339127 0
178 0.6169833711326241 0.7869761875341735 0
179 0.6488564967676084 0.7609108006872203 0
180 0.6796296156402315 0.7335554413571691 0
181 0.709250558065783 0.7049564850991694 0
182 0.7376691076448925 0.6751624157389006 0
183 0.7648370863954188 0.6442237431779169 0
184 0.7907084364286082 0.6121929177641845 0
185 0.8152392980310577 0.5791242413729788 0
186 0.8383880840201102 0.5450737753488866 0
187 0.8601155502466278 0.5100992454649789 0
188 0.8803848621256176 0.4742599440602772 0
189 0.8991616570819241 0.4376166295214207 0
190 0.9164141028051213 0.4002314232789382 0
191 0.9321129512148438 0.3621677044927586 0
192 0.9462315880450746 0.3234900026054843 0
193 0.9587460779633233 0.2842638879455939 0
194 0.9696352051482086 0.2445558605660299 0
195 0.978880509256651 0.2044332375066232 0
196 0.986466316719703 0.1639640386714805 0
197 0.9923797673139574 0.1232168715148041 0
198 0.9966108359634925 0.08226081473063923 0
199 0.9991523497353876 0.04116530114372707 0
200 0.204203305239899 0.81401101746633 0
201 0.2084066104797979 0.8280220349326598 0
202 0.2126099157196969 0.8420330523989897 0
203 0.2168132209595959 0.8560440698653196 0
204 0.2210165261994949 0.8700550873316495 0
205 0.2252198314393938 0.8840661047979794 0
206 0.2294231366792928 0.8980771222643094 0
207 0.2336264419191918 0.9120881397306392 0
208 0.2378297471590907 0.926099157196969 0
209 0.2420330523989897 0.9401101746632989 0
210 0.2462363576388886 0.9541211921296288 0
211 0.08 0.9538995719625141 0
212 0.08 0.9577991439250283 0
213 0.08 0.9616987158875424 0
214 0.08 0.9655982878500566 0
215 0.08 0.9694978598125708 0
216 0.08 0.973397431775085 0
217 0.08 0.9772970037375991 0
218 0.08 0.9811965757001133 0
219 0.08 0.9850961476626274 0
220 0.08 0.9889957196251417 0
221 0.08 0.9928952915876558 0
222 0.006673748794880747 0.9999777302905415 0
223 0.01334720034486836 0.9999109221540456 0
224 0.02002005741830843 0.9997995785661082 0
225 0.02669202281002441 0.9996437044859079 0
226 0.0333627993545547 0.9994433068559856 0
227 0.0400320899393883 0.9991983946019353 0
228 0.04669959751819707 0.9989089786320065 0
229 0.05336502512406961 0.9985750718366183 0
230 0.06002807588273262 0.9981966890877854 0
231 0.0666884530257771 0.9977738472384555 0
232 0.07334585990387532 0.9973065651217589 0
233 0 0.9541666666666666 0
234 0 0.9583333333333333 0
235 0 0.9624999999999999 0
236 0 0.9666666666666667 0
237 0 0.9708333333333333 0
238 0 0.975 0
239 0 0.9791666666666666 0
240 0 0.9833333333333333 0
241 0 0.9874999999999999 0
242 0 0.9916666666666667 0
243 0 0.9958333333333333 0
244 0.08718511393435383 0.9961921280095791 0
245 0.09436569518854133 0.9955376012846443 0
246 0.1015413704502212 0.9948313174036546 0
247 0.1087117666621206 0.9940733130857103 0
248 0.1158765110414164 0.9932636277388136 0
249 0.1230352310991222 0.9924023034578192 0
250 0.130187554659451 0.9914893850222465 0
251 0.1373331098791616 0.9905249198939511 0
252 0.1444715252668956 0.9895089582146575 0
253 0.1516024297024885 0.9884415528033522 0
254 0.1587254524562614 0.987322759153538 0
255 0.1658402232083005 0.9861526354303481 0
256 0.1729463720677033 0.9849312424675235 0
257 0.1800435295918149 0.9836586437642487 0
258 0.1871313268054321 0.9823349054818518 0
259 0.1942093952199838 0.980960096440364 0
260 0.2012773668526934 0.979534288114942 0
261 0.2083348742457076 0.978057554632152 0
262 0.2153815504851974 0.9765299727661165 0
263 0.2224170292204397 0.9749516219345215 0
264 0.2294409446828566 0.9733225841944891 0
265 0.2364529317050379 0.9716429442383105 0
266 0.2434526257397226 0.9699127893890432 0
267 0 1.35004 0
268 0 1.30004 0
269 0 1.25004 0
270 0 1.20004 0
271 0 1.15004 0
272 0 1.10004 0
273 0 1.05004 0
274 0.2625 1.40004 0
275 0.2249999999999999 1.40004 0
276 0.1874999999999998 1.40004 0
277 0.1499999999999997 1.40004 0
278 0.1124999999999998 1.40004 0
279 0.07499999999999996 1.40004 0
280 0.03749999999999987 1.40004 0
281 0.3 1.35004 0
282 0.3 1.30004 0
283 0.3 1.25004 0
284 0.3 1.20004 0
285 0.3 1.15004 0
286 0.3 1.10004 0
287 0.3 1.05004 0
288 0.03749999999999995 1.00004 0
289 0.07499999999999986 1.00004 0
290 0.1124999999999998 1.00004 0
291 0.1499999999999998 1.00004 0
292 0.1874999999999998 1.00004 0
293 0.2249999999999999 1.00004 0
294 0.2625 1.00004 0
295 1.360563687398432 1.40004 0
296 1.233803403016496 1.40004 0
297 1.11856678081825 1.40004 0
298 1.013806214759538 1.40004 0
299 0.9185693363359829 1.40004 0
300 0.8319903557469052 1.40004 0
301 0.7532821916118078 1.40004 0
302 0.6817293154532006 1.40004 0
303 0.6166812458492972 1.40004 0
304 0.557546636874681 1.40004 0
305 0.5037879017423291 1.40004 0
306 0.4549163243608318 1.40004 0
307 0.4104876177101409 1.40004 0
308 0.3700978843189895 1.40004 0
309 0.3333799445533865 1.40004 0
310 1.5 1.05004 0
311 1.5 1.10004 0
312 1.5 1.15004 0
313 1.5 1.20004 0
314 1.5 1.25004 0
315 1.5 1.30004 0
316 1.5 1.35004 0
317 0.3333799454187507 1.00004 0
318 0.3700978851924819 1.00004 0
319 0.4104876185847333 1.00004 0
320 0.4549163252280096 1.00004 0
321 0.5037879025918625 1.00004 0
322 0.5575466376943697 1.00004 0
323 0.616681246624677 1.00004 0
324 0.6817293161672128 1.00004 0
325 0.7532821922444262 1.00004 0
326 0.8319903563011005 1.00004 0
327 0.9185693367316859 1.00004 0
328 1.013806214991441 1.00004 0
329 1.118566780849635 1.00004 0
330 1.23380340280494 1.00004 0
331 1.360563686895034 1.00004 0
332 0.4497395833333334 0.02500000000000002 0
333 0.4411458333333335 0.05000000000000004 0
334 0.4325520833333334 0.07499999999999996 0
335 0.4239583333333334 0.09999999999999992 0
336 0.4153645833333335 0.1249999999999999 0
337 0.4067708333333335 0.1499999999999999 0
338 0.3981770833333335 0.1749999999999997 0
339 0.3895833333333335 0.1999999999999998 0
340 0.3809895833333335 0.2249999999999997 0
341 0.3723958333333335 0.2499999999999997 0
342 0.3638020833333336 0.2749999999999996 0
343 0.3552083333333336 0.2999999999999996 0
344 0.3466145833333336 0.3249999999999995 0
345 0.3380208333333336 0.3499999999999995 0
346 0.3294270833333336 0.3749999999999996 0
347 0.3208333333333336 0.3999999999999996 0
348 0.3122395833333336 0.4249999999999997 0
349 0.3036458333333336 0.4499999999999996 0
350 0.2950520833333335 0.4749999999999996 0
351 0.2864583333333335 0.4999999999999997 0
352 0.2778645833333335 0.5249999999999997 0
353 0.2692708333333335 0.5499999999999998 0
354 0.2606770833333335 0.5749999999999997 0
355 0.2520833333333334 0.5999999999999999 0
356 0.2434895833333334 0.6249999999999999 0
357 0.2348958333333335 0.6499999999999999 0
358 0.2263020833333335 0.6749999999999998 0
359 0.2177083333333334 0.7 0
360 0.2091145833333334 0.7249999999999999 0
361 0.2005208333333334 0.75 0
362 0.1919270833333334 0.775 0
363 0.4088541666666666 0.02500000000000002 0
364 0.4010416666666667 0.04999999999999999 0
365 0.3932291666666667 0.07500000000000001 0
366 0.3854166666666667 0.09999999999999992 0
367 0.3776041666666667 0.1249999999999999 0
368 0.3697916666666668 0.1499999999999999 0
369 0.3619791666666668 0.1749999999999998 0
370 0.3541666666666668 0.1999999999999998 0
371 0.3463541666666668 0.2249999999999998 0
372 0.3385416666666669 0.2499999999999998 0
373 0.3307291666666669 0.2749999999999997 0
374 0.3229166666666669 0.2999999999999997 0
375 0.3151041666666669 0.3249999999999995 0
376 0.3072916666666669 0.3499999999999996 0
377 0.2994791666666669 0.3749999999999997 0
378 0.2916666666666669 0.3999999999999997 0
379 0.2838541666666669 0.4249999999999997 0
380 0.2760416666666668 0.4499999999999997 0
381 0.2682291666666669 0.4749999999999997 0
382 0.2604166666666669 0.4999999999999998 0
383 0.2526041666666669 0.5249999999999998 0
384 0.2447916666666669 0.5499999999999998 0
385 0.2369791666666669 0.5749999999999998 0
386 0.2291666666666668 0.5999999999999999 0
387 0.2213541666666668 0.6249999999999999 0
388 0.2135416666666668 0.6499999999999999 0
389 0.2057291666666667 0.6749999999999998 0
390 0.1979166666666668 0.6999999999999998 0
391 0.1901041666666668 0.7249999999999999 0
392 0.1822916666666668 0.75 0
393 0.1744791666666668 0.7749999999999999 0
394 0.36796875 0.02500000000000002 0
395 0.3609375 0.05000000000000004 0
396 0.3539062500000001 0.07499999999999996 0
397 0.346875 0.1 0
398 0.3398437500000001 0.1249999999999999 0
399 0.3328125000000001 0.15 0
400 0.3257812500000001 0.1749999999999999 0
401 0.3187500000000001 0.2 0
402 0.3117187500000002 0.2249999999999998 0
403 0.3046875000000002 0.2499999999999999 0
404 0.2976562500000002 0.2749999999999998 0
405 0.2906250000000002 0.2999999999999997 0
406 0.2835937500000003 0.3249999999999996 0
407 0.2765625000000003 0.3499999999999996 0
408 0.2695312500000002 0.3749999999999997 0
409 0.2625000000000002 0.3999999999999997 0
410 0.2554687500000002 0.4249999999999998 0
411 0.2484375000000001 0.4499999999999997 0
412 0.2414062500000002 0.4749999999999998 0
413 0.2343750000000002 0.4999999999999998 0
414 0.2273437500000002 0.5249999999999998 0
415 0.2203125000000001 0.5499999999999998 0
416 0.2132812500000001 0.5749999999999998 0
417 0.2062500000000001 0.5999999999999999 0
418 0.1992187500000002 0.6249999999999999 0
419 0.1921875000000001 0.6499999999999999 0
420 0.1851562500000001 0.6749999999999999 0
421 0.1781250000000001 0.7 0
422 0.1710937500000001 0.7249999999999999 0
423 0.1640625000000001 0.75 0
424 0.15703125 0.775 0
425 0.3270833333333334 0.02499999999999997 0
426 0.3208333333333334 0.05000000000000004 0
427 0.3145833333333334 0.0749999999999999 0
428 0.3083333333333335 0.1 0
429 0.3020833333333335 0.1249999999999998 0
430 0.2958333333333335 0.1499999999999999 0
431 0.2895833333333335 0.1749999999999999 0
432 0.2833333333333335 0.2 0
433 0.2770833333333336 0.225 0
434 0.2708333333333335 0.2499999999999999 0
435 0.2645833333333336 0.2749999999999999 0
436 0.2583333333333336 0.2999999999999998 0
437 0.2520833333333335 0.3249999999999997 0
438 0.2458333333333336 0.3499999999999998 0
439 0.2395833333333336 0.3749999999999998 0
440 0.2333333333333336 0.3999999999999998 0
441 0.2270833333333336 0.4249999999999998 0
442 0.2208333333333335 0.4499999999999998 0
443 0.2145833333333336 0.4749999999999998 0
444 0.2083333333333336 0.4999999999999999 0
445 0.2020833333333336 0.5249999999999999 0
446 0.1958333333333336 0.5499999999999999 0
447 0.1895833333333335 0.575 0
448 0.1833333333333335 0.6 0
449 0.1770833333333335 0.625 0
450 0.1708333333333335 0.6499999999999999 0
451 0.1645833333333335 0.675 0
452 0.1583333333333335 0.7 0
453 0.1520833333333334 0.7250000000000001 0
454 0.1458333333333335 0.75 0
455 0.1395833333333334 0.775 0
456 0.2861979166666668 0.02500000000000002 0
457 0.2807291666666668 0.04999999999999999 0
458 0.2752604166666668 0.07499999999999996 0
459 0.2697916666666668 0.09999999999999998 0
460 0.2643229166666668 0.1250000000000001 0
461 0.2588541666666669 0.15 0
462 0.2533854166666668 0.1749999999999999 0
463 0.2479166666666668 0.2 0
464 0.2424479166666668 0.225 0
465 0.2369791666666668 0.25 0
466 0.2315104166666669 0.2749999999999999 0
467 0.2260416666666669 0.2999999999999999 0
468 0.2205729166666669 0.3249999999999998 0
469 0.2151041666666669 0.3499999999999998 0
470 0.2096354166666669 0.3749999999999998 0
471 0.2041666666666669 0.3999999999999999 0
472 0.1986979166666668 0.4249999999999999 0
473 0.1932291666666668 0.4499999999999999 0
474 0.1877604166666669 0.4749999999999999 0
475 0.1822916666666669 0.4999999999999999 0
476 0.1768229166666668 0.525 0
477 0.1713541666666668 0.5499999999999999 0
478 0.1658854166666668 0.575 0
479 0.1604166666666669 0.6000000000000001 0
480 0.1549479166666668 0.625 0
481 0.1494791666666668 0.65 0
482 0.1440104166666668 0.675 0
483 0.1385416666666667 0.7 0
484 0.1330729166666667 0.7250000000000001 0
485 0.1276041666666667 0.75 0
486 0.1221354166666668 0.7749999999999999 0
487 0.2453125 0.02500000000000002 0
488 0.240625 0.05000000000000004 0
489 0.2359375 0.07500000000000007 0
490 0.23125 0.1000000000000001 0
491 0.2265625000000001 0.1250000000000001 0
492 0.2218750000000001 0.1500000000000001 0
493 0.2171875000000001 0.175 0
494 0.2125000000000001 0.2 0
495 0.2078125000000001 0.225 0
496 0.2031250000000001 0.2500000000000001 0
497 0.1984375000000002 0.275 0
498 0.1937500000000002 0.2999999999999999 0
499 0.1890625000000002 0.3249999999999998 0
500 0.1843750000000001 0.3499999999999999 0
501 0.1796875000000001 0.3749999999999999 0
502 0.1750000000000001 0.3999999999999999 0
503 0.1703125000000001 0.425 0
504 0.1656250000000002 0.45 0
505 0.1609375000000001 0.475 0
506 0.1562500000000002 0.5 0
507 0.1515625000000001 0.525 0
508 0.1468750000000001 0.55 0
509 0.1421875000000001 0.575 0
510 0.1375000000000002 0.6000000000000001 0
511 0.1328125000000001 0.6250000000000001 0
512 0.1281250000000002 0.65 0
513 0.1234375000000001 0.675 0
514 0.1187500000000001 0.7 0
515 0.1140625000000001 0.7250000000000001 0
516 0.1093750000000001 0.75 0
517 0.1046875000000002 0.775 0
518 0.2044270833333334 0.02499999999999997 0
519 0.2005208333333333 0.05000000000000004 0
520 0.1966145833333334 0.07500000000000007 0
521 0.1927083333333334 0.1000000000000001 0
522 0.1888020833333334 0.1250000000000001 0
523 0.1848958333333334 0.1500000000000001 0
524 0.1809895833333334 0.1750000000000001 0
525 0.1770833333333335 0.2000000000000002 0
526 0.1731770833333334 0.2250000000000001 0
527 0.1692708333333335 0.2500000000000002 0
528 0.1653645833333335 0.2750000000000001 0
529 0.1614583333333335 0.3 0
530 0.1575520833333334 0.325 0
531 0.1536458333333335 0.35 0
532 0.1497395833333335 0.375 0
533 0.1458333333333335 0.4 0
534 0.1419270833333334 0.425 0
535 0.1380208333333335 0.45 0
536 0.1341145833333335 0.475 0
537 0.1302083333333334 0.5000000000000001 0
538 0.1263020833333335 0.5250000000000001 0
539 0.1223958333333334 0.55 0
540 0.1184895833333334 0.5750000000000001 0
541 0.1145833333333334 0.6000000000000001 0
542 0.1106770833333334 0.625 0
543 0.1067708333333334 0.6500000000000001 0
544 0.1028645833333334 0.675 0
545 0.09895833333333348 0.7000000000000002 0
546 0.09505208333333348 0.7250000000000001 0
547 0.09114583333333343 0.7500000000000001 0
548 0.08723958333333348 0.7750000000000001 0
549 0.1635416666666667 0.02499999999999997 0
550 0.1604166666666668 0.0500000000000001 0
551 0.1572916666666668 0.07500000000000007 0
552 0.1541666666666668 0.1000000000000001 0
553 0.1510416666666667 0.1250000000000001 0
554 0.1479166666666668 0.1500000000000001 0
555 0.1447916666666669 0.1750000000000001 0
556 0.1416666666666668 0.2000000000000002 0
557 0.1385416666666668 0.2250000000000002 0
558 0.1354166666666669 0.2500000000000002 0
559 0.1322916666666669 0.2750000000000002 0
560 0.1291666666666669 0.3000000000000001 0
561 0.1260416666666669 0.3250000000000001 0
562 0.1229166666666668 0.35 0
563 0.1197916666666669 0.3750000000000001 0
564 0.116666666666667 0.4 0
565 0.1135416666666668 0.425 0
566 0.1104166666666668 0.4500000000000001 0
567 0.1072916666666668 0.475 0
568 0.1041666666666668 0.5000000000000002 0
569 0.1010416666666669 0.5250000000000001 0
570 0.09791666666666687 0.5500000000000002 0
571 0.09479166666666677 0.5750000000000001 0
572 0.09166666666666684 0.6000000000000001 0
573 0.0885416666666668 0.6250000000000002 0
574 0.08541666666666675 0.6500000000000001 0
575 0.08229166666666687 0.675 0
576 0.07916666666666683 0.7000000000000001 0
577 0.07604166666666684 0.7250000000000001 0
578 0.07291666666666685 0.7500000000000001 0
579 0.06979166666666675 0.7750000000000001 0
580 0.12265625 0.02499999999999997 0
581 0.1203125 0.05000000000000004 0
582 0.1179687500000001 0.07500000000000012 0
583 0.1156250000000002 0.1 0
584 0.1132812500000001 0.125 0
585 0.1109375 0.1500000000000001 0
586 0.10859375 0.1750000000000002 0
587 0.10625 0.2000000000000002 0
588 0.1039062500000001 0.2250000000000002 0
589 0.1015625000000001 0.2500000000000003 0
590 0.09921875000000019 0.2750000000000002 0
591 0.09687500000000004 0.3000000000000002 0
592 0.09453125000000012 0.3250000000000002 0
593 0.09218750000000014 0.3500000000000001 0
594 0.08984375000000017 0.3750000000000001 0
595 0.08750000000000008 0.4000000000000001 0
596 0.0851562500000001 0.4250000000000002 0
597 0.08281250000000012 0.4500000000000001 0
598 0.0804687500000002 0.4750000000000001 0
599 0.07812500000000011 0.5000000000000002 0
600 0.07578125000000013 0.5250000000000002 0
601 0.0734375000000001 0.5500000000000002 0
602 0.07109375000000012 0.5750000000000002 0
603 0.06875000000000026 0.6000000000000002 0
604 0.06640625000000006 0.6250000000000002 0
605 0.06406250000000008 0.6500000000000001 0
606 0.0617187500000001 0.6750000000000002 0
607 0.05937500000000012 0.7000000000000002 0
608 0.05703125000000009 0.7250000000000001 0
609 0.05468750000000011 0.7500000000000002 0
610 0.05234375000000013 0.7750000000000001 0
611 0.08177083333333346 0.02499999999999997 0
612 0.08020833333333327 0.05000000000000004 0
613 0.0786458333333333 0.07500000000000018 0
614 0.07708333333333345 0.1 0
615 0.07552083333333337 0.1250000000000001 0
616 0.07395833333333351 0.1500000000000001 0
617 0.07239583333333344 0.1750000000000003 0
618 0.07083333333333347 0.2000000000000003 0
619 0.06927083333333339 0.2250000000000003 0
620 0.06770833333333326 0.2500000000000004 0
621 0.0661458333333334 0.2750000000000003 0
622 0.06458333333333338 0.3000000000000002 0
623 0.06302083333333336 0.3250000000000002 0
624 0.06145833333333345 0.3500000000000002 0
625 0.05989583333333337 0.3750000000000002 0
626 0.05833333333333335 0.4000000000000001 0
627 0.05677083333333344 0.4250000000000002 0
628 0.05520833333333325 0.4500000000000002 0
629 0.05364583333333345 0.4750000000000002 0
630 0.05208333333333348 0.5000000000000002 0
631 0.0505208333333334 0.5250000000000004 0
632 0.04895833333333338 0.5500000000000003 0
633 0.04739583333333341 0.5750000000000002 0
634 0.04583333333333334 0.6000000000000002 0
635 0.04427083333333343 0.6250000000000002 0
636 0.0427083333333334 0.6500000000000002 0
637 0.04114583333333344 0.6750000000000003 0
638 0.03958333333333336 0.7000000000000002 0
639 0.03802083333333334 0.7250000000000001 0
640 0.03645833333333343 0.7500000000000002 0
641 0.03489583333333346 0.7750000000000001 0
642 0.04088541666666679 0.02499999999999991 0
643 0.04010416666666666 0.05000000000000004 0
644 0.0393229166666666 0.07500000000000012 0
645 0.0385416666666667 0.1000000000000002 0
646 0.0377604166666668 0.1250000000000003 0
647 0.03697916666666662 0.1500000000000003 0
648 0.03619791666666677 0.1750000000000003 0
649 0.03541666666666676 0.2000000000000003 0
650 0.03463541666666686 0.2250000000000004 0
651 0.03385416666666674 0.2500000000000004 0
652 0.03307291666666673 0.2750000000000005 0
653 0.03229166666666677 0.3000000000000003 0
654 0.03151041666666687 0.3250000000000003 0
655 0.03072916666666675 0.3500000000000003 0
656 0.02994791666666685 0.3750000000000003 0
657 0.02916666666666673 0.4000000000000002 0
658 0.02838541666666666 0.4250000000000003 0
659 0.02760416666666676 0.4500000000000003 0
660 0.02682291666666675 0.4750000000000003 0
661 0.0260416666666668 0.5000000000000003 0
662 0.02526041666666673 0.5250000000000004 0
663 0.02447916666666683 0.5500000000000003 0
664 0.02369791666666665 0.5750000000000003 0
665 0.02291666666666675 0.6000000000000003 0
666 0.02213541666666674 0.6250000000000002 0
667 0.02135416666666673 0.6500000000000002 0
668 0.02057291666666683 0.6750000000000003 0
669 0.01979166666666671 0.7000000000000001 0
670 0.0190104166666667 0.7250000000000001 0
671 0.01822916666666669 0.7500000000000002 0
672 0.01744791666666673 0.7750000000000001 0
673 0.01625000000000004 0.80625 0
674 0.01583333333333331 0.8125 0
675 0.01541666666666675 0.8187500000000001 0
676 0.01500000000000007 0.825 0
677 0.01458333333333334 0.83125 0
678 0.01416666666666683 0.8374999999999999 0
679 0.01374999999999998 0.8437500000000001 0
680 0.01333333333333342 0.8500000000000002 0
681 0.0129166666666668 0.8562500000000001 0
682 0.01250000000000001 0.8625 0
683 0.01208333333333339 0.8687500000000001 0
684 0.01166666666666666 0.8750000000000001 0
685 0.01124999999999993 0.8812500000000001 0
686 0.01083333333333331 0.8875000000000001 0
687 0.01041666666666669 0.89375 0
688 0.01000000000000006 0.8999999999999999 0
689 0.009583333333333333 0.9062499999999999 0
690 0.009166666666666712 0.9124999999999999 0
691 0.00874999999999998 0.9187499999999998 0
692 0.008333333333333248 0.9249999999999999 0
693 0.007916666666666738 0.93125 0
694 0.007500000000000007 0.9375 0
695 0.00708333333333333 0.94375 0
696 0.03250000000000003 0.80625 0
697 0.03166666666666679 0.8125 0
698 0.03083333333333338 0.8187500000000001 0
699 0.03000000000000008 0.825 0
700 0.02916666666666684 0.83125 0
701 0.02833333333333327 0.8375 0
702 0.02749999999999997 0.84375 0
703 0.02666666666666667 0.8500000000000003 0
704 0.02583333333333337 0.8562500000000002 0
705 0.02499999999999997 0.8625 0
706 0.02416666666666678 0.86875 0
707 0.02333333333333337 0.8750000000000001 0
708 0.02250000000000002 0.8812500000000001 0
709 0.02166666666666667 0.8875000000000001 0
710 0.02083333333333331 0.89375 0
711 0.02000000000000007 0.9 0
712 0.01916666666666672 0.90625 0
713 0.01833333333333337 0.9125 0
714 0.01750000000000002 0.91875 0
715 0.01666666666666666 0.925 0
716 0.0158333333333332 0.93125 0
717 0.0149999999999999 0.9375 0
718 0.01416666666666661 0.94375 0
719 0.04875000000000002 0.80625 0
720 0.04750000000000004 0.8125000000000001 0
721 0.04625000000000001 0.8187500000000001 0
722 0.04500000000000015 0.8250000000000001 0
723 0.04374999999999996 0.83125 0
724 0.04249999999999998 0.8374999999999999 0
725 0.04125000000000006 0.84375 0
726 0.04000000000000004 0.8500000000000002 0
727 0.03875000000000001 0.85625 0
728 0.03750000000000009 0.8625 0
729 0.03625000000000012 0.8687500000000001 0
730 0.03500000000000009 0.8750000000000001 0
731 0.03375 0.8812500000000002 0
732 0.03250000000000003 0.8875 0
733 0.03125000000000011 0.89375 0
734 0.02999999999999997 0.9 0
735 0.02875 0.9062499999999999 0
736 0.02750000000000002 0.9124999999999999 0
737 0.02625 0.9187499999999998 0
738 0.02499999999999997 0.925 0
739 0.02374999999999999 0.93125 0
740 0.02250000000000008 0.9374999999999999 0
741 0.02124999999999988 0.94375 0
742 0.06500000000000028 0.80625 0
743 0.06333333333333352 0.8125 0
744 0.06166666666666676 0.8187500000000001 0
745 0.06000000000000016 0.8250000000000001 0
746 0.0583333333333334 0.83125 0
747 0.05666666666666681 0.8375 0
748 0.05500000000000016 0.84375 0
749 0.0533333333333334 0.8500000000000003 0
750 0.05166666666666681 0.85625 0
751 0.05000000000000004 0.8625 0
752 0.04833333333333339 0.8687500000000001 0
753 0.04666666666666669 0.8750000000000001 0
754 0.04500000000000004 0.8812500000000001 0
755 0.04333333333333345 0.8875000000000001 0
756 0.04166666666666669 0.89375 0
757 0.04000000000000004 0.9 0
758 0.03833333333333339 0.90625 0
759 0.03666666666666668 0.9125 0
760 0.03500000000000003 0.9187500000000001 0
761 0.03333333333333344 0.9249999999999999 0
762 0.03166666666666668 0.93125 0
763 0.03000000000000003 0.9374999999999999 0
764 0.02833333333333338 0.94375 0
765 0.08125000000000004 0.80625 0
766 0.07916666666666666 0.8124999999999999 0
767 0.07708333333333345 0.8187500000000002 0
768 0.07500000000000018 0.8250000000000001 0
769 0.07291666666666669 0.83125 0
770 0.07083333333333336 0.8375 0
771 0.06875000000000014 0.84375 0
772 0.06666666666666671 0.8500000000000002 0
773 0.06458333333333338 0.8562500000000001 0
774 0.06250000000000011 0.8625 0
775 0.06041666666666667 0.8687500000000001 0
776 0.05833333333333324 0.8750000000000001 0
777 0.05625000000000008 0.8812500000000001 0
778 0.05416666666666659 0.8875000000000001 0
779 0.05208333333333343 0.89375 0
780 0.04999999999999999 0.9 0
781 0.04791666666666666 0.90625 0
782 0.04583333333333334 0.9124999999999999 0
783 0.04375000000000001 0.9187500000000002 0
784 0.04166666666666669 0.925 0
785 0.03958333333333336 0.93125 0
786 0.03750000000000003 0.9375 0
787 0.03541666666666671 0.94375 0
788 0.09750000000000009 0.80625 0
789 0.09499999999999997 0.8125 0
790 0.09250000000000014 0.8187500000000001 0
791 0.09000000000000002 0.8250000000000001 0
792 0.08750000000000002 0.83125 0
793 0.08499999999999996 0.8375 0
794 0.08250000000000002 0.84375 0
795 0.08000000000000007 0.8500000000000002 0
796 0.07749999999999996 0.8562500000000001 0
797 0.07500000000000001 0.8625 0
798 0.07250000000000001 0.8687500000000001 0
799 0.07000000000000001 0.8750000000000001 0
800 0.06750000000000006 0.8812500000000001 0
801 0.065 0.8875000000000001 0
802 0.0625 0.89375 0
803 0.06 0.9 0
804 0.05750000000000011 0.90625 0
805 0.05499999999999999 0.9125 0
806 0.05250000000000005 0.9187500000000002 0
807 0.04999999999999999 0.9249999999999999 0
808 0.04749999999999999 0.93125 0
809 0.04499999999999998 0.9375 0
810 0.04250000000000004 0.94375 0
811 0.1137500000000001 0.80625 0
812 0.1108333333333334 0.8125 0
813 0.1079166666666668 0.8187500000000001 0
814 0.105 0.8250000000000002 0
815 0.1020833333333333 0.83125 0
816 0.09916666666666663 0.8375 0
817 0.09625000000000017 0.8437500000000001 0
818 0.09333333333333338 0.8500000000000001 0
819 0.09041666666666659 0.8562500000000001 0
820 0.08750000000000008 0.8625 0
821 0.08458333333333351 0.8687500000000002 0
822 0.08166666666666678 0.8750000000000001 0
823 0.07875000000000004 0.8812500000000001 0
824 0.07583333333333336 0.8875000000000001 0
825 0.07291666666666669 0.89375 0
826 0.07000000000000001 0.8999999999999999 0
827 0.06708333333333333 0.90625 0
828 0.06416666666666671 0.9124999999999999 0
829 0.06124999999999997 0.9187500000000001 0
830 0.05833333333333324 0.925 0
831 0.05541666666666673 0.93125 0
832 0.05250000000000005 0.9375 0
833 0.04958333333333337 0.94375 0
834 0.1300000000000001 0.80625 0
835 0.1266666666666668 0.8125 0
836 0.1233333333333335 0.8187500000000001 0
837 0.1200000000000002 0.8250000000000001 0
838 0.1166666666666668 0.83125 0
839 0.1133333333333335 0.8375 0
840 0.1100000000000001 0.84375 0
841 0.1066666666666668 0.8500000000000002 0
842 0.1033333333333334 0.8562500000000001 0
843 0.1 0.8624999999999999 0
844 0.09666666666666679 0.8687500000000001 0
845 0.09333333333333332 0.875 0
846 0.09000000000000002 0.8812500000000001 0
847 0.08666666666666673 0.8875000000000001 0
848 0.08333333333333343 0.89375 0
849 0.08000000000000002 0.9 0
850 0.07666666666666672 0.90625 0
851 0.07333333333333331 0.9125 0
852 0.06999999999999995 0.9187500000000001 0
853 0.06666666666666671 0.925 0
854 0.06333333333333324 0.93125 0
855 0.06 0.9375 0
856 0.0566666666666667 0.94375 0
857 0.1462500000000002 0.80625 0
858 0.1425000000000001 0.8125000000000001 0
859 0.13875 0.8187500000000001 0
860 0.1350000000000001 0.825 0
861 0.1312500000000001 0.83125 0
862 0.1275 0.8374999999999999 0
863 0.12375 0.8437500000000002 0
864 0.1200000000000001 0.8500000000000001 0
865 0.1162500000000001 0.85625 0
866 0.1125 0.8625 0
867 0.1087500000000001 0.8687500000000001 0
868 0.105 0.8750000000000001 0
869 0.1012500000000001 0.8812500000000001 0
870 0.09749999999999998 0.8875000000000001 0
871 0.09374999999999994 0.89375 0
872 0.08999999999999991 0.9 0
873 0.08624999999999999 0.90625 0
874 0.08249999999999996 0.9125 0
875 0.07875000000000004 0.9187500000000002 0
876 0.07500000000000007 0.925 0
877 0.07124999999999998 0.93125 0
878 0.06750000000000006 0.9374999999999999 0
879 0.06375000000000003 0.94375 0
880 0.1625 0.80625 0
881 0.1583333333333334 0.8125 0
882 0.1541666666666667 0.8187500000000001 0
883 0.15 0.825 0
884 0.1458333333333333 0.83125 0
885 0.1416666666666667 0.8375 0
886 0.1375 0.8437500000000001 0
887 0.1333333333333334 0.8500000000000003 0
888 0.1291666666666667 0.8562500000000001 0
889 0.125 0.8625 0
890 0.1208333333333333 0.8687500000000001 0
891 0.1166666666666666 0.8750000000000001 0
892 0.1125 0.8812500000000001 0
893 0.1083333333333333 0.8875000000000001 0
894 0.1041666666666666 0.89375 0
895 0.09999999999999987 0.8999999999999999 0
896 0.09583333333333333 0.90625 0
897 0.09166666666666656 0.9124999999999999 0
898 0.08749999999999991 0.9187500000000002 0
899 0.08333333333333331 0.925 0
900 0.07916666666666666 0.93125 0
901 0.07500000000000001 0.9374999999999999 0
902 0.07083333333333336 0.94375 0
903 0.17875 0.80625 0
904 0.1741666666666667 0.8125 0
905 0.1695833333333334 0.8187500000000001 0
906 0.165 0.8250000000000001 0
907 0.1604166666666667 0.83125 0
908 0.1558333333333333 0.8375 0
909 0.15125 0.8437500000000002 0
910 0.1466666666666667 0.8500000000000001 0
911 0.1420833333333333 0.8562500000000001 0
912 0.1375000000000001 0.8625 0
913 0.1329166666666666 0.86875 0
914 0.1283333333333334 0.875 0
915 0.12375 0.8812500000000001 0
916 0.1191666666666666 0.8875000000000001 0
917 0.1145833333333333 0.89375 0
918 0.11 0.9 0
919 0.1054166666666667 0.90625 0
920 0.1008333333333333 0.9125 0
921 0.09625 0.9187500000000002 0
922 0.09166666666666662 0.925 0
923 0.08708333333333323 0.93125 0
924 0.08249999999999996 0.9375 0
925 0.07791666666666675 0.94375 0
926 0.9567750705907734 0.0398181927150828 0
927 0.9536640996332038 0.07957241350308525 0
928 0.9490043700377977 0.1191987988885693 0
929 0.9428024569930658 0.1586337021155222 0
930 0.9350675501519357 0.197813801047736 0
931 0.9258114380525311 0.2366762055188584 0
932 0.9150484881330541 0.2751585639501252 0
933 0.9027956223746607 0.3131991690550243 0
934 0.8890722886136169 0.3507370624516921 0
935 0.8739004275713722 0.3877121380056896 0
936 0.8573044356584427 0.4240652437279649 0
937 0.8393111236151629 0.4597382820552496 0
938 0.8199496710594232 0.4946743083428924 0
939 0.7992515770184498 0.5288176274031408 0
940 0.7772506065284861 0.562113887925225 0
941 0.7539827333929087 0.5945101746171632 0
942 0.7294860791958193 0.625955097913084 0
943 0.7038008486745047 0.6563988810939854 0
944 0.676969261560322 0.6857934446742315 0
945 0.6490354810035677 0.7140924879107309 0
946 0.6200455387036643 0.7412515672966108 0
947 0.5900472568715964 0.7672281719063174 0
948 0.5590901671568915 0.7919817954644115 0
949 0.5272254266765879 0.8154740050158767 0
950 0.4945057312885466 0.8376685060815309 0
951 0.4609852262561368 0.8585312041880739 0
952 0.4267194144557415 0.878030262668467 0
953 0.3917650622827022 0.8961361566346514 0
954 0.3561801034152168 0.9128217230311074 0
955 0.3200235405993482 0.928062206684395 0
956 0.2833553456216344 0.9418353022706132 0
957 0.9143977914461574 0.03847108428643897 0
958 0.9107173633029124 0.0768840122755321 0
959 0.9056289727616342 0.1151807262623357 0
960 0.8991385972664232 0.1533033655595657 0
961 0.8912545910472144 0.191194364588851 0
962 0.8819876709568464 0.2287965504716895 0
963 0.8713508983027765 0.2660532399546592 0
964 0.8593596567042368 0.3029083355045674 0
965 0.846031626012379 0.3393064204106291 0
966 0.8313867523376111 0.3751928527324451 0
967 0.8154472142349477 0.4105138579345135 0
968 0.7982373851046936 0.4452166200502268 0
969 0.7797837918722029 0.4792493712208112 0
970 0.7601150700167725 0.5125614794574007 0
971 0.7392619150258966 0.5451035344774773 0
972 0.7172570303571897 0.5768274314701483 0
973 0.6941350719961995 0.6076864526482584 0
974 0.6699325897040951 0.6376353464490776 0
975 0.6446879650548383 0.6666304042493014 0
976 0.6184413463668796 0.6946295344643008 0
977 0.5912345806396948 0.7215923339060097 0
978 0.5631111426105422 0.7474801562784704 0
979 0.5341160610517196 0.7722561776949195 0
980 0.5042958424332616 0.7958854591053426 0
981 0.4736983920804969 0.8183350055286644 0
982 0.4423729329601244 0.8395738219891581 0
983 0.4103699222324921 0.8595729660622426 0
984 0.3777409657115475 0.8783055969405922 0
985 0.3445387303774698 0.8957470209373704 0
986 0.3108168550903165 0.9118747333494499 0
987 0.2766298596560313 0.9266684566096485 0
988 0.8720205123015417 0.03712397585779492 0
989 0.8677706269726211 0.07419561104797878 0
990 0.8622535754854708 0.1111626536361022 0
991 0.8554747375397809 0.147973029003609 0
992 0.8474416319424929 0.1845749281299658 0
993 0.8381639038611619 0.2209168954245205 0
994 0.8276533084724988 0.2569479159591933 0
995 0.8159236910338132 0.2926175019541107 0
996 0.8029909634111411 0.3278757783695661 0
997 0.78887307710385 0.3626735674592005 0
998 0.7735899928114531 0.3969624721410621 0
999 0.757163646594224 0.4306949580452041 0
1000 0.7396179126849827 0.4638244340987301 0
1001 0.7209785630150954 0.4963053315116605 0
1002 0.701273223523307 0.5280931810297295 0
1003 0.6805313273214708 0.5591446883231335 0
1004 0.6587840647965796 0.5894178073834324 0
1005 0.6360643307336856 0.6188718118041698 0
1006 0.6124066685493545 0.6474673638243712 0
1007 0.5878472117301917 0.6751665810178707 0
1008 0.5624236225757253 0.7019331005154088 0
1009 0.536175028349488 0.7277321406506233 0
1010 0.5091419549465477 0.7525305599254275 0
1011 0.4813662581899356 0.7762969131948083 0
1012 0.4528910528724472 0.7990015049757979 0
1013 0.423760639664112 0.8206164397902421 0
1014 0.394020430009243 0.8411156694560182 0
1015 0.3637168691403928 0.8604750372465328 0
1016 0.3328973573397229 0.8786723188436334 0
1017 0.3016101695812849 0.8956872600145049 0
1018 0.2699043736904282 0.9115016109486835 0
1019 0.8296432331569259 0.03577686742915115 0
1020 0.82482389064233 0.07150720982042563 0
1021 0.8188781782093074 0.1071445810098685 0
1022 0.8118108778131387 0.1426426924476525 0
1023 0.8036286728377714 0.1779554916710808 0
1024 0.7943401367654772 0.2130372403773516 0
1025 0.7839557186422212 0.2478425919637273 0
1026 0.7724877253633896 0.2823266684036541 0
1027 0.7599503008099033 0.3164451363285032 0
1028 0.746359401870089 0.350154282185956 0
1029 0.7317327713879584 0.3834110863476107 0
1030 0.7160899080837548 0.4161732960401814 0
1031 0.6994520334977624 0.4483994969766489 0
1032 0.6818420560134182 0.4800491835659205 0
1033 0.6632845320207172 0.5110828275819816 0
1034 0.6438056242857517 0.5414619451761186 0
1035 0.6234330575969597 0.5711491621186067 0
1036 0.6021960717632762 0.6001082771592621 0
1037 0.5801253720438706 0.6283043233994411 0
1038 0.5572530770935039 0.6557036275714406 0
1039 0.5336126645117558 0.6822738671248078 0
1040 0.5092389140884339 0.7079841250227764 0
1041 0.4841678488413758 0.7328049421559355 0
1042 0.4584366739466094 0.7567083672842742 0
1043 0.4320837136643976 0.7796680044229315 0
1044 0.4051483463680996 0.8016590575913265 0
1045 0.3776709377859938 0.8226583728497942 0
1046 0.349692772569238 0.8426444775524737 0
1047 0.321255984301976 0.8615976167498964 0
1048 0.2924034840722533 0.87949978667956 0
1049 0.2631788877248251 0.8963347652877188 0
1050 0.7872659540123103 0.03442975900050721 0
1051 0.7818771543120387 0.06881880859287259 0
1052 0.7755027809331441 0.103126508383635 0
1053 0.7681470180864963 0.1373123558916959 0
1054 0.7598157137330501 0.1713360552121957 0
1055 0.7505163696697927 0.2051575853301826 0
1056 0.7402581288119439 0.2387372679682613 0
1057 0.729051759692966 0.2720358348531973 0
1058 0.7169096382086655 0.3050144942874402 0
1059 0.7038457266363278 0.3376349969127115 0
1060 0.6898755499644635 0.3698597005541593 0
1061 0.6750161695732857 0.4016516340351587 0
1062 0.6592861543105422 0.4329745598545677 0
1063 0.642705549011741 0.4637930356201804 0
1064 0.6252958405181277 0.4940724741342339 0
1065 0.6070799212500329 0.5237792020291037 0
1066 0.5880820503973397 0.5528805168537807 0
1067 0.5683278127928668 0.5813447425143543 0
1068 0.5478440755383869 0.6091412829745109 0
1069 0.5266589424568159 0.6362406741250105 0
1070 0.5048017064477865 0.6626146337342069 0
1071 0.4823027998273797 0.6882361093949293 0
1072 0.4591937427362038 0.7130793243864437 0
1073 0.4355070897032833 0.7371198213737399 0
1074 0.411276374456348 0.7603345038700652 0
1075 0.3865360530720872 0.7827016753924106 0
1076 0.3613214455627446 0.8042010762435698 0
1077 0.3356686759980833 0.8248139178584146 0
1078 0.309614611264229 0.8445229146561593 0
1079 0.2831967985632217 0.863312313344615 0
1080 0.2564534017592219 0.8811679196267539 0
1081 0.7448886748676944 0.03308265057186344 0
1082 0.7389304179817475 0.06613040736531928 0
1083 0.7321273836569806 0.09910843575740141 0
1084 0.7244831583598539 0.1319820193357393 0
1085 0.7160027546283287 0.1647166187533106 0
1086 0.706692602574108 0.1972779302830137 0
1087 0.696560538981666 0.2296319439727954 0
1088 0.6856157940225422 0.2617450013027404 0
1089 0.6738689756074276 0.2935838522463773 0
1090 0.6613320514025668 0.325115711639467 0
1091 0.6480183285409689 0.356308314760708 0
1092 0.6339424310628162 0.387129972030136 0
1093 0.6191202751233219 0.4175496227324865 0
1094 0.6035690420100638 0.4475368876744402 0
1095 0.587307149015538 0.4770621206864862 0
1096 0.570354218214314 0.5060964588820889 0
1097 0.5527310431977198 0.5346118715889548 0
1098 0.5344595538224572 0.5625812078694465 0
1099 0.5155627790329032 0.5899782425495808 0
1100 0.496064807820128 0.6167777206785805 0
1101 0.4759907483838169 0.6429554003436059 0
1102 0.4553666855663254 0.6684880937670822 0
1103 0.4342196366310319 0.6933537066169516 0
1104 0.4125775054599571 0.7175312754632055 0
1105 0.3904690352482982 0.7410010033171986 0
1106 0.3679237597760747 0.7637442931934949 0
1107 0.3449719533394954 0.7857437796373455 0
1108 0.3216445794269285 0.8069833581643555 0
1109 0.297973238226482 0.8274482125624223 0
1110 0.27399011305419 0.8471248400096699 0
1111 0.2497279157936189 0.8660010739657892 0
1112 0.7025113957230786 0.03173554214321944 0
1113 0.6959836816514562 0.06344200613776596 0
1114 0.6887519863808171 0.09509036313116781 0
1115 0.6808192986332118 0.1266516827797828 0
1116 0.6721897955236072 0.1580971822944255 0
1117 0.6628688354784233 0.1893982752358446 0
1118 0.6528629491513883 0.2205266199773295 0
1119 0.6421798283521186 0.2514541677522837 0
1120 0.6308283130061897 0.2821532102053143 0
1121 0.6188183761688058 0.3125964263662223 0
1122 0.6061611071174741 0.3427569289672565 0
1123 0.5928686925523469 0.3726083100251132 0
1124 0.5789543959361017 0.4021246856104053 0
1125 0.5644325350083865 0.4312807397287001 0
1126 0.5493184575129484 0.4600517672387384 0
1127 0.533628515178595 0.4884137157350739 0
1128 0.5173800359980999 0.516343226324129 0
1129 0.5005912948520478 0.5438176732245387 0
1130 0.4832814825274193 0.5708152021246504 0
1131 0.46547067318344 0.5973147672321503 0
1132 0.4471797903198475 0.6232961669530047 0
1133 0.4284305713052712 0.6487400781392352 0
1134 0.4092455305258599 0.6736280888474596 0
1135 0.3896479212166309 0.6979427295526711 0
1136 0.3696616960402486 0.7216675027643321 0
1137 0.3493114664800623 0.7447869109945791 0
1138 0.3286224611162462 0.7672864830311212 0
1139 0.3076204828557738 0.789152798470296 0
1140 0.286331865188735 0.8103735104686852 0
1141 0.2647834275451583 0.830937366674725 0
1142 0.2430024298280157 0.8508342283048242 0
1143 0.660134116578463 0.03038843371457561 0
1144 0.653036945321165 0.06075360491021292 0
1145 0.6453765891046539 0.09107229050493415 0
1146 0.6371554389065693 0.1213213462238262 0
1147 0.6283768364188859 0.1514777458355403 0
1148 0.6190450683827388 0.1815186201886756 0
1149 0.6091653593211107 0.2114212959818635 0
1150 0.5987438626816948 0.2411633342018269 0
1151 0.5877876504049517 0.2707225681642514 0
1152 0.5763047009350446 0.3000771410929778 0
1153 0.5643038856939794 0.3292055431738052 0
1154 0.5517949540418776 0.3580866480200904 0
1155 0.5387885167488814 0.3866997484883242 0
1156 0.5252960280067093 0.41502459178296 0
1157 0.5113297660103587 0.4430414137909906 0
1158 0.496902812142876 0.4707309725880591 0
1159 0.4820290287984799 0.4980745810593031 0
1160 0.4667230358816382 0.5250541385796309 0
1161 0.4510001860219355 0.5516521616997203 0
1162 0.434876538546752 0.57785181378572 0
1163 0.418368832255878 0.6036369335624038 0
1164 0.401494457044217 0.6289920625113881 0
1165 0.384271424420688 0.6539024710779676 0
1166 0.3667183369733048 0.678354183642137 0
1167 0.3488543568321989 0.7023340022114656 0
1168 0.3306991731840498 0.7258295287956631 0
1169 0.312272968892997 0.7488291864248969 0
1170 0.293596386284619 0.7713222387762368 0
1171 0.274690492150988 0.7932988083749482 0
1172 0.2555767420361266 0.8147498933397801 0
1173 0.2362769438624126 0.8356673826438594 0
1174 0.6177568374338472 0.02904132528593162 0
1175 0.6100902089908737 0.05806520368265966 0
1176 0.6020011918284903 0.08705421787870071 0
1177 0.593491579179927 0.1159910096678696 0
1178 0.5845638773141644 0.1448583093766553 0
1179 0.5752213012870541 0.1736389651415067 0
1180 0.5654677694908331 0.2023159719863976 0
1181 0.5553078970112711 0.23087250065137 0
1182 0.5447469878037139 0.2592919261231885 0
1183 0.5337910257012836 0.2875578558197333 0
1184 0.5224466642704846 0.3156541573803537 0
1185 0.5107212155314083 0.3435649860150677 0
1186 0.4986226375616611 0.371274811366243 0
1187 0.486159521005032 0.3987684438372198 0
1188 0.4733410745077691 0.4260310603432428 0
1189 0.460177109107157 0.4530482294410442 0
1190 0.44667802159886 0.4798059357944772 0
1191 0.4328547769112287 0.506290603934723 0
1192 0.4187188895164516 0.5324891212747901 0
1193 0.404282403910064 0.5583888603392899 0
1194 0.3895578741919086 0.5839777001718027 0
1195 0.3745583427831628 0.6092440468835409 0
1196 0.359297318315516 0.6341768533084757 0
1197 0.3437887527299786 0.6587656377316026 0
1198 0.3280470176241492 0.6830005016585992 0
1199 0.3120868798880374 0.7068721465967474 0
1200 0.2959234766697477 0.7303718898186726 0
1201 0.2795722897134643 0.7534916790821775 0
1202 0.263049119113241 0.7762241062812111 0
1203 0.246370056527095 0.7985624200048349 0
1204 0.2295514578968094 0.8205005369828946 0
1205 0.5753795582892316 0.02769421685728779 0
1206 0.5671434726605826 0.05537680245510651 0
1207 0.558625794552327 0.08303614525246689 0
1208 0.5498277194532848 0.110660673111913 0
1209 0.540750918209443 0.1382388729177702 0
1210 0.5313975341913695 0.1657593100943377 0
1211 0.5217701796605555 0.1932106479909316 0
1212 0.5118719313408475 0.2205816671009132 0
1213 0.5017063252024759 0.2478612840821256 0
1214 0.4912773504675224 0.2750385705464887 0
1215 0.4805894428469898 0.3021027715869024 0
1216 0.469647477020939 0.3290433240100449 0
1217 0.4584567583744409 0.3558498742441618 0
1218 0.4470230140033548 0.3825122958914797 0
1219 0.4353523830051795 0.409020706895495 0
1220 0.4234514060714382 0.4353654862940293 0
1221 0.4113270143992401 0.4615372905296513 0
1222 0.3989865179408192 0.4875270692898152 0
1223 0.3864375930109679 0.51332608084986 0
1224 0.3736882692733761 0.5389259068928599 0
1225 0.3607469161279391 0.5643184667812017 0
1226 0.3476222285221086 0.5894960312556938 0
1227 0.3343232122103441 0.6144512355389837 0
1228 0.3208591684866525 0.6391770918210683 0
1229 0.3072396784160994 0.6636670011057327 0
1230 0.293474586592025 0.6879147643978314 0
1231 0.2795739844464985 0.7119145932124484 0
1232 0.2655481931423096 0.7356611193881184 0
1233 0.251407746075494 0.759149404187474 0
1234 0.2371633710180633 0.7823749466698899 0
1235 0.2228259719312063 0.8053336913219297 0
1236 0.5330022791446158 0.02634710842864391 0
1237 0.5241967363302913 0.05268840122755325 0
1238 0.5152503972761635 0.07901807262623345 0
1239 0.5061638597266425 0.1053303365559564 0
1240 0.4969379591047216 0.131619436458885 0
1241 0.4875737670956848 0.1578796550471688 0
1242 0.4780725898302778 0.1841053239954657 0
1243 0.4684359656704239 0.2102908335504565 0
1244 0.4586656626012381 0.2364306420410626 0
1245 0.4487636752337613 0.2625192852732443 0
1246 0.438732221423495 0.288551385793451 0
1247 0.4285737385104696 0.3145216620050222 0
1248 0.4182908791872206 0.3404249371220806 0
1249 0.4078865070016776 0.3662561479457396 0
1250 0.3973636915025899 0.3920103534477474 0
1251 0.3867257030357192 0.4176827431470144 0
1252 0.3759760071996202 0.4432686452648255 0
1253 0.3651182589704098 0.4687635346449074 0
1254 0.354156296505484 0.4941630404249298 0
1255 0.3430941346366882 0.5194629534464297 0
1256 0.3319359580639696 0.5446592333906007 0
1257 0.3206861142610544 0.5697480156278468 0
1258 0.3093491061051721 0.5947256177694917 0
1259 0.2979295842433263 0.619588545910534 0
1260 0.2864323392080498 0.6443335005528663 0
1261 0.2748622932960125 0.6689573821989157 0
1262 0.2632244922232493 0.693457296606224 0
1263 0.2515240965711548 0.7178305596940591 0
1264 0.239766373037747 0.742074702093737 0
1265 0.2279566855090317 0.7661874733349449 0
1266 0.2161004859656031 0.790166845660965 0
1267 0.006667256844017921 0.954164810857545 0
1268 0.006667847021369022 0.95832962171509 0
1269 0.006668437198720178 0.9624944325726353 0
1270 0.006669027376071501 0.9666592434301805 0
1271 0.006669617553422602 0.9708240542877258 0
1272 0.006670207730773814 0.9749888651452708 0
1273 0.006670797908125081 0.9791536760028158 0
1274 0.006671388085476349 0.9833184868603608 0
1275 0.006671978262827449 0.9874832977179061 0
1276 0.00667256844017855 0.991648108575451 0
1277 0.006673158617529762 0.9958129194329964 0
1278 0.0133344889176279 0.9541592435128371 0
1279 0.01333564450192237 0.9583184870256742 0
1280 0.01333680008621718 0.9624777305385113 0
1281 0.01333795567051166 0.9666369740513486 0
1282 0.01333911125480625 0.9707962175641857 0
1283 0.01334026683910089 0.9749554610770229 0
1284 0.01334142242339548 0.9791147045898597 0
1285 0.01334257800768995 0.983273948102697 0
1286 0.01334373359198465 0.9874331916155342 0
1287 0.01334488917627924 0.9915924351283716 0
1288 0.01334604476057383 0.9957516786412084 0
1289 0.0200016714515257 0.9541499648805088 0
1290 0.02000334290305145 0.9582999297610179 0
1291 0.02000501435457719 0.9624498946415269 0
1292 0.02000668580610288 0.9665998595220361 0
1293 0.02000835725762856 0.9707498244025452 0
1294 0.02001002870915419 0.974899789283054 0
1295 0.0200117001606801 0.9790497541635631 0
1296 0.02001337161220568 0.983199719044072 0
1297 0.02001504306373136 0.9873496839245811 0
1298 0.02001671451525716 0.9914996488050901 0
1299 0.0200183859667829 0.995649613685599 0
1300 0.02666877967861314 0.9541369753738255 0
1301 0.02667089269055972 0.9582739507476512 0
1302 0.02667300570250619 0.9624109261214769 0
1303 0.02667511871445255 0.9665479014953026 0
1304 0.02667723172639919 0.9706848768691282 0
1305 0.02667934473834555 0.974821852242954 0
1306 0.02668145775029224 0.9789588276167794 0
1307 0.02668357076223865 0.9830958029906052 0
1308 0.02668568377418506 0.9872327783644308 0
1309 0.02668779678613148 0.9913697537382565 0
1310 0.026689909798078 0.9955067291120822 0
1311 0.03333578883510174 0.9541202755713319 0
1312 0.03333824433687022 0.9582405511426643 0
1313 0.03334069983863869 0.962360826713996 0
1314 0.03334315534040716 0.9664811022853286 0
1315 0.03334561084217552 0.9706013778566606 0
1316 0.03334806634394399 0.9747216534279927 0
1317 0.03335052184571258 0.9788419289993248 0
1318 0.03335297734748094 0.9829622045706572 0
1319 0.03335543284924941 0.9870824801419892 0
1320 0.03335788835101783 0.9912027557133213 0
1321 0.03336034385278625 0.9953230312846535 0
1322 0.04000267416161574 0.9540998662168276 0
1323 0.04000534832323149 0.958199732433656 0
1324 0.04000802248484719 0.9622995986504836 0
1325 0.04001069664646278 0.9663994648673117 0
1326 0.04001337080807849 0.9704993310841398 0
1327 0.04001604496969419 0.9745991973009676 0
1328 0.04001871913130989 0.9786990635177955 0
1329 0.04002139329292559 0.9827989297346236 0
1330 0.04002406745454118 0.9868987959514514 0
1331 0.04002674161615688 0.9909986621682793 0
1332 0.04002941577777258 0.9950985283851074 0
1333 0.04666941090429422 0.9540757482193337 0
1334 0.0466721551419218 0.9581514964386678 0
1335 0.04667489937954927 0.9622272446580016 0
1336 0.04667764361717686 0.9663029928773355 0
1337 0.04668038785480433 0.9703787410966694 0
1338 0.04668313209243197 0.9744544893160031 0
1339 0.04668587633005944 0.978530237535337 0
1340 0.04668862056768708 0.9826059857546708 0
1341 0.04669136480531461 0.9866817339740048 0
1342 0.04669410904294208 0.9907574821933387 0
1343 0.04669685328056955 0.9948332304126725 0
1344 0.05333597431589465 0.9540479226530516 0
1345 0.05333861529845607 0.9580958453061029 0
1346 0.05334125628101732 0.9621437679591544 0
1347 0.0533438972635788 0.9661916906122061 0
1348 0.05334653824614005 0.9702396132652575 0
1349 0.05334917922870158 0.9742875359183093 0
1350 0.05335182021126289 0.9783354585713606 0
1351 0.0533544611938242 0.9823833812244122 0
1352 0.05335710217638551 0.9864313038774636 0
1353 0.05335974315894693 0.9904792265305152 0
1354 0.05336238414150835 0.9945271491835668 0
1355 0.06000233965689439 0.9540163907573153 0
1356 0.06000467931378878 0.9580327815146309 0
1357 0.06000701897068317 0.9620491722719463 0
1358 0.0600093586275775 0.9660655630292616 0
1359 0.06001169828447195 0.9700819537865771 0
1360 0.06001403794136628 0.9740983445438928 0
1361 0.06001637759826073 0.9781147353012078 0
1362 0.06001871725515506 0.9821311260585236 0
1363 0.06002105691204951 0.986147516815839 0
1364 0.0600233965689439 0.9901639075731544 0
1365 0.06002573622583818 0.9941802983304698 0
1366 0.06666848219659249 0.9539811539365377 0
1367 0.06667029772651833 0.957962307873076 0
1368 0.06667211325644423 0.9619434618096137 0
1369 0.06667392878637013 0.9659246157461518 0
1370 0.06667574431629597 0.9699057696826898 0
1371 0.06667755984622187 0.9738869236192278 0
1372 0.06667937537614765 0.9778680775557655 0
1373 0.06668119090607366 0.9818492314923035 0
1374 0.06668300643599945 0.9858303854288416 0
1375 0.06668482196592529 0.9898115393653797 0
1376 0.06668663749585119 0.9937926933019176 0
1377 0.07333437721421188 0.9539422137601463 0
1378 0.07333542109509039 0.957884427520293 0
1379 0.07333646497596896 0.9618266412804397 0
1380 0.07333750885684731 0.9657688550405863 0
1381 0.07333855273772588 0.9697110688007328 0
1382 0.07333959661860423 0.9736532825608796 0
1383 0.0733406404994828 0.9775954963210262 0
1384 0.07334168438036137 0.9815377100811724 0
1385 0.07334272826123989 0.9854799238413191 0
1386 0.07334377214211829 0.9894221376014658 0
1387 0.07334481602299692 0.9933643513616122 0
1388 0.1990377188116435 0.8198885657824204 0
1389 0.1938710776420865 0.8257619120198593 0
1390 0.1887034120569047 0.8316310486828742 0
1391 0.1835347524350366 0.8374959684945436 0
1392 0.1783651292070998 0.8433566643971766 0
1393 0.173194572853809 0.8492131295526794 0
1394 0.1680231139043911 0.855065357342912 0
1395 0.1628507829349987 0.8609133413700303 0
1396 0.1576776105671193 0.866757075456821 0
1397 0.1525036274659846 0.8725965536470207 0
1398 0.1473288643389754 0.878431770205627 0
1399 0.1421533519340251 0.8842627196191957 0
1400 0.1369771210380218 0.8900893965961283 0
1401 0.1318002024752074 0.895911796066946 0
1402 0.1266226271055746 0.9017299131845548 0
1403 0.1214444258232634 0.9075437433244959 0
1404 0.1162656295549542 0.9133532820851873 0
1405 0.1110862692582602 0.9191585252881516 0
1406 0.1059063759201179 0.9249594689782344 0
1407 0.1007259805551767 0.9307561094238092 0
1408 0.09554511420418504 0.9365484431169712 0
1409 0.09036380793237841 0.9423364667737204 0
1410 0.08518209282786293 0.9481201773341315 0
1411 0.2030754376232871 0.8335271315648405 0
1412 0.197742155284173 0.8390238240397185 0
1413 0.1924068241138094 0.8445120973657481 0
1414 0.1870695048700733 0.8499919369890869 0
1415 0.1817302584141995 0.8554633287943527 0
1416 0.1763891457076179 0.8609262591053588 0
1417 0.1710462278087822 0.8663807146858236 0
1418 0.1657015658699973 0.8718266827400607 0
1419 0.1603552211342387 0.8772641509136422 0
1420 0.1550072549319691 0.8826931072940414 0
1421 0.1496577286779505 0.888113540411254 0
1422 0.1443067038680501 0.8935254392383913 0
1423 0.1389542420760435 0.8989287931922564 0
1424 0.1336004049504146 0.9043235921338921 0
1425 0.1282452542111492 0.9097098263691096 0
1426 0.1228888516465269 0.9150874866489919 0
1427 0.1175312591099085 0.9204565641703745 0
1428 0.1121725385165204 0.9258170505763031 0
1429 0.1068127518402359 0.9311689379564688 0
1430 0.1014519611103535 0.9365122188476185 0
1431 0.09609022840837017 0.9418468862339425 0
1432 0.09072761586475681 0.9471729335474407 0
1433 0.08536418565572562 0.9524903546682633 0
1434 0.2071131564349307 0.8471656973472609 0
1435 0.2016132329262595 0.8522857360595777 0
1436 0.1961102361707142 0.8573931460486224 0
1437 0.1906042573051099 0.8624879054836304 0
1438 0.1850953876212994 0.8675699931915291 0
1439 0.1795837185614268 0.872639388658038 0
1440 0.1740693417131733 0.8776960720287355 0
1441 0.1685523488049959 0.8827400241100911 0
1442 0.163032831701358 0.8877712263704629 0
1443 0.1575108823979537 0.8927896609410622 0
1444 0.1519865930169257 0.8977953106168808 0
1445 0.1464600558020752 0.902788158857587 0
1446 0.1409313631140652 0.9077681897883846 0
1447 0.135400607425622 0.912735388200838 0
1448 0.1298678813167238 0.9176897395536643 0
1449 0.1243332774697903 0.9226312299734878 0
1450 0.1187968886648627 0.9275598462555615 0
1451 0.1132588077747806 0.9324755758644547 0
1452 0.107719127760354 0.9373784069347034 0
1453 0.1021779416655301 0.9422683282714276 0
1454 0.09663534261255519 0.9471453293509138 0
1455 0.09109142379713525 0.952009400321161 0
1456 0.08554627848358848 0.9568605320023946 0
1457 0.2111508752465742 0.8608042631296812 0
1458 0.205484310568346 0.8655476480794368 0
1459 0.1998136482276189 0.8702741947314965 0
1460 0.1941390097401465 0.8749838739781739 0
1461 0.1884605168283991 0.8796766575887055 0
1462 0.1827782914152359 0.8843525182107174 0
1463 0.1770924556175645 0.8890114293716473 0
1464 0.1714031317399946 0.8936533654801213 0
1465 0.1657104422684774 0.898278301827284 0
1466 0.1600145098639383 0.9028862145880829 0
1467 0.1543154573559011 0.9074770808225079 0
1468 0.1486134077361002 0.9120508784767829 0
1469 0.142908484152087 0.9166075863845128 0
1470 0.1372008099008294 0.9211471842677843 0
1471 0.1314905084222985 0.9256696527382192 0
1472 0.1257777032930537 0.9301749732979837 0
1473 0.1200625182198169 0.9346631283407489 0
1474 0.1143450770330408 0.9391341011526065 0
1475 0.1086255036804721 0.9435878759129378 0
1476 0.1029039222207068 0.948024437695237 0
1477 0.09718045681674031 0.952443772467885 0
1478 0.09145523172951381 0.9568458670948815 0
1479 0.08572837131145133 0.9612307093365263 0
1480 0.2151885940582179 0.8744428289121013 0
1481 0.2093553882104325 0.8788095600992962 0
1482 0.2035170602845237 0.8831552434143706 0
1483 0.1976737621751833 0.8874798424727173 0
1484 0.1918256460354989 0.8917833219858821 0
1485 0.1859728642690448 0.8960656477633967 0
1486 0.1801155695219556 0.9003267867145592 0
1487 0.1742539146749933 0.9045667068501517 0
1488 0.1683880528355967 0.908785377284105 0
1489 0.1625181373299229 0.9129827682351035 0
1490 0.1566443216948764 0.9171588510281349 0
1491 0.1507667596701252 0.9213135980959783 0
1492 0.144885605190109 0.9254469829806408 0
1493 0.1390010123760368 0.9295589803347301 0
1494 0.1331131355278731 0.933649565922774 0
1495 0.1272221291163174 0.9377187166224796 0
1496 0.1213281477747712 0.941766410425936 0
1497 0.1154313462913009 0.9457926264407581 0
1498 0.1095318796005901 0.9497973448911724 0
1499 0.1036299027758835 0.953780547119046 0
1500 0.09772557102092549 0.9577422155848562 0
1501 0.09181903966189225 0.9616823338686016 0
1502 0.08591046413931408 0.9656008866706577 0
1503 0.2192263128698614 0.8880813946945217 0
1504 0.2132264658525191 0.8920714721191554 0
1505 0.2072204723414283 0.8960362920972448 0
1506 0.2012085146102199 0.899975810967261 0
1507 0.1951907752425987 0.9038899863830584 0
1508 0.1891674371228538 0.9077787773160761 0
1509 0.1831386834263468 0.9116421440574711 0
1510 0.177104697609992 0.9154800482201821 0
1511 0.1710656634027161 0.919292452740926 0
1512 0.1650217647959075 0.9230793218821244 0
1513 0.1589731860338517 0.9268406212337619 0
1514 0.1529201116041503 0.9305763177151741 0
1515 0.1468627262281306 0.9342863795767691 0
1516 0.1408012148512442 0.9379707764016763 0
1517 0.1347357626334478 0.9416294791073289 0
1518 0.1286665549395808 0.9452624599469756 0
1519 0.1225937773297255 0.9488696925111232 0
1520 0.1165176155495612 0.9524511517289096 0
1521 0.1104382555207081 0.956006813869407 0
1522 0.1043558833310603 0.9595366565428552 0
1523 0.09827068522511057 0.9630406587018273 0
1524 0.0921828475942707 0.9665188006423221 0
1525 0.08609255696717694 0.9699710640047895 0
1526 0.2232640316815049 0.9017199604769419 0
1527 0.2170975434946055 0.9053333841390148 0
1528 0.2109238843983331 0.908917340780119 0
1529 0.2047432670452566 0.9124717794618042 0
1530 0.1985559044496985 0.9159966507802347 0
1531 0.1923620099766628 0.9194919068687556 0
1532 0.1861617973307379 0.9229575014003829 0
1533 0.1799554805449906 0.9263933895902124 0
1534 0.1737432739698354 0.9297995281977469 0
1535 0.1675253922618921 0.933175875529145 0
1536 0.161302050372827 0.9365223914393889 0
1537 0.1550734635381753 0.9398390373343697 0
1538 0.1488398472661525 0.9431257761728971 0
1539 0.1426014173264516 0.9463825724686221 0
1540 0.1363583897390224 0.9496093922918835 0
1541 0.1301109807628443 0.9528062032714716 0
1542 0.1238594068846797 0.9559729745963105 0
1543 0.1176038848078213 0.9591096770170612 0
1544 0.1113446314408261 0.9622162828476413 0
1545 0.1050818638862369 0.9652927659666645 0
1546 0.09881579942929569 0.9683391018187983 0
1547 0.09254665552664915 0.9713552674160423 0
1548 0.08627464979503979 0.9743412413389211 0
1549 0.2273017504931485 0.9153585262593622 0
1550 0.220968621136692 0.9185952961588738 0
1551 0.2146272964552378 0.9217983894629929 0
1552 0.2082780194802932 0.9249677479563476 0
1553 0.2019210336567983 0.9281033151774111 0
1554 0.1955565828304717 0.9312050364214349 0
1555 0.1891849112351289 0.9342728587432948 0
1556 0.1828062634799892 0.9373067309602428 0
1557 0.1764208845369548 0.9403066036545679 0
1558 0.1700290197278767 0.9432724291761658 0
1559 0.1636309147118023 0.9462041616450156 0
1560 0.1572268154722003 0.9491017569535655 0
1561 0.1508169683041742 0.9519651727690253 0
1562 0.1444016198016589 0.9547943685355681 0
1563 0.137981016844597 0.9575893054764384 0
1564 0.1315554065861077 0.9603499465959674 0
1565 0.125125036439634 0.9630762566814978 0
1566 0.1186901540660815 0.9657682023052128 0
1567 0.1122510073609442 0.9684257518258759 0
1568 0.1058078444414138 0.9710488753904737 0
1569 0.09936091363348087 0.9736375449357697 0
1570 0.09291046345902759 0.9761917341897629 0
1571 0.08645674262290265 0.9787114186730528 0
1572 0.231339469304792 0.9289970920417825 0
1573 0.2248396987787785 0.931857208178733 0
1574 0.2183307085121425 0.934679438145867 0
1575 0.2118127719153298 0.937463716450891 0
1576 0.2052861628638981 0.9402099795745872 0
1577 0.1987511556842807 0.9429181659741139 0
1578 0.1922080251395201 0.9455882160862067 0
1579 0.1856570464149879 0.9482200723302731 0
1580 0.1790984951040741 0.9508136791113888 0
1581 0.1725326471938612 0.9533689828231865 0
1582 0.1659597790507775 0.9558859318506426 0
1583 0.1593801674062254 0.9583644765727612 0
1584 0.152794089342196 0.9608045693651533 0
1585 0.1462018222768663 0.9632061646025142 0
1586 0.1396036439501717 0.9655692186609931 0
1587 0.1329998324093711 0.9678936899204632 0
1588 0.1263906659945884 0.9701795387666847 0
1589 0.1197764233243417 0.9724267275933643 0
1590 0.1131573832810623 0.9746352208041102 0
1591 0.1065338249965904 0.9768049848142828 0
1592 0.099906027837666 0.978935988052741 0
1593 0.09327427139140604 0.9810282009634831 0
1594 0.08663883545076545 0.9830815960071845 0
1595 0.2353771881164355 0.9426356578242029 0
1596 0.2287107764208649 0.9451191201985921 0
1597 0.2220341205690472 0.9475604868287411 0
1598 0.2153475243503664 0.9499596849454348 0
1599 0.2086512920709979 0.9523166439717639 0
1600 0.2019457285380896 0.9546312955267933 0
1601 0.1952311390439112 0.9569035734291186 0
1602 0.1885078293499865 0.9591334137003035 0
1603 0.1817761056711935 0.96132075456821 0
1604 0.1750362746598458 0.9634655364702075 0
1605 0.1682886433897528 0.9655677020562697 0
1606 0.1615335193402504 0.9676271961919568 0
1607 0.1547712103802177 0.9696439659612819 0
1608 0.1480020247520737 0.9716179606694603 0
1609 0.1412262710557463 0.9735491318455479 0
1610 0.1344442582326346 0.9754374332449592 0
1611 0.1276562955495425 0.9772828208518722 0
1612 0.1208626925826018 0.979085252881516 0
1613 0.1140637592011803 0.9808446897823447 0
1614 0.1072598055517671 0.9825610942380919 0
1615 0.1004511420418511 0.9842344311697122 0
1616 0.09363807932378437 0.9858646677372035 0
1617 0.0868209282786282 0.9874517733413161 0
1618 0.2394149069280791 0.9562742236066232 0
1619 0.2325818540629515 0.9583810322184516 0
1620 0.225737532625952 0.960441535511615 0
1621 0.218882276785403 0.9624556534399779 0
1622 0.2120164212780976 0.9644233083689403 0
1623 0.2051403013918986 0.9663444250794727 0
1624 0.1982542529483023 0.9682189307720301 0
1625 0.1913586122849852 0.9700467550703337 0
1626 0.1844537162383128 0.9718278300250309 0
1627 0.1775399021258303 0.9735620901172281 0
1628 0.1706175077287281 0.9752494722618965 0
1629 0.1636868712742755 0.9768899158111523 0
1630 0.1567483314182396 0.9784833625574098 0
1631 0.1498022272272811 0.9800297567364061 0
1632 0.142848898161321 0.9815290450301026 0
1633 0.135888684055898 0.9829811765694551 0
1634 0.1289219251044968 0.9843861029370593 0
1635 0.121948961840862 0.9857437781696675 0
1636 0.1149701351212983 0.9870541587605791 0
1637 0.107985786106944 0.9883172036619012 0
1638 0.1009962562460361 0.9895328742866832 0
1639 0.09400188725616282 0.9907011345109239 0
1640 0.087003021106491 0.9918219506754473 0
1641 0.03749999999999987 1.35004 0
1642 0.07499999999999984 1.35004 0
1643 0.1124999999999997 1.35004 0
1644 0.1499999999999997 1.35004 0
1645 0.1874999999999998 1.35004 0
1646 0.225 1.35004 0
1647 0.2624999999999998 1.35004 0
1648 0.03749999999999976 1.30004 0
1649 0.07499999999999996 1.30004 0
1650 0.1124999999999996 1.30004 0
1651 0.1499999999999999 1.30004 0
1652 0.1874999999999998 1.30004 0
1653 0.2249999999999999 1.30004 0
1654 0.2625 1.30004 0
1655 0.03750000000000009 1.25004 0
1656 0.07499999999999984 1.25004 0
1657 0.1124999999999997 1.25004 0
1658 0.1499999999999997 1.25004 0
1659 0.1874999999999998 1.25004 0
1660 0.2249999999999999 1.25004 0
1661 0.2625 1.25004 0
1662 0.03749999999999998 1.20004 0
1663 0.07499999999999984 1.20004 0
1664 0.1124999999999997 1.20004 0
1665 0.1499999999999999 1.20004 0
1666 0.1874999999999998 1.20004 0
1667 0.225 1.20004 0
1668 0.2625 1.20004 0
1669 0.03750000000000009 1.15004 0
1670 0.07499999999999984 1.15004 0
1671 0.1124999999999997 1.15004 0
1672 0.1499999999999999 1.15004 0
1673 0.1874999999999998 1.15004 0
1674 0.2249999999999999 1.15004 0
1675 0.2625 1.15004 0
1676 0.0375000000000002 1.10004 0
1677 0.07499999999999962 1.10004 0
1678 0.1124999999999996 1.10004 0
1679 0.1499999999999999 1.10004 0
1680 0.1874999999999998 1.10004 0
1681 0.2249999999999999 1.10004 0
1682 0.2625 1.10004 0
1683 0.03750000000000009 1.05004 0
1684 0.07499999999999984 1.05004 0
1685 0.1124999999999999 1.05004 0
1686 0.1499999999999998 1.05004 0
1687 0.1874999999999998 1.05004 0
1688 0.225 1.05004 0
1689 0.2625 1.05004 0
1690 0.3333799446615569 1.35004 0
1691 0.370097884428176 1.35004 0
1692 0.410487617819465 1.35004 0
1693 0.454916324469229 1.35004 0
1694 0.5037879018485207 1.35004 0
1695 0.5575466369771421 1.35004 0
1696 0.6166812459462196 1.35004 0
1697 0.6817293155424521 1.35004 0
1698 0.7532821916908851 1.35004 0
1699 0.8319903558161796 1.35004 0
1700 0.9185693363854459 1.35004 0
1701 1.013806214788526 1.35004 0
1702 1.118566780822173 1.35004 0
1703 1.233803402990052 1.35004 0
1704 1.360563687335507 1.35004 0
1705 0.3333799447697275 1.30004 0
1706 0.3700978845373627 1.30004 0
1707 0.4104876179287889 1.30004 0
1708 0.4549163245776263 1.30004 0
1709 0.5037879019547125 1.30004 0
1710 0.5575466370796032 1.30004 0
1711 0.6166812460431421 1.30004 0
1712 0.6817293156317036 1.30004 0
1713 0.7532821917699624 1.30004 0
1714 0.831990355885454 1.30004 0
1715 0.9185693364349087 1.30004 0
1716 1.013806214817514 1.30004 0
1717 1.118566780826097 1.30004 0
1718 1.233803402963607 1.30004 0
1719 1.360563687272582 1.30004 0
1720 0.3333799448778981 1.25004 0
1721 0.3700978846465491 1.25004 0
1722 0.410487618038113 1.25004 0
1723 0.4549163246860236 1.25004 0
1724 0.5037879020609041 1.25004 0
1725 0.5575466371820643 1.25004 0
1726 0.6166812461400647 1.25004 0
1727 0.6817293157209552 1.25004 0
1728 0.7532821918490397 1.25004 0
1729 0.8319903559547284 1.25004 0
1730 0.9185693364843717 1.25004 0
1731 1.013806214846502 1.25004 0
1732 1.118566780830019 1.25004 0
1733 1.233803402937163 1.25004 0
1734 1.360563687209658 1.25004 0
1735 0.3333799449860687 1.20004 0
1736 0.3700978847557357 1.20004 0
1737 0.4104876181474371 1.20004 0
1738 0.4549163247944207 1.20004 0
1739 0.5037879021670957 1.20004 0
1740 0.5575466372845252 1.20004 0
1741 0.6166812462369871 1.20004 0
1742 0.6817293158102067 1.20004 0
1743 0.753282191928117 1.20004 0
1744 0.8319903560240028 1.20004 0
1745 0.9185693365338344 1.20004 0
1746 1.01380621487549 1.20004 0
1747 1.118566780833942 1.20004 0
1748 1.233803402910718 1.20004 0
1749 1.360563687146733 1.20004 0
1750 0.333379945094239 1.15004 0
1751 0.3700978848649222 1.15004 0
1752 0.4104876182567611 1.15004 0
1753 0.454916324902818 1.15004 0
1754 0.5037879022732874 1.15004 0
1755 0.5575466373869865 1.15004 0
1756 0.6166812463339096 1.15004 0
1757 0.6817293158994582 1.15004 0
1758 0.7532821920071943 1.15004 0
1759 0.8319903560932772 1.15004 0
1760 0.9185693365832974 1.15004 0
1761 1.013806214904478 1.15004 0
1762 1.118566780837865 1.15004 0
1763 1.233803402884273 1.15004 0
1764 1.360563687083808 1.15004 0
1765 0.3333799452024096 1.10004 0
1766 0.3700978849741088 1.10004 0
1767 0.4104876183660851 1.10004 0
1768 0.4549163250112151 1.10004 0
1769 0.5037879023794791 1.10004 0
1770 0.5575466374894475 1.10004 0
1771 0.616681246430832 1.10004 0
1772 0.6817293159887097 1.10004 0
1773 0.7532821920862716 1.10004 0
1774 0.8319903561625517 1.10004 0
1775 0.9185693366327602 1.10004 0
1776 1.013806214933466 1.10004 0
1777 1.118566780841789 1.10004 0
1778 1.233803402857829 1.10004 0
1779 1.360563687020884 1.10004 0
1780 0.3333799453105802 1.05004 0
1781 0.3700978850832953 1.05004 0
1782 0.4104876184754092 1.05004 0
1783 0.4549163251196123 1.05004 0
1784 0.5037879024856707 1.05004 0
1785 0.5575466375919087 1.05004 0
1786 0.6166812465277547 1.05004 0
1787 0.6817293160779612 1.05004 0
1788 0.7532821921653489 1.05004 0
1789 0.831990356231826 1.05004 0
1790 0.9185693366822231 1.05004 0
1791 1.013806214962453 1.05004 0
1792 1.118566780845712 1.05004 0
1793 1.233803402831385 1.05004 0
1794 1.360563686957959 1.05004 0
$EndNodes
$Elements
1896
1 1 2 8 10 3 93
2 1 2 8 10 93 94
3 1 2 8 10 94 95
4 1 2 8 10 95 96
5 1 2 8 10 96 97
6 1 2 8 10 97 98
7 1 2 8 10 98 99
8 1 2 8 10 99 100
9 1 2 8 10 100 101
10 1 2 8 10 101 102
11 1 2 8 10 102 103
12 1 2 8 10 103 4
13 1 2 7 11 4 104
14 1 2 7 11 104 105
15 1 2 7 11 105 106
16 1 2 7 11 106 107
17 1 2 7 11 107 108
18 1 2 7 11 108 109
19 1 2 7 11 109 110
20 1 2 7 11 110 111
21 1 2 7 11 111 112
22 1 2 7 11 112 113
23 1 2 7 11 113 114
24 1 2 7 11 114 115
25 1 2 7 11 115 116
26 1 2 7 11 116 117
27 1 2 7 11 117 118
28 1 2 7 11 118 119
29 1 2 7 11 119 120
30 1 2 7 11 120 121
31 1 2 7 11 121 122
32 1 2 7 11 122 123
33 1 2 7 11 123 124
34 1 2 7 11 124 125
35 1 2 7 11 125 126
36 1 2 7 11 126 127
37 1 2 7 11 127 128
38 1 2 7 11 128 129
39 1 2 7 11 129 130
40 1 2 7 11 130 131
41 1 2 7 11 131 132
42 1 2 7 11 132 133
43 1 2 7 11 133 134
44 1 2 7 11 134 5
45 1 2 7 12 5 135
46 1 2 7 12 135 136
47 1 2 7 12 136 137
48 1 2 7 12 137 138
49 1 2 7 12 138 139
50 1 2 7 12 139 140
51 1 2 7 12 140 141
52 1 2 7 12 141 142
53 1 2 7 12 142 143
54 1 2 7 12 143 144
55 1 2 7 12 144 145
56 1 2 7 12 145 146
57 1 2 7 12 146 147
58 1 2 7 12 147 148
59 1 2 7 12 148 149
60 1 2 7 12 149 150
61 1 2 7 12 150 151
62 1 2 7 12 151 152
63 1 2 7 12 152 153
64 1 2 7 12 153 154
65 1 2 7 12 154 155
66 1 2 7 12 155 156
67 1 2 7 12 156 157
68 1 2 7 12 157 6
69 1 2 8 13 7 158
70 1 2 8 13 158 159
71 1 2 8 13 159 160
72 1 2 8 13 160 161
73 1 2 8 13 161 162
74 1 2 8 13 162 163
75 1 2 8 13 163 164
76 1 2 8 13 164 165
77 1 2 8 13 165 166
78 1 2 8 13 166 167
79 1 2 8 13 167 168
80 1 2 8 13 168 3
81 1 2 6 14 8 169
82 1 2 6 14 169 170
83 1 2 6 14 170 171
84 1 2 6 14 171 172
85 1 2 6 14 172 173
86 1 2 6 14 173 174
87 1 2 6 14 174 175
88 1 2 6 14 175 176
89 1 2 6 14 176 177
90 1 2 6 14 177 178
91 1 2 6 14 178 179
92 1 2 6 14 179 180
93 1 2 6 14 180 181
94 1 2 6 14 181 182
95 1 2 6 14 182 183
96 1 2 6 14 183 184
97 1 2 6 14 184 185
98 1 2 6 14 185 186
99 1 2 6 14 186 187
100 1 2 6 14 187 188
101 1 2 6 14 188 189
102 1 2 6 14 189 190
103 1 2 6 14 190 191
104 1 2 6 14 191 192
105 1 2 6 14 192 193
106 1 2 6 14 193 194
107 1 2 6 14 194 195
108 1 2 6 14 195 196
109 1 2 6 14 196 197
110 1 2 6 14 197 198
111 1 2 6 14 198 199
112 1 2 6 14 199 7
113 1 2 6 17 10 222
114 1 2 6 17 222 223
115 1 2 6 17 223 224
116 1 2 6 17 224 225
117 1 2 6 17 225 226
118 1 2 6 17 226 227
119 1 2 6 17 227 228
120 1 2 6 17 228 229
121 1 2 6 17 229 230
122 1 2 6 17 230 231
123 1 2 6 17 231 232
124 1 2 6 17 232 9
125 1 2 7 18 6 233
126 1 2 7 18 233 234
127 1 2 7 18 234 235
128 1 2 7 18 235 236
129 1 2 7 18 236 237
130 1 2 7 18 237 238
131 1 2 7 18 238 239
132 1 2 7 18 239 240
133 1 2 7 18 240 241
134 1 2 7 18 241 242
135 1 2 7 18 242 243
136 1 2 7 18 243 10
137 1 2 6 19 9 244
138 1 2 6 19 244 245
139 1 2 6 19 245 246
140 1 2 6 19 246 247
141 1 2 6 19 247 248
142 1 2 6 19 248 249
143 1 2 6 19 249 250
144 1 2 6 19 250 251
145 1 2 6 19 251 252
146 1 2 6 19 252 253
147 1 2 6 19 253 254
148 1 2 6 19 254 255
149 1 2 6 19 255 256
150 1 2 6 19 256 257
151 1 2 6 19 257 258
152 1 2 6 19 258 259
153 1 2 6 19 259 260
154 1 2 6 19 260 261
155 1 2 6 19 261 262
156 1 2 6 19 262 263
157 1 2 6 19 263 264
158 1 2 6 19 264 265
159 1 2 6 19 265 266
160 1 2 6 19 266 8
161 1 2 4 22 11 267
162 1 2 4 22 267 268
163 1 2 4 22 268 269
164 1 2 4 22 269 270
165 1 2 4 22 270 271
166 1 2 4 22 271 272
167 1 2 4 22 272 273
168 1 2 4 22 273 12
169 1 2 3 23 13 274
170 1 2 3 23 274 275
171 1 2 3 23 275 276
172 1 2 3 23 276 277
173 1 2 3 23 277 278
174 1 2 3 23 278 279
175 1 2 3 23 279 280
176 1 2 3 23 280 11
177 1 2 5 25 12 288
178 1 2 5 25 288 289
179 1 2 5 25 289 290
180 1 2 5 25 290 291
181 1 2 5 25 291 292
182 1 2 5 25 292 293
183 1 2 5 25 293 294
184 1 2 5 25 294 14
185 1 2 3 26 15 295
186 1 2 3 26 295 296
187 1 2 3 26 296 297
188 1 2 3 26 297 298
189 1 2 3 26 298 299
190 1 2 3 26 299 300
191 1 2 3 26 300 301
192 1 2 3 26 301 302
193 1 2 3 26 302 303
194 1 2 3 26 303 304
195 1 2 3 26 304 305
196 1 2 3 26 305 306
197 1 2 3 26 306 307
198 1 2 3 26 307 308
199 1 2 3 26 308 309
200 1 2 3 26 309 13
201 1 2 5 28 14 317
202 1 2 5 28 317 318
203 1 2 5 28 318 319
204 1 2 5 28 319 320
205 1 2 5 28 320 321
206 1 2 5 28 321 322
207 1 2 5 28 322 323
208 1 2 5 28 323 324
209 1 2 5 28 324 325
210 1 2 5 28 325 326
211 1 2 5 28 326 327
212 1 2 5 28 327 328
213 1 2 5 28 328 329
214 1 2 5 28 329 330
215 1 2 5 28 330 331
216 1 2 5 28 331 16
217 3 2 1 1 3 93 332 92
218 3 2 1 1 92 332 333 91
219 3 2 1 1 91 333 334 90
220 3 2 1 1 90 334 335 89
221 3 2 1 1 89 335 336 88
222 3 2 1 1 88 336 337 87
223 3 2 1 1 87 337 338 86
224 3 2 1 1 86 338 339 85
225 3 2 1 1 85 339 340 84
226 3 2 1 1 84 340 341 83
227 3 2 1 1 83 341 342 82
228 3 2 1 1 82 342 343 81
229 3 2 1 1 81 343 344 80
230 3 2 1 1 80 344 345 79
231 3 2 1 1 79 345 346 78
232 3 2 1 1 78 346 347 77
233 3 2 1 1 77 347 348 76
234 3 2 1 1 76 348 349 75
235 3 2 1 1 75 349 350 74
236 3 2 1 1 74 350 351 73
237 3 2 1 1 73 351 352 72
238 3 2 1 1 72 352 353 71
239 3 2 1 1 71 353 354 70
240 3 2 1 1 70 354 355 69
241 3 2 1 1 69 355 356 68
242 3 2 1 1 68 356 357 67
243 3 2 1 1 67 357 358 66
244 3 2 1 1 66 358 359 65
245 3 2 1 1 65 359 360 64
246 3 2 1 1 64 360 361 63
247 3 2 1 1 63 361 362 62
248 3 2 1 1 62 362 61 2
249 3 2 1 1 93 94 363 332
250 3 2 1 1 332 363 364 333
251 3 2 1 1 333 364 365 334
252 3 2 1 1 334 365 366 335
253 3 2 1 1 335 366 367 336
254 3 2 1 1 336 367 368 337
255 3 2 1 1 337 368 369 338
256 3 2 1 1 338 369 370 339
257 3 2 1 1 339 370 371 340
258 3 2 1 1 340 371 372 341
259 3 2 1 1 341 372 373 342
260 3 2 1 1 342 373 374 343
261 3 2 1 1 343 374 375 344
262 3 2 1 1 344 375 376 345
263 3 2 1 1 345 376 377 346
264 3 2 1 1 346 377 378 347
265 3 2 1 1 347 378 379 348
266 3 2 1 1 348 379 380 349
267 3 2 1 1 349 380 381 350
268 3 2 1 1 350 381 382 351
269 3 2 1 1 351 382 383 352
270 3 2 1 1 352 383 384 353
271 3 2 1 1 353 384 385 354
272 3 2 1 1 354 385 386 355
273 3 2 1 1 355 386 387 356
274 3 2 1 1 356 387 388 357
275 3 2 1 1 357 388 389 358
276 3 2 1 1 358 389 390 359
277 3 2 1 1 359 390 391 360
278 3 2 1 1 360 391 392 361
279 3 2 1 1 361 392 393 362
280 3 2 1 1 362 393 60 61
281 3 2 1 1 94 95 394 363
282 3 2 1 1 363 394 395 364
283 3 2 1 1 364 395 396 365
284 3 2 1 1 365 396 397 366
285 3 2 1 1 366 397 398 367
286 3 2 1 1 367 398 399 368
287 3 2 1 1 368 399 400 369
288 3 2 1 1 369 400 401 370
289 3 2 1 1 370 401 402 371
290 3 2 1 1 371 402 403 372
291 3 2 1 1 372 403 404 373
292 3 2 1 1 373 404 405 374
293 3 2 1 1 374 405 406 375
294 3 2 1 1 375 406 407 376
295 3 2 1 1 376 407 408 377
296 3 2 1 1 377 408 409 378
297 3 2 1 1 378 409 410 379
298 3 2 1 1 379 410 411 380
299 3 2 1 1 380 411 412 381
300 3 2 1 1 381 412 413 382
301 3 2 1 1 382 413 414 383
302 3 2 1 1 383 414 415 384
303 3 2 1 1 384 415 416 385
304 3 2 1 1 385 416 417 386
305 3 2 1 1 386 417 418 387
306 3 2 1 1 387 418 419 388
307 3 2 1 1 388 419 420 389
308 3 2 1 1 389 420 421 390
309 3 2 1 1 390 421 422 391
310 3 2 1 1 391 422 423 392
311 3 2 1 1 392 423 424 393
312 3 2 1 1 393 424 59 60
313 3 2 1 1 95 96 425 394
314 3 2 1 1 394 425 426 395
315 3 2 1 1 395 426 427 396
316 3 2 1 1 396 427 428 397
317 3 2 1 1 397 428 429 398
318 3 2 1 1 398 429 430 399
319 3 2 1 1 399 430 431 400
320 3 2 1 1 400 431 432 401
321 3 2 1 1 401 432 433 402
322 3 2 1 1 402 433 434 403
323 3 2 1 1 403 434 435 404
324 3 2 1 1 404 435 436 405
325 3 2 1 1 405 436 437 406
326 3 2 1 1 406 437 438 407
327 3 2 1 1 407 438 439 408
328 3 2 1 1 408 439 440 409
329 3 2 1 1 409 440 441 410
330 3 2 1 1 410 441 442 411
331 3 2 1 1 411 442 443 412
332 3 2 1 1 412 443 444 413
333 3 2 1 1 413 444 445 414
334 3 2 1 1 414 445 446 415
335 3 2 1 1 415 446 447 416
336 3 2 1 1 416 447 448 417
337 3 2 1 1 417 448 449 418
338 3 2 1 1 418 449 450 419
339 3 2 1 1 419 450 451 420
340 3 2 1 1 420 451 452 421
341 3 2 1 1 421 452 453 422
342 3 2 1 1 422 453 454 423
343 3 2 1 1 423 454 455 424
344 3 2 1 1 424 455 58 59
345 3 2 1 1 96 97 456 425
346 3 2 1 1 425 456 457 426
347 3 2 1 1 426 457 458 427
348 3 2 1 1 427 458 459 428
349 3 2 1 1 428 459 460 429
350 3 2 1 1 429 460 461 430
351 3 2 1 1 430 461 462 431
352 3 2 1 1 431 462 463 432
353 3 2 1 1 432 463 464 433
354 3 2 1 1 433 464 465 434
355 3 2 1 1 434 465 466 435
356 3 2 1 1 435 466 467 436
357 3 2 1 1 436 467 468 437
358 3 2 1 1 437 468 469 438
359 3 2 1 1 438 469 470 439
360 3 2 1 1 439 470 471 440
361 3 2 1 1 440 471 472 441
362 3 2 1 1 441 472 473 442
363 3 2 1 1 442 473 474 443
364 3 2 1 1 443 474 475 444
365 3 2 1 1 444 475 476 445
366 3 2 1 1 445 476 477 446
367 3 2 1 1 446 477 478 447
368 3 2 1 1 447 478 479 448
369 3 2 1 1 448 479 480 449
370 3 2 1 1 449 480 481 450
371 3 2 1 1 450 481 482 451
372 3 2 1 1 451 482 483 452
373 3 2 1 1 452 483 484 453
374 3 2 1 1 453 484 485 454
375 3 2 1 1 454 485 486 455
376 3 2 1 1 455 486 57 58
377 3 2 1 1 97 98 487 456
378 3 2 1 1 456 487 488 457
379 3 2 1 1 457 488 489 458
380 3 2 1 1 458 489 490 459
381 3 2 1 1 459 490 491 460
382 3 2 1 1 460 491 492 461
383 3 2 1 1 461 492 493 462
384 3 2 1 1 462 493 494 463
385 3 2 1 1 463 494 495 464
386 3 2 1 1 464 495 496 465
387 3 2 1 1 465 496 497 466
388 3 2 1 1 466 497 498 467
389 3 2 1 1 467 498 499 468
390 3 2 1 1 468 499 500 469
391 3 2 1 1 469 500 501 470
392 3 2 1 1 470 501 502 471
393 3 2 1 1 471 502 503 472
394 3 2 1 1 472 503 504 473
395 3 2 1 1 473 504 505 474
396 3 2 1 1 474 505 506 475
397 3 2 1 1 475 506 507 476
398 3 2 1 1 476 507 508 477
399 3 2 1 1 477 508 509 478
400 3 2 1 1 478 509 510 479
401 3 2 1 1 479 510 511 480
402 3 2 1 1 480 511 512 481
403 3 2 1 1 481 512 513 482
404 3 2 1 1 482 513 514 483
405 3 2 1 1 483 514 515 484
406 3 2 1 1 484 515 516 485
407 3 2 1 1 485 516 517 486
408 3 2 1 1 486 517 56 57
409 3 2 1 1 98 99 518 487
410 3 2 1 1 487 518 519 488
411 3 2 1 1 488 519 520 489
412 3 2 1 1 489 520 521 490
413 3 2 1 1 490 521 522 491
414 3 2 1 1 491 522 523 492
415 3 2 1 1 492 523 524 493
416 3 2 1 1 493 524 525 494
417 3 2 1 1 494 525 526 495
418 3 2 1 1 495 526 527 496
419 3 2 1 1 496 527 528 497
420 3 2 1 1 497 528 529 498
421 3 2 1 1 498 529 530 499
422 3 2 1 1 499 530 531 500
423 3 2 1 1 500 531 532 501
424 3 2 1 1 501 532 533 502
425 3 2 1 1 502 533 534 503
426 3 2 1 1 503 534 535 504
427 3 2 1 1 504 535 536 505
428 3 2 1 1 505 536 537 506
429 3 2 1 1 506 537 538 507
430 3 2 1 1 507 538 539 508
431 3 2 1 1 508 539 540 509
432 3 2 1 1 509 540 541 510
433 3 2 1 1 510 541 542 511
434 3 2 1 1 511 542 543 512
435 3 2 1 1 512 543 544 513
436 3 2 1 1 513 544 545 514
437 3 2 1 1 514 545 546 515
438 3 2 1 1 515 546 547 516
439 3 2 1 1 516 547 548 517
440 3 2 1 1 517 548 55 56
441 3 2 1 1 99 100 549 518
442 3 2 1 1 518 549 550 519
443 3 2 1 1 519 550 551 520
444 3 2 1 1 520 551 552 521
445 3 2 1 1 521 552 553 522
446 3 2 1 1 522 553 554 523
447 3 2 1 1 523 554 555 524
448 3 2 1 1 524 555 556 525
449 3 2 1 1 525 556 557 526
450 3 2 1 1 526 557 558 527
451 3 2 1 1 527 558 559 528
452 3 2 1 1 528 559 560 529
453 3 2 1 1 529 560 561 530
454 3 2 1 1 530 561 562 531
455 3 2 1 1 531 562 563 532
456 3 2 1 1 532 563 564 533
457 3 2 1 1 533 564 565 534
458 3 2 1 1 534 565 566 535
459 3 2 1 1 535 566 567 536
460 3 2 1 1 536 567 568 537
461 3 2 1 1 537 568 569 538
462 3 2 1 1 538 569 570 539
463 3 2 1 1 539 570 571 540
464 3 2 1 1 540 571 572 541
465 3 2 1 1 541 572 573 542
466 3 2 1 1 542 573 574 543
467 3 2 1 1 543 574 575 544
468 3 2 1 1 544 575 576 545
469 3 2 1 1 545 576 577 546
470 3 2 1 1 546 577 578 547
471 3 2 1 1 547 578 579 548
472 3 2 1 1 548 579 54 55
473 3 2 1 1 100 101 580 549
474 3 2 1 1 549 580 581 550
475 3 2 1 1 550 581 582 551
476 3 2 1 1 551 582 583 552
477 3 2 1 1 552 583 584 553
478 3 2 1 1 553 584 585 554
479 3 2 1 1 554 585 586 555
480 3 2 1 1 555 586 587 556
481 3 2 1 1 556 587 588 557
482 3 2 1 1 557 588 589 558
483 3 2 1 1 558 589 590 559
484 3 2 1 1 559 590 591 560
485 3 2 1 1 560 591 592 561
486 3 2 1 1 561 592 593 562
487 3 2 1 1 562 593 594 563
488 3 2 1 1 563 594 595 564
489 3 2 1 1 564 595 596 565
490 3 2 1 1 565 596 597 566
491 3 2 1 1 566 597 598 567
492 3 2 1 1 567 598 599 568
493 3 2 1 1 568 599 600 569
494 3 2 1 1 569 600 601 570
495 3 2 1 1 570 601 602 571
496 3 2 1 1 571 602 603 572
497 3 2 1 1 572 603 604 573
498 3 2 1 1 573 604 605 574
499 3 2 1 1 574 605 606 575
500 3 2 1 1 575 606 607 576
501 3 2 1 1 576 607 608 577
502 3 2 1 1 577 608 609 578
503 3 2 1 1 578 609 610 579
504 3 2 1 1 579 610 53 54
505 3 2 1 1 101 102 611 580
506 3 2 1 1 580 611 612 581
507 3 2 1 1 581 612 613 582
508 3 2 1 1 582 613 614 583
509 3 2 1 1 583 614 615 584
510 3 2 1 1 584 615 616 585
511 3 2 1 1 585 616 617 586
512 3 2 1 1 586 617 618 587
513 3 2 1 1 587 618 619 588
514 3 2 1 1 588 619 620 589
515 3 2 1 1 589 620 621 590
516 3 2 1 1 590 621 622 591
517 3 2 1 1 591 622 623 592
518 3 2 1 1 592 623 624 593
519 3 2 1 1 593 624 625 594
520 3 2 1 1 594 625 626 595
521 3 2 1 1 595 626 627 596
522 3 2 1 1 596 627 628 597
523 3 2 1 1 597 628 629 598
524 3 2 1 1 598 629 630 599
525 3 2 1 1 599 630 631 600
526 3 2 1 1 600 631 632 601
527 3 2 1 1 601 632 633 602
528 3 2 1 1 602 633 634 603
529 3 2 1 1 603 634 635 604
530 3 2 1 1 604 635 636 605
531 3 2 1 1 605 636 637 606
532 3 2 1 1 606 637 638 607
533 3 2 1 1 607 638 639 608
534 3 2 1 1 608 639 640 609
535 3 2 1 1 609 640 641 610
536 3 2 1 1 610 641 52 53
537 3 2 1 1 102 103 642 611
538 3 2 1 1 611 642 643 612
539 3 2 1 1 612 643 644 613
540 3 2 1 1 613 644 645 614
541 3 2 1 1 614 645 646 615
542 3 2 1 1 615 646 647 616
543 3 2 1 1 616 647 648 617
544 3 2 1 1 617 648 649 618
545 3 2 1 1 618 649 650 619
546 3 2 1 1 619 650 651 620
547 3 2 1 1 620 651 652 621
548 3 2 1 1 621 652 653 622
549 3 2 1 1 622 653 654 623
550 3 2 1 1 623 654 655 624
551 3 2 1 1 624 655 656 625
552 3 2 1 1 625 656 657 626
553 3 2 1 1 626 657 658 627
554 3 2 1 1 627 658 659 628
555 3 2 1 1 628 659 660 629
556 3 2 1 1 629 660 661 630
557 3 2 1 1 630 661 662 631
558 3 2 1 1 631 662 663 632
559 3 2 1 1 632 663 664 633
560 3 2 1 1 633 664 665 634
561 3 2 1 1 634 665 666 635
562 3 2 1 1 635 666 667 636
563 3 2 1 1 636 667 668 637
564 3 2 1 1 637 668 669 638
565 3 2 1 1 638 669 670 639
566 3 2 1 1 639 670 671 640
567 3 2 1 1 640 671 672 641
568 3 2 1 1 641 672 51 52
569 3 2 1 1 103 4 104 642
570 3 2 1 1 642 104 105 643
571 3 2 1 1 643 105 106 644
572 3 2 1 1 644 106 107 645
573 3 2 1 1 645 107 108 646
574 3 2 1 1 646 108 109 647
575 3 2 1 1 647 109 110 648
576 3 2 1 1 648 110 111 649
577 3 2 1 1 649 111 112 650
578 3 2 1 1 650 112 113 651
579 3 2 1 1 651 113 114 652
580 3 2 1 1 652 114 115 653
581 3 2 1 1 653 115 116 654
582 3 2 1 1 654 116 117 655
583 3 2 1 1 655 117 118 656
584 3 2 1 1 656 118 119 657
585 3 2 1 1 657 119 120 658
586 3 2 1 1 658 120 121 659
587 3 2 1 1 659 121 122 660
588 3 2 1 1 660 122 123 661
589 3 2 1 1 661 123 124 662
590 3 2 1 1 662 124 125 663
591 3 2 1 1 663 125 126 664
592 3 2 1 1 664 126 127 665
593 3 2 1 1 665 127 128 666
594 3 2 1 1 666 128 129 667
595 3 2 1 1 667 129 130 668
596 3 2 1 1 668 130 131 669
597 3 2 1 1 669 131 132 670
598 3 2 1 1 670 132 133 671
599 3 2 1 1 671 133 134 672
600 3 2 1 1 672 134 5 51
601 3 2 1 2 5 135 673 51
602 3 2 1 2 135 136 674 673
603 3 2 1 2 136 137 675 674
604 3 2 1 2 137 138 676 675
605 3 2 1 2 138 139 677 676
606 3 2 1 2 139 140 678 677
607 3 2 1 2 140 141 679 678
608 3 2 1 2 141 142 680 679
609 3 2 1 2 142 143 681 680
610 3 2 1 2 143 144 682 681
611 3 2 1 2 144 145 683 682
612 3 2 1 2 145 146 684 683
613 3 2 1 2 146 147 685 684
614 3 2 1 2 147 148 686 685
615 3 2 1 2 148 149 687 686
616 3 2 1 2 149 150 688 687
617 3 2 1 2 150 151 689 688
618 3 2 1 2 151 152 690 689
619 3 2 1 2 152 153 691 690
620 3 2 1 2 153 154 692 691
621 3 2 1 2 154 155 693 692
622 3 2 1 2 155 156 694 693
623 3 2 1 2 156 157 695 694
624 3 2 1 2 157 6 17 695
625 3 2 1 2 51 673 696 52
626 3 2 1 2 673 674 697 696
627 3 2 1 2 674 675 698 697
628 3 2 1 2 675 676 699 698
629 3 2 1 2 676 677 700 699
630 3 2 1 2 677 678 701 700
631 3 2 1 2 678 679 702 701
632 3 2 1 2 679 680 703 702
633 3 2 1 2 680 681 704 703
634 3 2 1 2 681 682 705 704
635 3 2 1 2 682 683 706 705
636 3 2 1 2 683 684 707 706
637 3 2 1 2 684 685 708 707
638 3 2 1 2 685 686 709 708
639 3 2 1 2 686 687 710 709
640 3 2 1 2 687 688 711 710
641 3 2 1 2 688 689 712 711
642 3 2 1 2 689 690 713 712
643 3 2 1 2 690 691 714 713
644 3 2 1 2 691 692 715 714
645 3 2 1 2 692 693 716 715
646 3 2 1 2 693 694 717 716
647 3 2 1 2 694 695 718 717
648 3 2 1 2 695 17 18 718
649 3 2 1 2 52 696 719 53
650 3 2 1 2 696 697 720 719
651 3 2 1 2 697 698 721 720
652 3 2 1 2 698 699 722 721
653 3 2 1 2 699 700 723 722
654 3 2 1 2 700 701 724 723
655 3 2 1 2 701 702 725 724
656 3 2 1 2 702 703 726 725
657 3 2 1 2 703 704 727 726
658 3 2 1 2 704 705 728 727
659 3 2 1 2 705 706 729 728
660 3 2 1 2 706 707 730 729
661 3 2 1 2 707 708 731 730
662 3 2 1 2 708 709 732 731
663 3 2 1 2 709 710 733 732
664 3 2 1 2 710 711 734 733
665 3 2 1 2 711 712 735 734
666 3 2 1 2 712 713 736 735
667 3 2 1 2 713 714 737 736
668 3 2 1 2 714 715 738 737
669 3 2 1 2 715 716 739 738
670 3 2 1 2 716 717 740 739
671 3 2 1 2 717 718 741 740
672 3 2 1 2 718 18 19 741
673 3 2 1 2 53 719 742 54
674 3 2 1 2 719 720 743 742
675 3 2 1 2 720 721 744 743
676 3 2 1 2 721 722 745 744
677 3 2 1 2 722 723 746 745
678 3 2 1 2 723 724 747 746
679 3 2 1 2 724 725 748 747
680 3 2 1 2 725 726 749 748
681 3 2 1 2 726 727 750 749
682 3 2 1 2 727 728 751 750
683 3 2 1 2 728 729 752 751
684 3 2 1 2 729 730 753 752
685 3 2 1 2 730 731 754 753
686 3 2 1 2 731 732 755 754
687 3 2 1 2 732 733 756 755
688 3 2 1 2 733 734 757 756
689 3 2 1 2 734 735 758 757
690 3 2 1 2 735 736 759 758
691 3 2 1 2 736 737 760 759
692 3 2 1 2 737 738 761 760
693 3 2 1 2 738 739 762 761
694 3 2 1 2 739 740 763 762
695 3 2 1 2 740 741 764 763
696 3 2 1 2 741 19 20 764
697 3 2 1 2 54 742 765 55
698 3 2 1 2 742 743 766 765
699 3 2 1 2 743 744 767 766
700 3 2 1 2 744 745 768 767
701 3 2 1 2 745 746 769 768
702 3 2 1 2 746 747 770 769
703 3 2 1 2 747 748 771 770
704 3 2 1 2 748 749 772 771
705 3 2 1 2 749 750 773 772
706 3 2 1 2 750 751 774 773
707 3 2 1 2 751 752 775 774
708 3 2 1 2 752 753 776 775
709 3 2 1 2 753 754 777 776
710 3 2 1 2 754 755 778 777
711 3 2 1 2 755 756 779 778
712 3 2 1 2 756 757 780 779
713 3 2 1 2 757 758 781 780
714 3 2 1 2 758 759 782 781
715 3 2 1 2 759 760 783 782
716 3 2 1 2 760 761 784 783
717 3 2 1 2 761 762 785 784
718 3 2 1 2 762 763 786 785
719 3 2 1 2 763 764 787 786
720 3 2 1 2 764 20 21 787
721 3 2 1 2 55 765 788 56
722 3 2 1 2 765 766 789 788
723 3 2 1 2 766 767 790 789
724 3 2 1 2 767 768 791 790
725 3 2 1 2 768 769 792 791
726 3 2 1 2 769 770 793 792
727 3 2 1 2 770 771 794 793
728 3 2 1 2 771 772 795 794
729 3 2 1 2 772 773 796 795
730 3 2 1 2 773 774 797 796
731 3 2 1 2 774 775 798 797
732 3 2 1 2 775 776 799 798
733 3 2 1 2 776 777 800 799
734 3 2 1 2 777 778 801 800
735 3 2 1 2 778 779 802 801
736 3 2 1 2 779 780 803 802
737 3 2 1 2 780 781 804 803
738 3 2 1 2 781 782 805 804
739 3 2 1 2 782 783 806 805
740 3 2 1 2 783 784 807 806
741 3 2 1 2 784 785 808 807
742 3 2 1 2 785 786 809 808
743 3 2 1 2 786 787 810 809
744 3 2 1 2 787 21 22 810
745 3 2 1 2 56 788 811 57
746 3 2 1 2 788 789 812 811
747 3 2 1 2 789 790 813 812
748 3 2 1 2 790 791 814 813
749 3 2 1 2 791 792 815 814
750 3 2 1 2 792 793 816 815
751 3 2 1 2 793 794 817 816
752 3 2 1 2 794 795 818 817
753 3 2 1 2 795 796 819 818
754 3 2 1 2 796 797 820 819
755 3 2 1 2 797 798 821 820
756 3 2 1 2 798 799 822 821
757 3 2 1 2 799 800 823 822
758 3 2 1 2 800 801 824 823
759 3 2 1 2 801 802 825 824
760 3 2 1 2 802 803 826 825
761 3 2 1 2 803 804 827 826
762 3 2 1 2 804 805 828 827
763 3 2 1 2 805 806 829 828
764 3 2 1 2 806 807 830 829
765 3 2 1 2 807 808 831 830
766 3 2 1 2 808 809 832 831
767 3 2 1 2 809 810 833 832
768 3 2 1 2 810 22 23 833
769 3 2 1 2 57 811 834 58
770 3 2 1 2 811 812 835 834
771 3 2 1 2 812 813 836 835
772 3 2 1 2 813 814 837 836
773 3 2 1 2 814 815 838 837
774 3 2 1 2 815 816 839 838
775 3 2 1 2 816 817 840 839
776 3 2 1 2 817 818 841 840
777 3 2 1 2 818 819 842 841
778 3 2 1 2 819 820 843 842
779 3 2 1 2 820 821 844 843
780 3 2 1 2 821 822 845 844
781 3 2 1 2 822 823 846 845
782 3 2 1 2 823 824 847 846
783 3 2 1 2 824 825 848 847
784 3 2 1 2 825 826 849 848
785 3 2 1 2 826 827 850 849
786 3 2 1 2 827 828 851 850
787 3 2 1 2 828 829 852 851
788 3 2 1 2 829 830 853 852
789 3 2 1 2 830 831 854 853
790 3 2 1 2 831 832 855 854
791 3 2 1 2 832 833 856 855
792 3 2 1 2 833 23 24 856
793 3 2 1 2 58 834 857 59
794 3 2 1 2 834 835 858 857
795 3 2 1 2 835 836 859 858
796 3 2 1 2 836 837 860 859
797 3 2 1 2 837 838 861 860
798 3 2 1 2 838 839 862 861
799 3 2 1 2 839 840 863 862
800 3 2 1 2 840 841 864 863
801 3 2 1 2 841 842 865 864
802 3 2 1 2 842 843 866 865
803 3 2 1 2 843 844 867 866
804 3 2 1 2 844 845 868 867
805 3 2 1 2 845 846 869 868
806 3 2 1 2 846 847 870 869
807 3 2 1 2 847 848 871 870
808 3 2 1 2 848 849 872 871
809 3 2 1 2 849 850 873 872
810 3 2 1 2 850 851 874 873
811 3 2 1 2 851 852 875 874
812 3 2 1 2 852 853 876 875
813 3 2 1 2 853 854 877 876
814 3 2 1 2 854 855 878 877
815 3 2 1 2 855 856 879 878
816 3 2 1 2 856 24 25 879
817 3 2 1 2 59 857 880 60
818 3 2 1 2 857 858 881 880
819 3 2 1 2 858 859 882 881
820 3 2 1 2 859 860 883 882
821 3 2 1 2 860 861 884 883
822 3 2 1 2 861 862 885 884
823 3 2 1 2 862 863 886 885
824 3 2 1 2 863 864 887 886
825 3 2 1 2 864 865 888 887
826 3 2 1 2 865 866 889 888
827 3 2 1 2 866 867 890 889
828 3 2 1 2 867 868 891 890
829 3 2 1 2 868 869 892 891
830 3 2 1 2 869 870 893 892
831 3 2 1 2 870 871 894 893
832 3 2 1 2 871 872 895 894
833 3 2 1 2 872 873 896 895
834 3 2 1 2 873 874 897 896
835 3 2 1 2 874 875 898 897
836 3 2 1 2 875 876 899 898
837 3 2 1 2 876 877 900 899
838 3 2 1 2 877 878 901 900
839 3 2 1 2 878 879 902 901
840 3 2 1 2 879 25 26 902
841 3 2 1 2 60 880 903 61
842 3 2 1 2 880 881 904 903
843 3 2 1 2 881 882 905 904
844 3 2 1 2 882 883 906 905
845 3 2 1 2 883 884 907 906
846 3 2 1 2 884 885 908 907
847 3 2 1 2 885 886 909 908
848 3 2 1 2 886 887 910 909
849 3 2 1 2 887 888 911 910
850 3 2 1 2 888 889 912 911
851 3 2 1 2 889 890 913 912
852 3 2 1 2 890 891 914 913
853 3 2 1 2 891 892 915 914
854 3 2 1 2 892 893 916 915
855 3 2 1 2 893 894 917 916
856 3 2 1 2 894 895 918 917
857 3 2 1 2 895 896 919 918
858 3 2 1 2 896 897 920 919
859 3 2 1 2 897 898 921 920
860 3 2 1 2 898 899 922 921
861 3 2 1 2 899 900 923 922
862 3 2 1 2 900 901 924 923
863 3 2 1 2 901 902 925 924
864 3 2 1 2 902 26 27 925
865 3 2 1 2 61 903 50 2
866 3 2 1 2 903 904 49 50
867 3 2 1 2 904 905 48 49
868 3 2 1 2 905 906 47 48
869 3 2 1 2 906 907 46 47
870 3 2 1 2 907 908 45 46
871 3 2 1 2 908 909 44 45
872 3 2 1 2 909 910 43 44
873 3 2 1 2 910 911 42 43
874 3 2 1 2 911 912 41 42
875 3 2 1 2 912 913 40 41
876 3 2 1 2 913 914 39 40
877 3 2 1 2 914 915 38 39
878 3 2 1 2 915 916 37 38
879 3 2 1 2 916 917 36 37
880 3 2 1 2 917 918 35 36
881 3 2 1 2 918 919 34 35
882 3 2 1 2 919 920 33 34
883 3 2 1 2 920 921 32 33
884 3 2 1 2 921 922 31 32
885 3 2 1 2 922 923 30 31
886 3 2 1 2 923 924 29 30
887 3 2 1 2 924 925 28 29
888 3 2 1 2 925 27 1 28
889 3 2 1 3 7 158 926 199
890 3 2 1 3 199 926 927 198
891 3 2 1 3 198 927 928 197
892 3 2 1 3 197 928 929 196
893 3 2 1 3 196 929 930 195
894 3 2 1 3 195 930 931 194
895 3 2 1 3 194 931 932 193
896 3 2 1 3 193 932 933 192
897 3 2 1 3 192 933 934 191
898 3 2 1 3 191 934 935 190
899 3 2 1 3 190 935 936 189
900 3 2 1 3 189 936 937 188
901 3 2 1 3 188 937 938 187
902 3 2 1 3 187 938 939 186
903 3 2 1 3 186 939 940 185
904 3 2 1 3 185 940 941 184
905 3 2 1 3 184 941 942 183
906 3 2 1 3 183 942 943 182
907 3 2 1 3 182 943 944 181
908 3 2 1 3 181 944 945 180
909 3 2 1 3 180 945 946 179
910 3 2 1 3 179 946 947 178
911 3 2 1 3 178 947 948 177
912 3 2 1 3 177 948 949 176
913 3 2 1 3 176 949 950 175
914 3 2 1 3 175 950 951 174
915 3 2 1 3 174 951 952 173
916 3 2 1 3 173 952 953 172
917 3 2 1 3 172 953 954 171
918 3 2 1 3 171 954 955 170
919 3 2 1 3 170 955 956 169
920 3 2 1 3 169 956 210 8
921 3 2 1 3 158 159 957 926
922 3 2 1 3 926 957 958 927
923 3 2 1 3 927 958 959 928
924 3 2 1 3 928 959 960 929
925 3 2 1 3 929 960 961 930
926 3 2 1 3 930 961 962 931
927 3 2 1 3 931 962 963 932
928 3 2 1 3 932 963 964 933
929 3 2 1 3 933 964 965 934
930 3 2 1 3 934 965 966 935
931 3 2 1 3 935 966 967 936
932 3 2 1 3 936 967 968 937
933 3 2 1 3 937 968 969 938
934 3 2 1 3 938 969 970 939
935 3 2 1 3 939 970 971 940
936 3 2 1 3 940 971 972 941
937 3 2 1 3 941 972 973 942
938 3 2 1 3 942 973 974 943
939 3 2 1 3 943 974 975 944
940 3 2 1 3 944 975 976 945
941 3 2 1 3 945 976 977 946
942 3 2 1 3 946 977 978 947
943 3 2 1 3 947 978 979 948
944 3 2 1 3 948 979 980 949
945 3 2 1 3 949 980 981 950
946 3 2 1 3 950 981 982 951
947 3 2 1 3 951 982 983 952
948 3 2 1 3 952 983 984 953
949 3 2 1 3 953 984 985 954
950 3 2 1 3 954 985 986 955
951 3 2 1 3 955 986 987 956
952 3 2 1 3 956 987 209 210
953 3 2 1 3 159 160 988 957
954 3 2 1 3 957 988 989 958
955 3 2 1 3 958 989 990 959
956 3 2 1 3 959 990 991 960
957 3 2 1 3 960 991 992 961
958 3 2 1 3 961 992 993 962
959 3 2 1 3 962 993 994 963
960 3 2 1 3 963 994 995 964
961 3 2 1 3 964 995 996 965
962 3 2 1 3 965 996 997 966
963 3 2 1 3 966 997 998 967
964 3 2 1 3 967 998 999 968
965 3 2 1 3 968 999 1000 969
966 3 2 1 3 969 1000 1001 970
967 3 2 1 3 970 1001 1002 971
968 3 2 1 3 971 1002 1003 972
969 3 2 1 3 972 1003 1004 973
970 3 2 1 3 973 1004 1005 974
971 3 2 1 3 974 1005 1006 975
972 3 2 1 3 975 1006 1007 976
973 3 2 1 3 976 1007 1008 977
974 3 2 1 3 977 1008 1009 978
975 3 2 1 3 978 1009 1010 979
976 3 2 1 3 979 1010 1011 980
977 3 2 1 3 980 1011 1012 981
978 3 2 1 3 981 1012 1013 982
979 3 2 1 3 982 1013 1014 983
980 3 2 1 3 983 1014 1015 984
981 3 2 1 3 984 1015 1016 985
982 3 2 1 3 985 1016 1017 986
983 3 2 1 3 986 1017 1018 987
984 3 2 1 3 987 1018 208 209
985 3 2 1 3 160 161 1019 988
986 3 2 1 3 988 1019 1020 989
987 3 2 1 3 989 1020 1021 990
988 3 2 1 3 990 1021 1022 991
989 3 2 1 3 991 1022 1023 992
990 3 2 1 3 992 1023 1024 993
991 3 2 1 3 993 1024 1025 994
992 3 2 1 3 994 1025 1026 995
993 3 2 1 3 995 1026 1027 996
994 3 2 1 3 996 1027 1028 997
995 3 2 1 3 997 1028 1029 998
996 3 2 1 3 998 1029 1030 999
997 3 2 1 3 999 1030 1031 1000
998 3 2 1 3 1000 1031 1032 1001
999 3 2 1 3 1001 1032 1033 1002
1000 3 2 1 3 1002 1033 1034 1003
1001 3 2 1 3 1003 1034 1035 1004
1002 3 2 1 3 1004 1035 1036 1005
1003 3 2 1 3 1005 1036 1037 1006
1004 3 2 1 3 1006 1037 1038 1007
1005 3 2 1 3 1007 1038 1039 1008
1006 3 2 1 3 1008 1039 1040 1009
1007 3 2 1 3 1009 1040 1041 1010
1008 3 2 1 3 1010 1041 1042 1011
1009 3 2 1 3 1011 1042 1043 1012
1010 3 2 1 3 1012 1043 1044 1013
1011 3 2 1 3 1013 1044 1045 1014
1012 3 2 1 3 1014 1045 1046 1015
1013 3 2 1 3 1015 1046 1047 1016
1014 3 2 1 3 1016 1047 1048 1017
1015 3 2 1 3 1017 1048 1049 1018
1016 3 2 1 3 1018 1049 207 208
1017 3 2 1 3 161 162 1050 1019
1018 3 2 1 3 1019 1050 1051 1020
1019 3 2 1 3 1020 1051 1052 1021
1020 3 2 1 3 1021 1052 1053 1022
1021 3 2 1 3 1022 1053 1054 1023
1022 3 2 1 3 1023 1054 1055 1024
1023 3 2 1 3 1024 1055 1056 1025
1024 3 2 1 3 1025 1056 1057 1026
1025 3 2 1 3 1026 1057 1058 1027
1026 3 2 1 3 1027 1058 1059 1028
1027 3 2 1 3 1028 1059 1060 1029
1028 3 2 1 3 1029 1060 1061 1030
1029 3 2 1 3 1030 1061 1062 1031
1030 3 2 1 3 1031 1062 1063 1032
1031 3 2 1 3 1032 1063 1064 1033
1032 3 2 1 3 1033 1064 1065 1034
1033 3 2 1 3 1034 1065 1066 1035
1034 3 2 1 3 1035 1066 1067 1036
1035 3 2 1 3 1036 1067 1068 1037
1036 3 2 1 3 1037 1068 1069 1038
1037 3 2 1 3 1038 1069 1070 1039
1038 3 2 1 3 1039 1070 1071 1040
1039 3 2 1 3 1040 1071 1072 1041
1040 3 2 1 3 1041 1072 1073 1042
1041 3 2 1 3 1042 1073 1074 1043
1042 3 2 1 3 1043 1074 1075 1044
1043 3 2 1 3 1044 1075 1076 1045
1044 3 2 1 3 1045 1076 1077 1046
1045 3 2 1 3 1046 1077 1078 1047
1046 3 2 1 3 1047 1078 1079 1048
1047 3 2 1 3 1048 1079 1080 1049
1048 3 2 1 3 1049 1080 206 207
1049 3 2 1 3 162 163 1081 1050
1050 3 2 1 3 1050 1081 1082 1051
1051 3 2 1 3 1051 1082 1083 1052
1052 3 2 1 3 1052 1083 1084 1053
1053 3 2 1 3 1053 1084 1085 1054
1054 3 2 1 3 1054 1085 1086 1055
1055 3 2 1 3 1055 1086 1087 1056
1056 3 2 1 3 1056 1087 1088 1057
1057 3 2 1 3 1057 1088 1089 1058
1058 3 2 1 3 1058 1089 1090 1059
1059 3 2 1 3 1059 1090 1091 1060
1060 3 2 1 3 1060 1091 1092 1061
1061 3 2 1 3 1061 1092 1093 1062
1062 3 2 1 3 1062 1093 1094 1063
1063 3 2 1 3 1063 1094 1095 1064
1064 3 2 1 3 1064 1095 1096 1065
1065 3 2 1 3 1065 1096 1097 1066
1066 3 2 1 3 1066 1097 1098 1067
1067 3 2 1 3 1067 1098 1099 1068
1068 3 2 1 3 1068 1099 1100 1069
1069 3 2 1 3 1069 1100 1101 1070
1070 3 2 1 3 1070 1101 1102 1071
1071 3 2 1 3 1071 1102 1103 1072
1072 3 2 1 3 1072 1103 1104 1073
1073 3 2 1 3 1073 1104 1105 1074
1074 3 2 1 3 1074 1105 1106 1075
1075 3 2 1 3 1075 1106 1107 1076
1076 3 2 1 3 1076 1107 1108 1077
1077 3 2 1 3 1077 1108 1109 1078
1078 3 2 1 3 1078 1109 1110 1079
1079 3 2 1 3 1079 1110 1111 1080
1080 3 2 1 3 1080 1111 205 206
1081 3 2 1 3 163 164 1112 1081
1082 3 2 1 3 1081 1112 1113 1082
1083 3 2 1 3 1082 1113 1114 1083
1084 3 2 1 3 1083 1114 1115 1084
1085 3 2 1 3 1084 1115 1116 1085
1086 3 2 1 3 1085 1116 1117 1086
1087 3 2 1 3 1086 1117 1118 1087
1088 3 2 1 3 1087 1118 1119 1088
1089 3 2 1 3 1088 1119 1120 1089
1090 3 2 1 3 1089 1120 1121 1090
1091 3 2 1 3 1090 1121 1122 1091
1092 3 2 1 3 1091 1122 1123 1092
1093 3 2 1 3 1092 1123 1124 1093
1094 3 2 1 3 1093 1124 1125 1094
1095 3 2 1 3 1094 1125 1126 1095
1096 3 2 1 3 1095 1126 1127 1096
1097 3 2 1 3 1096 1127 1128 1097
1098 3 2 1 3 1097 1128 1129 1098
1099 3 2 1 3 1098 1129 1130 1099
1100 3 2 1 3 1099 1130 1131 1100
1101 3 2 1 3 1100 1131 1132 1101
1102 3 2 1 3 1101 1132 1133 1102
1103 3 2 1 3 1102 1133 1134 1103
1104 3 2 1 3 1103 1134 1135 1104
1105 3 2 1 3 1104 1135 1136 1105
1106 3 2 1 3 1105 1136 1137 1106
1107 3 2 1 3 1106 1137 1138 1107
1108 3 2 1 3 1107 1138 1139 1108
1109 3 2 1 3 1108 1139 1140 1109
1110 3 2 1 3 1109 1140 1141 1110
1111 3 2 1 3 1110 1141 1142 1111
1112 3 2 1 3 1111 1142 204 205
1113 3 2 1 3 164 165 1143 1112
1114 3 2 1 3 1112 1143 1144 1113
1115 3 2 1 3 1113 1144 1145 1114
1116 3 2 1 3 1114 1145 1146 1115
1117 3 2 1 3 1115 1146 1147 1116
1118 3 2 1 3 1116 1147 1148 1117
1119 3 2 1 3 1117 1148 1149 1118
1120 3 2 1 3 1118 1149 1150 1119
1121 3 2 1 3 1119 1150 1151 1120
1122 3 2 1 3 1120 1151 1152 1121
1123 3 2 1 3 1121 1152 1153 1122
1124 3 2 1 3 1122 1153 1154 1123
1125 3 2 1 3 1123 1154 1155 1124
1126 3 2 1 3 1124 1155 1156 1125
1127 3 2 1 3 1125 1156 1157 1126
1128 3 2 1 3 1126 1157 1158 1127
1129 3 2 1 3 1127 1158 1159 1128
1130 3 2 1 3 1128 1159 1160 1129
1131 3 2 1 3 1129 1160 1161 1130
1132 3 2 1 3 1130 1161 1162 1131
1133 3 2 1 3 1131 1162 1163 1132
1134 3 2 1 3 1132 1163 1164 1133
1135 3 2 1 3 1133 1164 1165 1134
1136 3 2 1 3 1134 1165 1166 1135
1137 3 2 1 3 1135 1166 1167 1136
1138 3 2 1 3 1136 1167 1168 1137
1139 3 2 1 3 1137 1168 1169 1138
1140 3 2 1 3 1138 1169 1170 1139
1141 3 2 1 3 1139 1170 1171 1140
1142 3 2 1 3 1140 1171 1172 1141
1143 3 2 1 3 1141 1172 1173 1142
1144 3 2 1 3 1142 1173 203 204
1145 3 2 1 3 165 166 1174 1143
1146 3 2 1 3 1143 1174 1175 1144
1147 3 2 1 3 1144 1175 1176 1145
1148 3 2 1 3 1145 1176 1177 1146
1149 3 2 1 3 1146 1177 1178 1147
1150 3 2 1 3 1147 1178 1179 1148
1151 3 2 1 3 1148 1179 1180 1149
1152 3 2 1 3 1149 1180 1181 1150
1153 3 2 1 3 1150 1181 1182 1151
1154 3 2 1 3 1151 1182 1183 1152
1155 3 2 1 3 1152 1183 1184 1153
1156 3 2 1 3 1153 1184 1185 1154
1157 3 2 1 3 1154 1185 1186 1155
1158 3 2 1 3 1155 1186 1187 1156
1159 3 2 1 3 1156 1187 1188 1157
1160 3 2 1 3 1157 1188 1189 1158
1161 3 2 1 3 1158 1189 1190 1159
1162 3 2 1 3 1159 1190 1191 1160
1163 3 2 1 3 1160 1191 1192 1161
1164 3 2 1 3 1161 1192 1193 1162
1165 3 2 1 3 1162 1193 1194 1163
1166 3 2 1 3 1163 1194 1195 1164
1167 3 2 1 3 1164 1195 1196 1165
1168 3 2 1 3 1165 1196 1197 1166
1169 3 2 1 3 1166 1197 1198 1167
1170 3 2 1 3 1167 1198 1199 1168
1171 3 2 1 3 1168 1199 1200 1169
1172 3 2 1 3 1169 1200 1201 1170
1173 3 2 1 3 1170 1201 1202 1171
1174 3 2 1 3 1171 1202 1203 1172
1175 3 2 1 3 1172 1203 1204 1173
1176 3 2 1 3 1173 1204 202 203
1177 3 2 1 3 166 167 1205 1174
1178 3 2 1 3 1174 1205 1206 1175
1179 3 2 1 3 1175 1206 1207 1176
1180 3 2 1 3 1176 1207 1208 1177
1181 3 2 1 3 1177 1208 1209 1178
1182 3 2 1 3 1178 1209 1210 1179
1183 3 2 1 3 1179 1210 1211 1180
1184 3 2 1 3 1180 1211 1212 1181
1185 3 2 1 3 1181 1212 1213 1182
1186 3 2 1 3 1182 1213 1214 1183
1187 3 2 1 3 1183 1214 1215 1184
1188 3 2 1 3 1184 1215 1216 1185
1189 3 2 1 3 1185 1216 1217 1186
1190 3 2 1 3 1186 1217 1218 1187
1191 3 2 1 3 1187 1218 1219 1188
1192 3 2 1 3 1188 1219 1220 1189
1193 3 2 1 3 1189 1220 1221 1190
1194 3 2 1 3 1190 1221 1222 1191
1195 3 2 1 3 1191 1222 1223 1192
1196 3 2 1 3 1192 1223 1224 1193
1197 3 2 1 3 1193 1224 1225 1194
1198 3 2 1 3 1194 1225 1226 1195
1199 3 2 1 3 1195 1226 1227 1196
1200 3 2 1 3 1196 1227 1228 1197
1201 3 2 1 3 1197 1228 1229 1198
1202 3 2 1 3 1198 1229 1230 1199
1203 3 2 1 3 1199 1230 1231 1200
1204 3 2 1 3 1200 1231 1232 1201
1205 3 2 1 3 1201 1232 1233 1202
1206 3 2 1 3 1202 1233 1234 1203
1207 3 2 1 3 1203 1234 1235 1204
1208 3 2 1 3 1204 1235 201 202
1209 3 2 1 3 167 168 1236 1205
1210 3 2 1 3 1205 1236 1237 1206
1211 3 2 1 3 1206 1237 1238 1207
1212 3 2 1 3 1207 1238 1239 1208
1213 3 2 1 3 1208 1239 1240 1209
1214 3 2 1 3 1209 1240 1241 1210
1215 3 2 1 3 1210 1241 1242 1211
1216 3 2 1 3 1211 1242 1243 1212
1217 3 2 1 3 1212 1243 1244 1213
1218 3 2 1 3 1213 1244 1245 1214
1219 3 2 1 3 1214 1245 1246 1215
1220 3 2 1 3 1215 1246 1247 1216
1221 3 2 1 3 1216 1247 1248 1217
1222 3 2 1 3 1217 1248 1249 1218
1223 3 2 1 3 1218 1249 1250 1219
1224 3 2 1 3 1219 1250 1251 1220
1225 3 2 1 3 1220 1251 1252 1221
1226 3 2 1 3 1221 1252 1253 1222
1227 3 2 1 3 1222 1253 1254 1223
1228 3 2 1 3 1223 1254 1255 1224
1229 3 2 1 3 1224 1255 1256 1225
1230 3 2 1 3 1225 1256 1257 1226
1231 3 2 1 3 1226 1257 1258 1227
1232 3 2 1 3 1227 1258 1259 1228
1233 3 2 1 3 1228 1259 1260 1229
1234 3 2 1 3 1229 1260 1261 1230
1235 3 2 1 3 1230 1261 1262 1231
1236 3 2 1 3 1231 1262 1263 1232
1237 3 2 1 3 1232 1263 1264 1233
1238 3 2 1 3 1233 1264 1265 1234
1239 3 2 1 3 1234 1265 1266 1235
1240 3 2 1 3 1235 1266 200 201
1241 3 2 1 3 168 3 92 1236
1242 3 2 1 3 1236 92 91 1237
1243 3 2 1 3 1237 91 90 1238
1244 3 2 1 3 1238 90 89 1239
1245 3 2 1 3 1239 89 88 1240
1246 3 2 1 3 1240 88 87 1241
1247 3 2 1 3 1241 87 86 1242
1248 3 2 1 3 1242 86 85 1243
1249 3 2 1 3 1243 85 84 1244
1250 3 2 1 3 1244 84 83 1245
1251 3 2 1 3 1245 83 82 1246
1252 3 2 1 3 1246 82 81 1247
1253 3 2 1 3 1247 81 80 1248
1254 3 2 1 3 1248 80 79 1249
1255 3 2 1 3 1249 79 78 1250
1256 3 2 1 3 1250 78 77 1251
1257 3 2 1 3 1251 77 76 1252
1258 3 2 1 3 1252 76 75 1253
1259 3 2 1 3 1253 75 74 1254
1260 3 2 1 3 1254 74 73 1255
1261 3 2 1 3 1255 73 72 1256
1262 3 2 1 3 1256 72 71 1257
1263 3 2 1 3 1257 71 70 1258
1264 3 2 1 3 1258 70 69 1259
1265 3 2 1 3 1259 69 68 1260
1266 3 2 1 3 1260 68 67 1261
1267 3 2 1 3 1261 67 66 1262
1268 3 2 1 3 1262 66 65 1263
1269 3 2 1 3 1263 65 64 1264
1270 3 2 1 3 1264 64 63 1265
1271 3 2 1 3 1265 63 62 1266
1272 3 2 1 3 1266 62 2 200
1273 3 2 1 4 6 233 1267 17
1274 3 2 1 4 233 234 1268 1267
1275 3 2 1 4 234 235 1269 1268
1276 3 2 1 4 235 236 1270 1269
1277 3 2 1 4 236 237 1271 1270
1278 3 2 1 4 237 238 1272 1271
1279 3 2 1 4 238 239 1273 1272
1280 3 2 1 4 239 240 1274 1273
1281 3 2 1 4 240 241 1275 1274
1282 3 2 1 4 241 242 1276 1275
1283 3 2 1 4 242 243 1277 1276
1284 3 2 1 4 243 10 222 1277
1285 3 2 1 4 17 1267 1278 18
1286 3 2 1 4 1267 1268 1279 1278
1287 3 2 1 4 1268 1269 1280 1279
1288 3 2 1 4 1269 1270 1281 1280
1289 3 2 1 4 1270 1271 1282 1281
1290 3 2 1 4 1271 1272 1283 1282
1291 3 2 1 4 1272 1273 1284 1283
1292 3 2 1 4 1273 1274 1285 1284
1293 3 2 1 4 1274 1275 1286 1285
1294 3 2 1 4 1275 1276 1287 1286
1295 3 2 1 4 1276 1277 1288 1287
1296 3 2 1 4 1277 222 223 1288
1297 3 2 1 4 18 1278 1289 19
1298 3 2 1 4 1278 1279 1290 1289
1299 3 2 1 4 1279 1280 1291 1290
1300 3 2 1 4 1280 1281 1292 1291
1301 3 2 1 4 1281 1282 1293 1292
1302 3 2 1 4 1282 1283 1294 1293
1303 3 2 1 4 1283 1284 1295 1294
1304 3 2 1 4 1284 1285 1296 1295
1305 3 2 1 4 1285 1286 1297 1296
1306 3 2 1 4 1286 1287 1298 1297
1307 3 2 1 4 1287 1288 1299 1298
1308 3 2 1 4 1288 223 224 1299
1309 3 2 1 4 19 1289 1300 20
1310 3 2 1 4 1289 1290 1301 1300
1311 3 2 1 4 1290 1291 1302 1301
1312 3 2 1 4 1291 1292 1303 1302
1313 3 2 1 4 1292 1293 1304 1303
1314 3 2 1 4 1293 1294 1305 1304
1315 3 2 1 4 1294 1295 1306 1305
1316 3 2 1 4 1295 1296 1307 1306
1317 3 2 1 4 1296 1297 1308 1307
1318 3 2 1 4 1297 1298 1309 1308
1319 3 2 1 4 1298 1299 1310 1309
1320 3 2 1 4 1299 224 225 1310
1321 3 2 1 4 20 1300 1311 21
1322 3 2 1 4 1300 1301 1312 1311
1323 3 2 1 4 1301 1302 1313 1312
1324 3 2 1 4 1302 1303 1314 1313
1325 3 2 1 4 1303 1304 1315 1314
1326 3 2 1 4 1304 1305 1316 1315
1327 3 2 1 4 1305 1306 1317 1316
1328 3 2 1 4 1306 1307 1318 1317
1329 3 2 1 4 1307 1308 1319 1318
1330 3 2 1 4 1308 1309 1320 1319
1331 3 2 1 4 1309 1310 1321 1320
1332 3 2 1 4 1310 225 226 1321
1333 3 2 1 4 21 1311 1322 22
1334 3 2 1 4 1311 1312 1323 1322
1335 3 2 1 4 1312 1313 1324 1323
1336 3 2 1 4 1313 1314 1325 1324
1337 3 2 1 4 1314 1315 1326 1325
1338 3 2 1 4 1315 1316 1327 1326
1339 3 2 1 4 1316 1317 1328 1327
1340 3 2 1 4 1317 1318 1329 1328
1341 3 2 1 4 1318 1319 1330 1329
1342 3 2 1 4 1319 1320 1331 1330
1343 3 2 1 4 1320 1321 1332 1331
1344 3 2 1 4 1321 226 227 1332
1345 3 2 1 4 22 1322 1333 23
1346 3 2 1 4 1322 1323 1334 1333
1347 3 2 1 4 1323 1324 1335 1334
1348 3 2 1 4 1324 1325 1336 1335
1349 3 2 1 4 1325 1326 1337 1336
1350 3 2 1 4 1326 1327 1338 1337
1351 3 2 1 4 1327 1328 1339 1338
1352 3 2 1 4 1328 1329 1340 1339
1353 3 2 1 4 1329 1330 1341 1340
1354 3 2 1 4 1330 1331 1342 1341
1355 3 2 1 4 1331 1332 1343 1342
1356 3 2 1 4 1332 227 228 1343
1357 3 2 1 4 23 1333 1344 24
1358 3 2 1 4 1333 1334 1345 1344
1359 3 2 1 4 1334 1335 1346 1345
1360 3 2 1 4 1335 1336 1347 1346
1361 3 2 1 4 1336 1337 1348 1347
1362 3 2 1 4 1337 1338 1349 1348
1363 3 2 1 4 1338 1339 1350 1349
1364 3 2 1 4 1339 1340 1351 1350
1365 3 2 1 4 1340 1341 1352 1351
1366 3 2 1 4 1341 1342 1353 1352
1367 3 2 1 4 1342 1343 1354 1353
1368 3 2 1 4 1343 228 229 1354
1369 3 2 1 4 24 1344 1355 25
1370 3 2 1 4 1344 1345 1356 1355
1371 3 2 1 4 1345 1346 1357 1356
1372 3 2 1 4 1346 1347 1358 1357
1373 3 2 1 4 1347 1348 1359 1358
1374 3 2 1 4 1348 1349 1360 1359
1375 3 2 1 4 1349 1350 1361 1360
1376 3 2 1 4 1350 1351 1362 1361
1377 3 2 1 4 1351 1352 1363 1362
1378 3 2 1 4 1352 1353 1364 1363
1379 3 2 1 4 1353 1354 1365 1364
1380 3 2 1 4 1354 229 230 1365
1381 3 2 1 4 25 1355 1366 26
1382 3 2 1 4 1355 1356 1367 1366
1383 3 2 1 4 1356 1357 1368 1367
1384 3 2 1 4 1357 1358 1369 1368
1385 3 2 1 4 1358 1359 1370 1369
1386 3 2 1 4 1359 1360 1371 1370
1387 3 2 1 4 1360 1361 1372 1371
1388 3 2 1 4 1361 1362 1373 1372
1389 3 2 1 4 1362 1363 1374 1373
1390 3 2 1 4 1363 1364 1375 1374
1391 3 2 1 4 1364 1365 1376 1375
1392 3 2 1 4 1365 230 231 1376
1393 3 2 1 4 26 1366 1377 27
1394 3 2 1 4 1366 1367 1378 1377
1395 3 2 1 4 1367 1368 1379 1378
1396 3 2 1 4 1368 1369 1380 1379
1397 3 2 1 4 1369 1370 1381 1380
1398 3 2 1 4 1370 1371 1382 1381
1399 3 2 1 4 1371 1372 1383 1382
1400 3 2 1 4 1372 1373 1384 1383
1401 3 2 1 4 1373 1374 1385 1384
1402 3 2 1 4 1374 1375 1386 1385
1403 3 2 1 4 1375 1376 1387 1386
1404 3 2 1 4 1376 231 232 1387
1405 3 2 1 4 27 1377 211 1
1406 3 2 1 4 1377 1378 212 211
1407 3 2 1 4 1378 1379 213 212
1408 3 2 1 4 1379 1380 214 213
1409 3 2 1 4 1380 1381 215 214
1410 3 2 1 4 1381 1382 216 215
1411 3 2 1 4 1382 1383 217 216
1412 3 2 1 4 1383 1384 218 217
1413 3 2 1 4 1384 1385 219 218
1414 3 2 1 4 1385 1386 220 219
1415 3 2 1 4 1386 1387 221 220
1416 3 2 1 4 1387 232 9 221
1417 3 2 1 5 2 50 1388 200
1418 3 2 1 5 50 49 1389 1388
1419 3 2 1 5 49 48 1390 1389
1420 3 2 1 5 48 47 1391 1390
1421 3 2 1 5 47 46 1392 1391
1422 3 2 1 5 46 45 1393 1392
1423 3 2 1 5 45 44 1394 1393
1424 3 2 1 5 44 43 1395 1394
1425 3 2 1 5 43 42 1396 1395
1426 3 2 1 5 42 41 1397 1396
1427 3 2 1 5 41 40 1398 1397
1428 3 2 1 5 40 39 1399 1398
1429 3 2 1 5 39 38 1400 1399
1430 3 2 1 5 38 37 1401 1400
1431 3 2 1 5 37 36 1402 1401
1432 3 2 1 5 36 35 1403 1402
1433 3 2 1 5 35 34 1404 1403
1434 3 2 1 5 34 33 1405 1404
1435 3 2 1 5 33 32 1406 1405
1436 3 2 1 5 32 31 1407 1406
1437 3 2 1 5 31 30 1408 1407
1438 3 2 1 5 30 29 1409 1408
1439 3 2 1 5 29 28 1410 1409
1440 3 2 1 5 28 1 211 1410
1441 3 2 1 5 200 1388 1411 201
1442 3 2 1 5 1388 1389 1412 1411
1443 3 2 1 5 1389 1390 1413 1412
1444 3 2 1 5 1390 1391 1414 1413
1445 3 2 1 5 1391 1392 1415 1414
1446 3 2 1 5 1392 1393 1416 1415
1447 3 2 1 5 1393 1394 1417 1416
1448 3 2 1 5 1394 1395 1418 1417
1449 3 2 1 5 1395 1396 1419 1418
1450 3 2 1 5 1396 1397 1420 1419
1451 3 2 1 5 1397 1398 1421 1420
1452 3 2 1 5 1398 1399 1422 1421
1453 3 2 1 5 1399 1400 1423 1422
1454 3 2 1 5 1400 1401 1424 1423
1455 3 2 1 5 1401 1402 1425 1424
1456 3 2 1 5 1402 1403 1426 1425
1457 3 2 1 5 1403 1404 1427 1426
1458 3 2 1 5 1404 1405 1428 1427
1459 3 2 1 5 1405 1406 1429 1428
1460 3 2 1 5 1406 1407 1430 1429
1461 3 2 1 5 1407 1408 1431 1430
1462 3 2 1 5 1408 1409 1432 1431
1463 3 2 1 5 1409 1410 1433 1432
1464 3 2 1 5 1410 211 212 1433
1465 3 2 1 5 201 1411 1434 202
1466 3 2 1 5 1411 1412 1435 1434
1467 3 2 1 5 1412 1413 1436 1435
1468 3 2 1 5 1413 1414 1437 1436
1469 3 2 1 5 1414 1415 1438 1437
1470 3 2 1 5 1415 1416 1439 1438
1471 3 2 1 5 1416 1417 1440 1439
1472 3 2 1 5 1417 1418 1441 1440
1473 3 2 1 5 1418 1419 1442 1441
1474 3 2 1 5 1419 1420 1443 1442
1475 3 2 1 5 1420 1421 1444 1443
1476 3 2 1 5 1421 1422 1445 1444
1477 3 2 1 5 1422 1423 1446 1445
1478 3 2 1 5 1423 1424 1447 1446
1479 3 2 1 5 1424 1425 1448 1447
1480 3 2 1 5 1425 1426 1449 1448
1481 3 2 1 5 1426 1427 1450 1449
1482 3 2 1 5 1427 1428 1451 1450
1483 3 2 1 5 1428 1429 1452 1451
1484 3 2 1 5 1429 1430 1453 1452
1485 3 2 1 5 1430 1431 1454 1453
1486 3 2 1 5 1431 1432 1455 1454
1487 3 2 1 5 1432 1433 1456 1455
1488 3 2 1 5 1433 212 213 1456
1489 3 2 1 5 202 1434 1457 203
1490 3 2 1 5 1434 1435 1458 1457
1491 3 2 1 5 1435 1436 1459 1458
1492 3 2 1 5 1436 1437 1460 1459
1493 3 2 1 5 1437 1438 1461 1460
1494 3 2 1 5 1438 1439 1462 1461
1495 3 2 1 5 1439 1440 1463 1462
1496 3 2 1 5 1440 1441 1464 1463
1497 3 2 1 5 1441 1442 1465 1464
1498 3 2 1 5 1442 1443 1466 1465
1499 3 2 1 5 1443 1444 1467 1466
1500 3 2 1 5 1444 1445 1468 1467
1501 3 2 1 5 1445 1446 1469 1468
1502 3 2 1 5 1446 1447 1470 1469
1503 3 2 1 5 1447 1448 1471 1470
1504 3 2 1 5 1448 1449 1472 1471
1505 3 2 1 5 1449 1450 1473 1472
1506 3 2 1 5 1450 1451 1474 1473
1507 3 2 1 5 1451 1452 1475 1474
1508 3 2 1 5 1452 1453 1476 1475
1509 3 2 1 5 1453 1454 1477 1476
1510 3 2 1 5 1454 1455 1478 1477
1511 3 2 1 5 1455 1456 1479 1478
1512 3 2 1 5 1456 213 214 1479
1513 3 2 1 5 203 1457 1480 204
1514 3 2 1 5 1457 1458 1481 1480
1515 3 2 1 5 1458 1459 1482 1481
1516 3 2 1 5 1459 1460 1483 1482
1517 3 2 1 5 1460 1461 1484 1483
1518 3 2 1 5 1461 1462 1485 1484
1519 3 2 1 5 1462 1463 1486 1485
1520 3 2 1 5 1463 1464 1487 1486
1521 3 2 1 5 1464 1465 1488 1487
1522 3 2 1 5 1465 1466 1489 1488
1523 3 2 1 5 1466 1467 1490 1489
1524 3 2 1 5 1467 1468 1491 1490
1525 3 2 1 5 1468 1469 1492 1491
1526 3 2 1 5 1469 1470 1493 1492
1527 3 2 1 5 1470 1471 1494 1493
1528 3 2 1 5 1471 1472 1495 1494
1529 3 2 1 5 1472 1473 1496 1495
1530 3 2 1 5 1473 1474 1497 1496
1531 3 2 1 5 1474 1475 1498 1497
1532 3 2 1 5 1475 1476 1499 1498
1533 3 2 1 5 1476 1477 1500 1499
1534 3 2 1 5 1477 1478 1501 1500
1535 3 2 1 5 1478 1479 1502 1501
1536 3 2 1 5 1479 214 215 1502
1537 3 2 1 5 204 1480 1503 205
1538 3 2 1 5 1480 1481 1504 1503
1539 3 2 1 5 1481 1482 1505 1504
1540 3 2 1 5 1482 1483 1506 1505
1541 3 2 1 5 1483 1484 1507 1506
1542 3 2 1 5 1484 1485 1508 1507
1543 3 2 1 5 1485 1486 1509 1508
1544 3 2 1 5 1486 1487 1510 1509
1545 3 2 1 5 1487 1488 1511 1510
1546 3 2 1 5 1488 1489 1512 1511
1547 3 2 1 5 1489 1490 1513 1512
1548 3 2 1 5 1490 1491 1514 1513
1549 3 2 1 5 1491 1492 1515 1514
1550 3 2 1 5 1492 1493 1516 1515
1551 3 2 1 5 1493 1494 1517 1516
1552 3 2 1 5 1494 1495 1518 1517
1553 3 2 1 5 1495 1496 1519 1518
1554 3 2 1 5 1496 1497 1520 1519
1555 3 2 1 5 1497 1498 1521 1520
1556 3 2 1 5 1498 1499 1522 1521
1557 3 2 1 5 1499 1500 1523 1522
1558 3 2 1 5 1500 1501 1524 1523
1559 3 2 1 5 1501 1502 1525 1524
1560 3 2 1 5 1502 215 216 1525
1561 3 2 1 5 205 1503 1526 206
1562 3 2 1 5 1503 1504 1527 1526
1563 3 2 1 5 1504 1505 1528 1527
1564 3 2 1 5 1505 1506 1529 1528
1565 3 2 1 5 1506 1507 1530 1529
1566 3 2 1 5 1507 1508 1531 1530
1567 3 2 1 5 1508 1509 1532 1531
1568 3 2 1 5 1509 1510 1533 1532
1569 3 2 1 5 1510 1511 1534 1533
1570 3 2 1 5 1511 1512 1535 1534
1571 3 2 1 5 1512 1513 1536 1535
1572 3 2 1 5 1513 1514 1537 1536
1573 3 2 1 5 1514 1515 1538 1537
1574 3 2 1 5 1515 1516 1539 1538
1575 3 2 1 5 1516 1517 1540 1539
1576 3 2 1 5 1517 1518 1541 1540
1577 3 2 1 5 1518 1519 1542 1541
1578 3 2 1 5 1519 1520 1543 1542
1579 3 2 1 5 1520 1521 1544 1543
1580 3 2 1 5 1521 1522 1545 1544
1581 3 2 1 5 1522 1523 1546 1545
1582 3 2 1 5 1523 1524 1547 1546
1583 3 2 1 5 1524 1525 1548 1547
1584 3 2 1 5 1525 216 217 1548
1585 3 2 1 5 206 1526 1549 207
1586 3 2 1 5 1526 1527 1550 1549
1587 3 2 1 5 1527 1528 1551 1550
1588 3 2 1 5 1528 1529 1552 1551
1589 3 2 1 5 1529 1530 1553 1552
1590 3 2 1 5 1530 1531 1554 1553
1591 3 2 1 5 1531 1532 1555 1554
1592 3 2 1 5 1532 1533 1556 1555
1593 3 2 1 5 1533 1534 1557 1556
1594 3 2 1 5 1534 1535 1558 1557
1595 3 2 1 5 1535 1536 1559 1558
1596 3 2 1 5 1536 1537 1560 1559
1597 3 2 1 5 1537 1538 1561 1560
1598 3 2 1 5 1538 1539 1562 1561
1599 3 2 1 5 1539 1540 1563 1562
1600 3 2 1 5 1540 1541 1564 1563
1601 3 2 1 5 1541 1542 1565 1564
1602 3 2 1 5 1542 1543 1566 1565
1603 3 2 1 5 1543 1544 1567 1566
1604 3 2 1 5 1544 1545 1568 1567
1605 3 2 1 5 1545 1546 1569 1568
1606 3 2 1 5 1546 1547 1570 1569
1607 3 2 1 5 1547 1548 1571 1570
1608 3 2 1 5 1548 217 218 1571
1609 3 2 1 5 207 1549 1572 208
1610 3 2 1 5 1549 1550 1573 1572
1611 3 2 1 5 1550 1551 1574 1573
1612 3 2 1 5 1551 1552 1575 1574
1613 3 2 1 5 1552 1553 1576 1575
1614 3 2 1 5 1553 1554 1577 1576
1615 3 2 1 5 1554 1555 1578 1577
1616 3 2 1 5 1555 1556 1579 1578
1617 3 2 1 5 1556 1557 1580 1579
1618 3 2 1 5 1557 1558 1581 1580
1619 3 2 1 5 1558 1559 1582 1581
1620 3 2 1 5 1559 1560 1583 1582
1621 3 2 1 5 1560 1561 1584 1583
1622 3 2 1 5 1561 1562 1585 1584
1623 3 2 1 5 1562 1563 1586 1585
1624 3 2 1 5 1563 1564 1587 1586
1625 3 2 1 5 1564 1565 1588 1587
1626 3 2 1 5 1565 1566 1589 1588
1627 3 2 1 5 1566 1567 1590 1589
1628 3 2 1 5 1567 1568 1591 1590
1629 3 2 1 5 1568 1569 1592 1591
1630 3 2 1 5 1569 1570 1593 1592
1631 3 2 1 5 1570 1571 1594 1593
1632 3 2 1 5 1571 218 219 1594
1633 3 2 1 5 208 1572 1595 209
1634 3 2 1 5 1572 1573 1596 1595
1635 3 2 1 5 1573 1574 1597 1596
1636 3 2 1 5 1574 1575 1598 1597
1637 3 2 1 5 1575 1576 1599 1598
1638 3 2 1 5 1576 1577 1600 1599
1639 3 2 1 5 1577 1578 1601 1600
1640 3 2 1 5 1578 1579 1602 1601
1641 3 2 1 5 1579 1580 1603 1602
1642 3 2 1 5 1580 1581 1604 1603
1643 3 2 1 5 1581 1582 1605 1604
1644 3 2 1 5 1582 1583 1606 1605
1645 3 2 1 5 1583 1584 1607 1606
1646 3 2 1 5 1584 1585 1608 1607
1647 3 2 1 5 1585 1586 1609 1608
1648 3 2 1 5 1586 1587 1610 1609
1649 3 2 1 5 1587 1588 1611 1610
1650 3 2 1 5 1588 1589 1612 1611
1651 3 2 1 5 1589 1590 1613 1612
1652 3 2 1 5 1590 1591 1614 1613
1653 3 2 1 5 1591 1592 1615 1614
1654 3 2 1 5 1592 1593 1616 1615
1655 3 2 1 5 1593 1594 1617 1616
1656 3 2 1 5 1594 219 220 1617
1657 3 2 1 5 209 1595 1618 210
1658 3 2 1 5 1595 1596 1619 1618
1659 3 2 1 5 1596 1597 1620 1619
1660 3 2 1 5 1597 1598 1621 1620
1661 3 2 1 5 1598 1599 1622 1621
1662 3 2 1 5 1599 1600 1623 1622
1663 3 2 1 5 1600 1601 1624 1623
1664 3 2 1 5 1601 1602 1625 1624
1665 3 2 1 5 1602 1603 1626 1625
1666 3 2 1 5 1603 1604 1627 1626
1667 3 2 1 5 1604 1605 1628 1627
1668 3 2 1 5 1605 1606 1629 1628
1669 3 2 1 5 1606 1607 1630 1629
1670 3 2 1 5 1607 1608 1631 1630
1671 3 2 1 5 1608 1609 1632 1631
1672 3 2 1 5 1609 1610 1633 1632
1673 3 2 1 5 1610 1611 1634 1633
1674 3 2 1 5 1611 1612 1635 1634
1675 3 2 1 5 1612 1613 1636 1635
1676 3 2 1 5 1613 1614 1637 1636
1677 3 2 1 5 1614 1615 1638 1637
1678 3 2 1 5 1615 1616 1639 1638
1679 3 2 1 5 1616 1617 1640 1639
1680 3 2 1 5 1617 220 221 1640
1681 3 2 1 5 210 1618 266 8
1682 3 2 1 5 1618 1619 265 266
1683 3 2 1 5 1619 1620 264 265
1684 3 2 1 5 1620 1621 263 264
1685 3 2 1 5 1621 1622 262 263
1686 3 2 1 5 1622 1623 261 262
1687 3 2 1 5 1623 1624 260 261
1688 3 2 1 5 1624 1625 259 260
1689 3 2 1 5 1625 1626 258 259
1690 3 2 1 5 1626 1627 257 258
1691 3 2 1 5 1627 1628 256 257
1692 3 2 1 5 1628 1629 255 256
1693 3 2 1 5 1629 1630 254 255
1694 3 2 1 5 1630 1631 253 254
1695 3 2 1 5 1631 1632 252 253
1696 3 2 1 5 1632 1633 251 252
1697 3 2 1 5 1633 1634 250 251
1698 3 2 1 5 1634 1635 249 250
1699 3 2 1 5 1635 1636 248 249
1700 3 2 1 5 1636 1637 247 248
1701 3 2 1 5 1637 1638 246 247
1702 3 2 1 5 1638 1639 245 246
1703 3 2 1 5 1639 1640 244 245
1704 3 2 1 5 1640 221 9 244
1705 3 2 2 6 11 267 1641 280
1706 3 2 2 6 280 1641 1642 279
1707 3 2 2 6 279 1642 1643 278
1708 3 2 2 6 278 1643 1644 277
1709 3 2 2 6 277 1644 1645 276
1710 3 2 2 6 276 1645 1646 275
1711 3 2 2 6 275 1646 1647 274
1712 3 2 2 6 274 1647 281 13
1713 3 2 2 6 267 268 1648 1641
1714 3 2 2 6 1641 1648 1649 1642
1715 3 2 2 6 1642 1649 1650 1643
1716 3 2 2 6 1643 1650 1651 1644
1717 3 2 2 6 1644 1651 1652 1645
1718 3 2 2 6 1645 1652 1653 1646
1719 3 2 2 6 1646 1653 1654 1647
1720 3 2 2 6 1647 1654 282 281
1721 3 2 2 6 268 269 1655 1648
1722 3 2 2 6 1648 1655 1656 1649
1723 3 2 2 6 1649 1656 1657 1650
1724 3 2 2 6 1650 1657 1658 1651
1725 3 2 2 6 1651 1658 1659 1652
1726 3 2 2 6 1652 1659 1660 1653
1727 3 2 2 6 1653 1660 1661 1654
1728 3 2 2 6 1654 1661 283 282
1729 3 2 2 6 269 270 1662 1655
1730 3 2 2 6 1655 1662 1663 1656
1731 3 2 2 6 1656 1663 1664 1657
1732 3 2 2 6 1657 1664 1665 1658
1733 3 2 2 6 1658 1665 1666 1659
1734 3 2 2 6 1659 1666 1667 1660
1735 3 2 2 6 1660 1667 1668 1661
1736 3 2 2 6 1661 1668 284 283
1737 3 2 2 6 270 271 1669 1662
1738 3 2 2 6 1662 1669 1670 1663
1739 3 2 2 6 1663 1670 1671 1664
1740 3 2 2 6 1664 1671 1672 1665
1741 3 2 2 6 1665 1672 1673 1666
1742 3 2 2 6 1666 1673 1674 1667
1743 3 2 2 6 1667 1674 1675 1668
1744 3 2 2 6 1668 1675 285 284
1745 3 2 2 6 271 272 1676 1669
1746 3 2 2 6 1669 1676 1677 1670
1747 3 2 2 6 1670 1677 1678 1671
1748 3 2 2 6 1671 1678 1679 1672
1749 3 2 2 6 1672 1679 1680 1673
1750 3 2 2 6 1673 1680 1681 1674
1751 3 2 2 6 1674 1681 1682 1675
1752 3 2 2 6 1675 1682 286 285
1753 3 2 2 6 272 273 1683 1676
1754 3 2 2 6 1676 1683 1684 1677
1755 3 2 2 6 1677 1684 1685 1678
1756 3 2 2 6 1678 1685 1686 1679
1757 3 2 2 6 1679 1686 1687 1680
1758 3 2 2 6 1680 1687 1688 1681
1759 3 2 2 6 1681 1688 1689 1682
1760 3 2 2 6 1682 1689 287 286
1761 3 2 2 6 273 12 288 1683
1762 3 2 2 6 1683 288 289 1684
1763 3 2 2 6 1684 289 290 1685
1764 3 2 2 6 1685 290 291 1686
1765 3 2 2 6 1686 291 292 1687
1766 3 2 2 6 1687 292 293 1688
1767 3 2 2 6 1688 293 294 1689
1768 3 2 2 6 1689 294 14 287
1769 3 2 2 7 13 281 1690 309
1770 3 2 2 7 309 1690 1691 308
1771 3 2 2 7 308 1691 1692 307
1772 3 2 2 7 307 1692 1693 306
1773 3 2 2 7 306 1693 1694 305
1774 3 2 2 7 305 1694 1695 304
1775 3 2 2 7 304 1695 1696 303
1776 3 2 2 7 303 1696 1697 302
1777 3 2 2 7 302 1697 1698 301
1778 3 2 2 7 301 1698 1699 300
1779 3 2 2 7 300 1699 1700 299
1780 3 2 2 7 299 1700 1701 298
1781 3 2 2 7 298 1701 1702 297
1782 3 2 2 7 297 1702 1703 296
1783 3 2 2 7 296 1703 1704 295
1784 3 2 2 7 295 1704 316 15
1785 3 2 2 7 281 282 1705 1690
1786 3 2 2 7 1690 1705 1706 1691
1787 3 2 2 7 1691 1706 1707 1692
1788 3 2 2 7 1692 1707 1708 1693
1789 3 2 2 7 1693 1708 1709 1694
1790 3 2 2 7 1694 1709 1710 1695
1791 3 2 2 7 1695 1710 1711 1696
1792 3 2 2 7 1696 1711 1712 1697
1793 3 2 2 7 1697 1712 1713 1698
1794 3 2 2 7 1698 1713 1714 1699
1795 3 2 2 7 1699 1714 1715 1700
1796 3 2 2 7 1700 1715 1716 1701
1797 3 2 2 7 1701 1716 1717 1702
1798 3 2 2 7 1702 1717 1718 1703
1799 3 2 2 7 1703 1718 1719 1704
1800 3 2 2 7 1704 1719 315 316
1801 3 2 2 7 282 283 1720 1705
1802 3 2 2 7 1705 1720 1721 1706
1803 3 2 2 7 1706 1721 1722 1707
1804 3 2 2 7 1707 1722 1723 1708
1805 3 2 2 7 1708 1723 1724 1709
1806 3 2 2 7 1709 1724 1725 1710
1807 3 2 2 7 1710 1725 1726 1711
1808 3 2 2 7 1711 1726 1727 1712
1809 3 2 2 7 1712 1727 1728 1713
1810 3 2 2 7 1713 1728 1729 1714
1811 3 2 2 7 1714 1729 1730 1715
1812 3 2 2 7 1715 1730 1731 1716
1813 3 2 2 7 1716 1731 1732 1717
1814 3 2 2 7 1717 1732 1733 1718
1815 3 2 2 7 1718 1733 1734 1719
1816 3 2 2 7 1719 1734 314 315
1817 3 2 2 7 283 284 1735 1720
1818 3 2 2 7 1720 1735 1736 1721
1819 3 2 2 7 1721 1736 1737 1722
1820 3 2 2 7 1722 1737 1738 1723
1821 3 2 2 7 1723 1738 1739 1724
1822 3 2 2 7 1724 1739 1740 1725
1823 3 2 2 7 1725 1740 1741 1726
1824 3 2 2 7 1726 1741 1742 1727
1825 3 2 2 7 1727 1742 1743 1728
1826 3 2 2 7 1728 1743 1744 1729
1827 3 2 2 7 1729 1744 1745 1730
1828 3 2 2 7 1730 1745 1746 1731
1829 3 2 2 7 1731 1746 1747 1732
1830 3 2 2 7 1732 1747 1748 1733
1831 3 2 2 7 1733 1748 1749 1734
1832 3 2 2 7 1734 1749 313 314
1833 3 2 2 7 284 285 1750 1735
1834 3 2 2 7 1735 1750 1751 1736
1835 3 2 2 7 1736 1751 1752 1737
1836 3 2 2 7 1737 1752 1753 1738
1837 3 2 2 7 1738 1753 1754 1739
1838 3 2 2 7 1739 1754 1755 1740
1839 3 2 2 7 1740 1755 1756 1741
1840 3 2 2 7 1741 1756 1757 1742
1841 3 2 2 7 1742 1757 1758 1743
1842 3 2 2 7 1743 1758 1759 1744
1843 3 2 2 7 1744 1759 1760 1745
1844 3 2 2 7 1745 1760 1761 1746
1845 3 2 2 7 1746 1761 1762 1747
1846 3 2 2 7 1747 1762 1763 1748
1847 3 2 2 7 1748 1763 1764 1749
1848 3 2 2 7 1749 1764 312 313
1849 3 2 2 7 285 286 1765 1750
1850 3 2 2 7 1750 1765 1766 1751
1851 3 2 2 7 1751 1766 1767 1752
1852 3 2 2 7 1752 1767 1768 1753
1853 3 2 2 7 1753 1768 1769 1754
1854 3 2 2 7 1754 1769 1770 1755
1855 3 2 2 7 1755 1770 1771 1756
1856 3 2 2 7 1756 1771 1772 1757
1857 3 2 2 7 1757 1772 1773 1758
1858 3 2 2 7 1758 1773 1774 1759
1859 3 2 2 7 1759 1774 1775 1760
1860 3 2 2 7 1760 1775 1776 1761
1861 3 2 2 7 1761 1776 1777 1762
1862 3 2 2 7 1762 1777 1778 1763
1863 3 2 2 7 1763 1778 1779 1764
1864 3 2 2 7 1764 1779 311 312
1865 3 2 2 7 286 287 1780 1765
1866 3 2 2 7 1765 1780 1781 1766
1867 3 2 2 7 1766 1781 1782 1767
1868 3 2 2 7 1767 1782 1783 1768
1869 3 2 2 7 1768 1783 1784 1769
1870 3 2 2 7 1769 1784 1785 1770
1871 3 2 2 7 1770 1785 1786 1771
1872 3 2 2 7 1771 1786 1787 1772
1873 3 2 2 7 1772 1787 1788 1773
1874 3 2 2 7 1773 1788 1789 1774
1875 3 2 2 7 1774 1789 1790 1775
1876 3 2 2 7 1775 1790 1791 1776
1877 3 2 2 7 1776 1791 1792 1777
1878 3 2 2 7 1777 1792 1793 1778
1879 3 2 2 7 1778 1793 1794 1779
1880 3 2 2 7 1779 1794 310 311
1881 3 2 2 7 287 14 317 1780
1882 3 2 2 7 1780 317 318 1781
1883 3 2 2 7 1781 318 319 1782
1884 3 2 2 7 1782 319 320 1783
1885 3 2 2 7 1783 320 321 1784
1886 3 2 2 7 1784 321 322 1785
1887 3 2 2 7 1785 322 323 1786
1888 3 2 2 7 1786 323 324 1787
1889 3 2 2 7 1787 324 325 1788
1890 3 2 2 7 1788 325 326 1789
1891 3 2 2 7 1789 326 327 1790
1892 3 2 2 7 1790 327 328 1791
1893 3 2 2 7 1791 328 329 1792
1894 3 2 2 7 1792 329 330 1793
1895 3 2 2 7 1793 330 331 1794
1896 3 2 2 7 1794 331 16 310
$EndElements
