$MeshFormat
2.2 0 8
$EndMeshFormat
$PhysicalNames
9
1 3 "Specimen_Top_Edge"
1 4 "Specimen_Left_Edge"
1 5 "Specimen_Bottom_Edge"
1 6 "Indenter_Top_Edge"
1 7 "Indenter_Left_Edge"
1 8 "Indenter_Bottom_Edge"
1 9 "Indenter_Right_Edge"
2 1 "Specimen_Body"
2 2 "Indenter_Body"
$EndPhysicalNames
$Nodes
2672
1 0.2 0.8 0
2 0.5 0 0
3 0 0 0
4 0 0.8 0
5 0.250439662878749 0.9681322095959701 0
6 0 1 0
7 1 0 0
8 0 1 0
9 1.5 1 0
10 1.5 1.5 0
11 0 1.5 0
12 0.01111111111111113 0.8 0
13 0.02222222222222226 0.8 0
14 0.0333333333333334 0.8 0
15 0.04444444444444453 0.8 0
16 0.05555555555555567 0.8 0
17 0.06666666666666679 0.8 0
18 0.07777777777777788 0.8 0
19 0.08888888888888898 0.8 0
20 0.1000000000000001 0.8 0
21 0.1111111111111112 0.8 0
22 0.1222222222222223 0.8 0
23 0.1333333333333334 0.8 0
24 0.1444444444444445 0.8 0
25 0.1555555555555556 0.8 0
26 0.1666666666666667 0.8 0
27 0.1777777777777778 0.8 0
28 0.1888888888888889 0.8 0
29 0.205 0.7866666666666667 0
30 0.21 0.7733333333333333 0
31 0.215 0.76 0
32 0.22 0.7466666666666666 0
33 0.225 0.7333333333333333 0
34 0.23 0.72 0
35 0.235 0.7066666666666666 0
36 0.24 0.6933333333333332 0
37 0.2450000000000001 0.6799999999999999 0
38 0.2500000000000001 0.6666666666666665 0
39 0.2550000000000001 0.6533333333333332 0
40 0.2600000000000001 0.6399999999999999 0
41 0.2650000000000001 0.6266666666666665 0
42 0.2700000000000001 0.6133333333333332 0
43 0.2750000000000001 0.5999999999999998 0
44 0.2800000000000001 0.5866666666666664 0
45 0.2850000000000001 0.5733333333333331 0
46 0.2900000000000001 0.5599999999999997 0
47 0.2950000000000002 0.5466666666666664 0
48 0.3000000000000002 0.533333333333333 0
49 0.3050000000000002 0.5199999999999997 0
50 0.3100000000000002 0.5066666666666664 0
51 0.3150000000000002 0.493333333333333 0
52 0.3200000000000001 0.4799999999999997 0
53 0.3250000000000002 0.4666666666666662 0
54 0.3300000000000002 0.453333333333333 0
55 0.3350000000000002 0.4399999999999996 0
56 0.3400000000000002 0.4266666666666662 0
57 0.3450000000000002 0.4133333333333329 0
58 0.3500000000000002 0.3999999999999995 0
59 0.3550000000000002 0.3866666666666662 0
60 0.3600000000000002 0.3733333333333329 0
61 0.3650000000000002 0.3599999999999995 0
62 0.3700000000000002 0.3466666666666662 0
63 0.3750000000000002 0.3333333333333328 0
64 0.3800000000000002 0.3199999999999995 0
65 0.3850000000000002 0.3066666666666661 0
66 0.3900000000000002 0.2933333333333328 0
67 0.3950000000000002 0.2799999999999996 0
68 0.4000000000000002 0.2666666666666663 0
69 0.4050000000000001 0.253333333333333 0
70 0.4100000000000001 0.2399999999999997 0
71 0.4150000000000001 0.2266666666666663 0
72 0.4200000000000002 0.2133333333333329 0
73 0.4250000000000002 0.1999999999999997 0
74 0.4300000000000001 0.1866666666666664 0
75 0.4350000000000001 0.1733333333333331 0
76 0.4400000000000001 0.1599999999999999 0
77 0.4450000000000001 0.1466666666666665 0
78 0.4500000000000001 0.1333333333333332 0
79 0.4550000000000001 0.1199999999999999 0
80 0.46 0.1066666666666666 0
81 0.465 0.09333333333333338 0
82 0.47 0.07999999999999996 0
83 0.475 0.06666666666666665 0
84 0.48 0.05333333333333345 0
85 0.485 0.04000000000000004 0
86 0.49 0.02666666666666673 0
87 0.4949999999999999 0.01333333333333342 0
88 0.4722222222222222 0 0
89 0.4444444444444444 0 0
90 0.4166666666666666 0 0
91 0.3888888888888888 0 0
92 0.3611111111111112 0 0
93 0.3333333333333334 0 0
94 0.3055555555555556 0 0
95 0.2777777777777778 0 0
96 0.25 0 0
97 0.2222222222222222 0 0
98 0.1944444444444444 0 0
99 0.1666666666666667 0 0
100 0.1388888888888888 0 0
101 0.1111111111111112 0 0
102 0.08333333333333337 0 0
103 0.05555555555555558 0 0
104 0.02777777777777779 0 0
105 0 0.01333333333333336 0
106 0 0.02666666666666671 0
107 0 0.04000000000000007 0
108 0 0.05333333333333343 0
109 0 0.06666666666666678 0
110 0 0.08000000000000015 0
111 0 0.09333333333333352 0
112 0 0.1066666666666669 0
113 0 0.1200000000000002 0
114 0 0.1333333333333336 0
115 0 0.1466666666666669 0
116 0 0.1600000000000003 0
117 0 0.1733333333333337 0
118 0 0.186666666666667 0
119 0 0.2000000000000004 0
120 0 0.2133333333333338 0
121 0 0.2266666666666672 0
122 0 0.2400000000000005 0
123 0 0.2533333333333339 0
124 0 0.2666666666666672 0
125 0 0.2800000000000005 0
126 0 0.2933333333333338 0
127 0 0.3066666666666671 0
128 0 0.3200000000000005 0
129 0 0.3333333333333338 0
130 0 0.3466666666666671 0
131 0 0.3600000000000004 0
132 0 0.3733333333333337 0
133 0 0.386666666666667 0
134 0 0.4000000000000003 0
135 0 0.4133333333333337 0
136 0 0.426666666666667 0
137 0 0.4400000000000004 0
138 0 0.4533333333333338 0
139 0 0.4666666666666671 0
140 0 0.4800000000000004 0
141 0 0.4933333333333338 0
142 0 0.5066666666666672 0
143 0 0.5200000000000005 0
144 0 0.5333333333333338 0
145 0 0.5466666666666671 0
146 0 0.5600000000000004 0
147 0 0.5733333333333338 0
148 0 0.586666666666667 0
149 0 0.6000000000000003 0
150 0 0.6133333333333337 0
151 0 0.626666666666667 0
152 0 0.6400000000000003 0
153 0 0.6533333333333337 0
154 0 0.666666666666667 0
155 0 0.6800000000000003 0
156 0 0.6933333333333336 0
157 0 0.7066666666666669 0
158 0 0.7200000000000002 0
159 0 0.7333333333333335 0
160 0 0.7466666666666669 0
161 0 0.7600000000000002 0
162 0 0.7733333333333334 0
163 0 0.7866666666666668 0
164 0.202802203493266 0.8093406783108866 0
165 0.205604406986532 0.8186813566217732 0
166 0.2084066104797979 0.8280220349326598 0
167 0.2112088139730639 0.8373627132435464 0
168 0.2140110174663299 0.846703391554433 0
169 0.2168132209595959 0.8560440698653196 0
170 0.2196154244528619 0.8653847481762063 0
171 0.2224176279461278 0.8747254264870928 0
172 0.2252198314393938 0.8840661047979794 0
173 0.2280220349326598 0.893406783108866 0
174 0.2308242384259258 0.9027474614197526 0
175 0.2336264419191917 0.9120881397306392 0
176 0.2364286454124577 0.9214288180415258 0
177 0.2392308489057237 0.9307694963524122 0
178 0.2420330523989897 0.9401101746632989 0
179 0.2448352558922556 0.9494508529741854 0
180 0.2476374593855216 0.958791531285072 0
181 0.01406255667012161 0.9999011173610617 0
182 0.02812233225481589 0.9996044889997993 0
183 0.04217654621865725 0.999110173579003 0
184 0.05622241912611579 0.9984182688570995 0
185 0.07025717319123385 0.9975289116688182 0
186 0.08427803282697204 0.9964422778981309 0
187 0.0982822251941293 0.9951585824434669 0
188 0.1122669807497107 0.9936780791752147 0
189 0.1262295337946477 0.9920010608855143 0
190 0.1401671230207577 0.9901278592303541 0
191 0.1540769920568342 0.9880588446639796 0
192 0.1679563900137622 0.9857944263656317 0
193 0.181802572028548 0.9833350521586244 0
194 0.1956127998071588 0.9806812084217809 0
195 0.2093843421660585 0.9778334199932456 0
196 0.2231144755723468 0.9747922500666881 0
197 0.2368004846823752 0.9715583000799243 0
198 0 0.8111111111111111 0
199 0 0.8222222222222223 0
200 0 0.8333333333333334 0
201 0 0.8444444444444444 0
202 0 0.8555555555555556 0
203 0 0.8666666666666667 0
204 0 0.8777777777777778 0
205 0 0.888888888888889 0
206 0 0.9 0
207 0 0.9111111111111111 0
208 0 0.9222222222222223 0
209 0 0.9333333333333333 0
210 0 0.9444444444444444 0
211 0 0.9555555555555556 0
212 0 0.9666666666666667 0
213 0 0.9777777777777777 0
214 0 0.9888888888888889 0
215 0.9722222222222222 0 0
216 0.9444444444444444 0 0
217 0.9166666666666666 0 0
218 0.8888888888888888 0 0
219 0.8611111111111112 0 0
220 0.8333333333333334 0 0
221 0.8055555555555556 0 0
222 0.7777777777777778 0 0
223 0.75 0 0
224 0.7222222222222222 0 0
225 0.6944444444444444 0 0
226 0.6666666666666667 0 0
227 0.6388888888888888 0 0
228 0.6111111111111112 0 0
229 0.5833333333333334 0 0
230 0.5555555555555556 0 0
231 0.5277777777777778 0 0
232 0.2716387475883106 0.9623992886575998 0
233 0.2927068297377942 0.9562022337480968 0
234 0.3136337488743117 0.9495440335061062 0
235 0.3344094126233187 0.9424278989657123 0
236 0.3550238015558397 0.9348572620078638 0
237 0.375466974020514 0.9268357737052874 0
238 0.3957290709381315 0.9183673025616947 0
239 0.415800320556348 0.9094559326461279 0
240 0.4356710431622811 0.9001059616233468 0
241 0.4553316557507268 0.8903218986812026 0
242 0.4747726766457288 0.8801084623560043 0
243 0.4939847300732845 0.8694705782569209 0
244 0.5129585506829764 0.8584133766905199 0
245 0.5316849880163503 0.8469421901865873 0
246 0.5501550109198851 0.8350625509264208 0
247 0.5683597119004246 0.8227801880748384 0
248 0.5862903114209739 0.8101010250171873 0
249 0.6039381621347822 0.7970311765026896 0
250 0.6212947530556826 0.7835769456954935 0
251 0.6383517136626612 0.769744821134864 0
252 0.655100817936689 0.7555414736059703 0
253 0.6715339883278642 0.740973752922782 0
254 0.6876432996509525 0.7260486846246266 0
255 0.703420982907447 0.7107734665879989 0
256 0.7188594290323046 0.6951554655552592 0
257 0.7339511925635505 0.679202213581892 0
258 0.7486889952329846 0.6629214044040395 0
259 0.7630657294762513 0.6463208897280642 0
260 0.7770744618605911 0.6294086754439223 0
261 0.7907084364286082 0.6121929177641845 0
262 0.80396107795645 0.594681919290559 0
263 0.8168259951248241 0.5768841250098158 0
264 0.8292969836013253 0.5588081182210429 0
265 0.841368029032583 0.5404626163962004 0
266 0.8530333099447892 0.5218564669759657 0
267 0.8642872005512071 0.5029986431028989 0
268 0.8751242734653035 0.483898239293991 0
269 0.8855393023182045 0.4645644670546678 0
270 0.8955272642792016 0.4450066504363828 0
271 0.9050833424781004 0.4252342215399291 0
272 0.9142029283282416 0.4052567159666426 0
273 0.9228816237490719 0.3850837682196908 0
274 0.9311152432871965 0.3647251070576645 0
275 0.9388998161348874 0.3441905508027127 0
276 0.9462315880450746 0.3234900026054843 0
277 0.9531070231418989 0.3026334456691589 0
278 0.9595228056259485 0.2816309384348749 0
279 0.9654758413733632 0.2604926097308645 0
280 0.9709632594280292 0.2392286538876515 0
281 0.9759824133861481 0.2178493258216555 0
282 0.9805308826725122 0.1963649360895782 0
283 0.9846064737078686 0.1747858459159562 0
284 0.9882072209668118 0.1531224621962784 0
285 0.9913313879256933 0.1313852324780779 0
286 0.9939774679000899 0.1095846399224173 0
287 0.9961441847714287 0.087731198248204 0
288 0.9978304936024188 0.06583544666175892 0
289 0.9990355811409893 0.04390794477410266 0
290 0.9997588662124957 0.02195926750839658 0
291 0.125 1 0
292 0.25 1 0
293 0.375 1 0
294 0.5 1 0
295 0.625 1 0
296 0.75 1 0
297 0.8749999999999999 1 0
298 1 1 0
299 1.125 1 0
300 1.25 1 0
301 1.375 1 0
302 1.5 1.083333333333333 0
303 1.5 1.166666666666667 0
304 1.5 1.25 0
305 1.5 1.333333333333333 0
306 1.5 1.416666666666667 0
307 1.375 1.5 0
308 1.25 1.5 0
309 1.125 1.5 0
310 1 1.5 0
311 0.875 1.5 0
312 0.75 1.5 0
313 0.6250000000000001 1.5 0
314 0.5 1.5 0
315 0.375 1.5 0
316 0.25 1.5 0
317 0.125 1.5 0
318 0 1.416666666666667 0
319 0 1.333333333333333 0
320 0 1.25 0
321 0 1.166666666666667 0
322 0 1.083333333333333 0
323 0.4675 0.01333333333333342 0
324 0.4627777777777778 0.02666666666666689 0
325 0.4580555555555556 0.03999999999999992 0
326 0.4533333333333334 0.05333333333333345 0
327 0.4486111111111112 0.0666666666666666 0
328 0.443888888888889 0.08000000000000007 0
329 0.4391666666666667 0.09333333333333349 0
330 0.4344444444444445 0.1066666666666666 0
331 0.4297222222222223 0.1199999999999999 0
332 0.4250000000000001 0.1333333333333332 0
333 0.4202777777777779 0.1466666666666665 0
334 0.4155555555555557 0.16 0
335 0.4108333333333334 0.1733333333333331 0
336 0.4061111111111112 0.1866666666666665 0
337 0.401388888888889 0.1999999999999998 0
338 0.3966666666666668 0.2133333333333331 0
339 0.3919444444444447 0.2266666666666664 0
340 0.3872222222222224 0.2399999999999997 0
341 0.3825000000000001 0.253333333333333 0
342 0.377777777777778 0.2666666666666663 0
343 0.3730555555555558 0.2799999999999997 0
344 0.3683333333333335 0.2933333333333329 0
345 0.3636111111111113 0.3066666666666661 0
346 0.3588888888888891 0.3199999999999995 0
347 0.3541666666666669 0.3333333333333328 0
348 0.3494444444444447 0.3466666666666662 0
349 0.3447222222222225 0.3599999999999995 0
350 0.3400000000000002 0.373333333333333 0
351 0.335277777777778 0.3866666666666663 0
352 0.3305555555555558 0.3999999999999996 0
353 0.3258333333333335 0.4133333333333329 0
354 0.3211111111111113 0.4266666666666663 0
355 0.3163888888888891 0.4399999999999996 0
356 0.3116666666666669 0.453333333333333 0
357 0.3069444444444447 0.4666666666666663 0
358 0.3022222222222224 0.4799999999999998 0
359 0.2975000000000002 0.4933333333333331 0
360 0.292777777777778 0.5066666666666664 0
361 0.2880555555555557 0.5199999999999998 0
362 0.2833333333333334 0.5333333333333331 0
363 0.2786111111111113 0.5466666666666664 0
364 0.273888888888889 0.5599999999999998 0
365 0.2691666666666668 0.5733333333333331 0
366 0.2644444444444446 0.5866666666666664 0
367 0.2597222222222223 0.5999999999999999 0
368 0.2550000000000001 0.6133333333333332 0
369 0.2502777777777779 0.6266666666666665 0
370 0.2455555555555556 0.6399999999999999 0
371 0.2408333333333334 0.6533333333333332 0
372 0.2361111111111112 0.6666666666666665 0
373 0.2313888888888889 0.6799999999999999 0
374 0.2266666666666667 0.6933333333333334 0
375 0.2219444444444445 0.7066666666666666 0
376 0.2172222222222223 0.7199999999999999 0
377 0.2125 0.7333333333333332 0
378 0.2077777777777778 0.7466666666666668 0
379 0.2030555555555555 0.76 0
380 0.1983333333333334 0.7733333333333334 0
381 0.1936111111111111 0.7866666666666667 0
382 0.4399999999999999 0.01333333333333347 0
383 0.4355555555555556 0.02666666666666673 0
384 0.4311111111111111 0.04000000000000009 0
385 0.4266666666666667 0.05333333333333345 0
386 0.4222222222222223 0.0666666666666666 0
387 0.4177777777777779 0.08000000000000007 0
388 0.4133333333333334 0.09333333333333332 0
389 0.408888888888889 0.1066666666666666 0
390 0.4044444444444446 0.1199999999999999 0
391 0.4000000000000001 0.1333333333333332 0
392 0.3955555555555557 0.1466666666666667 0
393 0.3911111111111112 0.1600000000000001 0
394 0.3866666666666668 0.1733333333333332 0
395 0.3822222222222224 0.1866666666666665 0
396 0.3777777777777779 0.1999999999999999 0
397 0.3733333333333335 0.2133333333333331 0
398 0.368888888888889 0.2266666666666664 0
399 0.3644444444444446 0.2399999999999998 0
400 0.3600000000000002 0.2533333333333332 0
401 0.3555555555555557 0.2666666666666663 0
402 0.3511111111111113 0.2799999999999997 0
403 0.3466666666666668 0.293333333333333 0
404 0.3422222222222224 0.3066666666666661 0
405 0.3377777777777781 0.3199999999999996 0
406 0.3333333333333335 0.3333333333333329 0
407 0.3288888888888891 0.3466666666666663 0
408 0.3244444444444446 0.3599999999999996 0
409 0.3200000000000002 0.3733333333333329 0
410 0.3155555555555558 0.3866666666666663 0
411 0.3111111111111113 0.3999999999999996 0
412 0.3066666666666669 0.413333333333333 0
413 0.3022222222222224 0.4266666666666663 0
414 0.2977777777777779 0.4399999999999997 0
415 0.2933333333333334 0.453333333333333 0
416 0.2888888888888891 0.4666666666666663 0
417 0.2844444444444446 0.4799999999999998 0
418 0.2800000000000001 0.4933333333333331 0
419 0.2755555555555557 0.5066666666666664 0
420 0.2711111111111112 0.5199999999999998 0
421 0.2666666666666668 0.5333333333333332 0
422 0.2622222222222224 0.5466666666666664 0
423 0.2577777777777779 0.5599999999999998 0
424 0.2533333333333335 0.5733333333333333 0
425 0.248888888888889 0.5866666666666664 0
426 0.2444444444444446 0.5999999999999998 0
427 0.2400000000000001 0.6133333333333332 0
428 0.2355555555555556 0.6266666666666666 0
429 0.2311111111111112 0.6399999999999999 0
430 0.2266666666666667 0.6533333333333333 0
431 0.2222222222222223 0.6666666666666665 0
432 0.2177777777777778 0.68 0
433 0.2133333333333334 0.6933333333333334 0
434 0.2088888888888889 0.7066666666666667 0
435 0.2044444444444445 0.72 0
436 0.2 0.7333333333333334 0
437 0.1955555555555556 0.7466666666666666 0
438 0.1911111111111111 0.76 0
439 0.1866666666666667 0.7733333333333334 0
440 0.1822222222222223 0.7866666666666666 0
441 0.4125 0.01333333333333336 0
442 0.4083333333333333 0.02666666666666667 0
443 0.4041666666666667 0.03999999999999998 0
444 0.4 0.05333333333333345 0
445 0.3958333333333334 0.06666666666666665 0
446 0.3916666666666667 0.08000000000000002 0
447 0.3875 0.09333333333333332 0
448 0.3833333333333334 0.1066666666666666 0
449 0.3791666666666668 0.1199999999999999 0
450 0.3750000000000001 0.1333333333333333 0
451 0.3708333333333334 0.1466666666666667 0
452 0.3666666666666668 0.1600000000000001 0
453 0.3625000000000001 0.1733333333333332 0
454 0.3583333333333334 0.1866666666666666 0
455 0.3541666666666667 0.1999999999999998 0
456 0.3500000000000002 0.2133333333333332 0
457 0.3458333333333335 0.2266666666666664 0
458 0.3416666666666668 0.2399999999999997 0
459 0.3375000000000001 0.2533333333333331 0
460 0.3333333333333335 0.2666666666666664 0
461 0.3291666666666668 0.2799999999999997 0
462 0.3250000000000002 0.293333333333333 0
463 0.3208333333333335 0.3066666666666663 0
464 0.3166666666666669 0.3199999999999996 0
465 0.3125000000000002 0.3333333333333329 0
466 0.3083333333333336 0.3466666666666663 0
467 0.3041666666666669 0.3599999999999997 0
468 0.3000000000000002 0.373333333333333 0
469 0.2958333333333335 0.3866666666666663 0
470 0.2916666666666669 0.3999999999999997 0
471 0.2875000000000002 0.413333333333333 0
472 0.2833333333333334 0.4266666666666664 0
473 0.2791666666666668 0.4399999999999996 0
474 0.2750000000000002 0.453333333333333 0
475 0.2708333333333335 0.4666666666666664 0
476 0.2666666666666668 0.4799999999999998 0
477 0.2625000000000001 0.4933333333333332 0
478 0.2583333333333334 0.5066666666666665 0
479 0.2541666666666668 0.5199999999999999 0
480 0.2500000000000001 0.5333333333333332 0
481 0.2458333333333335 0.5466666666666665 0
482 0.2416666666666668 0.5599999999999998 0
483 0.2375000000000002 0.5733333333333333 0
484 0.2333333333333334 0.5866666666666666 0
485 0.2291666666666669 0.5999999999999999 0
486 0.2250000000000001 0.6133333333333332 0
487 0.2208333333333334 0.6266666666666666 0
488 0.2166666666666667 0.6399999999999999 0
489 0.2125 0.6533333333333333 0
490 0.2083333333333335 0.6666666666666665 0
491 0.2041666666666668 0.6799999999999999 0
492 0.2000000000000001 0.6933333333333334 0
493 0.1958333333333334 0.7066666666666666 0
494 0.1916666666666667 0.7200000000000001 0
495 0.1875000000000001 0.7333333333333333 0
496 0.1833333333333333 0.7466666666666667 0
497 0.1791666666666667 0.76 0
498 0.1750000000000001 0.7733333333333334 0
499 0.1708333333333333 0.7866666666666666 0
500 0.385 0.01333333333333347 0
501 0.3811111111111111 0.02666666666666673 0
502 0.3772222222222222 0.04000000000000009 0
503 0.3733333333333334 0.05333333333333351 0
504 0.3694444444444445 0.06666666666666654 0
505 0.3655555555555556 0.08000000000000002 0
506 0.3616666666666667 0.09333333333333338 0
507 0.3577777777777778 0.1066666666666666 0
508 0.353888888888889 0.1200000000000001 0
509 0.3500000000000001 0.1333333333333332 0
510 0.3461111111111111 0.1466666666666666 0
511 0.3422222222222223 0.1600000000000002 0
512 0.3383333333333334 0.1733333333333333 0
513 0.3344444444444445 0.1866666666666667 0
514 0.3305555555555556 0.1999999999999998 0
515 0.3266666666666668 0.2133333333333333 0
516 0.3227777777777779 0.2266666666666665 0
517 0.318888888888889 0.2399999999999998 0
518 0.3150000000000001 0.2533333333333332 0
519 0.3111111111111113 0.2666666666666665 0
520 0.3072222222222224 0.2799999999999999 0
521 0.3033333333333335 0.2933333333333331 0
522 0.2994444444444446 0.3066666666666663 0
523 0.2955555555555557 0.3199999999999997 0
524 0.2916666666666669 0.333333333333333 0
525 0.287777777777778 0.3466666666666665 0
526 0.2838888888888891 0.3599999999999997 0
527 0.2800000000000001 0.373333333333333 0
528 0.2761111111111113 0.3866666666666664 0
529 0.2722222222222224 0.3999999999999997 0
530 0.2683333333333334 0.4133333333333331 0
531 0.2644444444444446 0.4266666666666664 0
532 0.2605555555555557 0.4399999999999997 0
533 0.2566666666666668 0.4533333333333331 0
534 0.2527777777777779 0.4666666666666665 0
535 0.248888888888889 0.4799999999999999 0
536 0.2450000000000001 0.4933333333333332 0
537 0.2411111111111112 0.5066666666666666 0
538 0.2372222222222224 0.5199999999999999 0
539 0.2333333333333334 0.5333333333333332 0
540 0.2294444444444446 0.5466666666666665 0
541 0.2255555555555557 0.5599999999999998 0
542 0.2216666666666668 0.5733333333333333 0
543 0.2177777777777779 0.5866666666666666 0
544 0.2138888888888891 0.5999999999999999 0
545 0.2100000000000001 0.6133333333333333 0
546 0.2061111111111112 0.6266666666666667 0
547 0.2022222222222223 0.6399999999999999 0
548 0.1983333333333335 0.6533333333333333 0
549 0.1944444444444446 0.6666666666666666 0
550 0.1905555555555556 0.6799999999999999 0
551 0.1866666666666668 0.6933333333333334 0
552 0.1827777777777778 0.7066666666666667 0
553 0.178888888888889 0.72 0
554 0.175 0.7333333333333334 0
555 0.1711111111111112 0.7466666666666667 0
556 0.1672222222222223 0.7600000000000002 0
557 0.1633333333333334 0.7733333333333333 0
558 0.1594444444444444 0.7866666666666666 0
559 0.3575 0.01333333333333342 0
560 0.353888888888889 0.02666666666666678 0
561 0.3502777777777779 0.04000000000000009 0
562 0.3466666666666667 0.05333333333333362 0
563 0.3430555555555557 0.06666666666666665 0
564 0.3394444444444445 0.08000000000000007 0
565 0.3358333333333334 0.09333333333333338 0
566 0.3322222222222223 0.1066666666666666 0
567 0.3286111111111112 0.12 0
568 0.3250000000000001 0.1333333333333333 0
569 0.3213888888888891 0.1466666666666667 0
570 0.3177777777777779 0.1600000000000001 0
571 0.3141666666666668 0.1733333333333333 0
572 0.3105555555555557 0.1866666666666666 0
573 0.3069444444444446 0.2 0
574 0.3033333333333336 0.2133333333333332 0
575 0.2997222222222224 0.2266666666666666 0
576 0.2961111111111113 0.2399999999999999 0
577 0.2925000000000002 0.2533333333333332 0
578 0.2888888888888891 0.2666666666666665 0
579 0.285277777777778 0.2799999999999999 0
580 0.2816666666666669 0.2933333333333331 0
581 0.2780555555555558 0.3066666666666664 0
582 0.2744444444444447 0.3199999999999997 0
583 0.2708333333333335 0.333333333333333 0
584 0.2672222222222225 0.3466666666666665 0
585 0.2636111111111114 0.3599999999999997 0
586 0.2600000000000002 0.3733333333333331 0
587 0.2563888888888891 0.3866666666666664 0
588 0.252777777777778 0.3999999999999997 0
589 0.2491666666666669 0.4133333333333331 0
590 0.2455555555555557 0.4266666666666665 0
591 0.2419444444444446 0.4399999999999997 0
592 0.2383333333333335 0.4533333333333331 0
593 0.2347222222222224 0.4666666666666665 0
594 0.2311111111111113 0.4799999999999999 0
595 0.2275000000000002 0.4933333333333332 0
596 0.2238888888888891 0.5066666666666666 0
597 0.220277777777778 0.5199999999999999 0
598 0.2166666666666668 0.5333333333333332 0
599 0.2130555555555558 0.5466666666666665 0
600 0.2094444444444446 0.5599999999999998 0
601 0.2058333333333335 0.5733333333333333 0
602 0.2022222222222224 0.5866666666666667 0
603 0.1986111111111113 0.5999999999999999 0
604 0.1950000000000001 0.6133333333333333 0
605 0.1913888888888891 0.6266666666666667 0
606 0.1877777777777778 0.6399999999999999 0
607 0.1841666666666668 0.6533333333333333 0
608 0.1805555555555556 0.6666666666666666 0
609 0.1769444444444445 0.6799999999999999 0
610 0.1733333333333335 0.6933333333333334 0
611 0.1697222222222224 0.7066666666666667 0
612 0.1661111111111113 0.72 0
613 0.1625000000000001 0.7333333333333334 0
614 0.1588888888888889 0.7466666666666667 0
615 0.1552777777777779 0.7600000000000001 0
616 0.1516666666666668 0.7733333333333334 0
617 0.1480555555555557 0.7866666666666666 0
618 0.33 0.01333333333333342 0
619 0.3266666666666668 0.02666666666666684 0
620 0.3233333333333334 0.04000000000000015 0
621 0.32 0.05333333333333357 0
622 0.3166666666666668 0.06666666666666665 0
623 0.3133333333333334 0.08000000000000007 0
624 0.3100000000000001 0.09333333333333332 0
625 0.3066666666666668 0.1066666666666667 0
626 0.3033333333333335 0.12 0
627 0.3000000000000002 0.1333333333333334 0
628 0.2966666666666667 0.1466666666666667 0
629 0.2933333333333334 0.1600000000000001 0
630 0.2900000000000001 0.1733333333333332 0
631 0.2866666666666668 0.1866666666666666 0
632 0.2833333333333335 0.1999999999999999 0
633 0.2800000000000002 0.2133333333333332 0
634 0.2766666666666668 0.2266666666666666 0
635 0.2733333333333335 0.2399999999999998 0
636 0.2700000000000001 0.2533333333333333 0
637 0.2666666666666669 0.2666666666666666 0
638 0.2633333333333335 0.2799999999999999 0
639 0.2600000000000002 0.2933333333333331 0
640 0.2566666666666669 0.3066666666666664 0
641 0.2533333333333335 0.3199999999999998 0
642 0.2500000000000002 0.3333333333333331 0
643 0.2466666666666669 0.3466666666666666 0
644 0.2433333333333336 0.3599999999999998 0
645 0.2400000000000002 0.3733333333333332 0
646 0.2366666666666669 0.3866666666666665 0
647 0.2333333333333336 0.3999999999999998 0
648 0.2300000000000002 0.4133333333333332 0
649 0.2266666666666668 0.4266666666666665 0
650 0.2233333333333336 0.4399999999999999 0
651 0.2200000000000002 0.4533333333333333 0
652 0.2166666666666669 0.4666666666666666 0
653 0.2133333333333335 0.4799999999999999 0
654 0.2100000000000002 0.4933333333333333 0
655 0.2066666666666668 0.5066666666666666 0
656 0.2033333333333336 0.52 0
657 0.2000000000000002 0.5333333333333333 0
658 0.1966666666666668 0.5466666666666666 0
659 0.1933333333333336 0.5599999999999999 0
660 0.1900000000000002 0.5733333333333334 0
661 0.1866666666666668 0.5866666666666666 0
662 0.1833333333333335 0.6 0
663 0.1800000000000002 0.6133333333333333 0
664 0.1766666666666668 0.6266666666666667 0
665 0.1733333333333335 0.64 0
666 0.1700000000000002 0.6533333333333333 0
667 0.1666666666666669 0.6666666666666666 0
668 0.1633333333333335 0.6799999999999999 0
669 0.1600000000000001 0.6933333333333334 0
670 0.1566666666666668 0.7066666666666667 0
671 0.1533333333333336 0.7200000000000001 0
672 0.1500000000000001 0.7333333333333334 0
673 0.1466666666666668 0.7466666666666667 0
674 0.1433333333333335 0.76 0
675 0.1400000000000001 0.7733333333333334 0
676 0.1366666666666668 0.7866666666666666 0
677 0.3025 0.01333333333333336 0
678 0.2994444444444445 0.02666666666666662 0
679 0.2963888888888889 0.0400000000000002 0
680 0.2933333333333334 0.05333333333333345 0
681 0.2902777777777779 0.06666666666666671 0
682 0.2872222222222223 0.08000000000000002 0
683 0.2841666666666667 0.09333333333333338 0
684 0.2811111111111112 0.1066666666666667 0
685 0.2780555555555556 0.1200000000000001 0
686 0.275 0.1333333333333334 0
687 0.2719444444444445 0.1466666666666667 0
688 0.268888888888889 0.1600000000000001 0
689 0.2658333333333335 0.1733333333333333 0
690 0.2627777777777779 0.1866666666666666 0
691 0.2597222222222224 0.2000000000000001 0
692 0.2566666666666668 0.2133333333333334 0
693 0.2536111111111112 0.2266666666666667 0
694 0.2505555555555557 0.2399999999999998 0
695 0.2475000000000002 0.2533333333333333 0
696 0.2444444444444446 0.2666666666666666 0
697 0.241388888888889 0.28 0
698 0.2383333333333336 0.2933333333333332 0
699 0.2352777777777779 0.3066666666666665 0
700 0.2322222222222224 0.3199999999999998 0
701 0.2291666666666669 0.3333333333333331 0
702 0.2261111111111113 0.3466666666666665 0
703 0.2230555555555558 0.3599999999999999 0
704 0.2200000000000002 0.3733333333333332 0
705 0.2169444444444446 0.3866666666666665 0
706 0.213888888888889 0.3999999999999999 0
707 0.2108333333333335 0.4133333333333331 0
708 0.2077777777777779 0.4266666666666666 0
709 0.2047222222222224 0.4399999999999998 0
710 0.2016666666666668 0.4533333333333333 0
711 0.1986111111111113 0.4666666666666666 0
712 0.1955555555555557 0.48 0
713 0.1925000000000001 0.4933333333333333 0
714 0.1894444444444446 0.5066666666666667 0
715 0.186388888888889 0.52 0
716 0.1833333333333335 0.5333333333333333 0
717 0.1802777777777779 0.5466666666666666 0
718 0.1772222222222223 0.5599999999999999 0
719 0.1741666666666668 0.5733333333333333 0
720 0.1711111111111112 0.5866666666666667 0
721 0.1680555555555556 0.6 0
722 0.1650000000000001 0.6133333333333333 0
723 0.1619444444444445 0.6266666666666667 0
724 0.1588888888888889 0.64 0
725 0.1558333333333335 0.6533333333333333 0
726 0.1527777777777778 0.6666666666666667 0
727 0.1497222222222223 0.68 0
728 0.1466666666666668 0.6933333333333334 0
729 0.1436111111111112 0.7066666666666666 0
730 0.1405555555555556 0.7200000000000001 0
731 0.1375000000000001 0.7333333333333334 0
732 0.1344444444444445 0.7466666666666668 0
733 0.1313888888888889 0.7600000000000001 0
734 0.1283333333333334 0.7733333333333334 0
735 0.1252777777777778 0.7866666666666668 0
736 0.275 0.01333333333333342 0
737 0.2722222222222223 0.02666666666666678 0
738 0.2694444444444445 0.04000000000000015 0
739 0.2666666666666667 0.05333333333333345 0
740 0.263888888888889 0.06666666666666665 0
741 0.2611111111111112 0.08000000000000002 0
742 0.2583333333333334 0.09333333333333338 0
743 0.2555555555555556 0.1066666666666667 0
744 0.2527777777777779 0.12 0
745 0.2500000000000001 0.1333333333333334 0
746 0.2472222222222223 0.1466666666666667 0
747 0.2444444444444445 0.1600000000000001 0
748 0.2416666666666668 0.1733333333333333 0
749 0.238888888888889 0.1866666666666668 0
750 0.2361111111111113 0.2000000000000001 0
751 0.2333333333333335 0.2133333333333333 0
752 0.2305555555555557 0.2266666666666667 0
753 0.2277777777777779 0.24 0
754 0.2250000000000001 0.2533333333333334 0
755 0.2222222222222224 0.2666666666666667 0
756 0.2194444444444447 0.28 0
757 0.2166666666666668 0.2933333333333332 0
758 0.2138888888888891 0.3066666666666665 0
759 0.2111111111111113 0.3199999999999999 0
760 0.2083333333333335 0.3333333333333333 0
761 0.2055555555555558 0.3466666666666666 0
762 0.2027777777777779 0.3599999999999999 0
763 0.2000000000000001 0.3733333333333332 0
764 0.1972222222222224 0.3866666666666665 0
765 0.1944444444444446 0.3999999999999999 0
766 0.1916666666666669 0.4133333333333332 0
767 0.1888888888888891 0.4266666666666665 0
768 0.1861111111111113 0.4399999999999999 0
769 0.1833333333333335 0.4533333333333333 0
770 0.1805555555555557 0.4666666666666667 0
771 0.1777777777777779 0.4799999999999999 0
772 0.1750000000000002 0.4933333333333333 0
773 0.1722222222222224 0.5066666666666666 0
774 0.1694444444444446 0.52 0
775 0.1666666666666668 0.5333333333333333 0
776 0.1638888888888891 0.5466666666666666 0
777 0.1611111111111113 0.5600000000000001 0
778 0.1583333333333335 0.5733333333333335 0
779 0.1555555555555557 0.5866666666666667 0
780 0.1527777777777779 0.6000000000000001 0
781 0.1500000000000001 0.6133333333333334 0
782 0.1472222222222224 0.6266666666666668 0
783 0.1444444444444447 0.6400000000000001 0
784 0.1416666666666669 0.6533333333333334 0
785 0.1388888888888891 0.6666666666666667 0
786 0.1361111111111112 0.6799999999999999 0
787 0.1333333333333335 0.6933333333333334 0
788 0.1305555555555556 0.7066666666666668 0
789 0.1277777777777778 0.7200000000000001 0
790 0.1250000000000001 0.7333333333333334 0
791 0.1222222222222223 0.7466666666666668 0
792 0.1194444444444446 0.7600000000000001 0
793 0.1166666666666668 0.7733333333333334 0
794 0.1138888888888891 0.7866666666666668 0
795 0.2474999999999999 0.01333333333333342 0
796 0.245 0.02666666666666667 0
797 0.2425 0.04000000000000009 0
798 0.24 0.05333333333333345 0
799 0.2375 0.06666666666666665 0
800 0.235 0.08000000000000007 0
801 0.2325 0.09333333333333338 0
802 0.23 0.1066666666666668 0
803 0.2275000000000001 0.12 0
804 0.2250000000000001 0.1333333333333334 0
805 0.2225000000000001 0.1466666666666667 0
806 0.22 0.1600000000000003 0
807 0.2175000000000001 0.1733333333333334 0
808 0.2150000000000001 0.1866666666666667 0
809 0.2125 0.2 0
810 0.2100000000000001 0.2133333333333335 0
811 0.2075000000000001 0.2266666666666668 0
812 0.205 0.24 0
813 0.2025000000000001 0.2533333333333334 0
814 0.2000000000000001 0.2666666666666667 0
815 0.1975000000000001 0.2800000000000001 0
816 0.1950000000000001 0.2933333333333333 0
817 0.1925000000000002 0.3066666666666666 0
818 0.1900000000000001 0.32 0
819 0.1875000000000002 0.3333333333333332 0
820 0.1850000000000001 0.3466666666666666 0
821 0.1825000000000001 0.3599999999999999 0
822 0.1800000000000001 0.3733333333333332 0
823 0.1775000000000002 0.3866666666666666 0
824 0.1750000000000001 0.3999999999999999 0
825 0.1725000000000001 0.4133333333333333 0
826 0.1700000000000001 0.4266666666666666 0
827 0.1675000000000001 0.4399999999999999 0
828 0.1650000000000001 0.4533333333333334 0
829 0.1625000000000001 0.4666666666666667 0
830 0.1600000000000001 0.48 0
831 0.1575000000000001 0.4933333333333334 0
832 0.1550000000000002 0.5066666666666667 0
833 0.1525000000000001 0.5200000000000001 0
834 0.1500000000000001 0.5333333333333334 0
835 0.1475 0.5466666666666667 0
836 0.1450000000000001 0.5600000000000001 0
837 0.1425000000000001 0.5733333333333335 0
838 0.1400000000000001 0.5866666666666668 0
839 0.1375000000000002 0.6000000000000001 0
840 0.1350000000000001 0.6133333333333334 0
841 0.1325000000000001 0.6266666666666668 0
842 0.1300000000000001 0.64 0
843 0.1275000000000001 0.6533333333333334 0
844 0.1250000000000001 0.6666666666666667 0
845 0.1225000000000001 0.6799999999999999 0
846 0.1200000000000001 0.6933333333333335 0
847 0.1175000000000002 0.7066666666666668 0
848 0.115 0.7200000000000001 0
849 0.1125000000000002 0.7333333333333334 0
850 0.11 0.7466666666666668 0
851 0.1075000000000002 0.7600000000000001 0
852 0.105 0.7733333333333334 0
853 0.1025000000000002 0.7866666666666668 0
854 0.22 0.01333333333333342 0
855 0.2177777777777778 0.02666666666666673 0
856 0.2155555555555556 0.0400000000000002 0
857 0.2133333333333333 0.05333333333333351 0
858 0.2111111111111112 0.06666666666666665 0
859 0.2088888888888889 0.08000000000000007 0
860 0.2066666666666667 0.09333333333333332 0
861 0.2044444444444445 0.1066666666666668 0
862 0.2022222222222223 0.1200000000000001 0
863 0.2000000000000001 0.1333333333333334 0
864 0.1977777777777778 0.1466666666666667 0
865 0.1955555555555556 0.1600000000000003 0
866 0.1933333333333334 0.1733333333333335 0
867 0.1911111111111112 0.1866666666666669 0
868 0.188888888888889 0.2000000000000001 0
869 0.1866666666666668 0.2133333333333335 0
870 0.1844444444444445 0.2266666666666668 0
871 0.1822222222222223 0.2400000000000001 0
872 0.1800000000000001 0.2533333333333335 0
873 0.1777777777777779 0.2666666666666668 0
874 0.1755555555555556 0.28 0
875 0.1733333333333334 0.2933333333333333 0
876 0.1711111111111112 0.3066666666666666 0
877 0.1688888888888891 0.32 0
878 0.1666666666666668 0.3333333333333334 0
879 0.1644444444444446 0.3466666666666667 0
880 0.1622222222222223 0.36 0
881 0.1600000000000001 0.3733333333333333 0
882 0.1577777777777779 0.3866666666666667 0
883 0.1555555555555557 0.4 0
884 0.1533333333333335 0.4133333333333333 0
885 0.1511111111111112 0.4266666666666667 0
886 0.1488888888888891 0.4400000000000001 0
887 0.1466666666666668 0.4533333333333334 0
888 0.1444444444444446 0.4666666666666667 0
889 0.1422222222222224 0.4800000000000001 0
890 0.1400000000000001 0.4933333333333335 0
891 0.1377777777777779 0.5066666666666668 0
892 0.1355555555555557 0.5200000000000001 0
893 0.1333333333333335 0.5333333333333334 0
894 0.1311111111111112 0.5466666666666667 0
895 0.1288888888888889 0.5600000000000001 0
896 0.1266666666666667 0.5733333333333335 0
897 0.1244444444444446 0.5866666666666668 0
898 0.1222222222222223 0.6000000000000001 0
899 0.1200000000000001 0.6133333333333335 0
900 0.1177777777777779 0.6266666666666668 0
901 0.1155555555555556 0.6400000000000001 0
902 0.1133333333333335 0.6533333333333334 0
903 0.1111111111111113 0.6666666666666667 0
904 0.108888888888889 0.6800000000000002 0
905 0.1066666666666667 0.6933333333333336 0
906 0.1044444444444445 0.7066666666666668 0
907 0.1022222222222223 0.7200000000000001 0
908 0.1 0.7333333333333334 0
909 0.09777777777777791 0.7466666666666668 0
910 0.09555555555555567 0.7600000000000001 0
911 0.09333333333333338 0.7733333333333334 0
912 0.09111111111111114 0.7866666666666667 0
913 0.1925000000000001 0.01333333333333336 0
914 0.1905555555555556 0.02666666666666673 0
915 0.1886111111111112 0.04000000000000015 0
916 0.1866666666666667 0.05333333333333362 0
917 0.1847222222222222 0.06666666666666665 0
918 0.1827777777777778 0.08000000000000002 0
919 0.1808333333333334 0.09333333333333332 0
920 0.1788888888888889 0.1066666666666668 0
921 0.1769444444444445 0.1200000000000001 0
922 0.1750000000000001 0.1333333333333335 0
923 0.1730555555555556 0.1466666666666668 0
924 0.1711111111111112 0.1600000000000003 0
925 0.1691666666666667 0.1733333333333335 0
926 0.1672222222222223 0.1866666666666669 0
927 0.1652777777777779 0.2000000000000001 0
928 0.1633333333333334 0.2133333333333335 0
929 0.161388888888889 0.2266666666666668 0
930 0.1594444444444446 0.2400000000000001 0
931 0.1575000000000001 0.2533333333333335 0
932 0.1555555555555556 0.2666666666666668 0
933 0.1536111111111112 0.2800000000000002 0
934 0.1516666666666668 0.2933333333333334 0
935 0.1497222222222224 0.3066666666666667 0
936 0.147777777777778 0.3200000000000001 0
937 0.1458333333333335 0.3333333333333333 0
938 0.143888888888889 0.3466666666666667 0
939 0.1419444444444446 0.36 0
940 0.1400000000000001 0.3733333333333334 0
941 0.1380555555555557 0.3866666666666667 0
942 0.1361111111111112 0.4 0
943 0.1341666666666668 0.4133333333333333 0
944 0.1322222222222224 0.4266666666666667 0
945 0.1302777777777779 0.4400000000000001 0
946 0.1283333333333335 0.4533333333333335 0
947 0.1263888888888891 0.4666666666666668 0
948 0.1244444444444446 0.4800000000000001 0
949 0.1225000000000002 0.4933333333333335 0
950 0.1205555555555557 0.5066666666666668 0
951 0.1186111111111113 0.5200000000000002 0
952 0.1166666666666668 0.5333333333333334 0
953 0.1147222222222224 0.5466666666666669 0
954 0.112777777777778 0.5600000000000002 0
955 0.1108333333333335 0.5733333333333336 0
956 0.108888888888889 0.5866666666666668 0
957 0.1069444444444446 0.6000000000000001 0
958 0.1050000000000001 0.6133333333333335 0
959 0.1030555555555556 0.6266666666666668 0
960 0.1011111111111112 0.6400000000000001 0
961 0.09916666666666685 0.6533333333333335 0
962 0.09722222222222249 0.6666666666666667 0
963 0.09527777777777785 0.6800000000000002 0
964 0.09333333333333343 0.6933333333333336 0
965 0.09138888888888907 0.7066666666666668 0
966 0.08944444444444455 0.7200000000000002 0
967 0.08750000000000008 0.7333333333333334 0
968 0.08555555555555566 0.7466666666666668 0
969 0.08361111111111136 0.7600000000000001 0
970 0.08166666666666678 0.7733333333333334 0
971 0.07972222222222231 0.7866666666666668 0
972 0.1650000000000001 0.01333333333333336 0
973 0.1633333333333335 0.02666666666666673 0
974 0.1616666666666668 0.04000000000000015 0
975 0.1600000000000001 0.05333333333333357 0
976 0.1583333333333335 0.0666666666666666 0
977 0.1566666666666668 0.07999999999999996 0
978 0.1550000000000001 0.09333333333333332 0
979 0.1533333333333334 0.1066666666666668 0
980 0.1516666666666669 0.1200000000000001 0
981 0.1500000000000002 0.1333333333333335 0
982 0.1483333333333335 0.1466666666666668 0
983 0.1466666666666668 0.1600000000000003 0
984 0.1450000000000001 0.1733333333333334 0
985 0.1433333333333335 0.1866666666666669 0
986 0.1416666666666669 0.2000000000000003 0
987 0.1400000000000002 0.2133333333333336 0
988 0.1383333333333335 0.2266666666666669 0
989 0.1366666666666668 0.2400000000000002 0
990 0.1350000000000002 0.2533333333333335 0
991 0.1333333333333336 0.2666666666666669 0
992 0.1316666666666669 0.2800000000000001 0
993 0.1300000000000002 0.2933333333333334 0
994 0.1283333333333336 0.3066666666666666 0
995 0.1266666666666669 0.3200000000000001 0
996 0.1250000000000002 0.3333333333333334 0
997 0.1233333333333336 0.3466666666666667 0
998 0.1216666666666669 0.3600000000000001 0
999 0.1200000000000003 0.3733333333333334 0
1000 0.1183333333333336 0.3866666666666668 0
1001 0.1166666666666669 0.4 0
1002 0.1150000000000003 0.4133333333333334 0
1003 0.1133333333333335 0.4266666666666668 0
1004 0.1116666666666669 0.4400000000000001 0
1005 0.1100000000000003 0.4533333333333335 0
1006 0.1083333333333336 0.4666666666666668 0
1007 0.1066666666666669 0.4800000000000001 0
1008 0.1050000000000001 0.4933333333333336 0
1009 0.1033333333333336 0.5066666666666668 0
1010 0.1016666666666669 0.5200000000000002 0
1011 0.1000000000000002 0.5333333333333335 0
1012 0.09833333333333349 0.5466666666666669 0
1013 0.09666666666666696 0.5600000000000001 0
1014 0.09500000000000014 0.5733333333333336 0
1015 0.0933333333333336 0.5866666666666668 0
1016 0.0916666666666669 0.6000000000000001 0
1017 0.09000000000000014 0.6133333333333335 0
1018 0.0883333333333336 0.6266666666666669 0
1019 0.08666666666666689 0.6400000000000001 0
1020 0.08500000000000019 0.6533333333333335 0
1021 0.08333333333333348 0.6666666666666667 0
1022 0.08166666666666689 0.6800000000000002 0
1023 0.08000000000000013 0.6933333333333336 0
1024 0.07833333333333353 0.7066666666666668 0
1025 0.07666666666666683 0.7200000000000002 0
1026 0.07500000000000012 0.7333333333333334 0
1027 0.07333333333333353 0.7466666666666668 0
1028 0.07166666666666693 0.7600000000000001 0
1029 0.07000000000000012 0.7733333333333334 0
1030 0.06833333333333347 0.7866666666666668 0
1031 0.1374999999999999 0.01333333333333342 0
1032 0.1361111111111111 0.02666666666666673 0
1033 0.1347222222222222 0.0400000000000002 0
1034 0.1333333333333335 0.05333333333333351 0
1035 0.1319444444444444 0.06666666666666665 0
1036 0.1305555555555556 0.08000000000000007 0
1037 0.1291666666666666 0.09333333333333332 0
1038 0.1277777777777777 0.1066666666666667 0
1039 0.1263888888888889 0.1200000000000002 0
1040 0.1250000000000001 0.1333333333333334 0
1041 0.1236111111111112 0.1466666666666669 0
1042 0.1222222222222223 0.1600000000000003 0
1043 0.1208333333333334 0.1733333333333334 0
1044 0.1194444444444445 0.1866666666666668 0
1045 0.1180555555555556 0.2000000000000002 0
1046 0.1166666666666667 0.2133333333333336 0
1047 0.1152777777777779 0.226666666666667 0
1048 0.113888888888889 0.2400000000000002 0
1049 0.1125 0.2533333333333336 0
1050 0.1111111111111112 0.2666666666666669 0
1051 0.1097222222222223 0.2800000000000002 0
1052 0.1083333333333334 0.2933333333333335 0
1053 0.1069444444444445 0.3066666666666668 0
1054 0.1055555555555557 0.3200000000000002 0
1055 0.1041666666666667 0.3333333333333335 0
1056 0.1027777777777779 0.3466666666666668 0
1057 0.1013888888888891 0.3600000000000002 0
1058 0.1000000000000001 0.3733333333333335 0
1059 0.0986111111111112 0.3866666666666668 0
1060 0.09722222222222227 0.4000000000000001 0
1061 0.09583333333333338 0.4133333333333334 0
1062 0.0944444444444445 0.4266666666666669 0
1063 0.09305555555555567 0.4400000000000002 0
1064 0.09166666666666679 0.4533333333333336 0
1065 0.0902777777777779 0.4666666666666668 0
1066 0.08888888888888902 0.4800000000000001 0
1067 0.08750000000000008 0.4933333333333336 0
1068 0.08611111111111119 0.5066666666666669 0
1069 0.08472222222222231 0.5200000000000002 0
1070 0.08333333333333343 0.5333333333333335 0
1071 0.08194444444444454 0.5466666666666669 0
1072 0.0805555555555556 0.5600000000000002 0
1073 0.07916666666666677 0.5733333333333336 0
1074 0.07777777777777789 0.5866666666666669 0
1075 0.07638888888888901 0.6000000000000002 0
1076 0.07500000000000012 0.6133333333333335 0
1077 0.07361111111111124 0.6266666666666669 0
1078 0.07222222222222235 0.6400000000000001 0
1079 0.07083333333333347 0.6533333333333335 0
1080 0.06944444444444464 0.6666666666666669 0
1081 0.06805555555555565 0.6800000000000002 0
1082 0.06666666666666693 0.6933333333333336 0
1083 0.06527777777777788 0.7066666666666668 0
1084 0.06388888888888911 0.7200000000000002 0
1085 0.0625 0.7333333333333335 0
1086 0.06111111111111106 0.7466666666666669 0
1087 0.05972222222222234 0.7600000000000002 0
1088 0.05833333333333346 0.7733333333333334 0
1089 0.05694444444444458 0.7866666666666668 0
1090 0.1100000000000001 0.01333333333333336 0
1091 0.108888888888889 0.02666666666666673 0
1092 0.1077777777777779 0.04000000000000015 0
1093 0.1066666666666667 0.05333333333333345 0
1094 0.1055555555555557 0.06666666666666671 0
1095 0.1044444444444444 0.08000000000000013 0
1096 0.1033333333333334 0.09333333333333338 0
1097 0.1022222222222223 0.1066666666666667 0
1098 0.1011111111111112 0.1200000000000002 0
1099 0.1 0.1333333333333336 0
1100 0.09888888888888892 0.1466666666666669 0
1101 0.09777777777777785 0.1600000000000003 0
1102 0.09666666666666668 0.1733333333333335 0
1103 0.09555555555555562 0.1866666666666669 0
1104 0.09444444444444455 0.2000000000000002 0
1105 0.09333333333333343 0.2133333333333336 0
1106 0.09222222222222237 0.2266666666666669 0
1107 0.09111111111111114 0.2400000000000003 0
1108 0.09000000000000019 0.2533333333333336 0
1109 0.08888888888888885 0.2666666666666669 0
1110 0.08777777777777784 0.2800000000000004 0
1111 0.08666666666666684 0.2933333333333336 0
1112 0.08555555555555555 0.3066666666666669 0
1113 0.08444444444444454 0.3200000000000002 0
1114 0.08333333333333343 0.3333333333333335 0
1115 0.08222222222222231 0.3466666666666668 0
1116 0.08111111111111124 0.3600000000000002 0
1117 0.08000000000000002 0.3733333333333335 0
1118 0.0788888888888889 0.3866666666666668 0
1119 0.07777777777777778 0.4000000000000001 0
1120 0.07666666666666677 0.4133333333333334 0
1121 0.07555555555555554 0.4266666666666668 0
1122 0.07444444444444454 0.4400000000000002 0
1123 0.07333333333333342 0.4533333333333336 0
1124 0.0722222222222223 0.4666666666666669 0
1125 0.07111111111111118 0.4800000000000002 0
1126 0.07000000000000006 0.4933333333333337 0
1127 0.06888888888888894 0.5066666666666669 0
1128 0.06777777777777783 0.5200000000000004 0
1129 0.06666666666666676 0.5333333333333337 0
1130 0.06555555555555559 0.5466666666666669 0
1131 0.06444444444444458 0.5600000000000003 0
1132 0.06333333333333335 0.5733333333333337 0
1133 0.06222222222222235 0.5866666666666669 0
1134 0.06111111111111112 0.6000000000000002 0
1135 0.06000000000000011 0.6133333333333336 0
1136 0.05888888888888882 0.6266666666666669 0
1137 0.05777777777777787 0.6400000000000002 0
1138 0.05666666666666681 0.6533333333333335 0
1139 0.05555555555555558 0.6666666666666669 0
1140 0.05444444444444457 0.6800000000000003 0
1141 0.05333333333333334 0.6933333333333336 0
1142 0.05222222222222239 0.7066666666666668 0
1143 0.05111111111111122 0.7200000000000001 0
1144 0.0500000000000001 0.7333333333333334 0
1145 0.04888888888888898 0.7466666666666669 0
1146 0.04777777777777781 0.7600000000000002 0
1147 0.04666666666666658 0.7733333333333334 0
1148 0.04555555555555563 0.786666666666667 0
1149 0.08250000000000007 0.01333333333333336 0
1150 0.08166666666666667 0.02666666666666678 0
1151 0.08083333333333326 0.0400000000000002 0
1152 0.08000000000000007 0.05333333333333345 0
1153 0.07916666666666672 0.06666666666666671 0
1154 0.07833333333333342 0.08000000000000007 0
1155 0.07750000000000012 0.09333333333333343 0
1156 0.07666666666666677 0.1066666666666669 0
1157 0.07583333333333342 0.1200000000000002 0
1158 0.07500000000000001 0.1333333333333335 0
1159 0.07416666666666671 0.1466666666666668 0
1160 0.07333333333333347 0.1600000000000003 0
1161 0.07250000000000006 0.1733333333333335 0
1162 0.07166666666666677 0.1866666666666669 0
1163 0.07083333333333347 0.2000000000000003 0
1164 0.07000000000000006 0.2133333333333337 0
1165 0.06916666666666665 0.226666666666667 0
1166 0.06833333333333341 0.2400000000000003 0
1167 0.06750000000000006 0.2533333333333337 0
1168 0.06666666666666676 0.2666666666666671 0
1169 0.06583333333333347 0.2800000000000004 0
1170 0.06500000000000011 0.2933333333333336 0
1171 0.06416666666666682 0.3066666666666669 0
1172 0.06333333333333335 0.3200000000000002 0
1173 0.06250000000000022 0.3333333333333336 0
1174 0.0616666666666667 0.3466666666666669 0
1175 0.06083333333333346 0.3600000000000003 0
1176 0.06000000000000011 0.3733333333333335 0
1177 0.05916666666666687 0.3866666666666669 0
1178 0.05833333333333357 0.4000000000000001 0
1179 0.05750000000000011 0.4133333333333335 0
1180 0.05666666666666675 0.4266666666666669 0
1181 0.05583333333333346 0.4400000000000002 0
1182 0.0550000000000001 0.4533333333333337 0
1183 0.05416666666666675 0.4666666666666669 0
1184 0.0533333333333334 0.4800000000000003 0
1185 0.0525000000000001 0.4933333333333337 0
1186 0.05166666666666669 0.506666666666667 0
1187 0.05083333333333351 0.5200000000000004 0
1188 0.0500000000000001 0.5333333333333337 0
1189 0.04916666666666675 0.546666666666667 0
1190 0.04833333333333339 0.5600000000000003 0
1191 0.04750000000000015 0.5733333333333337 0
1192 0.04666666666666686 0.5866666666666669 0
1193 0.0458333333333335 0.6000000000000002 0
1194 0.0450000000000001 0.6133333333333337 0
1195 0.04416666666666674 0.6266666666666669 0
1196 0.04333333333333339 0.6400000000000002 0
1197 0.04250000000000009 0.6533333333333335 0
1198 0.0416666666666668 0.666666666666667 0
1199 0.04083333333333344 0.6800000000000002 0
1200 0.04000000000000015 0.6933333333333336 0
1201 0.03916666666666674 0.7066666666666669 0
1202 0.03833333333333339 0.7200000000000001 0
1203 0.03750000000000009 0.7333333333333334 0
1204 0.03666666666666674 0.7466666666666669 0
1205 0.03583333333333333 0.7600000000000002 0
1206 0.03500000000000009 0.7733333333333334 0
1207 0.03416666666666673 0.7866666666666668 0
1208 0.0550000000000001 0.01333333333333342 0
1209 0.05444444444444446 0.02666666666666673 0
1210 0.05388888888888888 0.04000000000000015 0
1211 0.05333333333333345 0.05333333333333345 0
1212 0.05277777777777781 0.06666666666666676 0
1213 0.05222222222222223 0.08000000000000018 0
1214 0.05166666666666669 0.09333333333333338 0
1215 0.05111111111111111 0.1066666666666669 0
1216 0.05055555555555558 0.1200000000000002 0
1217 0.0500000000000001 0.1333333333333336 0
1218 0.04944444444444457 0.1466666666666668 0
1219 0.04888888888888898 0.1600000000000004 0
1220 0.04833333333333339 0.1733333333333336 0
1221 0.04777777777777786 0.1866666666666671 0
1222 0.04722222222222211 0.2000000000000003 0
1223 0.04666666666666669 0.2133333333333336 0
1224 0.04611111111111121 0.226666666666667 0
1225 0.04555555555555563 0.2400000000000004 0
1226 0.04500000000000004 0.2533333333333337 0
1227 0.04444444444444434 0.2666666666666672 0
1228 0.04388888888888898 0.2800000000000004 0
1229 0.04333333333333328 0.2933333333333337 0
1230 0.0427777777777778 0.306666666666667 0
1231 0.04222222222222238 0.3200000000000003 0
1232 0.04166666666666669 0.3333333333333336 0
1233 0.0411111111111111 0.346666666666667 0
1234 0.04055555555555562 0.3600000000000003 0
1235 0.04000000000000009 0.3733333333333336 0
1236 0.03944444444444456 0.3866666666666669 0
1237 0.03888888888888897 0.4000000000000002 0
1238 0.03833333333333339 0.4133333333333336 0
1239 0.03777777777777785 0.4266666666666669 0
1240 0.03722222222222227 0.4400000000000003 0
1241 0.03666666666666657 0.4533333333333337 0
1242 0.03611111111111115 0.466666666666667 0
1243 0.03555555555555562 0.4800000000000003 0
1244 0.03500000000000014 0.4933333333333337 0
1245 0.0344444444444445 0.506666666666667 0
1246 0.03388888888888891 0.5200000000000005 0
1247 0.03333333333333344 0.5333333333333337 0
1248 0.03277777777777791 0.546666666666667 0
1249 0.03222222222222226 0.5600000000000003 0
1250 0.03166666666666657 0.5733333333333337 0
1251 0.03111111111111114 0.5866666666666669 0
1252 0.03055555555555561 0.6000000000000002 0
1253 0.03000000000000003 0.6133333333333336 0
1254 0.0294444444444445 0.6266666666666669 0
1255 0.02888888888888891 0.6400000000000002 0
1256 0.02833333333333338 0.6533333333333335 0
1257 0.02777777777777785 0.6666666666666669 0
1258 0.02722222222222226 0.6800000000000002 0
1259 0.02666666666666662 0.6933333333333336 0
1260 0.02611111111111114 0.7066666666666669 0
1261 0.02555555555555561 0.7200000000000002 0
1262 0.02500000000000013 0.7333333333333334 0
1263 0.02444444444444449 0.7466666666666669 0
1264 0.02388888888888885 0.7600000000000001 0
1265 0.02333333333333332 0.7733333333333334 0
1266 0.02277777777777779 0.7866666666666668 0
1267 0.02749999999999991 0.01333333333333331 0
1268 0.02722222222222209 0.02666666666666678 0
1269 0.02694444444444438 0.04000000000000009 0
1270 0.02666666666666667 0.05333333333333351 0
1271 0.0263888888888888 0.0666666666666666 0
1272 0.02611111111111108 0.08000000000000018 0
1273 0.02583333333333337 0.09333333333333343 0
1274 0.0255555555555555 0.1066666666666669 0
1275 0.02527777777777773 0.1200000000000002 0
1276 0.02500000000000002 0.1333333333333336 0
1277 0.02472222222222226 0.1466666666666669 0
1278 0.02444444444444449 0.1600000000000005 0
1279 0.02416666666666678 0.1733333333333337 0
1280 0.02388888888888896 0.186666666666667 0
1281 0.02361111111111114 0.2000000000000005 0
1282 0.02333333333333326 0.2133333333333337 0
1283 0.02305555555555561 0.2266666666666672 0
1284 0.02277777777777784 0.2400000000000004 0
1285 0.02250000000000002 0.2533333333333337 0
1286 0.02222222222222237 0.2666666666666672 0
1287 0.02194444444444449 0.2800000000000004 0
1288 0.02166666666666678 0.2933333333333337 0
1289 0.0213888888888889 0.306666666666667 0
1290 0.02111111111111125 0.3200000000000004 0
1291 0.02083333333333348 0.3333333333333337 0
1292 0.0205555555555556 0.346666666666667 0
1293 0.02027777777777778 0.3600000000000003 0
1294 0.02000000000000013 0.3733333333333336 0
1295 0.01972222222222214 0.3866666666666669 0
1296 0.01944444444444443 0.4000000000000002 0
1297 0.01916666666666667 0.4133333333333336 0
1298 0.01888888888888901 0.426666666666667 0
1299 0.01861111111111113 0.4400000000000003 0
1300 0.01833333333333342 0.4533333333333337 0
1301 0.01805555555555571 0.466666666666667 0
1302 0.01777777777777784 0.4800000000000003 0
1303 0.01750000000000002 0.4933333333333338 0
1304 0.01722222222222225 0.5066666666666672 0
1305 0.01694444444444448 0.5200000000000005 0
1306 0.01666666666666677 0.5333333333333337 0
1307 0.01638888888888901 0.5466666666666671 0
1308 0.01611111111111108 0.5600000000000003 0
1309 0.01583333333333348 0.5733333333333337 0
1310 0.01555555555555566 0.5866666666666669 0
1311 0.01527777777777778 0.6000000000000003 0
1312 0.01500000000000007 0.6133333333333337 0
1313 0.01472222222222225 0.626666666666667 0
1314 0.01444444444444454 0.6400000000000003 0
1315 0.01416666666666672 0.6533333333333337 0
1316 0.01388888888888895 0.6666666666666669 0
1317 0.01361111111111124 0.6800000000000002 0
1318 0.01333333333333336 0.6933333333333336 0
1319 0.01305555555555554 0.7066666666666668 0
1320 0.01277777777777783 0.7200000000000002 0
1321 0.01249999999999996 0.7333333333333334 0
1322 0.01222222222222236 0.7466666666666669 0
1323 0.01194444444444454 0.7600000000000001 0
1324 0.01166666666666666 0.7733333333333334 0
1325 0.01138888888888895 0.786666666666667 0
1326 0.01127508030883401 0.8111056176311702 0
1327 0.01143904950655678 0.8222112352623403 0
1328 0.01160301870427966 0.8333168528935102 0
1329 0.01176698790200231 0.8444224705246804 0
1330 0.01193095709972514 0.8555280881558506 0
1331 0.01209492629744802 0.8666337057870206 0
1332 0.0122588954951709 0.8777393234181907 0
1333 0.01242286469289361 0.8888449410493607 0
1334 0.01258683389061649 0.8999505586805308 0
1335 0.01275080308833937 0.9110561763117009 0
1336 0.01291477228606214 0.9221617939428709 0
1337 0.01307874148378479 0.9332674115740413 0
1338 0.01324271068150773 0.9443730292052112 0
1339 0.01340667987923055 0.9554786468363815 0
1340 0.01357064907695343 0.9665842644675513 0
1341 0.0137346182746762 0.9776898820987214 0
1342 0.01389858747239897 0.9887954997298916 0
1343 0.02255000611292191 0.8110891382777666 0
1344 0.0228777900036215 0.8221782765555333 0
1345 0.02320557389432121 0.8332674148332999 0
1346 0.0235333577850208 0.8443565531110665 0
1347 0.02386114167572057 0.8554456913888332 0
1348 0.02418892556642011 0.8665348296665998 0
1349 0.02451670945711992 0.8776239679443663 0
1350 0.02484449334781952 0.8887131062221331 0
1351 0.02517227723851906 0.8998022444998997 0
1352 0.02550006112921871 0.9108913827776663 0
1353 0.02582784501991847 0.9219805210554332 0
1354 0.02615562891061807 0.9330696593331995 0
1355 0.02648341280131772 0.9441587976109661 0
1356 0.02681119669201731 0.9552479358887328 0
1357 0.02713898058271713 0.9663370741664995 0
1358 0.02746676447341673 0.9774262124442659 0
1359 0.02779454836411638 0.9885153507220327 0
1360 0.0338246229380737 0.8110616763099445 0
1361 0.0343159125428138 0.8221233526198892 0
1362 0.03480720214755395 0.8331850289298339 0
1363 0.03529849175229416 0.8442467052397784 0
1364 0.03578978135703459 0.8553083815497232 0
1365 0.03628107096177474 0.8663700578596678 0
1366 0.03677236056651495 0.8774317341696123 0
1367 0.03726365017125527 0.8884934104795569 0
1368 0.03775493977599526 0.8995550867895016 0
1369 0.03824622938073557 0.9106167630994462 0
1370 0.03873751898547578 0.9216784394093908 0
1371 0.03922880859021599 0.9327401157193352 0
1372 0.03972009819495631 0.9438017920292799 0
1373 0.04021138779969646 0.9548634683392246 0
1374 0.04070267740443662 0.9659251446491692 0
1375 0.04119396700917682 0.9769868209591138 0
1376 0.04168525661391714 0.9880484972690583 0
1377 0.04509877637120391 0.8110232371587278 0
1378 0.04575310829796359 0.8220464743174556 0
1379 0.0464074402247231 0.8330697114761833 0
1380 0.04706177215148255 0.8440929486349109 0
1381 0.04771610407824217 0.8551161857936389 0
1382 0.04837043600500163 0.8661394229523666 0
1383 0.04902476793176114 0.8771626601110943 0
1384 0.04967909985852076 0.888185897269822 0
1385 0.05033343178528021 0.8992091344285499 0
1386 0.05098776371203978 0.9102323715872774 0
1387 0.05164209563879923 0.9212556087460052 0
1388 0.05229642756555875 0.932278845904733 0
1389 0.05295075949231837 0.9433020830634609 0
1390 0.05360509141907788 0.9543253202221887 0
1391 0.05425942334583744 0.9653485573809161 0
1392 0.05491375527259695 0.9763717945396441 0
1393 0.05556808719935646 0.9873950316983718 0
1394 0.05637231209087118 0.8109738284260455 0
1395 0.05718906862618661 0.8219476568520909 0
1396 0.05800582516150204 0.8329214852781364 0
1397 0.05882258169681764 0.8438953137041818 0
1398 0.05963933823213302 0.8548691421302272 0
1399 0.06045609476744845 0.8658429705562728 0
1400 0.06127285130276394 0.8768167989823183 0
1401 0.06208960783807937 0.8877906274083637 0
1402 0.06290636437339497 0.8987644558344092 0
1403 0.06372312090871041 0.9097382842604547 0
1404 0.06453987744402573 0.9207121126865001 0
1405 0.06535663397934127 0.9316859411125454 0
1406 0.0661733905146567 0.942659769538591 0
1407 0.06699014704997214 0.9536335979646363 0
1408 0.06780690358528768 0.9646074263906819 0
1409 0.06862366012060317 0.9755812548167274 0
1410 0.06944041665591855 0.986555083242773 0
1411 0.06764507589779495 0.8109134598832296 0
1412 0.06862348512892297 0.8218269197664589 0
1413 0.06960189436005099 0.8327403796496885 0
1414 0.07058030359117923 0.8436538395329181 0
1415 0.07155871282230719 0.8545672994161476 0
1416 0.07253712205343527 0.865480759299377 0
1417 0.0735155312845634 0.8763942191826066 0
1418 0.07449394051569153 0.8873076790658361 0
1419 0.07547234974681943 0.8982211389490655 0
1420 0.07645075897794756 0.909134598832295 0
1421 0.07742916820907569 0.9200480587155245 0
1422 0.07840757744020366 0.9309615185987542 0
1423 0.07938598667133179 0.9418749784819833 0
1424 0.08036439590245986 0.9527884383652129 0
1425 0.08134280513358799 0.9637018982484425 0
1426 0.08232121436471612 0.9746153581316718 0
1427 0.08329962359584403 0.9855288180149013 0
1428 0.07891691374535298 0.8108421434690816 0
1429 0.08005604971292818 0.8216842869381631 0
1430 0.08119518568050321 0.8325264304072445 0
1431 0.08233432164807819 0.8433685738763259 0
1432 0.08347345761565333 0.8542107173454075 0
1433 0.08461259358322842 0.865052860814489 0
1434 0.08575172955080346 0.8758950042835704 0
1435 0.08689086551837855 0.8867371477526521 0
1436 0.08803000148595358 0.8975792912217335 0
1437 0.08916913745352867 0.9084214346908149 0
1438 0.09030827342110376 0.9192635781598966 0
1439 0.09144740938867885 0.9301057216289781 0
1440 0.09258654535625394 0.9409478650980594 0
1441 0.09372568132382902 0.9517900085671409 0
1442 0.09486481729140417 0.9626321520362225 0
1443 0.0960039532589792 0.9734742955053038 0
1444 0.09714308922655435 0.9843164389743854 0
1445 0.09018767177004577 0.810759893287512 0
1446 0.09148645465120242 0.8215197865750239 0
1447 0.09278523753235934 0.8322796798625358 0
1448 0.09408402041351605 0.8430395731500477 0
1449 0.0953828032946728 0.8537994664375597 0
1450 0.09668158617582956 0.8645593597250716 0
1451 0.09798036905698632 0.8753192530125835 0
1452 0.09927915193814302 0.8860791463000955 0
1453 0.1005779348192998 0.8968390395876075 0
1454 0.1018767177004566 0.9075989328751193 0
1455 0.1031755005816135 0.9183588261626313 0
1456 0.1044742834627702 0.9291187194501431 0
1457 0.105773066343927 0.9398786127376552 0
1458 0.1070718492250837 0.9506385060251671 0
1459 0.1083706321062405 0.9613983993126789 0
1460 0.1096694149873974 0.9721582926001907 0
1461 0.110968197868554 0.9829181858877029 0
1462 0.101457196321925 0.8106667256047508 0
1463 0.1029143926438499 0.8213334512095016 0
1464 0.1043715889657748 0.8320001768142524 0
1465 0.1058287852876997 0.8426669024190032 0
1466 0.1072859816096244 0.853333628023754 0
1467 0.1087431779315494 0.8640003536285048 0
1468 0.1102003742534743 0.8746670792332556 0
1469 0.1116575705753992 0.8853338048380065 0
1470 0.113114766897324 0.8960005304427573 0
1471 0.1145719632192488 0.9066672560475081 0
1472 0.1160291595411738 0.9173339816522588 0
1473 0.1174863558630986 0.9280007072570097 0
1474 0.1189435521850234 0.9386674328617605 0
1475 0.1204007485069483 0.9493341584665113 0
1476 0.1218579448288732 0.9600008840712621 0
1477 0.1233151411507979 0.9706676096760126 0
1478 0.1247723374727229 0.9813343352807636 0
1479 0.1127253339949805 0.8105626588461308 0
1480 0.1143395568788498 0.8211253176922616 0
1481 0.1159537797627189 0.8316879765383923 0
1482 0.1175680026465882 0.8422506353845233 0
1483 0.1191822255304575 0.8528132942306538 0
1484 0.1207964484143267 0.8633759530767848 0
1485 0.122410671298196 0.8739386119229156 0
1486 0.1240248941820653 0.8845012707690463 0
1487 0.1256391170659344 0.8950639296151771 0
1488 0.1272533399498038 0.9056265884613078 0
1489 0.128867562833673 0.9161892473074388 0
1490 0.1304817857175423 0.9267519061535695 0
1491 0.1320960086014115 0.9373145649997002 0
1492 0.1337102314852809 0.947877223845831 0
1493 0.13532445436915 0.9584398826919619 0
1494 0.1369386772530192 0.9690025415380926 0
1495 0.1385529001368885 0.9795652003842231 0
1496 0.1239919316574784 0.8104477135924434 0
1497 0.1257616410927349 0.8208954271848867 0
1498 0.127531350527991 0.8313431407773301 0
1499 0.1293010599632471 0.8417908543697732 0
1500 0.1310707693985034 0.8522385679622166 0
1501 0.1328404788337597 0.86268628155466 0
1502 0.1346101882690158 0.8731339951471033 0
1503 0.1363798977042721 0.8835817087395467 0
1504 0.1381496071395283 0.8940294223319898 0
1505 0.1399193165747845 0.9044771359244331 0
1506 0.1416890260100407 0.9149248495168764 0
1507 0.1434587354452969 0.9253725631093197 0
1508 0.1452284448805531 0.9358202767017633 0
1509 0.1469981543158094 0.9462679902942066 0
1510 0.1487678637510656 0.9567157038866497 0
1511 0.1505375731863218 0.967163417479093 0
1512 0.1523072826215781 0.9776111310715364 0
1513 0.1352568364822462 0.8103219125758685 0
1514 0.1371803396311588 0.8206438251517369 0
1515 0.1391038427800715 0.8309657377276052 0
1516 0.1410273459289842 0.8412876503034737 0
1517 0.1429508490778971 0.8516095628793421 0
1518 0.1448743522268098 0.8619314754552106 0
1519 0.1467978553757224 0.8722533880310791 0
1520 0.1487213585246351 0.8825753006069476 0
1521 0.1506448616735479 0.8928972131828159 0
1522 0.1525683648224606 0.9032191257586846 0
1523 0.1544918679713733 0.9135410383345529 0
1524 0.156415371120286 0.9238629509104213 0
1525 0.1583388742691988 0.9341848634862898 0
1526 0.1602623774181114 0.9445067760621582 0
1527 0.1621858805670243 0.9548286886380265 0
1528 0.1641093837159368 0.9651506012138951 0
1529 0.1660328868648495 0.9754725137897633 0
1530 0.1465198959768947 0.810185280675479 0
1531 0.1485953475093449 0.8203705613509582 0
1532 0.1506707990417951 0.8305558420264374 0
1533 0.1527462505742454 0.8407411227019165 0
1534 0.1548217021066955 0.8509264033773958 0
1535 0.1568971536391457 0.8611116840528747 0
1536 0.1589726051715958 0.8712969647283539 0
1537 0.1610480567040462 0.8814822454038331 0
1538 0.1631235082364964 0.8916675260793123 0
1539 0.1651989597689465 0.9018528067547915 0
1540 0.1672744113013967 0.9120380874302706 0
1541 0.1693498628338469 0.9222233681057498 0
1542 0.1714253143662971 0.9324086487812288 0
1543 0.1735007658987473 0.9425939294567081 0
1544 0.1755762174311975 0.9527792101321871 0
1545 0.1776516689636476 0.9629644908076661 0
1546 0.1797271204960979 0.9731497714831451 0
1547 0.157780958013978 0.8100378449123212 0
1548 0.1600063604724004 0.8200756898246424 0
1549 0.1622317629308228 0.8301135347369635 0
1550 0.1644571653892452 0.8401513796492848 0
1551 0.1666825678476677 0.8501892245616058 0
1552 0.16890797030609 0.8602270694739269 0
1553 0.1711333727645124 0.8702649143862481 0
1554 0.1733587752229348 0.8803027592985695 0
1555 0.1755841776813573 0.8903406042108907 0
1556 0.1778095801397796 0.9003784491232116 0
1557 0.1800349825982021 0.9104162940355329 0
1558 0.1822603850566244 0.9204541389478541 0
1559 0.1844857875150469 0.9304919838601753 0
1560 0.1867111899734692 0.9405298287724964 0
1561 0.1889365924318916 0.9505676736848174 0
1562 0.191161994890314 0.9606055185971385 0
1563 0.1933873973487364 0.9706433635094598 0
1564 0.1690398708610774 0.8098796344440691 0
1565 0.1714130750554879 0.8197592688881384 0
1566 0.1737862792498986 0.8296389033322076 0
1567 0.1761594834443093 0.8395185377762767 0
1568 0.17853268763872 0.849398172220346 0
1569 0.1809058918331307 0.8592778066644153 0
1570 0.1832790960275412 0.8691574411084846 0
1571 0.185652300221952 0.8790370755525537 0
1572 0.1880255044163627 0.888916709996623 0
1573 0.1903987086107733 0.8987963444406919 0
1574 0.192771912805184 0.9086759788847614 0
1575 0.1951451169995946 0.9185556133288304 0
1576 0.1975183211940053 0.9284352477728998 0
1577 0.1998915253884159 0.9383148822169688 0
1578 0.2022647295828266 0.9481945166610379 0
1579 0.2046379337772372 0.9580741511051072 0
1580 0.2070111379716479 0.9679537855491763 0
1581 0.1802964832108094 0.8097106805592604 0
1582 0.182815188643841 0.8194213611185209 0
1583 0.1853338940768726 0.8291320416777814 0
1584 0.1878525995099042 0.8388427222370418 0
1585 0.1903713049429359 0.8485534027963023 0
1586 0.1928900103759675 0.8582640833555628 0
1587 0.1954087158089992 0.8679747639148233 0
1588 0.1979274212420307 0.8776854444740837 0
1589 0.2004461266750623 0.8873961250333441 0
1590 0.2029648321080939 0.8971068055926046 0
1591 0.2054835375411256 0.906817486151865 0
1592 0.2080022429741572 0.9165281667111255 0
1593 0.2105209484071888 0.9262388472703859 0
1594 0.2130396538402204 0.9359495278296466 0
1595 0.215558359273252 0.9456602083889069 0
1596 0.2180770647062835 0.9553708889481674 0
1597 0.2205957701393152 0.9650815695074276 0
1598 0.1915506442107492 0.8095310166711069 0
1599 0.1942123995326096 0.8190620333422138 0
1600 0.19687415485447 0.8285930500133207 0
1601 0.1995359101763304 0.8381240666844276 0
1602 0.2021976654981907 0.8476550833555345 0
1603 0.204859420820051 0.8571861000266414 0
1604 0.2075211761419114 0.8667171166977483 0
1605 0.2101829314637718 0.8762481333688554 0
1606 0.2128446867856321 0.8857791500399623 0
1607 0.2155064421074925 0.8953101667110692 0
1608 0.2181681974293528 0.9048411833821761 0
1609 0.2208299527512132 0.914372200053283 0
1610 0.2234917080730736 0.9239032167243899 0
1611 0.2261534633949338 0.9334342333954969 0
1612 0.2288152187167942 0.9429652500666036 0
1613 0.2314769740386546 0.9524962667377104 0
1614 0.2341387293605149 0.9620272834088175 0
1615 0.9717167069784682 0.02148004894311517 0
1616 0.9707558266331564 0.04295009599035626 0
1617 0.9693399106245064 0.06440014406943889 0
1618 0.9674695078396827 0.08582020575293342 0
1619 0.965145386350085 0.1072003080748756 0
1620 0.9623685330409326 0.1285304973404069 0
1621 0.9591401531353221 0.1498008439261147 0
1622 0.955461669612987 0.1710014470687734 0
1623 0.9513347225240394 0.1921224396401572 0
1624 0.9467611681980288 0.2131539929056376 0
1625 0.9417430783486942 0.2340863212642635 0
1626 0.9362827390748429 0.2549096869680388 0
1627 0.9303826497578402 0.2756144048181225 0
1628 0.9240455218562378 0.2961908468356871 0
1629 0.917274277598126 0.3166294469051796 0
1630 0.9100720485718381 0.3369207053877471 0
1631 0.9024421742156858 0.3570551937026091 0
1632 0.8943882002074568 0.3770235588741524 0
1633 0.8859138767544503 0.3968165280425698 0
1634 0.8770231567848727 0.4164249129358589 0
1635 0.8677201940414681 0.4358396143010281 0
1636 0.8580093410783043 0.4550516262923713 0
1637 0.8478951471616756 0.4740520408146952 0
1638 0.83738235607614 0.4928320518194045 0
1639 0.8264759038367453 0.5113829595513749 0
1640 0.8151809163085506 0.5296961747445597 0
1641 0.8035027067345848 0.5477632227643183 0
1642 0.7914467731734449 0.5655757476944556 0
1643 0.7790187958477583 0.5831255163670094 0
1644 0.7662246344047967 0.6004044223328409 0
1645 0.7530703250905584 0.617404489771112 0
1646 0.7395620778386818 0.6341178773357643 0
1647 0.7257062732755966 0.6505368819371483 0
1648 0.7115094596433533 0.6666539424569721 0
1649 0.6969783496416211 0.6824616433947818 0
1650 0.6821198171903666 0.6979527184442211 0
1651 0.6669408941147885 0.7131200539973326 0
1652 0.6514487667540938 0.72795669257522 0
1653 0.6356507724957619 0.7424558361834165 0
1654 0.6195543962369578 0.7566108495903345 0
1655 0.6031672667748114 0.7704152635272252 0
1656 0.5864971531272944 0.7838627778080958 0
1657 0.5695519607864753 0.7969472643680842 0
1658 0.5523397279059565 0.8096627702188288 0
1659 0.5348686214243359 0.8220035203193974 0
1660 0.5171469331265531 0.8339639203614065 0
1661 0.4991830756450333 0.8455385594669724 0
1662 0.4809855784025465 0.856722212798203 0
1663 0.4625630834987439 0.8675098440769671 0
1664 0.4439243415423531 0.8778966080137284 0
1665 0.4250782074310432 0.887877852644272 0
1666 0.4060336360809953 0.8974491215731948 0
1667 0.3867996781082353 0.906606156123082 0
1668 0.3673854754638188 0.9153448973883268 0
1669 0.3478002570249597 0.9236614881926122 0
1670 0.3280533341442454 0.9315522749490989 0
1671 0.3081540961590722 0.9390138094224336 0
1672 0.2881120058634723 0.9460428503917209 0
1673 0.2679365949445155 0.9526363652136592 0
1674 0.9436745477444406 0.02100083037783407 0
1675 0.9424760721253236 0.04199224720660971 0
1676 0.9408493276465946 0.06296484147711895 0
1677 0.9387948309079366 0.08390921325766282 0
1678 0.93631330480008 0.1048159762273337 0
1679 0.9334056781561717 0.1256757622027359 0
1680 0.9300730853038326 0.1464792256559511 0
1681 0.9263168655181055 0.1672170482215907 0
1682 0.9221385623755662 0.1878799431907361 0
1683 0.9175399230099095 0.2084586599896197 0
1684 0.9125228972693593 0.2289439886408755 0
1685 0.9070896367763228 0.2493267642052129 0
1686 0.9012424938897319 0.2695978712013702 0
1687 0.8949840205705766 0.2897482480022153 0
1688 0.8883169671511773 0.3097688912048749 0
1689 0.8812442810087888 0.3296508599727815 0
1690 0.8737691051441747 0.3493852803475536 0
1691 0.8658947766658418 0.368963349528614 0
1692 0.8576248251806593 0.3883763401184971 0
1693 0.8489629710916449 0.4076156043317887 0
1694 0.8399131238037348 0.4266725781656735 0
1695 0.8304793798384041 0.445538785530075 0
1696 0.8206660208580475 0.4642058423353994 0
1697 0.8104775116010731 0.48266546053591 0
1698 0.7999184977287015 0.5009094521267843 0
1699 0.7889938035845183 0.5189297330929188 0
1700 0.7777084298678447 0.5367183273075937 0
1701 0.7660675512220659 0.5542673703790955 0
1702 0.7540765137390667 0.5715691134434598 0
1703 0.7417408323809851 0.5886159269014972 0
1704 0.7290661883205256 0.6054003040983013 0
1705 0.7160584262011123 0.6219148649434645 0
1706 0.7027235513182086 0.6381523594702572 0
1707 0.689067726723156 0.6541056713320521 0
1708 0.6750972702509375 0.6697678212343045 0
1709 0.6608186514732862 0.6851319703004435 0
1710 0.6462384885786245 0.7001914233700384 0
1711 0.6313635451803237 0.714939632227658 0
1712 0.6162007270548346 0.7293701987608626 0
1713 0.6007570788112544 0.743476878045805 0
1714 0.5850397804939401 0.7572535813589572 0
1715 0.5690561441198063 0.7706943791135019 0
1716 0.5528136101519768 0.7837935037189812 0
1717 0.5363197439114885 0.7965453523628192 0
1718 0.5195822319287867 0.8089444897123741 0
1719 0.5026088782367558 0.8209856505362257 0
1720 0.4854076006070901 0.8326637422434251 0
1721 0.4679864267318085 0.8439738473394852 0
1722 0.450353490351759 0.8549112257979297 0
1723 0.4325170273339793 0.8654713173462543 0
1724 0.4144853716998054 0.8756497436651971 0
1725 0.3962669516056426 0.8854423105002619 0
1726 0.3778702852783391 0.8948450096844693 0
1727 0.3593039769071236 0.9038540210713666 0
1728 0.3405767124940797 0.9124657143773605 0
1729 0.3216972556651722 0.920676650932485 0
1730 0.3026744434438327 0.928483585338761 0
1731 0.2835171819891504 0.9358834670353452 0
1732 0.2642344423007205 0.9428734417697184 0
1733 0.915632388510413 0.0205216118125528 0
1734 0.9141963176174912 0.04103439842286322 0
1735 0.9123587446686823 0.06152953888479901 0
1736 0.9101201539761907 0.08199822076239227 0
1737 0.9074812232500749 0.1024316443797921 0
1738 0.904442823271411 0.122821027065065 0
1739 0.9010060174723431 0.1431576073857874 0
1740 0.8971720614232239 0.163432649374408 0
1741 0.8929424022270935 0.1836374467413151 0
1742 0.8883186778217902 0.2037633270736018 0
1743 0.8833027161900242 0.2238016560174873 0
1744 0.8778965344778027 0.2437438414423871 0
1745 0.8721023380216236 0.263581337584618 0
1746 0.8659225192849156 0.2833056491687435 0
1747 0.8593596567042288 0.3029083355045702 0
1748 0.8524165134457395 0.322381014557816 0
1749 0.8450960360726639 0.3417153669924982 0
1750 0.8374013531242265 0.3609031401830756 0
1751 0.8293357736068681 0.3799361521944243 0
1752 0.820902785398417 0.3988062957277185 0
1753 0.8121060535660014 0.4175055420303189 0
1754 0.8029494185985039 0.4360259447677786 0
1755 0.7934368945544197 0.4543596438561035 0
1756 0.7835726671260059 0.4724988692524157 0
1757 0.7733610916206577 0.4904359447021935 0
1758 0.762806690860486 0.5081632914412781 0
1759 0.7519141530011044 0.525673431850869 0
1760 0.7406883292706867 0.5429589930637353 0
1761 0.7291342316303751 0.5600127105199103 0
1762 0.7172570303571736 0.5768274314701537 0
1763 0.7050620515504926 0.5933961184254908 0
1764 0.6925547745635428 0.6097118525511646 0
1765 0.6797408293608205 0.6257678370033661 0
1766 0.6666259938029587 0.6415574002071323 0
1767 0.653216190860254 0.657073999073827 0
1768 0.6395174857562059 0.6723112221566657 0
1769 0.6255360830424606 0.6872627927427444 0
1770 0.6112783236065535 0.7019225718800961 0
1771 0.5967506816139075 0.7162845613383086 0
1772 0.5819597613855511 0.7303429065012754 0
1773 0.5669122942130689 0.7440918991906891 0
1774 0.5516151351123186 0.7575259804189081 0
1775 0.5360752595174783 0.7706397430698783 0
1776 0.5202997599170205 0.7834279345068097 0
1777 0.5042958424332376 0.7958854591053506 0
1778 0.4880708233469587 0.8080073807110451 0
1779 0.471632125569147 0.8197889250198777 0
1780 0.4549872750610705 0.8312254818807673 0
1781 0.438143897204774 0.8423126075188925 0
1782 0.4211097131256057 0.8530460266787798 0
1783 0.4038925359685676 0.8634216346861223 0
1784 0.38650026713029 0.8734354994273289 0
1785 0.368940892448443 0.8830838632458569 0
1786 0.3512224783504284 0.892363144754406 0
1787 0.3333531679631997 0.9012699405621087 0
1788 0.3153411771860989 0.9098010269158714 0
1789 0.2971947907285931 0.9179533612550885 0
1790 0.2789223581148286 0.9257240836789695 0
1791 0.2605322896569254 0.9331105183257776 0
1792 0.8875902292763855 0.02004239324727142 0
1793 0.8859165631096584 0.04007654963911689 0
1794 0.8838681616907702 0.06009423629247906 0
1795 0.8814454770444446 0.08008722826712167 0
1796 0.8786491417000699 0.1000473125322505 0
1797 0.8754799683866503 0.1199662919273939 0
1798 0.8719389496408537 0.1398359891156239 0
1799 0.8680272573283421 0.1596482505272253 0
1800 0.8637462420786206 0.1793949502918942 0
1801 0.8590974326336707 0.199067994157584 0
1802 0.8540825351106893 0.2186593233940993 0
1803 0.8487034321792823 0.2381609186795613 0
1804 0.8429621821535154 0.2575648039678655 0
1805 0.8368610179992546 0.2768630503352718 0
1806 0.83040234625728 0.2960477798042654 0
1807 0.8235887458826903 0.3151111691428505 0
1808 0.8164229670011529 0.3340454536374428 0
1809 0.8089079295826116 0.3528429308375373 0
1810 0.8010467220330768 0.3714959642703516 0
1811 0.7928425997051892 0.3899969871236485 0
1812 0.7842989833282681 0.4083385058949644 0
1813 0.7754194573586037 0.4265131040054822 0
1814 0.7662077682507917 0.4445134453768077 0
1815 0.7566678226509389 0.4623322779689213 0
1816 0.7468036855126139 0.4799624372776029 0
1817 0.7366195781364535 0.4973968497896373 0
1818 0.7261198761343642 0.5146285363941444 0
1819 0.7153091073193076 0.5316506157483751 0
1820 0.7041919495216835 0.5484563075963607 0
1821 0.692773228333362 0.5650389360388102 0
1822 0.6810579147804598 0.5813919327526803 0
1823 0.6690511229259732 0.5975088401588647 0
1824 0.6567581074034325 0.6133833145364751 0
1825 0.6441842608827615 0.6290091290822123 0
1826 0.6313351114695702 0.6443801769133497 0
1827 0.6182163200391255 0.6594904740128881 0
1828 0.6048336775062964 0.6743341621154503 0
1829 0.5911931020327832 0.6889055115325341 0
1830 0.5773006361729804 0.7031989239157547 0
1831 0.5631624439598477 0.717208934956746 0
1832 0.5487848079321976 0.7309302170224208 0
1833 0.5341741261048307 0.7443575817243141 0
1834 0.5193369088829797 0.7574859824207754 0
1835 0.5042797759225525 0.7703105166508002 0
1836 0.4890094529376884 0.7828264284983272 0
1837 0.4735327684571614 0.7950291108858643 0
1838 0.4578566505312039 0.8069141077963302 0
1839 0.4419881233903324 0.8184771164220497 0
1840 0.4259343040577891 0.8297139892398553 0
1841 0.409702398917232 0.8406207360113057 0
1842 0.3932997002373297 0.8511935257070476 0
1843 0.3767335826549373 0.8614286883543958 0
1844 0.3600114996185467 0.8713227168072442 0
1845 0.3431409797937331 0.8808722684374458 0
1846 0.3261296234323198 0.8900741667468571 0
1847 0.3089850987070257 0.8989254028992578 0
1848 0.2917151380133536 0.9074231371714159 0
1849 0.2743275342405067 0.915564700322594 0
1850 0.2568301370131305 0.9233475948818372 0
1851 0.8595480700423579 0.01956317468199015 0
1852 0.8576368086018256 0.03911870085537039 0
1853 0.855377578712858 0.05865893370015918 0
1854 0.8527708001126987 0.07817623577185101 0
1855 0.849817060150065 0.09766298068470874 0
1856 0.8465171135018897 0.117111556789723 0
1857 0.8428718818093641 0.1365143708454604 0
1858 0.8388824532334607 0.1558638516800425 0
1859 0.8345500819301477 0.1751524538424731 0
1860 0.8298761874455516 0.1943726612415659 0
1861 0.8248623540313544 0.2135169907707113 0
1862 0.8195103298807623 0.2325779959167356 0
1863 0.8138220262854072 0.2515482703511134 0
1864 0.8077995167135936 0.2704204515017999 0
1865 0.8014450358103317 0.2891872241039608 0
1866 0.7947609783196411 0.307841323727885 0
1867 0.7877498979296422 0.3263755402823872 0
1868 0.7804145060409964 0.3447827214919989 0
1869 0.7727576704592857 0.3630557763462788 0
1870 0.7647824140119616 0.3811876785195784 0
1871 0.7564919130905345 0.3991714697596098 0
1872 0.7478894961187035 0.4170002632431859 0
1873 0.7389786419471639 0.434667246897512 0
1874 0.729762978175872 0.4521656866854269 0
1875 0.7202462794045701 0.4694889298530122 0
1876 0.7104324654124212 0.4866304081379966 0
1877 0.7003255992676238 0.5035836409374198 0
1878 0.6899298853679288 0.520342238433015 0
1879 0.6792496674129918 0.5368999046728111 0
1880 0.6682894263095505 0.5532504406074665 0
1881 0.6570537780104271 0.5693877470798698 0
1882 0.6455474712884038 0.5853058277665648 0
1883 0.6337753854460445 0.6009987920695841 0
1884 0.6217425279625644 0.6164608579572924 0
1885 0.6094540320788868 0.6316863547528724 0
1886 0.5969151543220452 0.6466697258691103 0
1887 0.5841312719701325 0.6614055314881562 0
1888 0.5711078804590131 0.6758884511849722 0
1889 0.5578505907320532 0.6901132864932009 0
1890 0.5443651265341443 0.7040749634122165 0
1891 0.5306573216513264 0.7177685348541527 0
1892 0.5167331170973428 0.7311891830297204 0
1893 0.5025985582484812 0.7443322217716722 0
1894 0.4882597919280845 0.7571930987947908 0
1895 0.4737230634421393 0.769767397891304 0
1896 0.4589947135673642 0.7820508410606837 0
1897 0.4440811754932608 0.794039290572783 0
1898 0.4289889717195944 0.8057287509633317 0
1899 0.4137247109108042 0.817115370960818 0
1900 0.3982950847088583 0.8281954453438316 0
1901 0.3827068645060919 0.8389654167279728 0
1902 0.3669668981795847 0.8494218772814628 0
1903 0.3510821067886506 0.8595615703686317 0
1904 0.3350594812370379 0.8693813921204854 0
1905 0.3189060789014398 0.8788783929316055 0
1906 0.3026290202279525 0.8880497788826442 0
1907 0.286235485298114 0.8968929130877435 0
1908 0.2697327103661848 0.9054053169662182 0
1909 0.2531279843693354 0.9135846714378962 0
1910 0.8315059108083305 0.01908395611670888 0
1911 0.8293570540939929 0.03816085207162401 0
1912 0.8268869957349458 0.05722363110783923 0
1913 0.8240961231809525 0.07626524327658046 0
1914 0.82098497860006 0.09527864883716719 0
1915 0.817554258617129 0.114256821652052 0
1916 0.8138048139778746 0.1331927525752967 0
1917 0.809737649138579 0.1520794528328597 0
1918 0.8053539217816748 0.1709099573930521 0
1919 0.8006549422574322 0.1896773283255482 0
1920 0.7956421729520196 0.2083746581473233 0
1921 0.7903172275822421 0.2269950731539096 0
1922 0.7846818704172991 0.245531736734361 0
1923 0.7787380154279325 0.2639778526683281 0
1924 0.7724877253633831 0.2823266684036561 0
1925 0.7659332107565917 0.3005714783129195 0
1926 0.7590768288581311 0.3187056269273318 0
1927 0.7519210824993814 0.3367225121464605 0
1928 0.7444686188854945 0.3546155884222061 0
1929 0.7367222283187337 0.3723783699155082 0
1930 0.7286848428528012 0.3900044336242551 0
1931 0.7203595348788032 0.4074874224808895 0
1932 0.7117495156435358 0.4248210484182161 0
1933 0.7028581337008049 0.4419990954019324 0
1934 0.6936888732965263 0.4590154224284214 0
1935 0.6842453526883887 0.4758639664863558 0
1936 0.6745313224008838 0.4925387454806952 0
1937 0.6645506634165494 0.5090338611176549 0
1938 0.6543073853043001 0.5253435017492615 0
1939 0.643805624285739 0.5414619451761229 0
1940 0.6330496412403942 0.5573835614070592 0
1941 0.6220438196508343 0.573102815374265 0
1942 0.6107926634886566 0.5886142696026929 0
1943 0.5993007950423671 0.6039125868323725 0
1944 0.5875729526882032 0.6189925325923951 0
1945 0.5756139886049648 0.6338489777253326 0
1946 0.5634288664339684 0.6484769008608622 0
1947 0.5510226588852429 0.6628713908374102 0
1948 0.538400545291126 0.6770276490706469 0
1949 0.5255678091084409 0.6909409918676871 0
1950 0.5125298353704552 0.7046068526858846 0
1951 0.4992921080898549 0.7180207843351264 0
1952 0.4858602076139827 0.7311784611225692 0
1953 0.4722398079336165 0.7440756809387812 0
1954 0.4584366739465902 0.7567083672842805 0
1955 0.444456658677567 0.7690725712355027 0
1956 0.4303057004553177 0.7811644733492356 0
1957 0.4159898200488564 0.792980385504614 0
1958 0.4015151177638193 0.8045167526817807 0
1959 0.3868877705004846 0.8157701546763574 0
1960 0.3721140287748541 0.826737307748898 0
1961 0.3572002137042321 0.8374150662085298 0
1962 0.3421527139587544 0.8478004239300189 0
1963 0.3269779826803427 0.857890515803525 0
1964 0.3116825343705598 0.8676826191163537 0
1965 0.2962729417488791 0.8771741548660305 0
1966 0.2807558325828745 0.8863626890040709 0
1967 0.2651378864918629 0.8952459336098424 0
1968 0.2494258317255404 0.9038217479939556 0
1969 0.8034637515743029 0.01860473755142761 0
1970 0.8010772995861601 0.03720300328787746 0
1971 0.7983964127570338 0.05578832851551935 0
1972 0.7954214462492066 0.07435425078130981 0
1973 0.7921528970500551 0.09289431698962525 0
1974 0.7885914037323682 0.1114020865143809 0
1975 0.7847377461463851 0.1298711343051331 0
1976 0.7805928450436974 0.1482950539856769 0
1977 0.776157761633202 0.1666674609436311 0
1978 0.7714336970693128 0.1849819954095302 0
1979 0.7664219918726847 0.2032323255239352 0
1980 0.7611241252837222 0.2214121503910839 0
1981 0.7555417145491907 0.2395152031176087 0
1982 0.7496765141422717 0.2575352538348564 0
1983 0.7435304149164346 0.2754661127033515 0
1984 0.7371054431935424 0.293301632897954 0
1985 0.7304037597866202 0.3110357135722764 0
1986 0.7234276589577662 0.328662302800922 0
1987 0.7161795673117034 0.3461754004981333 0
1988 0.7086620426255059 0.3635690613114381 0
1989 0.7008777726150679 0.3808373974889005 0
1990 0.692829573638903 0.3979745817185931 0
1991 0.6845203893399079 0.4149748499389203 0
1992 0.6759532892257378 0.4318325041184381 0
1993 0.6671314671884825 0.4485419150038307 0
1994 0.6580582399643564 0.4650975248347149 0
1995 0.6487370455341434 0.4814938500239705 0
1996 0.6391714414651705 0.4977254838022948 0
1997 0.6293651031956085 0.5137870988257118 0
1998 0.6193218222619274 0.5296734497447793 0
1999 0.6090455044703613 0.5453793757342488 0
2000 0.5985401680132648 0.5608998029819651 0
2001 0.5878099415312685 0.5762297471358018 0
2002 0.5768590621221699 0.5913643157074524 0
2003 0.5656918732975196 0.6062987104319175 0
2004 0.5543128228878844 0.6210282295815549 0
2005 0.5427264608978044 0.635548270233568 0
2006 0.5309374373114726 0.6498543304898482 0
2007 0.5189504998501989 0.663942011648093 0
2008 0.5067704916827375 0.6778070203231575 0
2009 0.4944023490895839 0.6914451705176164 0
2010 0.4818510990823671 0.7048523856405325 0
2011 0.4691218569794841 0.7180247004734663 0
2012 0.4562198239391484 0.7309582630827717 0
2013 0.443150284451041 0.7436493366772572 0
2014 0.4299186037877697 0.756094301410322 0
2015 0.4165302254173746 0.7682896561256881 0
2016 0.4029906683781184 0.7802320200458961 0
2017 0.3893055246168344 0.7919181344027433 0
2018 0.3754804562921109 0.8033448640088832 0
2019 0.3615211930436163 0.814509198769823 0
2020 0.3474335292288794 0.8254082551355968 0
2021 0.3332233211288582 0.8360392774914062 0
2022 0.3188964841236475 0.8463996394865646 0
2023 0.3044589898396798 0.856486845301102 0
2024 0.2899168632698059 0.8662985308494169 0
2025 0.275276179867635 0.8758324649203983 0
2026 0.260543062617541 0.8850865502534666 0
2027 0.2457236790817454 0.8940588245500147 0
2028 0.7754215923402753 0.01812551898614634 0
2029 0.7727975450783273 0.03624515450413113 0
2030 0.7699058297791215 0.05435302592319935 0
2031 0.7667467693174604 0.07244325828603937 0
2032 0.76332081550005 0.09050998514208375 0
2033 0.7596285488476073 0.10854735137671 0
2034 0.7556706783148954 0.1265495160349696 0
2035 0.7514480409488158 0.1445106551384941 0
2036 0.7469616014847291 0.1624249644942101 0
2037 0.7422124518811934 0.1802866624935123 0
2038 0.7372018107933496 0.1980899929005471 0
2039 0.7319310229852019 0.2158292276282581 0
2040 0.7264015586810826 0.2334986695008563 0
2041 0.7206150128566104 0.2510926550013846 0
2042 0.7145731044694859 0.2686055570030468 0
2043 0.7082776756304932 0.2860317874829885 0
2044 0.7017306907151094 0.3033658002172209 0
2045 0.6949342354161512 0.3206020934553836 0
2046 0.687890515737912 0.3377352125740606 0
2047 0.6806018569322781 0.3547597527073679 0
2048 0.6730707023773344 0.3716703613535458 0
2049 0.6652996123990027 0.3884617409562968 0
2050 0.6572912630362799 0.4051286514596245 0
2051 0.6490484447506707 0.4216659128349436 0
2052 0.6405740610804386 0.43806840757924 0
2053 0.6318711272403241 0.4543310831830741 0
2054 0.6229427686674032 0.4704489545672459 0
2055 0.6137922195137913 0.4864171064869346 0
2056 0.6044228210869168 0.5022306959021623 0
2057 0.5948380202381158 0.5178849543134356 0
2058 0.5850413677003286 0.5333751900614382 0
2059 0.5750365163756953 0.5486967905896653 0
2060 0.5648272195738805 0.5638452246689107 0
2061 0.5544173292019726 0.5788160445825326 0
2062 0.5438107939068361 0.5936048882714403 0
2063 0.5330116571708041 0.6082074814377771 0
2064 0.5220240553616404 0.622619639606274 0
2065 0.5108522157377025 0.6368372701422863 0
2066 0.4995004544092717 0.6508563742255391 0
2067 0.4879731742570341 0.6646730487786281 0
2068 0.4762748628087127 0.6782834883493483 0
2069 0.4644100900748791 0.6916839869459386 0
2070 0.4523835063449856 0.7048709398243633 0
2071 0.4401998399446804 0.7178408452267622 0
2072 0.4278638949554918 0.7305903060702338 0
2073 0.4153805488979725 0.7431160315851411 0
2074 0.4027547503794314 0.7554148389021408 0
2075 0.3899915167073804 0.7674836545871783 0
2076 0.3770959314698494 0.7793195161237061 0
2077 0.3640731420837372 0.7909195733414089 0
2078 0.3509283573123784 0.8022810897907482 0
2079 0.3376668447535267 0.8134014440626638 0
2080 0.324293928298962 0.8242781310527935 0
2081 0.3108149855669523 0.8349087631696043 0
2082 0.2972354453087999 0.8452910714858503 0
2083 0.2835607847907327 0.8554229068328032 0
2084 0.2697965271523955 0.8653022408367257 0
2085 0.255948238743219 0.8749271668970908 0
2086 0.2420215264379504 0.884295901106074 0
2087 0.7473794331062478 0.01764630042086512 0
2088 0.7445177905704947 0.03528730572038469 0
2089 0.7414152468012094 0.05291772333087952 0
2090 0.7380720923857144 0.07053226579076866 0
2091 0.7344887339500449 0.08812565329454197 0
2092 0.7306656939628466 0.1056926162390389 0
2093 0.7266036104834059 0.1232278977648059 0
2094 0.7223032368539344 0.1407262562913114 0
2095 0.7177654413362562 0.1581824680447891 0
2096 0.7129912066930741 0.1755913295774942 0
2097 0.7079816297140147 0.1929476602771591 0
2098 0.7027379206866815 0.2102463048654323 0
2099 0.6972614028129742 0.2274821358841041 0
2100 0.6915535115709495 0.2446500561679128 0
2101 0.6856157940225374 0.261745001302742 0
2102 0.6794499080674439 0.2787619420680228 0
2103 0.6730576216435984 0.2956958868621655 0
2104 0.666440811874536 0.3125418841098453 0
2105 0.659601464164121 0.3292950246499878 0
2106 0.6525416712390504 0.3459504441032977 0
2107 0.6452636321396009 0.3625033252181913 0
2108 0.6377696511591024 0.3789489001940004 0
2109 0.630062136732652 0.3952824529803286 0
2110 0.6221436002756038 0.4114993215514492 0
2111 0.6140166549723948 0.4275949001546493 0
2112 0.6056840145162917 0.4435646415314334 0
2113 0.5971484918006629 0.4594040591105212 0
2114 0.5884129975624123 0.4751087291715744 0
2115 0.5794805389782252 0.4906742929786127 0
2116 0.5703542182143043 0.5060964588820921 0
2117 0.5610372309302958 0.5213710043886277 0
2118 0.5515328647381258 0.5364937781973653 0
2119 0.5418444976164924 0.5514607022020196 0
2120 0.5319755962817754 0.5662677734576126 0
2121 0.5219297145161524 0.5809110661109629 0
2122 0.5117104914537236 0.5953867332939995 0
2123 0.5013216498254764 0.6096910089789799 0
2124 0.4907669941639322 0.6238202097947243 0
2125 0.4800504089683446 0.6377707368029851 0
2126 0.4691758568313307 0.6515390772340987 0
2127 0.4581473765278414 0.66512180618108 0
2128 0.4469690810673912 0.6785155882513447 0
2129 0.4356451557104871 0.6917171791752603 0
2130 0.4241798559502124 0.7047234273707526 0
2131 0.4125775054599427 0.7175312754632104 0
2132 0.4008424940081753 0.7301377617599604 0
2133 0.3889792753414883 0.7425400216785933 0
2134 0.3769923650366424 0.7547352891284606 0
2135 0.3648863383228645 0.7667208978446689 0
2136 0.3526658278753635 0.7784942826739346 0
2137 0.3403355215811406 0.7900529808116734 0
2138 0.327900160278174 0.8013946329897307 0
2139 0.3153645354690658 0.8125169846141806 0
2140 0.3027334870102571 0.8234178868526437 0
2141 0.2900119007779199 0.8340952976705986 0
2142 0.2772047063116594 0.8445472828161895 0
2143 0.264316874437156 0.8547720167530533 0
2144 0.2513534148688971 0.8647677835407152 0
2145 0.2383193737941553 0.8745329776621333 0
2146 0.7193372738722204 0.0171670818555838 0
2147 0.7162380360626619 0.03432945693663825 0
2148 0.7129246638232972 0.05148242073855952 0
2149 0.7093974154539684 0.06862127329549822 0
2150 0.7056566524000398 0.08574132144700025 0
2151 0.7017028390780859 0.1028378811013681 0
2152 0.6975365426519164 0.1199062794946423 0
2153 0.6931584327590528 0.1369418574441286 0
2154 0.6885692811877833 0.153939971595368 0
2155 0.6837699615049548 0.1708959966614764 0
2156 0.6787614486346798 0.187805327653771 0
2157 0.6735448183881615 0.2046633821026065 0
2158 0.6681212469448661 0.2214656022673517 0
2159 0.6624920102852885 0.238207457334441 0
2160 0.6566584835755888 0.2548844456024373 0
2161 0.6506221405043946 0.2714920966530574 0
2162 0.6443845525720875 0.28802597350711 0
2163 0.637947388332921 0.3044816747643068 0
2164 0.6313124125903298 0.3208548367259151 0
2165 0.6244814855458225 0.3371411354992275 0
2166 0.6174565619018675 0.3533362890828367 0
2167 0.6102396899192022 0.3694360594317039 0
2168 0.6028330104290239 0.3854362545010327 0
2169 0.5952387558005368 0.4013327302679548 0
2170 0.587459248864351 0.4171213927300585 0
2171 0.5794969017922592 0.4327981998797925 0
2172 0.5713542149339226 0.4483591636537966 0
2173 0.5630337756110331 0.4638003518562142 0
2174 0.5545382568695335 0.4791178900550631 0
2175 0.5458704161904928 0.4943079634507484 0
2176 0.5370330941602629 0.5093668187158171 0
2177 0.5280292131005563 0.5242907658050654 0
2178 0.5188617756591044 0.5390761797351284 0
2179 0.5095338633615781 0.5537195023326926 0
2180 0.5000486351254688 0.5682172439504853 0
2181 0.4904093257366433 0.5825659851502216 0
2182 0.4806192442893124 0.5967623783516858 0
2183 0.470681772590162 0.6108031494471623 0
2184 0.4606003635274175 0.6246850993804312 0
2185 0.4503785394056273 0.6384051056895691 0
2186 0.4400198902469702 0.6519601240128118 0
2187 0.4295280720599033 0.6653471895567509 0
2188 0.4189068050759885 0.6785634185261572 0
2189 0.4081598719557444 0.6916060095147429 0
2190 0.3972911159643935 0.7044722448561869 0
2191 0.386304439118378 0.7171594919347796 0
2192 0.3752038003035452 0.7296652044550459 0
2193 0.3639932133659043 0.7419869236697425 0
2194 0.3526767451758795 0.7541222795656317 0
2195 0.3412585136669898 0.7660689920064603 0
2196 0.3297426858499027 0.7778248718325985 0
2197 0.3181334758028214 0.7893878219167976 0
2198 0.3064351426391696 0.8007558381755681 0
2199 0.2946519884535618 0.8119270105356834 0
2200 0.2827883562470399 0.8228995238553469 0
2201 0.2708486278325862 0.8336716587995759 0
2202 0.2588372217219164 0.8442417926693806 0
2203 0.2467585909945753 0.8546084001843393 0
2204 0.2346172211503603 0.8647700542181925 0
2205 0.6912951146381927 0.01668786329030247 0
2206 0.6879582815548292 0.0333716081528917 0
2207 0.6844340808453853 0.05004711814623947 0
2208 0.6807227385222223 0.06671028080022745 0
2209 0.6768245708500351 0.08335698959945848 0
2210 0.6727399841933253 0.09998314596369695 0
2211 0.668469474820427 0.1165846612244786 0
2212 0.6640136286641714 0.1331574585969458 0
2213 0.6593731210393103 0.1496974751459471 0
2214 0.6545487163168355 0.1662006637454586 0
2215 0.6495412675553448 0.182662995030383 0
2216 0.6443517160896413 0.1990804593397806 0
2217 0.6389810910767578 0.2154490686505994 0
2218 0.6334305089996275 0.2317648585009692 0
2219 0.6277011731286403 0.2480238899021326 0
2220 0.6217943729413453 0.2642222512380917 0
2221 0.6157114835005766 0.2803560601520545 0
2222 0.6094539647913059 0.2964214654187685 0
2223 0.6030233610165385 0.3124146488018423 0
2224 0.5964212998525948 0.3283318268951574 0
2225 0.5896494916641342 0.344169252947482 0
2226 0.5827097286793019 0.3599232186694076 0
2227 0.5756038841253961 0.375590056021737 0
2228 0.5683339113254696 0.3911661389844604 0
2229 0.5609018427563071 0.4066478853054678 0
2230 0.553309789068227 0.4220317582281518 0
2231 0.5455599380671823 0.437314268197072 0
2232 0.537654553659654 0.452491974540854 0
2233 0.5295959747608419 0.4675614871315135 0
2234 0.5213866141666812 0.4825194680194048 0
2235 0.51302895739023 0.4973626330430067 0
2236 0.5045255614629868 0.5120877534127655 0
2237 0.4958790537017164 0.5266916572682373 0
2238 0.4870921304413809 0.5411712312077726 0
2239 0.4781675557347853 0.555523421790008 0
2240 0.4691081600195629 0.5697452370064439 0
2241 0.4599168387531484 0.5838337477243916 0
2242 0.4505965510163918 0.5977860890996003 0
2243 0.4411503180864903 0.6115994619578773 0
2244 0.4315812219799239 0.6252711341450397 0
2245 0.421892403966099 0.6387984418445437 0
2246 0.4120870630524154 0.652178790862157 0
2247 0.40216845444149 0.6654096578770542 0
2248 0.3921398879612764 0.6784885916587333 0
2249 0.3820047264688443 0.6914132142491636 0
2250 0.3717663842285808 0.7041812221095987 0
2251 0.361428325265602 0.7167903872314985 0
2252 0.3509940616951663 0.7292385582110248 0
2253 0.3404671520288947 0.7415236612865943 0
2254 0.3298511994586161 0.7536437013389861 0
2255 0.3191498501186649 0.7655967628535237 0
2256 0.3083667913274687 0.7773810108438646 0
2257 0.2975057498092734 0.7889946917369554 0
2258 0.2865704898968666 0.8004361342187227 0
2259 0.2755648117161599 0.8117037500400952 0
2260 0.2644925493535129 0.8227960347829624 0
2261 0.2533575690066769 0.8337115685857079 0
2262 0.2421637671202533 0.8444490168279637 0
2263 0.2309150685065653 0.8550071307742518 0
2264 0.6632529554041653 0.01620864472502132 0
2265 0.6596785270469965 0.03241375936914542 0
2266 0.655943497867473 0.04861181555391952 0
2267 0.6520480615904762 0.06479928830495701 0
2268 0.6479924893000302 0.08097265775191681 0
2269 0.6437771293085646 0.09712841082602608 0
2270 0.6394024069889374 0.113263042954315 0
2271 0.6348688245692896 0.1293730597497633 0
2272 0.6301769608908375 0.145454978696526 0
2273 0.6253274711287161 0.1615053308294406 0
2274 0.6203210864760098 0.1775206624069949 0
2275 0.6151586137911211 0.1934975365769548 0
2276 0.6098409352086496 0.2094325350338471 0
2277 0.6043690077139665 0.2253222596674972 0
2278 0.5987438626816917 0.2411633342018279 0
2279 0.592966605378296 0.2569524058231262 0
2280 0.5870384144290657 0.2726861467969992 0
2281 0.5809605412496908 0.28836125607323 0
2282 0.5747343094427473 0.3039744608777696 0
2283 0.568361114159367 0.3195225182910871 0
2284 0.5618424214264007 0.3350022168121274 0
2285 0.5551797674394017 0.3504103779071112 0
2286 0.548374757821768 0.3657438575424411 0
2287 0.5414290668504026 0.3809995477009659 0
2288 0.5343444366482633 0.3961743778808771 0
2289 0.5271226763441946 0.4112653165765109 0
2290 0.519765661200442 0.4262693727403474 0
2291 0.5122753317082749 0.4411835972254939 0
2292 0.5046536926521501 0.4560050842079639 0
2293 0.4969028121428696 0.4707309725880612 0
2294 0.4890248206201973 0.4853584473701961 0
2295 0.4810219098254173 0.4998847410204656 0
2296 0.4728963317443284 0.5143071348013463 0
2297 0.4646503975211836 0.5286229600828527 0
2298 0.4562864763441017 0.5428295996295306 0
2299 0.4478069943024825 0.5569244888626661 0
2300 0.4392144332169843 0.5709051170970976 0
2301 0.4305113294426215 0.5847690287520383 0
2302 0.4217002726455631 0.5985138245353233 0
2303 0.4127839045542205 0.6121371626005101 0
2304 0.4037649176852277 0.6256367596762755 0
2305 0.3946460540449275 0.6390103921675631 0
2306 0.3854301038069914 0.6522558972279512 0
2307 0.3761199039668083 0.6653711738027237 0
2308 0.3667183369732951 0.6783541836421402 0
2309 0.3572283293387836 0.6912029522844181 0
2310 0.3476528502276589 0.703915570007951 0
2311 0.3379949100244283 0.7164901927523069 0
2312 0.3282575588819097 0.7289250430075569 0
2313 0.3184438852502423 0.741218410671512 0
2314 0.3085570143874271 0.753368653874449 0
2315 0.2986001068521161 0.7653741997709316 0
2316 0.2885763569793772 0.7772335452983428 0
2317 0.2784889913401714 0.7889452579017624 0
2318 0.26834126718528 0.8005079762248435 0
2319 0.2581364708744396 0.8119204107663487 0
2320 0.2478779162914372 0.8231813445020354 0
2321 0.2375689432459314 0.8342896334715878 0
2322 0.2272129158627702 0.845244207330311 0
2323 0.6352107961701376 0.0157294261597401 0
2324 0.6313987725391638 0.03145591058539882 0
2325 0.6274529148895608 0.04717651296159969 0
2326 0.6233733846587303 0.06288829580968636 0
2327 0.619160407750025 0.07858832590437514 0
2328 0.6148142744238038 0.0942736756883551 0
2329 0.6103353391574479 0.1099414246841514 0
2330 0.6057240204744081 0.1255886609025804 0
2331 0.6009808007423646 0.141212482247105 0
2332 0.5961062259405968 0.1568099979134227 0
2333 0.5911009053966749 0.1723783297836068 0
2334 0.585965511492601 0.187914613814129 0
2335 0.5807007793405414 0.2034160014170947 0
2336 0.5753075064283053 0.2188796608340255 0
2337 0.5697865522347431 0.2343027785015232 0
2338 0.5641388378152467 0.2496825604081607 0
2339 0.5583653453575548 0.2650162334419436 0
2340 0.5524671177080756 0.2803010467276916 0
2341 0.5464452578689561 0.2955342729536967 0
2342 0.5403009284661392 0.310713209687017 0
2343 0.5340353511886672 0.3258351806767728 0
2344 0.5276498061995014 0.3408975371448147 0
2345 0.5211456315181401 0.3558976590631452 0
2346 0.5145242223753355 0.3708329564174715 0
2347 0.5077870305402195 0.3857008704562863 0
2348 0.5009355636201621 0.4004988749248702 0
2349 0.4939713843337017 0.4152244772836227 0
2350 0.4868961097568958 0.4298752199101337 0
2351 0.4797114105434584 0.4444486812844142 0
2352 0.472419010119058 0.4589424771567175 0
2353 0.4650206838501644 0.4733542616973855 0
2354 0.4575182581878477 0.4876817286281657 0
2355 0.4499136097869403 0.5019226123344551 0
2356 0.4422086646009864 0.5160746889579327 0
2357 0.4344053969534181 0.5301357774690532 0
2358 0.4265058285854021 0.5441037407188885 0
2359 0.4185120276808202 0.5579764864698035 0
2360 0.4104261078688513 0.5717519684044763 0
2361 0.4022502272046359 0.5854281871127693 0
2362 0.3939865871285171 0.5990031910559805 0
2363 0.3856374314043564 0.6124750775080072 0
2364 0.3772050450374396 0.6258419934729691 0
2365 0.3686917531724928 0.6391021365788482 0
2366 0.3600999199723403 0.6522537559467142 0
2367 0.3514319474777459 0.6652951530351168 0
2368 0.3426902744489863 0.6782246824592371 0
2369 0.3338773751897157 0.6910407527844036 0
2370 0.3249957583536902 0.7037418272935891 0
2371 0.3160479657349247 0.7163264247285196 0
2372 0.3070365710418687 0.7287931200040376 0
2373 0.2979641786561892 0.741140544895374 0
2374 0.2888334223767634 0.7533673886979984 0
2375 0.279646964149481 0.76547239885973 0
2376 0.2704074927834761 0.777454381584802 0
2377 0.2611177226543999 0.7893122024095918 0
2378 0.2517803923953663 0.801044786749735 0
2379 0.2423982635761977 0.8126511204183628 0
2380 0.2329741193716094 0.8241302501152119 0
2381 0.2235107632189752 0.8354812838863704 0
2382 0.6071686369361102 0.01525020759445872 0
2383 0.6031190180313311 0.03049806180165254 0
2384 0.5989623319116487 0.04574121036927964 0
2385 0.5946987077269843 0.06097730331441581 0
2386 0.5903283262000201 0.07620399405683348 0
2387 0.5858514195390432 0.09141894055068389 0
2388 0.5812682713259583 0.1066198064139877 0
2389 0.5765792163795265 0.1218042620553976 0
2390 0.5717846405938918 0.136969985797684 0
2391 0.5668849807524775 0.1521146649974048 0
2392 0.5618807243173399 0.1672359971602188 0
2393 0.5567724091940809 0.1823316910513031 0
2394 0.5515606234724332 0.1973994678003424 0
2395 0.5462460051426443 0.2124370620005538 0
2396 0.5408292417877945 0.2274422228012185 0
2397 0.5353110702521974 0.2424127149931952 0
2398 0.5296922762860439 0.2573463200868882 0
2399 0.5239736941664606 0.2722408373821532 0
2400 0.518156206295165 0.287094085029624 0
2401 0.5122407427729114 0.3019039010829468 0
2402 0.506228280950934 0.3166681445414181 0
2403 0.5001198449596013 0.3313846963825183 0
2404 0.4939165052145121 0.3460514605838495 0
2405 0.4876193779002685 0.360666365133977 0
2406 0.4812296244321756 0.3752273630316956 0
2407 0.4747484508961298 0.3897324332732293 0
2408 0.4681771074669614 0.4041795818268981 0
2409 0.4615168878055166 0.4185668425947734 0
2410 0.4547691284347668 0.4328922783608646 0
2411 0.4479352080952465 0.447153981725374 0
2412 0.4410165470801315 0.461350076024575 0
2413 0.4340146065502782 0.4754787162358658 0
2414 0.4269308878295523 0.489538089867564 0
2415 0.4197669316807892 0.5035264178330128 0
2416 0.4125243175627346 0.5174419553085758 0
2417 0.4052046628683217 0.5312829925751107 0
2418 0.3978096221446563 0.5450478558425094 0
2419 0.3903408862950811 0.5587349080569143 0
2420 0.3828001817637088 0.5723425496902155 0
2421 0.3751892697028137 0.5858692195114511 0
2422 0.3675099451234852 0.5993133953397392 0
2423 0.3597640360299518 0.6126735947783752 0
2424 0.3519534025379943 0.6259483759297451 0
2425 0.3440799359778722 0.6391363380907046 0
2426 0.3361455579821968 0.6522361224280933 0
2427 0.3281522195591891 0.6652464126340563 0
2428 0.3201019001517726 0.6781659355608561 0
2429 0.3119966066829522 0.6909934618348712 0
2430 0.3038383725879398 0.7037278064494823 0
2431 0.2956292568334949 0.7163678293365634 0
2432 0.2873713429249514 0.7289124359162992 0
2433 0.2790667379014107 0.7413605776250654 0
2434 0.2707175713195848 0.7537112524211173 0
2435 0.2623259942267809 0.7659635052678415 0
2436 0.2538941781235199 0.77811642859434 0
2437 0.2454243139162931 0.7901691627331213 0
2438 0.2369186108609582 0.8021208963346903 0
2439 0.2283792954972876 0.8139708667588363 0
2440 0.2198086105751801 0.8257183604424296 0
2441 0.5791264777020827 0.01477098902917734 0
2442 0.5748392635234982 0.02954021301790599 0
2443 0.5704717489337365 0.04430590777695986 0
2444 0.5660240307952382 0.05906631081914515 0
2445 0.5614962446500151 0.07381966220929181 0
2446 0.5568885646542823 0.08856420541301308 0
2447 0.5522012034944688 0.1032981881438242 0
2448 0.5474344122846448 0.1180198632082149 0
2449 0.5425884804454189 0.132727489348263 0
2450 0.5376637355643582 0.1474193320813869 0
2451 0.5326605432380049 0.1620936645368308 0
2452 0.5275793068955607 0.1767487682884773 0
2453 0.5224204676043249 0.1913829341835901 0
2454 0.5171845038569833 0.205994463167082 0
2455 0.511871931340846 0.2205816671009138 0
2456 0.5064833026891481 0.2351428695782296 0
2457 0.501019207214533 0.2496764067318327 0
2458 0.4954802706248455 0.2641806280366148 0
2459 0.4898671547213738 0.2786538971055513 0
2460 0.4841805570796836 0.2930945924788768 0
2461 0.4784212107132005 0.3075011084060635 0
2462 0.472589883719701 0.321871855620222 0
2463 0.4666873789108842 0.3362052621045536 0
2464 0.4607145334252014 0.3504997738504827 0
2465 0.4546722183241318 0.3647538556071048 0
2466 0.4485613381720974 0.3789659916215885 0
2467 0.4423828306002211 0.3931346863701734 0
2468 0.4361376658541375 0.4072584652794133 0
2469 0.4298268463260752 0.421335875437315 0
2470 0.4234514060714349 0.4353654862940304 0
2471 0.4170124103100987 0.4493458903517645 0
2472 0.4105109549127087 0.4632757038435659 0
2473 0.4039481658721643 0.4771535674006729 0
2474 0.3973251987605919 0.4909781467080928 0
2475 0.390643238172051 0.5047481331480984 0
2476 0.3839034971512413 0.5184622444313329 0
2477 0.3771072166084922 0.5321192252152153 0
2478 0.3702556647213108 0.5457178477093523 0
2479 0.3633501363227817 0.5592569122676614 0
2480 0.3563919522771103 0.5727352479669215 0
2481 0.3493824588426139 0.586151713171471 0
2482 0.3423230270224638 0.5995051960837814 0
2483 0.3352150519034958 0.6127946152806422 0
2484 0.3280599519834042 0.6260189202346951 0
2485 0.3208591684866476 0.63917709182107 0
2486 0.3136141646693918 0.6522681428088755 0
2487 0.3063264251138295 0.6652911183373087 0
2488 0.2989974550122142 0.6782450963761533 0
2489 0.2916287794409549 0.6911291881704451 0
2490 0.2842219426251212 0.7039425386690892 0
2491 0.2767785071937136 0.7166843269372244 0
2492 0.2693000534260581 0.7293537665521324 0
2493 0.2617881784896886 0.7419501059825047 0
2494 0.2542444956700857 0.7544726289508812 0
2495 0.24667063359264 0.7669206547790883 0
2496 0.2390682354372198 0.7792935387165076 0
2497 0.2314389581457186 0.7915906722510176 0
2498 0.2237844716229658 0.8038114834024606 0
2499 0.2161064579313851 0.8159554369984889 0
2500 0.5510843184680551 0.01429177046389607 0
2501 0.5465595090156655 0.02858236423415955 0
2502 0.5419811659558245 0.04287060518463987 0
2503 0.5373493538634921 0.05715531832387449 0
2504 0.5326641631000101 0.07143533036175004 0
2505 0.5279257097695216 0.08570947027534215 0
2506 0.5231341356629792 0.09997656987366049 0
2507 0.5182896081897632 0.1142354643610321 0
2508 0.5133923202969459 0.128484992898842 0
2509 0.5084424903762388 0.1427239991653688 0
2510 0.5034403621586701 0.1569513319134428 0
2511 0.4983862045970405 0.1711658455256515 0
2512 0.4932803117362167 0.1853664005668377 0
2513 0.4881230025713222 0.1995518643336102 0
2514 0.4829146208938974 0.2137211114006091 0
2515 0.4776555351260988 0.227873024163264 0
2516 0.4723461381430221 0.2420064933767772 0
2517 0.4669868470832304 0.2561204186910764 0
2518 0.4615781031475826 0.2702137091814786 0
2519 0.4561203713864558 0.2842852838748066 0
2520 0.4506141404754671 0.2983340722707089 0
2521 0.4450599224798007 0.3123590148579256 0
2522 0.4394582526072562 0.3263590636252578 0
2523 0.4338096889501344 0.3403331825669883 0
2524 0.4281148122160879 0.3542803481825142 0
2525 0.422374225448065 0.3681995499699478 0
2526 0.4165885537334808 0.3820897909134488 0
2527 0.4107584439027585 0.3959500879640532 0
2528 0.4048845642173836 0.4097794725137654 0
2529 0.3989676040476234 0.4235769908626868 0
2530 0.3930082735400659 0.4373417046789539 0
2531 0.3870073032751392 0.4510726914512661 0
2532 0.3809654439147763 0.4647690449337817 0
2533 0.3748834658403947 0.4784298755831728 0
2534 0.3687621587813674 0.4920543109876211 0
2535 0.362602331434161 0.5056414962875552 0
2536 0.3564048110723282 0.5191905945879212 0
2537 0.3501704431475406 0.5327007873617904 0
2538 0.3439000908818545 0.5461712748451075 0
2539 0.3375946348514069 0.559601276422392 0
2540 0.3312549725617426 0.5729900310032028 0
2541 0.3248820180149759 0.5863367973891875 0
2542 0.3184767012689972 0.599640854631539 0
2543 0.3120399679889362 0.6129015023786856 0
2544 0.3055727789910985 0.6261180612140465 0
2545 0.2990761097795945 0.6392898729836948 0
2546 0.2925509500758864 0.6524163011137614 0
2547 0.2859983033414762 0.6654967309174354 0
2548 0.27941918629397 0.6785305698914077 0
2549 0.2728146284167475 0.691517248001615 0
2550 0.2661856714624757 0.7044562179581496 0
2551 0.2595333689507054 0.7173469554791994 0
2552 0.2528587856597924 0.730188959543892 0
2553 0.2461629971133905 0.7429817526339209 0
2554 0.23944708906176 0.7557248809638366 0
2555 0.2327121569581466 0.768417914699894 0
2556 0.2259593054304791 0.7810604481673451 0
2557 0.2191896477486438 0.7936521000460848 0
2558 0.2124043052875901 0.8061925135545481 0
2559 0.5230421592340275 0.01381255189861469 0
2560 0.5182797545078328 0.02762451545041328 0
2561 0.5134905829779122 0.04143530259231992 0
2562 0.5086746769317461 0.05524432582860395 0
2563 0.5038320815500051 0.06905099851420837 0
2564 0.4989628548847608 0.082854735137671 0
2565 0.4940670678314896 0.09665495160349707 0
2566 0.4891448040948817 0.1104510655138493 0
2567 0.4841961601484731 0.1242424964494209 0
2568 0.4792212451881195 0.1380286662493512 0
2569 0.4742201810793351 0.1518089992900547 0
2570 0.4691931022985203 0.1655829227628257 0
2571 0.4641401558681084 0.1793498669500854 0
2572 0.4590615012856612 0.1931092655001383 0
2573 0.4539573104469488 0.2068605557003044 0
2574 0.4488277675630495 0.2206031787482985 0
2575 0.4436730690715112 0.2343365800217218 0
2576 0.4384934235416153 0.2480602093455381 0
2577 0.4332890515737914 0.2617735212574058 0
2578 0.428060185693228 0.2754759752707364 0
2579 0.4228070702377336 0.2891670361353543 0
2580 0.4175299612399005 0.3028461740956293 0
2581 0.4122291263036282 0.3165128651459619 0
2582 0.4069048444750673 0.3301665912834938 0
2583 0.4015574061080441 0.3438068407579234 0
2584 0.3961871127240326 0.357433108318307 0
2585 0.3907942768667405 0.3710448954567241 0
2586 0.3853792219513794 0.384641710648693 0
2587 0.3799422821086919 0.3982230695902159 0
2588 0.3744838020238118 0.4117884954313431 0
2589 0.3690041367700331 0.4253375190061434 0
2590 0.3635036516375697 0.4388696790589661 0
2591 0.3579827219573882 0.4523845224668906 0
2592 0.3524417329201974 0.4658816044582529 0
2593 0.3468810793906838 0.4793604888271437 0
2594 0.3413011657170806 0.4928207481437774 0
2595 0.3357024055361642 0.5062619639606272 0
2596 0.3300852215737704 0.5196837270142284 0
2597 0.3244500454409273 0.5330856374225537 0
2598 0.3187973174257036 0.5464673048778625 0
2599 0.3131274862808714 0.5598283488349345 0
2600 0.3074410090074881 0.5731683986945937 0
2601 0.3017383506344987 0.5864870939824363 0
2602 0.2960199839944682 0.599784084522676 0
2603 0.2902863894955493 0.6130590306070232 0
2604 0.2845380548897973 0.6263116031585139 0
2605 0.2787754750379432 0.6395414838902139 0
2606 0.2729991516707381 0.6527483654587177 0
2607 0.267209593146985 0.6659319516123705 0
2608 0.2614073142083738 0.6790919573341407 0
2609 0.255592835731238 0.6922281089790747 0
2610 0.2497666844753528 0.7053401444062661 0
2611 0.2439293928298963 0.7184278131052793 0
2612 0.2380814985566952 0.7314908763169603 0
2613 0.23222354453088 0.7445291071485851 0
2614 0.2263560784790733 0.7575422906832803 0
2615 0.2204796527152395 0.7705302240836726 0
2616 0.2145948238743219 0.7834927166897092 0
2617 0.208702152643795 0.7964295901106074 0
2618 0.125 1.083333333333333 0
2619 0.1249999999999999 1.166666666666667 0
2620 0.125 1.25 0
2621 0.125 1.333333333333333 0
2622 0.125 1.416666666666667 0
2623 0.25 1.083333333333333 0
2624 0.25 1.166666666666667 0
2625 0.25 1.25 0
2626 0.25 1.333333333333333 0
2627 0.25 1.416666666666667 0
2628 0.3750000000000001 1.083333333333333 0
2629 0.375 1.166666666666667 0
2630 0.375 1.25 0
2631 0.375 1.333333333333333 0
2632 0.375 1.416666666666667 0
2633 0.5 1.083333333333333 0
2634 0.5000000000000001 1.166666666666667 0
2635 0.5 1.25 0
2636 0.5000000000000001 1.333333333333333 0
2637 0.5 1.416666666666667 0
2638 0.625 1.083333333333333 0
2639 0.625 1.166666666666667 0
2640 0.625 1.25 0
2641 0.625 1.333333333333333 0
2642 0.6250000000000001 1.416666666666667 0
2643 0.75 1.083333333333333 0
2644 0.75 1.166666666666667 0
2645 0.75 1.25 0
2646 0.75 1.333333333333333 0
2647 0.75 1.416666666666667 0
2648 0.8749999999999999 1.083333333333333 0
2649 0.8749999999999999 1.166666666666667 0
2650 0.875 1.25 0
2651 0.8749999999999999 1.333333333333333 0
2652 0.875 1.416666666666667 0
2653 1 1.083333333333333 0
2654 1 1.166666666666667 0
2655 1 1.25 0
2656 1 1.333333333333333 0
2657 1 1.416666666666667 0
2658 1.125 1.083333333333333 0
2659 1.125 1.166666666666667 0
2660 1.125 1.25 0
2661 1.125 1.333333333333333 0
2662 1.125 1.416666666666667 0
2663 1.25 1.083333333333333 0
2664 1.25 1.166666666666667 0
2665 1.25 1.25 0
2666 1.25 1.333333333333333 0
2667 1.25 1.416666666666667 0
2668 1.375 1.083333333333333 0
2669 1.375 1.166666666666667 0
2670 1.375 1.25 0
2671 1.375 1.333333333333333 0
2672 1.375 1.416666666666667 0
$EndNodes
$Elements
2784
1 1 2 5 7 2 88
2 1 2 5 7 88 89
3 1 2 5 7 89 90
4 1 2 5 7 90 91
5 1 2 5 7 91 92
6 1 2 5 7 92 93
7 1 2 5 7 93 94
8 1 2 5 7 94 95
9 1 2 5 7 95 96
10 1 2 5 7 96 97
11 1 2 5 7 97 98
12 1 2 5 7 98 99
13 1 2 5 7 99 100
14 1 2 5 7 100 101
15 1 2 5 7 101 102
16 1 2 5 7 102 103
17 1 2 5 7 103 104
18 1 2 5 7 104 3
19 1 2 4 8 3 105
20 1 2 4 8 105 106
21 1 2 4 8 106 107
22 1 2 4 8 107 108
23 1 2 4 8 108 109
24 1 2 4 8 109 110
25 1 2 4 8 110 111
26 1 2 4 8 111 112
27 1 2 4 8 112 113
28 1 2 4 8 113 114
29 1 2 4 8 114 115
30 1 2 4 8 115 116
31 1 2 4 8 116 117
32 1 2 4 8 117 118
33 1 2 4 8 118 119
34 1 2 4 8 119 120
35 1 2 4 8 120 121
36 1 2 4 8 121 122
37 1 2 4 8 122 123
38 1 2 4 8 123 124
39 1 2 4 8 124 125
40 1 2 4 8 125 126
41 1 2 4 8 126 127
42 1 2 4 8 127 128
43 1 2 4 8 128 129
44 1 2 4 8 129 130
45 1 2 4 8 130 131
46 1 2 4 8 131 132
47 1 2 4 8 132 133
48 1 2 4 8 133 134
49 1 2 4 8 134 135
50 1 2 4 8 135 136
51 1 2 4 8 136 137
52 1 2 4 8 137 138
53 1 2 4 8 138 139
54 1 2 4 8 139 140
55 1 2 4 8 140 141
56 1 2 4 8 141 142
57 1 2 4 8 142 143
58 1 2 4 8 143 144
59 1 2 4 8 144 145
60 1 2 4 8 145 146
61 1 2 4 8 146 147
62 1 2 4 8 147 148
63 1 2 4 8 148 149
64 1 2 4 8 149 150
65 1 2 4 8 150 151
66 1 2 4 8 151 152
67 1 2 4 8 152 153
68 1 2 4 8 153 154
69 1 2 4 8 154 155
70 1 2 4 8 155 156
71 1 2 4 8 156 157
72 1 2 4 8 157 158
73 1 2 4 8 158 159
74 1 2 4 8 159 160
75 1 2 4 8 160 161
76 1 2 4 8 161 162
77 1 2 4 8 162 163
78 1 2 4 8 163 4
79 1 2 3 10 6 181
80 1 2 3 10 181 182
81 1 2 3 10 182 183
82 1 2 3 10 183 184
83 1 2 3 10 184 185
84 1 2 3 10 185 186
85 1 2 3 10 186 187
86 1 2 3 10 187 188
87 1 2 3 10 188 189
88 1 2 3 10 189 190
89 1 2 3 10 190 191
90 1 2 3 10 191 192
91 1 2 3 10 192 193
92 1 2 3 10 193 194
93 1 2 3 10 194 195
94 1 2 3 10 195 196
95 1 2 3 10 196 197
96 1 2 3 10 197 5
97 1 2 4 11 4 198
98 1 2 4 11 198 199
99 1 2 4 11 199 200
100 1 2 4 11 200 201
101 1 2 4 11 201 202
102 1 2 4 11 202 203
103 1 2 4 11 203 204
104 1 2 4 11 204 205
105 1 2 4 11 205 206
106 1 2 4 11 206 207
107 1 2 4 11 207 208
108 1 2 4 11 208 209
109 1 2 4 11 209 210
110 1 2 4 11 210 211
111 1 2 4 11 211 212
112 1 2 4 11 212 213
113 1 2 4 11 213 214
114 1 2 4 11 214 6
115 1 2 5 12 7 215
116 1 2 5 12 215 216
117 1 2 5 12 216 217
118 1 2 5 12 217 218
119 1 2 5 12 218 219
120 1 2 5 12 219 220
121 1 2 5 12 220 221
122 1 2 5 12 221 222
123 1 2 5 12 222 223
124 1 2 5 12 223 224
125 1 2 5 12 224 225
126 1 2 5 12 225 226
127 1 2 5 12 226 227
128 1 2 5 12 227 228
129 1 2 5 12 228 229
130 1 2 5 12 229 230
131 1 2 5 12 230 231
132 1 2 5 12 231 2
133 1 2 3 13 5 232
134 1 2 3 13 232 233
135 1 2 3 13 233 234
136 1 2 3 13 234 235
137 1 2 3 13 235 236
138 1 2 3 13 236 237
139 1 2 3 13 237 238
140 1 2 3 13 238 239
141 1 2 3 13 239 240
142 1 2 3 13 240 241
143 1 2 3 13 241 242
144 1 2 3 13 242 243
145 1 2 3 13 243 244
146 1 2 3 13 244 245
147 1 2 3 13 245 246
148 1 2 3 13 246 247
149 1 2 3 13 247 248
150 1 2 3 13 248 249
151 1 2 3 13 249 250
152 1 2 3 13 250 251
153 1 2 3 13 251 252
154 1 2 3 13 252 253
155 1 2 3 13 253 254
156 1 2 3 13 254 255
157 1 2 3 13 255 256
158 1 2 3 13 256 257
159 1 2 3 13 257 258
160 1 2 3 13 258 259
161 1 2 3 13 259 260
162 1 2 3 13 260 261
163 1 2 3 13 261 262
164 1 2 3 13 262 263
165 1 2 3 13 263 264
166 1 2 3 13 264 265
167 1 2 3 13 265 266
168 1 2 3 13 266 267
169 1 2 3 13 267 268
170 1 2 3 13 268 269
171 1 2 3 13 269 270
172 1 2 3 13 270 271
173 1 2 3 13 271 272
174 1 2 3 13 272 273
175 1 2 3 13 273 274
176 1 2 3 13 274 275
177 1 2 3 13 275 276
178 1 2 3 13 276 277
179 1 2 3 13 277 278
180 1 2 3 13 278 279
181 1 2 3 13 279 280
182 1 2 3 13 280 281
183 1 2 3 13 281 282
184 1 2 3 13 282 283
185 1 2 3 13 283 284
186 1 2 3 13 284 285
187 1 2 3 13 285 286
188 1 2 3 13 286 287
189 1 2 3 13 287 288
190 1 2 3 13 288 289
191 1 2 3 13 289 290
192 1 2 3 13 290 7
193 1 2 8 15 8 291
194 1 2 8 15 291 292
195 1 2 8 15 292 293
196 1 2 8 15 293 294
197 1 2 8 15 294 295
198 1 2 8 15 295 296
199 1 2 8 15 296 297
200 1 2 8 15 297 298
201 1 2 8 15 298 299
202 1 2 8 15 299 300
203 1 2 8 15 300 301
204 1 2 8 15 301 9
205 1 2 9 16 9 302
206 1 2 9 16 302 303
207 1 2 9 16 303 304
208 1 2 9 16 304 305
209 1 2 9 16 305 306
210 1 2 9 16 306 10
211 1 2 6 17 10 307
212 1 2 6 17 307 308
213 1 2 6 17 308 309
214 1 2 6 17 309 310
215 1 2 6 17 310 311
216 1 2 6 17 311 312
217 1 2 6 17 312 313
218 1 2 6 17 313 314
219 1 2 6 17 314 315
220 1 2 6 17 315 316
221 1 2 6 17 316 317
222 1 2 6 17 317 11
223 1 2 7 18 11 318
224 1 2 7 18 318 319
225 1 2 7 18 319 320
226 1 2 7 18 320 321
227 1 2 7 18 321 322
228 1 2 7 18 322 8
229 3 2 1 1 2 88 323 87
230 3 2 1 1 87 323 324 86
231 3 2 1 1 86 324 325 85
232 3 2 1 1 85 325 326 84
233 3 2 1 1 84 326 327 83
234 3 2 1 1 83 327 328 82
235 3 2 1 1 82 328 329 81
236 3 2 1 1 81 329 330 80
237 3 2 1 1 80 330 331 79
238 3 2 1 1 79 331 332 78
239 3 2 1 1 78 332 333 77
240 3 2 1 1 77 333 334 76
241 3 2 1 1 76 334 335 75
242 3 2 1 1 75 335 336 74
243 3 2 1 1 74 336 337 73
244 3 2 1 1 73 337 338 72
245 3 2 1 1 72 338 339 71
246 3 2 1 1 71 339 340 70
247 3 2 1 1 70 340 341 69
248 3 2 1 1 69 341 342 68
249 3 2 1 1 68 342 343 67
250 3 2 1 1 67 343 344 66
251 3 2 1 1 66 344 345 65
252 3 2 1 1 65 345 346 64
253 3 2 1 1 64 346 347 63
254 3 2 1 1 63 347 348 62
255 3 2 1 1 62 348 349 61
256 3 2 1 1 61 349 350 60
257 3 2 1 1 60 350 351 59
258 3 2 1 1 59 351 352 58
259 3 2 1 1 58 352 353 57
260 3 2 1 1 57 353 354 56
261 3 2 1 1 56 354 355 55
262 3 2 1 1 55 355 356 54
263 3 2 1 1 54 356 357 53
264 3 2 1 1 53 357 358 52
265 3 2 1 1 52 358 359 51
266 3 2 1 1 51 359 360 50
267 3 2 1 1 50 360 361 49
268 3 2 1 1 49 361 362 48
269 3 2 1 1 48 362 363 47
270 3 2 1 1 47 363 364 46
271 3 2 1 1 46 364 365 45
272 3 2 1 1 45 365 366 44
273 3 2 1 1 44 366 367 43
274 3 2 1 1 43 367 368 42
275 3 2 1 1 42 368 369 41
276 3 2 1 1 41 369 370 40
277 3 2 1 1 40 370 371 39
278 3 2 1 1 39 371 372 38
279 3 2 1 1 38 372 373 37
280 3 2 1 1 37 373 374 36
281 3 2 1 1 36 374 375 35
282 3 2 1 1 35 375 376 34
283 3 2 1 1 34 376 377 33
284 3 2 1 1 33 377 378 32
285 3 2 1 1 32 378 379 31
286 3 2 1 1 31 379 380 30
287 3 2 1 1 30 380 381 29
288 3 2 1 1 29 381 28 1
289 3 2 1 1 88 89 382 323
290 3 2 1 1 323 382 383 324
291 3 2 1 1 324 383 384 325
292 3 2 1 1 325 384 385 326
293 3 2 1 1 326 385 386 327
294 3 2 1 1 327 386 387 328
295 3 2 1 1 328 387 388 329
296 3 2 1 1 329 388 389 330
297 3 2 1 1 330 389 390 331
298 3 2 1 1 331 390 391 332
299 3 2 1 1 332 391 392 333
300 3 2 1 1 333 392 393 334
301 3 2 1 1 334 393 394 335
302 3 2 1 1 335 394 395 336
303 3 2 1 1 336 395 396 337
304 3 2 1 1 337 396 397 338
305 3 2 1 1 338 397 398 339
306 3 2 1 1 339 398 399 340
307 3 2 1 1 340 399 400 341
308 3 2 1 1 341 400 401 342
309 3 2 1 1 342 401 402 343
310 3 2 1 1 343 402 403 344
311 3 2 1 1 344 403 404 345
312 3 2 1 1 345 404 405 346
313 3 2 1 1 346 405 406 347
314 3 2 1 1 347 406 407 348
315 3 2 1 1 348 407 408 349
316 3 2 1 1 349 408 409 350
317 3 2 1 1 350 409 410 351
318 3 2 1 1 351 410 411 352
319 3 2 1 1 352 411 412 353
320 3 2 1 1 353 412 413 354
321 3 2 1 1 354 413 414 355
322 3 2 1 1 355 414 415 356
323 3 2 1 1 356 415 416 357
324 3 2 1 1 357 416 417 358
325 3 2 1 1 358 417 418 359
326 3 2 1 1 359 418 419 360
327 3 2 1 1 360 419 420 361
328 3 2 1 1 361 420 421 362
329 3 2 1 1 362 421 422 363
330 3 2 1 1 363 422 423 364
331 3 2 1 1 364 423 424 365
332 3 2 1 1 365 424 425 366
333 3 2 1 1 366 425 426 367
334 3 2 1 1 367 426 427 368
335 3 2 1 1 368 427 428 369
336 3 2 1 1 369 428 429 370
337 3 2 1 1 370 429 430 371
338 3 2 1 1 371 430 431 372
339 3 2 1 1 372 431 432 373
340 3 2 1 1 373 432 433 374
341 3 2 1 1 374 433 434 375
342 3 2 1 1 375 434 435 376
343 3 2 1 1 376 435 436 377
344 3 2 1 1 377 436 437 378
345 3 2 1 1 378 437 438 379
346 3 2 1 1 379 438 439 380
347 3 2 1 1 380 439 440 381
348 3 2 1 1 381 440 27 28
349 3 2 1 1 89 90 441 382
350 3 2 1 1 382 441 442 383
351 3 2 1 1 383 442 443 384
352 3 2 1 1 384 443 444 385
353 3 2 1 1 385 444 445 386
354 3 2 1 1 386 445 446 387
355 3 2 1 1 387 446 447 388
356 3 2 1 1 388 447 448 389
357 3 2 1 1 389 448 449 390
358 3 2 1 1 390 449 450 391
359 3 2 1 1 391 450 451 392
360 3 2 1 1 392 451 452 393
361 3 2 1 1 393 452 453 394
362 3 2 1 1 394 453 454 395
363 3 2 1 1 395 454 455 396
364 3 2 1 1 396 455 456 397
365 3 2 1 1 397 456 457 398
366 3 2 1 1 398 457 458 399
367 3 2 1 1 399 458 459 400
368 3 2 1 1 400 459 460 401
369 3 2 1 1 401 460 461 402
370 3 2 1 1 402 461 462 403
371 3 2 1 1 403 462 463 404
372 3 2 1 1 404 463 464 405
373 3 2 1 1 405 464 465 406
374 3 2 1 1 406 465 466 407
375 3 2 1 1 407 466 467 408
376 3 2 1 1 408 467 468 409
377 3 2 1 1 409 468 469 410
378 3 2 1 1 410 469 470 411
379 3 2 1 1 411 470 471 412
380 3 2 1 1 412 471 472 413
381 3 2 1 1 413 472 473 414
382 3 2 1 1 414 473 474 415
383 3 2 1 1 415 474 475 416
384 3 2 1 1 416 475 476 417
385 3 2 1 1 417 476 477 418
386 3 2 1 1 418 477 478 419
387 3 2 1 1 419 478 479 420
388 3 2 1 1 420 479 480 421
389 3 2 1 1 421 480 481 422
390 3 2 1 1 422 481 482 423
391 3 2 1 1 423 482 483 424
392 3 2 1 1 424 483 484 425
393 3 2 1 1 425 484 485 426
394 3 2 1 1 426 485 486 427
395 3 2 1 1 427 486 487 428
396 3 2 1 1 428 487 488 429
397 3 2 1 1 429 488 489 430
398 3 2 1 1 430 489 490 431
399 3 2 1 1 431 490 491 432
400 3 2 1 1 432 491 492 433
401 3 2 1 1 433 492 493 434
402 3 2 1 1 434 493 494 435
403 3 2 1 1 435 494 495 436
404 3 2 1 1 436 495 496 437
405 3 2 1 1 437 496 497 438
406 3 2 1 1 438 497 498 439
407 3 2 1 1 439 498 499 440
408 3 2 1 1 440 499 26 27
409 3 2 1 1 90 91 500 441
410 3 2 1 1 441 500 501 442
411 3 2 1 1 442 501 502 443
412 3 2 1 1 443 502 503 444
413 3 2 1 1 444 503 504 445
414 3 2 1 1 445 504 505 446
415 3 2 1 1 446 505 506 447
416 3 2 1 1 447 506 507 448
417 3 2 1 1 448 507 508 449
418 3 2 1 1 449 508 509 450
419 3 2 1 1 450 509 510 451
420 3 2 1 1 451 510 511 452
421 3 2 1 1 452 511 512 453
422 3 2 1 1 453 512 513 454
423 3 2 1 1 454 513 514 455
424 3 2 1 1 455 514 515 456
425 3 2 1 1 456 515 516 457
426 3 2 1 1 457 516 517 458
427 3 2 1 1 458 517 518 459
428 3 2 1 1 459 518 519 460
429 3 2 1 1 460 519 520 461
430 3 2 1 1 461 520 521 462
431 3 2 1 1 462 521 522 463
432 3 2 1 1 463 522 523 464
433 3 2 1 1 464 523 524 465
434 3 2 1 1 465 524 525 466
435 3 2 1 1 466 525 526 467
436 3 2 1 1 467 526 527 468
437 3 2 1 1 468 527 528 469
438 3 2 1 1 469 528 529 470
439 3 2 1 1 470 529 530 471
440 3 2 1 1 471 530 531 472
441 3 2 1 1 472 531 532 473
442 3 2 1 1 473 532 533 474
443 3 2 1 1 474 533 534 475
444 3 2 1 1 475 534 535 476
445 3 2 1 1 476 535 536 477
446 3 2 1 1 477 536 537 478
447 3 2 1 1 478 537 538 479
448 3 2 1 1 479 538 539 480
449 3 2 1 1 480 539 540 481
450 3 2 1 1 481 540 541 482
451 3 2 1 1 482 541 542 483
452 3 2 1 1 483 542 543 484
453 3 2 1 1 484 543 544 485
454 3 2 1 1 485 544 545 486
455 3 2 1 1 486 545 546 487
456 3 2 1 1 487 546 547 488
457 3 2 1 1 488 547 548 489
458 3 2 1 1 489 548 549 490
459 3 2 1 1 490 549 550 491
460 3 2 1 1 491 550 551 492
461 3 2 1 1 492 551 552 493
462 3 2 1 1 493 552 553 494
463 3 2 1 1 494 553 554 495
464 3 2 1 1 495 554 555 496
465 3 2 1 1 496 555 556 497
466 3 2 1 1 497 556 557 498
467 3 2 1 1 498 557 558 499
468 3 2 1 1 499 558 25 26
469 3 2 1 1 91 92 559 500
470 3 2 1 1 500 559 560 501
471 3 2 1 1 501 560 561 502
472 3 2 1 1 502 561 562 503
473 3 2 1 1 503 562 563 504
474 3 2 1 1 504 563 564 505
475 3 2 1 1 505 564 565 506
476 3 2 1 1 506 565 566 507
477 3 2 1 1 507 566 567 508
478 3 2 1 1 508 567 568 509
479 3 2 1 1 509 568 569 510
480 3 2 1 1 510 569 570 511
481 3 2 1 1 511 570 571 512
482 3 2 1 1 512 571 572 513
483 3 2 1 1 513 572 573 514
484 3 2 1 1 514 573 574 515
485 3 2 1 1 515 574 575 516
486 3 2 1 1 516 575 576 517
487 3 2 1 1 517 576 577 518
488 3 2 1 1 518 577 578 519
489 3 2 1 1 519 578 579 520
490 3 2 1 1 520 579 580 521
491 3 2 1 1 521 580 581 522
492 3 2 1 1 522 581 582 523
493 3 2 1 1 523 582 583 524
494 3 2 1 1 524 583 584 525
495 3 2 1 1 525 584 585 526
496 3 2 1 1 526 585 586 527
497 3 2 1 1 527 586 587 528
498 3 2 1 1 528 587 588 529
499 3 2 1 1 529 588 589 530
500 3 2 1 1 530 589 590 531
501 3 2 1 1 531 590 591 532
502 3 2 1 1 532 591 592 533
503 3 2 1 1 533 592 593 534
504 3 2 1 1 534 593 594 535
505 3 2 1 1 535 594 595 536
506 3 2 1 1 536 595 596 537
507 3 2 1 1 537 596 597 538
508 3 2 1 1 538 597 598 539
509 3 2 1 1 539 598 599 540
510 3 2 1 1 540 599 600 541
511 3 2 1 1 541 600 601 542
512 3 2 1 1 542 601 602 543
513 3 2 1 1 543 602 603 544
514 3 2 1 1 544 603 604 545
515 3 2 1 1 545 604 605 546
516 3 2 1 1 546 605 606 547
517 3 2 1 1 547 606 607 548
518 3 2 1 1 548 607 608 549
519 3 2 1 1 549 608 609 550
520 3 2 1 1 550 609 610 551
521 3 2 1 1 551 610 611 552
522 3 2 1 1 552 611 612 553
523 3 2 1 1 553 612 613 554
524 3 2 1 1 554 613 614 555
525 3 2 1 1 555 614 615 556
526 3 2 1 1 556 615 616 557
527 3 2 1 1 557 616 617 558
528 3 2 1 1 558 617 24 25
529 3 2 1 1 92 93 618 559
530 3 2 1 1 559 618 619 560
531 3 2 1 1 560 619 620 561
532 3 2 1 1 561 620 621 562
533 3 2 1 1 562 621 622 563
534 3 2 1 1 563 622 623 564
535 3 2 1 1 564 623 624 565
536 3 2 1 1 565 624 625 566
537 3 2 1 1 566 625 626 567
538 3 2 1 1 567 626 627 568
539 3 2 1 1 568 627 628 569
540 3 2 1 1 569 628 629 570
541 3 2 1 1 570 629 630 571
542 3 2 1 1 571 630 631 572
543 3 2 1 1 572 631 632 573
544 3 2 1 1 573 632 633 574
545 3 2 1 1 574 633 634 575
546 3 2 1 1 575 634 635 576
547 3 2 1 1 576 635 636 577
548 3 2 1 1 577 636 637 578
549 3 2 1 1 578 637 638 579
550 3 2 1 1 579 638 639 580
551 3 2 1 1 580 639 640 581
552 3 2 1 1 581 640 641 582
553 3 2 1 1 582 641 642 583
554 3 2 1 1 583 642 643 584
555 3 2 1 1 584 643 644 585
556 3 2 1 1 585 644 645 586
557 3 2 1 1 586 645 646 587
558 3 2 1 1 587 646 647 588
559 3 2 1 1 588 647 648 589
560 3 2 1 1 589 648 649 590
561 3 2 1 1 590 649 650 591
562 3 2 1 1 591 650 651 592
563 3 2 1 1 592 651 652 593
564 3 2 1 1 593 652 653 594
565 3 2 1 1 594 653 654 595
566 3 2 1 1 595 654 655 596
567 3 2 1 1 596 655 656 597
568 3 2 1 1 597 656 657 598
569 3 2 1 1 598 657 658 599
570 3 2 1 1 599 658 659 600
571 3 2 1 1 600 659 660 601
572 3 2 1 1 601 660 661 602
573 3 2 1 1 602 661 662 603
574 3 2 1 1 603 662 663 604
575 3 2 1 1 604 663 664 605
576 3 2 1 1 605 664 665 606
577 3 2 1 1 606 665 666 607
578 3 2 1 1 607 666 667 608
579 3 2 1 1 608 667 668 609
580 3 2 1 1 609 668 669 610
581 3 2 1 1 610 669 670 611
582 3 2 1 1 611 670 671 612
583 3 2 1 1 612 671 672 613
584 3 2 1 1 613 672 673 614
585 3 2 1 1 614 673 674 615
586 3 2 1 1 615 674 675 616
587 3 2 1 1 616 675 676 617
588 3 2 1 1 617 676 23 24
589 3 2 1 1 93 94 677 618
590 3 2 1 1 618 677 678 619
591 3 2 1 1 619 678 679 620
592 3 2 1 1 620 679 680 621
593 3 2 1 1 621 680 681 622
594 3 2 1 1 622 681 682 623
595 3 2 1 1 623 682 683 624
596 3 2 1 1 624 683 684 625
597 3 2 1 1 625 684 685 626
598 3 2 1 1 626 685 686 627
599 3 2 1 1 627 686 687 628
600 3 2 1 1 628 687 688 629
601 3 2 1 1 629 688 689 630
602 3 2 1 1 630 689 690 631
603 3 2 1 1 631 690 691 632
604 3 2 1 1 632 691 692 633
605 3 2 1 1 633 692 693 634
606 3 2 1 1 634 693 694 635
607 3 2 1 1 635 694 695 636
608 3 2 1 1 636 695 696 637
609 3 2 1 1 637 696 697 638
610 3 2 1 1 638 697 698 639
611 3 2 1 1 639 698 699 640
612 3 2 1 1 640 699 700 641
613 3 2 1 1 641 700 701 642
614 3 2 1 1 642 701 702 643
615 3 2 1 1 643 702 703 644
616 3 2 1 1 644 703 704 645
617 3 2 1 1 645 704 705 646
618 3 2 1 1 646 705 706 647
619 3 2 1 1 647 706 707 648
620 3 2 1 1 648 707 708 649
621 3 2 1 1 649 708 709 650
622 3 2 1 1 650 709 710 651
623 3 2 1 1 651 710 711 652
624 3 2 1 1 652 711 712 653
625 3 2 1 1 653 712 713 654
626 3 2 1 1 654 713 714 655
627 3 2 1 1 655 714 715 656
628 3 2 1 1 656 715 716 657
629 3 2 1 1 657 716 717 658
630 3 2 1 1 658 717 718 659
631 3 2 1 1 659 718 719 660
632 3 2 1 1 660 719 720 661
633 3 2 1 1 661 720 721 662
634 3 2 1 1 662 721 722 663
635 3 2 1 1 663 722 723 664
636 3 2 1 1 664 723 724 665
637 3 2 1 1 665 724 725 666
638 3 2 1 1 666 725 726 667
639 3 2 1 1 667 726 727 668
640 3 2 1 1 668 727 728 669
641 3 2 1 1 669 728 729 670
642 3 2 1 1 670 729 730 671
643 3 2 1 1 671 730 731 672
644 3 2 1 1 672 731 732 673
645 3 2 1 1 673 732 733 674
646 3 2 1 1 674 733 734 675
647 3 2 1 1 675 734 735 676
648 3 2 1 1 676 735 22 23
649 3 2 1 1 94 95 736 677
650 3 2 1 1 677 736 737 678
651 3 2 1 1 678 737 738 679
652 3 2 1 1 679 738 739 680
653 3 2 1 1 680 739 740 681
654 3 2 1 1 681 740 741 682
655 3 2 1 1 682 741 742 683
656 3 2 1 1 683 742 743 684
657 3 2 1 1 684 743 744 685
658 3 2 1 1 685 744 745 686
659 3 2 1 1 686 745 746 687
660 3 2 1 1 687 746 747 688
661 3 2 1 1 688 747 748 689
662 3 2 1 1 689 748 749 690
663 3 2 1 1 690 749 750 691
664 3 2 1 1 691 750 751 692
665 3 2 1 1 692 751 752 693
666 3 2 1 1 693 752 753 694
667 3 2 1 1 694 753 754 695
668 3 2 1 1 695 754 755 696
669 3 2 1 1 696 755 756 697
670 3 2 1 1 697 756 757 698
671 3 2 1 1 698 757 758 699
672 3 2 1 1 699 758 759 700
673 3 2 1 1 700 759 760 701
674 3 2 1 1 701 760 761 702
675 3 2 1 1 702 761 762 703
676 3 2 1 1 703 762 763 704
677 3 2 1 1 704 763 764 705
678 3 2 1 1 705 764 765 706
679 3 2 1 1 706 765 766 707
680 3 2 1 1 707 766 767 708
681 3 2 1 1 708 767 768 709
682 3 2 1 1 709 768 769 710
683 3 2 1 1 710 769 770 711
684 3 2 1 1 711 770 771 712
685 3 2 1 1 712 771 772 713
686 3 2 1 1 713 772 773 714
687 3 2 1 1 714 773 774 715
688 3 2 1 1 715 774 775 716
689 3 2 1 1 716 775 776 717
690 3 2 1 1 717 776 777 718
691 3 2 1 1 718 777 778 719
692 3 2 1 1 719 778 779 720
693 3 2 1 1 720 779 780 721
694 3 2 1 1 721 780 781 722
695 3 2 1 1 722 781 782 723
696 3 2 1 1 723 782 783 724
697 3 2 1 1 724 783 784 725
698 3 2 1 1 725 784 785 726
699 3 2 1 1 726 785 786 727
700 3 2 1 1 727 786 787 728
701 3 2 1 1 728 787 788 729
702 3 2 1 1 729 788 789 730
703 3 2 1 1 730 789 790 731
704 3 2 1 1 731 790 791 732
705 3 2 1 1 732 791 792 733
706 3 2 1 1 733 792 793 734
707 3 2 1 1 734 793 794 735
708 3 2 1 1 735 794 21 22
709 3 2 1 1 95 96 795 736
710 3 2 1 1 736 795 796 737
711 3 2 1 1 737 796 797 738
712 3 2 1 1 738 797 798 739
713 3 2 1 1 739 798 799 740
714 3 2 1 1 740 799 800 741
715 3 2 1 1 741 800 801 742
716 3 2 1 1 742 801 802 743
717 3 2 1 1 743 802 803 744
718 3 2 1 1 744 803 804 745
719 3 2 1 1 745 804 805 746
720 3 2 1 1 746 805 806 747
721 3 2 1 1 747 806 807 748
722 3 2 1 1 748 807 808 749
723 3 2 1 1 749 808 809 750
724 3 2 1 1 750 809 810 751
725 3 2 1 1 751 810 811 752
726 3 2 1 1 752 811 812 753
727 3 2 1 1 753 812 813 754
728 3 2 1 1 754 813 814 755
729 3 2 1 1 755 814 815 756
730 3 2 1 1 756 815 816 757
731 3 2 1 1 757 816 817 758
732 3 2 1 1 758 817 818 759
733 3 2 1 1 759 818 819 760
734 3 2 1 1 760 819 820 761
735 3 2 1 1 761 820 821 762
736 3 2 1 1 762 821 822 763
737 3 2 1 1 763 822 823 764
738 3 2 1 1 764 823 824 765
739 3 2 1 1 765 824 825 766
740 3 2 1 1 766 825 826 767
741 3 2 1 1 767 826 827 768
742 3 2 1 1 768 827 828 769
743 3 2 1 1 769 828 829 770
744 3 2 1 1 770 829 830 771
745 3 2 1 1 771 830 831 772
746 3 2 1 1 772 831 832 773
747 3 2 1 1 773 832 833 774
748 3 2 1 1 774 833 834 775
749 3 2 1 1 775 834 835 776
750 3 2 1 1 776 835 836 777
751 3 2 1 1 777 836 837 778
752 3 2 1 1 778 837 838 779
753 3 2 1 1 779 838 839 780
754 3 2 1 1 780 839 840 781
755 3 2 1 1 781 840 841 782
756 3 2 1 1 782 841 842 783
757 3 2 1 1 783 842 843 784
758 3 2 1 1 784 843 844 785
759 3 2 1 1 785 844 845 786
760 3 2 1 1 786 845 846 787
761 3 2 1 1 787 846 847 788
762 3 2 1 1 788 847 848 789
763 3 2 1 1 789 848 849 790
764 3 2 1 1 790 849 850 791
765 3 2 1 1 791 850 851 792
766 3 2 1 1 792 851 852 793
767 3 2 1 1 793 852 853 794
768 3 2 1 1 794 853 20 21
769 3 2 1 1 96 97 854 795
770 3 2 1 1 795 854 855 796
771 3 2 1 1 796 855 856 797
772 3 2 1 1 797 856 857 798
773 3 2 1 1 798 857 858 799
774 3 2 1 1 799 858 859 800
775 3 2 1 1 800 859 860 801
776 3 2 1 1 801 860 861 802
777 3 2 1 1 802 861 862 803
778 3 2 1 1 803 862 863 804
779 3 2 1 1 804 863 864 805
780 3 2 1 1 805 864 865 806
781 3 2 1 1 806 865 866 807
782 3 2 1 1 807 866 867 808
783 3 2 1 1 808 867 868 809
784 3 2 1 1 809 868 869 810
785 3 2 1 1 810 869 870 811
786 3 2 1 1 811 870 871 812
787 3 2 1 1 812 871 872 813
788 3 2 1 1 813 872 873 814
789 3 2 1 1 814 873 874 815
790 3 2 1 1 815 874 875 816
791 3 2 1 1 816 875 876 817
792 3 2 1 1 817 876 877 818
793 3 2 1 1 818 877 878 819
794 3 2 1 1 819 878 879 820
795 3 2 1 1 820 879 880 821
796 3 2 1 1 821 880 881 822
797 3 2 1 1 822 881 882 823
798 3 2 1 1 823 882 883 824
799 3 2 1 1 824 883 884 825
800 3 2 1 1 825 884 885 826
801 3 2 1 1 826 885 886 827
802 3 2 1 1 827 886 887 828
803 3 2 1 1 828 887 888 829
804 3 2 1 1 829 888 889 830
805 3 2 1 1 830 889 890 831
806 3 2 1 1 831 890 891 832
807 3 2 1 1 832 891 892 833
808 3 2 1 1 833 892 893 834
809 3 2 1 1 834 893 894 835
810 3 2 1 1 835 894 895 836
811 3 2 1 1 836 895 896 837
812 3 2 1 1 837 896 897 838
813 3 2 1 1 838 897 898 839
814 3 2 1 1 839 898 899 840
815 3 2 1 1 840 899 900 841
816 3 2 1 1 841 900 901 842
817 3 2 1 1 842 901 902 843
818 3 2 1 1 843 902 903 844
819 3 2 1 1 844 903 904 845
820 3 2 1 1 845 904 905 846
821 3 2 1 1 846 905 906 847
822 3 2 1 1 847 906 907 848
823 3 2 1 1 848 907 908 849
824 3 2 1 1 849 908 909 850
825 3 2 1 1 850 909 910 851
826 3 2 1 1 851 910 911 852
827 3 2 1 1 852 911 912 853
828 3 2 1 1 853 912 19 20
829 3 2 1 1 97 98 913 854
830 3 2 1 1 854 913 914 855
831 3 2 1 1 855 914 915 856
832 3 2 1 1 856 915 916 857
833 3 2 1 1 857 916 917 858
834 3 2 1 1 858 917 918 859
835 3 2 1 1 859 918 919 860
836 3 2 1 1 860 919 920 861
837 3 2 1 1 861 920 921 862
838 3 2 1 1 862 921 922 863
839 3 2 1 1 863 922 923 864
840 3 2 1 1 864 923 924 865
841 3 2 1 1 865 924 925 866
842 3 2 1 1 866 925 926 867
843 3 2 1 1 867 926 927 868
844 3 2 1 1 868 927 928 869
845 3 2 1 1 869 928 929 870
846 3 2 1 1 870 929 930 871
847 3 2 1 1 871 930 931 872
848 3 2 1 1 872 931 932 873
849 3 2 1 1 873 932 933 874
850 3 2 1 1 874 933 934 875
851 3 2 1 1 875 934 935 876
852 3 2 1 1 876 935 936 877
853 3 2 1 1 877 936 937 878
854 3 2 1 1 878 937 938 879
855 3 2 1 1 879 938 939 880
856 3 2 1 1 880 939 940 881
857 3 2 1 1 881 940 941 882
858 3 2 1 1 882 941 942 883
859 3 2 1 1 883 942 943 884
860 3 2 1 1 884 943 944 885
861 3 2 1 1 885 944 945 886
862 3 2 1 1 886 945 946 887
863 3 2 1 1 887 946 947 888
864 3 2 1 1 888 947 948 889
865 3 2 1 1 889 948 949 890
866 3 2 1 1 890 949 950 891
867 3 2 1 1 891 950 951 892
868 3 2 1 1 892 951 952 893
869 3 2 1 1 893 952 953 894
870 3 2 1 1 894 953 954 895
871 3 2 1 1 895 954 955 896
872 3 2 1 1 896 955 956 897
873 3 2 1 1 897 956 957 898
874 3 2 1 1 898 957 958 899
875 3 2 1 1 899 958 959 900
876 3 2 1 1 900 959 960 901
877 3 2 1 1 901 960 961 902
878 3 2 1 1 902 961 962 903
879 3 2 1 1 903 962 963 904
880 3 2 1 1 904 963 964 905
881 3 2 1 1 905 964 965 906
882 3 2 1 1 906 965 966 907
883 3 2 1 1 907 966 967 908
884 3 2 1 1 908 967 968 909
885 3 2 1 1 909 968 969 910
886 3 2 1 1 910 969 970 911
887 3 2 1 1 911 970 971 912
888 3 2 1 1 912 971 18 19
889 3 2 1 1 98 99 972 913
890 3 2 1 1 913 972 973 914
891 3 2 1 1 914 973 974 915
892 3 2 1 1 915 974 975 916
893 3 2 1 1 916 975 976 917
894 3 2 1 1 917 976 977 918
895 3 2 1 1 918 977 978 919
896 3 2 1 1 919 978 979 920
897 3 2 1 1 920 979 980 921
898 3 2 1 1 921 980 981 922
899 3 2 1 1 922 981 982 923
900 3 2 1 1 923 982 983 924
901 3 2 1 1 924 983 984 925
902 3 2 1 1 925 984 985 926
903 3 2 1 1 926 985 986 927
904 3 2 1 1 927 986 987 928
905 3 2 1 1 928 987 988 929
906 3 2 1 1 929 988 989 930
907 3 2 1 1 930 989 990 931
908 3 2 1 1 931 990 991 932
909 3 2 1 1 932 991 992 933
910 3 2 1 1 933 992 993 934
911 3 2 1 1 934 993 994 935
912 3 2 1 1 935 994 995 936
913 3 2 1 1 936 995 996 937
914 3 2 1 1 937 996 997 938
915 3 2 1 1 938 997 998 939
916 3 2 1 1 939 998 999 940
917 3 2 1 1 940 999 1000 941
918 3 2 1 1 941 1000 1001 942
919 3 2 1 1 942 1001 1002 943
920 3 2 1 1 943 1002 1003 944
921 3 2 1 1 944 1003 1004 945
922 3 2 1 1 945 1004 1005 946
923 3 2 1 1 946 1005 1006 947
924 3 2 1 1 947 1006 1007 948
925 3 2 1 1 948 1007 1008 949
926 3 2 1 1 949 1008 1009 950
927 3 2 1 1 950 1009 1010 951
928 3 2 1 1 951 1010 1011 952
929 3 2 1 1 952 1011 1012 953
930 3 2 1 1 953 1012 1013 954
931 3 2 1 1 954 1013 1014 955
932 3 2 1 1 955 1014 1015 956
933 3 2 1 1 956 1015 1016 957
934 3 2 1 1 957 1016 1017 958
935 3 2 1 1 958 1017 1018 959
936 3 2 1 1 959 1018 1019 960
937 3 2 1 1 960 1019 1020 961
938 3 2 1 1 961 1020 1021 962
939 3 2 1 1 962 1021 1022 963
940 3 2 1 1 963 1022 1023 964
941 3 2 1 1 964 1023 1024 965
942 3 2 1 1 965 1024 1025 966
943 3 2 1 1 966 1025 1026 967
944 3 2 1 1 967 1026 1027 968
945 3 2 1 1 968 1027 1028 969
946 3 2 1 1 969 1028 1029 970
947 3 2 1 1 970 1029 1030 971
948 3 2 1 1 971 1030 17 18
949 3 2 1 1 99 100 1031 972
950 3 2 1 1 972 1031 1032 973
951 3 2 1 1 973 1032 1033 974
952 3 2 1 1 974 1033 1034 975
953 3 2 1 1 975 1034 1035 976
954 3 2 1 1 976 1035 1036 977
955 3 2 1 1 977 1036 1037 978
956 3 2 1 1 978 1037 1038 979
957 3 2 1 1 979 1038 1039 980
958 3 2 1 1 980 1039 1040 981
959 3 2 1 1 981 1040 1041 982
960 3 2 1 1 982 1041 1042 983
961 3 2 1 1 983 1042 1043 984
962 3 2 1 1 984 1043 1044 985
963 3 2 1 1 985 1044 1045 986
964 3 2 1 1 986 1045 1046 987
965 3 2 1 1 987 1046 1047 988
966 3 2 1 1 988 1047 1048 989
967 3 2 1 1 989 1048 1049 990
968 3 2 1 1 990 1049 1050 991
969 3 2 1 1 991 1050 1051 992
970 3 2 1 1 992 1051 1052 993
971 3 2 1 1 993 1052 1053 994
972 3 2 1 1 994 1053 1054 995
973 3 2 1 1 995 1054 1055 996
974 3 2 1 1 996 1055 1056 997
975 3 2 1 1 997 1056 1057 998
976 3 2 1 1 998 1057 1058 999
977 3 2 1 1 999 1058 1059 1000
978 3 2 1 1 1000 1059 1060 1001
979 3 2 1 1 1001 1060 1061 1002
980 3 2 1 1 1002 1061 1062 1003
981 3 2 1 1 1003 1062 1063 1004
982 3 2 1 1 1004 1063 1064 1005
983 3 2 1 1 1005 1064 1065 1006
984 3 2 1 1 1006 1065 1066 1007
985 3 2 1 1 1007 1066 1067 1008
986 3 2 1 1 1008 1067 1068 1009
987 3 2 1 1 1009 1068 1069 1010
988 3 2 1 1 1010 1069 1070 1011
989 3 2 1 1 1011 1070 1071 1012
990 3 2 1 1 1012 1071 1072 1013
991 3 2 1 1 1013 1072 1073 1014
992 3 2 1 1 1014 1073 1074 1015
993 3 2 1 1 1015 1074 1075 1016
994 3 2 1 1 1016 1075 1076 1017
995 3 2 1 1 1017 1076 1077 1018
996 3 2 1 1 1018 1077 1078 1019
997 3 2 1 1 1019 1078 1079 1020
998 3 2 1 1 1020 1079 1080 1021
999 3 2 1 1 1021 1080 1081 1022
1000 3 2 1 1 1022 1081 1082 1023
1001 3 2 1 1 1023 1082 1083 1024
1002 3 2 1 1 1024 1083 1084 1025
1003 3 2 1 1 1025 1084 1085 1026
1004 3 2 1 1 1026 1085 1086 1027
1005 3 2 1 1 1027 1086 1087 1028
1006 3 2 1 1 1028 1087 1088 1029
1007 3 2 1 1 1029 1088 1089 1030
1008 3 2 1 1 1030 1089 16 17
1009 3 2 1 1 100 101 1090 1031
1010 3 2 1 1 1031 1090 1091 1032
1011 3 2 1 1 1032 1091 1092 1033
1012 3 2 1 1 1033 1092 1093 1034
1013 3 2 1 1 1034 1093 1094 1035
1014 3 2 1 1 1035 1094 1095 1036
1015 3 2 1 1 1036 1095 1096 1037
1016 3 2 1 1 1037 1096 1097 1038
1017 3 2 1 1 1038 1097 1098 1039
1018 3 2 1 1 1039 1098 1099 1040
1019 3 2 1 1 1040 1099 1100 1041
1020 3 2 1 1 1041 1100 1101 1042
1021 3 2 1 1 1042 1101 1102 1043
1022 3 2 1 1 1043 1102 1103 1044
1023 3 2 1 1 1044 1103 1104 1045
1024 3 2 1 1 1045 1104 1105 1046
1025 3 2 1 1 1046 1105 1106 1047
1026 3 2 1 1 1047 1106 1107 1048
1027 3 2 1 1 1048 1107 1108 1049
1028 3 2 1 1 1049 1108 1109 1050
1029 3 2 1 1 1050 1109 1110 1051
1030 3 2 1 1 1051 1110 1111 1052
1031 3 2 1 1 1052 1111 1112 1053
1032 3 2 1 1 1053 1112 1113 1054
1033 3 2 1 1 1054 1113 1114 1055
1034 3 2 1 1 1055 1114 1115 1056
1035 3 2 1 1 1056 1115 1116 1057
1036 3 2 1 1 1057 1116 1117 1058
1037 3 2 1 1 1058 1117 1118 1059
1038 3 2 1 1 1059 1118 1119 1060
1039 3 2 1 1 1060 1119 1120 1061
1040 3 2 1 1 1061 1120 1121 1062
1041 3 2 1 1 1062 1121 1122 1063
1042 3 2 1 1 1063 1122 1123 1064
1043 3 2 1 1 1064 1123 1124 1065
1044 3 2 1 1 1065 1124 1125 1066
1045 3 2 1 1 1066 1125 1126 1067
1046 3 2 1 1 1067 1126 1127 1068
1047 3 2 1 1 1068 1127 1128 1069
1048 3 2 1 1 1069 1128 1129 1070
1049 3 2 1 1 1070 1129 1130 1071
1050 3 2 1 1 1071 1130 1131 1072
1051 3 2 1 1 1072 1131 1132 1073
1052 3 2 1 1 1073 1132 1133 1074
1053 3 2 1 1 1074 1133 1134 1075
1054 3 2 1 1 1075 1134 1135 1076
1055 3 2 1 1 1076 1135 1136 1077
1056 3 2 1 1 1077 1136 1137 1078
1057 3 2 1 1 1078 1137 1138 1079
1058 3 2 1 1 1079 1138 1139 1080
1059 3 2 1 1 1080 1139 1140 1081
1060 3 2 1 1 1081 1140 1141 1082
1061 3 2 1 1 1082 1141 1142 1083
1062 3 2 1 1 1083 1142 1143 1084
1063 3 2 1 1 1084 1143 1144 1085
1064 3 2 1 1 1085 1144 1145 1086
1065 3 2 1 1 1086 1145 1146 1087
1066 3 2 1 1 1087 1146 1147 1088
1067 3 2 1 1 1088 1147 1148 1089
1068 3 2 1 1 1089 1148 15 16
1069 3 2 1 1 101 102 1149 1090
1070 3 2 1 1 1090 1149 1150 1091
1071 3 2 1 1 1091 1150 1151 1092
1072 3 2 1 1 1092 1151 1152 1093
1073 3 2 1 1 1093 1152 1153 1094
1074 3 2 1 1 1094 1153 1154 1095
1075 3 2 1 1 1095 1154 1155 1096
1076 3 2 1 1 1096 1155 1156 1097
1077 3 2 1 1 1097 1156 1157 1098
1078 3 2 1 1 1098 1157 1158 1099
1079 3 2 1 1 1099 1158 1159 1100
1080 3 2 1 1 1100 1159 1160 1101
1081 3 2 1 1 1101 1160 1161 1102
1082 3 2 1 1 1102 1161 1162 1103
1083 3 2 1 1 1103 1162 1163 1104
1084 3 2 1 1 1104 1163 1164 1105
1085 3 2 1 1 1105 1164 1165 1106
1086 3 2 1 1 1106 1165 1166 1107
1087 3 2 1 1 1107 1166 1167 1108
1088 3 2 1 1 1108 1167 1168 1109
1089 3 2 1 1 1109 1168 1169 1110
1090 3 2 1 1 1110 1169 1170 1111
1091 3 2 1 1 1111 1170 1171 1112
1092 3 2 1 1 1112 1171 1172 1113
1093 3 2 1 1 1113 1172 1173 1114
1094 3 2 1 1 1114 1173 1174 1115
1095 3 2 1 1 1115 1174 1175 1116
1096 3 2 1 1 1116 1175 1176 1117
1097 3 2 1 1 1117 1176 1177 1118
1098 3 2 1 1 1118 1177 1178 1119
1099 3 2 1 1 1119 1178 1179 1120
1100 3 2 1 1 1120 1179 1180 1121
1101 3 2 1 1 1121 1180 1181 1122
1102 3 2 1 1 1122 1181 1182 1123
1103 3 2 1 1 1123 1182 1183 1124
1104 3 2 1 1 1124 1183 1184 1125
1105 3 2 1 1 1125 1184 1185 1126
1106 3 2 1 1 1126 1185 1186 1127
1107 3 2 1 1 1127 1186 1187 1128
1108 3 2 1 1 1128 1187 1188 1129
1109 3 2 1 1 1129 1188 1189 1130
1110 3 2 1 1 1130 1189 1190 1131
1111 3 2 1 1 1131 1190 1191 1132
1112 3 2 1 1 1132 1191 1192 1133
1113 3 2 1 1 1133 1192 1193 1134
1114 3 2 1 1 1134 1193 1194 1135
1115 3 2 1 1 1135 1194 1195 1136
1116 3 2 1 1 1136 1195 1196 1137
1117 3 2 1 1 1137 1196 1197 1138
1118 3 2 1 1 1138 1197 1198 1139
1119 3 2 1 1 1139 1198 1199 1140
1120 3 2 1 1 1140 1199 1200 1141
1121 3 2 1 1 1141 1200 1201 1142
1122 3 2 1 1 1142 1201 1202 1143
1123 3 2 1 1 1143 1202 1203 1144
1124 3 2 1 1 1144 1203 1204 1145
1125 3 2 1 1 1145 1204 1205 1146
1126 3 2 1 1 1146 1205 1206 1147
1127 3 2 1 1 1147 1206 1207 1148
1128 3 2 1 1 1148 1207 14 15
1129 3 2 1 1 102 103 1208 1149
1130 3 2 1 1 1149 1208 1209 1150
1131 3 2 1 1 1150 1209 1210 1151
1132 3 2 1 1 1151 1210 1211 1152
1133 3 2 1 1 1152 1211 1212 1153
1134 3 2 1 1 1153 1212 1213 1154
1135 3 2 1 1 1154 1213 1214 1155
1136 3 2 1 1 1155 1214 1215 1156
1137 3 2 1 1 1156 1215 1216 1157
1138 3 2 1 1 1157 1216 1217 1158
1139 3 2 1 1 1158 1217 1218 1159
1140 3 2 1 1 1159 1218 1219 1160
1141 3 2 1 1 1160 1219 1220 1161
1142 3 2 1 1 1161 1220 1221 1162
1143 3 2 1 1 1162 1221 1222 1163
1144 3 2 1 1 1163 1222 1223 1164
1145 3 2 1 1 1164 1223 1224 1165
1146 3 2 1 1 1165 1224 1225 1166
1147 3 2 1 1 1166 1225 1226 1167
1148 3 2 1 1 1167 1226 1227 1168
1149 3 2 1 1 1168 1227 1228 1169
1150 3 2 1 1 1169 1228 1229 1170
1151 3 2 1 1 1170 1229 1230 1171
1152 3 2 1 1 1171 1230 1231 1172
1153 3 2 1 1 1172 1231 1232 1173
1154 3 2 1 1 1173 1232 1233 1174
1155 3 2 1 1 1174 1233 1234 1175
1156 3 2 1 1 1175 1234 1235 1176
1157 3 2 1 1 1176 1235 1236 1177
1158 3 2 1 1 1177 1236 1237 1178
1159 3 2 1 1 1178 1237 1238 1179
1160 3 2 1 1 1179 1238 1239 1180
1161 3 2 1 1 1180 1239 1240 1181
1162 3 2 1 1 1181 1240 1241 1182
1163 3 2 1 1 1182 1241 1242 1183
1164 3 2 1 1 1183 1242 1243 1184
1165 3 2 1 1 1184 1243 1244 1185
1166 3 2 1 1 1185 1244 1245 1186
1167 3 2 1 1 1186 1245 1246 1187
1168 3 2 1 1 1187 1246 1247 1188
1169 3 2 1 1 1188 1247 1248 1189
1170 3 2 1 1 1189 1248 1249 1190
1171 3 2 1 1 1190 1249 1250 1191
1172 3 2 1 1 1191 1250 1251 1192
1173 3 2 1 1 1192 1251 1252 1193
1174 3 2 1 1 1193 1252 1253 1194
1175 3 2 1 1 1194 1253 1254 1195
1176 3 2 1 1 1195 1254 1255 1196
1177 3 2 1 1 1196 1255 1256 1197
1178 3 2 1 1 1197 1256 1257 1198
1179 3 2 1 1 1198 1257 1258 1199
1180 3 2 1 1 1199 1258 1259 1200
1181 3 2 1 1 1200 1259 1260 1201
1182 3 2 1 1 1201 1260 1261 1202
1183 3 2 1 1 1202 1261 1262 1203
1184 3 2 1 1 1203 1262 1263 1204
1185 3 2 1 1 1204 1263 1264 1205
1186 3 2 1 1 1205 1264 1265 1206
1187 3 2 1 1 1206 1265 1266 1207
1188 3 2 1 1 1207 1266 13 14
1189 3 2 1 1 103 104 1267 1208
1190 3 2 1 1 1208 1267 1268 1209
1191 3 2 1 1 1209 1268 1269 1210
1192 3 2 1 1 1210 1269 1270 1211
1193 3 2 1 1 1211 1270 1271 1212
1194 3 2 1 1 1212 1271 1272 1213
1195 3 2 1 1 1213 1272 1273 1214
1196 3 2 1 1 1214 1273 1274 1215
1197 3 2 1 1 1215 1274 1275 1216
1198 3 2 1 1 1216 1275 1276 1217
1199 3 2 1 1 1217 1276 1277 1218
1200 3 2 1 1 1218 1277 1278 1219
1201 3 2 1 1 1219 1278 1279 1220
1202 3 2 1 1 1220 1279 1280 1221
1203 3 2 1 1 1221 1280 1281 1222
1204 3 2 1 1 1222 1281 1282 1223
1205 3 2 1 1 1223 1282 1283 1224
1206 3 2 1 1 1224 1283 1284 1225
1207 3 2 1 1 1225 1284 1285 1226
1208 3 2 1 1 1226 1285 1286 1227
1209 3 2 1 1 1227 1286 1287 1228
1210 3 2 1 1 1228 1287 1288 1229
1211 3 2 1 1 1229 1288 1289 1230
1212 3 2 1 1 1230 1289 1290 1231
1213 3 2 1 1 1231 1290 1291 1232
1214 3 2 1 1 1232 1291 1292 1233
1215 3 2 1 1 1233 1292 1293 1234
1216 3 2 1 1 1234 1293 1294 1235
1217 3 2 1 1 1235 1294 1295 1236
1218 3 2 1 1 1236 1295 1296 1237
1219 3 2 1 1 1237 1296 1297 1238
1220 3 2 1 1 1238 1297 1298 1239
1221 3 2 1 1 1239 1298 1299 1240
1222 3 2 1 1 1240 1299 1300 1241
1223 3 2 1 1 1241 1300 1301 1242
1224 3 2 1 1 1242 1301 1302 1243
1225 3 2 1 1 1243 1302 1303 1244
1226 3 2 1 1 1244 1303 1304 1245
1227 3 2 1 1 1245 1304 1305 1246
1228 3 2 1 1 1246 1305 1306 1247
1229 3 2 1 1 1247 1306 1307 1248
1230 3 2 1 1 1248 1307 1308 1249
1231 3 2 1 1 1249 1308 1309 1250
1232 3 2 1 1 1250 1309 1310 1251
1233 3 2 1 1 1251 1310 1311 1252
1234 3 2 1 1 1252 1311 1312 1253
1235 3 2 1 1 1253 1312 1313 1254
1236 3 2 1 1 1254 1313 1314 1255
1237 3 2 1 1 1255 1314 1315 1256
1238 3 2 1 1 1256 1315 1316 1257
1239 3 2 1 1 1257 1316 1317 1258
1240 3 2 1 1 1258 1317 1318 1259
1241 3 2 1 1 1259 1318 1319 1260
1242 3 2 1 1 1260 1319 1320 1261
1243 3 2 1 1 1261 1320 1321 1262
1244 3 2 1 1 1262 1321 1322 1263
1245 3 2 1 1 1263 1322 1323 1264
1246 3 2 1 1 1264 1323 1324 1265
1247 3 2 1 1 1265 1324 1325 1266
1248 3 2 1 1 1266 1325 12 13
1249 3 2 1 1 104 3 105 1267
1250 3 2 1 1 1267 105 106 1268
1251 3 2 1 1 1268 106 107 1269
1252 3 2 1 1 1269 107 108 1270
1253 3 2 1 1 1270 108 109 1271
1254 3 2 1 1 1271 109 110 1272
1255 3 2 1 1 1272 110 111 1273
1256 3 2 1 1 1273 111 112 1274
1257 3 2 1 1 1274 112 113 1275
1258 3 2 1 1 1275 113 114 1276
1259 3 2 1 1 1276 114 115 1277
1260 3 2 1 1 1277 115 116 1278
1261 3 2 1 1 1278 116 117 1279
1262 3 2 1 1 1279 117 118 1280
1263 3 2 1 1 1280 118 119 1281
1264 3 2 1 1 1281 119 120 1282
1265 3 2 1 1 1282 120 121 1283
1266 3 2 1 1 1283 121 122 1284
1267 3 2 1 1 1284 122 123 1285
1268 3 2 1 1 1285 123 124 1286
1269 3 2 1 1 1286 124 125 1287
1270 3 2 1 1 1287 125 126 1288
1271 3 2 1 1 1288 126 127 1289
1272 3 2 1 1 1289 127 128 1290
1273 3 2 1 1 1290 128 129 1291
1274 3 2 1 1 1291 129 130 1292
1275 3 2 1 1 1292 130 131 1293
1276 3 2 1 1 1293 131 132 1294
1277 3 2 1 1 1294 132 133 1295
1278 3 2 1 1 1295 133 134 1296
1279 3 2 1 1 1296 134 135 1297
1280 3 2 1 1 1297 135 136 1298
1281 3 2 1 1 1298 136 137 1299
1282 3 2 1 1 1299 137 138 1300
1283 3 2 1 1 1300 138 139 1301
1284 3 2 1 1 1301 139 140 1302
1285 3 2 1 1 1302 140 141 1303
1286 3 2 1 1 1303 141 142 1304
1287 3 2 1 1 1304 142 143 1305
1288 3 2 1 1 1305 143 144 1306
1289 3 2 1 1 1306 144 145 1307
1290 3 2 1 1 1307 145 146 1308
1291 3 2 1 1 1308 146 147 1309
1292 3 2 1 1 1309 147 148 1310
1293 3 2 1 1 1310 148 149 1311
1294 3 2 1 1 1311 149 150 1312
1295 3 2 1 1 1312 150 151 1313
1296 3 2 1 1 1313 151 152 1314
1297 3 2 1 1 1314 152 153 1315
1298 3 2 1 1 1315 153 154 1316
1299 3 2 1 1 1316 154 155 1317
1300 3 2 1 1 1317 155 156 1318
1301 3 2 1 1 1318 156 157 1319
1302 3 2 1 1 1319 157 158 1320
1303 3 2 1 1 1320 158 159 1321
1304 3 2 1 1 1321 159 160 1322
1305 3 2 1 1 1322 160 161 1323
1306 3 2 1 1 1323 161 162 1324
1307 3 2 1 1 1324 162 163 1325
1308 3 2 1 1 1325 163 4 12
1309 3 2 1 2 4 198 1326 12
1310 3 2 1 2 198 199 1327 1326
1311 3 2 1 2 199 200 1328 1327
1312 3 2 1 2 200 201 1329 1328
1313 3 2 1 2 201 202 1330 1329
1314 3 2 1 2 202 203 1331 1330
1315 3 2 1 2 203 204 1332 1331
1316 3 2 1 2 204 205 1333 1332
1317 3 2 1 2 205 206 1334 1333
1318 3 2 1 2 206 207 1335 1334
1319 3 2 1 2 207 208 1336 1335
1320 3 2 1 2 208 209 1337 1336
1321 3 2 1 2 209 210 1338 1337
1322 3 2 1 2 210 211 1339 1338
1323 3 2 1 2 211 212 1340 1339
1324 3 2 1 2 212 213 1341 1340
1325 3 2 1 2 213 214 1342 1341
1326 3 2 1 2 214 6 181 1342
1327 3 2 1 2 12 1326 1343 13
1328 3 2 1 2 1326 1327 1344 1343
1329 3 2 1 2 1327 1328 1345 1344
1330 3 2 1 2 1328 1329 1346 1345
1331 3 2 1 2 1329 1330 1347 1346
1332 3 2 1 2 1330 1331 1348 1347
1333 3 2 1 2 1331 1332 1349 1348
1334 3 2 1 2 1332 1333 1350 1349
1335 3 2 1 2 1333 1334 1351 1350
1336 3 2 1 2 1334 1335 1352 1351
1337 3 2 1 2 1335 1336 1353 1352
1338 3 2 1 2 1336 1337 1354 1353
1339 3 2 1 2 1337 1338 1355 1354
1340 3 2 1 2 1338 1339 1356 1355
1341 3 2 1 2 1339 1340 1357 1356
1342 3 2 1 2 1340 1341 1358 1357
1343 3 2 1 2 1341 1342 1359 1358
1344 3 2 1 2 1342 181 182 1359
1345 3 2 1 2 13 1343 1360 14
1346 3 2 1 2 1343 1344 1361 1360
1347 3 2 1 2 1344 1345 1362 1361
1348 3 2 1 2 1345 1346 1363 1362
1349 3 2 1 2 1346 1347 1364 1363
1350 3 2 1 2 1347 1348 1365 1364
1351 3 2 1 2 1348 1349 1366 1365
1352 3 2 1 2 1349 1350 1367 1366
1353 3 2 1 2 1350 1351 1368 1367
1354 3 2 1 2 1351 1352 1369 1368
1355 3 2 1 2 1352 1353 1370 1369
1356 3 2 1 2 1353 1354 1371 1370
1357 3 2 1 2 1354 1355 1372 1371
1358 3 2 1 2 1355 1356 1373 1372
1359 3 2 1 2 1356 1357 1374 1373
1360 3 2 1 2 1357 1358 1375 1374
1361 3 2 1 2 1358 1359 1376 1375
1362 3 2 1 2 1359 182 183 1376
1363 3 2 1 2 14 1360 1377 15
1364 3 2 1 2 1360 1361 1378 1377
1365 3 2 1 2 1361 1362 1379 1378
1366 3 2 1 2 1362 1363 1380 1379
1367 3 2 1 2 1363 1364 1381 1380
1368 3 2 1 2 1364 1365 1382 1381
1369 3 2 1 2 1365 1366 1383 1382
1370 3 2 1 2 1366 1367 1384 1383
1371 3 2 1 2 1367 1368 1385 1384
1372 3 2 1 2 1368 1369 1386 1385
1373 3 2 1 2 1369 1370 1387 1386
1374 3 2 1 2 1370 1371 1388 1387
1375 3 2 1 2 1371 1372 1389 1388
1376 3 2 1 2 1372 1373 1390 1389
1377 3 2 1 2 1373 1374 1391 1390
1378 3 2 1 2 1374 1375 1392 1391
1379 3 2 1 2 1375 1376 1393 1392
1380 3 2 1 2 1376 183 184 1393
1381 3 2 1 2 15 1377 1394 16
1382 3 2 1 2 1377 1378 1395 1394
1383 3 2 1 2 1378 1379 1396 1395
1384 3 2 1 2 1379 1380 1397 1396
1385 3 2 1 2 1380 1381 1398 1397
1386 3 2 1 2 1381 1382 1399 1398
1387 3 2 1 2 1382 1383 1400 1399
1388 3 2 1 2 1383 1384 1401 1400
1389 3 2 1 2 1384 1385 1402 1401
1390 3 2 1 2 1385 1386 1403 1402
1391 3 2 1 2 1386 1387 1404 1403
1392 3 2 1 2 1387 1388 1405 1404
1393 3 2 1 2 1388 1389 1406 1405
1394 3 2 1 2 1389 1390 1407 1406
1395 3 2 1 2 1390 1391 1408 1407
1396 3 2 1 2 1391 1392 1409 1408
1397 3 2 1 2 1392 1393 1410 1409
1398 3 2 1 2 1393 184 185 1410
1399 3 2 1 2 16 1394 1411 17
1400 3 2 1 2 1394 1395 1412 1411
1401 3 2 1 2 1395 1396 1413 1412
1402 3 2 1 2 1396 1397 1414 1413
1403 3 2 1 2 1397 1398 1415 1414
1404 3 2 1 2 1398 1399 1416 1415
1405 3 2 1 2 1399 1400 1417 1416
1406 3 2 1 2 1400 1401 1418 1417
1407 3 2 1 2 1401 1402 1419 1418
1408 3 2 1 2 1402 1403 1420 1419
1409 3 2 1 2 1403 1404 1421 1420
1410 3 2 1 2 1404 1405 1422 1421
1411 3 2 1 2 1405 1406 1423 1422
1412 3 2 1 2 1406 1407 1424 1423
1413 3 2 1 2 1407 1408 1425 1424
1414 3 2 1 2 1408 1409 1426 1425
1415 3 2 1 2 1409 1410 1427 1426
1416 3 2 1 2 1410 185 186 1427
1417 3 2 1 2 17 1411 1428 18
1418 3 2 1 2 1411 1412 1429 1428
1419 3 2 1 2 1412 1413 1430 1429
1420 3 2 1 2 1413 1414 1431 1430
1421 3 2 1 2 1414 1415 1432 1431
1422 3 2 1 2 1415 1416 1433 1432
1423 3 2 1 2 1416 1417 1434 1433
1424 3 2 1 2 1417 1418 1435 1434
1425 3 2 1 2 1418 1419 1436 1435
1426 3 2 1 2 1419 1420 1437 1436
1427 3 2 1 2 1420 1421 1438 1437
1428 3 2 1 2 1421 1422 1439 1438
1429 3 2 1 2 1422 1423 1440 1439
1430 3 2 1 2 1423 1424 1441 1440
1431 3 2 1 2 1424 1425 1442 1441
1432 3 2 1 2 1425 1426 1443 1442
1433 3 2 1 2 1426 1427 1444 1443
1434 3 2 1 2 1427 186 187 1444
1435 3 2 1 2 18 1428 1445 19
1436 3 2 1 2 1428 1429 1446 1445
1437 3 2 1 2 1429 1430 1447 1446
1438 3 2 1 2 1430 1431 1448 1447
1439 3 2 1 2 1431 1432 1449 1448
1440 3 2 1 2 1432 1433 1450 1449
1441 3 2 1 2 1433 1434 1451 1450
1442 3 2 1 2 1434 1435 1452 1451
1443 3 2 1 2 1435 1436 1453 1452
1444 3 2 1 2 1436 1437 1454 1453
1445 3 2 1 2 1437 1438 1455 1454
1446 3 2 1 2 1438 1439 1456 1455
1447 3 2 1 2 1439 1440 1457 1456
1448 3 2 1 2 1440 1441 1458 1457
1449 3 2 1 2 1441 1442 1459 1458
1450 3 2 1 2 1442 1443 1460 1459
1451 3 2 1 2 1443 1444 1461 1460
1452 3 2 1 2 1444 187 188 1461
1453 3 2 1 2 19 1445 1462 20
1454 3 2 1 2 1445 1446 1463 1462
1455 3 2 1 2 1446 1447 1464 1463
1456 3 2 1 2 1447 1448 1465 1464
1457 3 2 1 2 1448 1449 1466 1465
1458 3 2 1 2 1449 1450 1467 1466
1459 3 2 1 2 1450 1451 1468 1467
1460 3 2 1 2 1451 1452 1469 1468
1461 3 2 1 2 1452 1453 1470 1469
1462 3 2 1 2 1453 1454 1471 1470
1463 3 2 1 2 1454 1455 1472 1471
1464 3 2 1 2 1455 1456 1473 1472
1465 3 2 1 2 1456 1457 1474 1473
1466 3 2 1 2 1457 1458 1475 1474
1467 3 2 1 2 1458 1459 1476 1475
1468 3 2 1 2 1459 1460 1477 1476
1469 3 2 1 2 1460 1461 1478 1477
1470 3 2 1 2 1461 188 189 1478
1471 3 2 1 2 20 1462 1479 21
1472 3 2 1 2 1462 1463 1480 1479
1473 3 2 1 2 1463 1464 1481 1480
1474 3 2 1 2 1464 1465 1482 1481
1475 3 2 1 2 1465 1466 1483 1482
1476 3 2 1 2 1466 1467 1484 1483
1477 3 2 1 2 1467 1468 1485 1484
1478 3 2 1 2 1468 1469 1486 1485
1479 3 2 1 2 1469 1470 1487 1486
1480 3 2 1 2 1470 1471 1488 1487
1481 3 2 1 2 1471 1472 1489 1488
1482 3 2 1 2 1472 1473 1490 1489
1483 3 2 1 2 1473 1474 1491 1490
1484 3 2 1 2 1474 1475 1492 1491
1485 3 2 1 2 1475 1476 1493 1492
1486 3 2 1 2 1476 1477 1494 1493
1487 3 2 1 2 1477 1478 1495 1494
1488 3 2 1 2 1478 189 190 1495
1489 3 2 1 2 21 1479 1496 22
1490 3 2 1 2 1479 1480 1497 1496
1491 3 2 1 2 1480 1481 1498 1497
1492 3 2 1 2 1481 1482 1499 1498
1493 3 2 1 2 1482 1483 1500 1499
1494 3 2 1 2 1483 1484 1501 1500
1495 3 2 1 2 1484 1485 1502 1501
1496 3 2 1 2 1485 1486 1503 1502
1497 3 2 1 2 1486 1487 1504 1503
1498 3 2 1 2 1487 1488 1505 1504
1499 3 2 1 2 1488 1489 1506 1505
1500 3 2 1 2 1489 1490 1507 1506
1501 3 2 1 2 1490 1491 1508 1507
1502 3 2 1 2 1491 1492 1509 1508
1503 3 2 1 2 1492 1493 1510 1509
1504 3 2 1 2 1493 1494 1511 1510
1505 3 2 1 2 1494 1495 1512 1511
1506 3 2 1 2 1495 190 191 1512
1507 3 2 1 2 22 1496 1513 23
1508 3 2 1 2 1496 1497 1514 1513
1509 3 2 1 2 1497 1498 1515 1514
1510 3 2 1 2 1498 1499 1516 1515
1511 3 2 1 2 1499 1500 1517 1516
1512 3 2 1 2 1500 1501 1518 1517
1513 3 2 1 2 1501 1502 1519 1518
1514 3 2 1 2 1502 1503 1520 1519
1515 3 2 1 2 1503 1504 1521 1520
1516 3 2 1 2 1504 1505 1522 1521
1517 3 2 1 2 1505 1506 1523 1522
1518 3 2 1 2 1506 1507 1524 1523
1519 3 2 1 2 1507 1508 1525 1524
1520 3 2 1 2 1508 1509 1526 1525
1521 3 2 1 2 1509 1510 1527 1526
1522 3 2 1 2 1510 1511 1528 1527
1523 3 2 1 2 1511 1512 1529 1528
1524 3 2 1 2 1512 191 192 1529
1525 3 2 1 2 23 1513 1530 24
1526 3 2 1 2 1513 1514 1531 1530
1527 3 2 1 2 1514 1515 1532 1531
1528 3 2 1 2 1515 1516 1533 1532
1529 3 2 1 2 1516 1517 1534 1533
1530 3 2 1 2 1517 1518 1535 1534
1531 3 2 1 2 1518 1519 1536 1535
1532 3 2 1 2 1519 1520 1537 1536
1533 3 2 1 2 1520 1521 1538 1537
1534 3 2 1 2 1521 1522 1539 1538
1535 3 2 1 2 1522 1523 1540 1539
1536 3 2 1 2 1523 1524 1541 1540
1537 3 2 1 2 1524 1525 1542 1541
1538 3 2 1 2 1525 1526 1543 1542
1539 3 2 1 2 1526 1527 1544 1543
1540 3 2 1 2 1527 1528 1545 1544
1541 3 2 1 2 1528 1529 1546 1545
1542 3 2 1 2 1529 192 193 1546
1543 3 2 1 2 24 1530 1547 25
1544 3 2 1 2 1530 1531 1548 1547
1545 3 2 1 2 1531 1532 1549 1548
1546 3 2 1 2 1532 1533 1550 1549
1547 3 2 1 2 1533 1534 1551 1550
1548 3 2 1 2 1534 1535 1552 1551
1549 3 2 1 2 1535 1536 1553 1552
1550 3 2 1 2 1536 1537 1554 1553
1551 3 2 1 2 1537 1538 1555 1554
1552 3 2 1 2 1538 1539 1556 1555
1553 3 2 1 2 1539 1540 1557 1556
1554 3 2 1 2 1540 1541 1558 1557
1555 3 2 1 2 1541 1542 1559 1558
1556 3 2 1 2 1542 1543 1560 1559
1557 3 2 1 2 1543 1544 1561 1560
1558 3 2 1 2 1544 1545 1562 1561
1559 3 2 1 2 1545 1546 1563 1562
1560 3 2 1 2 1546 193 194 1563
1561 3 2 1 2 25 1547 1564 26
1562 3 2 1 2 1547 1548 1565 1564
1563 3 2 1 2 1548 1549 1566 1565
1564 3 2 1 2 1549 1550 1567 1566
1565 3 2 1 2 1550 1551 1568 1567
1566 3 2 1 2 1551 1552 1569 1568
1567 3 2 1 2 1552 1553 1570 1569
1568 3 2 1 2 1553 1554 1571 1570
1569 3 2 1 2 1554 1555 1572 1571
1570 3 2 1 2 1555 1556 1573 1572
1571 3 2 1 2 1556 1557 1574 1573
1572 3 2 1 2 1557 1558 1575 1574
1573 3 2 1 2 1558 1559 1576 1575
1574 3 2 1 2 1559 1560 1577 1576
1575 3 2 1 2 1560 1561 1578 1577
1576 3 2 1 2 1561 1562 1579 1578
1577 3 2 1 2 1562 1563 1580 1579
1578 3 2 1 2 1563 194 195 1580
1579 3 2 1 2 26 1564 1581 27
1580 3 2 1 2 1564 1565 1582 1581
1581 3 2 1 2 1565 1566 1583 1582
1582 3 2 1 2 1566 1567 1584 1583
1583 3 2 1 2 1567 1568 1585 1584
1584 3 2 1 2 1568 1569 1586 1585
1585 3 2 1 2 1569 1570 1587 1586
1586 3 2 1 2 1570 1571 1588 1587
1587 3 2 1 2 1571 1572 1589 1588
1588 3 2 1 2 1572 1573 1590 1589
1589 3 2 1 2 1573 1574 1591 1590
1590 3 2 1 2 1574 1575 1592 1591
1591 3 2 1 2 1575 1576 1593 1592
1592 3 2 1 2 1576 1577 1594 1593
1593 3 2 1 2 1577 1578 1595 1594
1594 3 2 1 2 1578 1579 1596 1595
1595 3 2 1 2 1579 1580 1597 1596
1596 3 2 1 2 1580 195 196 1597
1597 3 2 1 2 27 1581 1598 28
1598 3 2 1 2 1581 1582 1599 1598
1599 3 2 1 2 1582 1583 1600 1599
1600 3 2 1 2 1583 1584 1601 1600
1601 3 2 1 2 1584 1585 1602 1601
1602 3 2 1 2 1585 1586 1603 1602
1603 3 2 1 2 1586 1587 1604 1603
1604 3 2 1 2 1587 1588 1605 1604
1605 3 2 1 2 1588 1589 1606 1605
1606 3 2 1 2 1589 1590 1607 1606
1607 3 2 1 2 1590 1591 1608 1607
1608 3 2 1 2 1591 1592 1609 1608
1609 3 2 1 2 1592 1593 1610 1609
1610 3 2 1 2 1593 1594 1611 1610
1611 3 2 1 2 1594 1595 1612 1611
1612 3 2 1 2 1595 1596 1613 1612
1613 3 2 1 2 1596 1597 1614 1613
1614 3 2 1 2 1597 196 197 1614
1615 3 2 1 2 28 1598 164 1
1616 3 2 1 2 1598 1599 165 164
1617 3 2 1 2 1599 1600 166 165
1618 3 2 1 2 1600 1601 167 166
1619 3 2 1 2 1601 1602 168 167
1620 3 2 1 2 1602 1603 169 168
1621 3 2 1 2 1603 1604 170 169
1622 3 2 1 2 1604 1605 171 170
1623 3 2 1 2 1605 1606 172 171
1624 3 2 1 2 1606 1607 173 172
1625 3 2 1 2 1607 1608 174 173
1626 3 2 1 2 1608 1609 175 174
1627 3 2 1 2 1609 1610 176 175
1628 3 2 1 2 1610 1611 177 176
1629 3 2 1 2 1611 1612 178 177
1630 3 2 1 2 1612 1613 179 178
1631 3 2 1 2 1613 1614 180 179
1632 3 2 1 2 1614 197 5 180
1633 3 2 1 3 7 215 1615 290
1634 3 2 1 3 290 1615 1616 289
1635 3 2 1 3 289 1616 1617 288
1636 3 2 1 3 288 1617 1618 287
1637 3 2 1 3 287 1618 1619 286
1638 3 2 1 3 286 1619 1620 285
1639 3 2 1 3 285 1620 1621 284
1640 3 2 1 3 284 1621 1622 283
1641 3 2 1 3 283 1622 1623 282
1642 3 2 1 3 282 1623 1624 281
1643 3 2 1 3 281 1624 1625 280
1644 3 2 1 3 280 1625 1626 279
1645 3 2 1 3 279 1626 1627 278
1646 3 2 1 3 278 1627 1628 277
1647 3 2 1 3 277 1628 1629 276
1648 3 2 1 3 276 1629 1630 275
1649 3 2 1 3 275 1630 1631 274
1650 3 2 1 3 274 1631 1632 273
1651 3 2 1 3 273 1632 1633 272
1652 3 2 1 3 272 1633 1634 271
1653 3 2 1 3 271 1634 1635 270
1654 3 2 1 3 270 1635 1636 269
1655 3 2 1 3 269 1636 1637 268
1656 3 2 1 3 268 1637 1638 267
1657 3 2 1 3 267 1638 1639 266
1658 3 2 1 3 266 1639 1640 265
1659 3 2 1 3 265 1640 1641 264
1660 3 2 1 3 264 1641 1642 263
1661 3 2 1 3 263 1642 1643 262
1662 3 2 1 3 262 1643 1644 261
1663 3 2 1 3 261 1644 1645 260
1664 3 2 1 3 260 1645 1646 259
1665 3 2 1 3 259 1646 1647 258
1666 3 2 1 3 258 1647 1648 257
1667 3 2 1 3 257 1648 1649 256
1668 3 2 1 3 256 1649 1650 255
1669 3 2 1 3 255 1650 1651 254
1670 3 2 1 3 254 1651 1652 253
1671 3 2 1 3 253 1652 1653 252
1672 3 2 1 3 252 1653 1654 251
1673 3 2 1 3 251 1654 1655 250
1674 3 2 1 3 250 1655 1656 249
1675 3 2 1 3 249 1656 1657 248
1676 3 2 1 3 248 1657 1658 247
1677 3 2 1 3 247 1658 1659 246
1678 3 2 1 3 246 1659 1660 245
1679 3 2 1 3 245 1660 1661 244
1680 3 2 1 3 244 1661 1662 243
1681 3 2 1 3 243 1662 1663 242
1682 3 2 1 3 242 1663 1664 241
1683 3 2 1 3 241 1664 1665 240
1684 3 2 1 3 240 1665 1666 239
1685 3 2 1 3 239 1666 1667 238
1686 3 2 1 3 238 1667 1668 237
1687 3 2 1 3 237 1668 1669 236
1688 3 2 1 3 236 1669 1670 235
1689 3 2 1 3 235 1670 1671 234
1690 3 2 1 3 234 1671 1672 233
1691 3 2 1 3 233 1672 1673 232
1692 3 2 1 3 232 1673 180 5
1693 3 2 1 3 215 216 1674 1615
1694 3 2 1 3 1615 1674 1675 1616
1695 3 2 1 3 1616 1675 1676 1617
1696 3 2 1 3 1617 1676 1677 1618
1697 3 2 1 3 1618 1677 1678 1619
1698 3 2 1 3 1619 1678 1679 1620
1699 3 2 1 3 1620 1679 1680 1621
1700 3 2 1 3 1621 1680 1681 1622
1701 3 2 1 3 1622 1681 1682 1623
1702 3 2 1 3 1623 1682 1683 1624
1703 3 2 1 3 1624 1683 1684 1625
1704 3 2 1 3 1625 1684 1685 1626
1705 3 2 1 3 1626 1685 1686 1627
1706 3 2 1 3 1627 1686 1687 1628
1707 3 2 1 3 1628 1687 1688 1629
1708 3 2 1 3 1629 1688 1689 1630
1709 3 2 1 3 1630 1689 1690 1631
1710 3 2 1 3 1631 1690 1691 1632
1711 3 2 1 3 1632 1691 1692 1633
1712 3 2 1 3 1633 1692 1693 1634
1713 3 2 1 3 1634 1693 1694 1635
1714 3 2 1 3 1635 1694 1695 1636
1715 3 2 1 3 1636 1695 1696 1637
1716 3 2 1 3 1637 1696 1697 1638
1717 3 2 1 3 1638 1697 1698 1639
1718 3 2 1 3 1639 1698 1699 1640
1719 3 2 1 3 1640 1699 1700 1641
1720 3 2 1 3 1641 1700 1701 1642
1721 3 2 1 3 1642 1701 1702 1643
1722 3 2 1 3 1643 1702 1703 1644
1723 3 2 1 3 1644 1703 1704 1645
1724 3 2 1 3 1645 1704 1705 1646
1725 3 2 1 3 1646 1705 1706 1647
1726 3 2 1 3 1647 1706 1707 1648
1727 3 2 1 3 1648 1707 1708 1649
1728 3 2 1 3 1649 1708 1709 1650
1729 3 2 1 3 1650 1709 1710 1651
1730 3 2 1 3 1651 1710 1711 1652
1731 3 2 1 3 1652 1711 1712 1653
1732 3 2 1 3 1653 1712 1713 1654
1733 3 2 1 3 1654 1713 1714 1655
1734 3 2 1 3 1655 1714 1715 1656
1735 3 2 1 3 1656 1715 1716 1657
1736 3 2 1 3 1657 1716 1717 1658
1737 3 2 1 3 1658 1717 1718 1659
1738 3 2 1 3 1659 1718 1719 1660
1739 3 2 1 3 1660 1719 1720 1661
1740 3 2 1 3 1661 1720 1721 1662
1741 3 2 1 3 1662 1721 1722 1663
1742 3 2 1 3 1663 1722 1723 1664
1743 3 2 1 3 1664 1723 1724 1665
1744 3 2 1 3 1665 1724 1725 1666
1745 3 2 1 3 1666 1725 1726 1667
1746 3 2 1 3 1667 1726 1727 1668
1747 3 2 1 3 1668 1727 1728 1669
1748 3 2 1 3 1669 1728 1729 1670
1749 3 2 1 3 1670 1729 1730 1671
1750 3 2 1 3 1671 1730 1731 1672
1751 3 2 1 3 1672 1731 1732 1673
1752 3 2 1 3 1673 1732 179 180
1753 3 2 1 3 216 217 1733 1674
1754 3 2 1 3 1674 1733 1734 1675
1755 3 2 1 3 1675 1734 1735 1676
1756 3 2 1 3 1676 1735 1736 1677
1757 3 2 1 3 1677 1736 1737 1678
1758 3 2 1 3 1678 1737 1738 1679
1759 3 2 1 3 1679 1738 1739 1680
1760 3 2 1 3 1680 1739 1740 1681
1761 3 2 1 3 1681 1740 1741 1682
1762 3 2 1 3 1682 1741 1742 1683
1763 3 2 1 3 1683 1742 1743 1684
1764 3 2 1 3 1684 1743 1744 1685
1765 3 2 1 3 1685 1744 1745 1686
1766 3 2 1 3 1686 1745 1746 1687
1767 3 2 1 3 1687 1746 1747 1688
1768 3 2 1 3 1688 1747 1748 1689
1769 3 2 1 3 1689 1748 1749 1690
1770 3 2 1 3 1690 1749 1750 1691
1771 3 2 1 3 1691 1750 1751 1692
1772 3 2 1 3 1692 1751 1752 1693
1773 3 2 1 3 1693 1752 1753 1694
1774 3 2 1 3 1694 1753 1754 1695
1775 3 2 1 3 1695 1754 1755 1696
1776 3 2 1 3 1696 1755 1756 1697
1777 3 2 1 3 1697 1756 1757 1698
1778 3 2 1 3 1698 1757 1758 1699
1779 3 2 1 3 1699 1758 1759 1700
1780 3 2 1 3 1700 1759 1760 1701
1781 3 2 1 3 1701 1760 1761 1702
1782 3 2 1 3 1702 1761 1762 1703
1783 3 2 1 3 1703 1762 1763 1704
1784 3 2 1 3 1704 1763 1764 1705
1785 3 2 1 3 1705 1764 1765 1706
1786 3 2 1 3 1706 1765 1766 1707
1787 3 2 1 3 1707 1766 1767 1708
1788 3 2 1 3 1708 1767 1768 1709
1789 3 2 1 3 1709 1768 1769 1710
1790 3 2 1 3 1710 1769 1770 1711
1791 3 2 1 3 1711 1770 1771 1712
1792 3 2 1 3 1712 1771 1772 1713
1793 3 2 1 3 1713 1772 1773 1714
1794 3 2 1 3 1714 1773 1774 1715
1795 3 2 1 3 1715 1774 1775 1716
1796 3 2 1 3 1716 1775 1776 1717
1797 3 2 1 3 1717 1776 1777 1718
1798 3 2 1 3 1718 1777 1778 1719
1799 3 2 1 3 1719 1778 1779 1720
1800 3 2 1 3 1720 1779 1780 1721
1801 3 2 1 3 1721 1780 1781 1722
1802 3 2 1 3 1722 1781 1782 1723
1803 3 2 1 3 1723 1782 1783 1724
1804 3 2 1 3 1724 1783 1784 1725
1805 3 2 1 3 1725 1784 1785 1726
1806 3 2 1 3 1726 1785 1786 1727
1807 3 2 1 3 1727 1786 1787 1728
1808 3 2 1 3 1728 1787 1788 1729
1809 3 2 1 3 1729 1788 1789 1730
1810 3 2 1 3 1730 1789 1790 1731
1811 3 2 1 3 1731 1790 1791 1732
1812 3 2 1 3 1732 1791 178 179
1813 3 2 1 3 217 218 1792 1733
1814 3 2 1 3 1733 1792 1793 1734
1815 3 2 1 3 1734 1793 1794 1735
1816 3 2 1 3 1735 1794 1795 1736
1817 3 2 1 3 1736 1795 1796 1737
1818 3 2 1 3 1737 1796 1797 1738
1819 3 2 1 3 1738 1797 1798 1739
1820 3 2 1 3 1739 1798 1799 1740
1821 3 2 1 3 1740 1799 1800 1741
1822 3 2 1 3 1741 1800 1801 1742
1823 3 2 1 3 1742 1801 1802 1743
1824 3 2 1 3 1743 1802 1803 1744
1825 3 2 1 3 1744 1803 1804 1745
1826 3 2 1 3 1745 1804 1805 1746
1827 3 2 1 3 1746 1805 1806 1747
1828 3 2 1 3 1747 1806 1807 1748
1829 3 2 1 3 1748 1807 1808 1749
1830 3 2 1 3 1749 1808 1809 1750
1831 3 2 1 3 1750 1809 1810 1751
1832 3 2 1 3 1751 1810 1811 1752
1833 3 2 1 3 1752 1811 1812 1753
1834 3 2 1 3 1753 1812 1813 1754
1835 3 2 1 3 1754 1813 1814 1755
1836 3 2 1 3 1755 1814 1815 1756
1837 3 2 1 3 1756 1815 1816 1757
1838 3 2 1 3 1757 1816 1817 1758
1839 3 2 1 3 1758 1817 1818 1759
1840 3 2 1 3 1759 1818 1819 1760
1841 3 2 1 3 1760 1819 1820 1761
1842 3 2 1 3 1761 1820 1821 1762
1843 3 2 1 3 1762 1821 1822 1763
1844 3 2 1 3 1763 1822 1823 1764
1845 3 2 1 3 1764 1823 1824 1765
1846 3 2 1 3 1765 1824 1825 1766
1847 3 2 1 3 1766 1825 1826 1767
1848 3 2 1 3 1767 1826 1827 1768
1849 3 2 1 3 1768 1827 1828 1769
1850 3 2 1 3 1769 1828 1829 1770
1851 3 2 1 3 1770 1829 1830 1771
1852 3 2 1 3 1771 1830 1831 1772
1853 3 2 1 3 1772 1831 1832 1773
1854 3 2 1 3 1773 1832 1833 1774
1855 3 2 1 3 1774 1833 1834 1775
1856 3 2 1 3 1775 1834 1835 1776
1857 3 2 1 3 1776 1835 1836 1777
1858 3 2 1 3 1777 1836 1837 1778
1859 3 2 1 3 1778 1837 1838 1779
1860 3 2 1 3 1779 1838 1839 1780
1861 3 2 1 3 1780 1839 1840 1781
1862 3 2 1 3 1781 1840 1841 1782
1863 3 2 1 3 1782 1841 1842 1783
1864 3 2 1 3 1783 1842 1843 1784
1865 3 2 1 3 1784 1843 1844 1785
1866 3 2 1 3 1785 1844 1845 1786
1867 3 2 1 3 1786 1845 1846 1787
1868 3 2 1 3 1787 1846 1847 1788
1869 3 2 1 3 1788 1847 1848 1789
1870 3 2 1 3 1789 1848 1849 1790
1871 3 2 1 3 1790 1849 1850 1791
1872 3 2 1 3 1791 1850 177 178
1873 3 2 1 3 218 219 1851 1792
1874 3 2 1 3 1792 1851 1852 1793
1875 3 2 1 3 1793 1852 1853 1794
1876 3 2 1 3 1794 1853 1854 1795
1877 3 2 1 3 1795 1854 1855 1796
1878 3 2 1 3 1796 1855 1856 1797
1879 3 2 1 3 1797 1856 1857 1798
1880 3 2 1 3 1798 1857 1858 1799
1881 3 2 1 3 1799 1858 1859 1800
1882 3 2 1 3 1800 1859 1860 1801
1883 3 2 1 3 1801 1860 1861 1802
1884 3 2 1 3 1802 1861 1862 1803
1885 3 2 1 3 1803 1862 1863 1804
1886 3 2 1 3 1804 1863 1864 1805
1887 3 2 1 3 1805 1864 1865 1806
1888 3 2 1 3 1806 1865 1866 1807
1889 3 2 1 3 1807 1866 1867 1808
1890 3 2 1 3 1808 1867 1868 1809
1891 3 2 1 3 1809 1868 1869 1810
1892 3 2 1 3 1810 1869 1870 1811
1893 3 2 1 3 1811 1870 1871 1812
1894 3 2 1 3 1812 1871 1872 1813
1895 3 2 1 3 1813 1872 1873 1814
1896 3 2 1 3 1814 1873 1874 1815
1897 3 2 1 3 1815 1874 1875 1816
1898 3 2 1 3 1816 1875 1876 1817
1899 3 2 1 3 1817 1876 1877 1818
1900 3 2 1 3 1818 1877 1878 1819
1901 3 2 1 3 1819 1878 1879 1820
1902 3 2 1 3 1820 1879 1880 1821
1903 3 2 1 3 1821 1880 1881 1822
1904 3 2 1 3 1822 1881 1882 1823
1905 3 2 1 3 1823 1882 1883 1824
1906 3 2 1 3 1824 1883 1884 1825
1907 3 2 1 3 1825 1884 1885 1826
1908 3 2 1 3 1826 1885 1886 1827
1909 3 2 1 3 1827 1886 1887 1828
1910 3 2 1 3 1828 1887 1888 1829
1911 3 2 1 3 1829 1888 1889 1830
1912 3 2 1 3 1830 1889 1890 1831
1913 3 2 1 3 1831 1890 1891 1832
1914 3 2 1 3 1832 1891 1892 1833
1915 3 2 1 3 1833 1892 1893 1834
1916 3 2 1 3 1834 1893 1894 1835
1917 3 2 1 3 1835 1894 1895 1836
1918 3 2 1 3 1836 1895 1896 1837
1919 3 2 1 3 1837 1896 1897 1838
1920 3 2 1 3 1838 1897 1898 1839
1921 3 2 1 3 1839 1898 1899 1840
1922 3 2 1 3 1840 1899 1900 1841
1923 3 2 1 3 1841 1900 1901 1842
1924 3 2 1 3 1842 1901 1902 1843
1925 3 2 1 3 1843 1902 1903 1844
1926 3 2 1 3 1844 1903 1904 1845
1927 3 2 1 3 1845 1904 1905 1846
1928 3 2 1 3 1846 1905 1906 1847
1929 3 2 1 3 1847 1906 1907 1848
1930 3 2 1 3 1848 1907 1908 1849
1931 3 2 1 3 1849 1908 1909 1850
1932 3 2 1 3 1850 1909 176 177
1933 3 2 1 3 219 220 1910 1851
1934 3 2 1 3 1851 1910 1911 1852
1935 3 2 1 3 1852 1911 1912 1853
1936 3 2 1 3 1853 1912 1913 1854
1937 3 2 1 3 1854 1913 1914 1855
1938 3 2 1 3 1855 1914 1915 1856
1939 3 2 1 3 1856 1915 1916 1857
1940 3 2 1 3 1857 1916 1917 1858
1941 3 2 1 3 1858 1917 1918 1859
1942 3 2 1 3 1859 1918 1919 1860
1943 3 2 1 3 1860 1919 1920 1861
1944 3 2 1 3 1861 1920 1921 1862
1945 3 2 1 3 1862 1921 1922 1863
1946 3 2 1 3 1863 1922 1923 1864
1947 3 2 1 3 1864 1923 1924 1865
1948 3 2 1 3 1865 1924 1925 1866
1949 3 2 1 3 1866 1925 1926 1867
1950 3 2 1 3 1867 1926 1927 1868
1951 3 2 1 3 1868 1927 1928 1869
1952 3 2 1 3 1869 1928 1929 1870
1953 3 2 1 3 1870 1929 1930 1871
1954 3 2 1 3 1871 1930 1931 1872
1955 3 2 1 3 1872 1931 1932 1873
1956 3 2 1 3 1873 1932 1933 1874
1957 3 2 1 3 1874 1933 1934 1875
1958 3 2 1 3 1875 1934 1935 1876
1959 3 2 1 3 1876 1935 1936 1877
1960 3 2 1 3 1877 1936 1937 1878
1961 3 2 1 3 1878 1937 1938 1879
1962 3 2 1 3 1879 1938 1939 1880
1963 3 2 1 3 1880 1939 1940 1881
1964 3 2 1 3 1881 1940 1941 1882
1965 3 2 1 3 1882 1941 1942 1883
1966 3 2 1 3 1883 1942 1943 1884
1967 3 2 1 3 1884 1943 1944 1885
1968 3 2 1 3 1885 1944 1945 1886
1969 3 2 1 3 1886 1945 1946 1887
1970 3 2 1 3 1887 1946 1947 1888
1971 3 2 1 3 1888 1947 1948 1889
1972 3 2 1 3 1889 1948 1949 1890
1973 3 2 1 3 1890 1949 1950 1891
1974 3 2 1 3 1891 1950 1951 1892
1975 3 2 1 3 1892 1951 1952 1893
1976 3 2 1 3 1893 1952 1953 1894
1977 3 2 1 3 1894 1953 1954 1895
1978 3 2 1 3 1895 1954 1955 1896
1979 3 2 1 3 1896 1955 1956 1897
1980 3 2 1 3 1897 1956 1957 1898
1981 3 2 1 3 1898 1957 1958 1899
1982 3 2 1 3 1899 1958 1959 1900
1983 3 2 1 3 1900 1959 1960 1901
1984 3 2 1 3 1901 1960 1961 1902
1985 3 2 1 3 1902 1961 1962 1903
1986 3 2 1 3 1903 1962 1963 1904
1987 3 2 1 3 1904 1963 1964 1905
1988 3 2 1 3 1905 1964 1965 1906
1989 3 2 1 3 1906 1965 1966 1907
1990 3 2 1 3 1907 1966 1967 1908
1991 3 2 1 3 1908 1967 1968 1909
1992 3 2 1 3 1909 1968 175 176
1993 3 2 1 3 220 221 1969 1910
1994 3 2 1 3 1910 1969 1970 1911
1995 3 2 1 3 1911 1970 1971 1912
1996 3 2 1 3 1912 1971 1972 1913
1997 3 2 1 3 1913 1972 1973 1914
1998 3 2 1 3 1914 1973 1974 1915
1999 3 2 1 3 1915 1974 1975 1916
2000 3 2 1 3 1916 1975 1976 1917
2001 3 2 1 3 1917 1976 1977 1918
2002 3 2 1 3 1918 1977 1978 1919
2003 3 2 1 3 1919 1978 1979 1920
2004 3 2 1 3 1920 1979 1980 1921
2005 3 2 1 3 1921 1980 1981 1922
2006 3 2 1 3 1922 1981 1982 1923
2007 3 2 1 3 1923 1982 1983 1924
2008 3 2 1 3 1924 1983 1984 1925
2009 3 2 1 3 1925 1984 1985 1926
2010 3 2 1 3 1926 1985 1986 1927
2011 3 2 1 3 1927 1986 1987 1928
2012 3 2 1 3 1928 1987 1988 1929
2013 3 2 1 3 1929 1988 1989 1930
2014 3 2 1 3 1930 1989 1990 1931
2015 3 2 1 3 1931 1990 1991 1932
2016 3 2 1 3 1932 1991 1992 1933
2017 3 2 1 3 1933 1992 1993 1934
2018 3 2 1 3 1934 1993 1994 1935
2019 3 2 1 3 1935 1994 1995 1936
2020 3 2 1 3 1936 1995 1996 1937
2021 3 2 1 3 1937 1996 1997 1938
2022 3 2 1 3 1938 1997 1998 1939
2023 3 2 1 3 1939 1998 1999 1940
2024 3 2 1 3 1940 1999 2000 1941
2025 3 2 1 3 1941 2000 2001 1942
2026 3 2 1 3 1942 2001 2002 1943
2027 3 2 1 3 1943 2002 2003 1944
2028 3 2 1 3 1944 2003 2004 1945
2029 3 2 1 3 1945 2004 2005 1946
2030 3 2 1 3 1946 2005 2006 1947
2031 3 2 1 3 1947 2006 2007 1948
2032 3 2 1 3 1948 2007 2008 1949
2033 3 2 1 3 1949 2008 2009 1950
2034 3 2 1 3 1950 2009 2010 1951
2035 3 2 1 3 1951 2010 2011 1952
2036 3 2 1 3 1952 2011 2012 1953
2037 3 2 1 3 1953 2012 2013 1954
2038 3 2 1 3 1954 2013 2014 1955
2039 3 2 1 3 1955 2014 2015 1956
2040 3 2 1 3 1956 2015 2016 1957
2041 3 2 1 3 1957 2016 2017 1958
2042 3 2 1 3 1958 2017 2018 1959
2043 3 2 1 3 1959 2018 2019 1960
2044 3 2 1 3 1960 2019 2020 1961
2045 3 2 1 3 1961 2020 2021 1962
2046 3 2 1 3 1962 2021 2022 1963
2047 3 2 1 3 1963 2022 2023 1964
2048 3 2 1 3 1964 2023 2024 1965
2049 3 2 1 3 1965 2024 2025 1966
2050 3 2 1 3 1966 2025 2026 1967
2051 3 2 1 3 1967 2026 2027 1968
2052 3 2 1 3 1968 2027 174 175
2053 3 2 1 3 221 222 2028 1969
2054 3 2 1 3 1969 2028 2029 1970
2055 3 2 1 3 1970 2029 2030 1971
2056 3 2 1 3 1971 2030 2031 1972
2057 3 2 1 3 1972 2031 2032 1973
2058 3 2 1 3 1973 2032 2033 1974
2059 3 2 1 3 1974 2033 2034 1975
2060 3 2 1 3 1975 2034 2035 1976
2061 3 2 1 3 1976 2035 2036 1977
2062 3 2 1 3 1977 2036 2037 1978
2063 3 2 1 3 1978 2037 2038 1979
2064 3 2 1 3 1979 2038 2039 1980
2065 3 2 1 3 1980 2039 2040 1981
2066 3 2 1 3 1981 2040 2041 1982
2067 3 2 1 3 1982 2041 2042 1983
2068 3 2 1 3 1983 2042 2043 1984
2069 3 2 1 3 1984 2043 2044 1985
2070 3 2 1 3 1985 2044 2045 1986
2071 3 2 1 3 1986 2045 2046 1987
2072 3 2 1 3 1987 2046 2047 1988
2073 3 2 1 3 1988 2047 2048 1989
2074 3 2 1 3 1989 2048 2049 1990
2075 3 2 1 3 1990 2049 2050 1991
2076 3 2 1 3 1991 2050 2051 1992
2077 3 2 1 3 1992 2051 2052 1993
2078 3 2 1 3 1993 2052 2053 1994
2079 3 2 1 3 1994 2053 2054 1995
2080 3 2 1 3 1995 2054 2055 1996
2081 3 2 1 3 1996 2055 2056 1997
2082 3 2 1 3 1997 2056 2057 1998
2083 3 2 1 3 1998 2057 2058 1999
2084 3 2 1 3 1999 2058 2059 2000
2085 3 2 1 3 2000 2059 2060 2001
2086 3 2 1 3 2001 2060 2061 2002
2087 3 2 1 3 2002 2061 2062 2003
2088 3 2 1 3 2003 2062 2063 2004
2089 3 2 1 3 2004 2063 2064 2005
2090 3 2 1 3 2005 2064 2065 2006
2091 3 2 1 3 2006 2065 2066 2007
2092 3 2 1 3 2007 2066 2067 2008
2093 3 2 1 3 2008 2067 2068 2009
2094 3 2 1 3 2009 2068 2069 2010
2095 3 2 1 3 2010 2069 2070 2011
2096 3 2 1 3 2011 2070 2071 2012
2097 3 2 1 3 2012 2071 2072 2013
2098 3 2 1 3 2013 2072 2073 2014
2099 3 2 1 3 2014 2073 2074 2015
2100 3 2 1 3 2015 2074 2075 2016
2101 3 2 1 3 2016 2075 2076 2017
2102 3 2 1 3 2017 2076 2077 2018
2103 3 2 1 3 2018 2077 2078 2019
2104 3 2 1 3 2019 2078 2079 2020
2105 3 2 1 3 2020 2079 2080 2021
2106 3 2 1 3 2021 2080 2081 2022
2107 3 2 1 3 2022 2081 2082 2023
2108 3 2 1 3 2023 2082 2083 2024
2109 3 2 1 3 2024 2083 2084 2025
2110 3 2 1 3 2025 2084 2085 2026
2111 3 2 1 3 2026 2085 2086 2027
2112 3 2 1 3 2027 2086 173 174
2113 3 2 1 3 222 223 2087 2028
2114 3 2 1 3 2028 2087 2088 2029
2115 3 2 1 3 2029 2088 2089 2030
2116 3 2 1 3 2030 2089 2090 2031
2117 3 2 1 3 2031 2090 2091 2032
2118 3 2 1 3 2032 2091 2092 2033
2119 3 2 1 3 2033 2092 2093 2034
2120 3 2 1 3 2034 2093 2094 2035
2121 3 2 1 3 2035 2094 2095 2036
2122 3 2 1 3 2036 2095 2096 2037
2123 3 2 1 3 2037 2096 2097 2038
2124 3 2 1 3 2038 2097 2098 2039
2125 3 2 1 3 2039 2098 2099 2040
2126 3 2 1 3 2040 2099 2100 2041
2127 3 2 1 3 2041 2100 2101 2042
2128 3 2 1 3 2042 2101 2102 2043
2129 3 2 1 3 2043 2102 2103 2044
2130 3 2 1 3 2044 2103 2104 2045
2131 3 2 1 3 2045 2104 2105 2046
2132 3 2 1 3 2046 2105 2106 2047
2133 3 2 1 3 2047 2106 2107 2048
2134 3 2 1 3 2048 2107 2108 2049
2135 3 2 1 3 2049 2108 2109 2050
2136 3 2 1 3 2050 2109 2110 2051
2137 3 2 1 3 2051 2110 2111 2052
2138 3 2 1 3 2052 2111 2112 2053
2139 3 2 1 3 2053 2112 2113 2054
2140 3 2 1 3 2054 2113 2114 2055
2141 3 2 1 3 2055 2114 2115 2056
2142 3 2 1 3 2056 2115 2116 2057
2143 3 2 1 3 2057 2116 2117 2058
2144 3 2 1 3 2058 2117 2118 2059
2145 3 2 1 3 2059 2118 2119 2060
2146 3 2 1 3 2060 2119 2120 2061
2147 3 2 1 3 2061 2120 2121 2062
2148 3 2 1 3 2062 2121 2122 2063
2149 3 2 1 3 2063 2122 2123 2064
2150 3 2 1 3 2064 2123 2124 2065
2151 3 2 1 3 2065 2124 2125 2066
2152 3 2 1 3 2066 2125 2126 2067
2153 3 2 1 3 2067 2126 2127 2068
2154 3 2 1 3 2068 2127 2128 2069
2155 3 2 1 3 2069 2128 2129 2070
2156 3 2 1 3 2070 2129 2130 2071
2157 3 2 1 3 2071 2130 2131 2072
2158 3 2 1 3 2072 2131 2132 2073
2159 3 2 1 3 2073 2132 2133 2074
2160 3 2 1 3 2074 2133 2134 2075
2161 3 2 1 3 2075 2134 2135 2076
2162 3 2 1 3 2076 2135 2136 2077
2163 3 2 1 3 2077 2136 2137 2078
2164 3 2 1 3 2078 2137 2138 2079
2165 3 2 1 3 2079 2138 2139 2080
2166 3 2 1 3 2080 2139 2140 2081
2167 3 2 1 3 2081 2140 2141 2082
2168 3 2 1 3 2082 2141 2142 2083
2169 3 2 1 3 2083 2142 2143 2084
2170 3 2 1 3 2084 2143 2144 2085
2171 3 2 1 3 2085 2144 2145 2086
2172 3 2 1 3 2086 2145 172 173
2173 3 2 1 3 223 224 2146 2087
2174 3 2 1 3 2087 2146 2147 2088
2175 3 2 1 3 2088 2147 2148 2089
2176 3 2 1 3 2089 2148 2149 2090
2177 3 2 1 3 2090 2149 2150 2091
2178 3 2 1 3 2091 2150 2151 2092
2179 3 2 1 3 2092 2151 2152 2093
2180 3 2 1 3 2093 2152 2153 2094
2181 3 2 1 3 2094 2153 2154 2095
2182 3 2 1 3 2095 2154 2155 2096
2183 3 2 1 3 2096 2155 2156 2097
2184 3 2 1 3 2097 2156 2157 2098
2185 3 2 1 3 2098 2157 2158 2099
2186 3 2 1 3 2099 2158 2159 2100
2187 3 2 1 3 2100 2159 2160 2101
2188 3 2 1 3 2101 2160 2161 2102
2189 3 2 1 3 2102 2161 2162 2103
2190 3 2 1 3 2103 2162 2163 2104
2191 3 2 1 3 2104 2163 2164 2105
2192 3 2 1 3 2105 2164 2165 2106
2193 3 2 1 3 2106 2165 2166 2107
2194 3 2 1 3 2107 2166 2167 2108
2195 3 2 1 3 2108 2167 2168 2109
2196 3 2 1 3 2109 2168 2169 2110
2197 3 2 1 3 2110 2169 2170 2111
2198 3 2 1 3 2111 2170 2171 2112
2199 3 2 1 3 2112 2171 2172 2113
2200 3 2 1 3 2113 2172 2173 2114
2201 3 2 1 3 2114 2173 2174 2115
2202 3 2 1 3 2115 2174 2175 2116
2203 3 2 1 3 2116 2175 2176 2117
2204 3 2 1 3 2117 2176 2177 2118
2205 3 2 1 3 2118 2177 2178 2119
2206 3 2 1 3 2119 2178 2179 2120
2207 3 2 1 3 2120 2179 2180 2121
2208 3 2 1 3 2121 2180 2181 2122
2209 3 2 1 3 2122 2181 2182 2123
2210 3 2 1 3 2123 2182 2183 2124
2211 3 2 1 3 2124 2183 2184 2125
2212 3 2 1 3 2125 2184 2185 2126
2213 3 2 1 3 2126 2185 2186 2127
2214 3 2 1 3 2127 2186 2187 2128
2215 3 2 1 3 2128 2187 2188 2129
2216 3 2 1 3 2129 2188 2189 2130
2217 3 2 1 3 2130 2189 2190 2131
2218 3 2 1 3 2131 2190 2191 2132
2219 3 2 1 3 2132 2191 2192 2133
2220 3 2 1 3 2133 2192 2193 2134
2221 3 2 1 3 2134 2193 2194 2135
2222 3 2 1 3 2135 2194 2195 2136
2223 3 2 1 3 2136 2195 2196 2137
2224 3 2 1 3 2137 2196 2197 2138
2225 3 2 1 3 2138 2197 2198 2139
2226 3 2 1 3 2139 2198 2199 2140
2227 3 2 1 3 2140 2199 2200 2141
2228 3 2 1 3 2141 2200 2201 2142
2229 3 2 1 3 2142 2201 2202 2143
2230 3 2 1 3 2143 2202 2203 2144
2231 3 2 1 3 2144 2203 2204 2145
2232 3 2 1 3 2145 2204 171 172
2233 3 2 1 3 224 225 2205 2146
2234 3 2 1 3 2146 2205 2206 2147
2235 3 2 1 3 2147 2206 2207 2148
2236 3 2 1 3 2148 2207 2208 2149
2237 3 2 1 3 2149 2208 2209 2150
2238 3 2 1 3 2150 2209 2210 2151
2239 3 2 1 3 2151 2210 2211 2152
2240 3 2 1 3 2152 2211 2212 2153
2241 3 2 1 3 2153 2212 2213 2154
2242 3 2 1 3 2154 2213 2214 2155
2243 3 2 1 3 2155 2214 2215 2156
2244 3 2 1 3 2156 2215 2216 2157
2245 3 2 1 3 2157 2216 2217 2158
2246 3 2 1 3 2158 2217 2218 2159
2247 3 2 1 3 2159 2218 2219 2160
2248 3 2 1 3 2160 2219 2220 2161
2249 3 2 1 3 2161 2220 2221 2162
2250 3 2 1 3 2162 2221 2222 2163
2251 3 2 1 3 2163 2222 2223 2164
2252 3 2 1 3 2164 2223 2224 2165
2253 3 2 1 3 2165 2224 2225 2166
2254 3 2 1 3 2166 2225 2226 2167
2255 3 2 1 3 2167 2226 2227 2168
2256 3 2 1 3 2168 2227 2228 2169
2257 3 2 1 3 2169 2228 2229 2170
2258 3 2 1 3 2170 2229 2230 2171
2259 3 2 1 3 2171 2230 2231 2172
2260 3 2 1 3 2172 2231 2232 2173
2261 3 2 1 3 2173 2232 2233 2174
2262 3 2 1 3 2174 2233 2234 2175
2263 3 2 1 3 2175 2234 2235 2176
2264 3 2 1 3 2176 2235 2236 2177
2265 3 2 1 3 2177 2236 2237 2178
2266 3 2 1 3 2178 2237 2238 2179
2267 3 2 1 3 2179 2238 2239 2180
2268 3 2 1 3 2180 2239 2240 2181
2269 3 2 1 3 2181 2240 2241 2182
2270 3 2 1 3 2182 2241 2242 2183
2271 3 2 1 3 2183 2242 2243 2184
2272 3 2 1 3 2184 2243 2244 2185
2273 3 2 1 3 2185 2244 2245 2186
2274 3 2 1 3 2186 2245 2246 2187
2275 3 2 1 3 2187 2246 2247 2188
2276 3 2 1 3 2188 2247 2248 2189
2277 3 2 1 3 2189 2248 2249 2190
2278 3 2 1 3 2190 2249 2250 2191
2279 3 2 1 3 2191 2250 2251 2192
2280 3 2 1 3 2192 2251 2252 2193
2281 3 2 1 3 2193 2252 2253 2194
2282 3 2 1 3 2194 2253 2254 2195
2283 3 2 1 3 2195 2254 2255 2196
2284 3 2 1 3 2196 2255 2256 2197
2285 3 2 1 3 2197 2256 2257 2198
2286 3 2 1 3 2198 2257 2258 2199
2287 3 2 1 3 2199 2258 2259 2200
2288 3 2 1 3 2200 2259 2260 2201
2289 3 2 1 3 2201 2260 2261 2202
2290 3 2 1 3 2202 2261 2262 2203
2291 3 2 1 3 2203 2262 2263 2204
2292 3 2 1 3 2204 2263 170 171
2293 3 2 1 3 225 226 2264 2205
2294 3 2 1 3 2205 2264 2265 2206
2295 3 2 1 3 2206 2265 2266 2207
2296 3 2 1 3 2207 2266 2267 2208
2297 3 2 1 3 2208 2267 2268 2209
2298 3 2 1 3 2209 2268 2269 2210
2299 3 2 1 3 2210 2269 2270 2211
2300 3 2 1 3 2211 2270 2271 2212
2301 3 2 1 3 2212 2271 2272 2213
2302 3 2 1 3 2213 2272 2273 2214
2303 3 2 1 3 2214 2273 2274 2215
2304 3 2 1 3 2215 2274 2275 2216
2305 3 2 1 3 2216 2275 2276 2217
2306 3 2 1 3 2217 2276 2277 2218
2307 3 2 1 3 2218 2277 2278 2219
2308 3 2 1 3 2219 2278 2279 2220
2309 3 2 1 3 2220 2279 2280 2221
2310 3 2 1 3 2221 2280 2281 2222
2311 3 2 1 3 2222 2281 2282 2223
2312 3 2 1 3 2223 2282 2283 2224
2313 3 2 1 3 2224 2283 2284 2225
2314 3 2 1 3 2225 2284 2285 2226
2315 3 2 1 3 2226 2285 2286 2227
2316 3 2 1 3 2227 2286 2287 2228
2317 3 2 1 3 2228 2287 2288 2229
2318 3 2 1 3 2229 2288 2289 2230
2319 3 2 1 3 2230 2289 2290 2231
2320 3 2 1 3 2231 2290 2291 2232
2321 3 2 1 3 2232 2291 2292 2233
2322 3 2 1 3 2233 2292 2293 2234
2323 3 2 1 3 2234 2293 2294 2235
2324 3 2 1 3 2235 2294 2295 2236
2325 3 2 1 3 2236 2295 2296 2237
2326 3 2 1 3 2237 2296 2297 2238
2327 3 2 1 3 2238 2297 2298 2239
2328 3 2 1 3 2239 2298 2299 2240
2329 3 2 1 3 2240 2299 2300 2241
2330 3 2 1 3 2241 2300 2301 2242
2331 3 2 1 3 2242 2301 2302 2243
2332 3 2 1 3 2243 2302 2303 2244
2333 3 2 1 3 2244 2303 2304 2245
2334 3 2 1 3 2245 2304 2305 2246
2335 3 2 1 3 2246 2305 2306 2247
2336 3 2 1 3 2247 2306 2307 2248
2337 3 2 1 3 2248 2307 2308 2249
2338 3 2 1 3 2249 2308 2309 2250
2339 3 2 1 3 2250 2309 2310 2251
2340 3 2 1 3 2251 2310 2311 2252
2341 3 2 1 3 2252 2311 2312 2253
2342 3 2 1 3 2253 2312 2313 2254
2343 3 2 1 3 2254 2313 2314 2255
2344 3 2 1 3 2255 2314 2315 2256
2345 3 2 1 3 2256 2315 2316 2257
2346 3 2 1 3 2257 2316 2317 2258
2347 3 2 1 3 2258 2317 2318 2259
2348 3 2 1 3 2259 2318 2319 2260
2349 3 2 1 3 2260 2319 2320 2261
2350 3 2 1 3 2261 2320 2321 2262
2351 3 2 1 3 2262 2321 2322 2263
2352 3 2 1 3 2263 2322 169 170
2353 3 2 1 3 226 227 2323 2264
2354 3 2 1 3 2264 2323 2324 2265
2355 3 2 1 3 2265 2324 2325 2266
2356 3 2 1 3 2266 2325 2326 2267
2357 3 2 1 3 2267 2326 2327 2268
2358 3 2 1 3 2268 2327 2328 2269
2359 3 2 1 3 2269 2328 2329 2270
2360 3 2 1 3 2270 2329 2330 2271
2361 3 2 1 3 2271 2330 2331 2272
2362 3 2 1 3 2272 2331 2332 2273
2363 3 2 1 3 2273 2332 2333 2274
2364 3 2 1 3 2274 2333 2334 2275
2365 3 2 1 3 2275 2334 2335 2276
2366 3 2 1 3 2276 2335 2336 2277
2367 3 2 1 3 2277 2336 2337 2278
2368 3 2 1 3 2278 2337 2338 2279
2369 3 2 1 3 2279 2338 2339 2280
2370 3 2 1 3 2280 2339 2340 2281
2371 3 2 1 3 2281 2340 2341 2282
2372 3 2 1 3 2282 2341 2342 2283
2373 3 2 1 3 2283 2342 2343 2284
2374 3 2 1 3 2284 2343 2344 2285
2375 3 2 1 3 2285 2344 2345 2286
2376 3 2 1 3 2286 2345 2346 2287
2377 3 2 1 3 2287 2346 2347 2288
2378 3 2 1 3 2288 2347 2348 2289
2379 3 2 1 3 2289 2348 2349 2290
2380 3 2 1 3 2290 2349 2350 2291
2381 3 2 1 3 2291 2350 2351 2292
2382 3 2 1 3 2292 2351 2352 2293
2383 3 2 1 3 2293 2352 2353 2294
2384 3 2 1 3 2294 2353 2354 2295
2385 3 2 1 3 2295 2354 2355 2296
2386 3 2 1 3 2296 2355 2356 2297
2387 3 2 1 3 2297 2356 2357 2298
2388 3 2 1 3 2298 2357 2358 2299
2389 3 2 1 3 2299 2358 2359 2300
2390 3 2 1 3 2300 2359 2360 2301
2391 3 2 1 3 2301 2360 2361 2302
2392 3 2 1 3 2302 2361 2362 2303
2393 3 2 1 3 2303 2362 2363 2304
2394 3 2 1 3 2304 2363 2364 2305
2395 3 2 1 3 2305 2364 2365 2306
2396 3 2 1 3 2306 2365 2366 2307
2397 3 2 1 3 2307 2366 2367 2308
2398 3 2 1 3 2308 2367 2368 2309
2399 3 2 1 3 2309 2368 2369 2310
2400 3 2 1 3 2310 2369 2370 2311
2401 3 2 1 3 2311 2370 2371 2312
2402 3 2 1 3 2312 2371 2372 2313
2403 3 2 1 3 2313 2372 2373 2314
2404 3 2 1 3 2314 2373 2374 2315
2405 3 2 1 3 2315 2374 2375 2316
2406 3 2 1 3 2316 2375 2376 2317
2407 3 2 1 3 2317 2376 2377 2318
2408 3 2 1 3 2318 2377 2378 2319
2409 3 2 1 3 2319 2378 2379 2320
2410 3 2 1 3 2320 2379 2380 2321
2411 3 2 1 3 2321 2380 2381 2322
2412 3 2 1 3 2322 2381 168 169
2413 3 2 1 3 227 228 2382 2323
2414 3 2 1 3 2323 2382 2383 2324
2415 3 2 1 3 2324 2383 2384 2325
2416 3 2 1 3 2325 2384 2385 2326
2417 3 2 1 3 2326 2385 2386 2327
2418 3 2 1 3 2327 2386 2387 2328
2419 3 2 1 3 2328 2387 2388 2329
2420 3 2 1 3 2329 2388 2389 2330
2421 3 2 1 3 2330 2389 2390 2331
2422 3 2 1 3 2331 2390 2391 2332
2423 3 2 1 3 2332 2391 2392 2333
2424 3 2 1 3 2333 2392 2393 2334
2425 3 2 1 3 2334 2393 2394 2335
2426 3 2 1 3 2335 2394 2395 2336
2427 3 2 1 3 2336 2395 2396 2337
2428 3 2 1 3 2337 2396 2397 2338
2429 3 2 1 3 2338 2397 2398 2339
2430 3 2 1 3 2339 2398 2399 2340
2431 3 2 1 3 2340 2399 2400 2341
2432 3 2 1 3 2341 2400 2401 2342
2433 3 2 1 3 2342 2401 2402 2343
2434 3 2 1 3 2343 2402 2403 2344
2435 3 2 1 3 2344 2403 2404 2345
2436 3 2 1 3 2345 2404 2405 2346
2437 3 2 1 3 2346 2405 2406 2347
2438 3 2 1 3 2347 2406 2407 2348
2439 3 2 1 3 2348 2407 2408 2349
2440 3 2 1 3 2349 2408 2409 2350
2441 3 2 1 3 2350 2409 2410 2351
2442 3 2 1 3 2351 2410 2411 2352
2443 3 2 1 3 2352 2411 2412 2353
2444 3 2 1 3 2353 2412 2413 2354
2445 3 2 1 3 2354 2413 2414 2355
2446 3 2 1 3 2355 2414 2415 2356
2447 3 2 1 3 2356 2415 2416 2357
2448 3 2 1 3 2357 2416 2417 2358
2449 3 2 1 3 2358 2417 2418 2359
2450 3 2 1 3 2359 2418 2419 2360
2451 3 2 1 3 2360 2419 2420 2361
2452 3 2 1 3 2361 2420 2421 2362
2453 3 2 1 3 2362 2421 2422 2363
2454 3 2 1 3 2363 2422 2423 2364
2455 3 2 1 3 2364 2423 2424 2365
2456 3 2 1 3 2365 2424 2425 2366
2457 3 2 1 3 2366 2425 2426 2367
2458 3 2 1 3 2367 2426 2427 2368
2459 3 2 1 3 2368 2427 2428 2369
2460 3 2 1 3 2369 2428 2429 2370
2461 3 2 1 3 2370 2429 2430 2371
2462 3 2 1 3 2371 2430 2431 2372
2463 3 2 1 3 2372 2431 2432 2373
2464 3 2 1 3 2373 2432 2433 2374
2465 3 2 1 3 2374 2433 2434 2375
2466 3 2 1 3 2375 2434 2435 2376
2467 3 2 1 3 2376 2435 2436 2377
2468 3 2 1 3 2377 2436 2437 2378
2469 3 2 1 3 2378 2437 2438 2379
2470 3 2 1 3 2379 2438 2439 2380
2471 3 2 1 3 2380 2439 2440 2381
2472 3 2 1 3 2381 2440 167 168
2473 3 2 1 3 228 229 2441 2382
2474 3 2 1 3 2382 2441 2442 2383
2475 3 2 1 3 2383 2442 2443 2384
2476 3 2 1 3 2384 2443 2444 2385
2477 3 2 1 3 2385 2444 2445 2386
2478 3 2 1 3 2386 2445 2446 2387
2479 3 2 1 3 2387 2446 2447 2388
2480 3 2 1 3 2388 2447 2448 2389
2481 3 2 1 3 2389 2448 2449 2390
2482 3 2 1 3 2390 2449 2450 2391
2483 3 2 1 3 2391 2450 2451 2392
2484 3 2 1 3 2392 2451 2452 2393
2485 3 2 1 3 2393 2452 2453 2394
2486 3 2 1 3 2394 2453 2454 2395
2487 3 2 1 3 2395 2454 2455 2396
2488 3 2 1 3 2396 2455 2456 2397
2489 3 2 1 3 2397 2456 2457 2398
2490 3 2 1 3 2398 2457 2458 2399
2491 3 2 1 3 2399 2458 2459 2400
2492 3 2 1 3 2400 2459 2460 2401
2493 3 2 1 3 2401 2460 2461 2402
2494 3 2 1 3 2402 2461 2462 2403
2495 3 2 1 3 2403 2462 2463 2404
2496 3 2 1 3 2404 2463 2464 2405
2497 3 2 1 3 2405 2464 2465 2406
2498 3 2 1 3 2406 2465 2466 2407
2499 3 2 1 3 2407 2466 2467 2408
2500 3 2 1 3 2408 2467 2468 2409
2501 3 2 1 3 2409 2468 2469 2410
2502 3 2 1 3 2410 2469 2470 2411
2503 3 2 1 3 2411 2470 2471 2412
2504 3 2 1 3 2412 2471 2472 2413
2505 3 2 1 3 2413 2472 2473 2414
2506 3 2 1 3 2414 2473 2474 2415
2507 3 2 1 3 2415 2474 2475 2416
2508 3 2 1 3 2416 2475 2476 2417
2509 3 2 1 3 2417 2476 2477 2418
2510 3 2 1 3 2418 2477 2478 2419
2511 3 2 1 3 2419 2478 2479 2420
2512 3 2 1 3 2420 2479 2480 2421
2513 3 2 1 3 2421 2480 2481 2422
2514 3 2 1 3 2422 2481 2482 2423
2515 3 2 1 3 2423 2482 2483 2424
2516 3 2 1 3 2424 2483 2484 2425
2517 3 2 1 3 2425 2484 2485 2426
2518 3 2 1 3 2426 2485 2486 2427
2519 3 2 1 3 2427 2486 2487 2428
2520 3 2 1 3 2428 2487 2488 2429
2521 3 2 1 3 2429 2488 2489 2430
2522 3 2 1 3 2430 2489 2490 2431
2523 3 2 1 3 2431 2490 2491 2432
2524 3 2 1 3 2432 2491 2492 2433
2525 3 2 1 3 2433 2492 2493 2434
2526 3 2 1 3 2434 2493 2494 2435
2527 3 2 1 3 2435 2494 2495 2436
2528 3 2 1 3 2436 2495 2496 2437
2529 3 2 1 3 2437 2496 2497 2438
2530 3 2 1 3 2438 2497 2498 2439
2531 3 2 1 3 2439 2498 2499 2440
2532 3 2 1 3 2440 2499 166 167
2533 3 2 1 3 229 230 2500 2441
2534 3 2 1 3 2441 2500 2501 2442
2535 3 2 1 3 2442 2501 2502 2443
2536 3 2 1 3 2443 2502 2503 2444
2537 3 2 1 3 2444 2503 2504 2445
2538 3 2 1 3 2445 2504 2505 2446
2539 3 2 1 3 2446 2505 2506 2447
2540 3 2 1 3 2447 2506 2507 2448
2541 3 2 1 3 2448 2507 2508 2449
2542 3 2 1 3 2449 2508 2509 2450
2543 3 2 1 3 2450 2509 2510 2451
2544 3 2 1 3 2451 2510 2511 2452
2545 3 2 1 3 2452 2511 2512 2453
2546 3 2 1 3 2453 2512 2513 2454
2547 3 2 1 3 2454 2513 2514 2455
2548 3 2 1 3 2455 2514 2515 2456
2549 3 2 1 3 2456 2515 2516 2457
2550 3 2 1 3 2457 2516 2517 2458
2551 3 2 1 3 2458 2517 2518 2459
2552 3 2 1 3 2459 2518 2519 2460
2553 3 2 1 3 2460 2519 2520 2461
2554 3 2 1 3 2461 2520 2521 2462
2555 3 2 1 3 2462 2521 2522 2463
2556 3 2 1 3 2463 2522 2523 2464
2557 3 2 1 3 2464 2523 2524 2465
2558 3 2 1 3 2465 2524 2525 2466
2559 3 2 1 3 2466 2525 2526 2467
2560 3 2 1 3 2467 2526 2527 2468
2561 3 2 1 3 2468 2527 2528 2469
2562 3 2 1 3 2469 2528 2529 2470
2563 3 2 1 3 2470 2529 2530 2471
2564 3 2 1 3 2471 2530 2531 2472
2565 3 2 1 3 2472 2531 2532 2473
2566 3 2 1 3 2473 2532 2533 2474
2567 3 2 1 3 2474 2533 2534 2475
2568 3 2 1 3 2475 2534 2535 2476
2569 3 2 1 3 2476 2535 2536 2477
2570 3 2 1 3 2477 2536 2537 2478
2571 3 2 1 3 2478 2537 2538 2479
2572 3 2 1 3 2479 2538 2539 2480
2573 3 2 1 3 2480 2539 2540 2481
2574 3 2 1 3 2481 2540 2541 2482
2575 3 2 1 3 2482 2541 2542 2483
2576 3 2 1 3 2483 2542 2543 2484
2577 3 2 1 3 2484 2543 2544 2485
2578 3 2 1 3 2485 2544 2545 2486
2579 3 2 1 3 2486 2545 2546 2487
2580 3 2 1 3 2487 2546 2547 2488
2581 3 2 1 3 2488 2547 2548 2489
2582 3 2 1 3 2489 2548 2549 2490
2583 3 2 1 3 2490 2549 2550 2491
2584 3 2 1 3 2491 2550 2551 2492
2585 3 2 1 3 2492 2551 2552 2493
2586 3 2 1 3 2493 2552 2553 2494
2587 3 2 1 3 2494 2553 2554 2495
2588 3 2 1 3 2495 2554 2555 2496
2589 3 2 1 3 2496 2555 2556 2497
2590 3 2 1 3 2497 2556 2557 2498
2591 3 2 1 3 2498 2557 2558 2499
2592 3 2 1 3 2499 2558 165 166
2593 3 2 1 3 230 231 2559 2500
2594 3 2 1 3 2500 2559 2560 2501
2595 3 2 1 3 2501 2560 2561 2502
2596 3 2 1 3 2502 2561 2562 2503
2597 3 2 1 3 2503 2562 2563 2504
2598 3 2 1 3 2504 2563 2564 2505
2599 3 2 1 3 2505 2564 2565 2506
2600 3 2 1 3 2506 2565 2566 2507
2601 3 2 1 3 2507 2566 2567 2508
2602 3 2 1 3 2508 2567 2568 2509
2603 3 2 1 3 2509 2568 2569 2510
2604 3 2 1 3 2510 2569 2570 2511
2605 3 2 1 3 2511 2570 2571 2512
2606 3 2 1 3 2512 2571 2572 2513
2607 3 2 1 3 2513 2572 2573 2514
2608 3 2 1 3 2514 2573 2574 2515
2609 3 2 1 3 2515 2574 2575 2516
2610 3 2 1 3 2516 2575 2576 2517
2611 3 2 1 3 2517 2576 2577 2518
2612 3 2 1 3 2518 2577 2578 2519
2613 3 2 1 3 2519 2578 2579 2520
2614 3 2 1 3 2520 2579 2580 2521
2615 3 2 1 3 2521 2580 2581 2522
2616 3 2 1 3 2522 2581 2582 2523
2617 3 2 1 3 2523 2582 2583 2524
2618 3 2 1 3 2524 2583 2584 2525
2619 3 2 1 3 2525 2584 2585 2526
2620 3 2 1 3 2526 2585 2586 2527
2621 3 2 1 3 2527 2586 2587 2528
2622 3 2 1 3 2528 2587 2588 2529
2623 3 2 1 3 2529 2588 2589 2530
2624 3 2 1 3 2530 2589 2590 2531
2625 3 2 1 3 2531 2590 2591 2532
2626 3 2 1 3 2532 2591 2592 2533
2627 3 2 1 3 2533 2592 2593 2534
2628 3 2 1 3 2534 2593 2594 2535
2629 3 2 1 3 2535 2594 2595 2536
2630 3 2 1 3 2536 2595 2596 2537
2631 3 2 1 3 2537 2596 2597 2538
2632 3 2 1 3 2538 2597 2598 2539
2633 3 2 1 3 2539 2598 2599 2540
2634 3 2 1 3 2540 2599 2600 2541
2635 3 2 1 3 2541 2600 2601 2542
2636 3 2 1 3 2542 2601 2602 2543
2637 3 2 1 3 2543 2602 2603 2544
2638 3 2 1 3 2544 2603 2604 2545
2639 3 2 1 3 2545 2604 2605 2546
2640 3 2 1 3 2546 2605 2606 2547
2641 3 2 1 3 2547 2606 2607 2548
2642 3 2 1 3 2548 2607 2608 2549
2643 3 2 1 3 2549 2608 2609 2550
2644 3 2 1 3 2550 2609 2610 2551
2645 3 2 1 3 2551 2610 2611 2552
2646 3 2 1 3 2552 2611 2612 2553
2647 3 2 1 3 2553 2612 2613 2554
2648 3 2 1 3 2554 2613 2614 2555
2649 3 2 1 3 2555 2614 2615 2556
2650 3 2 1 3 2556 2615 2616 2557
2651 3 2 1 3 2557 2616 2617 2558
2652 3 2 1 3 2558 2617 164 165
2653 3 2 1 3 231 2 87 2559
2654 3 2 1 3 2559 87 86 2560
2655 3 2 1 3 2560 86 85 2561
2656 3 2 1 3 2561 85 84 2562
2657 3 2 1 3 2562 84 83 2563
2658 3 2 1 3 2563 83 82 2564
2659 3 2 1 3 2564 82 81 2565
2660 3 2 1 3 2565 81 80 2566
2661 3 2 1 3 2566 80 79 2567
2662 3 2 1 3 2567 79 78 2568
2663 3 2 1 3 2568 78 77 2569
2664 3 2 1 3 2569 77 76 2570
2665 3 2 1 3 2570 76 75 2571
2666 3 2 1 3 2571 75 74 2572
2667 3 2 1 3 2572 74 73 2573
2668 3 2 1 3 2573 73 72 2574
2669 3 2 1 3 2574 72 71 2575
2670 3 2 1 3 2575 71 70 2576
2671 3 2 1 3 2576 70 69 2577
2672 3 2 1 3 2577 69 68 2578
2673 3 2 1 3 2578 68 67 2579
2674 3 2 1 3 2579 67 66 2580
2675 3 2 1 3 2580 66 65 2581
2676 3 2 1 3 2581 65 64 2582
2677 3 2 1 3 2582 64 63 2583
2678 3 2 1 3 2583 63 62 2584
2679 3 2 1 3 2584 62 61 2585
2680 3 2 1 3 2585 61 60 2586
2681 3 2 1 3 2586 60 59 2587
2682 3 2 1 3 2587 59 58 2588
2683 3 2 1 3 2588 58 57 2589
2684 3 2 1 3 2589 57 56 2590
2685 3 2 1 3 2590 56 55 2591
2686 3 2 1 3 2591 55 54 2592
2687 3 2 1 3 2592 54 53 2593
2688 3 2 1 3 2593 53 52 2594
2689 3 2 1 3 2594 52 51 2595
2690 3 2 1 3 2595 51 50 2596
2691 3 2 1 3 2596 50 49 2597
2692 3 2 1 3 2597 49 48 2598
2693 3 2 1 3 2598 48 47 2599
2694 3 2 1 3 2599 47 46 2600
2695 3 2 1 3 2600 46 45 2601
2696 3 2 1 3 2601 45 44 2602
2697 3 2 1 3 2602 44 43 2603
2698 3 2 1 3 2603 43 42 2604
2699 3 2 1 3 2604 42 41 2605
2700 3 2 1 3 2605 41 40 2606
2701 3 2 1 3 2606 40 39 2607
2702 3 2 1 3 2607 39 38 2608
2703 3 2 1 3 2608 38 37 2609
2704 3 2 1 3 2609 37 36 2610
2705 3 2 1 3 2610 36 35 2611
2706 3 2 1 3 2611 35 34 2612
2707 3 2 1 3 2612 34 33 2613
2708 3 2 1 3 2613 33 32 2614
2709 3 2 1 3 2614 32 31 2615
2710 3 2 1 3 2615 31 30 2616
2711 3 2 1 3 2616 30 29 2617
2712 3 2 1 3 2617 29 1 164
2713 3 2 2 4 8 291 2618 322
2714 3 2 2 4 322 2618 2619 321
2715 3 2 2 4 321 2619 2620 320
2716 3 2 2 4 320 2620 2621 319
2717 3 2 2 4 319 2621 2622 318
2718 3 2 2 4 318 2622 317 11
2719 3 2 2 4 291 292 2623 2618
2720 3 2 2 4 2618 2623 2624 2619
2721 3 2 2 4 2619 2624 2625 2620
2722 3 2 2 4 2620 2625 2626 2621
2723 3 2 2 4 2621 2626 2627 2622
2724 3 2 2 4 2622 2627 316 317
2725 3 2 2 4 292 293 2628 2623
2726 3 2 2 4 2623 2628 2629 2624
2727 3 2 2 4 2624 2629 2630 2625
2728 3 2 2 4 2625 2630 2631 2626
2729 3 2 2 4 2626 2631 2632 2627
2730 3 2 2 4 2627 2632 315 316
2731 3 2 2 4 293 294 2633 2628
2732 3 2 2 4 2628 2633 2634 2629
2733 3 2 2 4 2629 2634 2635 2630
2734 3 2 2 4 2630 2635 2636 2631
2735 3 2 2 4 2631 2636 2637 2632
2736 3 2 2 4 2632 2637 314 315
2737 3 2 2 4 294 295 2638 2633
2738 3 2 2 4 2633 2638 2639 2634
2739 3 2 2 4 2634 2639 2640 2635
2740 3 2 2 4 2635 2640 2641 2636
2741 3 2 2 4 2636 2641 2642 2637
2742 3 2 2 4 2637 2642 313 314
2743 3 2 2 4 295 296 2643 2638
2744 3 2 2 4 2638 2643 2644 2639
2745 3 2 2 4 2639 2644 2645 2640
2746 3 2 2 4 2640 2645 2646 2641
2747 3 2 2 4 2641 2646 2647 2642
2748 3 2 2 4 2642 2647 312 313
2749 3 2 2 4 296 297 2648 2643
2750 3 2 2 4 2643 2648 2649 2644
2751 3 2 2 4 2644 2649 2650 2645
2752 3 2 2 4 2645 2650 2651 2646
2753 3 2 2 4 2646 2651 2652 2647
2754 3 2 2 4 2647 2652 311 312
2755 3 2 2 4 297 298 2653 2648
2756 3 2 2 4 2648 2653 2654 2649
2757 3 2 2 4 2649 2654 2655 2650
2758 3 2 2 4 2650 2655 2656 2651
2759 3 2 2 4 2651 2656 2657 2652
2760 3 2 2 4 2652 2657 310 311
2761 3 2 2 4 298 299 2658 2653
2762 3 2 2 4 2653 2658 2659 2654
2763 3 2 2 4 2654 2659 2660 2655
2764 3 2 2 4 2655 2660 2661 2656
2765 3 2 2 4 2656 2661 2662 2657
2766 3 2 2 4 2657 2662 309 310
2767 3 2 2 4 299 300 2663 2658
2768 3 2 2 4 2658 2663 2664 2659
2769 3 2 2 4 2659 2664 2665 2660
2770 3 2 2 4 2660 2665 2666 2661
2771 3 2 2 4 2661 2666 2667 2662
2772 3 2 2 4 2662 2667 308 309
2773 3 2 2 4 300 301 2668 2663
2774 3 2 2 4 2663 2668 2669 2664
2775 3 2 2 4 2664 2669 2670 2665
2776 3 2 2 4 2665 2670 2671 2666
2777 3 2 2 4 2666 2671 2672 2667
2778 3 2 2 4 2667 2672 307 308
2779 3 2 2 4 301 9 302 2668
2780 3 2 2 4 2668 302 303 2669
2781 3 2 2 4 2669 303 304 2670
2782 3 2 2 4 2670 304 305 2671
2783 3 2 2 4 2671 305 306 2672
2784 3 2 2 4 2672 306 10 307
$EndElements
